,criterios:Guardian,espectral:Guardian,criterios:Sentinel,espectral:Sentinel,criterios:Pragmatist,espectral:Pragmatist,criterios:Analyst,espectral:Analyst,criterios:Strategist,espectral:Strategist,criterios:Adventurer,espectral:Adventurer,criterios:Innovator,espectral:Innovator,criterios:Visionary,espectral:Visionary,1/N,Markowitz
2016-02-26,0.007000857259319941,0.009767191964467455,0.007720144514341265,0.00895365866065876,0.007337957820125851,0.009556192850223473,0.007872739653363627,0.01947592129956639,0.007859374279331519,0.01947592129956639,0.0078438699417492,0.01787749697500367,0.007826459284186082,0.017877496975003668,0.007766013383775492,0.005779341972268382,0.0141803659022622,0.006027689335687169
2016-02-29,0.0020545065507862835,-0.0017096393964862039,0.00260206831437993,-0.0017803742407302289,0.0013945042131408203,-0.002005509022358776,0.0005863206870426798,-0.0012243361156759505,0.000630264231008828,-0.0012243361156759505,0.0006767336802997847,-0.0037909012167156495,0.0007254465277557304,-0.003790901216715625,0.0008796175438489995,-0.011001407833022626,-0.0013636507496058775,-0.0015918591420709036
2016-03-02,0.008670967673978845,0.00045839681403883896,0.004324365464383393,0.00014530506712314063,0.0023529540012908077,0.0028436207674163265,0.0013442426022638875,-8.860692416307053e-05,0.0013659573372201451,-8.860692416306956e-05,0.001387314749295911,0.002166369155948402,0.0014083455478323327,0.0021663691559483697,0.0014686395251869867,0.02170353825704529,0.006756165067357668,-0.0008197141876683028
2016-03-03,0.008921769657750676,0.009616530679816649,0.012747849393938741,0.00952395330113442,0.010360550614000617,0.011942296790553779,0.01027963089672412,0.016162749234152375,0.010264533558550748,0.016162749234152375,0.010249324223693384,0.015316542623195751,0.010234172120184843,0.015316542623195758,0.01019084410260615,0.03143434119949777,0.014387171543402515,0.009049449107630224
2016-03-04,0.0096554068586881,0.0022759556723140357,0.012929264991684635,0.0023760990963651984,0.00624627305837328,0.005175039825261231,0.006804967350345088,0.0014686838871420648,0.006758333626310451,0.0014686838871420665,0.006711765092593921,6.233801073026954e-05,0.006665605703277564,6.233801073027246e-05,0.006533897963163996,0.02189262272233523,0.008390165267260226,-0.00015725164576332017
2016-03-07,0.0024406404926820384,-0.004107325254362406,-0.004635902092372251,-0.004627406338622649,0.0008912571311095229,-0.004610301814892621,0.0008764725823236048,-0.007074533988060527,0.0009417311876550915,-0.007074533988060527,0.001008848094485309,-0.005410552589335824,0.0010774345249181172,-0.005410552589335835,0.0012852469844982367,0.030345876586961095,0.005155878725421979,-0.005365083920141874
2016-03-08,0.0,0.00738305190557857,0.0,0.007246372268892866,0.0042203764863434235,0.010439560439560455,0.00426655537509981,2.3679363207106712e-20,0.004307928002344774,0.0,0.0043480371101225984,6.837808611451778e-21,0.004386803844899443,0.0,0.0044931204663111075,0.0,0.0019332519332519386,0.01043956043955889
2016-03-09,-0.005996893739494641,0.0021805806189889505,-0.004273341645567721,0.001984325792404274,-0.001684453396397474,-0.0013010004244929493,-0.00040311547023125954,-0.016626442673393537,-0.00041558319482178823,-0.016626442673393537,-0.0004275024626778733,-0.015942633557068972,-0.0004389708368278028,-0.015942633557068972,-0.0004708045866806701,-0.02210210768260764,-0.0074928769431596,0.001017442657180425
2016-03-10,-0.0001956975636990726,0.0016025221039628478,-0.0011047763297805137,0.0014498476838953906,0.0008906871519130514,-0.00024272033656822217,0.0013126293629433937,-0.004610508290025494,0.0013408742272318355,-0.004610508290025495,0.0013705244737312417,-0.0036201187949466474,0.0014013146006294514,-0.0036201187949466483,0.0014967423654133013,0.0008411031704892963,0.0003501353289893218,0.0020109933858771163
2016-03-11,0.004076660171493751,-0.00026445618843824433,0.0044263083512549855,0.00020514194994415225,0.003457472710600577,0.0053041850356557,0.001221585185264689,-0.004660788020743056,0.0012499161067109604,-0.004660788020743055,0.0012778867793294803,-0.006086681665314564,0.0013055985887725436,-0.006086681665314557,0.001386343173846682,0.00033457780813843764,0.0007599939441382633,0.0027279424896638556
2016-03-14,-0.005798668120506643,-0.0025366412181963708,-0.004860088243725181,-0.0034228837143118153,-0.0054564993954624155,-0.010330521397824869,-0.0028511942611351617,0.008439149316000061,-0.002864487272649819,0.00843914931600006,-0.0028755479083799034,0.009193571044272507,-0.0028846369661147705,0.009193571044272498,-0.0029020328173994976,-0.005478216887300865,-0.0016488975454758816,-0.00862302786054946
2016-03-15,0.0,0.000958408061479421,0.0,0.000958408061479421,0.0005160133110768285,0.0,0.0004933252395458853,7.521554213021078e-21,0.0004855885456780878,9.662487647360084e-21,0.0004778844169988526,1.4959622476386636e-20,0.00047020618034255754,0.0,0.00044770148439216484,2.0097110850761567e-18,0.00017748297434804094,0.0004975915504925362
2016-03-16,-0.004015989044024122,0.004602736853023785,-0.004414159804554172,0.004326237965317918,-0.0022609864973809958,0.006557491281207567,0.000536890316291988,0.003704316270973174,0.00047275982451944686,0.0037043162709731745,0.0004028118020563364,0.0027609262225132833,0.00032758397215226385,0.0027609262225132807,8.007689906970627e-05,-0.012404799451146916,-0.004866074589855409,0.004068521359442546
2016-03-17,-0.0034941316621144793,0.0017030498778243626,-0.0011148007355018228,0.002286845766083634,0.001379404881095129,0.008688254734638533,-0.000701520788025151,-0.001323072911934742,-0.0007087160499867652,-0.001323072911934741,-0.0007194962974645593,-0.002192771993639386,-0.0007335005737608147,-0.0021927719936393826,-0.0007904260128053456,0.014771462481299055,0.00025594417801305626,0.006611531695270094
2016-03-18,0.026957537503963912,0.0027677495556415977,0.028978351633764332,0.0029816341628754,0.014946945418636299,0.015474293221083592,0.017707744868688265,0.04570490329046304,0.017808525985958154,0.04570490329046305,0.017909528322459276,0.04400059252696547,0.018010891789730074,0.04400059252696545,0.018312108451747043,0.010422374619208627,0.01890033835982403,0.005781764341366353
2016-03-22,0.006136458860243637,0.004062189491233157,0.0037772876191888628,0.004751495778800676,0.008198249680193349,0.01889769377330037,0.005450720714502614,0.009497577597435284,0.005439215965825732,0.009497577597435285,0.005419991360344437,0.007911941913622683,0.005393914658558794,0.007911941913622676,0.005284341527960781,0.01253146201029428,0.009725877031235914,0.010777968595286163
2016-03-24,0.005582554348812568,0.014340244893613317,0.013825174760890898,0.014754208339743778,0.0075999962389599746,0.016167518023474676,0.008003052295477344,0.014109781564988565,0.007993173052520935,0.014109781564988565,0.007982626043313061,0.015443516802322189,0.007971557756713916,0.015443516802322178,0.007936956699751313,0.0022942641745394604,0.007269190432508158,0.0171663549594341
2016-03-29,-0.01584421576553833,-0.008743202874455739,-0.02298763453508334,-0.010617802176091182,-0.018469194251364403,-0.025725002963671997,-0.016637722115173986,-0.012194255161427183,-0.016652207265792675,-0.012194255161427185,-0.016663341273055063,-0.008600684186495537,-0.01667173818589346,-0.00860068418649556,-0.01668489022531225,-0.020154050242644748,-0.003809575733432096,-0.01848334202961061
2016-03-31,0.01517814919104086,0.008046029406244569,0.016081463386170954,0.008393594164607204,0.017297867151359572,0.024702535406033826,0.016083646576776484,0.030409544521576428,0.016063067561845557,0.03040954452157643,0.016036334687588402,0.023981932196741655,0.01600436079289415,0.023981932196741662,0.015886527877230203,0.012740695035018049,0.01628468578803719,0.010100988454969758
2016-04-01,0.01180455293802241,0.008729257774100732,0.013587700484054614,0.008628967138212056,0.005819882615706928,-0.0024198623374075915,0.00594279105397022,0.019421673547493485,0.005957366682613218,0.01942167354749348,0.005978132586750715,0.021851962233709173,0.006004431539299965,0.021851962233709187,0.006108611371155172,0.006443848148680363,0.009470463422297896,0.006972994044781676
2016-04-04,0.0015129953823257991,-0.0013666634385873302,0.003647159547912834,-0.0012326398707703913,0.0010208745676465586,-0.0003123821419172979,-0.0002565037941072099,0.024553957498571387,-0.00022804080780943774,0.024553957498571387,-0.00019862026303379808,0.024032426084256476,-0.00016840516563429428,0.02403242608425648,-7.599286560906689e-05,-0.0011914336862080305,0.0012983557138992155,3.2824900720522774e-05
2016-04-06,-0.02247654622204421,-0.007495102472288654,-0.025549918742303113,-0.007968614997197532,-0.015266427908927287,-0.01943336928753883,-0.01327954287307698,-0.029918862337947667,-0.013341425347665612,-0.021492088112272573,-0.01340332218184144,-0.021688003964845513,-0.013465359802466331,-0.021688003964845593,-0.013649452475932721,-0.01967631667572139,-0.016288568976816978,-0.012841672889451329
2016-04-07,0.013133462061229915,0.0027889453640604633,0.013694529258405506,0.0029675001516584823,0.008228795243132516,0.01870187972580832,0.008204986535289775,0.011276539090995939,0.008230760144894838,0.005280051808762577,0.008252339177651839,0.005280051808766034,0.008270366843036716,0.005280051808766008,0.00830752122764014,0.00513975269859903,0.0071169418811607744,0.007510912074965773
2016-04-08,0.0014324819509615836,-0.0010301054572232258,0.0011433723992347127,-0.0006235830271483626,0.0008518087947404708,-0.0012832426515030908,-0.0006915672652409134,-0.0061603936343035135,-0.0006873507238865351,-0.006271360067339404,-0.0006821597948526638,-0.006271360067339428,-0.0006761130737774651,-0.006271360067339472,-0.0006542763795610819,-0.01253889030118124,-0.0027748910305861216,-0.0010983185007884492
2016-04-11,0.01222485491235517,0.0017307724643432034,0.008362076367231028,0.0011179525960495818,0.0050712660188840415,0.004033063530347797,0.008179337708231805,0.006362954499723219,0.00820766791319381,0.009949890661158492,0.008238390499275524,0.00994989066115863,0.008271212214602863,0.00994989066115861,0.008377695352767896,0.02083689182397071,0.007718226369269282,0.00232911921553295
2016-04-13,0.014694312874934336,0.006992230346214871,0.01280020654655018,0.007744008220982097,0.01192703246851127,-0.0020630107436157173,0.009363789704127885,0.016361410785890353,0.009373290557985692,0.013907259713645407,0.009388241730394169,0.013907259713643948,0.00940789969919319,0.013907259713644062,0.009487418050069602,0.032366208583795915,0.016443034547722182,0.0027302094157193413
2016-04-14,-0.0014913579608309417,0.003160664473602107,-0.0017373154351400155,0.0029677773142274197,0.0017800629582729217,-0.005220031316053684,0.0028532646395016173,-0.019438736805125242,0.002896377494267224,-0.012459897243597026,0.002944336739122484,-0.01245989724359752,0.002996429402003071,-0.012459897243597633,0.003168481422073006,0.004223399394641841,0.0021632279699089207,0.00026017239864982986
2016-04-15,-0.0028818923822450044,0.003267273813182703,-0.0018108646247475607,0.00276187111822458,-0.0029743465678550877,-0.004077279861588937,-0.003041770211267017,-0.0055469908583371565,-0.0030895416467764565,0.00384332261996902,-0.003138092118681848,0.0038433226199673523,-0.0031874232268374212,0.003843322619967458,-0.003336929048375361,-0.006887818166933982,-0.0014309485728994003,-0.00022113071030822754
2016-04-18,-0.008935139124926005,-0.001816071911579139,-0.008057479782500081,-0.0010837775818428625,-0.0012994816338622263,0.00024763182530650445,-0.0005402037041126343,-0.012734784440588873,-0.0005786817693371378,-0.014306250718704996,-0.0006195160669416817,-0.014306250718702547,-0.0006624076769499237,-0.014306250718702755,-0.0007982867971078791,0.00141300000410106,-0.004051760696189911,-0.0013171862892125278
2016-04-19,0.0,0.0001099903207962304,0.0,0.00011204198899336961,0.0,5.527579018373248e-20,0.0,0.0,0.0,0.0,0.0,2.8888425885940087e-21,0.0,2.793188771420115e-20,0.0,1.5126998709179503e-19,0.00027917237308537775,5.538175891522209e-17
2016-04-20,0.0009249872862243555,0.005614986078687989,0.002837995176507335,0.005495560364885958,0.003819200088501353,0.0019646217885620054,0.005014757957299413,0.005991380754677812,0.005033303887967717,0.011676071750046774,0.005053443737585448,0.011676071750044932,0.0050749124396714754,0.011676071750044974,0.005143936394024815,0.004059422157361164,0.004888197922779744,0.004884141493057765
2016-04-21,0.007946643009463862,0.00202135098101581,0.007737500704260786,0.001982466742873545,0.00442937312697766,0.0009129426291186293,0.003448227275271293,0.007406242379709686,0.0034859776880871197,0.012137768602985117,0.0035259837426194866,0.012137768602983694,0.0035679566713884407,0.012137768602983774,0.0037006901305766315,0.013853401544641803,0.0074255298088501814,0.002256455101916899
2016-04-22,0.0004962942022670661,0.004147502088668297,-0.0012194978914191077,0.003848116869824382,0.0027627878677470886,0.0032858755525290778,0.002738324102032272,-0.007847908215507939,0.002747822727955615,-0.011316289542539448,0.0027589128516626073,-0.011316289542538768,0.0027714028520378024,-0.011316289542538866,0.0028147894834098263,-0.0028827453692327728,-0.000788193987653575,0.004087553526907866
2016-04-25,-0.015545985147013627,-0.002961298128177678,-0.013912593451500397,-0.003136646711577742,-0.007816641725769891,-0.006818434932502872,-0.005843669072680033,-0.013238233171125727,-0.005872325055359525,-0.021380061621908003,-0.005901088536822841,-0.021380061621906712,-0.00592999473343276,-0.02138006162190678,-0.006016057975571478,-0.010428857529812395,-0.011495435204537817,-0.004399554485355759
2016-04-26,0.0005852811279296492,0.004973221024960306,0.0005728946208291389,0.004845226403540006,0.003393497462459674,-5.995033476043347e-20,0.003239870941595949,0.0,0.0031967812806598384,2.467321504386664e-19,0.003153681788409504,2.341932783112244e-19,0.0031105171390076927,-2.723640725626126e-19,0.0029827809848890787,0.0012563635442074369,-0.0012676557101275773,0.003157904250216103
2016-04-27,0.0036545230298416003,-0.0029608106016226553,0.004749431704924187,-0.0027424993983854225,0.000125333140535274,0.0015843421343090642,-0.0027995985174541597,0.008473482964805634,-0.0027837414503976993,0.013701146917461285,-0.0027698430900512964,0.013701146917461065,-0.002757604749611317,0.013701146917461184,-0.0027290336220449733,0.01674103205480798,0.0038850819198604225,4.046157190810973e-05
2016-04-28,-0.003697661520928474,-0.0031479794353294855,-0.004966369397535578,-0.0032706799069979835,-0.00549324117319257,-0.007692361620694815,-0.0049675045623623,-0.01410123297250571,-0.0049749341065009976,-0.011550960194802238,-0.004980989418475404,-0.011550960194802123,-0.00498589874797813,-0.011550960194802146,-0.004995338835147299,0.0007938904818099551,-0.0014869028437806931,-0.005915307591570985
2016-04-29,0.0022511419644146314,0.004658486625967852,0.00355589362098374,0.004465482182795418,0.003998889071285042,0.009488922526414227,0.006449300936423484,0.007649442094720774,0.006433516604033893,0.00018100771785055416,0.00641445971271795,0.00018100771785266485,0.00639257623826135,0.00018100771785261127,0.006315136307407494,-0.003249346586906208,0.002052249009817782,0.005469970799202829
2016-05-02,-7.121802213719665e-05,0.0037034327535965064,-0.00015313022999160412,0.0031477895597653727,-0.001019953535635079,0.004598200207508351,-0.0016196554603195336,-0.011221274465219522,-0.0016711067731600758,-0.008265107442425266,-0.0017276875920082119,-0.008265107442424747,-0.0017887470236891319,-0.008265107442424825,-0.001989415085065973,-0.020773192454125657,-0.004418891161040933,0.0032538899940390085
2016-05-04,-0.016829097836375366,-0.006737438173987894,-0.015907507860017836,-0.006632964022948647,-0.009416385553159585,-0.016119337187643332,-0.010431258489582448,-0.03518979325202916,-0.010469429561845885,-0.04017099251328354,-0.010506354813450993,-0.04017099251328165,-0.010542256772252774,-0.04017099251328184,-0.01064356305012674,-0.004352093010169211,-0.014541155174745609,-0.009970956851029646
2016-05-05,-0.009411219984900892,-0.007503170850502387,-0.00869278935603238,-0.006969920676753596,-0.004759612623003576,-0.004074317556917092,-0.007489440630384284,-0.008112340673399021,-0.0074927745455566205,-0.012302657834272333,-0.007497602535602216,-0.012302657834270599,-0.007503692265897191,-0.0123026578342706,-0.0075272544957432005,0.007408777423927551,-0.007487370990231087,-0.005429715832573434
2016-05-06,-0.019750006085201187,-0.0045071149220458325,-0.02177266238872792,-0.00535946456206963,-0.01654241141809033,-0.018306396843801725,-0.012576035310970327,-0.0286051904120313,-0.012668856930784298,-0.02262145150357862,-0.012761377611708712,-0.022621451503580012,-0.012853856264471537,-0.02262145150358008,-0.01312727370695516,-0.015927323322764527,-0.013600005386590158,-0.011943438087099585
2016-05-10,0.030631233994618336,0.008922741283970794,0.025152185402283908,0.008563718166665017,0.022565978112820614,0.023652642505552348,0.02277460560628368,0.03944688210490425,0.02289176565373267,0.03845924775420051,0.02301197361130139,0.03845924775420037,0.02313514720045424,0.03845924775420039,0.02351365613630054,0.022415834861667868,0.023395840743781704,0.015035066319408848
2016-05-12,0.009976765473577915,0.007681673401543264,0.011920710322783063,0.008538486409673696,0.011431541270758284,0.021836295894101868,0.011414101420207507,0.010559467434357026,0.011392956618818988,0.007258730052505923,0.01136464140492095,0.007258730052505901,0.011329938385277974,0.007258730052505906,0.011197047955330225,-0.0001553322263707415,0.008745391901381929,0.011967603603060435
2016-05-13,0.011014649693336277,0.009589623196199272,0.007042289755476319,0.008837007581306185,0.007576254237720894,0.010033208410320415,0.007615265840281688,0.016159787091757208,0.007634483373017,0.021286374086533732,0.007653615480671864,0.021286374086533753,0.007672700450746351,0.02128637408653375,0.007728858303655834,0.006570713718351609,0.011069588659603589,0.012646883007226058
2016-05-16,0.007043241212378643,-0.0009865228524821097,0.006383439302577652,-0.0009552735921334731,0.0054777348190688194,0.014827952748271755,0.005531242327252654,0.011309323742210909,0.005552899913084483,0.008329670418247627,0.005571729117988604,0.008329670418247614,0.005588072215244939,0.008329670418247616,0.005624440063462783,0.00932078640889312,0.00437127182211797,0.004636539019898909
2016-05-17,0.0,0.0009026889505097557,0.0,0.0009026889505097557,0.0004618657392959642,0.0,0.00044871761281826023,9.85610921242844e-20,0.0004424308244390373,5.132900216995111e-20,0.00043628012353165104,1.1864156328868032e-20,0.00043023992124136955,0.0,0.0004129169979897726,0.0,0.00016716462046476957,0.0003168953812559833
2016-05-18,-0.01319745551507999,-0.012140675516111745,-0.01409872614064216,-0.011421442090900045,-0.012032934098334423,-0.016897438518572148,-0.012091798730799979,-0.011904629725225664,-0.012119359381724443,-0.011467169103481025,-0.012146018044122655,-0.011467169103481023,-0.012171944363136981,-0.011467169103481023,-0.012245215899041557,-0.003194309012491766,-0.011155472484524882,-0.0165913197547028
2016-05-19,-0.007446204065252645,-0.004452595169346767,-0.000242804006736398,-0.004295628813804776,-0.002569093135595598,0.00038346566373095295,-0.00255657410612718,-0.021472849052396773,-0.0025499043646140035,-0.025569919915744227,-0.0025430903838783514,-0.02556991991574424,-0.002536202426213885,-0.02556991991574424,-0.002515916280840698,-0.01703419660904601,-0.010452667368507392,-0.0027919692710254573
2016-05-20,-0.0024113397575510325,0.0021207171371307814,-0.004498688564080062,0.0021135595490016728,-0.001585776513168032,0.004085467414801863,-0.0016332228012207396,-0.004466728281136755,-0.0016657851731491586,-0.007915063447830988,-0.0017036134991252072,-0.007915063447831017,-0.0017462069370457972,-0.007915063447831012,-0.0018949981386913507,-0.0020955517439287894,-0.0012521073807999928,0.002417597078518472
2016-05-23,-0.0010601793513419877,0.003635502021876119,0.0024078895560680725,0.0037955377623255827,0.004772494795224888,0.00419868983290125,0.004805441822379084,0.01113614042703039,0.004824015588090872,0.01474129142831526,0.004843770218650074,0.014741291428315283,0.0048645515190416724,0.01474129142831528,0.004930529839680122,0.002627177431617961,0.002807987352930055,0.005581431264060804
2016-05-24,0.0,-0.0002623227881506769,0.0,-0.0002891895023430678,0.0,0.0,0.0,0.0,0.0,-5.599582013167317e-20,0.0,-4.1394608021399955e-20,0.0,0.0,0.0,-2.008505069061718e-17,-0.000617284593523621,-3.3921953059251153e-17
2016-05-25,-0.0018896111391004558,0.0009423676411399744,0.0008592174052524054,0.0022058358558466784,0.0028153476285196185,0.003970442097054876,0.0027578180363435024,0.0006427501960820834,0.0027241361688358856,-0.0016337998003308227,0.0026875751828344327,-0.001633799800330837,0.00264844893770641,-0.0016337998003308353,0.0025209202265883005,0.0005355872251940772,0.004220561063227854,-0.00011413306728062745
2016-05-26,-0.011039949289302995,-0.00045991566418000654,-0.009768631657326507,-0.0007439780767894049,-0.00973116047513215,-0.007641348603735546,-0.009836549847897594,-0.011301511581764394,-0.009893406852919007,-0.010614767421707867,-0.009953013520834435,-0.01061476742170786,-0.010015213360364802,-0.010614767421707862,-0.01021172302957994,0.005337999077332476,-0.00575244441326022,-0.002162664881041877
2016-05-27,-0.004697844874885348,-0.00409505399856876,-0.006514346062228811,-0.004445233064065549,-0.006381206830231728,-0.011763965672961809,-0.006389793185640183,-0.00913336711360432,-0.006386180017491028,-0.0044509811522496015,-0.006378020947324729,-0.004450981152249578,-0.006365812796858647,-0.004450981152249582,-0.006310401162729433,-0.007527070173146634,-0.005303721506442926,-0.005780463040662885
2016-05-31,-0.005234251603769146,-0.005822693838942437,-0.0035330729718258446,-0.004505117380983138,-0.0008221154445769809,-0.0025115324579183546,-0.0008937669195852075,-0.0021319306924295115,-0.0009349837677758883,-0.010973288979921628,-0.0009791489337041671,-0.01097328897992167,-0.0010258326998520467,-0.010973288979921662,-0.00117472875720046,-0.020914938764081768,-0.005762965792390834,-0.009713472584797194
2016-06-02,0.012059299380572416,-0.0024686978590209123,0.007037685810874388,-0.0020772595265730453,0.001331652299238794,0.010114553764889869,0.0013756125173322573,0.016046285236714496,0.001391886529843981,0.018803727580885186,0.0014048286319620056,0.0188037275808852,0.0014147585227287144,0.018803727580885197,0.0014292189190121627,0.014934619689129186,0.006989283769036594,-0.00019317318336392435
2016-06-03,0.001235028065079117,0.001095793619123736,-0.0003923227156282963,0.0005097746001233404,-0.0016728211985887172,-0.006720932346218447,-0.001664052021079675,-0.003406424414523192,-0.0016534776559847277,0.0023479108056090217,-0.0016392987937770935,0.0023479108056090434,-0.001621890643701304,0.00234791080560904,-0.0015549875415643418,0.0021770973240835896,0.0012957568643065952,-0.0004980214862154143
2016-06-07,0.009693321763199135,-0.0006848730923911186,0.011410316996737977,-0.0003827727022156269,0.008450955109309873,0.01799206619329474,0.008456582333774857,0.014428843344417734,0.008450089831506441,0.011218036983321394,0.008438345420012181,0.011218036983321378,0.008421975926048986,0.01121803698332138,0.008351871309023571,0.014845389383404467,0.0032858770518550675,0.006402108999140855
2016-06-09,0.013022766704782862,-0.0025784070906715584,0.005744497682901745,-0.0031337238612292343,0.0023051822608369274,-0.0030246114735432922,0.002435176705982629,0.010153834342191012,0.0025095875172507416,0.01464478120042884,0.0025897211582540025,0.014644781200428858,0.0026750586801980937,0.014644781200428857,0.0029520011610615735,0.012182446859479293,0.006484987464423559,-0.003295133789672145
2016-06-10,-0.0038617004232674,-0.004982753218232359,-0.003268924326542573,-0.005319892142650074,-0.0066494221611629045,-0.005513440787353692,-0.0065851220078029125,0.0008922022343992293,-0.00655209342368588,0.006049137103037865,-0.006518442146195703,0.006049137103037893,-0.006484196500701903,0.0060491371030378886,-0.00638024041484176,-0.0014725190522046196,-0.0009530994819524784,-0.002788398830176963
2016-06-13,-0.012047527112683892,0.0005513696482663991,-0.006629145718726793,0.0006008880142593557,-0.0059526041765331494,-0.011424093016166717,-0.006021961126569346,-0.007923166726813913,-0.006056356436788799,-0.011075297009237175,-0.006090785830759198,-0.011075297009237171,-0.00612532129527446,-0.011075297009237173,-0.006227988102983534,-0.014096823847887506,-0.007885241809609714,-0.0036626317189980204
2016-06-15,-0.008904979994204887,-0.003903182366852729,-0.00661597546506842,-0.003681147762732252,-0.005349957455602355,0.0018506912439898424,-0.005413934492644433,-0.005761566361451085,-0.005452720559842329,-0.004960666372539905,-0.0054956659421696,-0.004960666372539912,-0.005542422677856386,-0.004960666372539911,-0.005699099051707845,-0.0044550624286979045,-0.006575676412580814,-0.0027295148276753303
2016-06-16,-0.00015480418375306791,0.0054655178543543586,-0.002211569594423571,0.005340663435878618,0.0026196910325226334,-0.0046909516214835925,0.0025498974810657204,-0.003305037407976753,0.002520354551698936,-0.0035342228597268375,0.002493577419728738,-0.0035342228597268106,0.0024691208795652913,-0.003534222859726765,0.002407355647310103,-0.002100063664113854,0.000491063112394761,0.0009280957040791781
2016-06-17,0.005328891071468369,0.0039127369944721305,0.005703600184585366,0.003630742708482228,0.006131734712133182,0.00922111569214334,0.0061534255881507075,0.004418295957112868,0.006162517932288923,0.0022205315851191003,0.006170813402499629,0.002220531585119115,0.006178504895746902,0.002220531585119238,0.006198922786854645,0.0011816527553906162,0.0029204485279193454,0.007547650421316018
2016-06-20,0.0003977641142361985,-0.0007200183402372426,0.0008972597292411567,-0.00043639947887020366,0.002404928221061517,0.00039931095058838605,0.002441004223800213,0.0028931376630974294,0.0024627608911045006,0.0042630187036947,0.0024866172738776497,0.0042630187036946845,0.0025123022463639172,0.00426301870369459,0.0025964228096441192,0.006251932027044391,0.002338867536286889,-0.0005541923725189507
2016-06-22,0.010263874468319195,-0.002516331334596259,0.010927127789986389,-0.0025305844708788886,0.0019351396165404931,0.013811087640418647,0.0019836576792561815,0.016928814188472315,0.0020028206702793613,0.016329522391049192,0.0020195786493896715,0.016329522391049133,0.0020344552287654485,0.016329522391049258,0.0020708526537705696,0.008564235418976641,0.006359471449607683,0.0021879962244378817
2016-06-23,0.0033642985081754825,0.003147602823022163,0.0019406428139650102,0.002790855457773972,0.003206719970301959,0.0006254719000476156,0.0032243660939604178,0.003788261885162762,0.003234672415301295,0.004119107849509263,0.0032458423408984064,0.004119107849509265,0.0032577784657301856,0.004119107849509272,0.003296578710664436,-0.0028192692980190327,0.0021992068078095567,0.004297156110586733
2016-06-24,0.0014876225762475047,-0.002358897470152811,0.0005548639517108277,-0.0021119433835407437,0.0018547465885451835,0.001998852819731077,0.0018939107462611344,-0.0010300826079547459,0.0019175737545942364,0.0007437889447959312,0.0019436372129105813,0.0007437889447959467,0.001971844160179041,0.0007437889447959214,0.0020651968973445962,-0.00025641860655703014,0.0005496728101752673,-0.0016440218217416004
2016-06-27,-0.014625527214774128,-0.0051729413344585255,-0.016220915594609326,-0.005495761834964282,-0.011890526891168084,-0.020687302362355924,-0.011981272671982233,-0.02150066554767202,-0.012024407526448422,-0.024959846225707998,-0.012066620493433244,-0.024959846225707967,-0.01210816784966643,-0.02495984622570791,-0.012228257125797344,-0.015603491638436724,-0.01357786444099824,-0.009518653364391637
2016-06-28,0.0011210868323006439,0.00867212222493617,0.0011269762731861927,0.00793740440993491,0.006321877314360646,0.0026678884467804336,0.006328906531060973,0.0012853335542203949,0.006332314256362887,0.00042844451807346726,0.0063355972652193275,0.0004284445180735021,0.0063387384104357965,0.0004284445180735211,0.006347138466814355,6.602435852281358e-19,0.002829004730503897,0.011684894089569143
2016-06-29,-0.0014310546969586338,-0.0034495169455899593,-0.001004415726967371,-0.0029488721186508486,-0.0014953817945428344,0.0003615302675059708,-0.0014915100674667036,-0.0019427021438720364,-0.0014900035217362906,-0.001257804472613999,-0.0014886842979794646,-0.0012578044726139909,-0.001487505348272617,-0.0012578044726139807,-0.001484559378575084,0.001656346392472029,-0.0006107066895077882,-0.005103174344045939
2016-06-30,0.008702407758496152,0.0037666102933196196,0.009571122076238921,0.003633985012355437,0.005004081248814797,0.005933564665111034,0.005056105884801163,0.006241987617525236,0.005082239500157236,0.004876808832021929,0.005108527466674025,0.004876808832021915,0.005134974998365201,0.004876808832021952,0.005213736883833645,0.0059557118216041725,0.007317460220695589,0.0046490686265863385
2016-07-01,0.004030710095094825,-0.004527165898587056,0.002533167735734451,-0.0040584958303988075,-0.000101635632419527,0.00419045744619918,-0.00012222651946593708,0.005269298363651982,-0.00013300140642437202,0.00596583037155507,-0.00014380800618481616,0.005965830371555065,-0.0001545100372959368,0.005965830371555124,-0.00018470363208282492,0.006731733861532764,0.0022566148616124816,-0.004567783036342865
2016-07-05,-0.00791309906248277,-0.0023411448871278493,-0.006408950014488771,-0.002361505135311928,-0.004644942659522101,-0.0057605403167803075,-0.00466344237533617,-0.0074256371397134185,-0.004671226251133923,-0.0028365542107519504,-0.004678340753204386,-0.0028365542107519873,-0.004684941465074512,-0.0028365542107521655,-0.004702410745031471,-0.010640279708413237,-0.005976654812555308,-0.002513905863897232
2016-07-06,0.00040704013655955685,6.55132454738981e-21,0.00040389173802540156,1.581186954063671e-20,0.0,0.0,0.0,0.0015594812231600652,0.0,0.0023587307306451206,0.0,0.0023587307306451076,0.0,0.002358730730645086,0.0,0.0,0.0004368019871565037,3.062130272701584e-16
2016-07-07,0.006612618644184925,-0.0002405137398902897,0.004909017228418736,-0.0003106637386305652,0.0016472062048307414,0.0008042308102353768,0.0016696537750605723,0.007447212726946705,0.0016823231338243152,0.005395944455990032,0.0016959355572955413,0.005395944455990035,0.0017104313918480563,0.005395944455990094,0.0017575972154793948,0.004894364297804833,0.004159611843285097,-0.0007152165821921841
2016-07-08,-0.004326020274893507,-0.0017134322758479304,-0.0012462327865458115,-0.0019341551734932375,-0.0040290378358596255,-0.0007309190885100997,-0.0039898723475790075,-0.003354773583610685,-0.003977897664901014,-0.007932554655597836,-0.003970380918029469,-0.007932554655597853,-0.003966881118140532,-0.007932554655597746,-0.003976123706531529,-0.008132267528195583,-0.013452457137606863,0.002114337663241526
2016-07-11,0.003559793350685731,0.0020424852913597993,0.0022465979869292505,0.002108941145211778,0.005928061072471144,0.0044852360172944064,0.0059277956992233784,0.0065100019588609755,0.0059319725611975335,0.009387629961700906,0.005938757316616137,0.009387629961700913,0.005947926974226235,0.009387629961700842,0.005986752031781001,0.006725971001888253,0.008565120307426436,0.0026957431444298912
2016-07-13,0.0075329746926836895,0.002010989840757671,0.0039141860117490775,0.002255855288315387,0.0037235465568564445,0.00018257859187434475,0.003750468339957878,0.006864743888476285,0.0037700087328517862,0.008774751636712154,0.0037931112235285083,0.008774751636712163,0.0038193969977990093,0.00877475163671205,0.003912095410766837,0.010832373966479025,0.011526692079102459,-0.001237926548481958
2016-07-14,0.004974909437513921,0.0051356999271984,0.006214254854188623,0.0051622867926316325,0.00387728615492733,0.00393416093955321,0.0038629454889237847,0.0004530087552701564,0.0038553937316834295,0.002904165236641677,0.0038475441623051724,0.002904165236641662,0.003839394597763537,0.00290416523664159,0.0038137451947692124,0.005823172017764746,0.004226982546633636,0.004634107495785125
2016-07-15,0.004242881663184357,-0.0006330993480320429,0.00393866907026047,-0.0004013307577379764,0.002590078938943053,0.0059100362357502375,0.0026349776493493154,0.00544954515795551,0.002654220649678057,0.005845437011807642,0.0026717710773338102,0.005845437011807621,0.0026878782187628758,0.005845437011807696,0.002728772206062602,0.002168972476825516,0.002867967546120268,0.0016375092959200577
2016-07-18,0.007083992281800658,0.0035990418441197406,0.007710885265066404,0.003402874753959694,0.002953966550376663,0.0023473552757590187,0.002986438281235844,0.006827212484416823,0.0030028474136373573,0.008467470409182654,0.003019388644041823,0.008467470409182585,0.0030360505228361964,0.008467470409182509,0.003085698361791858,-0.0008772427230790729,0.005810465666374362,0.003499323912870741
2016-07-19,0.0,2.0329738666288358e-05,0.0,0.00019382826470095977,0.0,0.0016024968483588945,0.0,6.018459475053472e-18,0.0,0.0,0.0,6.4215433659924036e-18,0.0,0.0,0.0,0.004807490545076676,0.000890276026866051,0.00024101963207635087
2016-07-20,-0.0006919482318114486,-0.0001911322872482729,-0.0007287011801438382,-0.00036846921084013725,-0.0007946258109933753,-0.0011085496631423474,0.0004339498299881148,0.00122355658794268,0.000431735391356151,0.0011993206646165884,0.0004303018370344693,0.0011993206646164927,0.00042927813655002764,0.0011993206646164977,0.0004259595327042315,-0.004939292848017373,-0.00026199452946339195,-0.0020772293705570983
2016-07-21,-0.007110165667117895,-0.0019709810910346834,-0.007387995979346812,-0.0022810064846939867,-0.006710023408633559,-0.014213825866729238,-0.0073568386346918825,-0.016243668238473917,-0.007339757622049057,-0.01587962433831118,-0.007319041418498949,-0.015879624338311762,-0.007295205294504069,-0.015879624338311707,-0.007210763160644559,-0.010692543117801032,-0.007304828655770904,-0.00623229591990259
2016-07-22,0.0,-0.0005377516973737467,0.0,-0.0005208036515906852,0.0,0.0,0.0,0.0,0.0,0.0,0.0,0.0,0.0,0.0,0.0,0.0,-0.0013888825877635647,-2.8238226248091504e-16
2016-07-25,-0.0003171181592931182,0.0009064249967299042,-0.0008575246498434546,0.0008652211159190335,0.0017846700253896213,0.003517786361367129,0.002463900964432482,0.0007849191008700591,0.002452169325553119,-0.0010230948069210794,0.0024383334246615364,-0.001023094806920824,0.0024226187258720422,-0.001023094806920874,0.002367298571524694,-0.005387336667336228,-0.0014681151437915636,0.005337064245147415
2016-07-26,0.0005646702045030319,0.0007266674071111296,0.0,0.0006442277484950492,0.0,1.4891941713350052e-20,0.0,0.0,0.0,1.0422449835489998e-18,0.0,0.0,0.0,4.655389649513645e-19,0.0,0.0012562261956127418,0.00045194035536212494,1.277880477166227e-17
2016-07-27,-0.009232288308186532,0.0018624135606211836,-0.008385661297798348,0.0016062419218102531,-0.004170379017291669,-0.005830600041497051,-0.004254127182771989,-0.00927424776542109,-0.004250604645751421,-0.008119824948999526,-0.004246886565214715,-0.008119824948999816,-0.004243232781182836,-0.008119824948999826,-0.004234271695217299,-0.0008108150601261372,-0.004812802565293674,0.00012023478083351361
2016-07-28,0.003883878700590836,0.0019880937163152456,0.004145653974744263,0.001901774438028255,0.0014253976879014113,-0.00033380382982973724,0.0013535694213442691,0.0016458222590822883,0.001385269562208994,0.0033401262823083777,0.0014189555279025554,0.003340126282307984,0.0014543884634580706,0.003340126282308035,0.001566977814748045,0.001147300377453853,0.0025286366925402694,0.00048043487470206736
2016-07-29,-0.0011054601165155318,-0.02674044578451874,-0.001544083328822054,-0.026574529684188383,-0.0010793349952708294,-0.0003170231623521731,-0.012857936142404413,0.0007188912098060225,-0.012753243898951805,-9.457427361646944e-05,-0.01265624895539944,-9.457427361630003e-05,-0.012565575431288667,-9.457427361632788e-05,-0.012325577855891045,-0.006449765736680578,-0.006388967748303318,-0.013700862223921187
2016-08-01,-0.008122945697694518,-0.00019886449776710416,-0.007456007038020207,-0.00021607323177423116,-0.0032286818096270856,-0.0031322120532885356,-0.001358853761486221,-0.010564578822096528,-0.0013606189024318914,-0.013189755137363767,-0.0013622632403026574,-0.013189755137363729,-0.0013638710820240271,-0.013189755137363772,-0.0013688745253526919,-0.014454707608142546,-0.006752798293990065,-0.0015225952629385493
2016-08-02,0.0,8.834250378864707e-05,0.0,8.555825818586719e-05,0.0,0.0,0.0,0.0,0.0,0.0,0.0,0.0,0.0,0.0,0.0,0.0,0.00022816732307999002,4.639010200227936e-17
2016-08-03,0.0004101253294255989,0.0016925607984200955,0.0011380584750831863,0.0018453751207161556,0.002609720640257586,0.004488757304983569,0.00254516506821078,0.0037542456525197446,0.00254684629912362,0.003619352898242135,0.002547416014893055,0.0036193528982422147,0.0025469998385815613,0.0036193528982422073,0.002541065839319688,-0.009491950647800283,-0.0006604689971563824,0.0033345759057072997
2016-08-04,-0.006075173607559717,-0.0009903243286872553,-0.007717417209343603,-0.001830282813579862,-0.007307053707327575,-0.013051337058055081,-0.0071653800689025935,-0.003299840501390831,-0.00713868856425947,0.004684059614806637,-0.0071074623353506155,0.0046840596148062545,-0.007072306676811587,0.004684059614806309,-0.00695059319673089,0.004540228230634535,-0.0007870610369381775,-0.006539389661494303
2016-08-05,0.006187700646669869,-0.0015888065797686028,0.00501017085995501,-0.001191161227600788,0.0034462209419490538,0.0048127458967242,0.0026905895330386646,0.0008590773173294706,0.0026909192155493947,-0.008482761886436516,0.0026906828008549846,-0.008482761886436287,0.002690021571507729,-0.008482761886436362,0.002686528044107285,0.007156381415969457,0.0006944295312964044,0.0016577421951657428
2016-08-08,0.003016026235469271,0.001054600346805744,0.004984630425211456,0.0016799000068658657,0.003208981814190894,0.0047311485276129925,0.003318019880709257,0.0014278038486981023,0.0033216791293143155,0.0024494914835252657,0.0033249594409772852,0.002449491483524475,0.003327901872744876,0.0024494914835245037,0.0033349388249452935,0.00999658846945157,0.004263600650312812,0.0019730365918089006
2016-08-09,0.0002547838446233363,0.00011440989047551746,0.0002459579522104647,0.00014581378929584348,0.0004453926567832642,0.0,0.00021763792441904803,0.0,0.00021720076625959952,0.0,0.00021677833160844311,3.905149621127236e-19,0.00021636339397476548,5.715847928970902e-19,0.0002151415372890673,5.3022665175201553e-20,0.00019587686576871818,5.455005511961436e-05
2016-08-10,0.008992573144032212,0.0002814647409633636,0.007795054184076883,0.0005152067162928377,0.0069501644183972925,0.007510815170458711,0.006043030422803879,0.00712470165668678,0.006062707244126574,0.008543819757650827,0.006083256125754676,0.008543819757651049,0.006104721675469705,0.008543819757651032,0.006173215872380317,0.00023741977652609394,0.004557796901937237,0.004612384555366701
2016-08-11,-0.00142539387654936,-0.000456532839627574,-0.0025081175547625404,-0.0005596868750824149,-0.0022760438704458666,-0.006187328008520277,-0.002686776506527855,-0.0018237456135622985,-0.0026789630118116145,0.0006763604649071459,-0.0026686708942811766,0.0006763604649065527,-0.0026562483687666187,0.0006763604649066227,-0.0026099143669792266,-0.0026871631588288973,-0.0012234918584778714,-0.0026058157954340906
2016-08-12,0.004603134930236474,0.004987532401146474,0.006232538060308435,0.005079791309606816,0.00608762611545347,0.010511508331684554,0.005757187560572132,0.006182724029894012,0.005766093541970925,0.005343511307935203,0.00577300798516682,0.005343511307935241,0.005778178436614341,0.005343511307935218,0.005785225962717141,0.0043067879883361025,0.004577542497948338,0.008748281542685137
2016-08-16,0.007997362151405223,0.0036690713451925957,0.00618786011047108,0.0036790649046955573,0.005992573513129395,0.005605098690426182,0.004259105221751642,0.015341926382452818,0.004259865671885353,0.016009521251084367,0.004261335673498146,0.016009521251084093,0.004263554845819353,0.016009521251084076,0.004274420437000078,0.020455804630470163,0.00996322818631882,0.002927166881196061
2016-08-18,0.0038636578059292022,0.0028422670846961727,0.001909776034756593,0.0024830794456626015,0.0005037328297726528,0.0009441880881471189,0.0010573865869285938,0.002653489346185029,0.0010638034299867588,0.004865159339362393,0.0010696200908121394,0.004865159339362155,0.0010748625505430792,0.004865159339362212,0.0010873006714342778,0.017680271492754914,0.0021759323045579875,0.004118445990935516
2016-08-19,-0.003376937092185553,0.0022524348642112084,-0.003480870209588074,0.0020053001659486626,-0.001991379594040987,-0.0038930994822887594,-0.0025066434436040877,0.005141762547970623,-0.002505669697393246,0.007638393208605622,-0.002504442576314499,0.0076383932086050155,-0.002503147668759465,0.007638393208605104,-0.002499988403205219,0.0036991946550034567,0.00037760087038168905,0.001980564131296285
2016-08-22,0.001658327535014627,-0.008377132353798817,0.00189216914497692,-0.007781967828260081,0.00016384271166209883,-0.0018023989614982432,-0.0006277739757923352,-0.010034177948402768,-0.0005462844796255822,-0.009648715335483008,-0.00045833873747232635,-0.011355306688565893,0.0007593864799046489,-0.011355306688566658,-0.0009088239645701767,-0.015080497690436755,-0.004063356527543444,-0.012162506629564664
2016-08-24,0.004908080738381287,0.0038069335556782133,0.004353301204240888,0.003918577014510191,0.0027716438752159018,0.006526213088069674,0.0043650906741194585,0.007181158671345298,0.004366504752580476,0.007181158671345136,0.004368361277398425,0.008012762603622117,0.0036611213339453317,0.008012762603621734,0.004606080070674343,0.017547677991841426,0.004555309713464405,0.005956430222676095
2016-08-25,0.007876839821714767,0.009588164640013691,0.006899639899683013,0.008730203771802027,0.008302079690904383,0.005054343434590504,0.009015839078193843,0.009313910017509142,0.00898902634327214,0.009313910017508946,0.008961858109236994,0.010344835602750417,0.0070762334242936535,0.010344835602751254,0.008165077205934554,0.005519437706941105,0.007461472411071695,0.013251180399442217
2016-08-26,-0.001236290492430493,0.0056973426095506844,-0.0003481157323057764,0.006568819170634321,0.001884391359478103,0.004074349568232652,0.0012380087423004107,0.003490607744989643,0.0012346134830966964,0.003490607744989754,0.0012297413370442735,0.0032539867478513047,0.003876692611164669,0.003253986747850728,0.003611541148995514,-8.651060102790207e-05,0.001694110146776537,0.0005084965296580781
2016-08-29,-4.104993029091031e-05,0.002361203481915525,0.0003881788845597086,0.0023760522290023176,0.0016965296243908789,0.0022107698245347226,0.0034509549159244717,-0.006551973454650377,0.0034638215446523724,-0.006551973454650215,0.003478718673406779,-0.0063491548267600355,0.0038961456722486545,-0.00634915482676076,0.004150860109621357,-0.0007304031722205277,0.0005174932598377548,0.0002840181466125518
2016-08-30,0.0,0.005847943689138957,0.0,0.006521716288940515,0.0,0.0,0.0,2.6587670959320504e-18,0.0,5.5231136193262645e-19,0.0,4.732801426723972e-18,0.0028191881465858444,1.4941439147677085e-18,0.0028343253486318586,0.0,0.001207725238692688,9.890254003209926e-17
2016-08-31,0.0009371474270143247,-0.002504910669585197,0.0022301598226977483,-0.0025119106506494727,-0.00017791249750081595,-0.005442560388818432,-0.0021922804241789446,-0.0013256456567343898,-0.0021813548123373553,-0.0013256456567346542,-0.0021689191363490354,-0.0005861328662790038,-0.0032226535961890506,-0.0005861328662773883,-0.002316798067199401,-0.0039026133020224813,0.0018193867610429603,-0.0016128835202515576
2016-09-01,0.00483957550229267,0.012424693247776633,-0.0012497506887821108,0.014339233024421458,-0.002159272074485668,-0.0014493727942570835,-0.0007294723077717008,0.005772630582268565,-0.0007140316155928143,0.005772630582268568,-0.0006946144970076187,0.005904708213861821,0.006533166687693213,0.005904708213861349,0.006855916509388964,0.00856257184393598,0.005116921457796322,-0.007345299382691777
2016-09-02,0.0012769102992338016,0.004562770163107205,0.0032054616594635148,0.0043430455159384485,0.001048249898102188,0.005973791336605665,0.0020694817341224605,0.003334383020389065,0.0020861130695855553,0.0033343830203891333,0.0021022481185436646,0.0020828975469519874,0.0025284396217021415,0.0020828975469527325,0.0011420818958293487,-0.005288124447243459,-0.00011113313376543473,0.00597672125721431
2016-09-05,0.007918498270814981,0.016252759411784858,0.005804868712359967,0.016749904850949057,0.0052549008565077335,-0.00039244570605530277,0.008528439006291936,0.012730558409467808,0.008539820254747697,0.012730558409467537,0.008556867842772035,0.013136227471201252,0.01325132881357511,0.013136227471202196,0.013792667219652261,0.017210613006949687,0.011683859759966515,0.0016453596583539613
2016-09-07,0.001311354266389029,0.004246760813246175,0.0013107616272184219,0.00389879367128464,0.0017283060586860955,0.0010516957134121315,0.0022388921209020923,0.007898629016524751,0.0022367006174286697,0.007898629016524583,0.002235245262836136,0.008605701379461999,0.003496664507899718,0.008605701379461995,0.004250313836634692,0.0017980354815828124,0.0030588549142007765,0.004262680570287097
2016-09-08,0.00977858327248705,0.004800752072538268,0.007850332812413732,0.0045594288840292594,0.005620560076326205,0.01002794740365624,0.008197243827295926,0.005256614440564423,0.008209033341638987,0.00525661444056448,0.00822428686420126,0.006723198272603587,0.0068657333467200534,0.006723198272602034,0.00859895110914988,0.016664587964420028,0.008315578983361086,0.006697187741022016
2016-09-09,-0.003986170803673944,0.0010750239390448653,-0.0031137925618402998,0.0008720171401016843,-0.002880835193451236,0.0007357168336998103,-0.0014021971046585667,0.00375695699989615,-0.0014175279350824809,0.003756956999896132,-0.0014338410571060518,0.003619716470483482,-0.0010118235785918583,0.003619716470483147,-0.0012189178581563601,0.005839128902212363,0.0005383758822394834,-0.000487881899305484
2016-09-12,-0.0191514189955623,-0.01156829723446851,-0.017804966992489887,-0.011407487219483519,-0.013736227712006374,-0.02779119820831347,-0.014967581353443617,-0.024216839021761832,-0.01496122866388381,-0.02421683902176189,-0.014955754836693055,-0.02687239462294931,-0.01373352796868019,-0.02687239462294714,-0.01672254655710766,-0.03802405823213059,-0.01956662821169952,-0.017268805663889462
2016-09-13,0.0,0.005173075359404542,0.0,0.005769092800603359,0.0,0.0,0.0,2.351938267789097e-18,0.0,4.88573154772206e-19,0.0,4.186623494171385e-18,0.0024938463004892403,1.3217157140627538e-18,0.0025072366289665814,0.0,0.0010683505186302516,8.748892260587167e-17
2016-09-14,-0.015410817769675532,-0.0017094339135035642,-0.0141459304068341,-0.0015299960605477875,-0.010664088040768786,-0.008276636181972124,-0.00890433747317202,-0.02028014017911466,-0.008913583829767877,-0.020280140179114566,-0.008922489379972033,-0.018777719965657275,-0.005815778412433231,-0.01877771996565917,-0.004197845695382608,-0.012799590446209944,-0.012054325918686258,-0.006311808739683452
2016-09-15,0.008260931485876002,0.02412598155314926,0.008589914248163959,0.026912540613824018,0.004253953922663523,0.01383656343207238,0.004721233502627389,0.017380231886521092,0.004703558729425925,0.01738023188652092,0.004683903541711902,0.018930089378508607,0.01368785456076569,0.01893008937850841,0.015449316554553918,0.005273851039525489,0.01133600849118143,0.006411216642410811
2016-09-16,-0.001010461633622942,-0.000698601859335715,-0.0009111146997752403,-0.0007945063355936684,0.0009663510671417073,-0.0028996645084184694,0.000578650375936639,-0.008751085026929294,0.0005929101433541268,-0.00875108502692916,0.0006099753815664112,-0.00830573398315649,0.0008447191299875865,-0.008305733983157527,0.001402770297304416,-0.005465215149200061,-0.0016086690042671368,-0.0018853457272178051
2016-09-19,-0.010772950951605766,-0.012800188606064637,-0.00999827416247636,-0.01365867301319469,-0.006122199632157955,-0.003266373253232004,-0.009679121556664692,-0.007137204588561863,-0.009729884531255284,-0.007137204588561752,-0.009785743623531337,-0.005983734682378231,-0.012320385036852698,-0.005983734682380466,-0.011239120355128127,-0.01574839133639486,-0.009448401921029378,-0.003993126833645222
2016-09-21,-0.006413127192674017,0.0013348945812023845,-0.004756380795181601,0.0014180169392437316,-0.0032037327837342575,0.0013998720928263628,-0.0030284477788507075,-0.015219322755775973,-0.0030601182822292774,-0.015219322755775713,-0.003095347632668247,-0.014271446532836308,-0.0026599922197770003,-0.014271446532839382,-0.0017118841007011693,-0.004771588788304927,-0.005380069980809735,0.001993336489419792
2016-09-22,-0.002606896235012332,2.997789690134512e-05,-0.0003889168242114672,-9.866797247072772e-05,-0.0002521327797394793,0.0007449589548732803,0.0006034958690327585,0.005032576859988459,0.0005902438498499196,0.005032576859988483,0.0005742589064880332,0.0032412917575275453,-0.0005763813363780105,0.0032412917575298057,-0.002631157018614902,0.0005525340376677534,0.0002718037293970269,0.00034143217508552417
2016-09-23,0.011713692150542613,0.0005203946617823682,0.012031570419848352,0.0007751932508812938,0.007866983729686363,0.008217519130705783,0.005161483899121719,0.014990839130467589,0.005181637319612889,0.01499083913046755,0.005202745938154547,0.0151867311879439,0.004669894792981445,0.015186731187943775,0.003863156780903203,0.01789695036744953,0.010172762321092063,0.0027294959447597125
2016-09-26,-0.007334434621386693,-0.0038805709376745568,-0.007275421546308234,-0.0050164483586266715,-0.005921390770532242,-0.014029602252005892,-0.006571739213599348,-0.001999643512790282,-0.006571875016138669,-0.0019996435127903065,-0.006572013421569768,-0.0019996435127886077,-0.006643373659602166,-0.001999643512790326,-0.006908621276476912,-0.014914422062167093,-0.007952243436451227,-0.005482612231945107
2016-09-27,0.0016095851137523842,0.0007531714157774313,0.0016148486167852736,0.0006432191428796501,0.0012267865898015974,0.0,0.0014390097891624726,1.1468582197311016e-19,0.0014538463579234378,4.880549592773921e-20,0.0014704029883973048,7.186974107012797e-19,0.0015002263726513888,5.085573140401567e-19,0.0015288497519404974,0.0,0.001003565385238862,2.529639516897592e-05
2016-09-28,-0.004302771508756892,0.005290261556769218,-0.004343514643257817,0.004505964124315131,-0.001584972746300319,-0.0011784822847153659,0.001453877312232025,-0.009434185119638309,0.0014210431681541437,-0.009434185119638316,0.0013854853652649909,-0.00943418511963758,-0.001786858927633437,-0.009434185119638321,-0.0018385135058306954,-0.01837749267496486,-0.0021401554605963154,-0.0005680066564060068
2016-09-29,0.008224174565881932,0.003873365492254821,0.008210230438590437,0.004195948134260745,0.009519856195486742,0.009538460455593825,0.009245450094575757,-0.001818835595112302,0.009301215518323639,-0.0018188355951122654,0.009362527535278808,-0.001818835595114996,0.011366940349680884,-0.0018188355951122357,0.011699658042110915,0.030999680016882497,0.009320630899895734,0.008689370273512829
2016-09-30,-0.006109640304457849,-0.004752555220630554,-0.006083367672933379,-0.001876649102145328,-0.01102536664127932,-0.01146698497790173,-0.009962989018469003,-0.005702344998751343,-0.009959280779244843,-0.005702344998751375,-0.009954895823847388,-0.00570234499874929,-0.012402154337765856,-0.0057023449987513965,-0.007878251450875706,-0.004593211212553905,-0.007086746976044086,-0.012557012243819981
2016-10-03,-0.013535095429317601,-0.01238187951575391,-0.013576546519021763,-0.013606585609458606,-0.009233259408012374,-0.00942169015510821,-0.007813198590546879,-0.022456477139714708,-0.007832011208937914,-0.02245647713971468,-0.007851380968464512,-0.022456477139716744,-0.006726194001405233,-0.022456477139714656,-0.00917253845380801,-0.0022109869060047372,-0.009730498730763266,-0.013080674570578002
2016-10-04,0.0,0.0016335033734232974,0.0,0.0014545346044884707,0.0027497442961448375,0.0,0.0026780753924478436,0.0,0.0026757405732670027,0.0,0.002673200954817854,0.0,0.002694621641754379,0.0,0.0026258863550183346,1.344889815483023e-18,0.0011890539127092307,0.0
2016-10-05,0.007714374224251988,0.0052728487644540184,0.0076672657217198075,0.005780379176388985,0.005555246761139949,0.010900996804006923,0.004349813968414462,-0.002244582685095081,0.0043467863610428354,-0.002244582685095064,0.0043427768888423075,-0.002244582685096296,0.004964954824823224,-0.0022445826850950477,0.004753496811889263,0.005521276192736006,0.0038052822736830043,0.009900125933218212
2016-10-06,0.0036139759548242337,-0.002819534964156193,0.003670187464961996,-0.003122918345175686,0.0009936327922064792,-0.004555489882653448,-0.0002067946686706571,0.008902134908809662,-0.00020351322536757692,0.008902134908809632,-0.00019969889282402738,0.008902134908811461,-0.0008911793918625063,0.00890213490880961,-0.0018995171485493715,0.008029828552882673,0.003717636114726006,-0.005352871692173616
2016-10-07,0.0023893881334021436,0.0016773458959354246,0.002377286117270913,0.0019314635312931041,0.0011628866743187997,0.0068971383792638605,0.001312373362225771,0.01071481503536203,0.0012957635086731983,0.010714815035362025,0.0012766328176841589,0.0107148150353625,0.00083722565708267,0.010714815035362018,0.0004490235876948194,0.005050510361439792,0.0030031640485196904,0.003977189031211843
2016-10-10,0.0032804016976907564,0.0018387074903746105,0.003299275345222669,0.0017636381559603344,0.0021811237128259798,0.003672024765654774,0.0014992335738325013,0.009269597540614682,0.0015112452715285113,0.009269597540614672,0.0015235497437430467,0.009269597540615439,0.0017769774116083964,0.00926959754061466,0.00142159154290583,0.006034749296429871,0.003191043165342916,0.0034155606938005754
2016-10-11,0.0002574565340265693,-0.007635269436576982,0.0002551893813537846,-0.009290934366552598,0.0002332696755296737,-8.975111770657916e-19,0.00022560588324259251,-1.2465390538778448e-18,0.000224387278947116,-3.0202106017439375e-20,0.00022311485465479497,-2.2445976427687504e-18,0.00022377014307448494,0.0,-0.004102492040961327,-1.4036986295504677e-18,-0.0019220153568808513,-0.004932495509226214
2016-10-12,0.00824271506034234,0.0008278808003531059,0.008273964980853678,0.0009315240839235198,0.005518965817849202,0.008437751018475858,0.005050257518727668,0.00862058857644776,0.005069173160950886,0.008620588576447763,0.0050890418423308265,0.008620588576447472,0.005295174819361762,0.008620588576447765,0.0038811308436454183,-4.244182348654038e-05,0.004641705951995571,0.0032266638017280766
2016-10-13,-0.0054430671149346375,-0.003132923974365112,-0.005404141957319249,-0.003459297969807495,-0.0032782113968439137,-0.004508155048686043,-0.004194535492961961,-0.0013144753398686944,-0.00418870759154402,-0.0013144753398686927,-0.004182621353685609,-0.0013144753398687246,-0.004105243688423633,-0.001314475339868693,-0.003826724258114818,-0.0043085404957929445,-0.0030654965006031336,-0.003983951517637345
2016-10-14,0.0021531313728276403,0.00017924682595232486,0.0021541632419757946,0.0011977359917969641,0.004490841688877629,0.002530471805137179,0.0023384187952619935,6.699597320316628e-05,0.002341548756527604,6.699597320316552e-05,0.0023434681531314563,6.69959732033904e-05,0.000807771040930984,6.699597320316457e-05,0.001455965179500232,-0.0016167728478793028,0.0006876795608916938,0.003229019205159849
2016-10-18,-0.0024494494121847475,-0.0024122001167831203,-0.0024403976209116046,-0.0020453825295878155,-0.003461847506876316,0.003358750668586034,-0.002658816935282829,-0.012789573968618483,-0.0026500936597115806,-0.01278957396861845,-0.002640858008853355,-0.012789573968621014,-0.0014072398926021962,-0.012789573968618424,-0.001412264658088743,0.01459562139314994,-0.0014956220010767238,0.00010916829631965532
2016-10-20,0.001616953565137132,0.0033711921356295678,0.001617041043220603,0.0028273450656973835,0.0025028329666336897,0.000508474576271221,0.0023979704297317724,0.008952758560579125,0.00240504994903723,0.00895275856057911,0.0024127987106794166,0.008952758560580067,0.0024418511178209232,0.0089527585605791,0.002416308183059389,0.00841637739860575,0.006065663952643716,0.0029497260864482754
2016-10-21,-0.00262541673078845,0.0008758702935968925,-0.0026320123708421903,0.000716667465927101,-0.001001245670974183,-0.002424192175656128,-0.0006993052316559593,-0.007654342584968755,-0.0006867878333207928,-0.007654342584968743,-0.0006724400398798092,-0.007654342584969557,0.000429915635910718,-0.007654342584968733,0.001010101855655821,-0.008922535959994801,-0.0033173940626103965,0.000532420698174664
2016-10-24,0.00010590227119153397,-0.0010854447980279836,7.22288645772417e-05,-0.0008814730312033887,-0.000854720497159489,-0.0023863307371627513,-0.0014971660280789054,-0.004342677879673653,-0.001492356838858093,-0.004342677879673651,-0.0014871779759596934,-0.004342677879673788,-0.00249155727261158,-0.004342677879673649,-0.0013299388465740775,-0.003633889515943867,-0.0009946065765679443,-0.001352173945134717
2016-10-26,-0.002524402496607729,0.002395439633856681,-0.002508890641469688,0.0015711947874606342,-0.0018460381764622306,-0.0006975723297499627,0.001116655846644054,-0.0001795166343616191,0.001102493546497511,-0.0001795166343616092,0.0010884300252966756,-0.0001795166343622801,0.0017629429573062906,-0.00017951663436160427,0.0013695928493374287,-0.0005514234892509123,-0.00011000825986908379,0.0002470532110188964
2016-10-27,-0.000983082199138481,0.0017343242109536742,0.00014171181858010044,0.0016035660806646781,0.001522849196388075,0.0019424402405531554,0.0015783213449588245,0.001093326985410112,0.0015823406602827443,0.0010933269856029132,0.0015863914147611858,0.0010933269856032036,0.0015767749034176575,0.0010933269855934542,0.0016024649098759307,-0.0005049240698049261,0.0007130464855450821,0.0016921223090817746
2016-10-28,0.002391466524023005,-0.005352556384563535,-0.00048285341051736293,-0.004693466094792893,-0.0006778642898075497,-0.0012997129466001747,-0.00448525145601526,0.008913400964860499,-0.004474227448229991,0.008913400964577278,-0.004463772656131136,0.008913400964577038,-0.004453770868775612,0.008913400964590744,-0.004426157048840856,0.008913400964577045,0.0008030168170365822,-0.0024014645061281497
2016-10-31,0.006582166561798666,0.00832660442628834,0.0050970648217094645,0.006873588009355213,0.003156169529291891,0.0011649965757874444,0.00588730852969436,0.015312416159581146,0.0058832677331660576,0.015312416159179307,0.005879652775813806,0.015312416159178967,0.00587629598800252,0.015312416159198896,0.005866879804900109,0.015312416159178974,0.007151519256232937,0.004480049315524523
2016-11-01,0.0,-2.2183261929069143e-05,0.0,-1.546508397499471e-05,0.0,0.0,0.0,-2.4592744863291262e-18,0.0,-5.114143157436387e-20,0.0,0.0,0.0,-6.817120977101372e-19,0.0,0.0,-5.7330251380086995e-05,0.0
2016-11-02,-0.0018360311982902986,-0.002380962811721812,-0.00045579175886340163,-0.001630000861831224,0.0012179517649285388,0.0003091660760199106,0.0004086425382569661,-0.00393162103031437,0.0004627467835206688,-0.003931621030622035,0.0005189283693980366,-0.003931621030622289,0.0005770209130175825,-0.003931621030606975,0.0007577153304007538,-0.003931621030622284,-0.0006752644926604704,0.0015612217278316038
2016-11-03,0.0011330261894949459,-0.0006398100363179699,0.0008262106272964925,-2.498647587714396e-05,0.0012191646784583793,0.003915280108590136,0.000859866578375264,-0.0009846782666272215,0.0008584062008096812,-0.0009846782665885773,0.0008569453277127671,-0.0009846782665885452,0.0008555239019737279,-0.000984678266590469,0.0008517858990196263,-0.000984678266588548,-0.0009945724856326287,0.0012242222434850076
2016-11-04,-0.009732211678681763,-0.007300856633706123,-0.006574387294858706,-0.006202486167948353,-0.005129773652657217,-0.005303135226466263,-0.006707570030935198,-0.017072754767230355,-0.0066743633585934475,-0.017072754766961025,-0.006640580660762175,-0.0170727547669608,-0.006606265877876631,-0.01707275476697384,-0.006502510660303826,-0.017072754766960803,-0.008674846970518105,-0.003966912616650487
2016-11-08,-0.00343630928215614,0.002214898181717346,-0.004462206817196851,0.0014788565841532095,-0.005068994659212536,-0.003457977755989031,-0.0016948101928327898,0.007623676542338868,-0.0017158997519976563,0.007623676541702621,-0.0017374900401101734,0.007623676541702083,-0.001759605638699712,0.007623676541733454,-0.001827779567068472,0.0076236765417021,0.00013073352712341925,-0.000873291566850848
2016-11-09,0.0,-0.009833846453531154,0.0,-0.0111854240830472,0.0,0.0,0.0,-2.340266235864654e-16,0.0,-2.5598291952370934e-18,0.0,0.0,0.0,-4.540816988146867e-16,0.0,-3.3014923812451504e-18,-0.004966069785555206,-0.006645424601886921
2016-11-10,0.0011636102998770707,-0.003985521174785499,-0.00029092395653498686,-0.0033903229876164954,-0.00022083937841566514,-0.0011076159739002046,-0.0032447692844785577,0.0017765403361270238,-0.0032430912695870983,0.0017765403362614222,-0.003242775332704907,0.0017765403362615337,-0.0032436975854575026,0.001776540336254751,-0.0032525475258445118,0.001776540336261533,0.000332054516325064,-0.001586244549666127
2016-11-11,-0.026951000634363998,-0.013124093023269279,-0.025363256342426997,-0.014374829674327747,-0.0242093019808269,-0.021378460760248064,-0.016844521316795334,-0.027959231497976977,-0.016886722690133783,-0.0279592314985716,-0.01693032372129704,-0.02795923149857211,-0.016975244889534075,-0.027959231498542025,-0.0171143801988475,-0.027959231498572094,-0.021642755103174188,-0.017783546652887235
2016-11-15,-0.022915739911149043,-0.004329710851967334,-0.019909320649518128,-0.004632617401257687,-0.0179893540018165,-0.012613040112996316,-0.01244536377224837,-0.014028665867902565,-0.012469027905197536,-0.014028665867563985,-0.012494208249515535,-0.014028665867563699,-0.012520829213214017,-0.01402866586758055,-0.012606750626538581,-0.014028665867563711,-0.015085969722279735,-0.007388059475438696
2016-11-16,0.005701025871553112,-0.0007787245544629015,0.002149647913796307,-0.00027527692739850144,0.0026165538344244768,0.004328698613067482,0.0011565364410121824,0.019458305642695607,0.0011597080092693615,0.01945830564207456,0.0011628527341040371,0.019458305642074035,0.0011660361800195675,0.01945830564210438,0.0011760017920553545,0.019458305642074045,0.003597966904124851,0.0015871801310742648
2016-11-17,0.006190046767462416,0.0034456037757118483,0.007099437518992037,0.003449148247382798,0.005166165108388141,0.006058449283555278,0.004010169440799254,0.0044446291076597946,0.004011556472179754,0.0044446291074853195,0.004012369015562024,0.004444629107485172,0.0040126632374473566,0.004444629107493733,0.004010996521383305,0.00444462910748518,0.0046878138124615025,0.00555217026080763
2016-11-18,0.0018630508240032695,0.0020379427207976074,0.0014391657699844643,0.001816340723062405,0.0010029781627372094,0.001196141420146437,0.001653357121434696,-0.005976333246516414,0.0016420401287241212,-0.0059763332465654385,0.0016303008812884358,-0.0059763332465654784,0.0016181891332947781,-0.0059763332465627705,0.001580742213821987,-0.005976333246565477,-5.722159678135495e-05,0.001552084615807318
2016-11-21,0.00487918917711311,0.00012073383201084367,0.003819813765006327,-5.765418153510382e-05,0.0013355013609605121,-0.000468701014352455,-0.0001627173801195419,0.014227607961859031,-0.00017715782064764473,0.014227607961657684,-0.00019358094472028095,0.01422760796165751,-0.00021184064306357757,0.014227607961667093,-0.0002749257984638603,0.014227607961657519,0.005712617430244125,0.0002459817983571851
2016-11-22,-0.0040203117293941696,-0.00013738549738128076,-0.004316626054044814,-0.00044523469891088823,-0.005416352102985626,-0.0011064115390436954,-0.004439635442891426,-0.00552456952292744,-0.004452423647726162,-0.005524569522639981,-0.004465497857528707,-0.005524569522639741,-0.004478837148994624,-0.005524569522653955,-0.004519457803510758,-0.005524569522639746,-0.002445296347059028,-0.0010658767234274574
2016-11-23,0.003417499083570475,0.006998352180055443,0.004336886011616054,0.009245659279422095,0.003898269180964154,0.0005072567662620813,0.00012083139801446216,-0.0028578549647927786,0.0001525240960642237,-0.0028578549647515243,0.00018464284196377805,-0.0028578549647514896,0.00021722237883598492,-0.0028578549647529624,0.0003159145050352624,-0.0028578549647514887,0.005139058589417982,0.007230935748446967
2016-11-24,-0.0009245180230357552,0.0017771624375788777,-0.0014476693652784236,0.0014474650033038995,-0.0009492261722132322,0.00017153822498569484,0.0004392399784179595,0.004962332612164457,0.00042371528781561186,0.0049623326123234834,0.0004083509334891752,0.004962332612323617,0.0003930996037065385,0.004962332612315601,0.00034853716138654193,0.004962332612323613,-9.543574642969772e-05,-0.00043212499894390447
2016-11-25,-0.012560224141066135,-0.005624520635218949,-0.009295492291347778,-0.005040272348296935,-0.008541593352586814,-0.006737280100880685,-0.00867989411224451,-0.016739489381629755,-0.008666566865701306,-0.016739489381533777,-0.008652893777413018,-0.016739489381533697,-0.008638923046110395,-0.016739489381538117,-0.008596403203413278,-0.016739489381533697,-0.007810755877016099,-0.004893563654245853
2016-11-28,-0.0023678070511524924,-0.0030850281349419856,-0.0048661897037357,-0.003196985894203715,-0.0047441426833871436,-0.004874991450381535,-0.004549129912961536,-0.006097683715500015,-0.004549314864913173,-0.006097683715260745,-0.004549537066515306,-0.006097683715260546,-0.004549819965151887,-0.006097683715272359,-0.0045511233586067274,-0.006097683715260551,-0.0034236974531961007,-0.004025951120794146
2016-11-29,-0.016247190113947263,-0.0026766364096333967,-0.014007166581758925,-0.00333049040952928,-0.00948999138653837,-0.00863985255011814,-0.006081954371211689,-0.008771109591684385,-0.006074997005285215,-0.008771109591631365,-0.006068530137542921,-0.008771109591618987,-0.006062550715106913,-0.00877110959160043,-0.006047597270469481,-0.008771109591638829,-0.009714976829603036,-0.00532947047095337
2016-11-30,0.0035825619930338172,0.0027031820988215292,0.001974898614165,0.001932834185946819,0.002807473864695538,-0.0026953159052791782,0.006180784727037257,-0.00300747946202892,0.0061933320903610764,-0.0030074794620371876,0.00620939521929295,-0.0030074794620513867,0.006228448477007604,-0.00300747946207306,0.006298084055869445,-0.003007479462028638,0.00793926901614809,-0.004624765080157321
2016-12-01,0.011396950224711542,0.014969429625195438,0.01885901774006289,0.015932073068907954,0.015201109731732786,0.027674330984595798,0.012891128237695552,0.011534075738784979,0.012876714092635997,0.011534075738781058,0.012859538458069896,0.011534075738774114,0.012840035602120235,0.01153407573876117,0.012772230210648194,0.011534075738785149,0.010750516213965553,0.024194900370411908
2016-12-02,0.008701380440044105,0.002724482259880522,0.007001612347664284,0.002884227831841716,0.006390147215850427,0.006656800264234635,0.00624518711609166,0.0061863649577251515,0.0062498935257602915,0.006186364957724572,0.0062557945579845165,0.006186364957723587,0.006262780104984934,0.006186364957721562,0.006288703963734571,0.0061863649577251776,0.005920557802879718,0.003484438086676067
2016-12-05,0.008393596144592405,0.003280596444870225,0.00753253949212529,0.0029325943925842027,0.0077376980935847505,0.002522041577020879,0.006212848555197942,0.0036914665807419537,0.006222350790256384,0.0036914665807368293,0.006231783604237984,0.0036914665807280733,0.006241113384709668,0.0036914665807115765,0.006267828861669045,0.003691466580742159,0.007086118911323535,0.003943614908988641
2016-12-06,-0.00028732684543233836,-0.003015578839584748,-0.001095121646065202,-0.0026351946286521325,-9.555793899521212e-05,-0.0020778001140922854,-0.00275749770819755,0.0010873282800311294,-0.0027489064677798294,0.0010873282800266458,-0.002739599822249103,0.0010873282800182265,-0.0027296124930355848,0.0010873282800040348,-0.002696651510800498,0.0010873282800313246,-0.0018918318102635829,-0.0010713332106100678
2016-12-07,-0.0048144714290563806,0.008271525166042208,-0.000358371987332488,0.00820593036721889,0.005434902075079539,0.007857312733435278,0.0073675274905716836,-0.0071789373612409215,0.007346752032049683,-0.007178937361243095,0.007324771833281566,-0.0071789373612470295,0.0073017070555226535,-0.00717893736125376,0.00722848424340582,-0.007178937361240857,-0.0005552415992503739,0.00874958036115412
2016-12-09,0.015532962995144436,0.0005756895055825557,0.01194305025579115,0.0008384793450221613,0.008048806030950865,0.0033367966091834437,0.006317510432982736,0.0068712723608405305,0.006307317881466679,0.006871272360836373,0.006297090459982469,0.006871272360829305,0.006286871289369359,0.006871272360816757,0.0062570511503492665,0.006871272360840703,0.007015239232671383,0.0013826168841959662
2016-12-12,-0.004621485302934613,-0.0019030802370143323,-0.004887997812551295,-0.002065614890366044,-0.003189592744081918,-0.006549995097993039,-0.0014252430523189964,-0.0035037867466466044,-0.0014372970723590989,-0.0035037867466375682,-0.0014485172807095848,-0.0035037867466215867,-0.0014590312416766452,-0.003503786746591907,-0.001486832265183403,-0.003503786746646963,-0.0018930689320606918,-0.005397059811630572
2016-12-13,0.011284875091653065,-0.0009377080799912218,0.00982774705032268,-0.0007898494155490464,0.004846746375392156,0.0049932390476886985,9.42966253865911e-05,0.015207535341745862,0.00011097874223818592,0.015207535341735249,0.00012925252581721838,0.015207535341715964,0.00014896653431917636,0.015207535341681764,0.00021410256126385443,0.015207535341746313,0.006250529642198225,3.831417532039385e-05
2016-12-14,-0.005583892795945894,-0.005877135193327004,-0.006256307333277014,-0.005207767858091836,-0.007491130715681321,-0.006773541901183944,-0.007628627404511881,-0.007316480392974837,-0.007652586032809057,-0.007316480392966174,-0.007678562399833939,-0.007316480392950393,-0.007706254781274784,-0.007316480392923406,-0.007795575007939367,-0.007316480392975167,-0.006344103711761442,-0.004253618621474952
2016-12-15,0.007994868617406916,-0.0012271060683369335,0.004302611419239182,-0.0012679843691330486,0.0036642458558232053,-0.0023240899602991866,0.004023138516001005,0.000986744076503689,0.004078877224268767,0.0009867440765073151,0.0041394962569872166,0.0009867440765141606,0.004204379615422983,0.0009867440765270014,0.004415485819251873,0.0009867440765035475,0.004553403058426343,-0.0027471299129403076
2016-12-16,-0.002987006693358329,0.008296010376045682,-0.001980690570133005,0.006559814359266196,0.0013345951527886015,0.00045240121834154396,0.003997187057057481,-0.0033168263517894168,0.003988783932604475,-0.0033168263517883165,0.003979704428205401,-0.0033168263517861026,0.003969981414581748,-0.003316826351781165,0.0039379954379788985,-0.0033168263517894905,0.005592359114744242,0.004158409001558281
2016-12-19,0.0043135090228472,-0.005166291328840918,0.002036933011333241,-0.004284832240496269,-0.003324340037930394,-0.002371934920578557,-0.0031775334650228216,0.0013355359085537137,-0.0032162024348975395,0.001335535908555522,-0.0032565232014467754,0.0013355359085592208,-0.0032982434553209634,0.001335535908564632,-0.0034274102400542075,0.0013355359085536448,0.0006244517917387189,-0.005535851183012327
2016-12-20,0.008374334641550168,0.004560206541335003,0.0072616874822177945,0.004283226682173132,0.006511191442524451,0.007833892014174525,0.004959829774908555,0.007571310189646182,0.004934739775990427,0.007571310189638255,0.004907880006061648,0.007571310189624015,0.004879470943151764,0.007571310189598285,0.004788508964141318,0.0075713101896464985,0.0058121777584907745,0.004445816387120414
2016-12-21,-0.0007844102243921089,-0.0021468231031720347,-0.0003520449712246538,-0.0023902167039032284,-0.000473455107701963,-0.002739239533295584,-0.002757549709501302,0.0064763148062849584,-0.0027640196131446223,0.006476314806279682,-0.002770746650809251,0.006476314806269485,-0.0027777337968370123,0.006476314806251837,-0.00279976562994309,0.006476314806285181,-0.0019790160645238117,-0.003977486484266865
2016-12-22,-0.003219359159192168,0.0003109984632016878,-0.0015658377259922893,-0.00016029997970493158,-0.0025694009200472644,-0.003107244444078382,-0.0001837457256082674,0.0001754635752171755,-0.000173229642629727,0.00017546357521924338,-0.00016072593329030703,0.00017546357522259132,-0.00014646826006995415,0.00017546357522807508,-9.612202440032196e-05,0.00017546357521707438,-0.00035936863185730903,-0.003509118722015076
2016-12-23,-0.007428386871885065,-0.0028419026913875946,-0.004554187866908019,-0.0027751892395823366,-0.0016135455771732316,-0.0053179040123404785,-0.0036690572169808706,-0.0033854798266997476,-0.003681902976687661,-0.0033854798267037053,-0.00369639053488509,-0.003385479826711548,-0.0037122904797978005,-0.0033854798267252072,-0.0037656125200165366,-0.0033854798266995828,-0.0054471667931395755,-0.001852121714259745
2016-12-26,0.009612468021883005,0.011518308790281581,0.010262997578502983,0.010624446403516693,0.010323050344756122,0.011235915702294817,0.012675498052390075,0.008503827614126831,0.01268600205050282,0.008503827614132774,0.012697165962767631,0.008503827614143804,0.012708807339079298,0.00850382761416324,0.012744701068862427,0.008503827614126587,0.010470106926409446,0.010314468879774252
2016-12-27,1.7136017075536277e-05,-0.003937979578395018,-0.0013347750898672498,-0.0031449841160571816,-0.003648744875030218,-7.872332023702369e-05,-0.0032152031978350875,-0.005760523249045495,-0.003225415580401501,-0.005760523249046875,-0.003236666195106472,-0.005760523249048758,-0.0032487429294996754,-0.005760523249052197,-0.0032876638755524497,-0.005760523249045448,-0.0014218518416063881,-0.0015886466616770337
2016-12-28,0.010935430015081325,-0.0007150177704113123,0.00942369187140136,-0.00041977728186982287,0.006819427622633126,-0.00016838043533459933,0.0019738137163856826,0.014088636177019604,0.0020138371196572313,0.014088636177020886,0.0020557550183410963,0.014088636177023042,0.0020993563028893322,0.014088636177026938,0.0022358363670300163,0.014088636177019598,0.006790185305844143,0.003743722267162962
2016-12-29,-7.463086712116373e-05,0.0009566256949194863,-0.0010336039775892944,0.0010440757391449948,0.0006469338336239732,0.0017805778959454179,0.0004328393331585809,-0.00022161136209772258,0.0003635639953143119,-0.000221611362141425,0.00035453574098333584,-0.00022161136211590695,0.0003667599153145837,-0.0002216113620949757,-0.0006081689240867287,-0.0002216113620969847,0.0012439432464941345,0.0023379997043113418
2017-01-02,-0.0021457326475348313,-0.0021259542087319616,-0.005353298977524426,-0.0021380327910401745,-0.004297072684987407,-0.0030616061586310095,-0.004295572658729441,-0.013406605743794113,-0.003588109218635898,-0.013406605744090739,-0.005113323595702873,-0.013406605743922712,-0.005112097755791342,-0.013406605743789218,-0.005074557758401891,-0.013406605743789239,-0.007399307086123648,-0.004452139056345495
2017-01-03,0.002314076979216745,-0.001634825985318455,0.004916742666710168,-0.001624655511189334,0.0025716391665859244,0.00229750551623277,0.0026139610972027625,0.008270230663812777,0.0025486934728348076,0.008270230663914274,0.0021203311282054216,0.008270230663856855,0.002137071615653096,0.008270230663811157,0.003665117488074809,0.008270230663811162,0.003032683383404739,-0.0009968104810547775
2017-01-04,0.01445180613520796,0.008121628637316598,0.012622578799313403,0.007664419304210929,0.008748659852594945,0.008286493623537793,0.008687208956448629,0.0207317141808547,0.0065138981315209605,0.020731714181191463,0.007573567974632562,0.020731714181000685,0.007556183479311408,0.020731714180849164,0.009442886340586674,0.020731714180849188,0.012482249820808873,0.007043121448694945
2017-01-05,0.0005142434308836835,0.009784797960331444,0.0029130860537216014,0.008735032726109503,0.006190483390762453,0.007059146147144779,0.0062347150611996895,0.0063205609805165215,0.008831969432811467,0.006320560980509434,0.008907471823047306,0.006320560980513459,0.008917261958465471,0.006320560980516653,0.01017527715196144,0.0063205609805166525,0.005946996725441017,0.0075225501442589765
2017-01-06,-0.00239388086831639,-0.00037230735038235014,-0.0014002310686303291,-0.0003696927681149695,-0.0006275280912075834,0.0011192981401073148,-0.0006193555183759896,0.0011886705682707022,2.5157704343726996e-05,0.0011886705682917253,9.303450438941243e-05,0.0011886705682797676,9.323752635285011e-05,0.0011886705682703665,0.00048643696196103126,0.0011886705682703667,-0.0016172280763799964,-0.00023205105440212527
2017-01-10,-0.002640270530331992,0.0003188771431213975,-0.004474643137609005,0.00038892458179677397,-0.0011209729316585136,-0.0025336139958991107,-0.0010301547792870135,6.664259227075435e-05,-0.001105596795301398,6.664259250793772e-05,0.0006810729999619498,6.664259237356016e-05,0.000712990575457274,6.664259226673861e-05,-2.6227690765121946e-05,6.66425922667568e-05,0.00017289225564230811,0.0011823902372382076
2017-01-11,0.0019189694145294684,0.001830997469478146,0.0011377939137772956,0.0018227560280139451,0.004337239650606073,0.005217048979835271,0.00438183211706918,0.001475605526082377,0.004397899857210742,0.0014756055258692729,0.002001758920220695,0.0014756055259900797,0.0020194606202444724,0.0014756055260859977,0.0005998869556405446,0.001475605526085985,0.002562570097228631,0.002886138655137583
2017-01-12,-0.0025606406723607538,0.008654047882041261,-0.0023403290018842917,0.01096808902924048,0.0019672410962123764,0.0008260206143984208,0.002049710948261323,0.0016587618095323079,0.0016719001882487153,0.0016587618098563197,0.00363425358239293,0.001658761809672504,0.003662485836628939,0.0016587618095265028,-0.002348910497950828,0.001658761809526526,0.0018546477720349911,0.010115090317101956
2017-01-13,-0.0012719923025842112,-0.008343354166608856,-0.002108081265985091,-0.010600857850359673,-0.0011327066633291657,0.0016161259365895673,-0.0011534625803545568,0.0033317152615205377,-0.00095009780019121,0.0033317152615498623,-0.001255878806700895,0.0033317152615334753,-0.0012545281436573267,0.003331715261520492,-0.0007291431152063959,0.0033317152615204956,-0.0024173058105825635,-0.0039421497049136785
2017-01-16,-0.006693429984994131,-0.006271156701589731,-0.007285144450516815,-0.0059030812915690616,-0.0069268632068247,-0.00198871120890072,-0.006851681027286366,-0.0046980136463857,-0.004904884330463568,-0.004698013646498674,-0.00617583692454214,-0.004698013646434663,-0.006151045092934316,-0.004698013646383787,-0.0073129956830127706,-0.004698013646383795,-0.005880475181567528,-0.0049650177484215595
2017-01-17,0.0001080928431434336,0.007312992628701688,-0.00017769483018210562,0.006650037683054755,0.0017542995330672925,-0.0031413185591603063,0.0017022469265642348,0.0020123342482602172,0.0011105668512742788,0.002012334248475128,0.0021059815507653377,0.0020123342483533138,0.0020836507054536567,0.0020123342482565205,0.0029844106633222568,0.002012334248256535,0.002965916740808242,0.003048545058982998
2017-01-18,0.0018118670444763154,-0.0017041676349665352,0.0028298265595762167,-0.0012231809798230568,0.0012018929716216238,0.0004512044728709485,0.001157582892219081,-0.0021625107521328906,-0.0005696666652903222,-0.0021625107521711213,-0.001663442353478574,-0.00216251075214947,-0.0016807453919663066,-0.0021625107521322596,-0.0015354820686537475,-0.002162510752132263,-0.0008602005046646025,-2.8250207762520372e-05
2017-01-19,0.000857293696308929,-0.0028189199179457776,0.0017873602968567763,-0.0023902774327020228,0.0031654041955320213,0.004946844833416333,0.0031704814761650832,-0.0004321743892701328,0.002781433580157608,-0.00043217438957981775,-0.0013931676155991292,-0.0004321743894043286,-0.0013895975616195605,-0.00043217438926486753,-0.002150686458882551,-0.00043217438926488824,-0.00032593223175202265,0.0005067854577176456
2017-01-20,-0.0061249810316617555,-0.002394465352321881,-0.005875038220272031,-0.002359706909581769,-0.003824133786035111,-0.002690838684028575,-0.003754143996764106,-0.00021672077233469248,-0.002968190663880344,-0.00021672077204151825,-0.0020285866737987214,-0.0002167207722076562,-0.0019981964441528376,-0.000216720772339646,-0.0017935696964578513,-0.00021672077233962455,-0.0035031845350273786,-0.001459143217128366
2017-01-23,0.0030263568755459908,0.0015249283430557774,0.001462353454910161,0.0018520477767273687,0.001206663740607861,-0.002193949345042496,0.0011503593647242455,-0.003084089137481219,0.0006914119377840824,-0.003084089137505548,0.00048779350855816654,-0.003084089137491727,0.0004663876355781233,-0.003084089137480848,-0.0015370306175966667,-0.0030840891374808495,0.001129998560065416,0.0023358580397749044
2017-01-24,0.008738731817972934,0.00385076018277789,0.007885178091116295,0.003712755698263862,0.006137186491685551,0.010548354472441436,0.006151911831442651,0.014611384149855527,0.004790389904017044,0.014611384149871785,0.005773339665992495,0.01461138414986257,0.005778635465713482,0.014611384149855387,0.005851842624903415,0.014611384149855387,0.007319248235284539,0.00421516026823518
2017-01-25,0.00010447593404950477,0.005436290215322551,-0.002044318968903245,0.005604595530151282,0.0008022684337952858,-0.0021859807994769683,0.0007518436646587806,-0.005029708503037795,0.00093785322670235,-0.005029708502947648,0.0028331656072991237,-0.005029708502998773,0.002810045976081203,-0.005029708503039403,0.0008319865105391585,-0.005029708503039396,-0.0007782897418402928,0.005334920178733906
2017-01-26,0.006473406380687713,-0.0063534900081326905,0.008363953611213108,-0.005289396410533457,0.004272556952196837,0.00804919674722854,0.004303194211825706,0.0033148158699704187,0.004444196096363349,0.0033148158697576748,0.0007809694808200915,0.00331481586987829,0.0007832156921324523,0.00331481586997411,0.001281044985669535,0.003314815869974094,0.0018505585374058503,0.00015256420630556378
2017-01-27,0.003627121156912722,0.0026679209495724266,0.003435748934254644,0.0032109535109682784,0.004598350973290985,0.008468391177325606,0.0045784956655588425,0.0035066997143280722,0.0030129803773275773,0.0035066997143009754,-0.0004575922636439949,0.003506699714316306,-0.00046357413752375043,0.0035066997143285658,0.0018391854937511835,0.0035066997143285636,0.0012671995877550635,0.0073717122119506
2017-01-30,-0.003851414529368299,-0.004044996480824198,-0.004001283643779564,-0.0035913444747884024,-0.003918124099174921,-0.00935278539190621,-0.003989943923387646,-0.009547831215456583,-0.0052460246742889105,-0.009547831215388995,-0.004446648415413239,-0.009547831215427353,-0.004472350621358277,-0.009547831215457827,-0.006761935727756191,-0.009547831215457823,-0.00659204797742418,-0.00438364165224625
2017-01-31,-0.0077745384104664595,-0.0056366506396712205,-0.0061934398604058345,-0.004428032046151781,-0.007293148912642417,0.0006945013731291992,-0.0079205659017999,0.003005673351169266,-0.007650400488942688,0.0030056733511825643,-0.0076342561996376535,0.003005673351174477,-0.006124770903597972,0.0022313058014969793,-0.006888061062803911,-0.0019999087676648825,-0.002692962977205639,0.001302633897498708
2017-02-01,0.0008455509557921865,0.0022088818866395606,0.003970521611427242,0.001357690952490852,0.0015068753672440869,0.0034106657512359205,0.000985289413404772,0.0024653493453933367,0.0010237932785122376,0.0024653493453941867,0.00106109937123914,0.0024653493453935544,0.0014660933145149895,0.002564349045702601,0.0043477189630382876,-0.0013023198552677556,0.002961773406667725,0.0016473177548556052
2017-02-02,0.009890616628110502,0.0018795163050249566,0.008322749073690176,0.0023140419774179116,0.0065973349977210185,0.0036678070297955032,0.006356523390271471,0.00835795704978423,0.006336180198773327,0.008357957049783704,0.006317550312551493,0.00835795704978409,0.004776841764624469,0.008271432025148946,0.0026667724473150188,0.012083155794020816,0.0051922332823961396,0.0017184412919116015
2017-02-03,0.004629621159045561,0.00347626977485269,0.0041624549316926695,0.004025199153483133,0.0038433618482030863,0.0064038087299873895,0.004633001735247623,0.0002923687554355514,0.004629255834501954,0.00029236875543640195,0.004625564417875997,0.00029236875543577935,0.004248530707299266,0.0012849101669944816,0.0037695208530192175,0.0041124341581820385,0.002461276339275077,0.006651783620844996
2017-02-06,-0.0011228660596307302,0.0021764721585636414,-4.17392177465988e-05,0.002337733935272937,0.0020829557965979634,-7.74865647190508e-05,-0.0010202574797368792,-0.0018818171340562434,-0.0010379005228100123,-0.0018818171340571632,-0.0010590024479338158,-0.0018818171340564786,-0.00023030978836781568,-0.001545114006121931,-0.0008322351375810314,0.0011930214919015749,-8.422830606732062e-05,0.0031504731553768242
2017-02-07,-0.005418858328988525,-0.004229060074915421,-0.0032959540782057936,-0.004679422301620891,-0.0021985836224432996,-0.004894919252073147,-0.0024303055038296826,-0.005159179236048332,-0.002410909918662804,-0.005159179236045202,-0.0023932868548749283,-0.005159179236047508,-0.00263556323109845,-0.0043436693012128755,-0.0034531297768757136,-0.0010060505685321537,-0.0027234779654988217,-0.0011002896789156875
2017-02-08,-0.009735967079077966,-0.0013336476824539825,-0.008572967576126647,-0.0016272464226286675,-0.005095206617681744,-0.0024051742781244986,-0.004675279763332341,-0.010575551003491087,-0.004653248795757731,-0.010575551003492705,-0.0046324180498320796,-0.010575551003491506,-0.0036964488996073823,-0.010016082640924833,-0.002535472617875966,-0.01162500542858336,-0.0052360247008889265,-0.0006628429936644107
2017-02-09,-0.00300085515517313,0.0033962957228859452,-0.004603401960770337,0.003913664266737928,-0.0018121930111544878,0.0023318767836228,0.003795242895000341,-0.006153274904894121,0.0037857349550829895,-0.006153274904896061,0.0037770841010353003,-0.006153274904894622,0.002030295288422416,-0.007282438565919727,0.0017175621413792878,-0.01137235096422571,-0.0024219417561101636,0.004990982888752256
2017-02-10,-0.0002777951657090365,-0.0016542159410731013,-0.0015984408825432089,-0.0014651915398621856,-0.0008070952370151849,-0.004320831997240102,-0.0015033763932997151,0.006594028375557966,-0.001518650305670917,0.006594028375560852,-0.0015333314724394536,0.006594028375558696,-0.002645666487941932,0.006520587736561517,-0.0035610093798732383,0.000985513684951868,0.00012651900520427935,-0.003072321509696425
2017-02-13,0.0063122580092669425,-0.00024161558070449153,0.006116075930130485,0.001074053787589436,0.0030282735641480826,0.005768643668920228,0.00346425849765653,0.005387599572474913,0.003459451196510804,0.0053875995724764845,0.0034538850496157137,0.005387599572475317,-0.00019930118018542976,0.005851108643243732,-0.000305308408963783,0.00888054055081193,0.0006058564738647598,0.004625151343955011
2017-02-14,-0.01941949035552514,-0.0293595692192767,-0.01943213770077221,-0.023991424959272294,-0.015871497070535843,-0.011718553802696267,-0.014396631449749746,-0.013603545011860277,-0.014368923644312406,-0.013603545011858653,-0.01434267869407257,-0.013603545011859891,-0.026965418349383933,-0.01259768256205227,-0.0362763098276425,-0.013905085107974731,-0.024322832499266787,-0.010374195196333657
2017-02-15,0.0076869139154875235,0.017547592414860296,0.007671836727583446,0.014524160817234143,0.005852230442630799,0.009876837075044446,0.004872557753262386,0.005842794397643646,0.004880844753084826,0.005842794397638071,0.004890447675784858,0.005842794397642219,0.013695071107635022,0.004641742259076409,0.023060121568110895,0.006570217967069765,0.012171382786524193,0.004930839582736888
2017-02-16,0.009898060936640843,-0.0030278811889232872,0.010071936119856089,-0.0013754436606610715,0.0069017795454766415,0.0077494467879964165,0.0067076481807200545,0.007454601546301514,0.006702074497643531,0.007454601546299052,0.006697521830885619,0.00745460154630087,0.0025001136193433353,0.006379258848381739,-0.00042355236278935715,0.008976261085340387,0.003149748863637693,0.0032833209508702967
2017-02-17,0.0011356770814867428,-0.0003428714445928195,0.0011647533710602634,0.00043439942207233663,0.0008676825092423245,-0.0019752941821943467,-0.00027319727803834255,-0.0007496154511285276,-0.00028120231517041964,-0.000749615451123549,-0.000289990558453319,-0.0007496154511272394,-0.005886406708675756,0.0005055268867613169,-0.004582153251604604,0.00383136077878057,-0.0009612304130605836,0.0009665473850244629
2017-02-20,-0.0017471213097321884,0.0005486943721155634,-0.0031943448567697667,-0.00018991955400996115,-0.004130075256390276,-0.0012042206766947484,-0.0025727461447616305,0.0007214953801231003,-0.0025663274478336714,0.0007214953801223695,-0.002557351191556534,0.000721495380122911,-0.0001926698458166444,0.00016302974741962484,0.0027609205296513263,-0.0022455386875333857,-0.00020167723808690093,-0.0035866880726233815
2017-02-21,-0.002939449843428662,0.0037838664364569594,-0.003472013072916395,0.003785279945271609,-0.0022342810524346,-0.0028356895480748322,-0.0007938017105246712,-0.0026973077917852154,-0.0008032173590770222,-0.002697307791782943,-0.0008140929835041978,-0.0026973077917846248,-0.0011094200318629583,-0.0021374037778139924,-0.0020601979106564566,-0.00130251946370178,-0.0016437289562290145,0.0023590205121015255
2017-02-22,-0.0034589379179624236,-0.0066024469755839,-0.002391405269745777,-0.005611995571420379,0.00011030261577324289,0.004150094579960597,0.0016219624470419952,-0.011088879812267033,0.0016323191674731995,-0.011088879812276105,0.0016417565780810091,-0.011088879812269371,0.002347659799432926,-0.012164932836118211,-0.0016057124024042215,-0.006089536210862853,-0.005809932619533331,0.0019508785844130892
2017-02-23,0.004208407011108868,0.005175494653484576,0.007654696675379751,0.0055682772592223735,0.009446045113979873,0.018526181926530366,0.007816707036131139,0.012564078921744284,0.007848944324227457,0.01256407892174291,0.007879259744356156,0.012564078921743932,0.010435717934290543,0.012398768958849072,0.013539477696594396,0.008878202300854524,0.007281037644240984,0.011424456502128524
2017-02-24,-0.0037486908930589573,0.0019311244597852203,-0.001205608222651084,0.002886605492507545,-0.0018427305348023555,0.001393636813270026,-0.0022916645350255062,-0.002623163730178749,-0.002289633350394553,-0.0026231637301697783,-0.0022936273624504008,-0.0026231637301764015,-0.0015149438984866656,-0.0008755751665518182,-0.001624985357051131,0.0010739164284586373,-0.0010016248505522866,0.008293406460575381
2017-02-27,0.00048149543299062444,-0.006567069982855725,-0.0016345731270172863,-0.00574861676793726,-0.001276285533549432,-0.0035894927258462088,-0.0010257564529548783,0.007237148951646205,-0.0010595243712840942,0.00723714895164182,-0.0010902960190131675,0.007237148951645044,-0.005590145563041178,0.005283440799252757,-0.00722199001130792,0.00028413484006214535,-0.002554313799025025,-0.008177977366284901
2017-02-28,-0.008886819020165857,0.002286321553093443,-0.007159643399367811,0.001153273839482574,-0.005259690340580644,-0.0015609121420159281,-0.0032083430502614866,-0.010035471883479915,-0.003175743582579482,-0.0100354718834781,-0.003145552538404595,-0.01003547188347942,0.0029980787129245657,-0.009341738264006598,0.0036239133483697275,-0.008142717838078345,-0.0028022003875970486,0.0019249032095992108
2017-03-01,0.006353044292047963,-0.0006223626317404552,0.008107195420679315,0.00118441228345073,0.007599246201432973,0.007579529037126585,0.007129156114924956,0.0024332155242822867,0.005569976224963382,0.0011450704055894466,0.0055603093934409025,0.001145070405567758,0.0039045682187851365,0.0013440476278825653,0.0035853549133768982,0.000764298260731743,0.00134728777972487,0.008428889027071586
2017-03-02,-0.002030702086530898,0.00032509860260573854,-0.0035992648310109406,0.00023638642976530277,-0.003084943493493767,3.2008946604917503e-06,-0.003085473828894765,0.0013283009165372024,-0.004430506833656466,0.001852753877950797,-0.0044313572807386506,0.0018527538779574899,-0.004204542073554682,0.001852753877941287,-0.004193231496970605,0.001852753877941303,8.732650484362251e-05,-0.0008340534997635761
2017-03-03,0.0006991112564438477,0.0004595284354431591,0.0022551493596185508,6.269514287828617e-05,0.0018314549711444285,-0.0015363773523017787,0.001838596201582621,-0.0016486999580775199,0.002510913849851436,-0.002138399753926613,0.0025149895927290573,-0.002138399753897934,0.0031694014968734227,-0.0021383997539682785,0.0031741318706821073,-0.002138399753968196,0.0008824476571447111,-0.0013790153543719462
2017-03-06,0.008211067909863309,-0.0008613401052621149,0.0024719559173257484,-0.00104169251616688,0.0012712022445356614,-0.0004756724089406746,0.0012409717282153886,0.0005155029414939715,0.0024601950271166046,0.002051180214188833,0.002455296213147823,0.0020511802141351585,0.0007699772526364381,0.0020511802142671484,0.0008127554751026218,0.002051180214266991,-0.000554053126816655,-0.002131517280309119
2017-03-07,-0.0018418608207239789,0.000409108504538133,-0.00344689544365976,0.00021143316091163527,-0.00332294559256004,-0.0001424061035903571,-0.0033254928647930685,0.004441886787208611,-0.002059698556635723,0.004105209769438809,-0.0020605305718504425,0.004105209769465605,-0.002197802969022449,0.004105209769400185,-0.0021910084902344077,0.0041052097694002625,-0.00035257232823767933,-0.0018652453377992553
2017-03-08,0.0008923160480408788,0.0009325895455218526,0.0002580880061140039,0.0013377416843939646,0.0008288701455613397,-0.0005150802651526337,0.0008316695812903911,-0.011511674487626881,0.001720947049818174,-0.012555041943658099,0.0017202642779939339,-0.012555041943691728,0.001480119179103503,-0.01255504194361141,0.0014558628566959833,-0.012555041943611503,-0.0037108309092007993,0.002086261030202252
2017-03-09,0.0027632365227683838,0.004080594705335211,0.002873529315487336,0.003418759423633325,0.003047851135205019,0.0007611314282451608,0.0030335283141293542,0.008108288886547103,0.0018777496943088614,0.00982580478153752,0.0018756848744603805,0.009825804781536497,0.0014661106361001774,0.009825804781539516,0.0014843293443434612,0.009825804781539509,0.006169620588711313,0.0010935034141773465
2017-03-10,0.00369458848768603,0.0035556426871062113,0.0009976074977043662,0.0034252903482410134,0.000954815112324569,0.0015887961024147349,0.0009539802869482987,-0.00026582930792377294,0.0028167551141884545,-0.001281118382452076,0.0028161523714859173,-0.001281118382426858,0.0018121640473787854,-0.0012811183824890855,0.001836591108651098,-0.001281118382489015,0.003392997869817899,0.002419387529892622
2017-03-13,0.0055559982000581865,0.0011814325124491069,0.006188834732392644,0.0014097750956517034,0.006403357948150293,-0.0006347795233270777,0.0063826604450324936,0.0038099412226963907,0.003864896980875717,0.004134616696783788,0.0038576918138844888,0.004134616696774349,0.002585679555475202,0.004134616696797397,0.002558370948815861,0.004134616696797369,0.005115866590589411,0.0014198895868773784
2017-03-14,-0.016789707180487095,-0.008954460727333103,-0.015526678402018879,-0.009281278497899186,-0.014106328233635097,-0.008492490684586879,-0.014104833410971846,-0.02394209962568394,-0.013778513998442675,-0.02455541608716675,-0.013781971548004208,-0.024555416087182914,-0.013535759105301227,-0.024555416087144545,-0.013555712927227905,-0.02455541608714459,-0.013312467854518803,-0.009256166145334376
2017-03-15,0.007077341367012428,0.006474259683266878,0.007928332364654971,0.006981822070231045,0.00718494967318232,0.01149367101634195,0.007174632458227174,0.016143335254374114,0.0052817752616373765,0.01628288420750937,0.005275497657252342,0.01628288420753097,0.004818765366920634,0.016282884207478546,0.004800339017312121,0.016282884207478608,0.008895669601920933,0.007736266678826593
2017-03-16,0.011201969569252021,0.00775365013628004,0.007820170180084561,0.007295817567274617,0.006985262838129935,0.003143021671548296,0.006984785822220321,0.015602397755049619,0.009771801881526057,0.015758969141042047,0.00977873453465268,0.015758969141080194,0.008687984551900207,0.01575896914098686,0.008726918880714472,0.015758969140986966,0.007939907722498375,0.005503440377202325
2017-03-17,-0.0011135822754957641,-0.00021777372392149034,-0.004752659720984108,5.362710965605452e-05,-0.0054417873641022735,-0.0005738119416179234,-0.005448065780191383,-0.011695750509600497,-0.005407358053027657,-0.012067751223589877,-0.005410977343375355,-0.012067751223651408,-0.0031876212116622037,-0.012067751223501375,-0.003190068679504015,-0.012067751223501552,-0.003548356203880023,-0.00149718139926851
2017-03-21,0.0032229828985623557,-0.0010710929670340289,0.006317730530929164,-0.0003177107238143246,0.007340556389668115,0.0033996213662313463,0.0073239103362028315,0.0060113605069049315,0.006535130954895457,0.003933095403639758,0.006520788509678339,0.003933095403666452,0.0049245821815617,0.003933095403602561,0.004861497364042342,0.003933095403602632,0.0021087848937741283,0.0032938455436123315
2017-03-22,0.005830281079571185,0.002198477103040276,0.005198078052947892,0.0019036406658744678,0.005813519002522095,-0.005362499171086476,0.005808317244580083,-0.0007645348903788119,0.004591594294423561,0.0002602326503310841,0.004598008995513546,0.0002602326503255528,0.002818208310093067,0.00026023265033802025,0.002843811135597335,0.00026023265033800594,0.0029674740327402865,-0.0006814987286875007
2017-03-23,0.006252566808716666,0.005666728562830903,0.0020413369973760528,0.005368569613207244,0.001425341666395083,0.0015639861592127724,0.0014132983940078928,0.009754201421135476,0.0025527875438597913,0.009736762495126287,0.0025486636332915586,0.009736762495137037,0.00259415270521759,0.009736762495110778,0.0026211365960707804,0.009736762495110806,0.005592841546828061,0.00284358017000295
2017-03-24,-0.003950475446315853,-0.0029597432750410107,-0.0021896942355995154,-0.0029217487095778974,-0.0027350678395838593,0.0029990023782105494,-0.002722964338137111,-0.0049998533634555515,-0.0009611573798973147,-0.00531275249411388,-0.0009560547470060572,-0.005312752494091183,-0.0012146962246715911,-0.005312752494147177,-0.0012088435046985564,-0.005312752494147113,-0.0018110969609286876,-0.003244578884869098
2017-03-27,0.00016398687850468813,-0.0031860396661500257,0.0007773468088042721,-0.002521740740420185,-6.947747895677406e-05,-0.0012795012981719112,-5.724042701543838e-05,-0.004007157890636446,-0.0014007384675756157,-0.0029881417676994445,-0.0013939281598111647,-0.0029881417677404517,-0.001624516222437697,-0.002988141767640222,-0.001614579167801439,-0.00298814176764034,-0.001036574115363928,-0.0019039762229296992
2017-03-28,0.0036457033762283225,-0.0015191496418932313,0.004619995238752454,-0.0009088235523326523,0.0024565515323210136,0.002595408546215334,0.0024726275012557117,0.0032130433085977867,0.002556277142365667,0.003039731608931369,0.0025613321125133866,0.0030397316089425985,0.0029571910684474045,0.003039731608915978,0.0029815018532141986,0.003039731608916009,0.0027838842385348728,-0.0006861387393110665
2017-03-29,0.0009270306807636041,0.0022589285543061005,-0.0003833885329802714,0.0011243039159573947,0.00107846822707838,0.0005948289609899518,0.0010644457329730688,0.00796601000815763,0.0024315790834574516,0.007808679987485704,0.0024296777629793684,0.007808679987532093,0.002118758561413292,0.007808679987419679,0.0021253665482994333,0.00780867998741981,0.0012286380494688838,0.0016210183124110106
2017-03-30,0.005631684270382713,0.006179541684895438,0.006372894586251703,0.00684063589285399,0.005274962050774534,0.027581769879337057,0.00528949044196626,0.0031088249832073984,0.005428557763033474,0.003257532426605935,0.00543389052036974,0.0032575324265874265,0.005730699059877133,0.0032575324266327283,0.005727831163888861,0.003257532426632677,0.00757668322684322,0.011132941962206471
2017-03-31,-0.003665109346238481,0.0015875285465315322,-0.003862081947977223,0.0014079681830028756,-0.00394957108450148,-0.0014776120292188486,-0.0022271555001597172,-0.0005833886951263537,-0.0019803217736208663,-0.0007833886951222999,-0.001980241444916245,-0.0007833886951172374,-0.001983843189301416,-0.0007833886954439684,-0.0019819445390025455,0.000352915276644323,-0.0007425936103260966,0.00013316657374656392
2017-04-03,0.0008931595251466132,-0.0029927427665842124,0.0009222849319220038,-0.0022492519470163914,-0.0006366474167468838,-0.0008429215136521634,-0.0014790161920307226,-0.001158174545904973,-0.001479172561483204,-0.0011581745459300586,-0.0014782557760052973,-0.0011581745459133777,-0.0014762656652404249,-0.0011581745460803549,-0.001464521839293897,-0.0007633036769156695,-7.525395272715407e-05,-0.00229988531601018
2017-04-04,0.0003167314358938397,0.0026767187350929954,0.00031929350929899724,0.0017508069059454536,0.0012268729021301314,-0.0019616872994027007,0.0018511269757409301,-0.0020195216386951226,0.0018544989212405242,-0.002019521638693332,0.0018579969348846478,-0.002019521638694531,0.0018615446687236569,-0.002019521638994362,0.0018718440157153827,-0.00017329830257312447,-0.00022980087771915886,0.0006131879948683711
2017-04-05,0.0027540170544720533,0.0010902638634172931,0.0027534941020934045,0.0013688220631065235,0.001813222491178277,0.0012855991727960274,0.0018590503910172512,0.0059524575270119675,0.0018581658436614057,0.0059524575270073175,0.001856764621243366,0.005952457527010681,0.0018549239724022554,0.005952457523076872,0.0018475169666947095,-0.00021797877118627127,0.001912917471703443,0.001834288808611119
2017-04-06,-0.00044586641364999604,-0.0004240967496554882,-0.0004957800923473378,-0.0008945974324866934,-0.001395396537854278,-0.0023731045763191344,-0.0013561782206409014,0.00048164119201523693,-0.001355262196274221,0.0004816411919798479,-0.0013541661420237148,0.0004816411920034443,-0.0013530114979098738,0.00048164119225258575,-0.001349964722148544,-0.0005181456793078844,0.0001198166397266492,-0.002311993699213252
2017-04-07,0.00044512900775312534,0.0012686237675950368,0.0004679295944206266,0.0018760072011431378,0.0007332290976879815,0.0034305715106084118,0.0007614730726484115,0.0002632055092949892,0.0007564528421270012,0.0002632055093475894,0.0007492210876200239,0.0002632055093122203,0.0007400329729381359,0.0002632055106841169,0.000703652539760662,-0.0007644439620649883,8.652724614913485e-05,0.003435564743619067
2017-04-10,0.006874208908505893,1.7216757443204694e-05,0.006884305903742376,0.0002468720138588949,0.00512323554393191,-0.00032477803308461487,0.003802198015428703,-0.0028552751344382635,0.003795400719993263,-0.0028552751344096666,0.003789097170767249,-0.0028552751344284254,0.003783355909107219,-0.002855275133434686,0.0037699144864193515,-0.0022669859968640453,0.002560844882614815,0.0003659241494546808
2017-04-11,-0.0020721558791736054,0.0008190378133669525,-0.0020834664545272877,0.0003303301927478349,-0.0009818054257656036,0.0006165320853190645,0.00025996269873047493,-0.00010685628460291964,0.0002656144340235252,-0.0001068562846237252,0.0002730968472884755,-0.00010685628460969098,0.0002821322008224661,-0.00010685628415269802,0.0003157238354543248,0.0018952661817611708,-0.00017311909994590258,-0.0006456479801277731
2017-04-12,0.005322046566464994,0.0014079406740421386,0.005274780676660288,0.0017852901097785122,0.0031225888296228504,0.0028836805042208686,0.0016640468841252667,0.003674560934540493,0.0016508810545395125,0.0036745609345714037,0.0016374956919059701,0.0036745609345509834,0.0016239435076978194,0.003674560933919743,0.0015834279498025995,0.0013578642181285281,0.003578183024848876,0.0029746945366956592
2017-04-17,-0.0020952780409379994,0.001715688116607468,-0.0021135183224010833,0.0019043701350751725,-0.0007367598811060532,0.00035405301894225413,-0.0014259527199499873,-0.0015159905812157542,-0.0014193155285137482,-0.0015159905812276464,-0.0014125637031653564,-0.0015159905812197672,-0.0014057004618746945,-0.001515990580173035,-0.0013849016074014707,0.00427569390010734,-0.0005627034057271348,0.0013785470328626505
2017-04-18,0.0009949522781600494,0.001220028559122136,0.0009554724523778473,0.0011164179567057918,-0.0005176911822098595,-0.002608487520339367,0.00036604425950954286,0.0005895066065804348,0.00035591692430339463,0.0005895066065767509,0.0003457225847892197,0.0005895066065793026,0.00033546066038343337,0.0005895066058411339,0.0003048770654973154,0.003994508331322222,0.0012812028383778792,-0.0001768808009776164
2017-04-19,-0.005758959869301588,-0.004023469169167116,-0.005792025670761764,-0.004618572983482135,-0.005065019268446918,-0.003956789692819927,-0.00584511569467682,-0.001419053531218063,-0.0058454238575448,-0.001419053531294945,-0.005844425325485942,-0.001419053531243854,-0.0058423877936981845,-0.0014190535333750709,-0.005832167976143666,0.0010908249941502359,-0.002843382238772482,-0.0063013127534552234
2017-04-20,-0.0023401886092184387,-0.0028305187823052017,-0.0022674411460626128,-0.002809295934373804,-0.002900730474504718,-0.00535578364149272,-0.003376718415468775,-0.0041287275446340675,-0.003366943730999942,-0.0041287275446517365,-0.0033567345250673916,-0.004128727544639514,-0.0033461294306499725,-0.004128727544960932,-0.0033129490414522574,-0.004847164355764603,-0.0014517924066795923,-0.003949058542088025
2017-04-21,-0.0014120044400318357,0.0026861862221612856,-0.0014029047792342166,0.0024142850306163965,0.0012484410138734578,0.00033658463086659856,0.002190450025931088,-0.00107752116284626,0.0021958538413827046,-0.001077521162828584,0.0022005876622727683,-0.0010775211628404695,0.002204692373197569,-0.0010775211629781972,0.002213547780374665,-0.0005618971570080195,-0.0009578838079836849,0.002067678455902851
2017-04-24,0.005595994954613393,0.0009667744601233112,0.005632671502180371,0.0017852450507526746,0.005752604577137968,0.0072658066442137775,0.0043375740686122585,0.002830591108195297,0.004339381340973496,0.0028305911082322326,0.004338758597006033,0.00283059110820701,0.0043360167690734835,0.0028305911104417026,0.0043180184307881645,0.003369723226425126,0.0035906453039672615,0.004110883882058963
2017-04-25,0.005676907249033128,0.0007316337403800131,0.00570856201766301,0.00112304517546798,0.0032744347772364507,0.0037752477691142695,0.0014753819007672984,0.007750833850930072,0.0014736240081149976,0.007750833850892466,0.001472590269753144,0.007750833850917922,0.001472296929027485,0.007750833846763916,0.0014755863270072733,0.0009182776844706987,0.004335690273546923,0.002013779630051653
2017-04-26,-0.0010763133859702108,0.000418586224045276,-0.0010200791139711417,0.0010880529120788946,0.00058176038658331,0.00639020628609935,-0.0002214346005354577,-0.001411634873341424,-0.00022378739883398334,-0.0014116348732893574,-0.0002278368859816808,-0.001411634873324285,-0.00023335199329281787,-0.0014116348705729203,-0.0002563534070542288,0.00019657782890375518,0.00026276126153127214,0.003810843763727081
2017-04-27,-0.01223321712886824,0.008594105393181901,-0.012266071724738628,0.007011105375958736,-0.005188466654482044,-0.0019258249059238297,-0.002315335362875961,-0.001986332833970445,-0.0022977312994220864,-0.0019863328339580323,-0.0022796855905448518,-0.001986332833966432,-0.0022615240334125483,-0.001986332830374297,-0.0022091962026752864,0.0023947088518644338,-0.004153495197597667,0.005136876322808704
2017-04-28,0.006245459467038868,-0.003234847338263601,0.006257304011988197,-0.002459672877750044,0.003317891229994137,-0.0008878586521836639,0.0026218974984735474,-0.004790884712408357,0.002610296377877931,-0.004790884712367679,0.0025992934697578025,-0.004790884712394261,0.0025889813055227254,-0.0047908847124725745,0.002562918505436207,-0.002976419011798344,0.0022836705135963723,-0.00230146901084387
2017-05-02,0.002251796616998046,0.0005504771014892885,0.0022588152653638047,0.0010575606982758004,0.002362034505594788,0.002953603429493174,0.001568920489716517,0.001484226727409384,0.0015706905487670939,0.0014842267274215483,0.001573045994486107,0.0014842267274131678,0.0015760501669986509,0.00148422672946337,0.0015888064292719395,0.0025722900228790555,0.000407315313074678,0.002224619700514318
2017-05-03,-0.0033066691721080816,-0.0016340079644389,-0.003272046301057916,-0.001893618355946694,-0.00321521123359259,-0.0005857729508032849,-0.0020942172215318317,-0.005097220113200183,-0.002089383053320632,-0.005097220113179014,-0.002084655873033124,-0.00509722011319323,-0.0020800826545706998,-0.0050972201121918465,-0.002067722418737004,-0.0015660946438104924,-0.0023622040866987755,-0.0016798243471016808
2017-05-04,0.0008651337454966457,0.0028359376763931288,0.002145196489848878,0.0021984181569972084,0.004494909065773414,-0.0021894274017716323,0.0043396946433983076,-0.00463246988979513,0.004345016010179843,0.00043030028142907026,0.0032013261719365848,0.00016343075797098762,0.0032091883134786215,0.00093268670589418,0.002627562373141883,0.0008832032436512597,0.0036905378214493402,-0.0002197630228513888
2017-05-05,0.008152289752268449,0.0038493411063735632,0.005699979434764215,0.004072350509419347,0.003716767704611597,0.01180102828377443,0.004128521403509805,0.016711479774810144,0.0041250763338155,0.018105273887635807,0.004425389656821928,0.016004006099549883,0.004421507228678833,0.011389748276586982,0.004099929127527243,0.01689770943871617,0.007480908810668664,0.005815885658492758
2017-05-08,0.012679930488668539,0.008744092438706412,0.011328709491141417,0.00879105870300483,0.012153571338327562,0.005558974493107285,0.012651840539544941,0.01188638992664807,0.012661198857895736,0.009646668362576244,0.012752970099450906,0.011747602703285587,0.01276095019841884,0.01539125098199319,0.011761855753232641,0.011320959525090582,0.010083020095562573,0.006330902254471801
2017-05-09,0.0008434891484855197,0.00013941212666832936,0.0010556902307247882,-3.891574065427981e-05,0.001273735632030623,-0.0010022586339747683,0.0021307928453412808,0.0005063493067203606,0.002146488241385597,-0.0007269436345489512,0.0029523746679454366,0.0036851350805139687,0.0029704120535688086,0.002697077655065247,0.0019847693100279043,0.003492815154395079,8.929811702708217e-06,-0.002042199094951884
2017-05-10,0.0066179513500611905,-0.001857216284926737,0.008677940987791486,0.0016985691079966555,0.005027707579564831,0.0089943927664365,0.005253076881480613,0.009593812020492245,0.00525605276784326,0.0021184281978349705,0.002669614116741153,0.0071961465139823485,0.002664938479957888,0.0038372733585579234,0.0035695618303375563,0.0042089591379205205,0.0019053152537238812,0.009508460756914633
2017-05-11,0.006733254780643414,0.002668562654495385,0.006050780965246836,0.003125417945626872,0.006280040125044987,0.0005583397151743967,0.005639744473536339,0.0004990138917489375,0.005638344966709766,-0.0007281199716779864,0.005807288765330748,0.0009122063234020654,0.005803278159673098,0.003857197458634765,0.0051990244623158,0.0005743071943954906,0.004275169894973458,0.0029504334893919125
2017-05-12,0.014326105546341632,0.010912592215049853,0.012436127172868641,0.010127840728824042,0.012013579428471224,0.004793454809450127,0.013011727309957227,0.0181700232280425,0.013004034960586823,0.02200761532825658,0.010396570573613597,0.0171056810943413,0.01039031315328518,0.024633357688306465,0.011626681523345159,0.01805155864184223,0.012561908307485548,0.007818317212166146
2017-05-16,0.003346894866436032,0.0012963498534922053,0.006237407800031231,0.002768184098301343,0.004284390037445289,0.005662020644248931,0.006025789740875422,0.0071650880951153,0.0060377918440307505,-0.001101462692391928,0.004880428666152932,0.0078061678730190435,0.004890946335156001,0.0019374234308863231,0.0070012757308234325,0.005316806573359387,-0.0012630949671549008,0.007861469243745266
2017-05-17,-0.008340105069188518,-0.001909849382155894,-0.00591279965600859,-0.0014866236678589184,-0.0065281236422958,0.001585187270629359,-0.005308251126518877,-0.007238737650428718,-0.005313250178471344,-0.01189035903468356,-0.004921880753574424,-0.010251859221891847,-0.0049295078152224335,-0.014376244542794668,-0.005499317990913081,-0.01174571825229742,-0.006863132041488577,0.0008926773502723018
2017-05-18,-0.0053191972321511355,-0.001550457216590312,-0.004249031296540507,-0.001930205503772655,-0.0045907804046167126,0.0006909682036396213,-0.0027568137115614247,0.0007560074453972611,-0.0027589847859704796,0.0012299634349417178,-0.0026296248103472885,-0.00030819944795988955,-0.0026313753403840994,-0.005820246728516449,-0.00316094402553406,-0.0014002075844245345,-0.003244615698287237,-0.002954872571559978
2017-05-19,-0.005307285028777948,0.006019856585938713,-0.00507932237822513,0.0033258004896045065,0.0001651180609229543,-0.008841405896962046,0.0008269415503580095,-0.002658455477242,0.0008679048223170969,0.008988967199013896,0.0007237803707056431,0.006702787627779685,0.000781076500391803,0.013506422072936777,0.005015214501409807,0.010841036717031618,0.003186218010759973,-0.006113401394480017
2017-05-22,0.004399698317354923,0.0006110727590141912,0.003896993390523294,0.0026510961722344233,0.0033267522855023827,0.00963761544929373,0.002754409294035173,0.0069119982807311076,0.0027408239073363943,-0.004234660433400781,0.001759702860200537,8.062757982727305e-05,0.0017332417622477397,-0.004792144574716292,0.0008194760497758791,-0.003409662494747684,-0.0005351975061285829,0.009195549012580942
2017-05-23,0.011536710194820669,0.001661432632181374,0.01053822591253633,0.004040526702074653,0.008592527395626187,0.010217382161552695,0.006020151345696272,0.00848000185714148,0.0060096893124214484,0.0012909758829556996,0.005355135809061147,0.0034565491575901156,0.005335632111807646,0.005997376066021808,0.006038025144089848,0.0020911713607654984,0.004582043830104674,0.012463525950954419
2017-05-24,0.004028875754474656,0.002182833409875663,0.004054315132486715,0.003696961850967774,0.004566645293902785,0.007384642060429738,0.004512333190944747,0.0044020000727975125,0.00451199183964758,-0.0020660812574939116,0.004491922655781062,-0.00014834952307372175,0.0044839450686512475,-0.0005903044635656723,0.004498812250871599,-0.0020385394866818526,0.0013113523035017485,0.007524253683751209
2017-05-25,0.0008689133959428481,0.0023323067685679004,0.0014099135659656266,0.0027716357710709724,0.002271629590283984,0.003709959247004933,0.0023258972450559043,-0.0004051850223128185,0.0023191409523947368,-0.0037042849590751825,0.0021762817332623215,-0.004419523067149613,0.002165142517427863,-0.004098705883605658,0.0021844101655281384,-0.0051472169790428455,0.0010160723153266264,0.0036088810662558983
2017-05-26,0.005874075482882379,-0.0002502604966613175,0.0037402950885777287,0.002100597130781391,0.0013660067348708201,0.008591365855539844,0.001864410158953741,0.01121450505573104,0.0018611141425820435,0.0021942063552236753,0.003217659315487631,0.005139611855633506,0.0032057304248015884,0.005154694130171444,0.0012728856352316584,0.002575442850909782,0.0011491697257321161,0.007880097852387486
2017-05-30,-0.0030426175069421155,-0.003194103784174696,-0.0024417309416816667,-0.0034556319690283925,-0.0016538144806438212,-0.003657788947597662,-0.0020279933441295713,-0.007568548763573139,-0.0020337557988230103,-0.006198135015426718,-0.0019176012839567957,-0.007216735696572075,-0.0019241307039666933,-0.009002952688210542,-0.0031842701195653206,-0.0071035590228304335,-0.002757558150099303,-0.006246468935343175
2017-05-31,-0.007772980542068686,-0.00010785975474602314,-0.005191030947440122,0.0012484798391285442,-0.002119641338322986,0.004665145968109768,0.0016294066994729287,-0.001520541571403672,0.0016555161511377361,-0.005468922985072162,0.0017891485714107325,-0.0033155921124864117,0.0018093850499016492,-0.008868893014665058,0.002490672667962128,-0.00675406132368343,-0.005626720142412136,0.0020392438918229254
2017-06-01,0.008567488488101405,-0.0018651017000934397,0.006687859009451578,-0.0011359257309664248,0.004035320597479751,0.0007834868176458022,0.0012929454045461503,0.003409696014968852,0.001276840718903027,-0.0007093298994960953,0.0017716390245709553,0.0021509483297279535,0.0017524779615822592,0.0021151934963880665,5.3058913381938584e-05,0.0018700965895718134,0.0026011520756091806,0.0006055733101809681
2017-06-02,-0.0005770216523845854,-0.0010184629236410806,-0.0010669656852682783,-0.001888834614614882,-0.0007170053546852749,-0.003918934660554046,-0.0023808084443087316,-0.006162811818785675,-0.0023783362987130343,0.001300097253732825,-0.0022358055647373506,-0.003872233716374984,-0.0022291128123924434,0.0014724231944295517,-0.0017403247791207127,-0.0016504948837672009,0.00039676553422785584,-0.004179548534758413
2017-06-05,0.0010204037723601533,-0.0008544678398370101,0.0006596808959625498,-0.001041780447277593,-0.0005459015415696267,-0.0012261640086588474,-0.00015238452721350903,0.0069826582512340415,-0.0001425677729506522,0.006973631537358754,-0.002206454530929908,0.010970352095601201,-0.0021919829476263852,0.010967343190975535,-0.00014072706241216343,0.011970354966792851,-0.001355187388167583,0.0005490265575932556
2017-06-06,0.006643276653931543,0.006999181524961358,0.005212871807716964,0.007314205279734158,0.009047205266944532,0.007060103379281237,0.009299060865875817,0.003270940112068385,0.009304731884147764,0.003294616084180738,0.009084585773390375,0.002901119272906523,0.008389552728955967,0.01422519090126474,0.00840730288207025,0.01344238823615653,0.007190425685214039,0.007367357883536082
2017-06-07,-0.003567518608938635,-0.0020086380268302868,-0.0007649078761128075,-0.0023735108210041446,-0.0022332500908113628,-0.007340478695262286,-0.0022499055596949145,-0.002163930698203985,-0.0022559569979794494,-0.002163930698203995,-0.0022609276850882355,-0.0021639306982038265,-0.0034029595138529746,-0.006054250877996879,-0.0034142925685774696,-0.004679339015604558,-0.0017478068167248787,-0.0049530944608942844
2017-06-08,-0.004367176439034845,-0.000832883772360925,-0.0023366020823950423,-0.0008659465466600896,0.0010920629303143477,-0.011170858893366163,0.0011079648144532693,-0.016154542772649185,0.0011177216493205681,-0.01615454277264908,0.0011285209684369349,-0.01615454277264916,0.0010317373970430478,0.004998201811564726,0.0010583941324175952,0.009640954948397075,-0.0029522716271670286,-0.00211999399712235
2017-06-09,0.0013449007575061364,-0.0014010186470755645,0.00015710359829609698,-0.003733344074435235,-0.003462199824280311,-0.009872426693965717,-0.003508417705274932,-0.007274526068755247,-0.003524806040641542,-0.007274526068755162,-0.003537398061542454,-0.007274526068755054,-0.0037121224687291714,0.00374460454440453,-0.0036981352756091774,-0.00031658827465134304,0.000943247943685499,-0.010243858867614104
2017-06-12,-0.00475767191887065,0.0013102436553373092,-0.004317912776633198,0.00031073618871335857,-0.0028234844481795254,-0.0022669589167108035,-0.002819395906824804,-0.005346374191044274,-0.0028149279974619443,-0.005346374191044208,-0.002809025637338072,-0.005346374191044267,-0.0005131568318585573,-0.004953900933885057,-0.00048025107257039306,-0.0022670070479053057,-0.0025014496654170502,-0.0004268450977034661
2017-06-13,0.004423437010268786,-0.0019171539775315561,0.003507701606430323,-0.0003968425662447491,0.0027178332563341794,0.0075194593226707495,0.002729619520427406,0.004111424203266366,0.002732410605359714,0.00411142420326632,0.002733671143718714,0.004111424203266293,0.0011164760638624988,0.001918282232784605,0.0011015628434114758,0.003256094024525274,0.0006833573299851644,0.0034565309669901453
2017-06-14,0.005224373481572875,0.001373588581405418,0.005799465862969452,0.0024908828068322796,0.0022045601189714303,0.016471713363521132,0.0022068114190644606,0.01532093864814954,0.002206074133374707,0.015320938648149396,0.0022045975220066853,0.015320938648149582,0.0008729094702839284,-0.0020841995638667156,0.0008681491165711798,0.0022862536019150506,0.0032129586939418117,0.007349192525052351
2017-06-15,-0.0012489484038761167,0.0022965435133633335,0.00021729089305189608,0.0029110451922735904,0.004033987291698656,0.001947056178098349,0.004041342387697486,0.0025013290064424087,0.004043624362411135,0.002501329006442399,0.004044971051195337,0.0025013290064422856,0.003925638731781823,-0.002551385960503549,0.0039039598336995896,-0.0016668521458465682,0.0005017635517284909,0.0035939897846864774
2017-06-16,-0.0008003771061212096,-0.00243707049988275,-0.0034417042844810154,-0.002379946593330062,-0.000958421311142973,0.0028658689730967557,-0.0009259445088027864,-0.0017408029564559822,-0.000906106044233134,-0.0017408029564560188,-0.0008841849120327222,-0.0017408029564558516,0.00043912124015120784,0.007770927209012271,0.0004937004946754328,0.008829903427897271,0.000727397151447318,-0.0011093334065082395
2017-06-20,-0.010334073856427733,-0.0049794588444626794,-0.007235258563419698,-0.0044158554636840874,-0.005142932448479389,0.0010696211608933362,-0.0051466737083543344,-0.004595654066708035,-0.005148108060138974,-0.00459565406670812,-0.005148942378767386,-0.004595654066708182,-0.0060005581683956555,-0.016255972568939382,-0.005983143332283021,-0.009927382918581373,-0.010018782328817704,-0.0033680920425446246
2017-06-21,-0.0074765885173929784,-0.006607754641001586,-0.008251694794188615,-0.007195873341280933,-0.011581298637237593,-0.014288308795409026,-0.011626103560254031,-0.00014971181396013252,-0.01165020774182204,-0.00014971181396026265,-0.011675437388900584,-0.0001497118139600533,-0.012173113540516813,0.0012339306139501536,-0.012241578891042219,-0.006233895483986114,-0.004218113232949572,-0.009788190539964273
2017-06-22,0.005594994680609754,0.002535279053169502,0.0030652507738690173,0.0013617604062997218,-0.000861175706367516,-0.007016830666426667,-0.0008662677173218744,-0.00042055505200850804,-0.0008721627334776329,-0.00042055505200832747,-0.0008804663131892253,-0.0004205550520084639,0.0005685223797439964,0.0008056919713201748,0.000528700785534623,-0.007937673308385212,0.0030639827417687344,-0.0025766322762071246
2017-06-23,-0.002273699837825555,0.004790874741169862,-0.0004161257744689443,0.00514086312435161,0.004815954086673088,0.003153556157809223,0.004837360161169667,0.0027348001234462163,0.0048469003207771396,0.002734800123446233,0.004855542812596236,0.0027348001234460306,0.004850979815196055,-0.0032063515799737852,0.004857913256790617,-0.0019734209104690465,0.0006867981351261025,0.005923728132687223
2017-06-27,0.00015559651031970113,0.0019137309793824382,0.0011376268773083693,0.0008647705471827511,0.0018595226503270923,0.003587801186733375,0.0018479997412347532,-0.0060035213511339764,0.001850276940782796,-0.006003521351133897,0.0018575614604829718,-0.006003521351133996,0.0034332305807229604,0.002104605445837789,0.0034988376524686996,0.007731783237199112,0.0006881391264809875,-0.0016046265702117251
2017-06-28,0.010209830317655802,0.0021992422142462827,0.009250221244729503,0.0028077638825652704,0.01045964874805615,-0.00023919271504245832,0.010485524381359338,-0.007932949934469224,0.010497026074616186,-0.007932949934469106,0.010507766901200217,-0.00793294993446906,0.008665964424686508,0.0013182591390314352,0.00868232558373862,0.006684153226251015,0.003382356043556843,0.005751847186965471
2017-06-29,0.006877367467472122,0.0025983870691996965,0.006842840714899321,0.002149492856759397,0.006187007097355619,0.003741862683402042,0.0061655678513452905,0.000987395425348396,0.00615782681123591,0.0009873954253483924,0.0061519681765930066,0.0009873954253483903,0.003758488386949083,0.0034058948612459786,0.0037689652339453444,0.0023210054853374726,0.0034684152245927045,0.0013324286321768812
2017-06-30,0.001048848706683067,0.0012476252016035954,0.0002182334267278169,0.0005070316474097461,-3.041244253325446e-05,-0.004437874870950373,-6.0791224752453554e-05,-0.004226027653699049,-7.296696838166624e-05,-0.004226027653698948,-8.337741707562484e-05,-0.004226027653699033,-0.00017215626326465923,0.011743130214586499,-0.00018136154197748156,0.008213729879264883,0.00288222605018361,-0.0024121551481945678
2017-07-04,0.009903369323507057,0.0046994509651735634,0.00790775706991246,0.005718952393569584,0.007812560337774605,0.013462636147677176,0.007816517389591063,0.012797420143453182,0.007815395843881643,0.01279742014345321,0.0078124847681380945,0.012797420143453144,0.006364175861990999,0.0037923280850532086,0.006324060616668457,0.003388330606618261,0.008101713335056073,0.008671928803473103
2017-07-06,0.01099440238898056,-0.0010514866667112135,0.010696654138908598,-0.00011351154069985604,0.004856940257510562,0.0030028882331419415,0.004815390185045645,0.002420125531741217,0.004790235101990626,0.002420125531741259,0.004762952438195329,0.0024201255317413523,0.0011037157548039235,0.008368703861345327,0.0010349014812927725,0.010519241495756611,0.004644267138526664,0.00223292245680168
2017-07-07,-0.010286440551625113,-0.0026579560567618235,-0.008848065333981062,-0.0037885585096731475,-0.008473432624864803,-0.007057355324070589,-0.008482092401681697,-0.0019502241992835298,-0.008485079993751437,-0.0019502241992836533,-0.008487424599575862,-0.001950224199283516,-0.006403700952294603,-0.005901097900447882,-0.006389628424517176,-0.005201812203341938,-0.005235190648131716,-0.007586459516912984
2017-07-10,-0.003925982932005902,0.003143631877142175,-0.004629170061576441,0.003452125800759883,-0.0027503460061396915,1.3072013453496827e-05,-0.002737002109208746,-0.0004232923885747069,-0.0027321147646653227,-0.0004232923885747687,-0.002728204884546894,-0.00042329238857468407,-0.0024578901001141838,-0.0006557793454948411,-0.0024537043064584603,-0.00041842089731229957,-0.0005290115540412749,0.004914166333479245
2017-07-11,0.005165741717175253,-0.006230159372930869,0.0032298403118593806,-0.0034209441870611634,0.002625219083951573,0.007498113571969838,0.004813475531697672,0.0025657916132496386,0.004801640786228751,0.007271453526338097,0.0047920771866307235,0.0008364359219176893,0.004559666820110828,0.002813758897565365,-0.0019820819168866613,0.0039321509345774325,0.001214101681933876,0.0031434570754461082
2017-07-12,0.009643044082899049,0.003440199689712623,0.00985235743307424,0.003439681791246806,0.009264207975099546,0.006171757241461563,0.008623263147632912,0.008745028321985536,0.008625244177933887,-0.0019139285089228943,0.008627144248072182,0.01019767554743692,0.008629050751340144,0.010197675547436915,0.008546898508284703,0.010776358083589866,0.00684108657883289,0.005169015746635642
2017-07-13,0.004665852675756569,0.0023318317550143474,0.0029834996762501753,0.00306477374630125,0.001880618156891918,0.0036715132459253317,0.0007646296774745385,-0.0005127171836488248,0.0007522832300925542,0.013014212444377582,0.000740299406624182,0.0065170400023660344,0.0007287048442529479,0.006517040002366024,-0.0010756125054075904,0.005683083766232343,0.004566476017644773,0.0037804228066855446
2017-07-14,-0.004309624194516939,0.0009052990804464982,-0.003940692846907986,0.0010193590751470503,0.00058911109252201,-0.006286771376678635,0.0017656170797981379,-0.0059761214634074635,0.0017728486455421126,-0.0018357535795066769,0.001781061312607081,0.007821247107396224,0.0017899125038323366,0.007821247107396252,0.00020033837304018272,0.0037787575524552298,0.0003601742997904239,-0.0004435025195636221
2017-07-17,0.0023736958355620153,-0.003245405413795516,0.001675607136289674,-0.0025469618253046765,0.0006953554877866022,-0.002624041659702221,0.0009675315685126687,-0.002319474674125128,0.0009601074796120467,0.0009137009571035193,0.0009533176959737544,-0.0023903554796755387,0.0009470116213317457,-0.0023903554796755326,-0.0017329512440897312,-0.002711130529831515,0.000321546841516757,-0.0016175226166331672
2017-07-18,-0.0020269265651495644,0.0024610603599110057,-0.00206021321729403,0.0023722981831690716,-0.0015589279980994467,0.0026549985913694217,-0.001475676990516034,0.0020476916020750247,-0.0014637447139583418,-0.00034869556264493666,-0.0014542553375750543,-0.00536205366418719,-0.0014469786897170463,-0.0053620536641871865,0.00022883350028573532,-0.00509966383300718,-0.0018143038526025057,0.0031607767160798076
2017-07-19,-0.006407614878145793,-0.005192348716484872,-0.0050097444668439906,-0.005990512593785455,-0.005457985143816043,-0.012353438094456404,-0.005930208251408335,-0.010174537289513293,-0.005951697682107095,-0.00986952751629765,-0.0059737363810219365,0.008648162800387677,-0.005996299199915766,0.008648162800387686,-0.006348013089191097,0.0024651994919990925,-0.0034726188886655554,-0.010128989185283519
2017-07-21,0.002587406543384646,0.004509970710413581,0.0017977720261385024,0.004453370800758499,0.0020911405904602215,0.0025210065388374015,0.0015589194313089631,0.0025210065388372046,0.0015630534497465074,0.0005979084824030257,0.0015679426763269715,0.0015367393998728333,0.001573503264750423,0.0015367393998728307,0.002987090424767056,0.004179844744588166,0.001943614398811762,0.002971841434031007
2017-07-24,0.0023336513473751663,0.0032161353512534276,0.0023710795147065555,0.004177007138313877,0.002330864772211653,0.007342212036710623,0.003172243017417466,0.0029174518832067575,0.0031768558357894647,0.012977125707652644,0.0031826312343715218,0.0029810703732117976,0.003189444409838903,0.0029810703732117893,0.0017094276954906663,0.0055203478021965055,0.003988395759410654,0.006254842229233115
2017-07-25,0.000795443563095616,0.0006177961718587391,0.0005206520891963948,0.0002563858827754782,-0.0017268689732343248,-8.868257003284848e-05,-0.0029329800927881135,-0.0009656355135574871,-0.0029385300241812143,0.007010223426267228,-0.0029461623633436165,0.0038312255280687282,-0.002955595443256581,0.0038312255280687248,-0.0021616349878367455,-0.0005106805196003916,0.0018432117183558553,-2.113812398976927e-05
2017-07-26,1.7812026320699768e-05,0.009303003417493247,-7.278974240251205e-05,0.007669501594468079,-0.0003935664141412091,-0.0024022325269678455,-0.00021591514855271875,-0.005771694991475834,-0.00023167885960999357,0.008297859247606914,-0.0002471004472762627,-0.00039714745713888614,-0.00026229754236868847,-0.00039714745713887584,0.0017224992667414707,-0.0014890429005704462,0.003919986776633707,0.00135976696965516
2017-07-27,0.005484730069147774,-0.004103267707167067,0.0049422205191911005,-0.003635668774136568,0.00400987541417044,0.0012577126680990208,0.0016569307966881512,0.0032327741570674657,0.0016420154917663734,-0.008646528961657993,0.0016240172338420457,0.00487056611842389,0.0016034888414472185,0.004870566118423893,-0.0006776490804101182,0.004766426134845723,0.0008540511189131736,-0.0004172264845247503
2017-07-28,0.0034751328937747705,0.008949986992596448,0.003588912336197002,0.008929688311158803,0.006354095847404084,0.007300559385707768,0.006628502432057237,0.0045835642827831416,0.006636018526232959,0.009253088310331904,0.00664561975029561,0.0028175102952309656,0.006657113483878657,0.0028175102952309773,0.007027410434251193,0.005479289050471551,0.004738326729544982,0.008338126333958081
2017-07-31,0.0013826130277063743,0.00454686561466611,0.0008080871350415513,0.0040952286747203285,0.000501684983535538,-0.0006477593649746075,0.0002565925604272532,-0.0025671097285727257,0.0002531953305090289,0.005553890560348089,0.0002480725466253476,-0.0008174953708376254,0.00024127867032245162,-0.0008174953708376077,0.0007012315930731319,-0.005593581640479585,0.0019345147878020502,0.002466773300947616
2017-08-01,-0.003946303890027363,-0.003992184508891164,-0.00368761188419809,-0.0032805713500827054,-0.0016788318104016603,-0.003455171226390653,0.00037222116600513303,-0.00355762212246394,0.0003802108487786918,-0.004794632989276443,0.0003898241118829708,-0.0027618347466593566,0.00040084660622448885,-0.0027618347466593623,-0.000788310513999244,0.0030070344737927416,-0.003910186382455709,-0.0016429483962333547
2017-08-02,0.0022400533754187704,-0.0016366993819954662,0.003018961575525127,-0.001206448513411167,0.0018211045606159445,0.0015880619913108025,0.0009178437935868274,0.002100872362268726,0.0009172951578653922,0.0028740584901479588,0.0009164935444755421,-0.0017074564819567694,0.00091547034963457,-0.0017074564819567662,-0.00047807576136671946,-0.0028082966426423448,0.0011490071623911234,0.00032133106369347395
2017-08-03,-0.0031255122659532464,0.003023845929204217,-0.0028815318181991292,0.001344715718106735,-0.0030084998363450154,-0.004064609994489413,-0.002877619664429095,-0.0021711437379380726,-0.002878757167879098,-0.002120745795045913,-0.0028784742817868046,0.00065450108493096,-0.002877000592856495,0.0006545010849309651,0.000809469227608808,-0.0026182002407155514,-0.0002601505178537743,-0.004623670540170597
2017-08-04,-0.000706677715552007,-0.001757401826592845,-0.0006998521583470294,-0.0015796590463621318,-0.0005019728733170552,0.0004721926635959603,-0.0011605592085288086,0.0004721926635959331,-0.0011733809301593449,-0.00014837952390558276,-0.001186369057798536,-0.0003600734550915386,-0.0011993616973753427,-0.00036007345509154207,-0.001977236306647414,0.0002514807006814729,-0.0015173742583391003,-0.0011912135095416664
2017-08-08,-0.0023965118472051893,-0.0035831873626899513,-0.0036006055866690443,-0.004349726497105489,-0.0016959550080479775,-0.008951160942081971,-0.0029421417459542624,-0.008152143545849432,-0.0029569806173230474,-0.009360473060986056,-0.0029688202458284354,-0.005240787018003887,-0.0029779582799113807,-0.00524078701800387,-0.003725595435190604,-0.003084397357084326,-0.003587605202271841,-0.007556108296525832
2017-08-09,-0.00042626330723629063,0.0056425585975254135,-0.0015825452400328988,0.005518729025898516,0.0024987987508480734,-0.0007719125582056546,0.004014750845814367,-0.0017975638431834895,0.0040311981388890675,-0.0015594884545341826,0.004046901813531488,0.007988997005952615,0.004061677842479438,0.007988997005952639,0.004359001788825473,0.0007764846974233257,0.0026776922780412347,0.004703447521652986
2017-08-10,-4.099477725069739e-05,-0.009913872006693894,-0.001468618008165698,-0.009042778893980238,-0.0027118581971272157,-0.00600957982920908,-0.004126562516200703,-0.0073567390743288046,-0.004132974728928778,-0.010611166213761099,-0.004140728978522073,-0.01072580577786064,-0.004149565369359132,-0.010725805777860647,-0.00610158476224694,-0.009910087747722614,-0.00705623722202139,-0.005326667991904758
2017-08-11,-0.0036636615834942645,0.0018389043941994235,-0.0035756526393484855,0.0020275823576291954,0.0002886589349346013,0.00368861061106782,0.0005640215288120698,0.0020680744143474834,0.0005883034934247024,0.006511827998773491,0.00061408805709427,-0.003778888521301693,0.0006410834852032154,-0.0037788885213025395,0.0016867791596171646,0.00025289248579859146,-0.00022843098620750464,0.0017893503689018469
2017-08-14,-0.0014917042485353053,-0.004500918141515743,-0.0013922330641097617,-0.003486328400715346,-0.0004861457694378523,-0.0021519269908079172,-0.00047051873075670304,-0.002181811867810501,-0.0004647568176004615,-0.0039430663925072,-0.00046030179460607493,-0.00408132275301587,-0.00045708667187394796,-0.004081322753016243,-0.001665797708958828,-0.004081322753016612,-0.003944134244729891,-0.0003515906569521779
2017-08-15,-0.0055406472349448024,0.0022618905064218306,-0.00568063582891923,0.0011446324008463067,-0.007467107240695461,0.003150034020935042,-0.007480723960109143,0.004388438419910746,-0.007487737188189292,0.0015608682022656946,-0.007494935119385796,-0.005778375812105597,-0.007502326767503446,-0.005778375812104917,-0.00752427687152653,-0.006789923083978797,-0.001807566699401969,-0.0016531704897476528
2017-08-16,0.010220626410360907,-0.00478788544681392,0.009734361549090225,-0.0029217581309673784,0.007158812629349525,0.0011030356446601443,0.007214936477733065,-0.000972010053383853,0.007243529056125204,0.004665417666417725,0.007272693834904558,0.009352000144884777,0.007302483357927899,0.009352000144883042,0.007148178338636308,0.014994623911068537,0.003912553714162259,0.0031078836860740167
2017-08-17,0.00019150581075069988,0.006143874427541562,0.00142893159925622,0.005376809491263697,0.004711428013035334,0.0003519913211926049,0.004656613542306419,0.0028108232583066734,0.004633516881809648,0.0006317477246165328,0.004612665034386854,0.007983025594388614,0.0045937137828624885,0.007983025594390325,0.004705997272743508,0.0044337830349958475,0.00470195088684911,0.0013642366778367759
2017-08-18,0.004368881950014843,0.0023334185956640947,0.0029346196745231755,0.0026766489357329007,0.002769300151710505,0.0075138679818425,0.002794916930866085,0.004103779842121,0.0028066260320670157,0.009999396763807317,0.002817874331719143,-0.002969883992870258,0.002828791383448351,-0.0029698839928718923,0.0036185445093103214,-0.0006216790444479848,0.002685175929225859,0.0033566639818320004
2017-08-22,0.00609121625558814,0.002257054495620707,0.0057512895861934555,0.0026246597449359065,0.0024416579983801865,0.0005350838786461485,0.0024467622064657146,0.0017499673099929851,0.0024484023862190347,-0.00063849224024223,0.0024496767240838107,0.002760366483855037,0.0024507070381715353,0.002760366483855091,0.002772335549124494,0.003367186409896496,0.0030926767993373905,0.003098889130362002
2017-08-23,-0.004299268837011545,-0.007537672346625027,-0.00446962219173648,-0.007399513170535527,-0.0033742767731306314,-0.013334416221731923,-0.0033455126678279224,-0.01432241217577197,-0.003331434398726226,-0.010827166042428726,-0.003317574311745348,-0.002337821105210302,-0.0033039428229174965,-0.002337821105211221,-0.0032109415479666136,-0.0024668456636622845,-0.005807721298994489,-0.006998920507124292
2017-08-24,0.0009235531386984127,0.004797420791650939,0.0008517859360932104,0.003387633409739676,0.0004159437317281164,0.003113913067652729,0.00036810152716736485,0.0037030461757364343,0.00034414711437073353,0.0005252123029077845,0.00032015580190162163,-0.002532941204279815,0.0002961412291770055,-0.0025329412042788177,0.0002796046883021546,-0.003968277783196753,0.0021130901965261436,4.934446053530455e-05
2017-08-25,-0.0004983455219013354,0.0009003603069241213,-0.0010979898092212084,0.0011505048205745162,-0.0010658139081462603,0.002660574156822257,-0.0010632844278914107,0.003085752371541295,-0.0010620516756535319,0.0016325275420025695,-0.001060913439461365,-0.0013190652506858025,-0.0010599008018752423,-0.0013190652506855055,-0.0004955380621311511,-0.0005908781603267286,0.00022918564367810032,0.0005280482498279965
2017-08-28,0.0026760798830078474,0.0020094308435830775,0.002375665038676213,0.0024014719772122222,0.0014863366918833345,0.00608692561864662,0.0014723971169768686,0.0065070829248415,0.0014635149273694542,0.004954605777792502,0.0014535769936535382,-0.0024898243168846477,0.0014427258556334115,-0.0024898243168847973,0.0007063218777263176,-0.001264032967708102,0.0012235657815669165,0.003226322747156259
2017-08-29,0.0008777677433448632,5.120529686812483e-05,0.0007504288533980792,-8.254960659402036e-05,-0.0002667472122546229,0.0009674045089960606,-0.0002521939037979595,-0.0010059349706398996,-0.0002439070317554652,0.004080598390724002,-0.00023475673507224106,0.00019313856262193117,-0.00022469508434517366,0.00019313856262060823,-0.0006158232763978701,0.0022710106269805915,-0.000247800578053212,-0.0009128533924965784
2017-08-30,-0.005905114082847557,-0.001751504863487531,-0.005867299487782044,-0.0020916329216593655,-0.004213635786522751,-0.0028984124027017113,-0.004239180733354414,-0.001327402605457373,-0.004252707287862609,-0.0051554969268852715,-0.004266824134833848,-0.00522396522579789,-0.0042815385534805996,-0.005223965225796878,-0.004165991844482582,-0.007627992467996654,-0.0036313327548798922,-0.0027303970726303356
2017-08-31,0.0017168292300754672,0.0009338976503767632,0.0002803381418803561,0.0022301742254185737,0.002632326481663714,0.012019747507655902,0.0026508707085149954,0.011844214818535129,0.002665842925773343,0.02035534769901206,0.0026844806061197216,0.02435825359264225,0.002706576521092295,0.024358253592640718,0.0030005509643719476,0.027656849960553495,0.002901449256218306,0.003363024493724366
2017-09-04,0.007184795334692005,0.007386416249927951,0.009435274488302954,0.008438752594401066,0.011192853659806804,0.007635051166030849,0.011296288593674781,0.00344841913448144,0.011348273431057836,0.015719603696128147,0.011400815233414253,0.014081773310059689,0.011454027035381677,0.01408177331005651,0.010330997584262444,0.023962713290653293,0.007516188419550434,0.010552810574694758
2017-09-05,0.004403047282166152,0.003443922801857531,0.004226958812384269,0.003946531839925124,0.0036671889558377406,0.0021995943477297417,0.0036648320723592226,0.004999742225922988,0.003660590993289318,-0.0028969639303888057,0.00365433068010637,0.0029552005651287683,0.003646138627245264,0.002955200565130426,0.004681657201303617,0.00023257903040332337,0.004127713116637227,0.006004349096296517
2017-09-06,-0.0021777859366808026,-0.002421397024630457,-0.00316416436774749,-0.001400078639093921,-0.0019388989757821756,0.005233024851337393,-0.0019051789661381135,0.0036520375339220367,-0.001887189586299396,0.009218089181972486,-0.0018683956963980548,0.002562479404165164,-0.0018488167906221074,0.0025624794041638425,-0.001148789019839328,0.004937775218060793,-0.0021732042920578985,0.0005360529176636599
2017-09-07,-0.002758031846430626,0.0009149730290607494,-0.0004015104371832542,0.0011389568082509553,0.0007310518866630821,0.0017449262090707286,0.0007452446076420321,0.0019698921158586725,0.0007502537202117307,-0.0018343637486540742,0.0007538651752001337,-0.0028172734367062904,0.00075612374967134,-0.002817273436705725,-0.00043530579666797853,-0.0039019752333825488,-0.0015442541899155688,0.003198557175753533
2017-09-08,-3.4478864932689385e-05,-0.0016438520850333188,-0.00025549793524928365,-0.0018264560869894698,-0.003970108661784984,0.004877830184910382,-0.003970358847984949,0.004592127460593054,-0.003971548192994735,0.00419209744480971,-0.003973225723330042,-0.005027257613958202,-0.003975272947332035,-0.00502725761395832,-0.004008667441967925,-0.004253121228321175,-0.0009154600030574717,0.00018466781925314917
2017-09-11,0.0031965603178617462,-2.525680938672525e-05,0.0036553712514086146,0.0006649921758471136,0.004610666122613059,-0.0007007956274838844,0.004609064080417838,-0.0013011435502634275,0.0046090613823184905,0.0017074201083145213,0.004609640631254944,0.002522553595564559,0.004610803189646661,0.00252255359556377,0.0038385898041403002,0.005666071116100093,0.0014709954695160548,0.0019037184377982044
2017-09-12,-0.009346887331571513,-0.010235933305252663,-0.0087740921003856,-0.009779376307175682,-0.00971019224053785,-0.006569388848593729,-0.00971517575501424,-0.0085413403587579,-0.009715553371851213,-0.0021897962828668514,-0.009714392421725254,-0.004292028537789372,-0.009711685425395307,-0.004292028537789921,-0.009032615030322872,-0.004292028537790147,-0.009046666233134437,-0.009145332969957658
2017-09-13,-0.001463103462571103,0.008351183706957508,-0.001007347122703853,0.009128105581873151,-0.0012294120395821184,0.026324431954848522,-0.0012870235165824355,0.021881793970210648,-0.0012925823408984644,0.022452737549137704,0.0008092615511909511,-0.004331916611889843,0.008448833895062393,-0.004331916611890008,0.009086210522779895,-0.004632211069286626,0.003649216160113731,0.01637973909302881
2017-09-14,0.0034051161245202415,0.004139970397593062,0.0006304409862417238,0.0029535883539112194,-0.001404830902876544,0.007683731906449129,0.0009274857584919355,0.004271909522312944,0.0009111629627355582,0.004271909516070128,-0.00040221813486519717,-0.004616314249179091,0.002372610636433854,-0.004616314249179074,0.0025570296970559587,-0.00498398780946059,0.004267555575389899,0.002441639154574758
2017-09-15,0.004619939974673369,-0.0005673887900316814,0.0026318479132330526,-0.0005364944813438489,0.0018995650026161028,0.00412171085807012,0.0010935180163125242,0.0006004045318496515,0.0010871147644069665,0.0006004045320428214,0.00038676652302121345,-0.011441127309690968,-4.8633833189161565e-05,-0.01144112730969096,6.4977124694428744e-06,-0.01122546392740283,0.0016169393151197167,0.0009784898171387472
2017-09-18,0.0027163627031732917,0.003515129774855875,0.003315209910130761,0.004462665750106924,0.003189384946068588,0.0025038372526421633,0.0017215207545720917,0.0026816293992664606,0.001728281911837899,0.002681629407400467,0.004167674768238968,0.006094554534992021,0.0016654603345095033,0.006094554534992008,0.001576630431529232,0.005998116913805853,0.00176928410700374,0.0029870667533672835
2017-09-19,-0.001167561784794965,0.0020734977856180442,-0.0005904582568700108,0.0019121193674106903,-0.000172606118977059,0.0025378375012956407,-0.0023920274019528574,0.0021315448779623773,-0.0024022671251195914,0.002131544870825946,-0.0015749255969791302,-0.00024753789100972405,0.0002724758785234286,-0.00024753789100971494,0.0003821317076388609,-0.00044057537162574007,0.0006613409277327527,0.001743632979198242
2017-09-20,-0.00628424716687856,0.0008187664836451919,-0.007595038132374786,0.0005465073259423104,-0.00666753423239126,0.006485629612926574,-0.005796903219232479,0.00455542534793424,-0.005830980996027113,0.004555425335747095,-0.005126002614091308,-0.005084626192363389,-0.0017155141512135664,-0.005084626192363359,-0.0013624951519226156,-0.005862934457163114,-0.0008832574227069759,0.0013939970473207447
2017-09-21,-0.004177746032565712,-0.0008839462190810576,-0.0010044996423955864,-7.295422744641367e-05,-0.00047451388208370575,0.003434831610070646,0.001102742884659243,0.005806838224169575,0.0011207179754686904,0.005806838214825369,0.0015787367043316783,-0.00044870863870418706,0.0028525740828151177,-0.0004487086387041986,0.0029510800077307635,-0.0008110312025155268,-0.0034461332017811704,0.004233297893263354
2017-09-22,-0.00011081315150018433,0.0043188937777480715,0.0004564914358190516,0.00416583400833289,0.0017368606460206244,0.007799541433093562,0.0014999835719202246,0.01004070477522354,0.0015315920765593617,0.01004070476168252,0.0020095084407144473,0.0023490520612763476,0.005039118778700328,0.0023490520612763246,0.005159155401106109,0.0018876277059319316,0.0010205101208683456,0.0049913260576917836
2017-09-25,-0.0013200397535786243,-0.004656022606412086,-0.0029060549261433867,-0.003972019344064169,-0.003101526388390366,0.00023325718233569576,-0.002681292090491571,-0.0023368528377890273,-0.002682349889962225,-0.002336852833881861,-0.003585499769719109,-0.002380705371870608,-0.0040898427524123275,-0.0023807053718705876,-0.0040136394772497565,-0.0029589863317885847,-0.00191157153122628,-0.0011395330559913757
2017-09-26,-1.072528552727007e-05,0.0008610241917321393,0.00028322796617113636,0.00041295837766514335,-8.935244833748845e-05,-0.0027688850942632166,-0.0011020303079509798,-0.001323231138777869,-0.0011082992378792136,-0.0013232311416217074,-0.001462660440485198,0.0014606101787395021,-0.0006570046257720541,0.0014606101787395056,-0.0006757481488435422,0.0009060461079457103,0.0008571400970142455,-0.0013040093140692733
2017-09-27,0.0052771002596537,0.002689415678614876,0.003821778697720919,0.002718709734108744,0.0028519942700661427,0.00408850817217856,0.006127040384370916,0.001677358679753426,0.00614213828972797,0.0016773586857220073,0.00578131904943214,-0.0002024571513677526,0.005541139351306391,-0.0002024571513677383,0.005447502591586379,-0.0006752496074462395,0.00466690668752935,0.0035161465831728437
2017-09-28,0.0008441225072562717,0.00012562819573258712,-1.8070302019572866e-05,0.0002681213976794247,0.0003568047305090394,0.000281923803530711,-1.67821038722621e-05,-0.0014764393067677073,-2.705407453958402e-05,-0.0014764393054205005,-0.00047013231742211084,-0.0006921957463617678,-0.0004802595711406434,-0.0006921957463617665,-0.0004953000012337507,1.9533502063583217e-05,-0.00021376343164967535,9.71952190475146e-05
2017-09-29,-0.001325746355417646,0.003025759597654964,0.00039511381890882535,0.002881503694494709,0.00036388753284336933,0.0021295154037981098,-5.623533338869975e-05,0.004273985870866004,-5.838247260061733e-05,0.004273985868217424,0.0018771110940585787,0.0038988075357047243,0.0019357382044292535,0.003898807535704716,0.002016721815306755,0.0030535158883166122,0.001815256320869318,0.0015029076159739623
2017-10-02,0.00023117677855138497,0.000989474223546221,-0.00013898732476153996,0.001713620204863884,-0.0004118312255619201,0.006648709347843682,-0.0014006468724970516,0.008125281494837034,-0.0014002811888053279,0.008125281493676499,0.0009863242571850888,-0.0002852751252053813,0.0010931404587843825,-0.0002852751252053878,0.001302621418556172,0.0006589471534628905,0.00012096710191006322,0.003767648757153925
2017-10-03,0.00014402589990240505,-0.0024814793275821927,-0.00044745175057970556,-0.0025126891912521003,0.0010307642678327347,-0.0028085582649209516,-0.0016651146911882552,-0.002977856920804934,-0.0016598759780828457,-0.0029778569233399345,-0.0036548673698645964,0.0028680763511062237,-0.003969894607759458,0.002868076351106224,-0.0040229275830226535,0.0023457969837513953,-0.0029050779247083497,-0.0024541496019510932
2017-10-04,-0.000528695574335119,-0.0007910585480153842,-0.0005665301552983506,-0.0011686542136004324,-0.0011322477928030151,-0.0030625241888678303,-0.0006682831294705014,-0.005699193907311962,-0.0007046129768333064,-0.00569919390589436,-0.0011723895611451532,-0.005531413499063157,-0.001376439747368893,-0.005531413499063143,-0.0014269364468785706,-0.005029911275224141,-0.0010011126468514194,-0.002725132124278867
2017-10-05,0.0013530219922942726,0.0002419914392563237,0.0005602771594238749,0.0004138306444841607,-0.0003177603884145325,0.0020648349488399335,0.0005375282526626347,0.0023681890039812577,0.0005441859966955984,0.0023681890070152353,0.0010182665139279719,0.0007982561234571283,0.0006374094690596565,0.000798256123457133,0.0006948895933844299,0.0007804058696775304,0.001556154898523682,0.0014275290314318557
2017-10-06,0.007534087300318312,0.0009281021738457244,0.007690794723290679,0.0013697629517953902,0.0066860286822009235,-0.0016119096899218218,0.0059980463417827,-0.0064163145232994274,0.00598188591311792,-0.006416314510457571,0.005157398768592957,-0.0023489597078413514,0.0014654121750490134,-0.0023489597078413483,0.0012089112733772948,-0.0007853270708378036,0.003099068822370543,0.0013793680861518042
2017-10-09,-0.0038078365227882764,-0.006040851477009475,-0.00403393930272045,-0.006199326024940444,-0.004378447449559969,-0.012033349989130127,-0.005447776401522326,-0.013467929839745206,-0.005459693450459748,-0.013467929826659942,-0.005520369827907359,-0.005244167171303988,-0.007627044645383921,-0.005244167171303968,-0.007813685454771744,-0.006103399519989219,-0.004086455743427777,-0.00902085124201342
2017-10-10,0.00041475364398160054,0.0018992502100643757,-1.758422304214244e-05,0.001733430856288121,0.0014658641987875232,0.000554101948023145,0.001673973479267321,0.0005079025323820873,0.0016698468848149732,0.0005079025323954342,0.0016833866040122602,0.0008680646671524788,0.0015764212920112326,0.0008680646671524855,0.0015282845574029686,0.00025008192832978997,0.0008714644741827433,0.000234312257849297
2017-10-11,-0.001896042739102732,0.00836248493564929,-0.001433009414372065,0.007922365399691714,-0.0020047228252706682,0.020966238474288794,-0.002328174919461203,0.023121675563250434,-0.00234563229501858,0.02312167552558888,-0.0028114417321550406,-0.0010326226814117538,0.006479876949968311,-0.001032622681411755,0.007207379849222327,-0.0013390866597651058,0.003915913605871247,0.012929407744086883
2017-10-12,0.0021244729099481694,0.014827168487718045,0.0020660931341332815,0.016901708714288352,0.0014631953907232069,0.04651176950682309,0.001431407092201217,0.04144843780731958,0.0018486225583013638,0.04345592925945938,0.0017872045728748957,0.00703211276886968,0.0014969066409236055,0.007032112768869701,0.017962338140571545,0.007678321795636707,0.008660795703819552,0.029379255129107745
2017-10-13,0.0,0.0009785270951030865,0.0,0.0008597094035809971,0.0009065659451260146,1.7588232989371898e-20,0.0009138963309864922,0.0,0.0009260164142481795,0.0,0.000926281750415837,6.95791903115622e-21,0.0009264855952702839,0.0,0.0009282331507979356,0.0,0.00038849895515076965,0.0009328311209348506
2017-10-17,0.001042405828950816,0.0008632033303340538,0.0010836998237638037,0.0007991833299300442,-0.001971660315537728,-0.00045511493004056665,-0.00203533904216082,0.0022668681102037047,-0.0020839359726043108,-0.0018555605708203914,-0.0021113072752497897,-0.001953204036310578,-0.002139771850680541,-0.001953204036310661,-0.00268341594980468,-0.0049240710894818875,-0.001140111947514338,-0.00010452768625569299
2017-10-18,5.169870970783469e-05,-0.0017213420236140242,6.700007340919539e-06,-0.0016632887260340777,-0.0007242547800761751,-0.004484044847066405,-0.000749336205832815,-0.0035761627935557436,-0.0003334802333633791,-0.004353415419019446,-0.0003408256660532888,-0.0020779050250685385,-0.0003473476480536225,-0.002077905025068551,-0.0020178712228890025,-0.0027063598936518107,-0.0027731503914718383,-0.0032885462343890254
2017-10-19,-0.008454862579904689,-0.0022130557780659275,-0.008465042409212236,-0.002693879695226842,-0.0052745896041913095,-0.0045896903576944734,-0.005271162779409417,-0.0029208114756482445,-0.004878596063506381,-0.003744007314223063,-0.004855108207049522,-0.004598859599445415,-0.004831283104916855,-0.004598859599445418,-0.0028258538460593416,-0.005404770473712882,-0.004878527819432234,-0.0040366804190806104
2017-10-20,-0.004018277628217074,0.002374961218828443,-0.004088519494175338,0.0011331820140606384,-0.0012643855766889603,-0.005620986475966675,-0.0012697892378685483,-0.0037364879533748905,-0.0007336383670619579,-0.0038872847565384555,-0.0007283493448397465,-0.0008354566248512708,-0.0007223618421802684,-0.0008354566248512504,-0.00040182378282052156,-0.001113663408125851,-0.0007851628543028501,-0.00338780361214053
2017-10-23,-0.005396048482275508,-0.0026239557909625024,-0.005392221438737353,-0.002213649931262667,-0.0035039967773933655,-0.0027150660695727264,-0.0034836768780653607,-0.0021717112024187963,-0.002300119682737876,-0.0026668011535466492,-0.00227480589048244,-0.0012590029440151312,-0.002248816086963567,-0.0012590029440151416,-0.0001881215089267076,-0.0027809653571913657,-0.004876421756351248,-0.002154785447224498
2017-10-24,0.001103651841498331,0.0010611286539277437,0.0011417902228951877,0.0005292973604225656,0.0007019830759507857,-0.0016633913891431194,0.0006813965248835739,-0.001702139680223504,0.000564530047636051,-0.0025873343286698324,0.0005482852097865815,9.643282643768574e-05,0.0005310199088800058,9.64328264376631e-05,-0.0030152827885579748,-0.00014475243789601326,0.0010264328312124722,-0.00027498802754947766
2017-10-25,0.007052846822632602,0.004417069364203582,0.0070979713981999485,0.004704937470739789,0.006130397650632993,0.005146393144408902,0.006163001668966344,0.0030093346641786186,0.004358792578828086,0.002793135745844965,0.004352142096409392,0.005839166593704158,0.004344889099506341,0.0058391665937041325,0.005699804462008678,0.0036407746094001565,0.0061009449008009925,0.006182330550993902
2017-10-26,0.0005676670471236824,0.0007567767723969029,0.0006805515322538371,0.0007459588444183179,-0.003640126686104739,-0.0007633761310427416,-0.0036207360903245563,0.007348298242261635,-0.002385851515155479,0.0015805798312753306,-0.0023653781676698468,0.010403346044843605,-0.0023436273875112055,0.010403346044843515,-0.003149799913565041,0.004381189004843902,-0.00046844600610426376,-0.00019880811468137786
2017-10-27,-0.01596875097304339,-0.0036443885934659957,-0.016129459637356826,-0.004765203400410668,-0.01587640542363607,-0.010653666445552556,-0.016050580771133173,-0.018938566057751554,-0.015493988085137224,-0.022701615879802215,-0.015523226968309595,-0.022114087291580067,-0.015554376145596991,-0.022114087291580178,-0.009232392626215382,-0.026886638769209662,-0.007684041988607423,-0.007027674730773372
2017-10-30,-0.002888675904634181,-0.0027996749019167447,-0.002936394644692713,-0.0032888165987335688,-0.007646786093192793,-0.007472289992926637,-0.007756192573844424,-0.00850633682828792,-0.009241902860529531,-0.012668720139135314,-0.00927397072977622,-0.007469695095911758,-0.009307245640585977,-0.0074696950959118515,-0.009171931080359203,-0.011394766224769714,-0.0029734981191816526,-0.006446458745109477
2017-10-31,-0.007907002722735383,-0.007674296238281758,-0.007860769615977923,-0.007101387019414122,-0.009386545625961303,0.0007572370935804958,-0.009369132199642813,0.0009980631579734204,-0.0027806776278904255,0.001148450828932523,-0.0026471450694994505,-0.02070004407714219,-0.002513366795107861,-0.02070004407714223,-0.0020318891425272273,-0.02192765438676695,-0.010194308010711207,-0.006003581683595999
2017-11-01,0.013211411102329419,0.009914251040951979,0.013260219719467182,0.009085838666012043,0.01113674843504613,0.00022583998481824196,0.01110484518831163,0.0025915333967829594,0.00857982175640007,-0.0008618971670758763,0.008523292262850054,0.015961232410141062,0.008466357877232511,0.015961232410141007,0.002865883276497278,0.012378461267015294,0.008702630078120393,0.005561317283066898
2017-11-02,-0.010139081027607744,-0.0035217950553143827,-0.010230836249231833,-0.004534805985438471,-0.004551245456822439,-0.018337026191026784,-0.004577906655529614,-0.02300476169912438,-0.0034055020457868512,-0.02143457078859122,-0.003402926466769745,-0.0030749111216278294,-0.0034011233588032122,-0.0030749111216277925,-0.004735197190622811,-0.0024472240317049733,-0.006497221289796949,-0.008877805764167622
2017-11-03,-0.006971764590860251,-0.007232317981109541,-0.0069407886219195435,-0.007017363529251565,-0.007278254023487359,-0.009397312339517615,-0.0073052639070463905,-0.011054947403082197,-0.006824191985731873,-0.011204648257950178,-0.006813864679474284,0.003654469491920498,-0.006804607774303126,0.0036544694919205057,-0.00993804993413429,0.0027672336404191114,-0.006147630538207334,-0.008225108605727097
2017-11-07,0.01443948249294117,0.006764536481997226,0.014606448779883222,0.007038242795742092,0.008546094769955256,0.008020382330882718,0.008584502592659745,0.015503513821648371,0.004359111479647119,0.00934421814926941,0.004296621192828962,0.00632719424972771,0.004234725053482327,0.006327194249727568,0.00672981237374067,0.00032153814350108527,0.006905028021254385,0.007036043464215159
2017-11-08,0.0003306019969516572,0.0030183305128966454,0.00027249239208588117,0.003051243059377975,0.0018614869242159758,0.010202537022315192,0.0018705352631771676,0.011069567182615977,0.0036469851497682674,0.014046635827773945,0.003643885997401681,-0.00086365953312982,0.003641539583125686,-0.000863659533129743,0.004836230706912635,0.0038020860034665305,0.0023650976182854177,0.005722854960718508
2017-11-09,0.0002666087374274538,0.0032452006113883234,0.0003852960317834161,0.003522269009153411,-5.4055653564624956e-05,0.005472553403232902,3.9089413340953985e-05,0.011555683349452743,-0.000247457862845163,0.007702530829370767,-0.0001970837045939369,0.008033109324868889,-0.00014595958604717368,0.008033109324868825,0.006383508650113253,0.002783012741249694,0.0011369048401720862,0.005340319459885206
2017-11-10,-0.007131233557849817,-0.0015656239189703273,-0.007127043035611404,-0.0017250487757677843,-0.004974379421580854,-0.0021670248477648362,-0.004975643496042459,-0.0030084966290232795,-0.0040177579549309245,-0.0029081627938130176,-0.004002127779399983,-0.005321518400411739,-0.0039872736584230595,-0.005321518400411739,-0.004485739247112668,-0.005505052033642177,-0.003989455393537573,-0.0017690014746330638
2017-11-14,-0.00663182430003863,-0.005070601284111456,-0.006763552095767027,-0.006182149399483536,-0.002361043945395959,-0.015435604704630566,-0.0024257388038992295,-0.021189579889209775,-0.002135268036595501,-0.018853779432568208,-0.0021565888521037023,-0.015240073938779571,-0.002177502460628439,-0.01524007393877955,-0.005725750506438458,-0.013334045768131542,-0.00502768002641686,-0.01051129381319963
2017-11-15,0.004552109310804865,0.0008636859595321224,0.0010591512544116683,0.0007647914395320725,0.0015695359086957176,0.006741956471575892,-0.0005838924587515481,0.006792518818746518,-0.00039399603737876856,0.006741956471575895,-0.000920986470060188,0.007211657289338123,-0.000914857020641283,0.009254089056710452,0.0026382443742404074,0.007128980683458993,0.0065365749645286695,0.0014741116848608655
2017-11-16,0.004018837444614183,0.005333800834839396,0.004072422523930842,0.0052658839952038055,0.005002820819903117,0.0038723612571973454,0.005008960386300677,0.003872361257184211,0.004987867677158909,0.003872361257197343,0.0054154352964477384,0.0074290772650120965,0.005396522216773535,0.007429077265012105,0.006211486374290634,0.009533400312425562,0.003508357098234764,0.00458862052478653
2017-11-17,0.006167059508629625,-0.0024974429215904484,0.004568901476806777,-0.0034459047537900088,0.002591258732187275,-0.014267885948278942,0.0026765511246388644,-0.014267885948555496,0.002650866029555752,-0.014267885948278946,0.0008024685379829691,-0.015954055069435046,0.000835260324402099,-0.01432646614147579,-0.005915605171043051,-0.017429557539812984,0.0016930019854919445,-0.006335689094147899
2017-11-20,0.0031217980892562598,0.004671251114164016,0.0035101428305714683,0.005140790101483536,0.0033046102464586048,0.011048436096974664,0.0016441767260667298,0.011048436096866626,0.001604928409204899,0.011048436096974656,0.002460046952172664,0.014217175532683046,0.0024281117311421383,0.01589820512314187,0.008250582335255656,0.021305934073315047,0.003369118598367181,0.008645185133725097
2017-11-21,0.00049960304318125,-0.0008564219568193886,0.0015009529513325826,-0.002167737008990631,0.0003654224360867622,-0.015709542385548978,0.0007528827352275861,-0.015709542385767144,0.0007319892995058751,-0.01570954238554898,0.001190309412866826,-0.015928005331729323,0.0011911627797662784,-0.01616656402957476,-0.0045809549013868306,-0.017511592609637992,-0.0006860836325012529,-0.005736036649514671
2017-11-22,0.003969565782056773,-0.00039444931487880224,0.001941738765554266,0.00029180446162472727,0.0020900362777108088,0.006332532546546356,0.0010554958173954875,0.006332532546611287,0.0010838325035244976,0.006332532546546354,0.0010545956784270612,0.009821305497318699,0.0010779031830717863,0.005798310729369841,0.002527537913937886,0.005049877260026932,0.0015254510250270901,0.0018033858116239857
2017-11-23,0.0007688900940224749,0.0011466700381745605,0.001548019308020263,0.001323613700828871,0.001120753018359572,0.0005943774227586764,0.0013321967780351805,0.0005943774226547539,0.0013230155809118651,0.0005943774227586738,0.000582241483775905,0.0006531434680917325,0.000566424127193452,0.0007128596462014214,0.0005215048511789571,0.0027740881223582365,-0.00046668220826810876,0.0018008066452589282
2017-11-24,-0.0003120493051364803,-0.001212837747623956,-0.0011916532188665635,-0.001292540378892216,-0.0002705639859126414,-0.003278353128505163,-0.0003467751794675794,-0.003278353128511379,-0.0003619910770905901,-0.0032783531285051626,-0.00013883570114957148,-0.0009033550215219123,-0.00014442404725871732,0.001562593739972509,-0.000620798690393443,0.0003575858122079515,-0.0004040149113371619,-0.0022897460092673946
2017-11-27,-0.0001423110586560076,0.0037823822774261185,0.0008597114660952089,0.003970132950119943,0.004441371354136385,0.003553241183010782,0.0043458236660089515,0.0035532411829645736,0.004353286567955069,0.0035532411830107797,0.002910040292133891,0.0024735100703634715,0.002868115047357991,0.001633130292454277,0.0027497138714853856,0.00012608394730813046,0.000790147813315508,0.004104300220543741
2017-11-28,3.4795818510015416e-05,0.0045549673823135715,-0.0006381072117616236,0.0056012673499763604,0.0015227663138768545,0.005335628644005336,0.0009226002539194204,0.005335628643822727,0.0008893949227724204,0.00533562864400533,0.002296424124897056,0.005523769886455032,0.002274158097498743,0.010579984446290625,0.008016976592661249,0.01774607750917795,0.002633986162281326,0.0079861285939382
2017-11-29,0.0021164646851488454,0.0015496411283745278,0.0018062319856413296,0.0017379930552899447,0.0011489135812480485,0.006950082671295108,0.0027144672061707423,0.006950082671429915,0.0027355924629060605,0.0069500826712951096,0.002645286340919292,0.00483999308556835,0.002654559024564782,-0.00037966611038791156,0.0031598079964000976,0.0006233337465133457,-0.00029630327115547854,0.0016460506022117922
2017-11-30,-0.004777192955771693,0.00036501638695373274,-0.00484226180260221,0.001745151470554155,-0.004701258962405332,0.007992167911998995,-0.0027291129695778535,0.007992167912125921,-0.002646805482254218,0.007992167911999002,-0.002647654222999004,0.00022256165285486915,-0.002580709390414335,0.002661219388314806,0.0003505772303048116,0.0030920172899884186,0.0006909135077968751,0.0053830846484287835
2017-12-01,0.004298251557316189,0.0027391181910652145,0.0028537841510830535,0.0023525823699653203,0.0022731327967864274,0.006462193159078856,0.003291553682226537,0.0064621931591480435,0.003297957637715459,0.006462193159078855,0.0018806492012630413,0.00612720879923242,0.0018670659417936596,0.005652381203246962,0.0010985593113187991,0.0019568893712945687,0.0035587991902050874,0.0025570913598078767
2017-12-04,-0.0008595015352515614,-0.0003152212850443775,2.8169064333917528e-05,0.0005050718552803759,0.0011721609669667697,0.0017121438097975872,0.0003295977151900404,0.001712143809662237,0.000346204901731118,0.0017121438097975833,0.0007198642607708086,0.001736047144519037,0.0007022663836114339,-0.000769640595613737,0.0011228220261957056,0.004535829993311072,-0.003176361924689483,0.0026897611907318853
2017-12-05,0.002054791065258235,-0.0006012432571855955,0.0020561965962556292,-0.00038005768905714917,0.001297043707132926,0.002382811255774222,0.0012136933950656755,0.0023828112556849713,0.001221549804540332,0.00238281125577422,0.0008844572847896971,0.0008628216779086318,0.00090911437016145,-0.00026075076773886973,0.0005054588004630653,0.0009074882120723677,0.0005897965897073142,0.0012653112850038166
2017-12-06,-0.003416829936873212,-0.0028520994869037017,-0.0027809368204619414,-0.0030989079908409043,-0.004139349988163997,-0.0035240601908517236,-0.0038501808528039264,-0.0035240601907239716,-0.003850037328579966,-0.0035240601908517184,-0.0006550891052284073,-0.006800919962058994,-0.0006165095895642274,-0.008750467242492533,-6.699624428026848e-06,-0.0049954851867198315,-0.0026956979060178132,-0.005214082657018931
2017-12-07,0.0009732816899513251,-0.0004042277955941635,0.00083856926741757,-0.0006822635659331523,0.0007139027536929485,-0.003196467910122813,0.0008360703934469962,-0.0031964679101281228,0.0008384960399912439,-0.003196467910122813,0.00044709033414955067,-0.0026851676498684473,0.00044626056052526046,-0.0019773810539463386,-0.0019499271822618256,-0.005546928211214092,0.0011073989864536535,-0.00112468445450052
2017-12-12,0.015921918071890966,0.008751420701125315,0.015019880155377916,0.009755301831948369,0.01404620755803237,0.027315767651186575,0.014868877428151277,0.02731576765140413,0.014939491058655318,0.02731576765118657,0.015252326752366603,0.029917783970113798,0.01531797025481128,0.018318511178789795,0.015580399273001045,0.011503578547524727,0.010001449208109869,0.015618171108315405
2017-12-13,0.0022504271681570535,0.002327603587093537,0.0015087566171365213,0.002846051436128676,0.001717157358568147,0.008418443958508055,0.003099906811630391,0.008418443958643508,0.003148802935406027,0.008418443958508059,0.002221683045493548,0.003604098456132154,0.002254458403988032,0.0015789112970791732,0.00233997646607057,-0.00018733923069406093,0.0024340775288427758,0.0041925224332263625
2017-12-15,-0.0007519723769125505,-0.0017171936206549377,0.0009669040734293459,-0.0015927648456453179,-0.0004200191598984739,0.0009482701284657945,-0.0010610033571248501,0.0009482701282050324,-0.0010450979197938472,0.0009482701284657885,-0.0024371935913148853,-0.0019656093216751883,-0.0024657895962311056,-0.004506218576858884,-0.004171211828043701,0.003251370283990555,-0.003865259725227425,0.001965620475422518
2017-12-18,0.00395254226100776,0.002982844674600021,0.003239136193772368,0.0030030181039419662,0.003387031819759898,0.00035019781802619773,0.0037063213608738753,0.00035019781811564246,0.0036834996976904204,0.00035019781802619903,0.004443308432896392,0.0025901409712455028,0.004453376481971362,0.004048192674643535,0.004980941339457962,0.0002827759101165893,0.004496449596637814,0.0011227193480598079
2017-12-19,-0.0001459239519120785,0.002395922864567172,-0.00035839883671711867,0.0030675200629557793,0.002475754912471548,0.00609173820736893,0.002761071655173055,0.006091738207392037,0.002795794463613677,0.0017970498828264994,0.002816876137241953,0.0011392306807028938,0.0028517454521000234,0.000769717604174178,0.00312026066723718,-0.0004235693539008993,-0.0009549546257579245,0.004272853700140878
2017-12-20,0.004467327946280096,-0.0025382040722844107,0.004576552792954663,-0.0019604460405069544,0.0010997595173507198,0.006748518726479046,0.0012257802421105385,0.006748518726479058,0.0012879929620722343,0.003914146017836306,0.0013502362303832126,0.006549776678087439,0.00141248427225179,0.006549776678088727,0.0009038358115009515,-0.0017376308534201234,0.003877938700280981,-0.0013447989174218606
2017-12-21,0.005722117853068738,-0.002586722929209413,0.005722908585876241,-0.0019727126345318036,0.0009659521989601673,0.0025353211017152084,0.0007955715898490833,0.0025353211017152158,0.000807501148187248,0.009172925714947228,0.0008204592997024451,0.0051086362578895445,0.0008344750409080628,0.005108636257888243,0.0005223476988312232,0.0022768951274015846,0.005418616780141926,-0.001274126103300634
2017-12-22,0.00846825572208857,0.006100470884685621,0.00843523488488665,0.005879114633608152,0.007077497713833813,0.0030535140324250425,0.008218558528600631,0.0030535140324250655,0.00814411335734542,0.00150509565527251,0.008067729881663231,-0.000338530570509122,0.007989845003949034,-0.00033853057050919124,0.005482703427383752,0.003788426883347074,0.002554142062356811,0.0068970692377937955
2017-12-26,-0.002716986266497732,-0.0010416935874389005,-0.0025399012498259496,-0.0006480156114418276,0.0008549910354566612,0.006987209358273942,-0.0008341011480060517,0.006987209358273959,-0.000760010137654447,0.0047990705579246265,-0.0006872180552474524,0.005430671222485727,-0.0006157513282378677,0.005430671222486592,0.0009609897817420038,-0.0026489908927177404,-0.0017622616499869525,0.00039451935584999305
2017-12-27,0.007538450383141723,0.002971813827132366,0.007606202923806517,0.003325756907149726,0.004934171087905231,0.005763490410335452,0.004207634308577524,0.005763490410335481,0.00424587902821895,0.007358695960315374,0.004283465889787711,0.008420784923603021,0.004320441543115583,0.00842078492360325,0.004428405290249538,0.004813696898283032,0.0076094749995099485,0.0036685412825886417
2017-12-28,0.00240246533377784,-0.002474092425902848,0.002675637870790041,-0.0018130050105641567,0.001498263730697258,0.01337998768562371,0.0034166064935403128,0.01337998768562374,0.003541643365319009,0.011444644885105616,0.0036667640529865456,0.014578283454876868,0.0037918067974847917,0.014578283454878589,0.00384757494589362,-0.0013554181117584213,0.0017775939178092703,0.000514499832589235
2018-01-02,-0.0029169392764358216,-0.0040707704153734444,-0.0027085247378164233,-0.003431826356852616,-0.0019067995490246385,0.0063648838592253775,-0.002996366481840252,0.006364883859225401,-0.0028898613155988865,0.007814781992994554,-0.0027841775536445023,0.009869586121108852,-0.0026793927804629808,0.009869586121109384,-0.0014706307134871278,0.00016119598226776131,0.0013837730760325273,-0.002405554227057296
2018-01-03,-0.0018463772859375984,0.001878706816400174,-0.0015546669489317345,0.002548753563763148,0.0021743115785823365,0.012654058554036198,0.004015511450372712,0.012654058554036252,0.004102344395623649,0.008409531636352793,0.004185629198409382,0.006790303931936556,0.004265569026555578,0.006790303931937508,0.005949301871492468,-0.0025723521191816645,-0.0031261264947625776,0.005816334032233118
2018-01-05,0.021613169174097054,0.0024656629487821297,0.021917451856929945,0.002901101870449732,0.017140734038101547,0.018867976470363486,0.01125926503951138,0.018867976470363534,0.01146003108634718,0.023833030498323915,0.011666414950643184,0.021260905902978293,0.011877706842129064,0.021260905902978553,0.010599767685148804,-0.0004430866047744191,0.010672862278220167,0.0038414728393480345
2018-01-09,0.0007131803589223609,0.0005043830462179768,0.0008659318042134808,0.000537822175379899,0.002234576940274785,0.007163503925474423,0.006008460379050629,0.007163503925474446,0.005973664524598127,0.005629619244516922,0.005934698493984725,0.006276598198750406,0.005892188592478447,0.00627659819875109,0.0023001230708186745,0.0013520639983653107,-0.0016533630489583067,0.003129280152098281
2018-01-10,-0.0063098352094973975,-0.00111314601291996,-0.006369551980362199,-0.000873672935479859,-0.005334742429211196,-0.0023483605377985417,-0.003650210747809386,-0.002348360537798544,-0.0036569081925576603,-0.004908011167897914,-0.003664805840962451,-0.0008206523112710513,-0.0036738899624257403,-0.0008206523112702356,-0.0010870089517609088,0.0031951873036032263,-0.003927532512670614,7.696685962456449e-05
2018-01-11,-0.006424861633966355,-0.0004821180443834984,-0.006652358157439055,-0.0009504354833119511,-0.006478739023641252,-0.012737654030826055,-0.007119812615218231,-0.012737654030826082,-0.007223769285737218,-0.017835748551167527,-0.007329025276267269,-0.015531425769050764,-0.0074353767295290705,-0.015531425769050653,-0.006581838527816254,-0.0002542720046237731,-0.0035476329755951825,-0.0027550354265154986
2018-01-15,-0.008360643942949463,-0.0005589943144191132,-0.008548375858667332,-0.000842030124998981,-0.005970308974519149,-0.011552988741401952,-0.003414764429361739,-0.011552988741401992,-0.0034912288013210385,-0.012704525470692684,-0.003566007084726825,-0.015118320155598053,-0.0036392740754044683,-0.015118320155598964,-0.0026568690081500124,-0.004562571606634838,-0.006237148332113867,-0.002359025577168312
2018-01-16,0.01818966824230879,0.0044255563979625195,0.01837253820837313,0.004554819015741227,0.014464817875993135,0.012544610302272876,0.012296038463557216,0.012544610302272918,0.01240452701896623,0.014338980720286058,0.012518295369465726,0.008243681233460446,0.012636862627067902,0.00824368123345994,0.010166642682650086,-0.001406837672313754,0.010302114226620758,0.005746492867141725
2018-01-19,0.00386726129525871,0.00510552420479341,0.00401571861583962,0.004381313241389553,0.004441479909948039,-0.009308373577045049,0.008684677733105252,-0.009308373577044957,0.008625214052098519,0.0018178891642921385,0.00856266380112248,0.0009803813754119227,0.008497451630674488,0.0009803813754107847,0.004042671007859255,-0.0025355858049318798,0.0060078347581425315,0.0029534012520743233
2018-01-22,0.004314829919808726,0.0012663993554166638,0.004547988394257684,0.0016896387418956767,0.003585525884740903,0.014938616701507729,0.0039023610709100834,0.014938616701507767,0.0039663537729094445,0.01467586891066487,0.004025291464357221,0.013366109217269048,0.004079618119381287,0.013366109217269901,0.004209675676844094,-0.00233310603713175,0.003562915745356431,0.003440677932783005
2018-01-23,0.006700114786382469,0.0008165549750145009,0.006934145725140851,0.0011822263056633486,0.004527505598901006,0.013182981283932502,0.004962252806902986,0.013182981283932537,0.005057254244803238,0.010713256569952298,0.005150900461712128,0.01114601760718699,0.0052432469550860545,0.01114601760718823,0.005094893960800574,-0.0020270963571766107,0.005147649779621293,0.002698379440105733
2018-01-24,0.009111609359526956,0.03709444875343595,0.009277611629621256,0.03961116317017386,0.012004034077762576,0.021566322126734983,0.0569520459152534,0.021566322126734958,0.056742293833144594,0.020585685749726978,0.05651680226063568,0.019008342589938904,0.05627670755316839,0.019008342589939543,0.05757375745743014,0.006351278669923986,0.030510107394258613,0.04018035055223886
2018-01-25,-0.0013434767760875377,-0.0018584578671947695,-0.001399023040730649,-0.002520062458921072,-0.0011697368570091743,-0.009732099656811204,-0.0020375765171437377,-0.009732099656811198,-0.0020578128219284524,-0.006524879154938035,-0.002072662128825986,-0.007788934621767501,-0.0020825798174297916,-0.007788934621767987,-0.0015735140811157548,-0.000430240457568892,-0.0023020045388660684,-0.003344179040599832
2018-01-26,0.00031538446237867884,0.002299533009176244,0.0003584600555541623,0.0027427203477998264,0.002865970290995488,0.005403395029465914,0.003132173043857689,0.005403395029465895,0.0032046996847948784,0.0020647268240381977,0.003279325016422087,8.499987350689223e-05,0.0033556383574523912,8.499987350661008e-05,0.0038725604209925144,-0.0035656445731623923,0.000671854626337842,0.0024673082575802177
2018-01-29,0.006521104181133767,0.0021754224605378195,0.0064819840262538685,0.0023388971779472007,0.004788745114453952,0.0048628616013724766,0.0046651345372968455,0.0035585682525783448,0.004629232981050379,0.003559957776259348,0.00459198815040284,0.003564630313326901,0.004553667784254416,0.003564630313326913,0.003898182279379457,0.003029389377033556,0.0034430045843117465,0.0030463717686119744
2018-01-30,-0.009493465241711416,-0.008867932674348229,-0.009586575883302906,-0.008839301814046593,-0.009328272981625484,-0.020159786330569793,-0.008071541964901265,-0.019347189303818534,-0.008078350031574862,-0.019347189303690896,-0.008083153831365594,-0.019347189303690893,-0.008086248069316054,-0.019347189303690844,-0.008420157594988318,-0.019347189303690872,-0.009555011567206407,-0.011199405060726773
2018-01-31,-0.01708186343250141,-0.012885829289093043,-0.017001302490977734,-0.012356478823289729,-0.01519799258145705,-0.02502765325243277,-0.013382938341830396,-0.024701564539876385,-0.013321346962456886,-0.024701564539745983,-0.013258262977884181,-0.02470156453974598,-0.013193990669714599,-0.024701564539745938,-0.011999172053285257,-0.02470156453974596,-0.021519565677317137,-0.013993514828646999
2018-02-01,0.015423834839570091,0.010078932199242807,0.015630096979391522,0.01058716298155141,0.01364972342279442,0.041861813928962946,0.012250833522069593,0.04121922372907062,0.012265493763574685,0.04121922372885323,0.012276575410127794,0.04121922372885322,0.012284691262067025,0.041219223728853144,0.01082829824676261,0.041219223728853185,0.013444798735982089,0.015740596060953186
2018-02-02,-0.004840405383170664,-0.0013114622679730246,-0.005079055295720839,-0.001997240377761739,-0.002664960617341355,-0.01139893722051657,-0.004835484928542375,-0.014694140343015857,-0.004974150644697547,-0.01469414034303496,-0.005113591173842819,-0.014694140343034963,-0.0052536469109884885,-0.014694140343034965,-0.007619704214363853,-0.014694140343034966,-0.003196434192111741,-0.0024914917820004325
2018-02-05,-0.02330953871429082,-0.017429450631881907,-0.023846124128188644,-0.017695654970134832,-0.02410862704554082,-0.030310023691241507,-0.02179499289603382,-0.03058143543945131,-0.021913563070797698,-0.03058143543944731,-0.022027778529374334,-0.030581435439447312,-0.022138367570955945,-0.030581435439447302,-0.021952270930902358,-0.030581435439447305,-0.02185498892382288,-0.021675982663552616
2018-02-06,0.000404022372971327,-0.00234096244154029,0.00040522237963116483,-0.00404640684321021,0.001933797095850584,0.002840421794659435,-0.003270927712668348,0.003914023606484459,-0.0033325491366175946,0.003914023606492132,-0.003392823075728792,0.0039140236064921325,-0.0034516980637035806,0.003914023606492135,-0.003883513788322343,0.003914023606492127,-0.0007340313263591303,-0.007052754916158686
2018-02-07,0.0008731478073921973,-0.0006645679007002673,0.0006540465697817893,-0.0007759920443236351,-0.00045719596196179443,-0.008363803607328997,-0.0007554658480608434,-0.008453204511345987,-0.0008156931371843943,-0.008453204511238044,-0.0008726601686495758,-0.00845320451123804,-0.0009266435444606712,-0.008453204511237994,0.000331942002400034,-0.008453204511238023,-0.002132096775302455,-0.0023508892092596475
2018-02-08,-0.01411749530673888,-0.006760182087385959,-0.014345565196194265,-0.006986564649792253,-0.011811578922824674,-0.01698216094287557,-0.01032642226644842,-0.016869375201386975,-0.010388638237836407,-0.016869375201353103,-0.010448950850783083,-0.016869375201353107,-0.010507768521834571,-0.016869375201353086,-0.01133578017327984,-0.016869375201353096,-0.012498956455919493,-0.009915952647741895
2018-02-09,-0.007223676038780531,-0.003460044061884921,-0.00667998678677873,-0.0025561409183938654,-0.003923230854126072,0.016034625781970582,-0.0040653155992806875,0.017496339904156177,-0.0038808773446618863,0.017496339904059695,-0.003699294843070979,0.017496339904059695,-0.003520345798744574,0.01749633990405965,-0.0037997916588106027,0.017496339904059674,-0.006835519023027018,0.0018558249510803415
2018-02-12,0.0033020343107712496,0.004068859476204001,0.0031852684400468212,0.003702679823819414,0.0030001795912675522,0.003854999818850954,0.0017165828331561599,0.005401019366582376,0.0016943696615909476,0.005401019366600484,0.0016738304650681338,0.005401019366600486,0.001654712361990367,0.005401019366600498,-0.00017710154213921165,0.00540101936660049,0.00622342583354449,-0.0011270376130170306
2018-02-13,-0.0008230905781039706,-0.0016212052700298294,-0.0010034583297201466,-0.002492548982101213,-0.0020453768387952284,-0.011200881893296297,-0.005375478141292006,-0.009715530163554115,-0.005381755447472821,-0.00971553016348206,-0.005384886172875686,-0.009715530163482058,-0.005385299980833601,-0.00971553016348203,-0.0015080367524383093,-0.009715530163482042,-0.003172646156247996,-0.0060365566841528275
2018-02-14,0.0069321411762809475,0.0006304316785615817,0.007410656372424662,0.0013214218604721988,0.008863242400056426,0.012926009461882127,0.00963600442339569,0.014008593316924695,0.009752786300380394,0.014008593316932147,0.009865874204646206,0.014008593316932147,0.009975752991861117,0.014008593316932142,0.006642549280340419,0.014008593316932147,0.0035020861521017975,0.00787838574813175
2018-02-15,0.0014591901596425546,-0.0018451114502864839,0.001338035532162453,-0.002253928029980723,-0.00016733908333265595,-0.011621914704689928,-0.00024004351204953375,-0.012225389196043625,-0.0002765538661339421,-0.012225389196014284,-0.0003130180478612341,-0.012225389196014284,-0.00034939780843371693,-0.012225389196014277,0.001960418604041815,-0.01222538919601428,-0.0017650573656603373,-0.0031127571007072735
2018-02-16,0.005484655299623422,0.006193907954410397,0.005388211258307574,0.007574023297455211,0.0026610086579519554,0.00039152501020725734,0.009771167455035331,0.0014365063397370715,0.009815505217423758,0.0014365063397749152,0.009861214516148306,0.001436506339774917,0.00990798279004115,0.0014365063397749325,0.010246576108549461,0.0014365063397749301,0.006466130428104886,0.00671251338389736
2018-02-19,-0.003220229214745221,-0.0036866834062676324,-0.003243486504257472,-0.004053778992155181,-0.0017482715450654583,-0.008403188177756014,-0.0022533694722829947,-0.007777476014647228,-0.002265494671710125,-0.007777476014641582,-0.0022775190072261463,-0.007777476014641583,-0.0022894919370375954,-0.007777476014641582,-0.001759899290128544,-0.0077774760146415815,-0.00469854436987034,-0.00368652711511708
2018-02-20,-0.0029307993342003982,-0.000974727739102678,-0.0028667330568972037,-0.00156778418690946,-0.0013581166421669521,-0.0014940818571729203,-0.0021024852794993432,0.0015347700535299485,-0.0020671680224849456,0.0015347700535984497,-0.0020301525988958846,0.0015347700535984546,-0.001991732841029976,0.0015347700535984778,-0.0027595314410435267,0.0015347700535984653,-0.0009478485059534068,-0.005157111900538897
2018-02-21,0.009765290926094726,0.005994958587057258,0.009678443344092649,0.005966503706699795,0.008441297903570446,0.005466179860424078,0.00610537249094782,0.003644748164951456,0.006061203419212373,0.003644748164955745,0.006016765662021986,0.003644748164955746,0.005972204830655102,0.0036447481649557493,0.00552842647388812,0.0036447481649557476,0.005959929492732651,0.006908184945228886
2018-02-22,0.003089782260243885,0.0017951880232379338,0.0034357388824470684,0.0025959752437248636,0.00301258297724168,0.012261466635981072,0.003719540485088262,0.012096752436706285,0.0038310156633471707,0.012096752436684956,0.003940074758796185,0.012096752436684958,0.004047035650054347,0.01209675243668494,0.006235372417448066,0.012096752436684954,0.000904841121876869,0.00817391888381205
2018-02-23,-0.00011037741166593847,0.00033347113395446124,5.213368479837084e-05,0.0008034212968955678,6.798947453409758e-05,0.007454282222694754,0.001981363457481067,0.006099057885744464,0.0020112076761509296,0.006099057885649649,0.0020382874377390878,0.0060990578856496445,0.002062953311415499,0.006099057885649605,0.0022818454959152,0.006099057885649628,0.0002664835479962496,0.0046067199534102245
2018-02-26,-0.0034668833747326087,-0.0013164975107330436,-0.0033846459997065198,-0.0010440972015092302,-0.002141692109993555,0.007444739934563286,-0.002149728922255393,0.005652400442202216,-0.0021482916822886857,0.005652400442055938,-0.002149170770748303,0.00565240044205593,-0.0021520828534379783,0.0056524004420558755,-0.002294100979552908,0.005652400442055906,-0.0028282312787038452,0.0026529038611668174
2018-02-27,-0.0027700962628494064,-0.010743825399292787,-0.002812269555989951,-0.011129125583953143,-0.0026620713372227374,-0.00523182387588996,-0.0029763325657587575,-0.007586863539888911,-0.0030244060093242856,-0.007586863539839931,-0.003074790159945992,-0.007586863539872591,-0.008590003604574152,-0.007586863539721004,-0.010667772139816017,-0.007586863539896652,-0.005876411718966641,-0.010248771585927557
2018-02-28,-0.025771246024980016,-0.004173034256545871,-0.02602696644554509,-0.004417171291337526,-0.02176311153631025,-0.01913768401401291,-0.022083072406704207,-0.02116056902124946,-0.022244463495640892,-0.02116056902093737,-0.022406768792689807,-0.02116056902111738,-0.015787806409725987,-0.0211605690202782,-0.018188836556860166,-0.02116056902125174,-0.01777927160215803,-0.007173796834880935
2018-03-01,-0.004746270624954786,-0.0006774786159795017,-0.004838328579750847,-0.00023204155607704888,-0.005846252004472027,0.0031785345011065788,-0.005926222485282809,0.0018521710330522156,-0.005966837614594951,0.001852171033190098,-0.006007672532478379,0.0018521710331108783,-0.0026807841879720644,0.0018521710334813085,-0.003464211600501103,0.0018521710330512108,-0.012131838007329906,0.0005102018024460052
2018-03-02,-0.013325179199946585,-0.008200586883113713,-0.013179200952520483,-0.008666313375832575,-0.009245192266940382,-0.009265909606541476,-0.00908715553950382,-0.00411805279190936,-0.00899958532884193,-0.004118052792123125,-0.008907275912669608,-0.0041180527919985254,-0.0075544071729305344,-0.004118052792574594,-0.005766150389546016,-0.0041180527919078055,-0.007972748473363834,-0.01138900490792018
2018-03-05,0.01293097002538146,0.001244541246772684,0.01290811235497798,0.001162964037015057,0.009989586071772175,0.008144195545443059,0.010008546185566548,0.00788563888800912,0.010017412666816466,0.007885638887926566,0.010026026425486851,0.007885638887974415,0.0048322909704474,0.007885638887752188,0.005926117330437237,0.007885638888009725,0.0034910234549948875,0.0019144397214547824
2018-03-06,0.003275685343307933,2.3951794863467392e-05,0.003329189471370816,-0.00026536803170399136,0.0039499999379364855,-0.008142879577765844,0.003958756479412964,-0.007816022526885234,0.003964072465703178,-0.00781602252726506,0.003970151020291485,-0.007816022527043501,0.0033096821413560553,-0.007816022528067276,0.002199968531635312,-0.007816022526882457,0.002076590192312643,-0.0002230642139382853
2018-03-07,-0.0021142077895883946,-0.00035612917000914327,-0.0022336674818601706,-0.0006154148311748272,-0.0012268001983849913,-0.005079058547139227,-0.001329322575318113,-0.0032074310559986148,-0.0013764965104270028,-0.003207431056202948,-0.0014213153342895637,-0.003207431056081514,-0.0025633825998668527,-0.0032074310566345154,-0.0026554401497518956,-0.0032074310559971246,-0.0020081506038281587,-0.003974816827582789
2018-03-08,-0.003355847181481914,-0.0027749779099481313,-0.003228603075367704,-0.0025917074731515756,-0.0033757535414022173,0.0021326555517648706,-0.0032404589088721233,0.0027296635501367094,-0.0031724672239207786,0.002729663550184861,-0.0031043103576105743,0.0027296635501559315,-0.001650459643897403,0.002729663550286559,-0.0002472447638046085,0.0027296635501363607,-0.0011258895073708646,-0.0006926887655654385
2018-03-09,0.0035302178999099126,-0.0017641377793291917,0.0035354312563787285,-0.0021768888712759226,0.0021280536837928908,0.0060206937145520015,0.0022176517431803638,0.007816199939088221,0.002265668885045303,0.007816199939068295,0.002315414527166278,0.007816199939079501,-0.0006732707115485854,0.007816199939026205,0.0018463976101429486,0.007816199939088367,0.0036685657012865782,-0.0035211330493843712
2018-03-12,-0.0016233548393157955,-0.0018431171419638873,-0.0016968329580944585,-0.0018123603511256442,-0.00185202116299732,-0.002994024467010913,-0.001942778263091653,-0.003880680199461323,-0.001989795970115038,-0.0038806801993733755,-0.002037694638064542,-0.0038806801994241834,-0.001963063097930827,-0.003880680199187621,-0.0021107042092737478,-0.0038806801994619665,-0.0014939467424552072,-0.002343624296356736
2018-03-14,-0.010511655593380331,-0.004363070361420585,-0.010406646418584749,-0.003971643458216158,-0.00970675909403185,0.00025181194375637015,-0.009583835806016412,-0.0003179486717565421,-0.009525017010824604,-0.00031794867136765393,-0.009468122050813689,-0.0003179486715961786,-0.007951793855372844,-0.00031794867054629836,-0.006326630228925454,-0.000317948671759384,-0.00614964579113187,-0.003628095339445114
2018-03-15,-0.0008311050449312898,0.0018440428154157225,-0.0007978436426171057,0.0017933867584314874,-0.0009135276356966424,0.011802899928183702,-0.0008304207204249741,0.012904830553053068,-0.0007872484386062533,0.012904830553303773,-0.0007433456122854065,0.012904830553157233,-0.0003291886071792723,0.012904830553833265,0.001129192776002845,0.012904830553051246,0.003275379626074955,0.0020136875972408836
2018-03-20,0.003205809416376328,0.00013913551411381497,0.003720964448077848,0.0010902201441914978,0.005062649217025748,0.013309727043513629,0.005499934721883152,0.013486305297380324,0.00571603935674342,0.013486305297421959,0.005930568263359358,0.013486305297393517,0.0059127534309382675,0.013486305297509882,0.004525863776219732,0.013486305297380022,0.004211050026626467,0.009973274514187731
2018-03-21,0.006330176955211478,0.005352322863791611,0.0064339133577128995,0.005796018385256032,0.006457997718568686,0.017335763422308133,0.006548884968549938,0.015706994429114125,0.006589654248348408,0.01570699442959671,0.006627484219725621,0.01570699442931299,0.005204244161406248,0.01570699443061595,0.005877474646609707,0.0157069944291106,0.006424769248445871,0.008988897421232791
2018-03-22,-0.007337528524099614,-0.004691670019754113,-0.007562770194655944,-0.004488431660250644,-0.007071717843856401,-0.014155503780284887,-0.007389717392473127,-0.01733427462357069,-0.007552528537137419,-0.01733427462366853,-0.007717182173052911,-0.017334274623608224,-0.007402643878099432,-0.01733427462387517,-0.011750612869325792,-0.01733427462356998,-0.007011621455800644,-0.004639700819369661
2018-03-23,0.0018401758345984584,0.008613538568162226,0.0018479112216285608,0.008903124349117112,0.001380389035416639,0.0,0.0014040188372407211,0.0008521179282022777,0.0014175948559572683,0.0008521179280669977,0.0014322568573335668,0.0008521179281462074,0.00648363965415898,0.000852117927781279,0.00701702711471114,0.0008521179282032656,0.0035131696349553296,0.009469239091767343
2018-03-26,-0.004058882310972723,-0.002366199116603717,-0.0035595561707517775,-0.0023329114816967103,-0.0011622136078920653,0.010430404125881379,-0.0006633769709135305,0.01251687139634966,-0.0004126378816595328,0.012516871396441864,-0.00016157296064823958,0.012516871396383135,-0.0005216928123946841,0.012516871396636601,0.001434343097337362,0.012516871396348989,-0.002298016017458808,0.004800817239528805
2018-03-27,-0.009277800030594495,-0.0032109638788355554,-0.00963853633776628,-0.0034048114788761945,-0.010937282116919316,-0.011689239896266721,-0.01127780092478662,-0.013728716414481954,-0.011449823453974379,-0.013728716414364371,-0.011622746835660022,-0.013728716414429736,-0.010837157351467208,-0.013728716414116016,-0.01096107946342421,-0.013728716414482815,-0.005546894226961752,-0.0067565025512007085
2018-04-02,0.016442641349189893,0.006546397827570536,0.01646439218998244,0.0069153984703361066,0.013375908982214652,0.011725703401681914,0.013395614205326149,0.01040233628156165,0.01340298569089622,0.01040233628152005,0.013409221838060675,0.010402336281543703,0.012452811721538457,0.010402336281432192,0.012040400636531091,0.010402336281561952,0.010997457937274222,0.008915226187270312
2018-04-03,0.011777169069188858,0.004192036851140008,0.011969581146345592,0.004394640435099517,0.011899971638505237,0.008564693605458333,0.012060041921977198,0.010556141659852199,0.012144202672282303,0.010556141659371656,0.012231116513001196,0.010556141659652268,0.012204973849475019,0.010556141658356727,0.010508855874735473,0.010556141659855706,0.006839097755153265,0.005974116877313937
2018-04-04,-0.0013697631387043555,0.0013152737874446286,-0.0012531412234672978,0.0010443207100108694,-0.00042245611138969264,-0.0036016546812605373,-0.00026681569614163566,-0.0009526531533186188,-0.00018392346839613588,-0.0009526531536735665,-9.821017715306268e-05,-0.000952653153466447,0.0007078056653712585,-0.000952653154423229,0.0013379729495411397,-0.0009526531533160273,0.0013515495332547562,-0.003086103390025681
2018-04-05,0.014522898332893976,0.006313383737841511,0.014426367777591743,0.0060903422307497105,0.010135773875394634,0.000704574568710589,0.010082746234641551,0.0034679583692274886,0.010060360522805702,0.0034679583688864033,0.010040676788140584,0.0034679583691930834,0.010021398573436702,0.0034679583691264,0.009540879608080886,0.00346795836912108,0.007739294272114606,0.0034406792014886056
2018-04-09,0.01472225268597845,0.0070598760640276405,0.014610153488961948,0.007198778381046638,0.007440917072803802,0.006185649825282978,0.00739211250046442,0.00838126585757392,0.007370430352864369,0.008381265857446996,0.007350535796328714,0.008381265857562211,0.007332367572014509,0.008381265857547622,0.004799074315926565,0.008381265857532447,0.010907442400826046,0.007436874027906349
2018-04-10,0.007486800833447393,0.002923097780099364,0.007717906146430127,0.003241580800201168,0.008634208510482268,0.004326746585556062,0.00882482852004144,0.006886780976599373,0.008922850162106812,0.00688678097615337,0.009022566541368795,0.006886780976559082,0.009123792224803492,0.006886780976508839,0.008679398205092226,0.00688678097645676,0.0048884531145899765,0.004257844970606229
2018-04-11,0.002194375047037468,0.0013320966500979122,0.0027456499349546772,0.0020213597762277365,0.007300918527904978,0.020246665536436302,0.0077733643557173085,0.020716634382102944,0.008003666333906057,0.02071663438237502,0.00823000269187977,0.02071663438212895,0.008452336117637158,0.02071663438216134,0.011057692591331277,0.020716634382195006,0.001102235901551396,0.005949376887201419
2018-04-12,-0.004251648451993413,-0.00454483051144918,-0.004260755146231061,-0.004470593877814953,-0.005217963529458176,-0.0037529398177152287,-0.005241706308882082,-0.004109078469347574,-0.005255599518624789,-0.004109078469260395,-0.005270622263966026,-0.004109078469339765,-0.0052866262270920075,-0.00410907846933003,-0.005120175336406238,-0.004109078469319938,-0.0012732007060159236,-0.003348874645266237
2018-04-13,0.0011570060492187583,0.000496977896068259,0.001283351179101472,0.0006976621840503396,0.0015376381116527639,0.004586821736966805,0.0016451479557951156,0.004586821736966872,0.0016966804679120974,0.004586821737048688,0.0017468221528580414,0.004586821736974596,0.0017956252143940413,0.004586821736984221,0.0019226734366288305,0.004586821736994215,0.0008494114327716307,0.0022411697088850213
2018-04-16,-0.010604703803273056,-0.001894622795488634,-0.01119935961185466,-0.0028427835499984285,-0.008551491201000972,-0.021904268896337217,-0.00908507860763311,-0.02398742704922511,-0.009344526917231807,-0.02398742704933022,-0.009599492813242317,-0.023987427049235798,-0.009850128495547191,-0.02398742704924909,-0.010557351341709622,-0.023987427049262915,-0.009223048040096733,-0.010226982398642476
2018-04-17,0.010025884470728906,0.00270586081682426,0.010451773278553622,0.003516470114081723,0.008954595335034317,0.013076182209226425,0.009289848563871989,0.015256336706164829,0.00945240671051466,0.015256336706063073,0.009612065326508507,0.015256336706156242,0.00976902108648304,0.015256336706145507,0.007612757403502666,0.015256336706134426,0.006844833101596016,0.009899207283573382
2018-04-18,0.008463456646122969,0.0034451969425744,0.008575007935508944,0.003934478475188242,0.0059608434409613,0.008440397068876589,0.006032602946277645,0.008896665209985444,0.006063376587340937,0.008896665210222254,0.006091165038788525,0.008896665210007341,0.00611623738050611,0.008896665210034637,0.0041560795376252,0.008896665210062955,0.003807629698684034,0.006541488689757483
2018-04-19,0.007482066085978704,0.004732627484123534,0.007719363843065483,0.005358262803591294,0.009112558811759531,0.009671778536284568,0.009322764090187957,0.00956624436462304,0.009424846188705911,0.009566244364597062,0.009525022637589222,0.009566244364621284,0.009623335225738862,0.009566244364619085,0.008748049480355881,0.009566244364616849,0.0023002984327644446,0.008197344569569451
2018-04-23,0.003715321226765453,0.0017123899948739384,0.003944843278691831,0.002446761701483032,0.004327923750417577,0.012222226550682867,0.004458973172204766,0.012657944989124415,0.004519439384118101,0.01265794498930324,0.004576987760427522,0.012657944989140815,0.004631880802886009,0.012657944989161238,0.002656663088903054,0.012657944989182499,0.0028059648817563843,0.008657412979076545
2018-04-24,-0.006679622595864803,-0.0034700288365375944,-0.0069161935297335836,-0.0038064465979095533,-0.00669601324200046,-0.0014389486166061175,-0.0068535917257840015,-0.0044902848515307875,-0.006932259652887939,-0.004490284851074413,-0.007011231508753569,-0.004490284851489397,-0.007090608664203501,-0.004490284851437786,-0.004336115825968622,-0.00449028485138429,-0.00271652450130489,-0.008165658276414757
2018-04-25,0.00109005637823256,0.0012363882966710325,0.0010146779077280389,0.0013521934378675428,0.002397002209077022,-0.0040612960800951985,0.0022948045271273853,-0.005469838699396225,0.002239572711763286,-0.005469838699309151,0.0021819696963196935,-0.0054698386993883,0.002122294042373947,-0.005469838699378411,5.984488293222015e-05,-0.005469838699368164,0.0002486208156648954,0.001871931933857895
2018-04-26,-0.0024244961508845713,-0.003363445259605315,-0.0025206593476629537,-0.003589825210465466,-0.003877415751432839,-0.003961033010670199,-0.00391060284223714,-0.0036585125834016443,-0.003923612153396438,-0.0036585125835231513,-0.003934469090370074,-0.0036585125834128927,-0.003943347027519011,-0.003658512583426918,-0.000839500058053116,-0.0036585125834414796,-0.0027614470349692777,-0.004847142321485679
2018-04-30,0.00457171605640148,0.005231583275413442,0.004746348149231616,0.004753641836310064,0.0060240044667580275,0.004494503760759239,0.006179177450564218,0.004772585661084213,0.00625603361723448,0.004772585661087049,0.00633226131502127,0.004772585661085139,0.006407762058249521,0.004772585661086301,0.006660967850703048,0.004772585661087497,0.004848532325686427,0.002473001372954763
2018-05-02,-0.00473278451680314,-0.00021970522665185088,-0.0046356417079376514,9.567051691069498e-05,-0.0024746503512989067,0.010607340293141362,-0.0023717683071810968,0.010368385531988534,-0.0023198472512523487,0.010368385532094154,-0.002267807491084059,0.010368385531997912,-0.002215780215290901,0.010368385532009583,-0.0014742666559825516,0.01036838553202171,0.000562376543473433,0.0025121742709154253
2018-05-03,-0.012812990655337194,-0.004751468177570235,-0.012682364430126044,-0.00499020140138276,-0.00568164046527334,-0.0045866761355152445,-0.005563177324080643,-0.0029728096455221777,-0.005497695088023284,-0.002972809645876094,-0.0054285897380645,-0.0029728096455543633,-0.005356281760450588,-0.0029728096455945013,-0.0025083586733444223,-0.0029728096456360714,-0.009702464685578813,-0.005591238945995176
2018-05-07,-0.0008121764025008471,-0.004993446265477416,-0.0009767587518415498,-0.005286972144374013,-0.006136670991098997,-0.018970150890033587,-0.006279560403869911,-0.01758189664376102,-0.006347933546926517,-0.017581896644009404,-0.006414370742415896,-0.017581896643783693,-0.006478942892238198,-0.017581896643811934,-0.006947274957698883,-0.017581896643841285,-0.006161613730819951,-0.008637014445372349
2018-05-08,-0.005127026167696749,-0.00017166397929474844,-0.004844388958617598,-6.622470129763274e-05,0.0012063024297143162,0.005445546638062246,0.0014029025163715594,0.006804109934032698,0.001502648894890533,0.006804109933903752,0.0016031404703451852,0.006804109934021285,0.0017041782830445424,0.006804109934007045,0.0006071773928549041,0.006804109933992295,-0.0024702091720385693,0.0007123395102869817
2018-05-09,0.006674743417013768,0.004636400114467621,0.006805635577203532,0.005258579856632702,0.006935197621802046,0.019576776861778254,0.007070492437370131,0.017481490422480393,0.0071322130589252485,0.017481490422856145,0.007190316442036273,0.017481490422514748,0.007245037840481444,0.017481490422557547,0.008436782488293876,0.01748149042260197,0.007202933490770273,0.009622510894713636
2018-05-10,-0.0001109451374946697,-0.0002552435376969043,-0.0003103248472846842,-0.00033157056849358765,-0.002651052846452323,-0.012186506669744123,-0.002821376582081109,-0.013326860269441193,-0.002908029070608769,-0.013326860269469883,-0.0029954939390896794,-0.013326860269443953,-0.0030835952496883947,-0.013326860269447375,-0.004737660970190801,-0.013326860269450971,-0.003802897918901007,-0.002530156133931849
2018-05-15,0.009126125454900505,0.0032266623134431485,0.009940375564074505,0.004065831121036442,0.011319364053472367,0.025861367338851176,0.011832057120755158,0.02495338403456653,0.012074706537378568,0.024953384034217953,0.01230914796290247,0.024953384034243145,0.009093875781213024,0.024953384034200228,0.00975010855850095,0.024953384034202587,0.006971681426454302,0.014926718506643882
2018-05-16,-0.0141224330312581,-0.004266941078478421,-0.011460502717153955,-0.004311114298795693,-0.010327572770119921,-0.00833098161145048,-0.01055845044296884,-0.008205967294298781,-0.010671838671803893,-0.008205967295093698,-0.010784147200289178,-0.008205967294997351,-0.010568406654481902,-0.008205967295094516,-0.00912077019222831,-0.008205967295094825,-0.008879182213194909,-0.007303313060936245
2018-05-17,-0.014406628133396984,-0.006431663114658016,-0.01171540071687951,-0.006493578221034305,-0.010675748564031928,-0.012504461075508125,-0.010689400643785693,-0.012008371558296609,-0.010696802174513997,-0.012008371558434403,-0.010704791943133608,-0.012008371558417722,-0.010468512785367184,-0.012008371558434545,-0.008436636883339703,-0.012008371558434594,-0.014140482800069389,-0.008094957743696278
2018-05-21,-0.004514275658823136,-0.007475579273037925,-0.005279358681596012,-0.0066480651554416785,-0.004782757015076962,0.0032669026591647995,-0.004879886392904167,0.00139074160246063,-0.004928913566986308,0.0013907416018508348,-0.0049781820111818205,0.0013907416019247514,-0.0053740575942546895,0.001390741601850206,-0.006390471090550998,0.0013907416018499657,-0.001434100820725031,-0.0031049218810469885
2018-05-22,0.008080007941967803,-0.0006340516626530219,0.0041498887276246454,-0.0006475291319585341,0.0034916611479436613,0.0026671524715819305,0.0034735397314229217,0.002579643320447263,0.0034659439435110483,0.0025796433207599494,0.0034594361961000106,0.002579643320722077,0.00523374463154091,0.0025796433207602677,0.00114228648847705,0.0025796433207604013,0.0049846323511842745,0.0012406130874762608
2018-05-23,0.000894973202546887,0.0006963372980408138,-0.0004936225774454009,0.0006553422302019904,-0.0013595103629278765,-0.001487233512659322,-0.0016088387835698009,-0.003843960575409433,-0.0017301563514169468,-0.0038439605756010837,-0.001849276655942971,-0.003843960575577892,-0.0026707717578109947,-0.0038439605756012806,-0.0025601653610035167,-0.0038439605756013574,0.0039527222376847864,-0.00163554130316824
2018-05-24,0.0014272370239093823,0.0008987129273039072,0.0008255360824528591,0.0010895456599825575,-3.146763108802589e-05,0.004987254972655829,6.139156363335694e-05,0.005093921700522976,0.0001036023997412753,0.005093921699935067,0.00014311195756370673,0.00509392170000633,0.0016408468989779807,0.005093921699934464,0.001722464535224171,0.005093921699934228,0.003514263183574753,0.0018436941331335707
2018-05-28,-0.002453976882707138,-0.0015375416841750822,-9.795242380993815e-05,-0.002650266116757447,-0.00221309352970686,-0.0210799563367619,-0.002493056173986323,-0.01606191808313664,-0.0026104807990602937,-0.016061918080541394,-0.0027141626609445825,-0.016061918080855976,-0.003984949308026175,-0.016061918080538716,-0.0029250824156309466,-0.016061918080537693,-0.004638150602134935,-0.010262146623182162
2018-05-29,0.00661008564893063,0.004171255757760268,0.0061926819433336016,0.00478258720155233,0.00671728065288323,0.016328192389101666,0.007029068827305392,0.015755963756280262,0.007174238937194362,0.015755963755535878,0.007312799721270289,0.015755963755626125,0.008022504853393115,0.01575596375553511,0.007985808897772947,0.015755963755534813,0.00673487939455985,0.010291189895256642
2018-05-30,0.0034498993348027725,0.010698485465798527,0.005450830154972604,0.010086573354583035,0.004724823183351376,0.010389189559160775,0.0048513376844600015,0.009984563961408649,0.004906863965545755,0.009984563960544071,0.0049576225717611454,0.00998456396064888,0.005111943455218271,0.00998456396054318,0.006357399350220783,0.009984563960542824,0.00652411779640796,0.009053577892430654
2018-05-31,-0.0004806135482579206,-0.002290073783521216,-0.0008974086978361063,-0.00220099898141161,0.0002297540275169402,-0.0030405432197988134,0.00021083561332692151,-0.0038840328154985046,0.00020173305376662651,-0.003884032815173616,0.0001929669403101269,-0.0038840328152130077,-0.0013447733623995592,-0.003884032815173288,-0.0014900442107463967,-0.003884032815173147,0.0029828333969714313,-0.0008259822672991248
2018-06-05,0.01070683592054558,0.007363096761328025,0.009045627989200153,0.007124414916376042,0.007464562190694231,0.0029249456789014893,0.007313124399844132,0.0025653528705730194,0.007243796144954774,0.0025653528710159546,0.00717849751117653,0.0025653528709622493,0.006693191410019701,0.0025653528710164256,0.006016848565444009,0.0025653528710165774,0.006996544916295774,0.003165298004527649
2018-06-06,0.0003248067868539795,0.0025181041864811037,0.0006882140669797063,0.002241497322906283,-0.0008134955592162213,-0.0036613680215618785,-0.0010444075948015255,-0.00462643783389575,-0.001155998211761474,-0.00462643783406751,-0.0012652564577290127,-0.0046264378340467194,-0.0017747158631257816,-0.004626437834067686,-0.0008002414501777947,-0.004626437834067757,-0.0004602475475026115,-0.0018005838698090478
2018-06-07,-0.002007811865240663,0.0004021492523502355,-0.0013657093417684277,0.0009561057290922047,0.00039599266861624046,0.006872094670192493,0.0004930949665365317,0.004214292397949782,0.0005323735565968407,0.004214292397019918,0.0005659996478707926,0.004214292397132632,-0.0005818065510937576,0.004214292397018955,-8.268087734985082e-05,0.004214292397018598,-0.0020634635336207645,0.005126519632119303
2018-06-08,0.0003646175320970082,0.0004307778728668694,0.00033526576840889913,0.00041741731690985145,0.00030416989352410515,0.0,0.0002955738557784636,3.2637383661282312e-18,0.0002915275345111874,0.0,0.00028762670518409176,0.0,0.0002814874585704722,7.212061887861652e-19,0.00027474688650592686,0.0,0.00010694452670138391,0.00014094044096648914
2018-06-12,-0.0034247544714540224,-0.0004294279823643726,-0.0023586130034845935,-0.0008440814326358612,-0.0007480649934264644,-0.0052964589993412985,-0.0008032939203324038,-0.004615712587565081,-0.0008223928994502622,-0.00461571258637628,-0.000836196100719065,-0.004615712586520384,-0.00317989193879278,-0.0046157125863750485,-0.002734466336540514,-0.004615712586374592,-0.00199832706279848,-0.002846852455110388
2018-06-13,0.002600365474107756,-0.0019970967636147308,0.0023164239177825927,-0.002365590520374326,-0.0005712955788219507,-0.010410785123699483,-0.0005057308540516717,-0.008142638784603516,-0.0004700845065955555,-0.008142638783659374,-0.0004327087638801413,-0.0081426387837738,0.001333269235479845,-0.008142638783658403,-0.0007952403011712782,-0.008142638783658025,0.0004539455850727916,-0.003295741506413469
2018-06-14,-0.00548386906897101,-0.0028326438422011904,-0.004149531393199239,-0.002730669274097537,-0.005718825579786312,0.0069539655018762275,-0.005735214322211792,0.006958042228197597,-0.005745113427881836,0.006958042227288259,-0.0057560912052706656,0.00695804222739848,-0.005439048333557915,0.006958042227287316,-0.003280867308434022,0.006958042227286943,0.00030946071950649953,-0.0024246705069956237
2018-06-15,0.0,5.1646907679362736e-05,0.0,7.517533850721884e-05,0.0,0.0006569161751362567,0.0,0.0006569161751673381,0.0,0.0006569161751363047,0.0,0.0006569161751400679,0.0,0.0006569161751362726,0.0,0.0006569161751362602,0.00012165114354375135,0.00021273334137087083
2018-06-18,0.005041424317309754,0.002738290288389677,0.003740939373775455,0.0024561932445271444,0.0035509482717321515,-0.0034959401157168535,0.00355193052769419,0.0012503834630807843,0.003562072096168787,0.001250383464281358,0.0035779598614872647,0.0012503834641358368,0.007056107824349561,0.001250383464282599,0.006221460874952976,0.0012503834642830776,0.0023162991692962653,-0.0004400743175973585
2018-06-19,-0.01092203082482972,-0.005467090836617157,-0.010626871266734986,-0.006113957001000204,-0.011872095586301439,-0.01839052488505907,-0.012049446223446605,-0.016596293756481854,-0.012131291217411973,-0.01659629375618852,-0.012209200272055454,-0.01659629375622407,-0.009339550658633747,-0.016596293756188218,-0.011832245099908316,-0.0165962937561881,-0.010309898741990465,-0.011287024494011347
2018-06-20,-0.004481029182662747,0.0014838380573064696,-0.0037588500102375758,0.0015446059362717649,-0.0003786027824110133,0.001960557340153277,-0.00047487252449486425,0.0021559072719746423,-0.0005212504864751258,0.0021559072719014925,-0.0005666203316678576,0.002155907271888567,-0.0008288896552782791,0.0021559072718819144,0.0018025060477777069,0.002155907271883754,0.0006323779967190385,0.0001582470869410177
2018-06-21,0.0007986924475044013,0.0006381549550952032,0.002104252165439094,0.0003289883413913391,-0.00035110909433897007,-0.004317788519278944,-0.000433131857411205,-0.004317788519404857,-0.0004680745024923478,-0.004317788519347764,-0.0004992597759051331,-0.004317788519280962,-0.000526926495965716,-0.004317788519281507,-0.0014901089887243823,-0.004317788519288208,0.00031730944651001434,-0.0025501550459067217
2018-06-22,0.0,0.008487066661658771,0.004761790248028936,0.008487066661658771,0.004402490781480277,6.1888346349611416e-18,0.004305421147018007,0.0,0.004256614790263995,0.0,0.004207529745236186,0.0,0.004158169492366739,0.0,0.004025463261834685,5.012977913023784e-17,0.0015716790114182909,0.008487066661658249
2018-06-25,-0.007084770323212904,-0.007319937010046683,-0.009140804211590452,-0.0070409805391171655,-0.006748348664951335,-0.0034375227086817783,-0.0067540381616271305,-0.0034375227085754385,-0.006758990499933481,-0.0034375227086237883,-0.00676509664511378,-0.0034375227086799664,-0.0067721983269632205,-0.0034375227086796177,-0.008108309725769,-0.003437522708674018,-0.006144960004866436,-0.007077820035458708
2018-06-26,0.01793855740787767,0.007419018428188983,0.015486777048118405,0.007597673221657249,0.015053113222706093,0.010127656550832718,0.01520891933138768,0.010127656550720622,0.01528481508570828,0.010127656550771615,0.015359612498619064,0.01012765655083087,0.01543340030643992,0.010127656550830437,0.013166672702248968,0.01012765655082451,0.014376532196057897,0.0097442959986883
2018-06-27,0.0043939839151382505,-0.0037069791502563716,0.00255369586216636,-0.0036959504445963067,0.0010111802265275302,0.007095843838112162,0.0012906697629041025,0.007095843838180428,0.0014229991928762667,0.007095843838149718,0.0015507775561516418,0.007095843838113219,0.0016742437093142572,0.0070958438381135604,0.0019560435409912533,0.007095843838117178,0.0018065499550246117,-0.00010442068683809078
2018-06-28,4.16068079926884e-05,-0.00935226268713128,0.0007420501065477341,-0.008732203994371784,0.0013183258343104534,0.003927020232331749,0.001460425832600172,0.003927020232168661,0.0015341126809389678,0.003927020232242117,0.0016096208044575353,0.003927020232329044,0.0016868576095517716,0.003927020232328432,0.0007000152889392781,0.00392702023231964,-0.0018709469386125116,-0.003907921518046194
2018-07-03,0.002530567726790635,-0.0029236688642011875,-0.0014009151500615497,-0.0029383598105307018,-0.003135899329648036,-0.003053908366931259,-0.0031799099952622895,-0.00305390836717378,-0.003192574521328914,-0.0030539083670639133,-0.0031995169356254464,-0.0030539083669352167,-0.0032011577574738255,-0.003053908366936188,-0.0002010508599577499,-0.0030539083669490954,0.001600315333956406,-0.0030838642038303983
2018-07-04,0.011959528743229742,0.007280304200384449,0.01124815747307718,0.0072274349770395365,0.010409874023597098,0.0002889257975306791,0.010300676956866144,0.00028892579747462967,0.010247996721148279,0.00028892579750013276,0.010196695132872097,0.000288925797529799,0.01014680523464193,0.0002889257975295299,0.006337488790476826,0.0002889257975266409,0.004634141489392736,0.004785385819646004
2018-07-05,-0.004311512643649599,-0.0016161479391043792,-0.005498422071185303,-0.0013394794686405539,-0.0027075612284930915,-0.00467997234169772,-0.0028124442806180118,-0.004679972341668339,-0.0028636680943663973,-0.00467997234168189,-0.002914146910911574,-0.004679972341697192,-0.0029638973468189425,-0.0046799723416971264,-0.003212497081393831,-0.004679972341695493,-0.002015877097794037,-0.0023913813062406233
2018-07-06,0.002587219761613441,0.0008991641700913923,0.00248471747307901,0.0010646038302266727,0.0020184405236442103,6.1207461419462315e-18,0.0020144962938548148,0.0,0.0020113045530503206,5.3429091792922564e-17,0.0020075008547893918,1.1863500695827214e-17,0.0020031994752211226,0.0,0.0,4.2478514655169817e-19,0.0015555424018139177,0.0018471826046139756
2018-07-09,-0.011146652987087502,-0.004115495235211923,-0.009094888359112494,-0.004180234226661573,-0.005931805715589309,0.0006263784371538326,-0.0055746668647305795,0.0006263784372669886,-0.00540718912702243,0.0006263784372154448,-0.00524690055905922,0.0006263784371555413,-0.005093575475382793,0.000626378437156145,-0.002591210932759686,0.000626378437162102,-0.009436589449866922,-0.0013970152053234936
2018-07-10,0.004888058264072794,-0.0032853704015634003,0.004059281943969724,-0.002693263263179152,0.004544648640759757,-0.0014415556429519544,0.004547081328268344,-0.0014415556430091559,0.004549319710792377,-0.001441555642983284,0.004552134797087604,-0.0014415556429528448,0.004555457686118823,-0.0014415556429531184,0.002790469281219746,-0.0014415556429559692,0.0012309728257764564,-0.0015490874331658125
2018-07-11,-0.002559461473651937,-0.0002609287289229361,-0.0022634930243472452,-0.0005106838772122232,-0.0031015812587321372,-0.0083801691201675,-0.0032963793235458233,-0.008380169120221154,-0.0033883529811548027,-0.008380169120196693,-0.00347703137672875,-0.008380169120168328,-0.0035626081296639346,-0.008380169120168594,-0.003178095318736874,-0.008380169120171383,-0.004029285131931465,-0.0036843551601109404
2018-07-12,-0.005565839420486134,-0.009489612665590891,-0.0043901145779640625,-0.00898771512038982,-0.0041796745911791945,-0.0018515903492704832,-0.004177266743695692,-0.0018515903492396307,-0.004176856700854655,-0.0018515903492536347,-0.004176942101013109,-0.001851590349270015,-0.004177490059559693,-0.0018515903492698537,-0.0034083246140454585,-0.0018515903492682447,-0.008169666556832378,-0.005774598409307885
2018-07-16,0.003804361440727129,0.0042754930025876575,0.0028843619212095143,0.004428180620421461,0.0036741579014686874,0.0058866606391520275,0.0036173999496737315,0.005886660639246689,0.0035873089559564195,0.005886660639203793,0.0035562606965316265,0.0058866606391535375,0.003524395210400661,0.005886660639153946,0.004028052972390335,0.005886660639158854,0.003843965665935824,0.004471952708580683
2018-07-17,0.0010442868786395654,-0.0017055319542293992,0.0005021716454498627,-0.0014673013593308913,0.0003391267568843358,-0.0008920531730114505,0.0003368495409619547,-0.0008920531729163673,0.00033207157900213397,-0.0008920531729593932,0.00032509056981643985,-0.0008920531730098716,0.0003160895407524525,-0.0008920531730095168,-9.205070357332703e-05,-0.0008920531730043671,-0.0003296658196319401,-0.000683375614489423
2018-07-18,0.002675076417718077,0.002009477611147708,0.004040260297553736,0.0019400718955149372,0.0016595834838537885,-0.0038766693135475726,0.0016325389130634905,-0.0038766693135628043,0.0016183094773406705,-0.003876669313555557,0.0016036297280207252,-0.0038766693135477964,0.0015885355232851898,-0.003876669313547885,8.926731282283293e-05,-0.003876669313548595,0.0013615943495475236,0.0011668277356732758
2018-07-23,-0.003092885289584899,-0.01940778841551669,-0.0038461490145256893,-0.01848891875923322,-0.005191705487974668,-0.004207330810860443,-0.005083108653580215,-0.004207330810867751,-0.005031726428425756,-0.004207330810864224,-0.004982048819732226,-0.004207330810860587,-0.0049339466137464875,-0.004207330810860591,-0.005516189645572059,-0.00420733081086108,-0.006314787512728471,-0.012258588863734408
2018-07-24,-0.0028735411565539134,-0.0007671884208834742,-0.001763237426265048,-0.0009459192286724914,-0.002030747010723526,-0.005782884200206683,-0.0020467236951046946,-0.005782884200234574,-0.0020548582414193456,-0.0057828842002218975,-0.002063128110708508,-0.005782884200207188,-0.0020715390897262493,-0.005782884200207251,-0.0014000069864546817,-0.00578288420020876,-0.003857201235045361,-0.0021559393051597403
2018-07-25,-0.015213311276029585,-0.004084749762003357,-0.011182253872618016,-0.0033977015658807814,-0.009267417578766016,0.0076761909724932095,-0.009160712579573764,0.007676190972811847,-0.009115059979550533,0.007676190972667405,-0.00907456173627143,0.007676190972498404,-0.009039073101974642,0.007676190972499701,-0.006314620856560531,0.0076761909725166924,-0.008866658065928228,0.0005445130226244022
2018-07-26,0.005337651692377062,0.004574941103351386,0.006076972175959897,0.004221239317223563,0.00809049512509078,0.0007249617879162865,0.008110081078467666,0.0014254736009366917,0.008122063908475391,0.0014254736002854119,0.008135374565819264,0.0014254736009568145,0.008149831790360218,0.0014254736009456088,0.004523652316178712,0.0014254736009614956,0.006018294383998288,0.0012645308958773682
2018-07-30,0.008292137595021546,-9.821974583185383e-05,0.0069394345814382,0.00017269418493373037,0.0064585968167916,0.00874160687136987,0.006623996708133628,0.007844532098452683,0.006698660215637127,0.007844532099430552,0.006768633253533281,0.007844532098439945,0.006834324661205814,0.007844532098456541,0.006456990907749403,0.007844532098431894,0.004130429568266203,0.004939750933431009
2018-07-31,-0.013811208639563975,-0.005319886995997958,-0.010778196007654737,-0.005656772213194556,-0.011794383568360881,-0.015530077532771256,-0.011839173936517287,-0.015623456393961755,-0.011864628473960389,-0.015623456393369057,-0.011892151836510705,-0.01562345639396947,-0.011921664051295423,-0.015623456393959418,-0.011364571129022958,-0.01562345639397435,-0.009117139114982018,-0.009322357735665152
2018-08-01,0.0027194747155220495,0.0014495507815149096,0.0027660676713048655,0.0020262776728596646,0.0026900901968186083,0.017505506267532965,0.0029122517840154704,0.01959028030224378,0.0030232582085081257,0.019590280301927145,0.003134228023110737,0.019590280302247846,0.0032450884584038784,0.01959028030224247,0.005542597265714322,0.019590280302250504,0.00570153348745824,0.010270362602060679
2018-08-02,-0.004804001404032785,0.0012589186580557314,-0.004404721001705585,0.0016202993581912275,-0.0020185406222989134,0.005391571199145828,-0.0021132267584279747,0.002481618464945703,-0.0021664175521253397,0.0024816184674994906,-0.002223300692273602,0.0024816184649124142,-0.0022836139495347307,0.002481618464955792,-0.001843593401741992,0.002481618464891414,-0.0026356687977247733,0.004496058956935648
2018-08-06,-0.0031000311961254237,-0.003234894829115397,0.00045325036119746136,-0.0032636067431779064,0.00025318706242283317,0.0012933027799469925,0.0003875165934321052,0.0031037881501648165,0.00045657705974385494,0.0031037881487260776,0.0005268827221224428,0.0031037881501835363,0.0005983300862601533,0.0031037881501591313,0.0016842363815983141,0.0031037881501953996,-0.0036646372614086487,-6.251123299581807e-05
2018-08-08,0.013242700081272867,-0.004151134997239505,0.009908817201840033,-0.004518694030471642,0.006663936879782736,-0.0015838232437276117,0.006695722390000226,-0.0014349985123911814,0.006709785648752123,-0.0014349985126993498,0.006722794708584579,-0.001434998512387129,0.00673484925435695,-0.001434998512392381,0.005115158863342307,-0.0014349985123846293,0.002907953793660231,0.00038873261072577565
2018-08-09,-0.00204663507768599,0.0004970068439845818,-0.003008088705617214,0.0006188425342137679,-0.0036472572925402066,0.0012269580966857273,-0.004085796945736189,0.0005760484356572178,-0.004293861939374378,0.0005760484363367454,-0.0044949009012141645,0.0005760484356483585,-0.004689208405637063,0.0005760484356598962,-0.004474708943162319,0.0005760484356427727,0.0011916636793374666,-0.002559587266656234
2018-08-13,-0.010661080634818205,0.00019375001545351867,-0.007051328708782405,0.0004009820820372749,-0.005715860171386937,0.0003972658168745722,-0.00562197993240544,-0.0002721071914590895,-0.005580883286908242,-0.0002721071903427813,-0.005543486101414158,-0.0002721071914736553,-0.005509599268155172,-0.00027210719145469075,-0.0043472645205663,-0.0002721071914828208,-0.006718140998951787,0.00033678789552446227
2018-08-14,0.004552638152750442,-0.00032393232044097505,0.003594731272530111,-0.000666118672391501,0.002442009838492855,-0.007861848417676202,0.002513453738991988,-0.007838732290968747,0.0025455244858208926,-0.007838732291547093,0.0025754088199615405,-0.007838732290961194,0.002603271257570451,-0.007838732290971017,0.002676383843045175,-0.007838732290956451,0.00013620036280522982,-0.0034427532590426426
2018-08-15,0.0008647687264391644,0.006658925287713264,0.0005284003382829925,0.006028308645368887,0.001530481939457819,-0.009034933180706483,0.0012529498603514129,-0.00931500511244546,0.001123944723568853,-0.009315005113686324,0.0010008146503727672,-0.009315005112429268,0.0008831610524765865,-0.009315005112450304,-0.00018228566146173453,-0.009315005112419082,-6.249598861403805e-05,-0.0052552045169661785
2018-08-16,0.0005699973882916585,-0.0011043448425216286,0.00037997284893833306,-0.0015546601919868722,0.0016366877491374456,-0.005156469401203844,0.0018505776090459428,-0.00325464182123693,0.0019541049002914064,-0.0032546418227609036,0.0020555719331413055,-0.003254641821217095,0.0021550726310491097,-0.0032546418212429477,0.0040651173087094955,-0.0032546418212045323,0.002924755476280294,-0.0021876199523332787
2018-08-21,0.003961974724977918,0.0026204722646174534,0.0035212789193551784,0.0029998564474519843,0.004203943879173806,0.013823158374421367,0.004352583946884277,0.012498054231304604,0.004418435574718221,0.012498054233130083,0.004479048869430528,0.012498054231280809,0.004534743252824755,0.012498054231311801,0.004627656758281798,0.012498054231265796,0.004843463927240548,0.010758426584500214
2018-08-22,-0.0013130030155386557,-5.464533457728934e-05,-0.001045502620542163,0.00041248749733768927,0.000712741465709721,0.007177245937317316,0.0008828804538701966,0.006131463598145323,0.0009585901838912055,0.0061314635997085365,0.0010286486291538985,0.006131463598124955,0.0010934655260685193,0.006131463598151466,0.0012074880950893345,0.006131463598112093,0.0007111930591224095,0.005624346607970534
2018-08-23,0.004759679205036216,0.001620657607245076,0.004892441292755929,0.0012450892581847947,0.00390707000504633,-0.0033945499433952675,0.0039032699663942043,-0.003667638559843281,0.0038992123215515657,-0.0036676385599052983,0.0038938265009127214,-0.003667638559842455,0.003887209860495805,-0.003667638559843495,0.0027042451110763687,-0.0036676385598419627,-0.0020435551952855215,-0.00015609909196298804
2018-08-27,0.0008156487326978632,0.0011096812801517674,0.0036771985345398963,0.0011519666878604426,0.0037821037990537296,0.0013534427205221158,0.004030570855547627,0.0032347578534742127,0.0041534384156822575,0.0032347578519244446,0.004275391332905284,0.003234757853494404,0.004396370448337011,0.0032347578534680857,0.0042342713078561516,0.003234757853507157,-0.0006635185810765133,0.0035604841852584614
2018-08-28,-0.00026788029573295594,0.0021038457476499277,0.0012742875653570943,0.0022638183598385473,0.0021457561890559527,0.0041844576606960395,0.0021745774055965525,0.00402949366027275,0.0021872194922807984,0.004029493660431088,0.0021988272763553635,0.004029493660270667,0.002209494148293949,0.004029493660273358,0.003381881370114732,0.004029493660269383,0.0010450209942590776,0.004580699048610407
2018-08-29,-0.005134809484130825,0.0045370663569146395,-0.003362630617379396,0.004659559731412228,-0.0015336380884282247,0.006236923802856767,-0.001480304845488524,0.004576162479457312,-0.0014613816756105034,0.004576162481489003,-0.0014475043099664421,0.004576162479430823,-0.0014384547575098847,0.004576162479465327,-0.00020880552987282775,0.004576162479414123,-0.0002697902434319702,0.007731906732553672
2018-08-30,-0.00505060359707901,-0.006436630311868351,-0.003892175944835894,-0.006561923300749604,-0.002718889349795456,-0.0052786176624351495,-0.0025213049170374206,-0.005712520872657864,-0.0024297677057932908,-0.005712520872511606,-0.0023426320160127106,-0.005712520872659764,-0.002259615383959537,-0.005712520872657274,-0.0016263807929077683,-0.005712520872660973,-0.005256801047953359,-0.005722717180085253
2018-09-03,-0.0020300520066946146,-0.0012446145223982334,-0.0018292339159346016,-0.0009336352989604019,-0.0030612219410000416,-0.0066919361326366125,-0.003149977232992769,-0.0054318093606426495,-0.003187848456478671,-0.005431809362037609,-0.0032217445055445233,-0.005431809360624484,-0.0032519381994896906,-0.005431809360648179,-0.0030784037992753303,-0.005431809360612997,-0.0061872260179578545,-0.002924160529619243
2018-09-04,-0.007020202402674505,0.004087897802386816,-0.003007280002285049,0.004509891605933519,8.575089359371154e-05,0.01786667320271212,0.00022379434647032276,0.01626161662612686,0.00028523896890733484,0.016261616628610333,0.00034181555657137995,0.01626161662609448,0.0003937337277652235,0.016261616626136656,0.0011395363807777225,0.016261616626074067,0.0020233529211973918,0.012275562182480108
2018-09-05,-0.01536657178472279,-0.003714945271771263,-0.015110354505028076,-0.0036630976096647685,-0.011378936376965371,-0.005650615503897993,-0.01142988640926965,-0.006430441436603674,-0.011456719174208244,-0.006430441436985415,-0.011484569841585628,-0.006430441436961778,-0.011513428637312655,-0.006430441436975473,-0.008093240673439157,-0.006430441436971976,-0.0124113121335985,-0.003706640484855471
2018-09-06,-0.014099303970057094,-0.010737897092163244,-0.01406278011529654,-0.010918501113893328,-0.01070487818379452,-0.0038048906527594624,-0.010652869461568336,-0.004456338341184967,-0.010626259637937745,-0.004456338341653416,-0.010599419114113346,-0.004456338341709266,-0.010572454857399256,-0.004456338341727227,-0.011213380731142784,-0.004456338341725131,-0.01861884842641531,-0.011232910896519331
2018-09-10,0.0047848423152353,-0.00019799362909279743,0.004716739243754028,-5.246041112918153e-05,0.002868694304151387,-2.8112166148915265e-06,0.0027885246721376347,-0.00255417041824494,0.0027421829903896966,-0.002554170419759698,0.0026919420312003194,-0.002554170419939945,0.0026380899859199326,-0.002554170420000658,-0.001612928649426808,-0.0025541704199909753,-0.007127249650886223,0.00177774463741129
2018-09-11,0.0021067128356056807,0.0008988701719799218,0.002424715548931869,0.001492779198724543,0.002419584817834259,0.011223784512400957,0.002606131486559133,0.008598883441981847,0.002684702004701392,0.00859888344029632,0.0027545932974886575,0.008598883440095767,0.00281656021500232,0.008598883440030444,0.0031435462371103284,0.008598883440038915,0.008315510078670917,0.010144749968130602
2018-09-12,0.007026330634178123,0.000717718637551765,0.00822649828480833,0.001774322918557805,0.011670563842162501,0.0283091406794397,0.012559036537023177,0.03080421599519354,0.012976703621899965,0.030804215994869363,0.013378702727306565,0.03080421599483065,0.013766196093508869,0.030804215994817582,0.015210716238240246,0.030804215994818383,0.004196911846387744,0.027423642211988678
2018-09-13,-0.00028034882510308875,-0.002316704136856831,-0.0004931323436994676,-0.00239034781953152,-0.0009677004728305936,-0.0073236130695183395,-0.0011540852890120827,-0.009629825649023468,-0.0012465512952478637,-0.009629825649767344,-0.0013386243510563204,-0.009629825649855862,-0.0014302937943151649,-0.00962982564988537,-0.003760890941356651,-0.009629825649880701,-0.006039755354370118,-0.0068457380830601565
2018-09-17,-0.011840971397000263,-0.010338289520994214,-0.011365396523711234,-0.009371482663733062,-0.009355821875322353,-0.007719856735724843,-0.009014006530062726,-0.007018303880720676,-0.008853918726208762,-0.007018303880186756,-0.00870005193627958,-0.007018303880123202,-0.008551850841914833,-0.007018303880102411,-0.005287055436581421,-0.00701830388010621,-0.010582201240209897,0.001464150914976595
2018-09-18,0.008046207326536613,0.0030578826339632188,0.008220281112615632,0.0031933852399548697,0.006096566116293189,0.0061672762459882334,0.0062484353986649085,0.007804996861325774,0.0063221963673609875,0.007804996861328166,0.006394602828060433,0.007804996861328441,0.006465687003656012,0.007804996861328408,0.0028473036213761157,0.007804996861328267,0.005162074779991377,0.005628733766358321
2018-09-19,-0.00419904725218842,-0.006706845626877575,-0.004248082141961127,-0.006327239537666648,-0.0029870458726994746,0.0025146149839741557,-0.0029987978439606246,0.004185210880321646,-0.0029942492787505214,0.004185210881491438,-0.0029833607595698797,0.00418521088163059,-0.002966631822547853,0.004185210881675785,-0.0019401553822880739,0.004185210881669933,-0.005000986388226453,-0.004133499664555713
2018-09-20,-0.010889104509983627,-0.004189498029988713,-0.01119300991256039,-0.004720049144708624,-0.01036429078337185,-0.010913873464628337,-0.010535634254714406,-0.00884947755464581,-0.010609075618224143,-0.00884947755341966,-0.010675375173012614,-0.008849477553273775,-0.010735184212145126,-0.008849477553226947,-0.007877225551150622,-0.008849477553232161,-0.01357449090667643,-0.012287359160617482
2018-09-24,-0.004878117139280766,0.0036565530574314948,-0.004354071962709101,0.004329703665646823,0.004332563893975277,0.019426035856791358,0.004713771881533001,0.017061336566485927,0.004886041627793121,0.01706133656464172,0.005047298742568981,0.01706133656442215,0.005198349181460448,0.01706133656434956,0.004921431128480578,0.017061336564359406,-0.00361899414884916,0.017309523054426703
2018-09-25,-0.0032068194258523643,-0.004327412654644661,-0.002945932303624828,-0.004138633774273986,-0.002713465087829048,0.0010246276406761206,-0.002514334863408325,0.0013780989734853255,-0.0024174283956499157,0.0013780989738255297,-0.0023220887086074123,0.0013780989738660424,-0.002228240896697681,0.0013780989738792712,-0.0019277566273975869,0.0013780989738772,0.0009811033940067117,-0.0009538213419376805
2018-09-26,0.0016125729754434804,0.0031186383426307636,0.001439583829476448,0.00301494796563546,0.0009644088403917137,0.0038681769149214672,0.0008039500856621654,0.0018551065026714284,0.0007208934215547711,0.0018551065013724275,0.0006361310250085023,0.0018551065012178502,0.0005498653418067564,0.0018551065011671395,0.0015326667125950197,0.0018551065011743516,0.0010772915388695713,0.001785546331439714
2018-09-27,0.007326486278539439,-0.0003532742410187427,0.007504373389089694,-0.00018719812545582126,0.006493708038006893,-0.001648893527068377,0.006618985224530985,-0.000757163956292624,0.00667954712584418,-0.0007571639556753027,0.006738949328606841,-0.0007571639556018328,0.006797285933392853,-0.0007571639555773672,0.003542566363354231,-0.0007571639555813648,0.004774656709536806,0.0030297481506358524
2018-10-01,0.00602549143855067,-0.003007107575812766,0.006582676665753109,-0.002682292466110885,0.005305051482535039,0.00415648897513035,0.005712100815713343,0.008528887553680406,0.005906716324366987,0.008528887554489339,0.006096311716448152,0.008528887554585533,0.0062813302948384565,0.008528887554616766,0.005208944366802772,0.008528887554611819,-0.0013855563787030236,0.007299334925743273
2018-10-03,0.0007511276403453625,0.0025698414959933703,0.0006536371280557291,0.002531953932589819,0.0029954858305072953,-0.006444127364370784,0.002937873238606152,-0.007699607279657451,0.002913877943827476,-0.0076996072787788115,0.0028926854891269684,-0.007699607278674225,0.00287403505626452,-0.007699607278639757,0.00267989738042365,-0.007699607278644469,0.0023383341132180184,-0.001617124451909686
2018-10-04,0.006057252611639994,0.003770520277670444,0.006180429997754742,0.0035607401177935195,0.003932890002384962,0.004563646183780291,0.004041882398298719,0.005922208158888381,0.0040946933437620596,0.005922208158905441,0.004146452037312156,0.005922208158907456,0.004197186471787228,0.00592220815890853,0.002872786414611083,0.005922208158907923,0.005056910607309493,0.0046697677695817005
2018-10-05,-0.0029739529234030547,-0.00037871445646206123,-0.0031826520595770267,-0.0008497647055506195,-0.002171379391518604,-0.0037690968283914422,-0.002323321840973625,-0.004143217632713957,-0.0023940513001706157,-0.004143217632724534,-0.0024616908569184926,-0.004143217632725795,-0.0025264803385266054,-0.004143217632726229,-0.0027467765500357173,-0.004143217632725663,-0.0009395399672746754,-0.005654968835715631
2018-10-10,-0.01845119904659812,-0.005444543981366899,-0.01877184214955136,-0.004414984549339483,-0.014238362893518047,-0.010678443459764013,-0.014502034376694506,-0.013652044751309905,-0.014636771832123361,-0.013652044752069221,-0.014773288883756633,-0.013652044752159606,-0.014911342170131948,-0.013652044752190328,-0.010337909078222698,-0.013652044752185417,-0.024547786015708565,-0.0010812777467266877
2018-10-12,-0.010951245205727107,-0.006897510322419894,-0.011192485655148498,-0.007422144689949454,-0.010806944273286276,-0.02210460822533458,-0.010988510383881664,-0.023511257653040456,-0.011074254175956031,-0.023511257652517402,-0.011157017598551165,-0.023511257652455077,-0.011237010022472587,-0.023511257652434257,-0.010329871792861428,-0.023511257652437004,-0.006466121037831118,-0.015158664195116089
2018-10-16,0.016427540189191143,-0.0013825552751896143,0.016640829737506118,-0.0013824696754617116,0.017394391919094518,0.0006145711936774976,0.01758382437305089,0.004813986288706828,0.017682615726323642,0.004813986290487343,0.017783927678355425,0.0048139862906991055,0.01788750049079568,0.004813986290769018,0.00895579437753608,0.004813986290758105,-0.0015794821300907063,0.005596115433799843
2018-10-18,-0.0011008632579400325,0.0066710716566322536,-0.0033847594373431792,0.006103020069317696,-0.0033456950682765932,0.007239123895065515,-0.0034253290867944314,0.005001017841397571,-0.0034675078334121495,0.005001017840961988,-0.0035128527909787394,0.005001017840960887,-0.003560045664870184,0.0050010178409629815,-0.0039045041069613123,0.005001017840957716,0.007027507896262325,0.0017499532139592024
2018-10-19,-0.003909617922564985,0.00869163589605949,-0.004027964362233306,0.008005504786210278,-0.004615984653995201,-0.0037936545227443335,-0.004840211536987946,-0.007972686799903157,-0.004952059996575241,-0.007972686800117344,-0.005064057907174076,-0.007972686800119868,-0.005176250291603547,-0.007972686800119566,-0.005507871168257748,-0.007972686800121885,-0.002791911497248778,0.003322758330716862
2018-10-22,-0.023689314167797633,-0.018700726560627774,-0.02056375262477813,-0.01967634857703736,-0.01971823527004586,-0.02551165019915838,-0.019458308619672036,-0.02417970897628966,-0.019344654625901344,-0.024179708976111068,-0.019240492565661366,-0.024179708976107786,-0.019144943648896372,-0.02417970897610803,-0.018906078427446585,-0.0241797089761061,-0.025085887627700185,-0.015997497988263564
2018-10-24,0.0006922252920161715,0.0004648792476022309,0.0010717590206569903,0.0012837266369969448,0.0003166395387630746,0.0056768022355884375,8.645911236497398e-05,0.00675306466556223,-1.2838096916766755e-05,0.006753064665458218,-0.00010282080655546868,0.0067530646654565245,-0.00018429710428351795,0.006753064665456672,-0.0003819172011558364,0.006753064665455543,0.0022701997494893197,-0.005514734973126564
2018-10-25,-0.012120728123441712,-0.009504606954823695,-0.010929548521030136,-0.009421934229239657,-0.011710171921999933,-0.022191989020528317,-0.011971934384112334,-0.02240928543627679,-0.01209208941876617,-0.022409285436017157,-0.012206016829275065,-0.02240928543601403,-0.01231426545047192,-0.022409285436014392,-0.012604823560727492,-0.022409285436011596,-0.011519749746472652,-0.016073194477124842
2018-10-26,-0.008111549689555587,-0.010408974911499655,-0.010702933368919702,-0.0101476864003095,-0.010456671405164604,-0.007170275943641881,-0.010374456997541682,-0.008532960422676508,-0.010338448167010947,-0.008532960422895157,-0.010305622395662904,-0.008532960422898476,-0.01027579294996875,-0.008532960422898172,-0.010203393359989646,-0.008532960422900538,-0.012377773152866445,-0.007784883389052368
2018-10-29,-0.0028353863694372356,-0.0021791311861185988,-0.001986102506949368,-0.0030725823433075737,-0.0020705399230825337,-0.013976771765552544,-0.002119511921043161,-0.012547210612829523,-0.0021452359649946117,-0.012547210612369875,-0.002171473592512973,-0.01254721061236342,-0.002198048357432497,-0.012547210612364064,-0.002277178265101029,-0.0125472106123591,-0.008022600971031437,-0.005749497651328471
2018-10-31,-0.0019261209779194884,-0.0009188582964951213,-0.0008019745764173102,-0.0010934397621283586,-0.00013123412906261307,0.009814630486245346,0.00011425588583315028,0.010244217866738285,0.0002297105740998505,0.010244217866458901,0.0003406326056686901,0.01024421786645553,0.00044724348407700434,0.010244217866455924,0.0007386697718361102,0.010244217866452915,0.0038634808132566897,0.00327260323875611
2018-11-01,-0.005168260676401225,-0.02229851605037224,-0.009995478694995931,-0.023111694358500794,-0.00932099980536229,-0.04266214307617975,-0.009065399974790982,-0.03790848954173606,-0.00893852555444,-0.03790848954080895,-0.008811901044891953,-0.03790848954079672,-0.00868546346654615,-0.03790848954079804,-0.008313912025675678,-0.03790848954078803,-0.013710647739669322,-0.026898696650019267
2018-11-02,-0.0018361309831550605,-0.005734653931775207,-0.0031030190811876437,-0.007630381907426339,-0.004378044536789525,-0.020231669718501495,-0.004753415129276585,-0.014612651845874052,-0.004910478572461503,-0.014612651845123323,-0.0050494228698654275,-0.014612651845112828,-0.0051718318903031055,-0.014612651845113882,-0.005450205682186375,-0.014612651845105767,-0.00025659273055617126,-0.028435802795774907
2018-11-06,0.016910286865887192,0.013742615051807586,0.013811847584710303,0.012776620563203693,0.013250163153730144,0.008125699638499916,0.013070915680827501,0.005697149668497236,0.012991190159008535,0.005697149668410011,0.012917263733978258,0.005697149668409375,0.012848626036105266,0.005697149668409487,0.012672763134685433,0.005697149668408562,0.02251835465862118,0.00871908607761792
2018-11-08,0.01487185593320571,0.0126198913040362,0.01390223918988669,0.013706377110544277,0.013991607737086697,0.020597702596796587,0.01404524557477615,0.022201902153579967,0.01407707088356514,0.022201902153752912,0.014112026221048088,0.022201902153754543,0.014149877031676028,0.022201902153754297,0.014275933017428752,0.022201902153756167,0.014347709933143302,0.013583528262056235
2018-11-09,0.0048128108809269545,0.003942219617160152,0.0031518782990667903,0.0035365273550647365,0.0026317205820591814,-0.005499798266142863,0.0024607155235597815,-0.005406663758275585,0.002383569168231522,-0.005406663758076217,0.0023113453850319692,-0.00540666375807317,0.00224363210289493,-0.005406663758073452,0.0020667599021394444,-0.0054066637580712975,-0.0016205485538400657,-0.0031928884990717055
2018-11-13,-0.02212102611215237,-0.014727960269152731,-0.019925715984396537,-0.015427185628890642,-0.021307643269263515,-0.016375987366792053,-0.021815273209590938,-0.018641946037079932,-0.02205801919825493,-0.018641946037240058,-0.022294207438509166,-0.01864194603724157,-0.022524251514790757,-0.018641946037241338,-0.02317008537158394,-0.018641946037243076,-0.01901294360518371,-0.019731749005203247
2018-11-15,0.024842216456217554,0.008103816002868112,0.01925262382258626,0.007834274650362861,0.019792064895186538,0.007744785199573985,0.020014972603057544,0.015624966454144901,0.02013283136203659,0.015624966455136594,0.020255090483133023,0.01562496645514935,0.020381538406830657,0.01562496645514794,0.02077563030450243,0.015624966455158658,0.016304200279907137,0.0029316462357360023
2018-11-16,0.005971876948341757,-4.9964240694578416e-05,0.007064709493531119,0.00014126359328718412,0.007019695708222821,-0.007526809720318399,0.007028505710349594,-0.005445406881290926,0.007038574400802314,-0.005445406881023852,0.007051969153935862,-0.005445406881020797,0.0070683550944797904,-0.00544540688102117,0.007131170364971568,-0.005445406881018291,0.005540276529909411,-0.0030428916205974153
2018-11-19,-0.007672729725675546,-0.00813493811590597,-0.009011515588531539,-0.008477060346043173,-0.009638112735836877,-0.010776621178026134,-0.009860757130109797,-0.011286607969715243,-0.009965044949234723,-0.01128660796979437,-0.010065125192050148,-0.011286607969795494,-0.010161286386997804,-0.011286607969795387,-0.010424478175332064,-0.011286607969796246,-0.005206178241328586,-0.013254894965019972
2018-11-20,-0.015967302959098238,-0.02307293198883574,-0.02472067367943044,-0.023782085279065567,-0.025463662059437127,-0.01807948559991204,-0.025727628242052655,-0.019097434182410472,-0.025848496458859005,-0.019097434182257636,-0.025962434280581526,-0.019097434182255662,-0.02606982381352063,-0.019097434182255898,-0.026352176676590677,-0.019097434182254232,-0.023143905695604025,-0.031113037625390895
2018-11-21,-0.006577873708658989,-0.0037016756221758124,-0.003423264239092263,-0.001528415210416175,-0.0023397900610953545,0.002395083660531862,-0.0019471868217696632,0.00476036828691003,-0.001760708435639377,0.00476036828695311,-0.0015799371496691074,0.004760368286953417,-0.0014044213928093205,0.004760368286953364,-0.0009139665607089402,0.004760368286953807,-0.008183296344644035,0.007565086512550231
2018-11-22,-0.0025646980894542142,-0.004779468033232125,-0.004625459956147564,-0.005963308091771349,-0.004566923533997155,-0.0017857771123319806,-0.004542470078342764,-0.0008923745577211952,-0.004528991859609015,-0.0008923745576956001,-0.00451464984592409,-0.0008923745576952364,-0.004499475905300301,-0.0008923745576952792,-0.004450413997711353,-0.0008923745576950005,-0.0008062359063644904,-0.007281941504788881
2018-11-23,-0.006609658976448339,-0.002052553204281158,-0.005600071860215247,-0.0023153054184198905,-0.006569178583760327,-0.019708007696586097,-0.0069127035028753205,-0.02210895884482765,-0.007074305517499332,-0.022108958844716843,-0.007229927530856203,-0.022108958844714907,-0.00738001597552005,-0.022108958844715063,-0.007793982892287452,-0.022108958844713866,-0.0016339348113433613,-0.009264289742153698
2018-11-26,0.01633894585399233,0.013568046296587068,0.016176933150545834,0.01316973229404209,0.015634425908219257,0.01128575549640143,0.015681205655586093,0.004136549980851919,0.015703584145352688,0.004136549980828285,0.015725443878687795,0.004136549980829501,0.011532274475501205,0.004136549980824646,0.011086319001821495,0.004136549980829202,0.007258056569893445,0.01149404226748682
2018-11-27,-0.007223338821312851,0.00119492328563809,-0.007081045691692912,0.00213273303238342,-0.004632943221454193,-0.0030744112379230883,-0.0044796608337273405,0.004629512419926683,-0.004413229520982894,0.004629512419927428,-0.004353338338014923,0.0046295124199266825,-0.0017095784511024063,0.004629512419929495,-0.001448252892412938,0.0046295124199267545,-0.006815994196992352,0.006427300186762243
2018-11-28,0.0064475687653020855,0.0069182104074931305,0.00623905699708961,0.0061237979783445775,0.005520658621497343,0.00998235136758213,0.005380893686852191,0.0025946436675794876,0.0053194441900662635,0.0025946436675799074,0.005263114272345199,0.0025946436675794884,0.004436137593194576,0.002594643667580591,0.004423453331699608,0.0025946436675795075,0.0068517177851132125,0.0045590506795024546
2018-11-29,0.0037087464285519064,-0.003037057178601715,0.003647857846353837,-0.00348477585130348,0.0003850700761168708,-0.0034415792806928485,0.0003541347596687848,-0.005296311600009917,0.0003410677396007933,-0.005296311600010133,0.0003295526893003965,-0.0052963116000099165,-0.0018564977034827195,-0.005296311600010687,-0.0021394306917753986,-0.0052963116000099356,0.001340264452939857,-0.005590412620836505
2018-11-30,-0.0035380891430845446,0.002490062828064254,-0.0036723392260718294,0.0026222603458468255,-0.0027988098440492656,-0.00032189282679098447,-0.0028486313583102165,0.002092921689031055,-0.002871521376796385,0.0020929216890326727,-0.0028935072898975383,0.0020929216890310577,-0.0007255105491471218,0.002092921689036084,-0.0004944886459224756,0.002092921689031158,0.004937359458146661,0.0021034534341504586
2018-12-03,0.009497996652488676,0.003272319553557036,0.010302542479026714,0.0036312696627378536,0.010976603131234176,0.028552700270644268,0.01151487884655756,0.027161592480032495,0.01176217447862669,0.027161592480031454,0.011996751024875633,0.027161592480032484,0.013567909200052526,0.027161592480029487,0.014299534768895625,0.027161592480032463,0.005898310082657416,0.022292283072088363
2018-12-04,0.0020888897422288457,-0.00482151601835537,0.0017363766714156396,-0.004801174845391479,-0.0011474236138129413,-0.007221724018363176,-0.0013850535015178412,-0.00596871198492065,-0.0014858073938402235,-0.005968711984920437,-0.0015756652527953783,-0.005968711984920648,-0.006861629661841813,-0.00596871198492056,-0.007414991530301718,-0.005968711984920667,0.0012469413565739998,-0.010380455502953669
2018-12-05,0.004684089590763364,0.0014462067375635584,0.004914808839457892,0.0017951232219253987,0.0034786346192619035,0.007666871672705266,0.0036519923359564425,0.008972064028720151,0.003732394473666505,0.008972064028719891,0.0038091081404736213,0.008972064028720148,0.0035906612382262085,0.008972064028719999,0.003739641276117846,0.008972064028720144,0.005117736299391977,0.006141921807544916
2018-12-06,-0.01105938563943489,-0.005623109689080967,-0.011426570868713758,-0.005897178602569192,-0.011017816302961564,-0.012390059365039103,-0.01127726571801958,-0.014615576603834246,-0.011394793619152703,-0.014615576603833487,-0.011505061942325881,-0.014615576603834245,-0.012783337775275053,-0.014615576603832255,-0.013010456504884655,-0.014615576603834219,-0.005500128804692768,-0.012057894821527663
2018-12-07,-0.004159955030757466,-0.010162997320186608,-0.004033849712726195,-0.009822049033891257,-0.0035909815741865937,0.002589563707301727,-0.0034468875177758674,-0.02821794202178234,-0.0033714645723788936,-0.028217942021783123,-0.0032941675460002873,-0.028217942021782332,-0.004213932470875804,-0.02821794202178322,-0.003940680666292428,-0.028217942021782377,-0.0093974107671484,-0.00508476364160612
2018-12-10,9.725965144750698e-05,0.0014079615067294259,-0.00022585121668767193,0.0008286557997260846,-0.0012547836048324317,-0.008374837283532735,-0.0014919975826795156,-0.008374837283532721,-0.0016011630284726956,-0.00837483728353314,-0.001704700757086135,-0.00837483728353272,-0.0021552620607809777,-0.008374837283534216,-0.002457150436204134,-0.008374837283532765,-0.0023206904305129424,-0.010191185157040924
2018-12-11,-0.0038724401912512466,-0.002782690937195076,-0.003918369533363598,-0.0032139080596079207,-0.002891811883830884,-0.004550057127105802,-0.0029554423683874438,-0.0041133637499893285,-0.00298407886887343,-0.0041133637499896816,-0.0030107062714599866,-0.0041133637499893285,-0.003144192363300404,-0.004113363749990866,-0.0032053081937387326,-0.004113363749989362,-0.0010109756516294296,-0.008663873262934704
2018-12-12,-0.003627966722709254,-0.007904135143880204,-0.0033145644988686078,-0.007440241876102511,-0.002289524717419738,0.0028154228593783213,-0.002122111928142528,0.00237809288525086,-0.002045159675012816,0.0023780928852506857,-0.0019718740584079983,0.0023780928852508605,-0.002560550227099777,0.0023780928852502434,-0.002422148744045561,0.002378092885250856,0.0003761225635041791,-0.0030604413101302315
2018-12-13,-0.003766618422443252,-0.007595474016331503,-0.004039328422559157,-0.009102032767791625,-0.010925957190787473,-0.00757716644892168,-0.011110280568831812,-0.008450490183690429,-0.011198493945712212,-0.008450490183689971,-0.011284096578986966,-0.008450490183690429,-0.012216280266332756,-0.008450490183689109,-0.012405225906249878,-0.00845049018369041,-0.006081555758580413,-0.005105985497018713
2018-12-14,-0.0035948041342577257,0.0065754898426259875,-0.003692968581621505,0.008217775260929377,0.0037066735528738697,-0.005500740537365508,0.0037040171554024114,0.012499158214410897,0.003709597206475888,0.012499158214412037,0.0037185936387034114,0.012499158214410895,0.0029202867300276453,0.012499158214413626,0.00279056512270749,0.012499158214410968,0.0028503746501191136,-0.0016539445903169926
2018-12-17,-0.014365900285766125,-0.015516259578282078,-0.014526902131395677,-0.016379710052233935,-0.018760324884878134,-0.011715381398887104,-0.018920741628599528,-0.00544876135494079,-0.018999495781154323,-0.005448761354940043,-0.019076859606860862,-0.005448761354940789,-0.020528291734651247,-0.005448761354938781,-0.020701608935588055,-0.00544876135494074,-0.01405635153453566,-0.012609790509949878
2018-12-18,0.004895743819374047,0.003222821771731458,0.004719601427784329,0.003949583372207017,0.0043568747753827426,-0.006564226732221422,0.004241745551454411,-0.004390284816738476,0.004190296123795995,-0.004390284816739035,0.004142298185866828,-0.004390284816738475,0.0045064727899800025,-0.004390284816740254,0.0043086249345012035,-0.004390284816738522,-0.002836622607895936,-0.006206965161525201
2018-12-19,0.005664486177471936,0.000542270343029126,0.005403331566351051,-0.0005714088118010047,-0.0012131941652890514,0.006133861314576236,-0.0013475116054935598,-0.00218725356076921,-0.0014079771131714717,-0.0021872535607684283,-0.0014643156811798798,-0.0021872535607692085,-0.0038575820949991986,-0.0021872535607666325,-0.003995615706805212,-0.002187253560769164,-0.0013488496811919152,0.007587222150398891
2018-12-20,-0.023413094179237946,-0.011567202685712392,-0.02400973417586827,-0.01166291380361438,-0.02058739626724115,-0.03060380835978761,-0.021066202480433897,-0.022507267635961795,-0.021288284755892836,-0.02250726763596094,-0.021500128694734028,-0.022507267635961784,-0.018563831094251648,-0.022507267635959765,-0.018711752536672694,-0.022507267635961777,-0.01532373133831854,-0.02994492119518467
2018-12-21,-0.001078040422086892,-0.015366978566409426,-0.0005279566516916486,-0.016001318363624402,-0.006648959178380205,0.016016121797209525,-0.006231516045863788,-0.00833104156485883,-0.006030947487928488,-0.00833104156486048,-0.005834858764996277,-0.00833104156485883,-0.007348628574400556,-0.008331041564863365,-0.006710441338717786,-0.008331041564858917,-0.007122655373977541,0.0019547234758882396
2018-12-24,0.016904245073551392,0.0284950272978197,0.015728223307654898,0.029056838651709407,0.017026691642055072,-0.009553159088261463,0.016194145281564265,-0.015981723227475268,0.01580337494415565,-0.01598172322747409,0.015427508419024476,-0.01598172322747526,0.013056744070777958,-0.01598172322747049,0.011800083457860593,-0.01598172322747522,0.011276605233224225,0.009716101685802954
2018-12-26,0.012989289239635271,0.009780428068653447,0.017589841108453717,0.009428030722937663,0.016708687645244455,0.02616419066363233,0.01725917150235556,0.038334159991537324,0.017524615103151186,0.03144756393512521,0.017783158962715734,0.03144756393512566,0.015218650543664714,0.031447563935125065,0.016160849735499215,0.03144756393512531,0.01837154820808523,0.022474067473103793
2018-12-27,-0.00846332236120435,-0.011131784415950837,-0.009468739798848182,-0.01163108419562188,-0.009286509504786176,-0.008656077168764105,-0.009176165351102687,0.00040033618615459537,-0.009123255371386002,0.0004193842363277027,-0.009071534185917123,0.00041938423632774884,-0.00744385266846042,0.0004193842363276993,-0.0072066731927321395,0.0004193842363277103,-0.00453572024675618,-0.010952731600179653
2018-12-28,0.004864624024470799,0.003026987999835501,0.0027976764186404147,0.002731589553756804,0.0029620964016172984,-0.007595186289357681,0.0026560781835895256,-0.0059544891445101975,0.0025089709793477146,0.010622889771618238,0.0023657573868714264,0.010622889771617686,-0.0005343958325433021,0.010622889771618228,-0.0008623853711430607,0.010622889771618222,0.008172701705607435,-0.006640455249402129
2019-01-02,0.001585877096089009,-0.0019442551190119854,0.0019995298970688887,-0.0026601388868095965,-0.0005379403139317814,0.0007137769392603849,-0.0004944559920945924,0.006442524543429471,-0.0004720422287223324,0.002477853118717426,-0.00044894344715740213,0.0024778531187175257,-0.00010477529184794212,0.0024778531187174178,-2.9494979690148368e-05,0.0024778531187174355,-0.002163002696884303,0.0001979780878899501
2019-01-03,0.009707841134017747,-0.0038099134206357006,0.012947235100295437,-0.0006475901088793625,0.018289130716101203,0.011388740663688859,0.018631179862943215,0.007381482031807319,0.018801114462878084,0.004952925726839865,0.018969321646704923,0.004952925726839931,0.007209656179327702,0.0049529257268398855,0.0074383054019736385,0.00495292572683988,0.004549415527182176,0.011113065144411238
2019-01-04,0.0007894299714330908,0.0036249310461309615,0.0020015613879147097,0.0031331781740282175,-0.0010756512819705402,0.009233453400131632,-0.000827734621097441,0.01356437362774483,-0.0007055534466295329,0.008073651086873346,-0.0005843488672957024,0.008073651086873489,0.00532716137851403,0.008073651086873341,0.005552955301146891,0.008073651086873357,0.0040942560027224266,0.008101364115451037
2019-01-08,0.00015262564466455675,0.007939429956648857,0.002705690927977496,0.008275074410756079,0.00590290351170506,0.018054287950400833,0.006177895530318644,0.016561685843922452,0.006309529441959924,0.015244726844271902,0.006437268382555242,0.015244726844272014,0.010643004725356576,0.015244726844271918,0.011019274141569174,0.015244726844271902,0.0046319515401261405,0.016734708867289273
2019-01-09,0.002399855984903806,0.0013459867255870132,0.003876925382118054,0.0023652332302284023,0.0074948071728877345,-0.010031028390270742,0.007558340997684546,0.004864608053401699,0.007584191567126848,0.002275744402754521,0.007606170460878267,0.0022757444027546765,0.003711792223540817,0.002275744402754515,0.0034928559505643044,0.002275744402754544,0.0013551022992142493,-0.006540635907887088
2019-01-10,0.0068628883876949275,0.0030861978624671564,0.007137313657283926,0.002926897617190804,0.0062155092867178866,0.004036776990590622,0.006145014701798379,0.004294259569899743,0.006111877109474534,0.002565712791884626,0.006079964127833088,0.002565712791884675,0.0023157801011011417,0.002565712791884622,0.0023792860606818003,0.0025657127918846255,0.0030616488358270835,0.0044885630167008205
2019-01-11,0.005694237870422974,0.006132121562555968,0.005007973835588391,0.005976540186699965,0.004628131628376349,0.002065522810287962,0.00445813137016958,-0.000781293970032701,0.004377305391429336,-0.0022600338645310898,0.004299204391990779,-0.0022600338645310993,0.0036149400746888606,-0.002260033864531097,0.003417773364567895,-0.0022600338645310932,0.0023001287130771098,0.0027877998885502725
2019-01-14,0.0027849457118739557,0.0018786317427380188,0.0028398707331826947,0.0016753613767587722,0.002603597603405869,-0.002921465516413018,0.002553378372025166,0.0013191412400440194,0.0025256778316312465,0.0010414667232682682,0.0024965603298616823,0.0010414667232683124,0.002256935432764404,0.0010414667232682684,0.002089266641881386,0.0010414667232682751,0.0006536855434221185,-0.0011070421790106459
2019-01-15,-0.00026263908174737,0.002961834540145724,0.00013174034816109976,0.002828161709352412,-0.00038313558070636076,0.004979738726460904,-0.00031096553555802183,0.00329694416607852,-0.00027644490081735825,0.0006212709526215634,-0.00024306705458350853,0.0006212709526216705,0.001673740220682372,0.0006212709526215677,0.001827765300832332,0.0006212709526215621,5.394433359523509e-05,0.004095577338229486
2019-01-16,-0.000590808760273004,0.0014399681499681644,-0.0006734750013337682,4.430209330638071e-05,-0.003295979124757439,-0.002327415412856266,-0.003365813097877499,0.002177557384980717,-0.003404533915141729,0.010228854504476031,-0.003445469479320835,0.01022885450447589,-0.0020229098953406708,0.01022885450447604,-0.0019129680811490754,0.010228854504476026,0.0009730214406405177,-0.0020092732069734933
2019-01-17,-0.001811899326096166,-0.0023288672752219165,-0.0023360711729113748,-0.0026313671026074207,-0.004414705946465876,-0.0030582459965537777,-0.004433477807293454,-0.003810614343183616,-0.004441455700824986,-0.003981484468059519,-0.004448374727633141,-0.003981484468059554,-0.004072053955491198,-0.0039814844680595264,-0.004126162424245989,-0.003981484468059523,0.0021543816831496804,-0.0026186589329723394
2019-01-18,0.002439660396923297,-0.0006393496549160394,0.0019806345164341873,-0.00024357828516659926,0.0026509403035305176,-0.0017627692911976291,0.0026204371241358828,0.00019212206958540927,0.0026071397694092946,-0.00211684123217756,0.002595090014186008,-0.0021168412321775354,0.002671480932496164,-0.002116841232177571,0.002517630355320091,-0.0021168412321775584,-0.0018211100034090655,-0.0015224421191833346
2019-01-21,0.002976458208026548,0.00550109277757578,0.002237044064635745,0.006174696818832892,0.005818977616415562,0.0010207885069752007,0.005786959842771157,0.0016265508517715034,0.005770224599631,0.0011881923625406837,0.005752991868656871,0.0011881923625407078,0.0059603077073451,0.0011881923625406852,0.0058215849879476415,0.0011881923625406867,0.0051560733454098,0.0018292793273589703
2019-01-22,0.0008876708715569526,0.004540867408883397,0.0010712627588241664,0.0038582551375176775,-0.0002503931900518328,0.004922123156803354,-0.00024159221241166893,0.0044220968567220565,-0.00023736070176652672,0.0039036932511919546,-0.00023312215064190438,0.0039036932511919784,0.0026570912789587063,0.0039036932511919533,0.002767253568936762,0.0039036932511919502,0.007176259957500041,0.003960757551255124
2019-01-23,0.00885415186798486,0.004105233808230795,0.006354350265198896,0.0024401482896569794,0.001842918547070291,0.0006713578284870091,0.0014914629414860827,-0.004497294717171603,0.001321249268879131,-0.003964701502039895,0.001155009321905959,-0.0039647015020399705,0.0025381898071892245,-0.003964701502039912,0.0022396113341816037,-0.003964701502039915,0.006453339166962267,0.0008417097480618312
2019-01-24,0.009042050360243999,0.011205742937547749,0.009683905437752383,0.01119381159674477,0.008453010372733709,0.004425383332962585,0.008366378653352687,0.003973444536544813,0.008323783594642056,0.002382265402425504,0.008281580195011816,0.0023822654024255444,0.005859281398102871,0.0023822654024254985,0.005733310196989526,0.0023822654024255015,0.011192769538177525,0.006022328262612156
2019-01-25,0.0064457824432889305,0.0017520358887484992,0.0054625879133878555,0.0017876429049208404,0.005313180028466788,-0.0006478315324434126,0.005272776310178695,0.0006542462028703829,0.005249895658051305,0.002801005787050291,0.005225239355199148,0.0028010057870502835,0.003912418348545756,0.0028010057870502935,0.003828877619445085,0.0028010057870502844,0.00749887722183007,-0.0019607371187102865
2019-01-28,0.010893050156091376,0.014023266698061294,0.008758450897699284,0.012847218703358294,0.006213182852991711,0.0025225283238691975,0.0058913740725900915,0.001170298921046782,0.005732114586700423,0.0023231828745919666,0.005574166024435422,0.002323182874591956,0.00755109836170861,0.0023231828745919575,0.0073130310532808435,0.002323182874591951,0.008929197906563583,0.0029703380537320118
2019-01-29,0.005610583260092507,0.006112045484919811,0.005399443787708841,0.005520188336686561,0.003045426997121704,0.010035785743562493,0.003107657323801958,0.01060615035267864,0.00497045602841993,0.009756517137949502,0.0050681544647241525,0.009756517137949536,0.005389661876634253,0.009756517137949502,0.005671366416214721,0.009956517137949782,0.0030613356703102714,0.009205532641404767
2019-01-30,0.003973520228061071,0.010076513053796463,0.003899816907753541,0.010603845778357334,0.008367639072501912,0.011990129632877284,0.008495500950214431,0.011990129632877466,0.009673718858312313,0.012275851841166294,0.009729359977992956,0.012275851841166321,0.009781720543777043,0.012275851841166327,0.009917594559424422,0.012275851841166698,0.010470835240276456,0.011467110354441687
2019-01-31,5.803361058127833e-05,0.000793734838004507,2.694202750090993e-05,0.0012247045429554077,0.0021816853483150743,-0.0035906816840849285,0.002144225978507085,-0.003590681684084933,0.002328609796342541,-0.004230096356604709,0.0022487294396052234,-0.004230096356604703,0.0021685940027520796,-0.004230096356604698,0.0019330334478863734,0.0003995825586739937,-0.00022018728792197765,-0.0033409967700715835
2019-02-01,0.0050102290825350315,0.003305796923440469,0.005035191208556345,0.0035652378941105865,0.005398982917499286,0.0036325234642480284,0.005394078477062079,0.0036325234642480735,0.0039151269318695985,0.004567112062818383,0.003871021941062514,0.004567112062818376,0.003827098762345017,0.004567112062818395,0.0037000750955149815,6.105742449955638e-05,0.009658139038314029,0.0038607360651036005
2019-02-04,0.00983139399743775,0.014646543435705992,0.00990913419839824,0.01483353030144295,0.01573110908236333,0.012936878646961164,0.015513324124789691,0.012936878646961346,0.015098650187143361,0.015395381496659796,0.015025017866320113,0.015395381496659786,0.014953760734358033,0.015395381496659772,0.014757489038892083,0.013080591887313637,0.006064773988206078,0.012054294061742746
2019-02-05,0.014310333870960815,0.012907545396566147,0.014294775050009038,0.013047128813929599,0.013485778578738703,0.012169380073937863,0.013435595647662857,0.012169380073937856,0.013503388056682676,0.011779397276926454,0.013456602958579344,0.01177939727692646,0.013410336854285663,0.01177939727692647,0.013277660574836772,0.014578154890202494,0.012759667025730762,0.012316217535519173
2019-02-06,-0.0022711143903563994,-0.004010119547857776,-0.0022432962121121005,-0.0031525912459449135,-0.00022698877178970616,-0.009377568375233996,-0.0002873575289478259,-0.009377568375234124,-0.0021065477204462,-0.009519628054033596,-0.002212383822817931,-0.009519628054033618,-0.0023169893190970905,-0.0095196280540336,-0.002616160382844346,-0.009519628054033894,-0.001510018287605978,-0.008564642709555374
2019-02-07,-0.010335281520389426,-0.006407441885361628,-0.010352579415048031,-0.006756187842635474,-0.012148734738592551,-0.009307257103835552,-0.012197339473239619,-0.009307257103835547,-0.010068977743693995,-0.010556522756254594,-0.010057965982000767,-0.01055652275625457,-0.010046325042487177,-0.010556522756254573,-0.01000971221625004,-0.013671508997940639,-0.01056311726283754,-0.009650199819446667
2019-02-08,-0.004398027964283974,-0.0012974346620705582,-0.004411313255344357,-0.0012678681967581871,-0.0017553214536714496,-0.00176317937512983,-0.0017284401886649753,-0.0017631793751298017,-0.0027520263737829294,-0.0004158828859842055,-0.002720399311264322,-0.0004158828859842147,-0.0026895424078679712,-0.0004158828859842068,-0.002603483912705511,-0.00020128074111712218,-0.0005637327148132171,-0.0019313053673766399
2019-02-11,0.0025154488578605543,-0.001333952595312647,0.0025243307124857717,-0.0010855928228391582,0.0015615788621965447,-0.004911211808940516,0.001486845016916382,-0.004911211808940608,-0.0010507560680734734,-0.003380848065789151,-0.0010970235646313494,-0.0033808480657891954,-0.0011423033236759098,-0.003380848065789181,-0.0012696893801449863,-0.005198979277626237,0.0027533543548763357,-0.004571245056551771
2019-02-12,0.0014947868622602314,-0.0014049727027787375,0.0014835280863843298,-0.0017037256657644953,0.0012751171466105174,0.00993908758203755,0.0015151313811329148,0.009939087582037664,0.002009433163543577,0.010385524849128904,0.002158200381271507,0.01038552484912892,0.002303582637619085,0.010385524849128901,0.002711940980443839,0.009939087582037869,-7.861286736312865e-05,0.009573102067169461
2019-02-13,-0.0036797663171619817,-0.004066510858250603,-0.003657466725874736,-0.003677418933301938,-0.001457791942435925,-2.813254197847538e-05,-0.001301548219320265,-2.8132541978493058e-05,-0.0021756662638115825,0.00027282376777300495,-0.002107282130920936,0.0002728237677729994,-0.002040505154336203,0.000272823767772997,-0.0018530075130757892,-0.00017162929521043874,-0.0008639437141405887,0.0002093002713098324
2019-02-14,-0.00046368661280313196,-0.0002997433045680229,-0.00042242104555449255,-0.00043413065105965835,-0.0014729494613596296,0.0030013865669616053,-0.0013995484089551488,0.0030013865669616057,-0.00042418439903394735,0.001829872810544354,-0.00038951459057046014,0.001829872810544373,-0.00035476217017781694,0.001829872810544367,-0.000252314217252724,0.002714845647630335,0.0002872731510635643,0.0031134678660403544
2019-02-15,0.004598449902492742,0.004095288117460991,0.004613837613221435,0.004496370690691752,0.007619184470263761,0.013050657207087445,0.007860309841942843,0.013050657207087497,0.007543693118757292,0.013086416657316672,0.007647116227994627,0.01308641665731668,0.007747712623525341,0.013086416657316672,0.008028104919174411,0.0168359598232189,0.00667818876924553,0.013203772296436714
2019-02-18,-0.005698302434315751,-0.0011978558477049239,-0.005750368367974471,-0.0010290361393116931,-0.002237295182558628,-0.0012755544542227496,-0.002197587079610267,-0.001275554454222747,-0.0010844199324971083,-0.0015764142878091677,-0.0010317927137989892,-0.001576414287809161,-0.000980391601327341,-0.0015764142878091638,-0.0008368925209974122,-0.0011339278692662534,-0.003279347412387445,-0.0016029039667350801
2019-02-19,-0.0034029781234996602,-0.0011169737464148287,-0.00337262930986626,-0.0011706426472173127,-0.0007663711539635258,0.000135944384999097,-0.000804043619904758,0.00013594438499913266,-0.0010047705243401762,0.0008640830538729369,-0.000999243668130837,0.0008640830538729332,-0.0009931910114505996,0.0008640830538729255,-0.0009727979069074893,0.00041962999088951164,-0.0036675811426521983,-0.00011004460510878676
2019-02-20,-0.0018837776848431589,0.0013352437249373995,-0.0018518893613773042,0.001962289725764132,0.0017954165668766424,0.006276656824687764,0.0019460338148285725,0.006276656824687807,0.0015564497719766763,0.006434658858380874,0.0016250712511573988,0.006434658858380887,0.0016924985675321829,0.0064346588583808805,0.001883953056154303,0.005992164154041115,-0.0005935150054380833,0.006387936945442873
2019-02-21,0.0019032279165357659,-0.000974422419459903,0.0019691580233573563,-0.0013103557590246377,0.00039591964448043647,0.0008454886605338198,0.00031828134846781007,0.0008454886605338655,-0.0003643706554612759,0.002010207150668719,-0.00037839889680008087,0.00201020715066871,-0.0003910748889350327,0.002010207150668703,-0.0004209304094987289,-0.0004807884416589449,-0.0025171387561803518,0.0005999427702293956
2019-02-22,0.009835608012384398,0.0034754556689006806,0.009930427455353278,0.0030102979957006737,0.005595183513231929,0.010049967625460706,0.005580746163915344,0.010049967625460858,0.004907429198310982,0.01120783758041469,0.004891252620804026,0.011207837580414689,0.004876025273275829,0.011207837580414676,0.004837435147277724,0.010334450031913679,0.0055678652198992385,0.009849290034411899
2019-02-25,0.011281124455784108,0.010596308039596427,0.011224355845805764,0.011081015963548312,0.013022048035725464,0.007032829676159911,0.013041116488320115,0.007032829676159998,0.010722890122380455,0.008683570277319589,0.010646235025354077,0.008683570277319573,0.010568189713380331,0.008683570277319577,0.010333178684018049,0.007032829676160149,0.009042357258607771,0.007345046152718205
2019-02-26,0.0068293133897740005,0.007825450663455184,0.006760221234273695,0.007135522194195458,0.004071973003025536,0.011280352687344213,0.004150639857400729,0.01128035268734433,0.004763109553024665,0.012419757095640731,0.0048767214047961095,0.012419757095640737,0.004988421096587401,0.01241975709564072,0.005304607577578345,0.011137695384997363,0.004324262496771462,0.010526862039125897
2019-02-27,-0.007961729317169968,0.00012577940867377116,-0.007946859897900933,0.001157687547153229,-0.0012720877859587903,0.0005016907125763118,-0.0010784001698722716,-0.0012343186529146088,-0.0005542786907613131,-0.0010430813227787635,-0.0005114201847742656,-0.0010430813227863206,-0.00047046277260884696,-0.0010430813227867981,-0.0003600051451004792,0.00021865734855051273,-0.0024471778361904208,0.001941271124175913
2019-02-28,0.0005016783957628571,0.002918626405372324,0.0004322607775161754,0.00228390763021191,-0.002863076627958251,-0.011391678596313012,-0.003227296805454419,-0.010254108295887432,-0.0037965473623494716,-0.01025410829570702,-0.003946378889755926,-0.010254108295698141,-0.0040932316572349775,-0.010254108295695818,-0.004508693470071353,-0.012499690273463574,-0.006971109003635703,-0.0077470649443610404
2019-03-01,0.0044453556505101265,0.00509972290328749,0.004412333869290401,0.005669276091909145,0.006816304888282974,0.004756075467213399,0.006908173851280568,0.00475238811256605,0.0066003974098591146,0.004752388112559882,0.006611799283220919,0.004752388112559405,0.006621525079473814,0.004752388112559493,0.006641345816708029,0.004326868632730975,0.005152473514005607,0.004326868632731022
2019-03-04,-0.0028228804389917616,-0.0027335059502448652,-0.0028075823974819973,-0.0023407033419521822,-0.0015904182895092457,0.004646306857919696,-0.0014388742212913044,0.00464996289679315,-0.0009359420488797986,0.004649962896682757,-0.0008618559898181021,0.004649962896675784,-0.0007896935681420263,0.004649962896675934,-0.0005881801287975401,0.001369991327151787,-0.0039045404955272665,0.005920904844958165
2019-03-05,-0.0021601086275002588,0.0005707007100586234,-0.002095711830943913,0.0012358115866799545,0.001116158390135028,0.0016093305703323265,0.0011616376776271715,0.0010407193820512863,0.0009261673837295406,0.0010407193819855004,0.0009055000057775049,0.0010407193819816573,0.0008850842718213956,0.0010407193819814333,0.000827341904170957,0.0014662547435506984,-0.002334236432486801,0.002888885310614934
2019-03-06,0.014170631738460407,0.015176660501556485,0.014176683911446821,0.016471541818237984,0.018788965438503634,0.002799953417481342,0.018577722974934048,0.005218758275171856,0.015037481856922235,0.00521875827553163,0.014879344381538956,0.005218758275552629,0.014722638105616135,0.005218758275553949,0.01427161413008477,0.0017999669212006722,0.008224018440883003,0.0030585341824820086
2019-03-07,-0.010191163991987169,-0.00801952454232327,-0.0101171417663606,-0.008356622751685607,-0.010086815935308684,-0.0020353259393826387,-0.010015126757475089,-0.004101420133195441,-0.007878685651076803,-0.004101420133401097,-0.00781350151986011,-0.0041014201334136175,-0.0077472795385056786,-0.0041014201334138595,-0.007547847076067849,-0.0020353259393826296,-0.010915084757489627,-0.003701310365201338
2019-03-08,-0.007687353132794418,-0.007285486579569965,-0.0077120933688581365,-0.007539390762342683,-0.008231994617068531,-0.00839730798665641,-0.008256592120152057,-0.008399722596884141,-0.008869418243251227,-0.008399722596727437,-0.00882802938108161,-0.008399722596719216,-0.008785488774481267,-0.008399722596717701,-0.00865580910763136,-0.0068985342214715716,-0.008324298056738294,-0.00966270755414102
2019-03-11,0.009173352798942349,0.0101970407309683,0.009263565206533882,0.011170819912081,0.013941858317636283,0.015576211906516098,0.014048246183230943,0.016273336174785703,0.013576318893989452,0.01627333617474014,0.013595342437443113,0.016273336174737953,0.013613066421843968,0.016273336174737325,0.013659213386796253,0.015390134870913681,0.012549172518108881,0.014512150147178913
2019-03-12,0.004591123151399543,0.002528232115685781,0.00455164044613268,0.00246556199008913,0.003737310378378594,0.0024489189116873498,0.003776644719911106,0.0024436951744845675,0.0034016080538643873,0.0024436951745057537,0.0034053214555813255,0.0024436951745095046,0.0034083407000905525,0.0024436951745070642,0.0034135468780905694,0.003532525762327248,0.01192515390380095,0.002873962313599629
2019-03-13,0.01492323848789138,0.01097767517896626,0.015032741628850516,0.011612177614591275,0.014941051429207215,0.02156675459751303,0.015216024891442463,0.016561354748134915,0.0170671528362452,0.0165613547477753,0.01711597227351012,0.01656135474775408,0.017165845966732495,0.016561354747752964,0.017318764481910127,0.017801049820056397,0.014344365135062506,0.01855926722594237
2019-03-14,0.01336795275213267,0.008617302398425442,0.013385611098216264,0.008056343410181575,0.008769406547900871,0.00768135743718027,0.008637051682662756,0.00771178068673329,0.008649164576355936,0.007711780686741464,0.008587406813093806,0.007711780686740852,0.008527457057583027,0.007711780686741955,0.008361461215889746,0.006874922249256137,0.006225003634113879,0.007468245392619495
2019-03-15,0.0033905062005083215,0.0058353798025077355,0.003313997133804581,0.006261133332537664,0.004318216944822718,0.009750532689467614,0.004517347848725629,0.0015712403888361705,0.010403308663724842,0.0015712403881982698,0.010426120597792255,0.0015712403881597919,0.01044963865182966,0.0015712403881586985,0.010522061611095286,0.006884966380457007,-0.0032270008357494374,0.009710373683093864
2019-03-18,0.021326572377702573,0.015555414514333062,0.021420730397702155,0.015718874594267934,0.02034020131653435,0.02356544394243783,0.02040518109623814,0.023655703828445736,0.016694612259791235,0.02365570382896539,0.016854881541846025,0.0236557038289961,0.01701969050306849,0.023655703828997662,0.01752491347469605,0.015624029874153617,0.01643685525158281,0.01913423567300114
2019-03-19,-0.003325002279783561,-0.004078864019406362,-0.0031134610462348793,-0.003591906046209216,0.0002906554317034654,0.00926702794673405,0.0004774788524465178,0.007112398403714671,0.0011530776870494908,0.007112398403524532,0.001224118813693371,0.00711239840351303,0.0012965966482045583,0.007112398403512757,0.0015177587193448815,0.010751570297696552,0.006044332302429067,0.003401470951576318
2019-03-20,0.0074656435964453,0.0088892643726619,0.00742416546166895,0.00793902135490153,0.005592459992223646,0.008296577916492362,0.005683998261526976,0.012159079603464039,0.0038333848602922285,0.01215907960356964,0.0038788485764434033,0.012159079603575288,0.003920182709999333,0.012159079603576171,0.004020003735289685,0.010093008543075764,0.007754143017630678,0.0127149694757736
2019-03-21,-0.002382742068912129,-0.008049307400020706,-0.002260787333849364,-0.007948088002546424,-0.0041102552775217896,0.00506867295112034,-0.004041271149175486,0.005683402764256856,-0.0028598198284780297,0.005683402764035428,-0.0028281133906221715,0.005683402764022962,-0.0027974268341239266,0.005683402764021702,-0.0027116739342053454,0.005618276411530661,-0.0007362625516834395,0.004163394654246281
2019-03-22,-0.014172881327815183,-0.006474716252361394,-0.014262656095580068,-0.007158281889506525,-0.013108419768910062,-0.02622826949053982,-0.013329934660430502,-0.02651385271413799,-0.014399576371736387,-0.02651385271385959,-0.014490247273233071,-0.026513852713840404,-0.014578143351387813,-0.026513852713842333,-0.014822267740501428,-0.0262892406830948,-0.0012483761784761324,-0.028421794410601213
2019-03-26,0.004541779548152113,0.003357076165419629,0.004675014377884706,0.003831574637533689,0.006670707588840006,0.014842572524637382,0.006868952295367929,0.011149575665758141,0.007542467343091819,0.011149575665670755,0.007659916799988032,0.011149575665669292,0.007780161335088555,0.011149575665665353,0.008147022635137613,0.0105525949604563,0.013904558659463256,0.010015249882334445
2019-03-27,-0.020181205949907934,-0.019922476112202887,-0.02020243014346339,-0.019534642106442218,-0.018446932925814116,-0.024865797036440967,-0.01857617876529189,-0.021827504028265443,-0.02143927215184618,-0.021827504027943492,-0.021487576426789206,-0.02182750402792418,-0.021535735885684786,-0.021827504027923487,-0.021676251584869067,-0.02260912988950034,-0.021099643504176084,-0.022312836382713457
2019-03-28,-0.002332672666767647,-0.0005793094419677235,-0.0023741007982550637,-0.0016202955456332498,-0.0031184979990778977,-0.004660350118312181,-0.003198349699121437,-0.002206347288182103,-0.003607041803718256,-0.002206347288154684,-0.0036497280690551514,-0.0022063472881533866,-0.0036942537516818576,-0.002206347288153,-0.0038339906945303206,-0.00239293458590268,0.0003465464083910279,-0.002382982035165975
2019-03-29,0.012278894694923277,0.005735661273211394,0.012278504893113834,0.005875011366669058,0.007593832620322789,0.010448179370331939,0.007606200317843478,0.009751970395083215,0.007801570349368936,0.009751970395083204,0.0078113075071227205,0.009751970395083534,0.007819224201669172,0.009751970395084172,0.007839194752043166,0.009751970395083314,0.007534750330503803,0.010099730151413678
2019-04-01,-0.004167973712928867,-0.009488192201702146,-0.004061337956680238,-0.008568598172030773,-0.005447743047712992,0.002691990128602351,-0.005204491532107266,0.0004875306896577527,-0.005082440965486781,0.0004875306896577848,-0.004960694458801267,0.00048753068965682374,-0.004839593333167301,0.0004875306896549095,-0.00448843903929647,0.00048753068965615517,-0.005123273968970505,-0.003140163790307267
2019-04-02,-0.0023925460795090237,0.0017336884805564988,-0.0023385740417797654,0.0014214936217310215,-0.0005966914009469554,0.001393284132770293,-0.0006202206183877268,-0.008766364713703588,-0.0006339997438872427,-0.008766364713703609,-0.000648914951923064,-0.008766364713702486,-0.0006648291963213815,-0.00876636471370008,-0.0007164682433162181,-0.008766364713702506,-0.0027156481315761785,0.0023073872019032035
2019-04-03,0.011040894048381746,0.0153715443517235,0.010852047662887651,0.01548439021320525,0.012739075294035663,0.004427968844798944,0.01255484228336965,-0.0033066157068624476,0.012464588260882203,-0.0033066157068624706,0.012375678444604073,-0.0033066157068614593,0.012288180898582008,-0.0033066157068593854,0.012038699157171722,-0.0033066157068611353,0.00841748925167423,0.010241439312202127
2019-04-04,-0.0021119537652081665,0.001316704383469531,-0.0021317033063760578,0.0014798496291937365,-0.001520492363219711,-0.003125860103031104,-0.0016634044362290306,-0.014224138568786116,-0.0017362509258805918,-0.014224138568786151,-0.0018094294987133822,-0.014224138568784588,-0.0018826085129033656,-0.014224138568781358,-0.002096249269215599,-0.014224138568784291,-0.002412113385504338,0.0018227643651205993
2019-04-05,0.0032090531090557,0.004286039822151905,0.003295228915547469,0.0029862502936260594,0.005996371779156716,0.004321383098266175,0.0059033096747862935,-0.006074377174337725,0.005854129510099802,-0.006074377174337767,0.005803636532037369,-0.006074377174336116,0.005752106527024285,-0.0060743771743325915,0.005596133629137394,-0.006074377174336322,-0.0004519086088265323,0.004097099282480436
2019-04-08,0.009677702671507832,0.005254693856005862,0.00977348643936463,0.005513888006282516,0.006586059291836019,0.00939165590176155,0.006668411643760158,0.023527091098686337,0.0067077422358882595,0.02352709109868633,0.006745990731506943,0.023527091098685775,0.006783231571955618,0.023527091098684692,0.006887756718042394,0.023527091098685813,0.01083312277040172,0.00937458089490809
2019-04-09,0.010204884428452122,0.00666659618306029,0.010052484497048951,0.0066083714572074785,0.005080632393167052,0.003988524803947938,0.004981189765886528,-0.004660413714317517,0.004933316217339381,-0.004660413714317512,0.004886636710120248,-0.004660413714317346,0.004841130740275631,-0.004660413714317077,0.004713496416667467,-0.004660413714316929,0.006542633773256577,0.005134147739025951
2019-04-10,-0.000857600970688318,0.0002458493336942862,-0.0008163565610374754,-4.8019484550446264e-05,0.0015259283776396593,0.0015055974399213509,0.0015774949375284212,0.011266224568698458,0.0016040143938581579,0.011266224568698475,0.0016308126816868124,0.011266224568697528,0.001657767376395049,0.011266224568695384,0.0017373301162210367,0.011266224568697568,0.007410027892791276,-0.0013636587521077927
2019-04-11,-0.005242109224334291,-0.0018375983425903677,-0.0053891305132964355,-0.0017855357148989677,-0.006744732672434374,-0.01069851660886604,-0.00689845729661484,-0.009853452865099192,-0.006973987059139411,-0.009853452865099196,-0.007048519246911937,-0.009853452865099104,-0.00712198203446947,-0.009853452865099052,-0.007332006437501714,-0.009853452865098426,-0.003288803961591492,-0.004938797144379368
2019-04-12,0.0005475519346397837,3.213132728970655e-21,0.0005390333678551389,1.4266858769436237e-20,0.0,4.040959439054496e-19,0.0,0.0,0.0,0.0,0.0,8.280402091946342e-18,0.0,1.3748937856486506e-18,0.0,7.773863046273189e-19,0.001355973254471812,0.0
2019-04-15,-0.021591648578676143,-0.003325633702381346,-0.02182655353519402,-0.003176257197305851,-0.014547757734618649,-0.029153994357062764,-0.01475880552493828,-0.03404869071312619,-0.014861384112193699,-0.034048690713126196,-0.014962180707068439,-0.03404869071312589,-0.015061254150492,-0.034048690713125634,-0.015343793409250673,-0.0340486907131261,-0.017811292657144574,-0.015022823019173154
2019-04-17,0.00823019750195757,0.0014510869639856963,0.008783240749828381,0.0011659440343017883,0.007919223358360861,0.028481941269153578,0.008634145211916097,0.022932228963226223,0.00898568777918299,0.022932228963226272,0.00933204813991191,0.022932228963224992,0.009672577058394825,0.02293222896322255,0.010639467072390196,0.022932228963221692,0.007641763001524181,0.013215501721215234
2019-04-22,0.013068332485048306,0.005718602493274618,0.012818013946021443,0.006448797994946677,0.0078558383728584,0.005295607348453023,0.007419487703215303,-0.002786105515092823,0.007202271923341682,-0.002786105515092887,0.0069871206645087496,-0.0027861055150907327,0.006774765746494721,-0.0027861055150860204,0.006168991073280859,-0.002786105515088065,0.0032803177008017084,0.00952464773569407
2019-04-24,0.001835110303915272,0.005040766727408914,0.0017484412355163134,0.0051769321945701365,0.0032895882142638475,-0.0013883242640500483,0.003237481184977335,0.00211031152159742,0.0032126673913114713,0.002110311521597426,0.003188630585339272,0.002110311521597094,0.0031653442266185257,0.0021103115215962685,0.003100783923041147,0.002110311521597044,0.0048939672893059056,0.0022042051858845073
2019-04-25,0.004766713816222432,0.006553279501599313,0.004662311357973845,0.007242906257108378,0.006948146937163904,-0.0017559442769760716,0.006849849593877761,-0.0007903883748776493,0.006803988637510809,-0.0007903883748776484,0.006760324609522865,-0.0007903883748776346,0.006718830969654651,-0.0007903883748777477,0.0066085424601363815,-0.0007903883748772701,0.0058500104185338795,0.0009287165970856357
2019-04-26,-0.000400929576287371,0.00028470187055468633,-0.00043592078332947416,0.00013796814949907006,0.0005180703379457571,-0.0013795904424367539,0.0004847438771896376,-0.0004792232077999415,0.00046815611954921965,-0.00047922320779994715,0.00045167732973546934,-0.0004792232077997867,0.00043534114139326266,-0.00047922320779947183,0.00038820341829969647,-0.00047922320779976186,0.0007647658301185547,-0.0010036734159239347
2019-04-29,-0.002666937000610643,0.0028509518724601944,-0.002767749473850542,0.0029663384352558845,-0.0003830408612441195,-0.0034866407212374505,-0.00048447036648171854,-0.007360801911662175,-0.0005331821430592846,-0.0073608019116621695,-0.000580654057523076,-0.007360801911662159,-0.0006269321109406399,-0.0073608019116622675,-0.0007568653577525305,-0.007360801911661642,-0.000802699132984962,-0.00040867481121542376
2019-05-02,-0.009487873849146195,-0.005381636596598842,-0.009853486796621944,-0.0060702151683805165,-0.012836495752955642,-0.02455714922912757,-0.013070114973282516,-0.022210118433026137,-0.013181276620965342,-0.022210118433026095,-0.013289045543454791,-0.022210118433027233,-0.01339362027957988,-0.02221011843302995,-0.013685046644699285,-0.022210118433027233,-0.010025176738296985,-0.019222344876978475
2019-05-06,-0.006138622728543625,-0.00794956182485214,-0.006171956277018068,-0.007286271730452835,-0.008011906920421284,-0.007841933979279188,-0.007997324079262963,-0.007543258130448206,-0.007988728057548848,-0.007543258130448189,-0.007979322410511627,-0.007543258130448658,-0.00796916122094675,-0.007543258130449761,-0.007935330841685231,-0.007543258130448606,-0.006230760673664743,-0.007223011432930202
2019-05-08,-0.007813006649818438,-0.010217282541308324,-0.007734835426953014,-0.009495380964539588,-0.008197029179482255,-0.006627148329079153,-0.008141361669358879,-0.013824995357611754,-0.008114016243983389,-0.013824995357611766,-0.008086871010573921,-0.013824995357611062,-0.008059878854021155,-0.013824995357609497,-0.007980945132066397,-0.013824995357611228,-0.010029767317114423,-0.008327845613794554
2019-05-09,-5.2043146994207946e-05,-0.0048831321158582415,-0.0019035531652800714,-0.005441491827015784,0.0004970726007226574,0.011264963053202867,0.000740208429087058,0.013036490836658794,0.00086102657040202,0.013036490836661876,-0.0019253682614709473,0.013036490836660109,-0.0018005853338726287,0.01303649083671708,-0.00144029687303817,0.013036490836608964,-0.0023955873141745915,-0.0013327326680896547
2019-05-10,-0.0019922867333682067,0.0007695767499564783,-0.0010150052376464065,0.0009323146656803544,0.0020294920420259165,0.006107157035930891,0.002176781827960877,0.004797815262967832,0.0022516489602404204,0.004797815262967881,0.0029241388807273103,0.004797815262972538,0.0029993928384374497,0.0047978152628565555,0.003219142055815581,0.004797815262922704,-0.0026667825547996233,0.002963425068817373
2019-05-13,-0.019174578612835256,-0.009659296746114807,-0.01780692736756245,-0.008567873524631163,-0.015614421798858467,-0.012197139118645117,-0.015567911838795072,-0.012358952899189618,-0.015544447256300655,-0.012358952899192243,-0.011535096527746381,-0.012358952899191065,-0.011512552543099954,-0.012358952899216102,-0.011446419876271431,-0.012358952899205671,-0.015203846868713363,-0.009224883477807807
2019-05-15,-0.010600672765174648,-0.0007613209919781851,-0.0045468844179944335,-0.00035230557355070066,-0.00318577224898595,-0.004087581416095785,-0.0031726026970534237,-0.0013768673673923897,-0.0031642050243386273,-0.0013768673673989144,-0.00027464114414725875,-0.0013768673673962087,-0.00026524588293237337,-0.001376867367474066,-0.0002342712407675026,-0.0013768673673716111,-0.0010312551871788488,-0.0044591329835786085
2019-05-16,-0.007818269035967045,-0.004392535438933252,-0.009338210528774005,-0.0036936712411341664,-0.005373059702732406,0.005835202629998433,-0.005188199662598581,0.0019089197448248834,-0.005096457814474563,0.0019089197448247013,-0.004195030838140159,0.001908919744828205,-0.004104326663144896,0.0019089197447463985,-0.0038436738743174185,0.0019089197447892422,-0.008944455987127614,0.002270230623659076
2019-05-17,0.0013116827644377217,0.005432900528039231,0.0021005355047278547,0.005639220178359296,0.005563032795486813,0.005542565115599198,0.005561765610475224,-0.00439728401249858,0.00556100753000512,-0.0043972840124976735,0.0060155822209268985,-0.004397284012498797,0.006015342256485865,-0.0043972840124487786,0.006014418576932401,-0.0043972840125257,-0.00307790653064514,0.005821360485289261
2019-05-20,-0.015284680601638045,-0.010259023214777351,-0.011006260576218395,-0.00920673186578952,-0.012942959304704599,-0.011309240220733947,-0.012880133870443252,-0.0008754181941157922,-0.01284801151409144,-0.0008754181941238342,-0.011143269500367222,-0.0008754181941140899,-0.011114303092360648,-0.0008754181943916341,-0.01102959350063822,-0.0008754181941260725,-0.008974858525467994,-0.010167981821218888
2019-05-22,0.0043630254469334126,-0.0034287883103608094,0.002812919451342084,-0.003978776026493176,0.004013588526422548,0.008428638050684405,0.004178840011391936,0.0026175030713312926,0.004261209867153363,0.0026175030713348753,0.0006561547106738342,0.002617503071332153,0.0007366235603633343,0.0026175030714179768,0.0009690720149280528,0.002617503071311118,0.002778139219862449,0.0005097668957836244
2019-05-23,0.0035926747159310546,-0.0032483122152373108,-0.0008773592965785697,-0.002489559837047818,-0.0037900558459083803,-0.006198434360893034,-0.003883542074822972,-0.009229060724387556,-0.0039313015993214726,-0.009229060724385504,-0.004061950624782802,-0.009229060724388198,-0.004112636178239333,-0.009229060724312869,-0.004261809172284239,-0.009229060724385722,-0.0023149038849077617,-0.001134127657038864
2019-05-24,-0.00999477026925779,-0.0010270162837131905,-0.0068095830778551,-0.0007447497321770076,-0.00932733944937221,-0.011043729155217032,-0.009466964549166308,-0.0025123688897863306,-0.009537530410442257,-0.0025123688897860995,-0.007749546228403928,-0.00251236888978568,-0.007820341338321525,-0.0025123688898181073,-0.00802706258633756,-0.0025123688897212056,-0.005355483183500801,-0.0032837093675345706
2019-05-27,0.002311169039318509,0.00506321101474608,0.006559137481237848,0.0035176389351105532,0.0075854330880008244,0.0010129504856285583,0.007485601979037104,0.005319153085602086,0.007437124882941228,0.005319153085600308,0.00696943997744195,0.00531915308560226,0.006926795162124542,0.005319153085538851,0.006806950348284916,0.005319153085634373,0.00490783587123471,-0.002731067723793156
2019-05-28,0.00046193982323013773,0.0007151868166910784,0.0004527949118593698,0.0008301552651835233,0.0004685311050520903,4.775754583196608e-18,0.0004686453228484454,0.0,0.0004687986464443265,6.73887199367933e-19,0.0005493522938274904,0.0,0.0005486169176833377,2.451129583588822e-18,0.0005465416047548393,0.0,0.0005060184886187535,0.000893069785747608
2019-05-29,-0.0032540321947851295,-0.008889057418885106,-0.004491098610820438,-0.008907726995875278,-0.012120812385215627,-0.02010729166719154,-0.012419432556314584,-0.022090960378402302,-0.012570703387289725,-0.022090960378392015,-0.012521540406865213,-0.022090960378402108,-0.012671066279499326,-0.022090960378135877,-0.013106856373114456,-0.022090960378331297,-0.007617870176128113,-0.012358548188618309
2019-05-30,0.00998801045785498,0.0006552172201926667,0.006027629589022056,0.00100083196669178,0.006059592451743691,0.015435203936639039,0.006224837668041589,0.01822021321758309,0.00630512265263352,0.018220213217582874,0.005451994531510901,0.018220213217579464,0.0055289884790479076,0.01822021321766872,0.0057488531117035665,0.01822021321754884,0.009789573930366582,0.009905405068340372
2019-05-31,0.006711018371266198,0.0055318114086308524,0.0057048351570476675,0.005597115764911035,0.004288776871197216,0.002044348929802098,0.004156266113339402,-0.010122524873008795,0.004088526546290631,-0.01012252487299777,0.0033564689768628645,-0.010122524873010593,0.0032873936036557044,-0.010122524872653698,0.0030844058273593097,-0.010122524872947737,0.0028615827222307055,0.007477070984063553
2019-06-04,0.006778608904525394,-0.0007742277380981951,0.0014434933734837115,-0.0002527980853692874,0.002138421700645806,0.016175596153267222,0.0022892022199828333,0.017269174075052778,0.0023618457528058715,0.01726917407505794,0.0020444142359851434,0.017269174075063756,0.002115610333234996,0.017269174074904907,0.0023162858185992925,0.01726917407502925,0.0046779878419233156,0.009729054260520942
2019-06-06,-0.003155645317544467,-0.00397793630799861,-0.004152690854511837,-0.0035546206505604086,-0.004595171379649273,-0.005715875528358623,-0.004691964879254927,-0.007552348987982615,-0.004741082260962305,-0.007552348987979979,-0.004583660724243714,-0.007552348987979474,-0.004633018139361342,-0.007552348987994558,-0.004777752322849063,-0.0075523489879586484,-0.00897265466262567,-0.0037010744682843596
2019-06-07,0.002291537305145418,0.001901990380888442,0.004725708641274931,0.0017695563498231468,0.0053068120528966395,0.005946479537347621,0.00531289915827673,0.007615969841664259,0.005316086223054208,0.0076159698416651345,0.004927006569331566,0.007615969841666114,0.004933037995102767,0.007615969841635945,0.00495133780221764,0.007615969841665556,0.0024240231976082978,0.0013489676957353788
2019-06-11,0.016982795654697378,0.014097557494048934,0.016148587213900667,0.014297695211708995,0.01937264961106098,0.02889699299897183,0.019495587210398,0.018826283452189965,0.019555665023055533,0.018826283452203104,0.01995136953392748,0.01882628345219456,0.020009898452277592,0.018826283452440345,0.020177607139569273,0.018826283452224344,0.011908458050343499,0.02248717985984297
2019-06-12,-0.0018418035184729353,-0.001586797936708653,0.0010681636450076473,-0.0016366254768944897,-0.001107651867325664,-0.002957411588560891,-0.0011797943489717593,0.0018774439439751345,-0.0012155064362450272,0.001877443943969096,-0.0016385365796941231,0.001877443943980261,-0.001675952445024851,0.0018774439436620818,-0.0017849729112489165,0.0018774439440217823,0.0026830282706875653,-0.003701533873708425
2019-06-13,0.007004719358469944,0.006808616134216994,0.006099955650482172,0.0067706623699079075,0.006113454734789723,0.00882353339985676,0.0061787974763006384,0.03407508810325346,0.006211688401493635,0.03407508810323667,0.004840535349074452,0.034075088103256115,0.004873281553215764,0.034075088102690346,0.0049668012853790406,0.03407508810320532,0.010373188550691758,0.008503580901023912
2019-06-14,0.005578229931917867,0.004280242234780743,0.0055005705586897635,0.003899526992452104,0.005380989035732762,0.0063100642540471295,0.005454160116535099,0.012061052577011172,0.005493580380689076,0.012061052574782516,0.005318480508278258,0.012061052576967927,0.005359839212169953,0.012061052576811034,0.004641995636060622,0.012061052577009129,0.004893448705458778,0.0036441610518348415
2019-06-17,-0.0062391728746866194,-0.005145166716837386,-0.0062750851847931935,-0.0052545446448522826,-0.007153735486345811,-0.0065388324443201255,-0.007052947915584883,-0.0020550326917125467,-0.006997498942620755,-0.00205503268361781,-0.006939481605233248,-0.002055032691776622,-0.006879384964914119,-0.0020550326909500797,-0.0058323820186650735,-0.002055032691713784,-0.0009081796607228125,-0.009562773156881074
2019-06-18,0.01062718536353562,0.004979691299009712,0.010822035282982376,0.005424078125791609,0.011369718226220163,0.017195324039074884,0.011425976424919417,0.0024210351792588562,0.011452750841172362,0.0024210351761145554,0.011479367784953788,0.0024210351793452906,0.011506152079579508,0.002421035178905819,0.009140607324771104,0.002421035179259141,0.006929088647747075,0.012954977305327114
2019-06-19,0.00432855626929532,-0.0014207526033623878,0.004413139118214071,-0.001311483436355564,0.0032941718742793714,0.009267455269652123,0.003461555599457578,0.005878490999392187,0.003549141786138917,0.005878490995651253,0.0036388105975409413,0.005878490999382126,0.0037301920860299386,0.005878490999046583,0.0038634465675740103,0.005878490999391315,0.0010344854518584074,0.0010925423820485028
2019-06-20,0.0008498066101206127,0.001374677098473288,0.0010054873799569708,0.0010025634157608833,0.0006884919310833218,0.010314918250223145,0.000881766014709847,0.001795351793048649,0.0009827801203499647,0.0017953517855002865,0.00108619100787152,0.0017953517930857283,0.001191604031637414,0.0017953517923239978,0.0023249768321151757,0.0017953517930485651,0.002316276566206773,0.0034826504817608316
2019-06-21,0.009593497223850538,0.009382608289588736,0.009553828125629903,0.00972659905433346,0.01020665755818741,0.005628196168406651,0.010145298725294112,0.0019379302465117993,0.010113533640837084,0.001937930252165762,0.010081302174381867,0.0019379302465048918,0.010048765089567485,0.0019379302470253334,0.009074296480728333,0.0019379302465111156,0.005015286483708235,0.009079252598377602
2019-06-25,0.0005806901628290171,-0.002257382727540536,0.000587538095777427,-0.002046773660724743,-0.00010705935032913263,0.0004916083818250966,-0.00010142192942186898,0.008290099584105162,-0.00010051594672760465,0.00829009958780023,-0.0001007398163808482,0.00829009958406989,-0.00010199033150435071,0.008290099584469688,-0.00140769647523453,0.008290099584105483,0.0035239729978193196,0.0024202580422983816
2019-06-26,-0.007457193994265393,0.002497885581327016,-0.007549624927378945,0.002197511484468013,-0.005100397353665436,-0.015062532349132143,-0.005312577419359337,-0.005504354293542077,-0.005419508806779685,-0.0055043542950381375,-0.005526522704998481,-0.0055043542935040435,-0.005633319554657925,-0.0055043542936690885,-0.0036558628918523482,-0.005504354293541521,-0.0023763267196885395,-0.0139533933971639
2019-06-27,-0.004218537414560916,-0.002849547752556879,-0.004345269519828991,-0.003779522322265514,-0.00311665579885082,-0.01313534897154694,-0.0032664149513622178,-0.022115062640494974,-0.0033413571629039604,-0.022115062639686846,-0.0034163440534687593,-0.022115062640442367,-0.003491320590036104,-0.022115062640486162,-0.006562756082421204,-0.022115062640494742,-0.00679868206733016,-0.010206692136299609
2019-06-28,-0.0003201257872805091,-0.0010588262389750215,-0.0002931983326279789,-0.0013758754306953309,-0.0005191862970870007,0.00016977201805206267,-0.0005430840874261027,-0.001380793406669471,-0.0005563822026893156,-0.0013807934074727423,-0.0005702973268275821,-0.0013807934066508917,-0.0005846704610676075,-0.0013807934067586224,-0.0010829476518192135,-0.0013807934066688936,0.0017614081370065618,0.0001433056840349214
2019-07-02,-0.00451588517246231,-0.001067017201383762,-0.004503090361616678,-0.00136208346639756,-0.002626513349039487,-0.001646910197130534,-0.0025459811210043876,0.0004921837006678175,-0.0025021667374002135,0.0004921837033595211,-0.002456791108873989,0.0004921837006361175,-0.0024103059623124933,0.0004921837009372554,-0.001223760417931583,0.0004921837006674709,-0.0007417428103676021,-0.003478742215444524
2019-07-04,0.013887129595572938,0.006946677636765743,0.013968249731513263,0.007519505512653276,0.010476532466252903,0.019211448685035416,0.010682575486547878,0.017546164392895146,0.010788507950691386,0.017546164390654668,0.010895995922178877,0.01754616439286687,0.011004733642723585,0.01754616439269436,0.01174165381099987,0.01754616439289418,0.009834739822849041,0.014301572492160464
2019-07-05,0.0025041749176275695,0.0003105191614734558,0.002511516363892286,0.0005412560589717999,0.0027156301306000123,0.002153095504548251,0.002725754665172854,-0.0018221064782996635,0.002731249844625491,-0.0018221064776536326,0.0027369937221379263,-0.0018221064782896858,0.0027429551880305265,-0.0018221064782746239,0.0014959290796031745,-0.001822106478299738,0.002408733658672582,0.0014127617292233182
2019-07-08,0.005819290864755994,0.002709353790515272,0.005900663400845071,0.0032443783216786646,0.007587754187650221,0.016129525049084346,0.007701672265049599,0.013886271749661073,0.007760350422895415,0.013886271755790026,0.007819654747211476,0.013886271749608966,0.007879283901963255,0.013886271750242825,0.0076538588077773315,0.013886271749660931,0.01644450899340445,0.011324120424167668
2019-07-09,0.00031814749991393546,0.00023453264746499503,0.0003111526639223598,0.0002269429814358037,0.0002913874800184136,6.386938103903366e-20,0.0002872337022627932,8.60732720107719e-18,0.00028515700908288074,9.501365949083904e-18,0.0002830697780975198,1.8767300435341097e-18,0.00028096888093722105,0.0,0.00027393338837487693,5.616070885056132e-19,0.00011972896583027173,7.162373883809926e-19
2019-07-10,0.006482160304894237,0.004229881979201319,0.00651392878042672,0.004159366507183284,0.007628642654109475,0.0064433787157339864,0.007625856737813976,0.005579116517419074,0.007624311129857784,0.005579116518380479,0.0076226846335879376,0.00557911651741441,0.007620991285385074,0.005579116517499134,0.00770935760998312,0.005579116517419171,0.0063639389062466085,0.005369405884024491
2019-07-11,0.0042224214003536795,0.00782433349617315,0.00434772477028188,0.0085382483318106,0.006263874025641236,0.014127983457630292,0.006459622578770626,0.01354896997996658,0.006561596965967157,0.013548969982237483,0.006665441768414328,0.013548969979939407,0.006770624167571264,0.013548969980236022,0.011382137525139637,0.013548969979965837,0.009339539952071941,0.009029400233716588
2019-07-12,-0.0011917568413905128,-0.00019859118348459386,-0.001159620151046372,-6.348817848956362e-05,-0.0003460347308659098,0.0008430382160121516,-0.00040148848804386425,-0.0011695843662260206,-0.00043160767787404295,-0.0011695843665462963,-0.00046285867766747234,-0.0011695843661911956,-0.0004949716828128649,-0.0011695843662556777,-0.0007477389094084068,-0.001169584366225349,6.38348400984448e-05,0.0014457358952474982
2019-07-15,0.001190531502336188,0.003704749798932941,0.0011084848605090456,0.003336198484419676,0.0009281320221225559,-0.0037457577858766937,0.0007788018321613797,-0.010790460273593268,0.0007001484429577304,-0.01079046026883872,0.0006194388907537105,-0.010790460273557454,0.0005370765280398085,-0.010790460273166203,0.0006999165703811094,-0.010790460273592898,-0.00015802065622158232,0.0026504589279956075
2019-07-16,0.0,6.312321820682581e-23,0.0,2.0110453121673452e-05,0.0,1.5825887243785155e-19,0.0,0.0,0.0,1.5456351452016256e-16,0.0,1.490531552310225e-17,0.0,0.0,0.0,0.0,0.00015544439258961972,5.807131457084901e-19
2019-07-17,0.0091266564067606,0.013859279587207306,0.009079980804461712,0.013807968028926022,0.008320628790853286,0.006366104241791986,0.008204306136987269,0.005583754681266746,0.008143006458661258,0.005583754678507304,0.008080153535112254,0.0055837546813083125,0.008016088267305698,0.005583754681008278,0.01197411755616189,0.005583754681267692,0.010172276418250144,0.00865174748321035
2019-07-18,-0.006580805459952037,-0.007043950008545644,-0.006510745946021089,-0.00626830741719826,-0.00809917462107063,-8.15905290272391e-05,-0.007824386547789844,0.0008276753711050175,-0.007778448167339805,0.0021698609006903465,-0.00773305253571376,0.0021698609005133987,-0.007688211101932033,0.002169860900556683,-0.008338425350240654,-0.0032647775901251458,-0.0031978778922615663,-0.0005067740266783827
2019-07-19,-0.00924669007396923,-0.005121969369233947,-0.009355489867487249,-0.005469253823285622,-0.007591321485222479,-0.017343866018303303,-0.008150722502693141,-0.009102462323790092,-0.008196183102310444,-0.011980171111946693,-0.008241295922556655,-0.0119801711121508,-0.008286120774405832,-0.011980171112150396,-0.010421890380943908,-0.009139920842618703,-0.008635946400278526,-0.013728133342147477
2019-07-22,0.00241564646271036,0.000631197705033233,0.002394050632878975,0.0007256988971576473,-0.00041887997044548703,-0.0006272917073827888,0.0013051259389817995,-0.002848621561103594,0.0013348408355152224,-0.0013386415292420783,0.001368546232790342,-0.0013386415294682488,0.001405893109167565,-0.0013386415294684626,0.0028439978095211394,-0.0011113910186292151,0.0027417068210090797,0.0011364849669387527
2019-07-24,0.00420794361789309,0.004835594397996593,0.004288371404312198,0.004976790375081702,0.005923622118083594,0.012839228843443472,0.005573036973343431,0.013337390943086272,0.005554372169226666,0.012562208730786274,0.005532972975025846,0.012562208730748535,0.005509222028850387,0.012562208730748833,0.004912791678033517,0.013581226029944837,0.004379906008544691,0.009122931741740382
2019-07-25,-0.005488246794086151,-0.002142857599340571,-0.005499272045333427,-0.0017754044758978363,-0.00492192551595945,-0.007434541382628259,-0.0052519899154341455,-0.006875783975813238,-0.005216979512821117,-0.005461782294376382,-0.00518110429141016,-0.0054617822941709655,-0.005144669653080194,-0.005461782294171351,-0.005286668397957891,-0.0083129455428746,-0.0035190838964394193,-0.004999175369108247
2019-07-26,0.0018657484352393656,-0.001866134024928402,0.0019520588224256723,-0.0016205668539475402,0.0027067377609156893,0.008421117359135028,0.0038101712464077976,0.008275836468821598,0.0038486336749334903,0.008226801425424484,0.003886131650896841,0.00822680142587294,0.003922596733666437,0.008226801425873268,0.0038733156713982243,0.007917269069426776,-0.0016188021580756259,0.006707073650464168
2019-07-29,-0.007183822673027245,0.003417168706424399,-0.007298619429141261,0.0034545195010193337,-0.0037847543146289067,-0.012338171602747746,-0.006238931775720278,-0.008738171602747657,-0.006321860785424143,-0.009127338057367361,-0.006404342303203546,-0.009127338058149508,-0.006486204165692046,-0.00912733805814976,-0.006977345837266568,-0.009794012097609942,-0.0007446619072839255,-0.009195559518074018
2019-07-31,-0.01283716540728894,-0.005344963162798892,-0.012985273596096233,-0.0060349766567220926,-0.011311535541779326,-0.023355193478443666,-0.011950580196030052,-0.023111730006363164,-0.01202231245631317,-0.023608122184506655,-0.012092028997768314,-0.023608122185116064,-0.012159807926805564,-0.023608122185116157,-0.010622752844881383,-0.020679730758980035,-0.009424235110271777,-0.01943510685504065
2019-08-01,-0.003155960436068323,-0.008319905877942044,-0.0031050933920667486,-0.008167782151125699,-0.0047821709970740575,0.002897144603047096,-0.003490273534113814,-0.010204750063923905,-0.0035403856500665376,-0.013542363602429858,-0.0035932551533832393,-0.013542363602205367,-0.0036482773350820117,-0.013542363602204715,-0.005251394879914055,-0.01258854454604827,-0.009666592252625228,-0.00428462746706957
2019-08-02,-0.01609481766521019,-0.015977668240579248,-0.016147555888604694,-0.015772325442898732,-0.01584764225520901,-0.021778023436675623,-0.015894762575201903,-0.014070805967225852,-0.01585851560147132,-0.010954691943232715,-0.015818542586812805,-0.010954691943602761,-0.01577536693440133,-0.010954691943603642,-0.016831898343468783,-0.013947718155960263,-0.012248624362063957,-0.01828067132408109
2019-08-05,-0.020969625358313523,-0.015933159663789546,-0.02117911866483019,-0.016201226633254562,-0.024135498736949906,-0.033612919037461955,-0.025202936792524847,-0.03906495629029047,-0.025320242088090212,-0.04612461482250183,-0.02543755827936574,-0.04612461482282651,-0.02555447399990694,-0.04612461482282517,-0.02637033653923344,-0.030816404978023435,-0.026206386333513423,-0.024668462328465375
2019-08-08,0.025283333919342652,0.029359166440772785,0.025621703212953813,0.029938491413778225,0.03187837298483626,0.05538060713514787,0.029894163606596684,0.05030212885163582,0.029895740937138135,0.06040683370176578,0.029886077351454068,0.06040683370195443,0.029866261185345088,0.06040683370195314,0.029715547011874704,0.05577681341993038,0.027147789719459085,0.04858950660071468
2019-08-09,0.0003240470218331723,0.00022813415214410012,0.0003168247233390228,0.00020817665688735283,0.00029162883034900076,0.0,0.00029419962826211066,0.0,0.0002921184780957135,0.0,0.0002900315275992263,8.599085606714464e-20,0.0002879331013711187,3.854322333380455e-19,0.00028047059672467987,0.0,0.00012233363567411743,0.0
2019-08-12,-0.01051053139798053,-0.002469051467740662,-0.010498769968851922,-0.002307956248078874,-0.004481439472059667,-0.019328260146184252,-0.005427728460779623,-0.019046720664965905,-0.005462336487715519,-0.019046720664745165,-0.005496809594542747,-0.019046720664966106,-0.005531143641257855,-0.019046720664966602,-0.007671856396062366,-0.008023552736406418,-0.008320554885314677,-0.013111764340689249
2019-08-14,0.015446503638627526,0.009401162173116186,0.015551080257157346,0.009426905761437055,0.01328157576588869,0.020370510946932378,0.014914580035923565,0.015888318881698723,0.014936199763789217,0.011479624560159269,0.014957938546048637,0.011479624560429221,0.014979988429522991,0.011479624560430005,0.013850808413835868,0.01619745190099504,0.008839934358054375,0.015437678068445475
2019-08-15,-0.024826467663136138,-0.019330352948663157,-0.024898106513563778,-0.018994548451967092,-0.022760545592977258,-0.02076231989832518,-0.0219989864754437,-0.015491440530282199,-0.022070124045582,-0.017505009293818607,-0.02214409507851719,-0.01750500929390096,-0.02222064627302512,-0.017505009293900184,-0.021734454651081328,-0.01963404751544827,-0.022048363181751376,-0.02180760967180576
2019-08-16,0.010085289511365267,0.004483349322544083,0.0100852402864176,0.0048037937076262855,0.007710460612024092,0.01018498666223954,0.006509593431524166,-0.00198639340115829,0.006507354630387866,-0.003693290728861801,0.006501462252495519,-0.003693290728062305,0.0064922310124688595,-0.003693290728062018,0.006359021715140693,0.0008609000639829972,0.0019892421426675965,0.009651714796887052
2019-08-20,0.01668246858420354,0.014115912132481975,0.016777225816999388,0.014833555574354926,0.018366691930121803,0.0294547790470474,0.01672351324723387,0.01973136941785732,0.016734026929684055,0.022710657870006958,0.016741208352350295,0.022710657870338,0.016745394272016476,0.02271065787033745,0.017707160779824472,0.01238434003678134,0.01687157219977703,0.02531699973917794
2019-08-22,-0.0016162008112930006,2.4984652528589786e-05,-0.001715028752965537,-0.0004098966905667846,-0.0019241555966471487,-0.007057633795253284,-0.0027254645191733843,-5.218221541196258e-05,-0.002701222559370218,0.0012773767763042377,-0.0026744331879950045,0.0012773767761980364,-0.002645556072227529,0.0012773767761976125,-0.004003878102793607,-0.006640483991218232,-0.0011394328094405041,-0.00317826169941358
2019-08-23,-0.00807559166092728,-0.0014878012098308731,-0.008132415423466178,-0.0010672953182310975,-0.0042505539383504345,-0.00663354423294618,-0.007075218952594364,-0.004383141881007217,-0.007119908447295438,-0.0047987983805232,-0.007167181415896594,-0.004798798380470155,-0.007216863041356377,-0.00479879838046975,-0.007182490846068402,-0.005907836778081472,-0.007048445123824404,-0.0034315736933221075
2019-08-26,-0.006681763527653146,-0.012564572224225572,-0.006861038793924577,-0.014475774440075478,-0.01714562173687245,-0.02221153704784698,-0.016518247791137097,-0.023326177269662525,-0.016585509983474283,-0.022201007891024378,-0.016652266501160192,-0.022201007891805933,-0.01671814627356625,-0.022201007891806596,-0.016261566892440526,-0.02054296720008617,-0.0028516475887489633,-0.022005729445301967
2019-08-27,0.00043310681142143704,0.00032695620040562926,0.0004357087827417276,0.00036502346650897903,0.00023026666990569422,0.00021648960944658437,0.0004203591902705744,-0.0008218481492584688,0.0004187126407249062,-0.0006318152223783917,0.0004170659382465031,-0.0006318152223588209,0.0004154444289567264,-0.0006318152223588518,-3.912136999600695e-05,-0.0008353879016156711,0.00044551071497726146,0.00046231942496775824
2019-08-28,0.015158627754380932,0.009385172398536257,0.015051759724834367,0.009209102903492168,0.00946706218048124,0.010300378320836884,0.009412631427976163,0.012399412917310358,0.009380527380253278,0.011042092016779052,0.009345506261271008,0.011042092016779042,0.009307839388486505,0.011042092016779031,0.011259494077726934,0.011174456667506626,0.012390330190017807,0.012378902053327274
2019-08-29,0.0030820071140994438,0.002435945599439122,0.0031001273141809463,0.0020614722787731447,0.0041688482836012355,0.0060617796050580226,0.004161055892184682,-0.00530110575553582,0.004157882847415398,-0.0008274977441341319,0.004155251609325405,-0.0008274977441341293,0.004153178005262836,-0.0008274977441341293,0.0038413607821474994,-0.005750588756112248,0.002569331420383378,0.0016935718674325794
2019-08-30,0.002663254569727249,-0.0035669921448759356,0.0028050559032785595,-0.0030472682248816095,0.0025000689693110726,0.004411346857319035,0.002667260238702552,0.014662177873173567,0.0027526265332425883,0.004051617805247993,0.002838899014708899,0.004051617805247997,0.0029258580536481375,0.004051617805247997,0.0007211615553880586,0.013462048169597366,0.000992096772581996,0.0022023432308553815
2019-09-02,0.015503267749937464,0.00611429270536259,0.015521410403130438,0.005699960153420308,0.014046297865608437,0.013227002867558173,0.014184535634558364,0.011664641631171667,0.014258702502021773,0.011484482351064317,0.014335448608044416,0.011484482351064303,0.014414270906557248,0.011484482351064296,0.016101981406605365,0.011641696678632761,0.011177362534894054,0.008710966323812176
2019-09-04,0.0010622651050439503,0.0036983320581057085,0.0011346767963785044,0.005058574130987783,0.0027971830933374454,0.0025807743533175116,0.002836528116330564,0.0018212612630610194,0.002853463696156386,0.012280438286291665,0.0028686499439021145,0.012280438286291655,0.002882165373204979,0.01228043828629165,0.003185140567166104,0.0024417694756758822,0.004129063036016271,0.008241434013314269
2019-09-05,0.0008143222318346217,-0.003930761322079382,0.0009130237421645943,-0.004590467857084146,0.0006381720224674369,0.010067644898486834,0.0008234220209845511,0.0038592600698585167,0.0009203547225358355,0.00607087992209472,0.001019431723810359,0.006070879922094714,0.0011201739913670012,0.006070879922094705,0.002839497619867919,0.004643517513128267,-0.001130008108197053,0.00241449570789709
2019-09-06,0.0024123279771767147,0.0006303043240398417,0.0023772678987213267,0.0007255031267346722,0.0009769783717380601,-0.003473779556455682,0.0011085249971848374,-0.0013153395428392536,0.001183499879978191,0.0011062536880742204,0.001263534081574182,0.001106253688074199,0.0013479131466221758,0.0011062536880741926,0.000900419205903661,-0.002398595388617358,0.0018431020453195477,4.5677809465807795e-05
2019-09-09,0.007998469651929692,0.008862861550487381,0.00788319681894363,0.008820781383975414,0.006454291824103727,-0.0016397966522524105,0.00648705606255735,-0.0011875592432999806,0.006510502352360343,-0.005931781816829331,0.006537756671454122,-0.005931781816829339,0.006568264529436732,-0.005931781816829336,0.007079586018279253,8.262666797788148e-05,0.006044736138803605,0.0041683268500121275
2019-09-10,0.0003246214265238217,0.0002517717431009113,0.0003170796879029722,0.00023866711342584808,0.0002974636338128845,0.0,0.00029245242113822153,0.0,0.00028998393385310417,4.498080213243977e-19,0.0002875283699637788,0.0,0.00028508145486960993,0.0,0.00027702768132382245,7.806861017775193e-20,0.00011983286568162388,1.104443815862846e-18
2019-09-11,-0.005111866077255556,-0.002819463935687412,-0.005055431437693872,-0.0017048786562440651,-0.0033796993154237764,-0.0028406548440435353,-0.0032830505612245417,-0.00140082217957383,-0.003230662879164241,-0.005377741726168866,-0.0031760943718941634,-0.005377741726168862,-0.0031196974783891285,-0.005377741726168859,-0.003572973924767295,-0.0012352121557964743,-0.0030707717458837032,-0.0011714160981207626
2019-09-12,0.006978080245189497,0.002056883552113728,0.007104798285758637,0.0018800075453259037,0.00438282653456242,0.007007445589958769,0.004311276430772337,0.008760007808038862,0.004266357918991692,0.000816407260741848,0.004217067117168212,0.0008164072607418895,0.004164373235147504,0.0008164072607419093,0.003561924767373499,0.004840851983944002,0.001998723502352997,0.009769170073590424
2019-09-13,0.0005061629907572402,0.0018730758641858605,0.00047021425196933455,0.0018477957001454353,0.004593594221584287,0.0006478099514728259,0.004671702189599827,-0.0020287101675728423,0.004720584216506752,-0.0009346065217573282,0.004774697111322326,-0.0009346065217573446,0.004833228492702278,-0.0009346065217573509,0.003537214315061051,-0.0005893781140607202,0.0007285881815142162,-0.0015054116370016638
2019-09-16,0.007793211787324344,0.0033979817457766965,0.008010218632789492,0.004403171171986824,0.007570475855882894,0.02790910242615502,0.007823909763815747,0.008882050014229667,0.007951671210008641,0.00976974770219964,0.008079727904597924,0.009769747702199648,0.00820778371238416,0.009769747702199644,0.010020766163270196,0.009237697103472602,0.004295011704902454,0.018872030488288245
2019-09-17,0.0,3.0370677067638723e-05,0.0,7.456339215350066e-05,0.0,9.805973018987679e-20,0.0,7.729042028103444e-19,0.0,0.0,0.0,0.0,0.0,3.880697053358873e-20,0.0,1.6553216091740576e-19,0.00014185772480692884,5.3741599491192325e-19
2019-09-18,-0.003700911608963473,-0.0026556490347416336,-0.0036462351257668603,-0.0023283050340703673,-0.0015102369202089545,-0.001213504325842272,-0.0014902747367115496,-0.0022900963483809284,-0.0014792925047359292,-0.005407661294091372,-0.0014676848608114914,-0.0054076612940913635,-0.0014554981858062445,-0.005407661294091358,-0.0021871829292312447,-0.0019895866001436763,-0.0022357844427553877,-0.003561585821173004
2019-09-19,0.0006875597659814377,0.00024774718351270176,0.0006896211205825055,0.0003629481888007334,-0.00023809897324677403,-0.004173860255673751,-0.0002578502567953544,-0.0031498207775449527,-0.00026762610430848825,-0.006728847291549982,-0.0002770743889710475,-0.00672884729154996,-0.00028607722205116774,-0.006728847291549943,-0.0029150374751920295,-0.0049974400027329785,-0.002271242212040195,-0.0004384869721347827
2019-09-20,0.0007518281014569775,0.002691391830569486,0.0006431840221767405,0.0029531350751794408,0.0011845353636986953,-0.0018963045002309692,0.0011209111980457255,0.005150320129147519,0.0010885036878528788,-0.0034338749487372432,0.001055466332519327,-0.0034338749487372623,0.0010217360632067119,-0.0034338749487372693,0.0013295450708086826,0.005418497485498891,-0.0016201773262562813,0.0019860402546708258
2019-09-23,-0.0009940264069688144,0.007566034312278949,-0.0009369641674219087,0.009125249299393512,-0.0013583162320111254,0.007435963520807081,-0.001384261419465169,0.002268055071390026,-0.0013995650204901683,-0.002606728230198927,-0.001415802403116554,-0.002606728230198898,-0.0014326437824115613,-0.0026067282301988825,-0.0038772114596464383,0.0007689784994586939,0.006130759647515008,0.008674002433427218
2019-09-25,-0.001524806872387764,-0.003006699462587464,-0.0014340853009298426,-0.0017579851515557381,-0.0018776024285871783,0.0014629337256269373,-0.0018533850753760335,0.001382459073273741,-0.0018446109819271138,-0.006920293394289843,-0.0018375888555579659,-0.006920293394289823,-0.0018320521506619994,-0.00692029339428981,-0.0036237776888970717,0.0005389005337660003,-0.0020076608874798093,0.0007892539702491321
2019-09-26,0.0024496243545693683,0.0030245994718775503,0.0023707869816014643,0.001642098969949969,0.002395043190937299,-0.0036428688826249953,0.0022024240969881702,-0.002965155376245668,0.002101358155129986,-0.004944354886212,0.0019979835608468434,-0.00494435488621198,0.0018928481201607621,-0.004944354886211971,0.002172735433225736,-0.0012766127315435604,0.0013581597082566882,-0.0023627484889498763
2019-09-27,0.0013183648391787944,0.005472416852517515,0.0014898418240787063,0.005483343985682682,0.005282409968610305,-0.0006614925638637494,0.005233187624107001,-0.005845150520238328,0.005211120726874434,-0.004294113755027231,0.004122782083372653,-0.0042941137550276615,0.0040930767271376844,-0.004294113755027745,0.00400518118081702,-0.0033959916220672698,0.006154482082362908,-0.000327688860111447
2019-09-30,-0.019502530496509806,-0.008761574746492728,-0.017347193418104638,-0.008882452120171991,-0.0167486196386017,-0.018908212132151613,-0.016916603311473294,-0.016528386721962107,-0.01700169832776462,0.0008959692510092317,-0.015831838103567312,0.0008959692510091873,-0.01587273076660092,0.0008959692510089462,-0.015984368071599486,-0.018505755254387288,-0.009614660137391652,-0.009750415222816443
2019-10-01,0.0009638409776418798,0.0001922719800689209,0.0,0.00028678641444972733,0.0,7.048247374448768e-21,0.0,0.0029562711695350747,0.0,0.00295627116953508,0.0,0.0029562711695351063,0.0,0.0029562711695350747,0.0,0.002956271169535073,0.0010029160745692106,0.0
2019-10-02,0.0015997203941164986,0.0030156130387360065,0.004841521346646172,0.002437946318155018,0.00479460831928073,-0.0005141313348226602,0.004811008872339748,0.006999121289576094,0.004817061447117647,0.003617509897046588,0.00396824196545333,0.0036175098970466562,0.00396391378718645,0.003617509897046689,0.003945489686635742,0.006919530215226465,-0.00029222495362402686,0.003984045989355387
2019-10-03,0.004113818115625103,0.0004063811024279248,-0.0008870300335298989,-0.0006314069798031839,-0.006391902330851204,-0.002726552448725647,-0.00645350913206995,-0.003849226316870967,-0.0064834414069036405,0.008563581236005535,-0.004387369810387,0.008563581236005643,-0.0044139460987423,0.008563581236005471,-0.004492028913365833,-0.0033106924050029574,1.1458680203980812e-05,-0.0014880331365366205
2019-10-04,0.003566704057468587,0.003367599323396976,0.006490747427089328,0.0050176750033306995,0.010622419404537868,0.020500957321874243,0.010786984134158299,0.01343557128943571,0.010871314534432163,0.0036100303201628083,0.009227732092688706,0.0036100303201627034,0.009293120016154677,0.0036100303201628495,0.009485936383844859,0.012573646259449473,0.005785961793983126,0.010304576963051187
2019-10-07,0.007831692681539224,0.0007408660602930899,0.0054694274976194125,-5.220666922066338e-05,0.003320911350502468,-0.0010112476103327763,0.0034450806743247415,3.6385799097281535e-05,0.003509201522722065,0.03905546704295106,0.003147966277527887,0.03905546704295132,0.003205310297944727,0.03905546704295076,0.003373995862069897,-1.9814017271001017e-06,0.009263135576069911,-0.0001752728473544072
2019-10-08,0.0008757669549614333,0.0003945641088637686,0.0008910542646785985,0.00020301077460713914,0.00029513704442737357,1.4511858505380946e-20,0.00029011554824055665,0.0,0.0002877939872042578,8.557708258234516e-19,0.0002862196636934499,1.6122847136915035e-19,0.0002831985488476214,1.7845740400498212e-20,0.000274545908280326,4.5134059375202576e-20,0.0007575189749003705,2.415887271834705e-18
2019-10-09,-0.001226119820413828,-0.0002375106243330664,-0.0027009824714548424,-0.0008824931410897285,-0.0031253801472090996,-0.006219648080696378,-0.003252959837463057,-0.00919316413953356,-0.003317419812916904,0.008984180079281342,-0.0021029668973512137,0.008984180079281506,-0.00216781897247684,0.00898418007928128,-0.002360729690840652,-0.008162681823745525,-0.0005368482266641288,-0.004250238099455237
2019-10-10,-0.0014246166026733657,0.00019410898847327634,6.743647665184368e-06,0.0005625864091126278,1.9492925499501603e-05,0.005930308198817194,7.33756811183196e-05,0.0022059421766106755,9.933937739486134e-05,-0.0026900847765178038,-0.0003089022510891017,-0.002690084776517836,-0.0002807412380079808,-0.002690084776517732,-0.00019858533522918077,0.001705178618502421,-5.655546401057206e-05,0.0034883732903302125
2019-10-11,-0.004916668893906266,-0.007668402755225416,-0.004441694610122879,-0.008532070665903405,-0.004566655608452795,-0.0114847497298428,-0.004600688891165864,-0.016009592764408002,-0.004613639362651405,-0.024111561314742427,-0.0074637800809213665,-0.024111561314742666,-0.007551919960759549,-0.024111561314742506,-0.007811991678664903,-0.015889042108380148,-0.010004415649857372,-0.010495475954484577
2019-10-15,-0.003598033628269497,-0.003203761211359045,-0.0024743372093029964,-0.003337741677747875,-0.0025550482033972924,-0.0013040508055966469,-0.0024906791744447087,-0.004881658421829261,-0.002451711916069691,-0.0024472966208279245,-0.002411798709274298,-0.002447296620828027,-0.002358685621290641,-0.002447296620828143,-0.0021893425378538417,-0.004185623854826944,-0.0009851524230238026,-0.00646847841082086
2019-10-17,0.004359727289601954,0.016595981464575266,0.00385747619366147,0.01728834471558568,0.0052887794890314355,0.00374093634448068,0.005175803083436497,0.0004860429900876758,0.005118166306028599,-0.002400338403288801,0.008921325390187355,-0.0024003384032887957,0.008937286347881039,-0.002400338403288771,0.008990741422019425,0.001168159387191285,0.0048126861436090605,0.01473701431084255
2019-10-18,-0.004014780492904241,-0.007219650427432007,-0.0026686328601915033,-0.006833106636748225,-0.002834088647400218,0.0028811255744991392,-0.0027399696271058396,0.005813302401825159,-0.0026965885059880975,0.010328052867656258,-0.003963420910122345,0.010328052867656352,-0.0039043688909407427,0.01032805286765639,-0.0037333749022243714,0.0038441641112540873,-0.0017859791218883317,-0.0019321490625809367
2019-10-21,0.012164914039922698,0.008171909328275913,0.009801387184431819,0.007438579681290646,0.0075782998105772634,0.008485786814035418,0.007444354587630131,0.012613292370432872,0.007367677843071245,0.008479391990415423,0.006440931919352037,0.008479391990415412,0.006339434256098466,0.00847939199041552,0.006022132611950351,0.012776134554650874,0.010775274797830895,0.008834060390836316
2019-10-23,0.008623181906560676,0.004795938743581065,0.011842763249651384,0.004217984276951924,0.009180307776403673,0.008528412508693737,0.009344277319302183,0.008388424395621163,0.00943054343402776,0.011620081728480915,0.008252956516251058,0.011620081728480978,0.00832327903925354,0.011620081728480915,0.008535569339186541,0.007017545030991822,0.008894760245480604,0.007318782402283609
2019-10-24,-0.002413233330634243,-0.0009013918130771724,-0.0006942580299952454,-0.001022983926694756,-0.0014109375191870138,-0.0016396877008654936,-0.0013460271823945887,-0.0032988793270184785,-0.0013081855981489096,-0.0016431603381329416,-0.0008496910588415118,-0.0016431603381329932,-0.0008063591969978258,-0.0016431603381330537,-0.0006692459048413201,-0.0037302688931542885,-0.0003793007735245304,-0.0007771129480338634
2019-10-25,9.804138277048121e-05,-0.0014765075012904375,0.000946363500758853,-0.0011144637281496929,0.00147338968821976,0.007302233970553751,0.001592556801044635,0.004633598972811682,0.0016549630435178197,0.005947401618675489,0.002561199586824906,0.0059474016186754535,0.0026125210800988386,0.00594740161867542,0.002763464432483731,0.005620866398456802,0.0015474458493615244,0.0017168008727312736
2019-10-28,0.0041189385716873675,0.005262010415710787,0.004899354826544444,0.006135731594934569,0.006576554287291201,0.001327869245539192,0.006592141703227856,0.004877135146550578,0.0065933889780578295,-0.0069578683762982485,0.002333062369737114,-0.006957868376298288,0.00234389608505176,-0.006957868376298128,0.0023701918100597894,0.0015243866803948403,0.0025431348275562105,0.008011571350638621
2019-10-30,0.004286885131906494,0.0044765887560498825,0.005201384110091997,0.0046906885611948685,0.006509043489415353,0.003405544047696515,0.006530062890019144,0.0062043755267601405,0.006538113745078566,-0.0026578060982101878,0.004909341855422442,-0.002657806098210206,0.004908230937395403,-0.0026578060982100707,0.004900769733404979,0.006119436926910772,0.00359301069547975,0.004645743596225189
2019-10-31,0.00630731790298313,0.0014408599256664784,0.0008985912168779482,0.0011623946099766774,-0.000919229320672168,-0.008475591047431464,-0.0011633854348154797,-0.012805669108886732,-0.0012904390968031584,-0.0355223006353676,-0.0018204222166500227,-0.03552230063536792,-0.0019424257626188088,-0.03552230063536756,-0.002304369029312157,-0.014079193661900542,-0.0013270922208448788,-0.0037979843376403028
2019-11-05,0.009862621539096807,0.008495608036847546,0.010012396858558214,0.007844930757776526,0.010445116766377261,0.03175834655609124,0.009954300694976952,0.036111235438244155,0.009951559759566252,0.03955750201638849,0.010165111038401434,0.03955750201638883,0.018214704686797065,0.039557502016388746,0.01834912200341549,0.03897764866076594,0.009336937279614205,0.018310139989364323
2019-11-06,-0.005950966762708308,-0.0014118023886343326,-0.005999936140421654,-0.001961043656541962,-0.006123750112768812,-0.0016068779381587127,-0.006379489537489263,-0.02035065870781766,-0.0063840640957604725,-0.020437767868619353,-0.006387952763550775,-0.02043776786861979,-0.0057416468537043654,-0.020437767868619644,-0.005808967547137426,-0.02043776786861964,-0.007178751172280147,-0.0016988593776107112
2019-11-07,0.001197872809142883,-0.0051486979319985615,0.0011840993817851765,-0.0052019567213903994,0.0012201754166989102,-0.0016210778400468245,-0.0033121297053052765,0.0007949753680460538,-0.003282960970475409,0.007338268971962788,-0.003251621340291293,0.007338268971962942,-0.004040119845583364,0.007338268971962852,-0.0038664332606543022,0.007338268971962851,0.0011436006522690077,-0.0027815516542527086
2019-11-08,-0.016654854654610796,-0.007637197765021637,-0.016569902019533494,-0.007895652541694827,-0.016378415013400663,-0.006345844622548605,-0.015698951630207774,-0.003475533052944806,-0.015609649054753464,-0.017999773628010966,-0.015517666132329095,-0.017999773628011036,-0.008847284475025235,-0.017999773628011043,-0.008537035068815134,-0.017999773628011022,-0.016671652295502538,-0.006512414625032369
2019-11-12,0.003830341847320318,-0.002911689779423292,0.0038639762307004976,-0.0032071256078410543,0.0038484282984061705,-0.012362232684458564,0.0036358775885655423,0.0007548578101711711,0.0036055375645920665,-0.004713799761594954,0.00357329548791919,-0.004713799761594975,0.0017338496423983526,-0.004713799761594972,0.0015006344757932289,-0.004713799761594969,-0.0023306821793887722,-0.008200394720415966
2019-11-13,-0.007462092869545369,-0.007185760695155351,-0.007489826966070119,-0.007238499552766404,-0.007447177059700788,-0.005462383052760324,-0.00846236312462468,-0.0006067649268802429,-0.00841258736716804,-0.0016517148631223942,-0.008360017897108041,-0.0016517148631219874,-0.006717382869672931,-0.0016517148631221066,-0.006389753284847308,-0.0016517148631221036,-0.004262796994691965,-0.005848644756046864
2019-11-14,-0.006514617437096255,-0.00440970060894704,-0.006638148655900947,-0.00504648428896498,-0.007039579362724956,-0.024002476729494498,-0.00563161896562103,-0.014540995310682217,-0.005704054731210329,-0.027650844410827453,-0.005777503156555749,-0.027650844410827546,-0.004226451568343705,-0.027650844410827404,-0.004394369421898888,-0.027650844410827408,-0.009872417282457874,-0.013947559638368941
2019-11-15,0.011084460514996746,0.007250015815116731,0.011101784281209365,0.006812485332600026,0.01107964335815944,0.009694684453951656,0.009781457072995084,0.010865352665832974,0.009729880506423318,0.011285787793242873,0.009676067615677799,0.011285787793243119,0.008698796399277212,0.0112857877932431,0.008512397253849509,0.011285787793243091,0.009256652809600769,0.007770455422648938
2019-11-18,-0.005676256556473005,-0.002871077011974088,-0.005627017226261224,-0.0026802033023075322,-0.005314739642925627,0.004408726608483548,-0.0025574527394194337,0.038506287715108896,-0.0024583834731618254,0.03429578066041512,-0.0023561538501393198,0.034295780660416296,-0.0011230535088926855,0.0342957806604159,-0.0008696682978246417,0.034295780660415894,0.003697709033409096,0.0009074785628415969
2019-11-19,-0.006329601754491133,-0.00020699286630593912,-0.006442330186302291,-0.0004297724875098281,-0.006889514020059112,-0.012172699077831696,-0.008226005986580215,-0.039734493480483773,-0.008317890005682279,-0.03288328813620623,-0.008411790543006096,-0.03288328813620693,-0.00975087090906043,-0.03288328813620665,-0.010019832464271792,-0.03288328813620664,-0.010354600201965453,-0.00466424136021084
2019-11-20,-0.00816417567025918,-0.004223402911409303,-0.008303137939130375,-0.004818286702013864,-0.00870643782472354,-0.01747662194406138,-0.007065885561359296,-0.004939897354618487,-0.007111919621334379,0.0003532954398247758,-0.007156825530447387,0.000353295439824594,-0.0027003855273654547,0.00035329543982466394,-0.002723633709391769,0.00035329543982463846,0.0012545531707787968,-0.010150415149625955
2019-11-21,0.0007687443375621931,0.004772346530911901,0.0006563942522463343,0.003858837649707003,0.0002479275221436892,-0.009058621658806068,0.001200249954509788,-0.012251717189891568,0.001090720223703886,-0.006921248693149511,0.0009781340395119736,-0.006921248693149603,0.0015640084483143357,-0.006921248693149468,0.0012479571083362654,-0.0069212486931494776,-0.0010887840331312171,-0.0024007072254583098
2019-11-22,0.009269795473269204,0.002330436671074898,0.009406196631913827,0.0029515267286987805,0.009826890525302305,0.015814745196272097,0.009031465903286207,0.009032505417807818,0.009104766321036588,0.008920981086576737,0.009179059064766973,0.008920981086576478,0.009642037229539874,0.008920981086576445,0.009839732889919142,0.008920981086576461,0.007098575907493841,0.008362204692882187
2019-11-25,-0.008226987578198335,-0.0038851805583032697,-0.008405939051102825,-0.003752961323516794,-0.008666806409543325,-0.00995344468002704,-0.006699436103902142,-0.005220312831385075,-0.006732845687404162,-0.011012108139897468,-0.006764496062473224,-0.011012108139897336,-0.006831958728305523,-0.011012108139897364,-0.006868019773114573,-0.011012108139897364,-0.0060720310413002,-0.007506740018247441
2019-11-26,-0.0007553782852792019,0.0008597447540442426,-0.0008094770653293976,-1.7596784874045895e-05,-0.0007728685711917299,0.001489152620310854,-0.0025073426360072925,-0.025100375840398252,-0.002438665337783361,-0.035883869682226524,-0.0023639325225173614,-0.035883869682227544,0.004990518915817813,-0.03588386968222747,0.005076287134059514,-0.03588386968222741,-0.010280149946847445,0.0005132912131146411
2019-11-27,-0.011981484031960605,-0.0027778474730606084,-0.012008362250980458,-0.0017219710175695102,-0.012074476595196271,-0.0034002400747100018,-0.008197055184730894,0.016729728097242127,-0.008200326076862606,0.016152772060205673,-0.008203910289197555,0.016152772060206582,-0.008081441918740839,0.016152772060206443,-0.007795097214149487,0.01615277206020642,0.00029407738859296397,-0.000884969874803353
2019-11-28,0.007220029830085371,0.006068834965278206,0.007406396340670937,0.006880753412983355,0.007802549425329893,0.02551652750992321,0.006998557661053813,0.010537281767518964,0.007045815513563919,0.01746773722566344,0.007091282721587088,0.017467737225663145,0.0054797185264411005,0.017467737225663166,0.0056169953050478555,0.017467737225663162,0.010802304866447404,0.016113125288087234
2019-12-02,-0.0029226824444906867,-0.00139848328035431,-0.0030884061879586705,-0.0023954638210746345,-0.0034467696117765796,-0.010466363067456843,-0.005707137129343945,-0.008204935558340688,-0.005741089568539187,-0.021041538007803916,-0.005773121023670242,-0.021041538007803895,-0.004617629009958122,-0.021041538007803905,-0.004615747707237084,-0.02104153800780391,-0.0038380979719273185,-0.007329736760941525
2019-12-03,-0.0005419092305511058,-0.005147698748864919,-0.0005053473494210349,-0.004735576712627824,-0.00046840601094759763,-0.014746539927838332,0.0015337551677019837,0.012061303817774628,0.001522664680291322,0.011856926480888196,0.001510428583591445,0.011856926480888649,0.0005327740151258061,0.011856926480888536,0.0003711557026240393,0.011856926480888538,-0.0016575896170771811,-0.009031896836061102
2019-12-04,0.00886503363243832,0.0008763394625695385,0.009050135532134294,0.00018530435561081213,0.009130055597903834,0.007918629949129877,0.003155414812281201,0.002578005728282972,0.0030991765689491317,0.001556907615930632,0.003037151336531938,0.0015569076159304292,0.005816341816767936,0.001556907615930605,0.006037859224418535,0.001556907615930598,0.007619021336645424,0.00595763166398326
2019-12-05,0.006913344474520528,0.009165141025382887,0.006934733923019014,0.009304091765586584,0.00721858718383219,0.023742838761389693,0.008283652982926193,0.006941772694654278,0.008353262764114688,0.010401797637219014,0.008425352821547466,0.010401797637219127,0.005199207550058211,0.010401797637219053,0.005197073231088947,0.010401797637219053,0.003599097652989096,0.013036808573906662
2019-12-06,-0.00411249313513806,-0.0006851030156761626,-0.004308808278689252,-0.0005574390454820322,-0.0031911632651000915,-0.002908317817565274,-0.0028061273788862868,-0.002159334470428264,-0.002805048274522719,0.0020184556964506968,-0.00280400315744233,0.0018303035750663807,-0.000874000619397958,0.0018303035750762255,-0.0002176637422444623,0.001830303575066379,-0.0014191312479470088,-0.0012222960459380011
2019-12-09,-0.004208310968173017,-0.003425477952153334,-0.004077961675425148,-0.0034310326496211595,-0.0037701480709381235,0.0005350655051401336,-0.003641412281380229,0.0068292661048808025,-0.003572272917488949,0.008085234393046033,-0.0034999875783279805,0.008313741417089293,-0.0024179261955776885,0.008313741417099625,-0.0021665722227972753,0.008313741417089286,-0.003359842716226956,-0.0032638845690836586
2019-12-10,0.00032690483435496683,-0.006791396843612945,-0.00014205497589087816,-0.006675882835250121,-0.00045973189424539806,0.0016353656064900944,-0.004006202347335892,-0.0036504495785682043,-0.004078407402574231,-0.008714438545767917,-0.004152790559416587,-0.00981788813390971,-0.003070115140208901,-0.009817888133922427,-0.005121160975763748,-0.00981788813390971,-0.002571261834739614,-0.003463596674169887
2019-12-11,0.00085397538342847,0.0033235160788825813,0.0004200810313411817,0.004104818562256539,0.000317986085132786,-0.004247081588885624,-0.0005710402823272131,-0.010889007792929794,-0.0006328149585634433,-0.0154900289423833,-0.0006964211806493255,-0.015578347143674773,-0.0021088745992192902,-0.015578347143692446,-0.002327647066966605,-0.015578347143674768,0.0016881972469426172,0.004334138081049816
2019-12-12,0.005901502653364724,0.0030050382401639168,0.004812359547498664,0.0030333713164499712,0.004721024395238002,0.007283725925903817,0.004314355306366717,0.016544136604003556,0.004297705330895828,0.017899285543535724,0.0042794573187347595,0.01754484493610302,0.003571798403420053,0.017544844936122232,0.003444489429406907,0.01754484493610302,0.008468676146873423,0.004332927514904486
2019-12-13,0.00691143626697034,0.0030612134055001947,0.008301165106605004,0.0023783322832304967,0.006946917050423574,0.016177595054736517,0.007459445327037671,0.007662335605383433,0.007525747160181291,0.006616821997721212,0.0075952346743385175,0.008065054952974415,0.0059464649646815484,0.008065054952949218,0.006972948067447043,0.008065054952974424,0.002823390583342306,0.004811238636631001
2019-12-16,-0.002362782525096876,0.0012843391831157652,-0.0030348854869449143,0.0018541534346961334,-0.0020869570385263075,0.0031292899100350624,-0.002362663959440324,0.0005583638061947415,-0.0023676605214372126,-0.0006274177539476717,-0.0023742990052974464,-0.0001369111889983087,-0.00032086635547061345,-0.00013691118900666755,-0.0008765817759395219,-0.00013691118899829702,0.00043367773712526473,0.004917006613267064
2019-12-17,-0.003083058258865195,0.0004250494889291492,-0.0030530707670955635,0.0005587068598392011,-0.0031442141048532747,-0.001277550281522823,-0.0025597690889506072,-0.003259038223024935,-0.0025370614203005,-0.005895365584503978,-0.002512795698714163,-0.006116128013940805,-0.002252972606874097,-0.006116128013947807,-0.0011337834013272652,-0.006116128013940802,-0.002870099489151685,0.0003233004425774662
2019-12-18,0.010325469204018884,0.003393190942406449,0.009615330707784135,0.0035375611315642923,0.008806886011946052,0.007242943084485265,0.007553944472592052,0.005352459333493091,0.007487697378068662,0.0018067104048154828,0.007416921509274086,0.0033524381098918228,0.005868053843240683,0.0033524381098751816,0.004392377197156621,0.003352438109891836,0.00559778570576701,0.007269716671183776
2019-12-19,0.002530522448078825,0.0018511479000235642,0.002036658684614663,0.0016803554904931423,0.0016478179290566248,0.004692210243293388,0.0016443242655234825,-0.00032153765394442443,0.0016394079958044557,0.005781518770761336,0.0016329458667219653,0.005768605850260622,0.004870953995817756,0.005768605850262084,0.005442827609789248,0.005768605850260622,0.003973811980289115,0.00289915406943075
2019-12-20,-0.0011101583101913448,0.0011179457584353412,-0.0014792393055503405,0.0014896586112989492,-0.0018492939090326782,-0.0028758274143544033,-0.0018700382737594195,0.006132025954324148,-0.0018744822698561656,0.014199591943488788,-0.001876121064352572,0.013010454036922225,-0.004000888753337598,0.013010454036958018,-0.0035494527346646883,0.013010454036922211,0.004670994940113107,0.00138258840297765
2019-12-23,0.01593742070594055,0.011233689153015841,0.01604587521560394,0.010789805459501589,0.0179167605011425,0.01407184190460673,0.015320154705288747,0.02165665396522793,0.015349256835280212,0.026475587455126886,0.015382519602273964,0.025275048902078687,0.013394060432418578,0.025275048902103626,0.01342755377781609,0.02527504890207867,0.014223986300504709,0.00708530278139962
2019-12-24,0.001778693436091336,0.0026798256816237226,0.0010747654416930817,0.002151075690909317,0.000431618891492346,0.001770854783310419,0.0015125679707900018,0.001888960657715355,0.001502747080645581,0.000649337864972585,0.0014930192263122415,-5.905293720246813e-05,0.005355904323834541,-5.905293720193347e-05,0.0035001355637841276,-5.905293720247595e-05,0.0012730280984865185,0.001580866357685365
2019-12-26,-0.003951264904980076,-0.003437742122210095,-0.0021327128386777524,-0.0033529913359542805,-0.005349724600499395,-0.00011881819053101894,-0.00493716008409796,-0.0011865870706638142,-0.004916932713820749,-0.00032257922541667353,-0.004895923422758076,-0.00021884939441375574,-0.003911283867479701,-0.00021884939441159737,-0.0026280631500709166,-0.00021884939441375715,-0.0019148489403438703,0.00039122758926774784
2019-12-27,0.0008603345119129187,-0.0019875508050886054,-0.0012689812685347823,-0.0014817600708460204,0.002712318634309969,0.00028973178566311757,0.0008782927628783049,-0.004087086083519519,0.0008943207327543386,-0.00023999081883358062,0.0009093452648370217,0.00019863023476565612,-0.00017683111382331765,0.0001986302347583048,-0.0002870049958472712,0.0001986302347656618,0.00028979014451023684,-0.002559689026437191
2019-12-30,-0.001811931300606396,-0.0038791567702097943,-0.003508574277859056,-0.004142466080308018,-0.0027628306893880145,0.0003193253737450387,-0.0015781223886565594,0.007140648449523823,-0.00154369928932726,0.007787875158335524,-0.001511640437751375,0.008111488512741304,0.001191988721447227,0.008111488512748387,0.0006832007536430337,0.0081114885127413,0.0013611644351855675,-0.0054976892153593224
2020-01-03,0.012951940719302439,0.007485808462226723,0.015573200364259337,0.008581317283056614,0.01331728889507326,0.015798661683205498,0.012613056985724415,0.01538901526687278,0.012642424128471053,0.012988817505163517,0.012677611340852261,0.01001176007901413,0.0065658657405448404,0.010011760079024754,0.007320327759657499,0.010011760079014113,0.011356778287738768,0.012658083243541193
2020-01-07,-0.006143186432474611,0.003676917390105289,-0.009255953979346518,0.0038339349871654867,-0.006506481206168769,-0.009119796914775874,-0.0017810991767629597,-0.007316374219109998,-0.0017845474150570775,-0.013328033634417959,-0.0017886165763171017,-0.0126640585793977,-0.0008630052930650015,-0.012664058579410973,-0.0015660606884276595,-0.01266405857939769,-0.005593030282163488,0.0013973384027171306
2020-01-08,-0.0017137603769752914,0.0004927913299955994,-0.0023258917658407763,0.0005630194804012617,-0.002479451208101989,0.00027934582354622976,-0.0021234741903437726,-0.00024831241906306777,-0.0021311354149355696,-0.0023344280813106283,-0.00213829660775254,-0.0027095736866782146,-0.0005299691197333526,-0.002709573686680888,-0.002422334642383274,-0.002709573686678211,-0.0028057954163475366,0.0017772243282036838
2020-01-09,-0.0002840031912549831,-0.00041269706168816614,-0.0002981004071918789,-0.001295796056553462,-0.0014901447266337912,0.0005871436682947356,-0.0023476072602461283,0.02008771000503314,-0.002307037398062277,0.022599802381340135,-0.0022620748626456695,0.01900542999507298,0.0009151046128810746,0.019005429995128355,0.00037492371223855697,0.019005429995072955,0.0025584582020480306,-0.00345604200477976
2020-01-10,3.254901322091515e-05,0.0004068779747926679,0.001744147132772499,0.00053738531074761,0.0006317082254528397,0.0003877916690415037,2.2992249815306892e-05,-0.0009369603226467634,8.287546562791957e-06,-0.0028263690665871117,-7.894074969960959e-06,-0.0034990503927846747,6.867560944585075e-05,-0.00349905039278347,0.0015608680418705103,-0.0034990503927846742,0.0010418975827465686,0.0010377437356370416
2020-01-13,0.0012903709096614945,-0.005747474226535119,0.0011378667714893897,-0.005020317952168311,-0.004533618725391973,-0.0007428866196540032,-0.004856894911634436,-0.0036881266662854005,-0.004910218891247394,-0.006837265749735591,-0.004963701174419842,-0.00589163030080353,-0.0047904303807098005,-0.005891630300807014,-0.004283662379520978,-0.005891630300803395,-0.0068576129858820825,-0.0041225403796234465
2020-01-14,0.004026011479345804,0.001146860630584852,0.00395777147924525,0.0009438718008818762,0.0021959068634054574,-0.008577116312197255,0.0020994650638933706,-0.011243602109242627,0.002051665508487634,-0.019192693188893117,0.0020042581041213765,-0.0205297462813108,0.001957312729720879,-0.02052974628131413,0.000554522706796266,-0.020529746281310657,-0.003872009963463146,0.001800677176766293
2020-01-15,-0.005906333053658192,-0.00021947532602093367,-0.005839658507691358,-0.00025748349361513187,-0.0010007232996705655,0.0007973812652605894,-0.0009386412374330483,0.0065784738233518845,-0.0009070430380345921,0.00809100387715921,-0.0008753560736767572,0.008725314786420994,-0.0008437367867583499,0.008725314786421697,6.49388402096189e-05,0.008725314786421029,-0.000784447740096475,0.0010448634033576078
2020-01-16,-0.0016575560871665818,-0.004652767126152089,-0.001693845117374346,-0.005873294257836174,-0.010596112549271432,-0.030582255415143124,-0.010915273462432496,-0.0074250008855949005,-0.011075412863572113,-0.006437528088029349,-0.011235453937344986,-0.0051297482613371975,-0.011395077857678348,-0.005129748261338949,-0.010357160920888708,-0.005129748261337071,-0.008043335591116554,-0.01456556689268995
2020-01-17,0.0,0.0011896242674827632,0.0,0.0011363652217121112,0.0,0.0,0.0,9.379236636816703e-19,0.0,3.979324751814309e-18,0.0,2.9697042353361484e-17,0.0,4.0824253663551017e-19,0.0,0.0,0.0005889718744761641,0.0
2020-01-20,0.004649593985577097,-0.0002603371410546622,0.004761430297945253,0.00031058857487640634,0.004187537357154107,0.0027085213418154546,0.0041163634292705545,-0.012705742410799956,0.004081635469153881,-0.022523925759137902,0.004047656598273461,-0.022204935952407055,0.004014501064911023,-0.02220493595241338,0.0024732754747889625,-0.022204935952406718,-0.00279621356516461,0.002078462664867875
2020-01-21,-0.0010792411402542762,0.007046259878763606,-0.00109506833661534,0.007310664173696548,0.006888317235287511,0.018531122411260946,0.007146153769367095,0.015667020927035195,0.007275241645316984,0.014928115477173508,0.007404056482815851,0.014079336948586948,0.007532345645041509,0.014079336948589816,0.0070631578734650395,0.014079336948586773,0.0071421154006498875,0.011149312639540433
2020-01-22,-0.0018089134960986813,0.003022939951945276,-0.001883414676857172,0.002586440856442859,-0.0002680826398235531,-0.0032788502324149252,-0.0002926620136495579,0.000672515184149121,-0.00030443356274874187,0.004839503842512095,-0.0003160907496753671,0.0043492690161985315,-0.00032773427655755544,0.004349269016200148,-0.0005951195442528531,0.004349269016198391,0.0013298166338169823,-6.132319889101666e-05
2020-01-23,0.001210230170948854,0.006052180867513505,0.0011224346280045028,0.006473773317470844,0.003142536485197001,0.0013852205412053535,0.003136724763962765,-0.010847006205228587,0.003134127380707088,-0.013785044854873927,0.0031314273813493683,-0.01373168845353896,0.0031284867787656316,-0.01373168845354145,0.0026075984512231734,-0.013731688453538893,-0.0018776539887139418,0.0057632612654078446
2020-01-24,0.0002353461761286081,-0.002597513584462936,0.00023908494354259787,-0.002769861431368913,0.0006845023257335196,-0.0025116285244971715,0.0006529213093057274,-0.0036933017565214175,0.0006354730939721273,-0.004025719947182546,0.0006173114273041935,-0.002708609068032104,0.0005986547567262896,-0.002708609068033564,7.946644027493439e-05,-0.0027086090680319493,-0.0028033117532497397,-0.0007640705167683947
2020-01-27,-0.010849869002535224,-0.005729941208414322,-0.010888882505571459,-0.005427720133377453,-0.009334904563540445,-0.0049691314696223695,-0.009303532220677046,-0.01340291138982545,-0.009287089871429451,-0.016075100318765904,-0.00927036655121116,-0.017608037633438656,-0.009253484659895393,-0.017608037633438416,-0.011343631298391554,-0.01760803763343878,-0.011097158905130735,-0.006434404146225526
2020-01-28,0.000222937161792722,0.006213357287553109,0.0002637398730486049,0.00693189612322782,0.008065041842841009,0.017392555657503896,0.008241512863446002,0.00316750235655465,0.008330109657141992,0.0016795568225152662,0.00841858773628511,0.0011582867280350232,0.008506726199073073,0.0011582867280348437,0.007831377593296433,0.00115828672803502,0.003508326126658332,0.01204673500501163
2020-01-29,0.0070271506106271975,0.004219374263551078,0.006973235075386197,0.003965504521832794,0.005093949482800141,0.002044543355661145,0.0050431215771789065,0.0034127323357623605,0.0050171113776851526,0.004366598565311743,0.004990888658340079,0.0045990667526443554,0.004964565060329886,0.004599066752644518,0.004273816280445335,0.0045990667526443416,0.005498241957336786,0.002499327770825903
2020-01-30,0.005882865108328902,-0.008749023188426259,0.005887144599722562,-0.00924624544620256,-0.004882556042786087,-0.008451909246358955,-0.005060526862618152,0.0031703047681613324,-0.0051502133452861094,0.0002640938584443184,-0.0052399162616483036,0.000778384771151689,-0.00532936999062248,0.0007783847711509409,-0.006194758056191784,0.0007783847711517625,-0.0038507171771347604,-0.009560844002217697
2020-01-31,-0.015261825631931446,0.005074361329715462,-0.015276190620651971,0.005532367998628711,-0.0036894461913680445,-0.010741748820168606,-0.0035506101623956348,-0.0010047191412044883,-0.0034807648602422836,0.007831564620167632,-0.003410983211629682,0.0064306125598160456,-0.0033414696030757696,0.006430612559819467,-0.003849266031277571,0.0064306125598158105,0.0022268908244787874,0.0034392425992554
2020-02-03,0.00249805409642975,0.0022824725874986207,0.0024917312475717605,0.002049866836839443,0.003026641299115035,0.0057446834205737846,0.0029823351345304944,0.0072965630944105235,0.002960952164632378,0.005749159651386337,0.0029398683081898283,0.0059728896096808174,0.0029189891908005423,0.005972889609681429,0.0018242376368474184,0.005972889609680818,0.001294643306552027,0.0013694052525013004
2020-02-04,0.013888682339765649,0.010119004282568768,0.013861900720072201,0.010793271454899356,0.014046901616692135,0.019175462282153097,0.014165644743912036,0.001159776381019277,0.014222915395757641,-0.003456639248419215,0.01427902612486548,-0.0015551412392248254,0.014334088003044476,-0.0015551412392288803,0.014934770997207917,-0.0015551412392245264,0.008377269615057642,0.01699611753618422
2020-02-05,0.006588917447588049,0.0013711514201400128,0.006635231847722558,0.0010079206700239697,0.002959569346687435,-0.002789653457920622,0.0028921304223533694,0.0014983744368220807,0.0028570115457960403,0.0015575896905023563,0.0028215771926592206,0.0035433578657090912,0.002786144150501633,0.0035433578657060026,0.002860963920381717,0.0035433578657093224,0.0035551930395780248,0.00016637519026732476
2020-02-06,-0.0026428120675989282,-0.0073190235580226585,-0.0025809976911339324,-0.007101768853523488,0.001678363995436639,0.0013905393893398456,0.0017820712969495664,-0.012133238982466737,0.0018342950971823283,-0.013108877687220629,0.0018867552099704654,-0.013639274374931702,0.0019394032388050505,-0.013639274374933803,0.0014950153693503985,-0.013639274374931652,-0.00413973445204426,-0.0014591998590572771
2020-02-07,-0.0003918311522939944,-0.00535828960753636,-0.00034279450230492866,-0.0054394678637488475,-0.000691559285575156,-0.013573740896325674,-0.0008768733031373362,-0.004974856621616827,-0.0009696610646070295,-0.009142247202303787,-0.0010623109419009304,-0.008145723607585115,-0.0011546629800273742,-0.00814572360758716,-0.001480688581961453,-0.008145723607584929,-0.0050393979479014615,-0.006600535871379051
2020-02-10,-0.007368869074939715,-0.0048054472012549025,-0.007297353274069711,-0.0035123504975051022,-0.004233676030889405,0.00514151473270352,-0.004115624214466279,-0.005908233883758081,-0.004057597015638886,-0.010694256999273932,-0.004000092633682476,-0.01040799688733426,-0.003943066281754875,-0.010407996887335982,-0.0026332323083659796,-0.01040799688733415,-0.008772426147589137,0.0010693658783660102
2020-02-11,0.002881010339919447,-0.0002740624658403833,0.002567067236400284,-0.0003172380211709261,0.003922467031577795,0.003736227169980607,0.003960841399231671,-0.002339686805347264,0.003982589081299684,-0.0061056332856027915,0.004005605739097312,-0.00818572942159586,0.004029630716019846,-0.008185729421338375,0.002727129191125092,-0.008185729421596162,0.0012351324439792827,-0.000106180761900224
2020-02-12,0.007404993092849798,0.0044601857706471106,0.006633222493275431,0.004229635178211496,0.006343173251176111,0.0014858118057154376,0.0063733447865488,0.005178558447174125,0.0063933030953646055,0.008907800615278341,0.006415913289200043,0.008428951190549266,0.006440790632745143,0.00842895119086545,0.007487137465375646,0.008428951190548914,0.0081058534290756,0.0034238179324091343
2020-02-13,0.0013360598544581255,0.00212049045100592,0.001979754736244964,0.002064503867738386,0.0009376766204107745,0.0025527530164806333,0.0009422542856692678,0.004140902090388346,0.000943351193427964,0.008483284528777252,0.0009437019096519808,0.008224115942664121,0.0009433557474370887,0.00822411594300767,0.0014406886786266842,0.008224115942663743,0.0016629013023224085,0.0023844104761703067
2020-02-14,0.00020431478117151716,-0.00013053673677086122,0.0009774828226006785,-0.00033074518821452667,0.002293983800397904,0.015458085501987913,0.0023375401544595553,0.0015496419758866953,0.002357046859133951,-0.0030785774425696826,0.002375062957156895,-0.0039385995474919815,0.002391643446422795,-0.003938599547551797,0.002814212981638452,-0.0039385995474919165,0.00307130528842326,0.004663635888451722
2020-02-17,0.0018659221464310963,0.004480160467100838,0.002575971610387215,0.004741672856193696,0.0019044470304125523,0.0021478019646856044,0.0019173614640711194,0.0007185159747528306,0.0019241240871894758,-0.001623784849454705,0.001931110484140092,-0.0018632901743724003,0.00193831671342008,-0.0018632901744548482,0.0012124464630996741,-0.0018632901743723112,0.0010062853261491897,0.003387514743940759
2020-02-18,0.0008112752948753865,-0.00028121204892532763,0.001506539521688544,1.9213765295256766e-05,0.0006378126756050073,0.0011676522252620884,0.0006423308927627277,0.006591288501883859,0.0006428701426094862,0.009652343131815108,0.00064262167280376,0.00958291476775414,0.0006417783991663135,0.009582914768226026,0.0008287305761668087,0.009582914767753609,0.0023753367617780166,-0.0008069098831159422
2020-02-19,0.005357617733738023,0.002594588578073864,0.005582541104759882,0.002437998364481323,0.00448715929938483,0.0010140696044499797,0.0045515448179664336,0.0156549212734185,0.004587727888595922,0.011600734026250122,0.004626220221411687,0.01161335865735594,0.004666749073858677,0.01161335865766607,0.004646124313852631,0.011613358657355586,0.0028014258237568763,0.0021105385630918274
2020-02-20,0.0003160486894717299,0.003337118333337368,0.00027050824672671114,0.0030587472023678158,-0.0003021149384132109,-0.010595439237798482,-0.0004590832083411125,-0.02119140879579756,-0.0005384146287305529,-0.02094154092939019,-0.0006184799556269932,-0.019852239720617688,-0.0006992749733784548,-0.0198522397211188,5.3950401568381504e-05,-0.019852239720617122,-0.00660402924282904,-0.0021688314964693643
2020-02-21,-0.016297612176755065,0.0007094957805146838,-0.018400367601062863,0.0008955625875170861,-0.014871268442104423,0.003379898427283432,-0.014809354769798886,-0.008378227427332135,-0.01477471958710595,-0.009610732211907766,-0.014739546897812287,-0.017304571752905177,-0.014704752398711815,-0.017304571750354797,-0.009320334345858846,-0.01730457175290804,-0.008200802596573846,-0.007640640826104508
2020-02-24,0.001806100435515272,0.0090525619044364,0.0014564996060403403,0.00858028818165431,0.00041066515143675045,0.00030737257336966976,0.00021014757515897334,-0.005121919186693864,0.00010281420305050925,0.0037849204986220766,-9.18798050533829e-06,0.001882149440594902,-0.00012559205822848356,0.0018821494417283159,-0.0011088517360408568,0.0018821494405936389,-0.0007544525257914395,0.00493230358395788
2020-02-25,-0.0008365455419840949,0.004465113607180969,-0.0006647018516172168,0.005698838271716177,-0.0016924149853643304,0.0008860892812918575,-0.0016442186501198462,0.008505827212383549,-0.0016223677394826778,0.003431879680008674,-0.0016015490549198758,0.003069550040702246,-0.001581529535100127,0.0030695500402442366,0.0001464366269189871,0.0030695500407027553,-0.0036539760498857333,0.005499187206085717
2020-02-26,-0.013875417184211009,-0.01770503389824368,-0.014171931897081849,-0.01745599512270219,-0.012574501673369909,-0.012992745790783654,-0.012492875714052358,-0.015587312763333975,-0.01245124113385741,-0.030064531367299304,-0.012408998608581353,-0.027485791368316404,-0.012366179040807774,-0.02748579136981263,-0.013549819227949289,-0.027485791368314735,-0.022278949096699627,-0.01517824186443164
2020-02-27,-0.021152860882224546,-0.007363714592040511,-0.015209781306450782,-0.006909208053137434,-0.02059143846154183,0.006587568167703816,-0.020580654530970226,-0.011502960696347275,-0.020585210587560618,-0.009679896475785458,-0.020595098298010418,-0.010037743636613958,-0.020609520993077852,-0.010037743636680974,-0.021617138984630895,-0.010037743636613881,-0.012135933962452338,0.0006891549465172534
2020-02-28,-0.00734341318710013,-0.014054095655301321,-0.007142963034090798,-0.013576677980771609,-0.008348501368156182,-0.00863605883850553,-0.008336513262316401,-0.002693575236841977,-0.008330189967548042,0.011588317031092697,-0.008323132742052028,0.012578242749975987,-0.008315133699696546,0.012578242750633822,-0.010204513524702172,0.012578242749975259,-0.00031306919684078284,-0.012682558532079294
2020-03-02,-0.005443513928641383,-0.001083819327284871,-0.011923612230998793,-0.00215328983883634,-0.003740290684662517,-0.014502896146275604,-0.0037851268163290727,-0.009183598515715683,-0.0038014293092342305,-0.007762988124929172,-0.0038158327500470088,-0.009946077385380647,-0.0038293952541042457,-0.009946077384588053,0.0017196470730530726,-0.009946077385381532,-0.005451321051832214,-0.01009468575008539
2020-03-03,-0.011341406363445425,-0.001487972572023823,-0.005617267239433907,-0.0015694932134585476,-0.010449720950910431,0.009785483225862365,-0.010445075627858097,-0.014169392425588949,-0.01044836091682787,-0.021944588576535373,-0.010454937340655942,-0.02575878827737258,-0.010464471525967342,-0.025758788276833172,-0.011319741749600971,-0.0257587882773732,-0.011399526496564661,0.002436973134940101
2020-03-04,0.01742440961447205,0.00999464906926412,0.015695457364739363,0.00937049529203904,0.01598890504106743,0.0018343850216665319,0.015956237787241784,0.005490441409459452,0.015945980310376147,0.019806471762624907,0.015939457121354736,0.02180504867522579,0.01593639178298494,0.02180504867523216,0.016688354869275814,0.021805048675225792,0.01709525847568289,0.007145468549360236
2020-03-05,0.0036124006223561323,0.0035549184303434074,0.004300839991873613,0.0038747994155523165,0.004237169763975894,0.00910633582311836,0.004286406258905748,0.005919222669132496,0.00431077568416143,0.005263222746874436,0.004334637696423048,0.002411690110964968,0.004357842920268101,0.0024116901118557627,0.0024348825505112054,0.0024116901109639734,0.0032781884008387047,0.003526061873792825
2020-03-06,-0.02669201798720965,-0.01826335266160165,-0.025884544989013204,-0.01800756625221255,-0.024516340551019283,-0.007044174724309883,-0.024498056579667693,-0.02268164193264096,-0.02449428782995567,-0.03302235826838006,-0.02449380974609741,-0.03432072611856907,-0.024496362573341778,-0.03432072611896155,-0.02188343043741042,-0.03432072611856863,-0.01951288404872174,-0.016430695174321767
2020-03-09,-0.09116351646903778,-0.06341714414047246,-0.09625963735045148,-0.06252797520974528,-0.09104299502114113,-0.0465409256446629,-0.09109343849010335,-0.04699842808070469,-0.09113302230178706,-0.050933855844681075,-0.091183294715697,-0.06205002000546974,-0.09124433872017099,-0.062050020001964044,-0.08402364124552456,-0.062050020005473654,-0.07940899328592073,-0.06315727729540323
2020-03-10,0.01553836578879755,0.011399960456324717,0.012269723207236849,0.011058881174225741,0.008854459958398593,-0.008042264122947276,0.00860107989615529,0.021168550860408527,0.008470749278169196,0.023799804773154506,0.00833915822875269,0.028284674053245116,0.008206970665498243,0.028284674052517937,0.008613445104517892,0.028284674053245935,0.01075359716111186,0.009123611580978616
2020-03-11,-0.053850955528436995,-0.031269082903855085,-0.040301363151874756,-0.03365519322197065,-0.0384778689895001,-0.010945690576276642,-0.03513442532984624,-0.040864085299906226,-0.034988414554781626,-0.0262690122591479,-0.03485073638282346,-0.0275167835187548,-0.03471721152274962,-0.02751678351879992,-0.02892637645340208,-0.027516783518754674,-0.03600361561644852,-0.03039888582321317
2020-03-12,-0.09190184231063242,-0.07442755134396611,-0.07782435611418412,-0.0755212201912431,-0.07068412550935319,-0.059281308025843915,-0.07426033012408513,-0.05450401224198241,-0.07416885150599406,-0.08963550248200018,-0.07407491415891304,-0.09115884811718945,-0.07397897812345522,-0.09115884811718943,-0.0701028228886277,-0.09115884811718941,-0.09336669330782735,-0.06831078432185796
2020-03-16,-0.14533064805104917,-0.10823089155787516,-0.14298337936146313,-0.10588275151210272,-0.14704936864335738,-0.12780137534656702,-0.12362133941363959,-0.14585121083674116,-0.1235968692797371,-0.11627099207523862,-0.12357729364914279,-0.11411613000639469,-0.12356282032126276,-0.11411613000639462,-0.11200304953343364,-0.1141161300063946,-0.13209872123446134,-0.12586862035102045
2020-03-17,0.0606391517017526,0.07526921489421556,0.06798322841386369,0.08006661170209804,0.07773527531728622,0.048109200047753424,0.07505935789421886,0.025536616204684844,0.07533165126014808,-0.014055128029152115,0.07564225166382797,0.008001518734002181,0.07598792179479112,0.008001518734001907,0.08200185130307093,0.008001518734001635,0.022982972489078175,0.08282284931989617
2020-03-18,-0.11982261100313296,-0.08061206673281317,-0.12001027368555674,-0.07906352104063512,-0.11147353324181739,-0.08422986855078436,-0.1060689350196757,-0.1109371740128761,-0.10627213162188051,-0.12465893471093245,-0.10650853296188471,-0.1393047612719141,-0.10677562122320841,-0.1393047612719139,-0.09584677306354662,-0.13930476127191374,-0.12456151021629794,-0.07528446559954755
2020-03-19,0.013701693795701068,0.00628977268732017,0.011496204414464245,0.013317631362032328,0.016940272426276118,-0.017392392606667247,0.005323450228082861,0.012117919609491603,0.0050731759115071684,-0.007157864692161388,0.004819689574645017,-0.005727561030425944,0.0045633912958037695,-0.005727561030425886,0.002798224512994738,-0.005727561030425858,-0.01022373215029885,-0.0003941905385577357
2020-03-20,0.028577294152096526,0.025524592560738746,0.01926369068638899,0.01958339094104425,0.013468699342437846,0.03871866059622014,0.011240312944730423,0.04329880379456613,0.011262620175946135,0.02171575513627297,0.011272966180501168,0.009118352655814293,0.011272495563919368,0.009118352655814307,0.016422810923706226,0.00911835265581434,0.027846327650697965,0.04753642474938769
2020-03-24,-0.008547007193210441,-0.0077943852618123114,-0.014434209485645319,-0.012374709465319173,-0.013270935938944977,-0.020224700971573254,-0.012690988587296417,-0.008515620735862843,-0.01269857469828753,0.031600088738809984,-0.01270492392682515,0.02895133665182057,-0.012710733676735069,0.028951336651820644,-0.005496669260547324,0.028951336651820654,0.015228577002840148,-0.0219943587676572
2020-03-25,0.124631330025925,0.056312944522076094,0.10350043178127412,0.05626671696787881,0.09526617161682494,0.05293708238600209,0.08566118594750946,0.08765959981163604,0.08551333074669407,0.09266140379108143,0.0853755194376686,0.09976140892905491,0.08524794582832415,0.0997614089290548,0.05904769135193248,0.09976140892905479,0.12363883670680244,0.0498651455072069
2020-03-26,0.0035878299811217583,0.002282518091218774,0.003639478863133568,0.0022916411612938334,0.0036001741678211166,0.0,0.0036655982992486627,0.0,0.003707276441748375,0.0,0.0037541903861361805,0.0032100421826118182,0.003805853505211167,0.0032100421826117905,0.003968073198642419,0.0032100421826117584,0.0017833567681176572,2.193683491749752e-17
2020-03-27,0.06463185013109937,0.045451849061595266,0.07674488897150646,0.03950492688616522,0.07617784992575784,0.09212105805950822,0.062292408541828936,0.07973461461619265,0.0625357717386582,0.12346047079592593,0.06279186943381802,0.12875075783431458,0.06305962060987669,0.12875075783431456,0.0558816974591551,0.12875075783431458,0.10580116667140504,0.051187120974959185
2020-03-30,-0.005561258036499406,-0.01613611982430419,-0.0024736387582921645,-0.012396908596599598,-0.007003835817024556,-0.01239163014695132,-0.012729909045387705,-0.02281292921871384,-0.01289671414746298,-0.03217243851973284,-0.013073087953680639,-0.03866133617000739,-0.01325746785643266,-0.038661336170007415,-0.018540271913333475,-0.03866133617000739,-0.02133305561074609,-0.006278829852894736
2020-03-31,-0.005153416817900861,0.02063824270125419,-0.002266649565516988,0.0202652696773251,0.0033662925428285155,0.003143055787488136,0.01621698567295322,-0.007394986128331363,0.01635434750892831,0.008247291009315245,0.016498951873549723,0.013247482866067592,0.016649514575153693,0.01324748286606759,0.023757495497782503,0.013247482866067509,0.00570497485381778,0.016967417110148805
2020-04-01,-0.043106956907678406,-0.03176199106444024,-0.035974753480491624,-0.02747979660362589,-0.03703320161909016,-0.014521019854460955,-0.03264006116118981,-0.020433377106928483,-0.03269623653019007,-0.03187991198171897,-0.03276914516380848,-0.04135863135215915,-0.032857305211179154,-0.04135863135215907,-0.031711803267192105,-0.04135863135215899,-0.047588678671655636,-0.019685065204543654
2020-04-02,0.04775475653335869,0.024527925091366903,0.04961015964376137,0.022064139507786646,0.032768015003375714,0.046928841029639214,0.028664079492286904,0.05701049791364458,0.028655143171004826,0.06277386780781681,0.028641477771024368,0.05695531012877915,0.02862381964931593,0.05695531012877916,0.022897899509947174,0.05695531012877922,0.0490337753751468,0.03638661090255247
2020-04-03,0.00713813227371272,0.00017808741928848355,0.005334197588644317,0.000573934165427782,0.0006994421847594501,-0.0037894046706800607,5.025992395972501e-05,-2.6698039052336364e-05,6.186973987521176e-05,-0.004216113138088664,7.707565345230932e-05,-0.002608118098226279,9.529301029097183e-05,-0.0026081180982262613,0.0030538346278023596,-0.002608118098226261,0.003993266068966265,-0.0048991075221661426
2020-04-06,0.026101100238691857,0.005672584064141771,0.016310648677766076,0.0029423362899381853,0.0177965145585808,0.0035742966609395147,0.013720517280873184,0.01077063652187619,0.013784789738362689,0.025322095590162456,0.013860443289062895,0.03400346890589279,0.013946585945232513,0.034003468905892745,0.00814622285168177,0.034003468905892696,0.02501232185129191,-0.006311680809528686
2020-04-07,0.01656038593573811,0.014854778786041046,0.010961085431286755,0.017616643794160027,0.009832011898719885,0.010872645095199385,0.006065236001259105,0.019728428823816393,0.006013406505835846,0.005266295009616151,0.005959594027190262,0.001818023153285602,0.005904033610044935,0.001818023153285601,0.012734485548107584,0.0018180231532856092,-0.0006329600065066371,0.019090713927674384
2020-04-08,0.020284470821546895,0.010341770198586203,0.016189236506131962,0.00939455409355308,0.012215843833922496,-0.004139921988314736,0.00914337647509457,0.014393413547284586,0.00904491892500073,0.017173151499469175,0.008949536345051355,0.018159752581995807,0.008856933862206439,0.01815975258199582,0.007396951567235081,0.018159752581995817,0.013004307975072366,0.003019270932189978
2020-04-13,0.009949125579900313,0.003693695823902665,0.003948144468843827,0.0027054491379173242,0.007714549844875745,-0.0059477733302548295,0.0037510266977415084,0.020188210681893682,0.003719524004771906,0.012345381229442114,0.0036955818512576987,0.0173403109692768,0.0036784679645780138,0.0173403109692768,0.0026930106000745096,0.0173403109692768,0.005208418667929833,-0.008984274450107707
2020-04-14,0.020365220230812716,0.02094180701553337,0.017562365411958263,0.018523229956321132,0.020666184684268875,0.004231064507065664,0.020072701007216448,0.019708298476160787,0.019983492642770218,0.026904245047796625,0.019900688294159887,0.02737167987761371,0.01982358097345133,0.027371679877613728,0.019798682511444822,0.027371679877613728,0.021784390680998633,0.01143202861001967
2020-04-15,-0.00677125187347193,-0.0068988279013593974,-0.0031608592234287683,-0.0075973519876656485,-0.0027584528454339084,0.0063049489925967915,-0.002677099302332145,0.00445394637370799,-0.00262633384282094,1.760025144488227e-05,-0.0025721892046677197,1.94276176459856e-05,-0.0004135476937689124,1.9427617645998612e-05,0.0001720321080842158,-0.006065391480831671,-0.0043675602782297105,-0.00014253349661961552
2020-04-16,0.0032474829006662147,0.00028773355895081194,0.0007465454279695195,0.0006681151795202951,0.0007017157694762415,-0.0018075679055094569,0.0006760003442952559,-0.004843043301438448,0.0006623262878132541,-0.00841346434825071,0.0006482517190248201,-0.008413464348251666,-0.0015194986150011643,-0.0084134643482508,-0.0018304981927929496,-0.006442925748463067,-0.0001234614921733735,0.0012274961643193479
2020-04-17,0.005634446870806765,0.003396554463036228,0.002974911464542001,0.004115100350920591,0.0028859649906011536,-0.0030746668726162004,0.0027985504449314345,0.003512561125518817,0.002746113507834194,-0.0005470337601426404,0.0026887555189983783,-0.000547033760143094,0.003224907578063085,-0.0005470337601426818,0.003100233121082978,-0.008419067414771624,0.0031191433460105874,0.0036418327197121317
2020-04-20,-0.0025509877156468866,-0.0004707463294606161,0.0005279762725127243,-6.66616978044507e-05,0.0005598295702853315,-0.0022969379969285846,0.0005373447913626902,-0.002563676529613109,0.0005189323685539553,-0.003869179032552179,0.0004963068524897656,-0.0038691790325523145,-0.0003004565625768431,-0.003869179032552198,-0.000545754828671088,-0.01618963002291034,-0.005378245971007037,-0.0033389411750495744
2020-04-21,-0.029489902178162997,-0.04489693567385506,-0.037262394515038065,-0.0463466084698412,-0.037279543690547104,-0.028293387488666378,-0.037169453763458156,-0.03879626293452278,-0.037091806241759506,-0.05535343232777064,-0.03700099420507341,-0.05535343232777255,-0.042552626525344174,-0.05535343232777082,-0.042581187562910794,-0.06742572087077034,-0.040532714078261235,-0.0406082471356995
2020-04-22,0.00469953853169384,-0.0025173750602300376,0.002067247609899838,-0.0020230733730473953,0.0023319960802112897,0.009887706915501716,0.002484908521651143,-0.03460898430789122,0.0025694556432748292,-0.00825680477900095,0.00265861055216069,-0.008256804778998525,0.0007477445821742133,-0.00825680477900071,0.0007170924094708272,-0.00443855734845462,-0.0036900740448522268,0.004402715249679071
2020-04-23,0.02071464652159595,0.021255499307909237,0.022140658409163825,0.019819198667645924,0.02177859554178989,0.017813089381686954,0.021673241530134633,-0.009075435778672128,0.021630379166349033,-0.0009894393109296392,0.021593458215399767,-0.0009894393109293903,0.021226298248859903,-0.0009894393109296084,0.020937443384448105,-0.0031045532389817857,0.010422899243490904,0.020353830780049497
2020-04-24,-0.014226209701907862,-0.009443967796018297,-0.010997686840900158,-0.00803214818186742,-0.011003078929223893,-0.018782177409596194,-0.011083795137938765,-0.037922007663925714,-0.011138765734539277,-0.03417611617985694,-0.011202183627450847,-0.034176116179856546,-0.01334065205524209,-0.03417611617985691,-0.013787528258273068,-0.02974991474439675,-0.017355196141540703,-0.01275352054526592
2020-04-27,-0.0020060663783211057,0.0024281354528270624,-0.002218274164506971,0.002021181980824681,-0.0023054969365397175,-0.003530774271936678,-0.0023414284388402007,-0.037313592415299135,-0.002359930058090409,-0.02363436370608721,-0.0023788042281998405,-0.02363436370608564,-0.0014901446441500038,-0.02363436370608705,-0.0013082640797925631,-0.033877913207780615,-0.00962229557416758,-0.0019929431622205795
2020-04-28,0.01549941435400214,-0.007634725517211444,9.129300369332006e-05,-0.007143273627866289,0.00022345029292243114,0.003407107773015326,0.00029689026633732997,0.015693072353555295,0.0003381542042704185,0.024341671842519445,0.0003821594078278123,0.024341671842520285,0.006280111160008157,0.02434167184251954,0.006981297953163062,0.04232043091238738,0.015415294237244389,-6.526914563382549e-05
2020-04-29,-0.0061575994989644875,-0.0029493956525037733,-0.005159873974758585,-0.0028889329943133993,-0.005115560429960644,-0.005948470568274879,-0.0051050514727273705,0.010465964485984514,-0.005102533301697316,0.0033301242059663584,-0.005101791426945583,0.003330124205965593,-0.005875215628975987,0.0033301242059662855,-0.00591387035564858,0.024795056654971052,0.0020517453811705706,-0.00843270861246159
2020-04-30,-0.007658772011588478,-0.01195736069225008,-0.010740269442352412,-0.010775384493589675,-0.010545135338303785,-0.007955880403246128,-0.010508775800494908,-0.0026758325182734645,-0.010498121304045944,0.0012509097014727108,-0.010491737894928889,0.0012509097014727542,-0.00956812858038922,0.001250909701472718,-0.009276033452355562,-0.005648169530428992,-0.005588242596730001,-0.004751274042858746
2020-05-04,-0.015213994678960206,-0.005728058187961051,-0.00908828818383538,-0.006141030849649854,-0.009319430430385788,-0.016568074451156378,-0.00943946195069326,-0.02947847880524348,-0.009503931484407898,-0.03717940096238571,-0.009570929913769205,-0.03717940096238587,-0.010467765947459675,-0.03717940096238573,-0.010951928962620629,-0.033803499160461936,-0.026480296806509124,-0.011200207173944937
2020-05-05,-0.00682960745823097,0.0004263125994599659,-0.0027343695787821216,-0.00038211638798279785,-0.0026063263813463347,0.0020539600483840065,-0.0025544566753485276,0.005463124898584455,-0.002530722530706483,0.0012532320895474716,-0.0025085435173856536,0.0012532320895464902,-0.005566776250103779,0.0012532320895473792,-0.005865060697325585,0.004685288339262708,-0.00088948179039459,-0.005055505579020886
2020-05-06,0.004243721071757531,0.0001517901607747613,0.001836088249132558,0.0010634821364058382,0.001501693356682854,-0.01231898268754246,0.0013529420640477569,-0.019633966536798678,0.0012779302104847846,-0.01761256069207286,0.0012027546632035926,-0.017612560692072732,-0.0017041668670679713,-0.017612560692072843,-0.0022092056827855647,-0.01801710485855591,-0.00846233379184134,-0.0034646026297884616
2020-05-07,0.01700484383843044,0.011640676399138726,0.01813455829524236,0.011718726719019069,0.01828203549402102,0.02440678141495987,0.018408718903532333,0.012050821571693904,0.01848461350776933,0.01105635738543475,0.018567769358310657,0.0110563573854339,0.020452456206432303,0.011056357385434673,0.020856174002689486,0.0152720438028177,0.015934665969939494,0.017889323380362865
2020-05-08,-0.0005814609955492075,0.0018088088481686751,-0.002630580762625281,0.0013044705935193197,-0.002854634860009451,-0.008370295293596352,-0.0029863987475722666,-0.00761935386404877,-0.0030594447468204958,-0.0025335216026714014,-0.0031365480690192116,-0.0025335216026705055,-0.0037774496123403178,-0.0025335216026713134,-0.0039583224586683015,-0.012718112354058715,-0.00296995398095298,-0.002773210939262514
2020-05-11,-0.002016514770741988,0.000549589712797284,-0.0007489862812384489,-0.00016874236263846932,-0.0007291359863577672,0.00446109701308432,-0.0006802136448050901,-0.013500893860586137,-0.0006477760073136073,-0.011721903045199307,-0.00061068815161428,-0.011721903045198795,-0.0009453446513332832,-0.011721903045199253,-0.0010435164430632493,-0.018196969959807515,-0.009123976718269255,0.0043667457484430384
2020-05-12,-0.006192942665749957,-0.003635379322092943,-0.004976135660856055,-0.0038619433904885847,-0.005042456731784352,-0.006293475599696374,-0.005062879923790141,-0.014547672853335747,-0.005071741884898239,-0.01775694879217232,-0.00507981715739329,-0.017756948792172392,-0.006049338693197824,-0.017756948792172326,-0.0062615930551402285,-0.01692336202836977,-0.009880009819199287,-0.005002816502422875
2020-05-13,-0.018514496243669333,-0.014281929747948778,-0.013441030974988152,-0.013600641987361193,-0.013237388136049761,-0.01070254610512433,-0.013162562324045925,-0.06863146378192901,-0.013127868930309455,-0.06312335233352939,-0.013094923293381779,-0.06312335233352873,-0.017949250664442355,-0.06312335233352932,-0.018344815912001215,-0.049572318155021396,-0.030104104496464525,-0.01459356962450898
2020-05-14,-0.004930033753505618,-0.005456094196195172,-0.005376349635956178,-0.005776283129948296,-0.005386930991975391,-0.0037801545161681173,-0.005347736181693594,0.004811129943061011,-0.005319931463149902,0.008280775392009951,-0.005287400720398206,0.008280775392010683,-0.004154986055804234,0.00828077539201002,-0.004065690436005311,0.009629557330057353,-0.002852900287788753,-0.004894691842479422
2020-05-15,0.0024909648488183707,-0.0031803477738012224,0.0009104273498213157,-0.0037774176402827187,-0.002603907047084142,-0.00038820369978671376,-0.002632936139250874,0.02948284745790205,-0.0012340530843757806,0.03176231783457165,-0.0012422712348682892,0.0317623178345716,-0.0012791466574649073,0.03176231783457172,-0.0004630775691846983,0.022858256173622988,0.000997058799899568,-0.00036752888045975084
2020-05-18,0.01442380138187733,-0.0029132669810810405,0.009137013041417308,-0.0016576817060181268,0.004679250026788193,0.004424974483520185,0.004699696173504771,0.0253374511794728,0.008682106274063362,0.006842089116813623,0.008909221641171475,0.0068420891168136265,0.009149729331236114,0.00684208911681363,0.013005118139440129,0.021798141014326252,0.0177473427953852,0.0030277679711915462
2020-05-19,-0.00643841199568995,-0.01027467560076907,-0.0035609457161643225,-0.0110128877825988,-0.008670818838316606,0.0015270207042341294,-0.008570725407398092,-0.01688636573174668,-0.013050785654698183,0.010311221581286356,-0.013202637526976637,0.010311221581286351,-0.013369351664566596,0.010311221581286329,-0.014842241603938836,-0.0050162216905065594,-0.006048378347986364,0.0026738970891632733
2020-05-20,0.004958223541383759,0.010754590676381653,0.004806939448875343,0.010896070966579905,0.008324395854987307,0.0018344936314679497,0.008270558083309577,-0.00848513954557456,0.00740441373778562,-0.012940140697402167,0.007406010265480406,-0.01294014069740216,0.0074115403211301245,-0.012940140697402265,0.007961885714067167,-0.01542901605640065,0.004041797300903901,0.00187530715123241
2020-05-21,-0.005937019451545872,-0.01277406692966297,-0.005943175893714035,-0.01303954073217517,-0.009319311331015764,-0.006110510141133829,-0.009277998715675785,-0.004395643468352159,-0.008726394538079581,-0.002190833025570883,-0.008708606554595674,-0.002190833025570883,-0.008692336103738117,-0.0021908330255708927,-0.01018353236368247,-0.0012030056831654526,-0.00808964678700998,-0.006825877501013076
2020-05-22,0.0014014193394144214,-0.006348076028155191,0.0037663496354382667,-0.006063838121819141,-0.000755981463104837,-0.00248255272368129,-0.0007348802978144809,-0.018902794794580915,-0.0034354029464944663,-0.012930157517590524,-0.003517807408897661,-0.012930157517590524,-0.003609557063007439,-0.012930157517590538,-0.004658919971152004,-0.016462697078861645,-0.006477601476538586,-0.001545819668406174
2020-05-26,0.01217681181423505,0.017452572392145073,0.011311959819084099,0.016986802127496033,0.01223492566877968,0.012670798820335423,0.012155032789566738,0.021413860231706265,0.015327727117200374,0.014740623396098572,0.015415461259628163,0.014740623396098568,0.015514819139849003,0.014740623396098674,0.017226253644086763,0.009297753454438765,0.012045903663384662,0.013038894560668597
2020-05-27,0.006110307336563682,-0.002368039350295506,0.0041758232633208065,-0.001604434367067219,0.0020650643877668465,0.012582171309227145,0.0021739704410039325,0.005562763888012882,0.009091317949995325,-0.010955889175020704,0.009426123220085578,-0.010955889175020694,0.009779378755898807,-0.010955889175020767,0.010491529692595708,-0.01669518437437171,0.0008952493549040368,0.01139870669965558
2020-05-28,0.008428510509443782,0.0015898106538006136,0.008584074891702894,0.00235409592513094,0.006702577416917915,0.006090495299317419,0.006699294340926073,-0.015491883920052966,0.006345662775355635,-0.01713410543996664,0.00625863553811454,-0.01713410543996664,0.00616473445209995,-0.01713410543996663,0.00112118896577628,-0.017974624475213523,-0.003019898229665832,0.003848382559593149
2020-05-29,-0.0013095871256559837,-0.01932681208059932,-0.002747064188232037,-0.018948506269945094,-0.010429442186066635,0.002331773633688983,-0.010238872678499562,0.04189272431221078,-0.005710345305026293,0.04186221109454181,-0.005412607871124064,0.041862211094541815,-0.005103784872178533,0.04186221109454152,-0.004314916805313812,0.024514880949759378,0.007154224217724411,0.0015191204779069333
2020-06-01,0.012327760575240106,0.026294937064189134,0.014813749507440466,0.027771834668433457,0.018851724131374467,0.022331809272503944,0.01852684838686914,0.031288234096917035,0.017599074296417293,0.03150214818850474,0.017446967715072998,0.03150214818850474,0.017289712079332786,0.03150214818850478,0.014805796958627597,0.03896224371918002,0.02558402189889986,0.022552422929394897
2020-06-02,0.0031041897086099522,-0.0015866424770490518,0.00013807775245503352,-0.002478094766304498,-5.312423264032962e-05,-0.008305081443517806,9.274650716777424e-07,-0.005196560783968817,0.00145091662559047,-0.00477853438762993,0.0014867076861141979,-0.004778534387629928,0.0015269026951989307,-0.0047785343876299135,0.0020695448187386485,-0.007954554260853728,-0.0022094801067052165,-0.009625694823387583
2020-06-04,0.022701370743967084,0.00421103392500062,0.019377468885606736,0.004851437324905912,0.010669292598458037,0.01189473519160683,0.010634623116494546,0.04563290585202584,0.016207876090587117,0.012164937386722578,0.016536605816760176,0.012164937386722582,0.01687931842119411,0.012164937386722596,0.02447111290106625,0.04051509636712217,0.03082849050475841,0.01333826657848974
2020-06-05,0.011865750622229467,0.009748576739584094,0.007323376550610907,0.009453472404159637,0.007783817282424013,-0.003794396636768122,0.007700207165667641,0.05237554004274117,0.009648518367328338,0.04505357407069713,0.009866722526846278,0.045053574070697114,0.01010148815428649,0.04505357407069721,0.015821497512445354,0.050006535855132865,0.029126019303789226,-0.004072703721523631
2020-06-08,0.005693504285411655,0.004651820420022571,0.007252084162500279,0.004204355697865857,0.005070084075348819,-0.002836634447499261,0.0050640417550507815,0.03614590434550405,0.004145973016300916,0.03850057350464125,0.004348178555918497,0.03850057350464125,0.0045633583011743355,0.0385005735046412,0.009391444697158365,0.028596173880381246,0.01718141992324103,-0.0001391781758964322
2020-06-09,-0.0017300247230222117,-0.009318096260085512,-0.0017921476638565678,-0.008457044441660143,-0.002764211233733683,0.0074008140962167086,-0.0026957650909959444,-0.039148718406033,-0.005025313121370997,-0.023605871525247877,-0.005185538322067522,-0.023605871525247873,-0.0053604679386786746,-0.023605871525247974,-0.007366624026016229,-0.03554492863520098,-0.013611463238671427,0.00663519310761569
2020-06-10,-0.009698594986572977,-0.007576951249089633,-0.006143863406598175,-0.007329517641342932,-0.00636172928732377,-0.011023204470909981,-0.006425546601045888,-0.016124912269356757,-0.012081147052738973,0.005716183469955071,-0.012433770895157197,0.005716183469955063,-0.012809665109165244,0.005716183469955074,-0.019576890310771037,-0.000886773230402422,-0.012577964123901737,-0.011828778767414772
2020-06-11,-0.037482148032765075,-0.0280732030274314,-0.0305322192016784,-0.02782561291682369,-0.02846359505340448,-0.016493523347453708,-0.028213687560455204,-0.06804230952859859,-0.02978770932758273,-0.07672281294655398,-0.029723090940511197,-0.07672281294655398,-0.029658493758631787,-0.0767228129465539,-0.032757467911004305,-0.06925914819380571,-0.047524830642017415,-0.014290910738321965
2020-06-12,0.011134865949984404,0.005857373171876677,0.01266491821927427,0.006378252165173551,0.008886970678475756,0.009066262035537079,0.008794676241187991,0.0327968716932716,0.007240063149121569,0.03739069408272449,0.007299293485087478,0.03739069408272449,0.00736011060702795,0.03739069408272446,0.008863075834635272,0.02398177336423992,0.018889410522293967,0.010333168247551164
2020-06-16,0.013243837042231924,0.0020592496098746464,0.008917290836892085,0.004129443939272656,0.008817889477877372,0.02331603850594305,0.008896843226449803,-0.013665852794745637,0.005330932075394555,0.004224611376876677,0.005172065054018677,0.004224611376876688,0.0049967159576170695,0.0042246113768764915,0.006768927097486104,-0.00735786805920633,0.008327291468441448,0.021858826365283343
2020-06-17,-0.016262432043848564,-0.007040710286671768,-0.009450005738171124,-0.007367181878607321,-0.009808981570914949,-0.014114300320827689,-0.0098380594750274,0.009822786925847678,-0.012114653366663413,0.005586554255453066,-0.012069355870763611,0.005586554255453052,-0.012023075147180151,0.005586554255453263,-0.016069449316648735,0.010304897814830702,-0.00715450694348928,-0.012636402406908612
2020-06-18,0.0012514530687031049,0.005276196504352975,0.0040124636134557575,0.005050548557786447,0.0032144551831336412,0.0006086041139587719,0.004335356465334232,0.014143233194181279,0.004271711664094741,0.01838693396222929,0.005141841481681675,0.018386933962229228,0.003570428675873328,0.018386933962229002,0.0032059652579185067,0.009646225144111528,0.004448466139286607,0.00018232313959199147
2020-06-19,0.007777564886136325,-0.003822283625617439,0.007622817982355583,-0.0020641119027340446,0.01133440391753044,0.01853191002807399,0.012855653618178566,0.042647449374614774,0.012970255359893216,0.03399114885745278,0.005943886414753027,0.033991148857452316,0.007865440394887076,0.0339911488574513,0.008303201755786912,0.03526570473546667,0.008244046303986445,0.02000145081879829
2020-06-23,-0.004446234153982651,-0.0009159869610405784,-0.010599668025447562,-0.00274438559361529,-0.009890038079100019,-0.016403506965020867,-0.014319886201068843,-0.03275506437600232,-0.014478448379791984,-0.021102272104509268,-0.008512601145489988,-0.021102272104508758,-0.007094630178139588,-0.02110227210450776,-0.007590177958762793,-0.020967046672153208,-0.009111080770523878,-0.017173472098479033
2020-06-24,-0.00906305137604914,-0.0026107839308395237,-0.0083053587006151,-0.0031365853348468324,-0.008791306401687661,-0.003927697277131273,-0.007683269925735467,-0.020524285447094903,-0.0077425535664839805,-0.024929557617838546,-0.005510521240734158,-0.024929557617838684,-0.0052820149111778725,-0.024929557617838848,-0.005484618048403925,-0.016322447247910328,-0.010059595192437851,-0.004929462325879845
2020-06-25,0.0027601892878622945,-0.003957803820498382,-0.00012489777087947734,-0.003574930406050913,-0.003359337424896788,-0.0012320547640983863,-0.00254927684840837,-0.00422644479606724,-0.0024990785513837434,-0.006690911185017621,-0.003892550061729743,-0.006690911185017532,-0.00011169873319400716,-0.00669091118501728,2.7510460612057948e-05,-0.006320981130590815,0.0008436326247957164,-0.0007396752909363466
2020-06-26,-0.01243837957355931,-0.008101883428114836,-0.01201787444728737,-0.008201880694216325,-0.011186854815917772,-0.013853238230980213,-0.011575275345441054,-0.009243176308019293,-0.011556141071863688,-0.01565077620427798,-0.005962478837448753,-0.015650776204278308,-0.006763748508163425,-0.015650776204278922,-0.006725968289120992,-0.009235786688998032,-0.010018991291839967,-0.013733720294201763
2020-06-30,0.004576315367824769,0.0010913698846112486,0.0025164652097189235,0.0012858725766381812,0.0026225913232142796,0.0009361505190092179,0.002809839794959958,-0.005112412976938534,0.0027982370910214754,-0.0063753984817941246,0.002202588540051225,-0.00637539848179413,0.004459033039949889,-0.006375398481794112,0.004434353902575598,-0.008279252796725766,-0.0010863290153399795,0.0008806817469823487
2020-07-01,0.0027799545005225412,0.011267433109921364,0.005648719326499029,0.010967957140210014,0.005929565214119571,0.011815997136723051,0.006459674855114512,-0.005663118086412287,0.006399382838192825,-0.00018272857479820418,0.0060737104236122325,-0.00018272857479765782,0.0036930485149350395,-0.00018272857479640798,0.0034619379530538186,-0.008046026869191324,0.004303951195569792,0.012557472162718453
2020-07-02,0.0009528284361936586,-0.002728758770929026,0.00025148947475650064,-0.002309993784982151,0.0009313564762889936,0.002875642022441392,0.001288543620286235,0.010989547117093873,0.0013786065207426557,-5.705161484568705e-06,0.00016596425283487337,-5.705161484633006e-06,0.0014102460669789673,-5.705161484771252e-06,0.0016992543897733723,0.014619094413839708,0.0036226745187575597,0.0022437895254758602
2020-07-03,0.0007934828750742052,-0.0006790494392001584,0.001187690055230523,-0.0007087906691659613,0.0010898638474963922,-0.003973133255418817,0.001220130745899189,0.004306289521893617,0.0012610828540524446,0.01422150294752106,-0.0002485177033891262,0.014221502947521109,-0.0004224986007006874,0.014221502947521074,-0.00028156878895259255,0.006099320746752275,0.006720347712973449,-0.004308138052651796
2020-07-06,0.010729135332684422,0.006857978979739169,0.01009487798438538,0.007610939943310734,0.010331849253891811,0.010580839576141258,0.009514767676512369,0.019522951773463106,0.009492538418007838,0.011290043791872522,0.011042170980463383,0.011290043791872395,0.010671462213318633,0.011290043791872128,0.010607016528087649,0.02458952507501227,0.007829438924450673,0.013235428688964063
2020-07-07,0.0005026276510696919,-0.00017099254571588607,0.001953263563050501,-4.763135215132949e-05,-5.466232545998429e-05,0.007965750342290611,0.0017174766283734886,0.014772159676183378,0.0017409785605297123,0.017201465980937473,0.0025587644375402807,0.01720146598093733,0.002720518093608376,0.017201465980936945,0.00281011840564246,0.022011158980499712,0.005253412845997186,0.006049281019152098
2020-07-08,0.012061936762823595,0.013016148680817744,0.012835797365577733,0.012582624075313166,0.012843964309168128,0.010605614241359633,0.01511434158388344,0.022873942527223235,0.01523712334856848,0.026527655413778897,0.013074206405652641,0.02652765541377868,0.014798283621654685,0.02652765541377808,0.015222420046676182,0.016118237435083727,0.017502923964678018,0.009971684742783333
2020-07-09,-0.0035176746955417138,1.0460817628572979e-05,-0.0018623640832520284,-7.59891684997647e-05,-0.004577276902851992,-0.001904828366606975,-0.004773854167524635,-0.005904616957842014,-0.004898690296964443,0.0079973800911703,-0.0014700517483468146,0.007997380091170863,-0.003668314479896477,0.007997380091172037,-0.00409557542092767,0.0018052505976409745,-0.0027130003959015235,-0.0020905762122229122
2020-07-10,0.003702190743932479,0.00376690037737551,0.003707395791420884,0.003914526058388335,0.005674269976094952,0.0017264884324113894,0.004517423984464516,-0.005426869904610702,0.00452965800502774,-0.0015536851663555137,0.0037641510591333253,-0.0015536851663553281,0.0027571063105359585,-0.0015536851663548728,0.002785275557947571,-0.011393650505687277,0.0046089564223861295,0.0020465346726175762
2020-07-13,0.0003218425111126825,0.00933271042249126,0.000828855335962852,0.008374836359289267,0.0007461512630181299,-0.0030224357734488744,-0.001902226749598268,-0.009635476243698045,-0.001993073389262233,-0.0022869988056221633,0.004249052664799883,-0.002286998805621964,0.0009587159798129755,-0.002286998805621496,0.0006164854978143882,-0.00643195744890579,0.001130081043722635,-0.002999133177269873
2020-07-14,-4.50626751436064e-06,0.0036703670750611755,-0.0011478709365791973,0.0030670833546772597,0.0018870761748422597,0.0014704245889684585,-0.0024986962039919534,-0.008316168372940604,-0.0025337454953415044,-0.004576717214595242,0.0018474848816637608,-0.004576717214595351,-0.001465223711288468,-0.004576717214595601,-0.0015971982274608945,0.000981762220128697,-0.00014030718485757968,0.001020210989104727
2020-07-15,0.0040640149078614435,0.0034886478911857186,0.004675396639079163,0.003894350403981498,0.003241589404605988,-0.002085031679640686,0.003605217954960548,0.008610844091306651,0.003581756806254034,0.0319516249989211,0.004568481530562317,0.031951624998920784,0.004249223850824669,0.031951624998919945,0.0041508109206264505,0.005346641549965416,0.00880063492757396,-0.0008543852016667638
2020-07-16,0.006706626830537484,0.0032359745651624116,0.006620278534435337,0.003410042056541087,0.007643468973224614,0.003919596943760402,0.007707963483585978,0.011550242561226137,0.007746527570148586,-0.008429668137816912,0.005899516129225115,-0.008429668137816915,0.006128952088775857,-0.008429668137816917,0.006283751939130842,0.013320800537728557,0.0032862414867995864,0.002913285390374851
2020-07-17,0.0050143140899548974,-0.002956287728245319,0.003283389531210423,-0.002144762349428041,0.004461993515510785,0.0035992444819967426,0.0011035268489437123,-0.004927872675422476,0.0010123806988448546,0.00810511856693456,-3.5510079736860226e-05,0.00810511856693463,-0.0018241128985141,0.008105118566934773,-0.002110916809352141,0.0009064587049837283,0.0045457255314355505,0.003262758863897205
2020-07-21,0.005204933702752104,0.0038467874984611534,0.0043541009556355825,0.0036120032806939394,0.004169470533948563,0.0012487809016574127,0.004459526890957453,0.02865946757150995,0.004495372819644971,0.040466422368266135,0.0033026124760502555,0.04046642236826553,0.004524921059320601,0.040466422368264025,0.004657204269348243,0.024996728261862843,0.012174163135299896,0.0013474493236884245
2020-07-22,-0.0017060757484321566,0.0038600239964758495,3.098474660168701e-05,0.003251606425856828,0.0003655583911512426,-0.0008078329697397317,0.00020954051486152692,0.004875472006185915,0.0019023239121385715,-0.0004924759089455028,0.0021305566485396834,-0.0004924759089454645,0.0019341056389870618,-0.0004924759089454342,0.0031367520086377962,0.008206873634068633,7.146990312139793e-05,0.002641897068972801
2020-07-23,0.008361245658763334,0.009417428322760886,0.008400593534245084,0.009422967322696893,0.008169046038418778,7.566045208372784e-05,0.00803088455809653,0.027044893983183424,0.007903408794135954,0.026821385001988503,0.007832326050435936,0.02682138500198856,0.007756419748047811,0.026821385001988562,0.008213105195972646,0.025566216979359166,0.01361452080420622,0.004025026606671854
2020-07-24,-0.011560897260024027,-0.015344117183881716,-0.011686785664365106,-0.015199992823168902,-0.01165425703864889,-0.005935507434215302,-0.011568550568854311,-0.010196207226854387,-0.011822887397126256,-0.008163487612745062,-0.011765828188556537,-0.008163487612745057,-0.01170115332428882,-0.00816348761274506,-0.010965328455367584,-0.014213954586041565,-0.010107899329097465,-0.016860298110773716
2020-07-27,0.016705609578504102,0.024760213101352655,0.016141823267228385,0.02367498020652772,0.01636678388795221,0.011163053707990653,0.016296927995329637,-0.008930796534602643,0.015545625921539784,-0.006679143803381003,0.015465636342744383,-0.006679143803380948,0.015369128597430228,-0.006679143803380953,0.018109846791307824,-0.007076116630210248,0.004658196086688481,0.03468454495622059
2020-07-28,-0.0069732339156756105,-0.008250872104723524,-0.007017996671914495,-0.008280936076410473,-0.006959841612769778,-0.009344513776379655,-0.006941861564812836,-0.013861353486053447,-0.007653107353055744,-0.009954844017475222,-0.007646316419247999,-0.009954844017475227,-0.007641846759074123,-0.009954844017475229,-0.008774914005472676,-0.006854237638574381,-0.007553819564096903,-0.007539757448496417
2020-07-29,-0.0016241094762230747,-0.003378050191930979,-0.003224971975549716,-0.003108539376891482,-0.0031775817988686068,0.0006882653290886062,-0.003120702307165182,0.004223066980706203,-0.002423847619716535,-0.0008676059783678423,-0.0023923228184922493,-0.0008676059783678244,-0.002353735004118036,-0.0008676059783678163,0.000740354128671396,-0.002568528248969465,0.001444722225270102,-0.006535972957246229
2020-07-30,-0.005086353189057247,-0.003133766487292284,-0.004752692716638152,-0.0026163742742460402,-0.0047101894425983035,0.0007665311442900499,-0.0047121294723388675,-0.006065920393958357,-0.002574578870547216,-0.0043442503388912744,-0.002571757091115138,-0.004344250338891267,-0.002571023587041936,-0.004344250338891263,-0.002167663736491944,-0.012443692925016323,-0.005541571651349811,0.0029182983936977356
2020-07-31,-0.03425176315145727,-0.03978023330994035,-0.04052705308115353,-0.03919865094932519,-0.04099394010763023,-0.03313989878890191,-0.04107003156890307,-0.07414719795307514,-0.036222831275296206,-0.0740618256822781,-0.03621475650243533,-0.07406182568227826,-0.036189955302865486,-0.07406182568227829,-0.02827856487967817,-0.039594582976651145,-0.04334586509594679,-0.051813519429109736
2020-08-03,0.0034113541265473352,0.0038906055112424742,0.006408921044831804,0.003847312961684396,0.006589934588720579,0.006479281319607998,0.006698299035892757,0.03848347015917291,0.0039596137111870735,0.04138827891605589,0.004007541826058546,0.041388278916055996,0.004056617766248547,0.041388278916056,-0.0015894387021462624,0.015447763792442904,0.012600764608072967,0.008684845104994331
2020-08-04,0.006010389173418906,-0.0003871309444481308,0.004890805500866953,0.0007326828809228824,0.005023808098306337,0.006665960348476759,0.005059196586532677,-0.016047969658576255,0.002453990341297673,-0.013769201845718454,0.0024547701743546763,-0.013769201845718492,0.0024541733947070015,-0.013769201845718492,0.0012032596804638063,-0.019476955081791612,-0.0034831660534469146,0.005409670875683121
2020-08-05,0.006144377186519718,0.005100765643404828,0.007629472442001588,0.0053588314269027,0.007641278123969386,0.006546716548930653,0.007624018298295893,0.01647514196347557,0.006428105683474027,0.016753820000990946,0.00641559169400256,0.01675382000099095,0.006398628407525198,0.016753820000990946,0.005226444504133693,0.020113556136256434,0.010505353239507648,0.008463984783425199
2020-08-06,0.00742206811442709,0.009697312212730796,0.009194851695102268,0.009385083203446488,0.009012284686334611,0.009256261400625356,0.008963991440631133,0.023572697074705527,0.010702828110228818,0.021789993728997974,0.01069938517577691,0.0217899937289981,0.010697120373675251,0.021789993728998095,0.007635965604950828,0.022915008198096713,0.008044169307699621,0.005645941674557103
2020-08-10,-0.009317110849284826,-0.0036869854209113356,-0.00873439516472723,-0.00551554202401794,-0.008863957073550775,-0.018483534625173343,-0.008927383455668993,-0.009494039879795803,-0.009580857054325015,-0.00478472011994063,-0.009620935910559349,-0.0047847201199406435,-0.009659205769843866,-0.00478472011994065,-0.007748354044575873,-0.0014684861548413762,-0.003863113519406917,-0.016539899115571098
2020-08-11,0.0010282224323881223,-0.0016081329448341991,0.0007123775260930341,-0.0007485658121914114,0.0006896178338490384,0.004108624772428653,0.0006904644607035131,0.003005486833522777,0.0017719876677631955,0.0038710314731411908,0.0017817007441825793,0.00387103147314126,0.0017920901493771234,0.003871031473141259,-0.0004485205522201499,-0.002932303539125216,-0.002854159417074564,0.00041716440972050083
2020-08-12,0.008688094065001387,0.007310507489797503,0.008347617965131364,0.007138825167947929,0.008418590889321769,0.003889343855035966,0.008390613824878164,-0.0011553631431791716,0.005441289804370314,0.005419229464103213,0.00540180512070756,0.005419229464103215,0.005356938872780631,0.0054192294641032075,0.0051848745815754145,0.0045699743824366,0.005252727327025494,0.009372858256114861
2020-08-13,0.003721463964938359,0.0029343323886795295,0.003768664214856345,0.003135605999574052,0.003921708881772896,0.012679893750563779,0.004011214027824941,0.007241346729577115,0.0058961425471676845,0.004962846308541313,0.0059559575914205805,0.004962846308541313,0.006015898454877301,0.004962846308541316,0.006961127313939382,0.013982467708078183,0.005575784181211475,0.009540202753876195
2020-08-14,0.0030218560788398373,-0.0006054105322159462,0.003600517984179817,-7.019758998176909e-05,0.0038129721781147018,0.007572021850236746,0.00388403649439549,-0.006250215307342595,0.0029352555936743583,-0.0011507425776439326,0.00296081217671807,-0.0011507425776439136,0.002985212448540009,-0.0011507425776439188,0.0023433859204813404,0.002332256408354057,0.0008505483711250139,0.00296827726253716
2020-08-18,0.00753313195627962,-0.003967004581238024,0.00873672642979079,-0.0029423800450968977,0.008760140006814483,0.013965569721804306,0.008818979201953117,0.018854488642099067,0.004632614988048482,0.017767182040208752,0.004673250850672399,0.017767182040208832,0.004712926061661619,0.01776718204020883,0.004704993127966135,0.024475949753790045,0.009528178419843835,0.0016685300656855274
2020-08-19,-0.0006675907287206017,0.005152510834216131,-0.002020551322664771,0.004770661698744187,-0.0021860172253985793,-0.009396776529361254,-0.002306240465955208,0.016669366378015707,-0.000597648149619641,0.018132459322047885,-0.0006614803246085669,0.018132459322047937,-0.0007310077856843107,0.01813245932204794,-0.0021435526549744054,0.014482845463976355,0.0045316601815448216,0.0049665487502920675
2020-08-20,0.006996934937048848,0.00670213041343245,0.0074674266972867154,0.006909111893501656,0.007432891907877423,0.009338817481164385,0.007411068350626113,0.018372392808698595,0.008015081315262027,0.016181921727619536,0.00800958462828201,0.016181921727619564,0.008001944014216571,0.016181921727619564,0.008899005995533234,0.01479580417155242,0.0103826345758904,0.009948681055580704
2020-08-21,0.00856331186896991,0.011205248906161357,0.009781344591827978,0.01059201219819755,0.009963650057838542,0.01330536563988615,0.010021942638132228,0.014490101313050252,0.011136779168495044,0.013452551591541122,0.011160558235885916,0.013452551591541106,0.011184530187271922,0.013452551591541106,0.009641944219821216,0.018916969903187076,0.009893906010929283,0.010318700133348813
2020-08-25,0.03367723471731731,0.02015552181250616,0.03111105714665927,0.020399638143433405,0.028483749915525543,0.023924720871475347,0.024782800315775337,0.08307968952662498,0.024961039728652972,0.0794400044284522,0.02878655942541131,0.0794400044284522,0.028827980720769728,0.07944000442845217,0.02919249080314978,0.05806705313391104,0.040145233022519176,0.013148499214656006
2020-08-26,-0.004497146940072516,0.007237882936554271,-0.001200448275534956,0.007068434471925596,-0.0026468811201164756,0.000987358208668428,0.004389553449824533,0.0025693697786664683,0.00438876185333704,0.0055768963619433195,0.0036764251038253993,0.005576896361943287,0.0036860765329406932,0.005576896361943331,0.0037342690327156047,0.00361667359781568,0.0015772162858499104,-0.0017026140988609193
2020-08-27,-0.0012491174140233379,0.006347532267043818,0.0017843131700843182,0.005561713229932934,0.00023664454732773375,-0.0016581366575134622,0.0033628138795882504,-0.003989624372363467,0.003383097037247404,-0.0027854141071411978,0.0015853332313172826,-0.002785414107141198,0.0015950676570493142,-0.0027854141071411874,0.0016382614339539513,-0.0013531211497268207,-0.0007212545849618549,0.00521553437000208
2020-08-28,0.005002113319918207,0.015986023716894344,0.003611703253256388,0.014654084185926869,0.004133724088535403,0.004343605203470915,0.008470484249569482,0.002962690356365802,0.008463129582621574,-0.0026312626676529643,0.009169835770678893,-0.002631262667652933,0.009121946239778161,-0.0026312626676529838,0.00899219973990963,-0.005963363513954628,0.0043943370526750136,0.0031377587041182715
2020-08-31,-0.0025839376796740208,0.0017782156187436116,-0.00407540289175597,0.0013739370790513245,-0.004256845450367657,-0.010396348927998367,-0.002971423280579863,0.0016211193925521295,-0.0030275164611257444,0.002639994862248537,-0.003338897536252544,0.0026399948622484845,-0.0034293359502141534,0.002639994862248553,-0.003699050611114441,0.0008607126871011099,-0.00389527908334716,-0.01367229223151052
2020-09-01,0.018037279291736593,0.013303856369997535,0.017596079414339105,0.012733984563488301,0.01686499328032351,0.021998768691316156,0.016297318557251726,0.036254366512763585,0.01635351450879795,0.032274944256046094,0.02048441504322447,0.03227494425604613,0.020682442426640593,0.03227494425604608,0.021318137982188463,0.04077044140235284,0.026390116983572992,0.021791787679338367
2020-09-02,0.003515895590070605,0.012679445951902218,0.008812813454460167,0.011797646351561254,0.006169148565945569,0.0022246083707268484,0.009340517738799282,0.01328089290289882,0.009307600403552621,0.01454183995123341,0.004178153190512289,0.014541839951233426,0.004071657170172334,0.014541839951233407,0.003739048073909291,0.013387731786014863,0.008495912025619216,0.00414774449942253
2020-09-03,-0.0001547723472045356,0.009292071990811841,-0.00352241802688231,0.00824502243235236,-0.0024162147872190563,-0.004828392601487114,0.0004935692635708094,-0.01976021872855738,0.00046952621035732016,-0.018736858961169302,0.0033454198439655824,-0.018736858961169292,0.003252685922085028,-0.018736858961169302,0.002975834118616418,-0.02205144393005675,-0.00800275528365163,-0.0016037442728655382
2020-09-04,-0.013825204413274329,-0.01376003945836888,-0.012804870132132181,-0.013922949950916516,-0.01444207648902629,-0.019844519168786944,-0.013887750935901605,0.002147794447649045,-0.013910785313515812,0.007407479866492945,-0.012828186690453977,0.007407479866492909,-0.012721367514172193,0.007407479866492959,-0.012384438927642285,0.008072093981796872,-0.004812493005761654,-0.02098796733688103
2020-09-07,-0.0009017637199444321,-0.0009938132724013752,-0.000669060913938982,-0.001243895853710086,-0.0009654103869781746,0.0024933015757451545,-0.0006688289990541255,-0.0006999615496852706,-0.0006464115446469064,0.00016092551500829062,-0.00041736544332800793,0.0001609255150082958,-0.0003783897639494571,0.00016092551500829013,-0.0002543135077243911,0.0029295255853571565,0.0018349198239193492,0.001760148369087835
2020-09-08,-0.004222109820515491,0.012021522881844389,-0.0023958513183796938,0.01072195260803676,-0.003128398801191155,0.0002881680695733394,0.0036677915341870233,0.0036181550297221974,0.0036784951480985624,7.34300076345107e-05,0.003189061212658738,7.343000763452824e-05,0.0031189370773397444,7.343000763449138e-05,0.0029152605672219953,-0.0037771616999897383,-0.0022147876509436707,0.004384642259129671
2020-09-09,-0.0007891019288747899,0.0185735564398529,0.0008617324030354182,0.016845700180542093,0.0004810790749383247,0.002257557481264625,0.009033812818116225,0.01950077391766121,0.009039913711994217,0.020597296101002693,0.0075835709697091485,0.0205972961010027,0.007580962799629807,0.0205972961010027,0.0076128424127792985,0.021099988652366276,0.01384650527910811,0.00015055668347983787
2020-09-10,-0.005329494581542978,-0.00873711716602091,-0.003897066714002351,-0.00785024242829494,-0.0054437902621773,-0.004742868510471764,-0.006392407255159161,-0.019365704940958312,-0.006400398877490842,-0.021683127620529583,-0.007752796147218367,-0.02168312762052956,-0.007879156610022867,-0.02168312762052959,-0.008295661900661352,-0.023715863043227835,-0.014361519548360097,-0.000887705114142013
2020-09-11,-0.0015527087124541559,-0.0012810414319789762,-0.001996521447324603,-0.0012659747108671082,-0.0015115387291291628,-0.0056567719386512805,-0.0016118582358141636,-0.008263031897021877,-0.0016200248324746347,-0.005381660540334116,-0.0033821528002883055,-0.005381660540334122,-0.003462746088130275,-0.005381660540334106,-0.0037177711651646453,-0.004149711586362039,-0.002072234883308858,-0.0037389038268847738
2020-09-14,-0.0031476486654437906,-0.0001459205408277989,-0.003444285784713283,-0.0001435483991343887,-0.002240285177185689,-0.00364458411929305,-0.0021614232813858022,-0.014516486924081256,-0.002190931560007994,-0.012115533952035563,-0.0032740266082927883,-0.012115533952035564,-0.003394107406646991,-0.012115533952035564,-0.0037678436915323057,-0.019051334714838792,-0.008609376072062074,-0.004260737421023715
2020-09-15,-0.0032720684222911933,-0.012584157147890582,-0.006844735109312672,-0.01171405011525146,-0.004419933361216114,-0.0017229577693821053,-0.008998848726133076,-0.0226731930081836,-0.008968443653095792,-0.02574927785883223,-0.006967304662896651,-0.025749277858832204,-0.006916551960499486,-0.02574927785883224,-0.0067764865965838595,-0.02298484514698443,-0.011018018245803552,-0.00038464464422232985
2020-09-16,0.0028463291474101755,0.005155537949150438,0.003349338678564396,0.0052185316431011975,0.002715845826573546,-0.002081856126599575,0.002998337572894023,-0.006265699159755964,0.002982323149143553,-0.004359658765261143,0.0027168828708382035,-0.004359658765261124,0.002707325491360457,-0.004359658765261131,0.0026707800487911085,-0.002424037722599146,0.0023961891746490226,0.00320278345220378
2020-09-17,-0.002683000412342067,-0.008099521091909598,-0.0032449332437726034,-0.0075720753932180035,-0.002066114730532925,0.0005432116331805696,-0.004049698973557755,-0.01568476463619015,-0.004044693625618623,-0.023416909471938755,-0.0048784969860824505,-0.02341690947193871,-0.004888082899318094,-0.023416909471938762,-0.004923962180217631,-0.011375718415780377,-0.0078110878325218965,-0.0038274183720234957
2020-09-18,0.006404976407337408,0.008144187737783158,0.0049414194599949664,0.008418329162266099,0.006283549196300972,0.007865515987118963,0.005628640745785981,0.01842925079108747,0.005648425291827958,0.021538958434815503,0.006417661164349034,0.021538958434815448,0.0064814233318470135,0.02153895843481551,0.0066810722526683495,0.014609469866656687,0.011051398443478829,0.011350915505358633
2020-09-21,0.0037453706646216538,0.0015408263301135876,0.008344462228403801,0.002603382773967799,0.004716005265167157,0.006515604045284241,0.007220952755303633,0.013593545649900049,0.00720755354816924,0.015013976053000646,0.004918017983241166,0.015013976053000658,0.004780042581043819,0.015013976053000628,0.004335412748949243,-3.583862559303494e-05,0.00201900386558358,0.006105075880791735
2020-09-22,-0.00714633267330219,-0.007674667668553363,-0.006377345737137288,-0.008480309500280551,-0.006897276274983511,-0.005712271070220022,-0.008398447840228437,0.004051056722337813,-0.00839358174125453,0.003329702290916881,-0.01036843068727339,0.003329702290916872,-0.010384117880357892,0.0033297022909168717,-0.010428295808849984,-0.00640767143267589,-0.00743316898503247,-0.007158025447878894
2020-09-23,-0.004632290387543466,-0.0003580647964182979,-0.004814827778214972,-0.0013270436068298806,-0.0018785498852228143,-0.004444464327425218,-0.0016466629246308833,-0.01975411976500627,-0.0016361258751947528,-0.020141288033770407,-0.00282391346696509,-0.01789385913038127,-0.0027545451501885445,-0.017893859130381457,-0.0025373508755000833,-0.02048665642676798,-0.00710292991882422,-0.002906121719564679
2020-09-24,0.00898085009715246,0.007505050322275353,0.006784887401457178,0.007282064600457304,0.007224481800137983,0.005853893518680353,0.007183502127364178,-0.017263701308552353,0.007164390605856599,-0.017263701308552433,0.00699814555859178,-0.02286164107169225,0.006963038058914969,-0.02286164107169294,0.006862021514628722,-0.01476048615130261,-0.0018468384772880782,0.005387200303063198
2020-09-25,-0.00826180878521367,-0.009256786676544662,-0.01037815010389219,-0.009091583138509586,-0.008473760396263245,-0.00510931783141161,-0.008404838388177557,0.003059791537596344,-0.008364602461471207,0.0030597915375964913,-0.005355240269065674,0.014781780554857758,-0.005259042986013319,0.014781780554858823,-0.004963138874857461,0.0038061522448247127,-0.004600925563451708,-0.006818233634949401
2020-09-28,0.00366222490775389,0.0016740442895308697,0.004763552657072891,0.003031381036323144,0.002488305298071225,0.0024550460516112524,0.0024403676767293784,0.012406370527327168,0.002413879605193833,0.012406370527327081,0.0033413268701707848,0.0035481344206108292,0.003243265377709124,0.0035481344206100933,0.002934734723309066,0.009125663153917198,0.00696425386797698,-0.0011374853642932953
2020-09-29,-0.0005165777781082738,0.0002514265849372101,-0.0021379942472402793,-0.00045129609677497184,-0.0007866264213023666,-0.006502671090183431,-0.0008244557176176534,-0.0029729362507018124,-0.0008513933586941024,-0.0029729362507018658,-0.0036947952756967543,-0.003607986637373183,-0.003767113829112982,-0.0036079866373731635,-0.003997805700336564,-0.005167337098121765,-0.005707538398170484,-0.0011007217504998578
2020-09-30,0.006554221681800707,0.006728194246377774,0.006955297151747038,0.007018657749192582,0.007717279308159109,0.005220877280364233,0.007696008172468292,0.03439409125704475,0.007685550190776573,0.03439409125704464,0.006605966862866054,0.018951311460061317,0.00659194235265373,0.018951311460059607,0.006554279910981706,0.009160361947891424,0.01101614122475139,0.004213312227647807
2020-10-01,-0.01394563343917701,-0.012025001882398089,-0.01565594585539819,-0.012328907382942313,-0.01177388772996297,-0.003765361978063186,-0.011754908929239326,-0.013972699022240942,-0.011734000959577358,-0.013972699022240897,-0.011910496373341356,-0.002862203387980452,-0.011803443470031254,-0.0028622033879786373,-0.011453691738649085,0.006028714650193462,-0.010638961630349731,-0.015793277409684694
2020-10-02,0.0009811108186748526,0.0013079306445855827,0.003395672297141511,0.0023898020260619806,0.0014947556630752886,6.954730796449992e-05,0.0014315736583977228,-0.005989163023334917,0.0013950443368563842,-0.005989163023334939,0.004319027260428316,-0.010802869921269179,0.004315775660171051,-0.010802869921269822,0.004300115488145055,-0.010002818620247782,-0.00026113288768066093,-0.0014859198532579732
2020-10-05,0.004508362972477315,0.005103019715688485,0.005134141661285398,0.0036497893915727704,0.004929535287576655,-0.00012444909419192032,0.004860563961386083,0.004158600121178015,0.004814141004344727,0.0041586001211780365,-0.0020209043115742014,0.009070877701145875,-0.002046969752744052,0.00907087770114613,-0.00212677577109741,0.008274129833899364,0.007739102038693108,0.001618840837113181
2020-10-06,-0.00045306009967584633,-0.002434361595457719,-0.0010324526897725964,-0.00181255007937267,-0.0013911211076709242,-0.001173229542181233,-0.0013989422153961799,-0.002859831522718797,-0.0014058624893637994,-0.002859831522718788,-0.00011607309048417697,-0.00482936779234847,-0.00011921964110145323,-0.004829367792348931,-0.0001343622505376908,-0.0071556414657816874,-0.0026859652901883237,-0.0010756257212542455
2020-10-07,0.0048876183205561665,0.002258125935827337,0.00476105505551181,0.0017158061228619368,0.0038829833378403664,0.010386519404339635,0.0040351865656028715,-0.0013575794836497232,0.004123933498369513,-0.0013575794836496848,0.004185029542793995,-0.001725969782519527,0.004256831446825309,-0.0017259697825196352,0.004489648573936516,-0.0016363824466869882,0.0007736761677838991,0.01468387997757882
2020-10-08,0.0003970383192518296,0.0005202981710845635,0.00039098567513718964,0.00046945225523746585,0.00035342854023077014,0.0,0.0003494278739570734,0.005526279391584085,0.0003478911232648173,0.005526279391584058,0.00035104557653999275,0.0035318210671478863,0.0003476722979816548,0.0035318210671476955,0.00033824225690506666,0.002534591904929821,0.0011709826733385324,0.0
2020-10-09,0.00694256358202471,0.009677232857835047,0.0077606688171433635,0.009707952987909309,0.007816529974536142,0.015102051388721126,0.007969038422907611,0.005805740184299981,0.00805957373570682,0.0058057401843000355,0.013718758490072928,0.007016491113518831,0.013773739339917155,0.007016491113519012,0.01394229987430359,0.004110452296825707,0.006526587032730569,0.02240459435123247
2020-10-13,-0.006931667093594544,-0.004082088352469561,-0.00710178932995269,-0.004117136371440776,-0.004889736788718621,-0.003625665420429537,-0.004872823745139194,-0.028862647568970487,-0.0048574942406893525,-0.02886264756897043,-0.005555344470481075,-0.026281243660350118,-0.005674466146824441,-0.0262812436603502,-0.0060409820150362364,-0.021353994990484796,-0.012333489460540402,-0.005548412556565176
2020-10-14,-0.004044729366946177,-0.00014908212470984546,-0.0027906292101280757,0.00022317610507377288,-0.0011623261544942334,0.0018519652260619893,-0.0010971916169289836,0.005689952769950884,-0.0010531500729459324,0.005689952769950894,0.002926236410898019,0.007089294386851435,0.002964632504274981,0.007089294386851879,0.0030879577383526504,0.008406931789105909,-0.001464208735581384,0.0022938249593904905
2020-10-15,0.009232542858204176,0.0032293753022062336,0.005312161916522757,0.00193136533945541,0.004019106520308076,-0.0019623421493173733,0.00403009272676115,-0.008851077140174194,0.0040138268339022665,-0.008851077140174178,-0.001962159488334961,-0.003973022220114926,-0.0020138090533719805,-0.003973022220114304,-0.0021994711134816387,-0.0006885981333841389,-0.00041756340742881044,0.01126363831015048
2020-10-16,0.007194525627340762,0.010698912268162645,0.007902938520452795,0.01083448418192757,0.009414886937685125,0.00604562594184441,0.009364351772831112,0.007194641515179338,0.009341338983195616,0.007194641515179312,0.010690474976308883,0.004824302366283254,0.010672575080172868,0.00482430236628297,0.010621707469834077,0.003910449496287853,0.005233466437137396,0.004445825955282997
2020-10-19,-0.0029492487288505483,0.0011822552998636453,-0.0022580718603815468,0.00040751826893276706,-0.001173623929757878,-0.005925053792079537,-0.001155063080903622,-0.012937530019457088,-0.0011457705848659,-0.012937530019457045,0.0013532737309749424,-0.009259379040136646,0.0015015003134656096,-0.00925937904013611,0.001960298103342307,-0.0042635940640496145,-0.002135275785951802,0.001707551561743376
2020-10-20,0.011235858385243635,0.007813744611815606,0.011223896339617217,0.007350555968009326,0.010477505121238222,0.004783655182999639,0.010379868608228062,0.011882501009647908,0.010313360023945436,0.011882501009647864,0.004454723313148464,0.011647988947986816,0.004511620627625588,0.011647988947986838,0.004684850674939795,0.007071481027876627,0.011403822576619734,0.0014489956444614697
2020-10-21,-0.005290933098936528,-0.0013766172868870958,-0.007946016190904646,-0.0018157334630773802,-0.003990526109406154,-0.005693865136357791,-0.003981213519738633,-0.01078271789063609,-0.0039725503041561664,-0.010782717890636088,-0.0035768984293729736,-0.011038870502191302,-0.0035961268613275586,-0.011038870502191303,-0.0036544178741208747,-0.00516099673469936,-0.007118435610981546,-0.0028361694419631774
2020-10-22,0.0018258934717479383,-0.0020900955459137644,0.0034141018867432727,-0.0014730278735261163,0.000914210832196474,0.005413865309224818,0.000923493695322274,0.004743387926310975,0.0009235315713503445,0.004743387926310964,-0.0005602220908316464,0.004968142758754804,-0.000648696376949561,0.004968142758754966,-0.0009321645009169415,0.005412735944059542,0.000691540797464036,0.0011820254407123192
2020-10-23,-0.0005522723469988036,-0.00033527255602496664,-0.0007024466573834772,-2.434129433878028e-05,-0.0003677972511144729,3.0467149167500676e-05,-0.0003825429826909894,0.004811699314822314,-0.0003945151251922614,0.004811699314822305,0.001114345911563465,0.000536353214696764,0.0011780138833435427,0.000536353214694669,0.0013699122113601614,0.00015214384952109037,0.0033673642060370822,-9.393826105958845e-05
2020-10-26,-0.010815091572554714,-0.002612805958758204,-0.010865427755913041,-0.002907674096287928,-0.005717892837644021,-0.0009088701949593685,-0.00567370083626464,-0.009069094915981995,-0.005623454436566755,-0.009069094915981981,-0.0010482751269209932,-0.005150404363576454,-0.0009290423843011063,-0.0051504043635747995,-0.0005201041610350208,-0.002526402036916561,-0.0035612902239182853,-0.002580988485468232
2020-10-27,-0.01029513818630868,-0.008702563437960309,-0.010305309557262202,-0.008707423321856308,-0.008769775178502226,-0.01145470682333389,-0.008825732941504435,-0.016014790844616364,-0.008850852613294392,-0.016014790844616364,-0.011690523503689047,-0.015590105147711369,-0.011763693195997672,-0.015590105147711942,-0.011978414993237346,-0.012942526699019494,-0.010303095482862117,-0.0127339808031553
2020-10-28,-0.006896894928290667,-0.0030596348844052082,-0.006906124036666068,-0.0039342462809192095,-0.0056790576668858134,-0.017108117604923683,-0.00578437081749541,-0.07009639793569097,-0.0058450836305843825,-0.070096397935691,-0.012778770977559525,-0.0714307255744066,-0.013023298606865196,-0.07143072557440718,-0.01378759741636337,-0.06123229668907105,-0.030734397729221895,-0.016775917240823737
2020-10-29,0.013996172234110881,0.021648061139457372,0.013835270034836183,0.019916108201568306,0.014018312594008313,-0.001197799181727548,0.014004251202074033,0.052135667798437334,0.014000252467623011,0.05213566779843737,0.01488413601452757,0.049288960536045576,0.01478361799230711,0.04928896053604225,0.014462181581540976,0.021873168514705114,0.017437384327428633,0.0016432172178562792
2020-10-30,-0.026983542978028796,-0.06024468793333266,-0.027001219863373907,-0.05742090739565571,-0.04016192070642363,-0.011935133252889422,-0.03996811332691767,0.021029788100354413,-0.03987574769568585,0.0210297881003544,-0.034698571559580865,0.029075556824190534,-0.03431094736370659,0.02907555682419694,-0.03310960733765193,0.03235918870667516,-0.008189939434652299,-0.016106429446099784
2020-11-03,0.013222585757408926,0.0032159880649396304,0.013217125296627025,0.004114327060985058,0.0068554921209166425,0.010985978561988106,0.006866487594731376,0.014074222622094424,0.006851078293181177,0.014074222622094424,0.009252038435388585,0.011272895250162313,0.009293620303562254,0.011272895250161183,0.009387525363386552,0.012351205212764043,0.01046030076842654,0.01300312025050644
2020-11-04,0.0028730401890971493,-0.000640303322741459,0.0028810701659641945,0.00034411872875916415,0.0026757192047204424,0.0034653069406632066,0.0026779509478521988,0.008626889699226712,0.002677946159981193,0.008626889699226694,0.002854378245620783,0.008513074881870837,0.0028511814340834774,0.008513074881871665,0.0028389148381167922,0.004155396898759484,0.0031004072384006407,0.0025716131855717693
2020-11-05,0.005299310997683632,0.003756432054455876,0.00528372083944261,0.0030946329867439443,0.004188684882465319,0.00015320982635063925,0.0041717368507960305,0.011651527766694657,0.004160982273836186,0.011651527766694644,0.001969730210153559,0.006989855449410202,0.002006237499323488,0.006989855449408485,0.002125427035722067,0.01002354137967615,0.005061345179999535,7.227264181268944e-05
2020-11-09,0.030133865306143218,0.02914437183553168,0.030184458040488922,0.028951229455910218,0.03010839932006855,0.04055633919599747,0.030318730714361565,0.04054380658333555,0.030438926355206355,0.04054380658333556,0.03523634880558808,0.040252623591303514,0.03542446187853229,0.04025262359130364,0.03601020302807356,0.0448096065787126,0.03482565640330829,0.04154400083152779
2020-11-10,-0.003091924235031667,-0.004915093518521357,-0.003074787861924336,-0.004887584570903738,-0.0029606049909518275,-0.0035025760048804245,-0.0028580266052601203,-0.009977954337255245,-0.0027997230682203955,-0.009977954337255235,-0.0019206910003400964,-0.005845424764267455,-0.0018608737234252,-0.005845424764266443,-0.001676193905647935,-0.007285226616041066,-0.0019795712530535667,-0.004378655742909278
2020-11-11,0.004841671897655953,0.005027027607726897,0.004840529565192456,0.005716489344585471,0.005897481255349387,0.002683919084188305,0.0058089831895245395,0.01434717952200522,0.005759309114651273,0.014347179522005232,0.0047766036147370025,0.01700704931379298,0.0047168153295037195,0.017007049313793734,0.004531362009100761,0.010609504306532538,0.00808645077927862,0.001945277991149214
2020-11-12,-0.004321525840479281,-0.0021189293358483373,-0.0042225763374702414,-0.00225824107677407,-0.0033869759298550315,-0.0035216845572345274,-0.0033190388786227937,-0.011336654789660738,-0.003287164463961352,-0.011336654789660727,-0.00416471076720655,-0.007140800957374534,-0.004188606216456916,-0.0071408009573730915,-0.004276990363431382,-0.006281136225214351,-0.007794198290055978,-0.0029791345427741165
2020-11-13,-0.0044970710542401055,-0.0008412783030849182,-0.004535540846122526,-0.0013201253865246182,-0.004320979946052878,-0.0049832338865098795,-0.00437006425900791,-0.00041158799491552615,-0.00439521792317989,-0.0004115879949155169,-0.0024857983701279405,-0.002659533140140908,-0.002436580702700872,-0.0026595331401423287,-0.0022789227942040897,-0.0006244107019548846,-0.0001430128396317693,-0.003934270531765606
2020-11-17,0.006558049684274881,0.012469458915663183,0.006680884704913528,0.011734093365199707,0.010352446013805165,0.01158659924239355,0.010381990960180932,0.016697379808147072,0.01040107048687458,0.016697379808147058,0.009226884302133028,0.01239963649922481,0.009290457412859702,0.012399636499223831,0.009498268817894359,0.008920165947131504,0.013285659775909878,0.011911236331298758
2020-11-18,0.0033222348860529514,0.0012939513058859325,0.0033463155100418667,0.0016005837225937037,0.002474452453028535,0.003976936221188858,0.002462202990228396,0.002034517252511225,0.0024514915561234807,0.002034517252511201,0.0024723044000011145,-0.000972969000481127,0.0025132780087563406,-0.0009729690004812269,0.002638618364589554,0.0015631029371605413,0.0017924637778905207,0.0039306366588171245
2020-11-19,-0.002498576290828923,-0.009153750354346735,-0.002578614292873084,-0.007846635758860687,-0.005524776842726215,-0.002605061849951058,-0.005566959053690177,-0.008008191984138891,-0.00559288738445127,-0.008008191984138862,-0.004298955629933731,-0.0028271271302787865,-0.0043488360929082055,-0.002827127130277961,-0.004510630681807023,-0.008458116219957583,-0.0014527883694763584,-0.0035384608911390395
2020-11-20,0.005598100844698785,0.0029237801271966993,0.005558202333809775,0.002749783185144803,0.004141461177182822,0.0010752655539020008,0.004129062055853898,-0.0022522665030394627,0.0041211382490185505,-0.0022522665030394982,0.0037413943109756674,-0.004828007298737626,0.0037646237016249516,-0.0048280072987371145,0.0038376720075580227,0.010387140286784256,0.002694153133924663,0.000390174956507291
2020-11-23,0.0007984830743593923,-0.0006049181673711515,0.0006220149084784252,-0.0005771212195172899,-0.002173767411874885,-0.012075818305549121,-0.00232157353982739,0.01648355601704023,-0.0024036063724385045,0.016483556017040227,-0.0007906214890360275,0.016990655985104762,-0.000776120278546774,0.016990655985105525,-0.00072946025314823,0.017647940485793736,0.0071763670403686445,-0.01248931179323648
2020-11-24,0.02820964964430621,0.029146507374911507,0.0280187242779573,0.02758698541092889,0.023963576070233035,0.00905277465031061,0.024016371948345674,0.023227202078757482,0.024041614829132592,0.02322720207875751,0.024799302337843613,0.02676486749449546,0.024742797735414178,0.026764867494496344,0.02454605540481969,0.019804875748394173,0.02281711635529077,0.012386464146075865
2020-11-25,-0.011310333295372973,-0.018074903909900193,-0.011361318200607689,-0.016704304990573227,-0.012062985808743437,0.004973226967674786,-0.012136655304593912,0.0013926220808672732,-0.012162413844152436,0.0013926220808672732,-0.01311380059776729,0.0018150180384208388,-0.01313514804084052,0.001815018038421246,-0.013164372375940057,-0.0040253910235769075,-0.006827596283814333,0.00121352895486155
2020-11-26,0.005981579611628744,0.006238557070767653,0.006058656888014591,0.006064894682332147,0.007322514060596481,0.0037578731177417076,0.007442560748135547,-0.005346286467083963,0.007626395406456862,-0.009884258600803523,0.007819514077608216,-0.00949696881990024,0.007820949846424083,-0.009496968819888318,0.007801330907964016,0.0021924236927627658,0.0010755912528861084,0.0035365022460479836
2020-11-27,0.0048902065191192,0.004999469424756216,0.004871462756317353,0.005268309281361753,0.005029078029888334,0.009999746138199778,0.005020263159779645,-0.003533371046145084,0.0051541781408471115,-0.004418016448306523,0.005088211843561604,-0.004418016448317643,0.005019887749986347,-0.004418016448306607,0.004809552904482595,-0.0040757574505157915,0.0004212737938566347,0.009336910505909866
2020-11-30,0.0013038285145210347,0.017740206907757863,0.0012543469448482406,0.01713607613466071,0.009689705468789877,0.0058779571067040836,0.009687983283655725,-0.012322241402014666,0.010752665282657895,-0.010474804433638324,0.010768166349052487,-0.010474804433625874,0.01078953587908172,-0.01047480443363822,0.010877732469227392,-0.010838322623701236,-0.0001245271611347145,0.004627559516133122
2020-12-01,0.021702950828366104,0.01076936899495834,0.021847380926802225,0.01211442626910922,0.01802119136487021,0.023569852238180082,0.01807685304618678,0.02652834322463635,0.01812122398461589,0.02692311304720156,0.018147090438254965,0.02692311304720948,0.018165626989901963,0.02692311304720162,0.018186978809737755,0.026769238197486066,0.020646184142828018,0.024657205609882386
2020-12-02,0.00386791979739948,0.002621810143559499,0.0037623036448876774,0.004662677283103408,0.0027551692111674533,0.004758952366324772,0.0026770205313916065,-0.006332934726279149,0.003607525718246553,-0.006030620183933305,0.0035902713471766953,-0.006030620183952906,0.0035739934563580648,-0.0060306201839334505,0.0035299601001813636,-0.007577509416265806,0.0028238660825548913,-0.002395193285172303
2020-12-03,0.008148703101868212,0.0027092974373261348,0.008149899705235816,0.003219311624895233,0.005822791825348348,0.011020326011321073,0.005869013593208116,0.003647012311830977,0.006143128815304766,0.004087083358854747,0.00616029711675551,0.004087083358860721,0.006175241208645857,0.004087083358854795,0.006209309446290702,0.010254722782252456,0.005419536833579917,0.010286426659378957
2020-12-07,0.032998268864378115,0.02393743423392515,0.03296559765135569,0.02348862634792495,0.02985731338429097,0.042053520630792804,0.02995981948725028,0.05974195682712968,0.03091272584756515,0.06488423102262939,0.03114635390966155,0.06488423102266161,0.03139396651092607,0.06488423102262962,0.03218433765278205,0.06543740742101392,0.043828622488484945,0.04075183031563662
2020-12-09,-4.224449935726418e-06,0.0018983001496480597,-6.215551529093139e-05,0.00041561174368716987,-0.0022195913324371723,-0.01108840459637217,-0.00217036172003113,0.019603561621732445,0.003595814707452315,0.022850730395308133,0.003862277192908617,0.0228507303953269,0.00414318230614708,0.022850730395308272,0.005030957835399312,0.021679195532183646,0.009610090718050461,-0.008484688669607394
2020-12-10,-0.018804604591226987,-0.022515569563879782,-0.018961973642223996,-0.02212447067697505,-0.023592888829896012,-0.026313406565225232,-0.023718894549540646,-0.018974938970204344,-0.02277578040325932,-0.018914914467469977,-0.02271862531556982,-0.01891491446747439,-0.022653557317381803,-0.01891491446747001,-0.022426996290198703,-0.017577671421556144,-0.0145885892681443,-0.028237691159273666
2020-12-11,0.007351274134957519,0.0017639134917378898,0.007498117479532208,0.002607734794594586,0.007211368821802153,0.016803582965929143,0.007294499401591794,0.013335562572470016,0.006798099642630593,0.008840090558415767,0.006809449502060836,0.008840090558427223,0.0068160143803471605,0.008840090558415852,0.0068137110475946835,0.0138047697667993,0.0038524444856437388,0.013456451011690507
2020-12-14,-0.0005924324864390188,-0.0018870313898782121,-0.0006371824758634338,-0.0003372086532382884,0.00013604162184591324,0.011195656287470346,8.120023781241128e-05,0.01821591798569857,0.0016584301753864118,0.018428075054469948,0.0016968671352861672,0.018428075054474784,0.001741452083005547,0.018428075054469976,0.0019006533635374332,0.016749569738199053,0.005824728787897804,0.0068443032509597134
2020-12-15,0.006578674143575401,0.0032543150318170917,0.006499478571478033,0.003955983124615844,0.004936923149023893,0.0018543060380950748,0.004905602520890326,4.4264433790342055e-05,0.008101835606048772,-0.0011916452501542559,0.008257447058974935,-0.0011916452501647067,0.008421946740542403,-0.001191645250154332,0.008944229509545015,0.004961429594270984,0.007974866933751447,0.0035858309885825395
2020-12-16,0.005181321278492074,0.0026062833155228254,0.005146220223149339,0.0026645191053041428,0.002667784666888207,-0.0019812325454259035,0.0026765399859557905,0.022271989506292788,0.0008360594752031896,0.021281077104885828,0.0008497479912818844,0.02128107710487944,0.0008613990512296628,0.021281077104885776,0.0008854677881772167,0.02087916062395255,0.014427694897941021,-0.0037154171804388483
2020-12-17,0.007405987695868307,0.006613490552446636,0.00737338283705024,0.006314924084688174,0.005246778049899138,0.006459948709040146,0.0052807945819204945,0.017496277341139142,0.007940657520501777,0.017506947373245273,0.007987032451106211,0.017506947373249773,0.008037375065025243,0.017506947373245305,0.008203151473058109,0.023961835856059228,0.0121947734803992,0.007729179550791153
2020-12-18,-0.008269002211245845,-0.0003625237339589149,-0.008173997664905779,-0.001241237568511125,-0.004701194353303494,-0.017163829128570795,-0.004662282711477608,-0.010419281183051222,-0.0023156777791153334,-0.006976966056196072,-0.0022229833321429646,-0.006976966056182701,-0.002127998069410236,-0.006976966056195964,-0.0018401997793383827,-0.024637643623883806,-0.008735180851904932,-0.008135046778831008
2020-12-21,-0.013016738856212922,-0.012935503163680712,-0.013023840748662467,-0.012565483006563963,-0.00953776335208723,-0.018493516152390508,-0.00959522360348008,-0.03618267552046232,-0.015853586907698315,-0.04074862942508923,-0.01608561348988987,-0.04074862942512771,-0.01633462442128555,-0.040748629425089514,-0.01714172616417297,-0.04019025225653269,-0.023836980909426812,-0.018580546298338968
2020-12-22,0.006084603731443867,0.006104351916134173,0.006127486158535503,0.006972169424661018,0.006416285511032064,0.017429042225185837,0.006513613071935801,0.02548213428182202,0.009240408029305165,0.024531505139624214,0.009389479931487893,0.024531505139621466,0.009546690042273653,0.024531505139624182,0.010043642708679055,0.018754955934691408,0.012613966290772306,0.009480861562364296
2020-12-23,0.006567875029529357,0.0037983369391031774,0.00653558118748247,0.003255548740609153,0.0034857009628746325,0.007193012392405064,0.0034654484046359917,0.008838135573731087,0.003665110017268298,0.005600059155585565,0.0036873064370491803,0.005600059155570071,0.0037126175128309896,0.005600059155585443,0.0038017403600731367,0.013587411707084433,0.009035895866416534,0.008595837125776544
2020-12-24,0.0034773232629247584,0.002348433662267625,0.0035401074779368006,0.0026513896022703812,0.0025500446145816516,0.009832990236777698,0.0025952026868727666,-0.003166161445658266,0.005157577445706933,-0.004280977799664095,0.0051958197096308245,-0.004280977799670361,0.0052353179783483535,-0.004280977799664144,0.005357090667252723,-0.0027397099444487227,-0.0002359858540020483,0.009355331266623744
2020-12-28,0.0031181000958508437,-0.0001858206301924726,0.0030772227315176807,0.00010727963040463783,0.0024150902119015254,0.004312804452091148,0.002328519594672125,0.017159175749311296,0.0019485863137809496,0.018414804835181087,0.0019533687973534463,0.018414804835208024,0.0019605621885107768,0.01841480483518129,0.001994045459957594,0.020627021390585965,0.006312695483109082,0.010675751905012127
2020-12-29,0.02046678256869167,0.027706807103197017,0.020521072751099073,0.026202954389730887,0.023137871538609217,0.017574880754223306,0.023217603660494846,0.027584834893703114,0.0227445294668313,0.03231627898599315,0.022687613307017393,0.03231627898603494,0.022625905285151376,0.03231627898599346,0.022422509307592566,0.03253434736219455,0.020330652999907474,0.017920683298487897
2020-12-30,-0.003963287586933648,-0.0007960437830209887,-0.003822793098461703,-0.0018030379551974753,-0.0017798754589629297,-0.001502036009615992,-0.0017101272758338745,-0.022003942822807612,-0.001495067049662244,-0.021624667479832847,-0.0014697736527431542,-0.02162466747983458,-0.0014471659631009363,-0.021624667479832854,-0.0013937712766018476,-0.015166899632347278,-0.009030036674392092,0.005058298855913144
2021-01-04,-0.004798836404817789,-0.008691446160287854,-0.004845490333044698,-0.00636862922607926,-0.006625797764041168,0.0014960518626651732,-0.007012809718624847,-0.0062934687732281915,-0.007228212056222502,-0.0062934687732281915,-0.007454312344904719,-0.006293468773228201,-0.007688743590067876,-0.006293468773228199,-0.008411312783427417,-0.015162166920146502,-0.009983241791753625,-0.0073339423422996005
2021-01-05,0.005438112912175255,0.011238944838153258,0.005511575905067411,0.008933321465812816,0.008889916375226327,0.004434176680295372,0.008907527323169767,-0.02146650528351165,0.008920313348451064,-0.021466505283511614,0.008935203821818791,-0.02146650528351162,0.008951850343100157,-0.021466505283511593,0.00900849928331937,-0.016925099635576105,0.0012880696272750433,0.012825099566348877
2021-01-06,0.0008509417369707757,-0.001538351642962604,0.0008065446484457396,-0.0011046203384958001,-0.0008984634163563092,0.005320287696475705,-0.0008675589932178917,0.013531484440275937,-0.0008435749625513209,0.013531484440275961,-0.0008148123398541225,0.013531484440275948,-0.0007819112973198525,0.013531484440275968,-0.0006660723225607986,0.008210304508217676,0.006268505459631238,-0.0006618139418939619
2021-01-07,-0.008154661558828593,-0.011237301287398369,-0.007904160418407045,-0.00993001311703071,-0.006814802357705912,-0.0051408655562906365,-0.006392126724653391,-0.028654245525627182,-0.006163562098343256,-0.028654245525627172,-0.005926243697354382,-0.028654245525627165,-0.0056819727018812835,-0.02865424552562716,-0.004934993676311894,-0.025977972410993574,-0.010435502532700616,0.0002415549138192665
2021-01-08,0.007864448090423994,0.0004106529064607403,0.007964747352787136,0.0004391106776752169,0.005204168859772752,0.01775935225014827,0.005288168899688368,0.02218728038344519,0.005327424330984355,0.022187280383445238,0.0053656891868935856,0.02218728038344521,0.005403317488499811,0.022187280383445248,0.005512399043311122,0.019456015118636018,0.009388608808084311,0.015280976119363864
2021-01-12,0.0017747592059709767,0.009248570615680848,0.0017200058776302872,0.007161034043981703,0.0043952409397015795,-0.001807685920599517,0.004425967033548303,0.012005719292369894,0.0044488209459935275,0.012005719292369928,0.004475147001056986,0.012005719292369916,0.00450411514995536,0.012005719292369937,0.00459932474666379,0.00956250784714997,0.007228605718232626,0.0011910558606689854
2021-01-13,-0.004738027104760967,-0.007441294147313656,-0.004736734986787806,-0.006897729580597733,-0.006663552514723352,-0.0020354930150432776,-0.0067745644735811884,-0.001807167123806254,-0.006835986431532467,-0.001807167123806245,-0.006899957312703752,-0.0018071671238062477,-0.006965706919457358,-0.0018071671238062384,-0.007164792295969015,-0.0009420785106289303,-0.002654300095111645,-0.004165796657050582
2021-01-14,0.012193180841435978,0.013455861392204348,0.012264387028106536,0.013093645658098025,0.012490962594249937,0.01683720453548104,0.012320535348431132,0.008994608641773304,0.012222119341617224,0.00899460864177323,0.012117139809918673,0.008994608641773254,0.012006952820179785,0.008994608641773202,0.011661624141480795,0.007470531137898531,0.008006114334578231,0.02014440345654385
2021-01-15,-0.0012260142938648956,0.005041138806552497,-0.001177103858385742,0.003906599871169939,0.00031388196252786493,-2.5769524480744998e-05,0.00018560974407994197,-0.007858698172834196,0.00011285032745685314,-0.007858698172834199,3.559510014171244e-05,-0.007858698172834192,-4.5339431475011245e-05,-0.0078586981728342,-0.000299135294047256,-0.004356154338285776,-0.0037032906603460623,0.004258486270942287
2021-01-18,0.0011202344005688959,-0.0011969565988460933,0.0011106671027461565,-0.0006333264357830516,0.0011211545218217638,-0.0022600115486399895,0.0011557497713050769,-0.0030684971830483485,0.0011752500143076574,-0.0030684971830483767,0.0011958888894614695,-0.0030684971830483676,0.001217455708331552,-0.0030684971830483828,0.00128484940333607,-0.0030047238683889275,-0.0007633929460209084,-0.0008868819059692241
2021-01-19,0.005190091149797592,0.005311899872634654,0.005290001433896518,0.005787876478833744,0.005373321571175011,0.018180971615708065,0.005192985592491789,0.011628885185568462,0.005090294256319375,0.011628885185568464,0.004981602389656244,0.011628885185568458,0.004868285199623439,0.011628885185568458,0.004516970198194562,0.008352659029322643,0.006052991130175076,0.013433483203556824
2021-01-20,0.00488882379890728,0.00811615506649295,0.004768208445552264,0.006401958339268343,0.0039456812615827445,-0.0024828645146534887,0.003912062666607096,9.406635730188149e-05,0.003896791503853292,9.406635730190927e-05,0.0038822205654452983,9.406635730189512e-05,0.0038681946113151276,9.406635730191951e-05,0.0038290631113142583,-0.003133502779181749,0.003763116691861443,-0.0007514771869815496
2021-01-21,-0.003853255338877336,-0.0082048078233607,-0.004049964721394688,-0.006135628446961552,-0.006909743783700947,-0.003890327603596781,-0.00726893019287349,0.00420745670838586,-0.007465393057412357,0.0042074567083858795,-0.007670339608760122,0.004207456708385874,-0.00788200497043295,0.004207456708385882,-0.008531990585751843,0.0030392473758103947,-0.0033204445398036606,-0.013465312362645882
2021-01-22,-0.006964044192632431,0.004104422068089109,-0.007194545746043128,0.002409042178961248,-0.004488684385488131,-0.020968343551439436,-0.004804298494627763,0.0008107113602508471,-0.004976078346381597,0.0008107113602508399,-0.0051558839519313514,0.0008107113602508357,-0.005342605026658829,0.0008107113602508337,-0.005923596825032808,-0.0060158877098776,-0.005633718620837601,-0.018178864586115544
2021-01-25,-0.010788988901436834,-0.01223999670138887,-0.010946792476988865,-0.011875396416718611,-0.013017456092689688,-0.023993049486363074,-0.013087509827219923,-0.011002235372374098,-0.013130401345098809,-0.011002235372374046,-0.013177837891608379,-0.01100223537237406,-0.013229259853652201,-0.011002235372374027,-0.0133991845805115,-0.012633310593796306,-0.009605947214121576,-0.021712063972085735
2021-01-26,0.0025448459047805456,0.0016789753367348155,0.0025537685609658438,0.001836117346835925,0.0014072534422966505,0.0055238157451736655,0.0013552937560242391,-0.005594318168588893,0.0013276544268898442,-0.0055943181685888296,0.0012994580574108283,-0.005594318168588848,0.0012709879348489586,-0.005594318168588807,0.001187195760529521,-0.005974271050206776,0.0007943134828323143,0.0048257567178986134
2021-01-27,-0.011184953212226045,-0.009800787402279743,-0.011189070824081876,-0.00877657822123672,-0.010714367916217726,-0.012641512874778672,-0.010868314963155597,-0.004989956340840105,-0.01095848135463243,-0.0049899563408401255,-0.01105567665301099,-0.0049899563408401185,-0.011158724778632022,-0.004989956340840135,-0.011487449921981419,-0.004551199835392631,-0.01178460683358291,-0.01331262944236017
2021-01-28,-0.0008473241223228949,-0.004168607840307137,-0.0008607547586878824,-0.003302510995729914,-0.002700864216346333,-0.0005407154492468103,-0.002639896192790562,0.005378285612299956,-0.0026061348351125785,0.0053782856122999425,-0.0025706441347171346,0.005378285612299939,-0.002533732229464075,0.005378285612299933,-0.002419034822301374,-0.0027459479834562135,-0.004600238458699255,-0.001522268413139784
2021-01-29,-0.017582336912706803,-0.027779029701223708,-0.0178845674403191,-0.026911605451342975,-0.023792536165298847,-0.032989434324059194,-0.023542401270481156,-0.021587410028221107,-0.0233993636129828,-0.02158741002822112,-0.023247239920518477,-0.021587410028221118,-0.023087827157303044,-0.02158741002822112,-0.022588684153204686,-0.015377317169145746,-0.0185836566681453,-0.04315845883260025
2021-02-02,0.009049481578960128,0.005822247557804066,0.00909425463739592,0.004790658437947585,0.007016959117738741,0.010740590255511573,0.007210693910324445,0.01689722456039197,0.007315359433812242,0.01689722456039188,0.007424119067642165,0.01689722456039191,0.007536205248359853,0.01689722456039185,0.00788000695828137,0.01705406215582154,0.011853602328868606,0.01423506691993023
2021-02-03,-0.004675129126725532,-0.00414690195452161,-0.004772090397795387,-0.0033826805229946657,-0.005637436181740368,-0.008051908797546303,-0.005648104638774075,-0.0019556811952205068,-0.003942670849442978,-0.00165518642507137,-0.0039874849244254445,-0.00165518642507137,-0.004033852839289112,-0.0016551864250713734,-0.004180791058479436,0.0004092871615175396,-0.0031968054612695534,-0.009460371066962828
2021-02-04,-0.0008796036499418932,-6.270644486457047e-05,-0.0008780948435098997,-0.0001459210210217756,-0.00048471935462349137,0.0003163274857353659,-0.00043137318449187347,-0.010942214385749742,-0.00031797269509436176,-0.007754329614432679,-0.0003072333443997835,-0.0077543296144326705,-0.00029509492191222655,-0.007754329614432675,-0.0002530068268374497,-0.007067380904914965,-0.0016704383055090215,0.0007959248695903654
2021-02-05,0.00740758175290306,0.01054632533357638,0.007456031995045338,0.010837680476984168,0.009557916817839286,0.0050094021928296616,0.009627091642081111,0.002113074058205956,0.01214830955050661,-0.0010619396021880009,0.012196677609964506,-0.0010619396021880072,0.012246526669784097,-0.001061939602188008,0.012398833156172531,0.002194297099214642,0.007739043430994439,0.010561916566062798
2021-02-08,0.006387756771744904,0.002491399016480422,0.006397030870631724,0.0032312880101572237,0.00456229548141774,0.008031402309948758,0.0045139017467210624,0.0011931718831481794,0.005024446039822639,0.0018196273280497873,0.005037597354475413,0.001819627328049793,0.0050498075473670795,0.0018196273280497901,0.005081675767876877,0.003390996252852271,0.00517049256643091,0.00855589753692455
2021-02-09,-0.004380555145603274,-0.0006988305742070024,-0.004378950448233552,-0.0017857308311262023,-0.0025418959330721223,-0.001846257367559838,-0.0025280394386675295,-0.001045951386599699,-0.004120536811458506,-2.67517048004353e-05,-0.004118037677477504,-2.6751704800432116e-05,-0.004113133270737478,-2.675170480043309e-05,-0.004088302618538251,0.004067619783018244,-0.001123755945993849,-0.005239935398955876
2021-02-10,-0.0008013691386873844,-0.0006545134007098139,-0.0008061998246818745,-0.0007487727294429993,-0.0011370805359143224,0.0013656226177838843,-0.0011510044004986318,-0.011114536217091816,-0.00019752299592873434,-0.007183891739021022,-0.0002233922280755092,-0.007183891739021021,-0.0002521024213204513,-0.007183891739021018,-0.0003496339101862285,-0.00847663449081238,0.0006025590478025552,-0.0012511350788346697
2021-02-11,0.005295737787362386,0.0038045240627536695,0.005407671609879873,0.0031682323759732447,0.005684667428246818,0.0041593928230672685,0.005750448922492184,0.009316762480798905,0.003554705543187686,0.01110845455790302,0.003473001366331414,0.011108454557903017,0.0033833404429145205,0.011108454557903021,0.0030846473423563614,0.004129933984797264,0.00349995496014665,0.009166686361370375
2021-02-12,-0.0068878760770252,-0.005103347802243521,-0.006896526802825633,-0.005378917776293297,-0.006160091286914967,0.0013164916889824118,-0.006160020932171625,-0.001263186069138745,-0.005955373363987519,-0.0035335332310639654,-0.005915752715392245,-0.003533533231063966,-0.005871719319927118,-0.0035335332310639667,-0.005722644598802048,0.0008987615346118266,-0.002078176199313417,-0.004271804812054697
2021-02-15,0.0033111573105606114,0.004244595726639412,0.003363047523861751,0.0037462165913202425,0.004296026239793811,-0.0008539773600103957,0.004228090633244068,-0.003831249117352862,0.0004626360238515206,-0.001303559991075757,0.00045904848084086613,-0.0013035599910757494,0.0004551422687009561,-0.0013035599910757535,0.0004419741041709563,-0.005616779551024158,0.00033324767921081054,0.0003352824459290514
2021-02-16,-0.00833794050527195,-0.010069002398923653,-0.008328512621933633,-0.00942754803314795,-0.009640602005938779,-0.008829277173309924,-0.009670429656649706,0.0036151372182913867,-0.010632137325026181,0.002070477207544498,-0.01064183997515863,0.0020704772075444975,-0.010653710116007315,0.002070477207544495,-0.010698281736710676,0.0018117886123393907,-0.004404683535640083,-0.009937375182820913
2021-02-17,0.00399943560078472,0.0032483476534240275,0.003946024205693166,0.0035510073775980888,0.0035814230862921464,0.006647425095442593,0.0035263139029715813,0.0007225912250424437,0.0036594569116507516,-0.002209639019579641,0.0036255931151209977,-0.0022096390195796446,0.0035918874409370926,-0.002209639019579644,0.0034940103579466824,-0.0023896759284988494,0.0016765375094318635,0.0027999510665531633
2021-02-18,-0.00700178346244446,-0.0042895046382626645,-0.007014023692670245,-0.005019473749189778,-0.006163034204012411,-0.009186281451139424,-0.006130760833555512,-0.01219041652155875,-0.005373960043062613,-0.013064259493465505,-0.005377550577611848,-0.013064259493465515,-0.0053804005858328965,-0.013064259493465511,-0.005385456135470775,-0.011637242298991934,-0.005911309815089946,-0.006727852012468405
2021-02-19,-0.0020386177009272316,-0.0018629151936967374,-0.002105547592854094,-0.0017545011120106801,-0.0023685459831672426,-0.003035443556626667,-0.0023692744666636172,-0.010759843877031036,0.0004132483897943699,-0.010018072627342245,0.0004472252984784645,-0.010018072627342242,0.00048381697272919437,-0.010018072627342244,0.0006027505715890553,-0.009845120727226802,-0.004260640542524322,-0.004262381216595251
2021-02-22,-0.006485531453741604,0.0003146182870115595,-0.006568827990914601,-0.0015798105578123394,-0.005276667806855916,-0.013394246111414078,-0.005255380714499901,0.001939321399554677,-0.005543808141866139,0.000381256646841974,-0.005466559158154439,0.0003812566468419824,-0.005382231033696145,0.0003812566468419764,-0.005104074613252757,0.006119124282059315,-0.0007919782756012849,-0.014313804400146448
2021-02-23,0.0005274197525045976,-0.0035419793500233968,0.0005316611684750942,-0.0035090873914453216,-0.002050377475610028,-0.0036762045126056972,-0.0021591300438177003,-0.005838529296928912,-0.004565894018834215,-0.004874959709678811,-0.004559201736335321,-0.004874959709678801,-0.00455422219517092,-0.004874959709678805,-0.004547046228330134,0.0007589549187779289,-0.0020292254713171324,-0.003910524437123571
2021-02-24,0.009264803602686212,0.008690483643678148,0.009377478188115101,0.010241453320539311,0.011014518960372692,0.018200962384460073,0.011198902964330754,0.0073073903682382025,0.014494584166850632,0.009203288572620138,0.014526933560436366,0.00920328857262014,0.014559231922882741,0.009203288572620138,0.014654212829811723,0.010780236686783712,0.009257672607094751,0.022852543235220193
2021-02-25,-0.006515838066438743,-0.004886551905087981,-0.006443312870887383,-0.0042002897104843175,-0.003836258734593696,-0.008115331690547309,-0.0038782210171194433,-0.0107281508517203,-0.008592418842194685,-0.012641400262228852,-0.008852779386199067,-0.012641400262228843,-0.009126651350487928,-0.012641400262228847,-0.00999056109455212,-0.0284872942694245,-0.016050332959848104,-0.00642188318442938
2021-02-26,0.002944534807108225,-0.006064701487987769,0.0028523355691105288,-0.004696839247231108,-0.002476747362669264,0.013169733801065895,-0.0023969705315040764,0.015843551182555947,0.0015161634328626663,0.014932808283212666,0.0016516053386281381,0.014932808283212657,0.0017941098956808389,0.014932808283212664,0.002245170574389696,0.040784144365279454,0.008147919426771594,0.00837798432787134
2021-03-01,0.0017413099002155236,0.006223452328535619,0.001824009343851483,0.006141955748471237,0.00558000294097587,0.004268067726604668,0.005571393894848398,-0.011486090027306141,0.006025488647761148,-0.01310975098751291,0.006012510976518453,-0.013109750987512922,0.005999063055905031,-0.013109750987512922,0.00595681580548533,-0.022473730721413183,0.0005387582442765468,0.005700503125119907
2021-03-02,-0.0036898406989921036,-0.0028022845006604714,-0.003632607299090024,-0.0030665212372926317,-0.0022299625153904762,-0.0010298454484081255,-0.002199922792523098,-0.002935176372800405,-0.003179252919208288,-0.002840565193062174,-0.0031959858785338305,-0.002840565193062172,-0.003213819555358857,-0.0028405651930621736,-0.003271126436228312,-0.0049535868326049,-0.003344340330243216,-0.001170509491860948
2021-03-03,5.797717317846105e-05,-0.007854405160230343,3.67886020815215e-05,-0.006907756867057291,-0.004297561207318723,-0.00019787484902002663,-0.004315482050422642,-0.020534806360845387,-0.0043860441612765,-0.02081060034830527,-0.004385278931310958,-0.020810600348305272,-0.004387623379539853,-0.02081060034830527,-0.00440779746578527,-0.01426481191861278,-0.00762052955892694,-0.0006674182936629282
2021-03-04,-0.0071444413559022535,-0.004320400936793467,-0.00719327020496783,-0.0038177275068173727,-0.005561679382722636,-0.012178659696064461,-0.005594821543591648,-0.009575812796875931,-0.005805005017231501,-0.009175929418759537,-0.007263447725740076,-0.00917592941875953,-0.007325167474508973,-0.009175929418759552,-0.007517471703849901,-0.011503412842134422,-0.007815177015226401,-0.012391005529914765
2021-03-05,-0.002649691902791671,0.006256617956449892,-0.0025728873254462154,0.003983569204770317,0.00038725995882071004,0.0004944584848573068,0.000544136999054594,-0.004441755595814885,0.0006353927110869803,-0.004441755595814887,0.001831628349802052,-0.004441755595814884,0.0019292385404604648,-0.004441755595814891,0.002232084313456434,-0.006239528036946373,0.006234368684459325,0.0026253280274969714
2021-03-08,0.004659812231273323,0.0047256614087175875,0.004604612955319435,0.004576911034393073,0.004116653662118044,-0.005773839437016245,0.004115176971535961,-0.0009170211216791342,0.004112621182763262,-0.0009170211216791319,0.0012013113435501988,-0.0009170211216791387,0.0011543255631102528,-0.0009170211216791243,0.0010033410388924947,-0.0024776032881877463,-0.0027531935218030076,-0.0014868201941375813
2021-03-09,0.0012631354424539512,0.000999597740906912,0.0012492302851257729,0.0008610028302643243,0.0005600160840173756,0.000686863715831017,0.0005812883752485386,0.009008606676816,0.0005941091984915611,0.009008606676816001,0.0018259393611196467,0.009008606676816003,0.0018629195222106796,0.009008606676815998,0.001980075203321331,0.007574389976020801,0.003799611447126933,0.002748138021616526
2021-03-10,0.0013665858764244695,-0.00565449019083255,0.0014019427365587964,-0.003932146234680023,-0.00022589185131154208,0.007958106540766188,-0.00026073571340687156,0.011679404686603912,-0.00028390499989687447,0.011679404686603913,0.0014098869631158741,0.011679404686603913,0.001365035385050659,0.011679404686603905,0.0012227173145513076,0.008311763630727298,0.0017018287233518583,0.005269161450249176
2021-03-11,0.0018694223844623586,0.0014788665651823403,0.001832643123757087,0.002412664009765539,0.0017158358456586444,-0.0018938948409920207,0.0016824390460611254,0.0029564403264069295,0.0016635517656191012,0.0029564403264069326,0.0030378060611906546,0.002956440326406927,0.0030766682004157594,0.002956440326406947,0.003198045920305692,0.005708304208905823,0.0002448764086550223,-0.0012549767546713208
2021-03-12,0.001281866936641935,0.008904907964774895,0.0013262727074573176,0.008243164534487524,0.005771749055026157,0.0020172155911025893,0.0058354350317537836,-0.0020357160009592938,0.005878954266853991,-0.002035716000959296,0.005491290019113266,-0.0020357160009592938,0.005541724212058349,-0.0020357160009592977,0.0057054251303223,-0.0009254395882453026,0.0034280255673495756,0.0030670193376049087
2021-03-15,-0.00016378401297992295,-0.0049216595361018895,-0.00021445338018116642,-0.004604307106669067,-0.004006053009008845,-0.005305878644000516,-0.004070317393401766,-0.011055188312084595,-0.004113334939455313,-0.011055188312084598,-0.004915186670416981,-0.011055188312084588,-0.004969429216142417,-0.011055188312084616,-0.005144984473505702,-0.007369911668305752,-0.0003512354134172313,-0.0026197606600965656
2021-03-16,-0.0016139974934838452,-0.0022766206397148,-0.0016547881084548492,-0.0018028257372612125,-0.002133772123381358,0.0012451213039915646,-0.002219069205140247,-0.01487959578369864,-0.0022624498297941385,-0.014879595783698634,-0.003661207930663082,-0.014879595783698631,-0.003740748904707208,-0.014879595783698645,-0.003978430291029381,-0.009246511768494238,-0.0035046475634232183,-0.0035539716641159206
2021-03-17,-0.003070545773314774,-0.0011672757290040435,-0.00302973884630386,-0.0018355676331451285,-0.0010420640448533236,-0.004997564978695765,-0.0010229209834529966,-0.01003379707587924,-0.0010107817710578995,-0.01003379707587924,-0.0015049532016557154,-0.010033797075879234,-0.0015099686683107466,-0.010033797075879257,-0.0015248465241983371,-0.014450299712537274,-0.005362521551686162,-0.0021819844270771745
2021-03-18,-0.00844522620152072,-0.00999962118445754,-0.00836186966014796,-0.010841747628955067,-0.008399140019667394,-0.010876564941749668,-0.008351860752674606,-0.028431037626171284,-0.008326358906152676,-0.02843103762617128,-0.009321912207498215,-0.02843103762617128,-0.00930964968285104,-0.02843103762617128,-0.009269744686924559,-0.023463024566072344,-0.01635199701305021,-0.00018188889379454776
2021-03-19,0.008308492875383586,0.008638613386532091,0.007957201686623575,0.007042494072935852,0.006994579127637359,0.001000456332581182,0.006871279327221144,-0.02534166781466926,0.0068260816367057,-0.025341667814669268,0.008267010140804325,-0.025341667814669247,0.008219778460238832,-0.025341667814669313,0.008109700044889236,-0.02904642485774706,-0.00468748191205073,-0.009182229040676409
2021-03-23,0.0021677700675721365,-0.003713679949932193,0.0023501524520038557,-0.00011959856817406016,0.00015482258600526752,0.007338186231897748,0.0001558030527303994,0.012188598422341131,0.00013217670017064316,0.01218859842234113,9.002861311673341e-05,0.012188598422341107,4.179813860239953e-05,0.012188598422341166,-0.0001475983044451224,0.015769035258731988,0.0012579527761566334,0.009764154670116942
2021-03-24,-0.002387226166124167,0.005342283037371963,-0.0023632672174305745,0.0034476130633273668,0.0017424950524135645,0.0001539817334518125,0.0017814188769442077,0.01080268280828131,0.00181136701516409,0.01080268280828131,0.0018717545103206787,0.010802682808281302,0.00189987530684516,0.010802682808281321,0.001995194765862194,0.004074416272159175,0.005423257717860446,-0.001352491357139938
2021-03-25,-0.0031228600940362387,-0.007901876072941766,-0.0031189146943817756,-0.006756303253534102,-0.005773973179085746,-0.004672517061577931,-0.0058579074855468795,-0.00505794451145337,-0.005914209726199605,-0.005057944511453368,-0.005406209169699846,-0.005057944511453365,-0.005408009011313429,-0.00505794451145338,-0.005422387476729704,-0.009330277213611182,-0.005717558060629532,-0.004259673603842159
2021-03-26,-0.0024224164289413617,-0.0024646409232804353,-0.0024278979699523195,-0.002218980422005708,-0.0027981084197497216,-0.0050262066828556965,-0.00283392750613489,-0.0009449738028840389,-0.0028580269335929677,-0.0009449738028840385,-0.005621927302921269,-0.0009449738028840352,-0.005707118794090249,-0.000944973802884045,-0.005979503199190954,0.0044308183038422435,-0.0007703418430987897,-0.006096845260627513
2021-03-29,0.0034385681929019656,0.0005986531958765845,0.0034050610291070224,0.0015295878921338397,0.00210966415336429,0.007931843827847769,0.0020636241268267995,0.006751377369641936,0.002037144472815288,0.006751377369641934,0.0026344561345096034,0.006751377369641936,0.0026278139817707013,0.0067513773696419276,0.0026079612767885216,0.006457271924196716,0.005406242890252544,0.001146920433011242
2021-03-30,0.0038857271943034412,0.0020909933675851734,0.003982097350981621,0.0019172853245568063,0.004329277009768775,0.013552484275803228,0.004361603257051913,0.005948888999400624,0.004382448668028806,0.005948888999400629,0.00502797101449686,0.005948888999400622,0.0050554409481230215,0.005948888999400647,0.005150707530938366,0.007472545037266477,0.0036316233437022677,0.013164639434998609
2021-03-31,-0.005958632490681164,-0.005308459754650413,-0.005959267018188257,-0.005246421020285388,-0.004933798201512652,-0.0019557576577860715,-0.00497826317557091,0.00759192010659161,-0.005002369350902056,0.0075919201065916065,-0.006396511321306669,0.0075919201065915995,-0.006536213659672498,0.007591920106591608,-0.006974353174093985,-0.0015698376786447365,-0.003537660231558684,-0.006617150315019804
2021-04-05,0.004926208917354375,0.004288417463161772,0.005029641756351528,0.0043923210996227105,0.004314808778935374,0.0011756231738957483,0.004414390283196935,0.003430219842674952,0.004461009936821812,0.003430219842674951,0.005802499535446384,0.003430219842674951,0.005949430387983085,0.003430219842674958,0.006394859351239508,0.004739870824462988,0.003612877794794547,0.011123865781019503
2021-04-06,0.003115409034018421,0.0035964739181085052,0.0030458368503744294,0.0024677621258916995,0.002498133718926702,0.002771061158596439,0.0025280881798314015,0.011473828634319052,0.002549490817848473,0.011473828634319054,0.0021466122812684274,0.011473828634319033,0.002148168024256007,0.011473828634319092,0.0021590289916508104,0.00973820038543749,0.0010627001706641525,0.0004433062629402226
2021-04-07,0.006639997541917745,0.0017300370597305294,0.006704447016193126,0.0024389389839963816,0.006790908165153336,0.003156795913801899,0.006782981308349952,0.005165526547304487,0.006775881020860623,0.005165526547304469,0.005667405376114131,0.005165526547303779,0.005668694636373742,0.005165526547304474,0.003445686342312026,0.0043857365977592625,0.006505779561297633,0.005240165263231058
2021-04-08,-0.012896582341603647,-0.008737352159903282,-0.012927944871001282,-0.008456962150458651,-0.014072117527822777,-0.002552164510914171,-0.013927257981649717,-0.0038193001422731614,-0.01384516792038742,-0.003819300142273174,-0.010698758146305509,-0.0038193001422736805,-0.01058275189663114,-0.0038193001422731692,-0.0076635526856552744,-0.008610680733414764,-0.008276801975524174,-0.013035140595244273
2021-04-09,-0.004797116167346575,0.0017257042492044453,-0.004902658720709406,0.0012798861639642107,0.00021330194549063842,-0.007735190013967363,0.0002420557884179643,-0.003879065429199131,0.0002542773578649133,-0.003879065429199135,0.0005569585636796661,-0.0038790654291993147,0.0005625390848677885,-0.0038790654291991342,0.0035485922357001666,-0.003258683856912919,-0.0018397467757530917,-0.003200967764963632
2021-04-12,0.003875140387632612,0.0013250484627474256,0.0038801971820881798,0.0015488349943529657,0.003307862620555185,0.0026229319246887954,0.0031696349269156043,-0.0017889206474230243,0.0030949297559211245,-0.0017889206474230306,0.0012599873280673972,-0.0017889206474233244,0.0011690776899040242,-0.0017889206474230289,-0.0013651696876435001,-0.006610210489173543,0.00023362518151178355,0.0017846226830692852
2021-04-13,-0.002613556466035496,-0.002613739019582851,-0.0025701887695657255,-0.0024115691685440747,-0.0017459430013029391,0.0040558906136838775,-0.001726661608832761,-0.0019993635665265836,-0.001714953561899107,-0.0019993635665265796,-0.0028974731263394413,-0.001999363566526427,-0.002864489647863353,-0.0019993635665265805,-0.0018504411818654654,-0.0014872098761523431,-0.0013969044094701258,0.0019213559389863952
2021-04-15,-0.004273292652135668,-0.0003230396314508118,-0.004083761799890207,-0.0002789509803686368,-0.0013924792278670343,-0.005394323882964142,-0.0011746634256819004,-0.006720322633210293,-0.0010601627165849029,-0.0067203226332103174,0.0024167704308480104,-0.00672032263321129,0.0025317908479101613,-0.00672032263321031,0.0007800196033847669,-0.007106730971880002,-2.986631598477711e-05,0.0036111751971848963
2021-04-16,0.0023395037082849946,0.0002677782495969492,0.0022057226049533845,0.0007311901605679271,0.0003907190248764645,-0.011869113701623695,0.0002838632960184247,-0.005512060835713354,0.00022731018159636955,-0.00551206083571335,-0.0008795395542404104,-0.005512060835713215,-0.000929898770146769,-0.005512060835713353,-0.002445013604078601,-0.0032087461793332086,-0.002473315011014856,-0.009865780511239566
2021-04-19,-0.002538401841673531,-0.004057687569050104,-0.0025040264336086476,-0.004333614061732183,-0.002085197848852196,0.009589928785403153,-0.002140282402412204,0.0183899672850588,-0.002169413144987507,0.018389967285058796,-0.00269724355952654,0.01838996728505856,-0.00272650692771912,0.018389967285058796,0.0005011021644402321,0.012746663976896862,0.0004906295849516565,0.00307197388774151
2021-04-20,-0.0009368790872369532,0.0020734924571916826,-0.0009399830773383211,0.002004576211646639,0.00127957514669416,0.007994492154766806,0.0012915399083315614,0.008466527452908648,0.0012964925286101051,0.008466527452908656,0.0015126894550377568,0.008466527452908967,0.001511122669938299,0.008466527452908653,0.0025658360661340415,0.005346199499299186,0.0018104719980623104,0.005694599515853472
2021-04-21,-0.0018443437427670102,-0.002351430845633523,-0.0018606916258554096,-0.002143706226738735,-0.004603133643751924,-0.005180625515755849,-0.004621916034394651,-0.00692299500648128,-0.004633575549631077,-0.0069229950064812595,-0.0038881346067780585,-0.006922995006480386,-0.003892034881818912,-0.006922995006481266,-0.004004915298089568,0.0010973127978214177,-0.0033213678861407667,-0.003987838091630979
2021-04-22,-0.0032779161659297522,-0.01122674257205552,-0.0032704597850225113,-0.010026849798631183,-0.007323983239056374,-0.0070589874548226276,-0.007381901051664173,-0.00974881005423701,-0.0074138554536908345,-0.009748810054237,-0.011356568920061767,-0.009748810054236572,-0.011384194225039859,-0.009748810054237004,-0.0114016617273614,-0.0035698524436641654,-0.007770514362439472,-0.005183184860741557
2021-04-23,-0.010242226837804553,-0.007249327893095417,-0.01021754302646334,-0.007761351259402897,-0.010178180761010033,-0.006973435461861404,-0.010226642908185342,-0.006536960801130158,-0.010253377152439448,-0.006536960801130154,-0.009287777033102261,-0.006536960801129971,-0.00930698175165235,-0.006536960801130156,-0.0101192507954756,-0.011241718597754411,-0.008130177167413271,-0.00829276204226954
2021-04-26,0.0006886698075025716,0.0016337574844291999,0.0007105245085154512,0.0019404763778693291,0.0009833884504638793,0.00023816299864245133,0.0010479467247598564,-0.0031694185592563238,0.001079605410971941,-0.0031694185592563316,0.001479359634187845,-0.003169418559256652,0.0015053493659229191,-0.003169418559256329,0.0009134876708247123,-0.005343661394327289,0.00105863173860511,-0.0012425074956801537
2021-04-27,0.00012353411914294932,0.008147424778787013,7.64053704787437e-05,0.007489628766011702,0.004961220973961763,-0.004710163136593467,0.005092326931374555,-0.0028817252652954574,0.0051593185221632245,-0.002881725265295464,0.0059895590174007425,-0.002881725265295773,0.006073394327516381,-0.002881725265295463,0.007034395389356538,0.005022607259743145,0.004458431890737475,0.0008811095723381709
2021-04-28,-0.0011677142123493528,-0.007081172728345887,-0.0011357416228781306,-0.008065488120186303,0.0010049260721813448,-0.014711610499463958,0.0008076903617713168,-0.006446256489735467,0.0007017661160349133,-0.006446256489735459,-0.0021039927213536615,-0.0064462564897350885,-0.0022565352626771375,-0.006446256489735462,-0.006101933159312735,-0.007820178907193338,-0.007610094645907303,-0.005672066345036598
2021-04-29,-0.00035717421484445953,0.00406056462406648,-0.0003763371996323347,0.0031846462895213355,0.0006004879082633749,5.230368941642861e-05,0.0004336815226320336,-0.010407751232566284,0.00034522667402303505,-0.010407751232566277,-0.0012606874693050375,-0.01040775123256592,-0.0013306989926168342,-0.010407751232566279,-0.0021475666841832912,-0.019629290327892946,-0.004437321825972865,-0.0006517219826550926
2021-04-30,-0.022929596101356045,-0.016244117489323417,-0.02283617933703008,-0.016014485013227962,-0.023090236688733196,-0.007915995351477122,-0.023030454917632028,-0.01314529368099141,-0.022999892985884753,-0.013145293680991411,-0.020451418578239483,-0.013145293680991415,-0.020403456859117302,-0.013145293680991408,-0.01769409824034341,-0.021219282454936754,-0.01529214848720573,-0.011061476540427172
2021-05-03,-0.03288495093344472,-0.023175894741685982,-0.03277973164303419,-0.02349263542112981,-0.02466946900971738,-0.024427330122754005,-0.024588277613857904,-0.03714518710301912,-0.024547265367710215,-0.03714518710301909,-0.022948319696569807,-0.03714518710301768,-0.022878207339082787,-0.037145187103019096,-0.025553447876412116,-0.046870930927977505,-0.029883767748469865,-0.030565486207621794
2021-05-04,0.0026682284595963925,-0.003976821586718933,0.0026520568528783546,-0.00349548961229983,0.006763744751314206,0.004998519521425045,0.006667128252424905,0.010570368271408922,0.0066151433022509,0.010570368271408915,0.0019715681848815536,0.010570368271408614,0.001896221791290661,0.010570368271408916,0.0034848240087490827,0.00841387649821338,0.00303961321121482,0.003464825184721438
2021-05-05,0.01959299480124318,0.010860652051492746,0.019591095755354414,0.012114203162653344,0.013612362424263875,0.02163403344285499,0.013645400029683088,0.016666586639671827,0.013666468416378488,0.016666586639671844,0.01350709682026687,0.016666586639672458,0.013556189414093736,0.016666586639671837,0.013853033746474806,0.03091009491074705,0.014998710574356163,0.01452525991614826
2021-05-06,0.022586530133925534,0.011708673425513731,0.022504615646638654,0.013217065217896864,0.017980733300605494,0.012744801805856331,0.017953229060902857,0.026752212166600228,0.01793613586072266,0.0267522121666002,0.01559359239832208,0.02675221216659893,0.015538533992049373,0.026752212166600207,0.017152072629343325,0.031946978500581584,0.018561367120621158,0.018957183030088778
2021-05-07,0.003920218945235529,0.003996416065813404,0.004027718082341593,0.0033439526951783353,0.005748274987475013,0.013259823266513433,0.00744903579981044,0.043996600480511266,0.0075302242372687275,0.04399660048161851,0.007381241773011856,0.04399660048101773,0.007479002205865079,0.04399660048051623,0.00780438350912625,0.016117166282953677,0.0163461678587495,0.005210977254313424
2021-05-10,0.016683221502426168,0.017556659590807912,0.011784539464596075,0.01668428038829921,0.014673600145105187,0.017318769393504147,0.014847632550855106,0.014055475545434338,0.014874454404856616,0.014055475545832268,0.014907862548629199,0.014055475545616343,0.01494687995107083,0.014055475545436123,0.015086892898695668,0.025601843049914315,0.018846987718921335,0.014070132649449715
2021-05-11,0.015632227881125182,0.026417264745522306,0.01847609063740152,0.030583950917998332,0.018358001560197554,0.03301357610469447,0.015798753159801223,-0.0014450065656775415,0.015381664327624745,-0.0014450065657372836,0.014921739657735274,-0.0014450065657050796,0.014426870484982325,-0.0014450065656778103,0.012822931762349518,-0.01919307714898299,0.0027222163898674096,0.038387108943470305
2021-05-12,-0.016429293227295094,-0.01833736515139177,-0.016635886050469163,-0.019521799463635026,-0.015634453128321953,-0.01826356811355095,-0.013551257708589302,-0.017595732996033793,-0.013339749041896352,-0.017595732998302565,-0.013115783495795343,-0.017595732997071505,-0.012882171921492458,-0.01759573299604399,-0.012157263452512753,-0.009619835809824768,-0.009779733837666628,-0.0227390772234736
2021-05-13,-0.006163205258010066,-0.0034070802958789327,-0.001494138236034582,-0.002733270137995201,-0.0038027696310987437,-0.024790299752767676,-0.005930807009064105,-0.011954844804961465,-0.006096165642083601,-0.011954844803844601,-0.006266883022859869,-0.01195484480445054,-0.006441487220368614,-0.011954844804956455,-0.006968626247093656,-0.015879245825192543,-0.01075129022866862,-0.008920378055125206
2021-05-14,0.01237931871675168,0.005276492028851456,0.006786572504095437,0.003958163522915716,0.010483449829004308,0.012407035652604093,0.013518116601067038,0.005248633309280292,0.013659989333269996,0.005248633310066418,0.013812703265334552,0.005248633309639873,0.01397416470018104,0.005248633309283825,0.014485634745126126,0.019164403448466486,0.009147639110676769,0.006518398183375843
2021-05-18,-0.01255031334991126,-0.008490590248524813,-0.00957710771218277,-0.007948255022166938,-0.010672569565069259,-0.011298120731078347,-0.011054001566466206,-0.008279433708308647,-0.011079024153142098,-0.008279433708836218,-0.011109315539372501,-0.00827943370854996,-0.011144131398531305,-0.008279433708311017,-0.011267139760942745,-0.013133852576415393,-0.009756281421945862,-0.009500605788002502
2021-05-19,-0.001468201455366563,-0.0008938629786019238,-0.0033703754662788134,-0.0007760260931080466,-0.0027628321748983603,0.00015371530701537364,-0.002794739693213571,-0.0068093439404037105,-0.0028068900733798207,-0.006809343941844818,-0.0028207917348075768,-0.006809343941062923,-0.0028362336740152014,-0.006809343940410183,-0.0028888832038529897,-0.0032902629084516797,-0.0015646024743399575,-0.0030605997739652497
2021-05-20,-0.00858027413393482,-0.011449009675275817,-0.009513582842157142,-0.011987420552274307,-0.00946644158095568,-0.013487897599760027,-0.00854634165014925,-0.009279223983653788,-0.008536045544187297,-0.00927922398213396,-0.008518939085046064,-0.009279223982958546,-0.008496009677375776,-0.009279223983646941,-0.008402228532328778,-0.002698680646907586,-0.008487953684421056,-0.011178312306194663
2021-05-21,-0.007061960423145435,-0.00402500115008735,-0.006958563602702354,-0.003133579435585668,-0.005079905072697026,-0.00748969376357901,-0.007252643968769675,-0.011706882572601142,-0.0073675221630672355,-0.01170688257304927,-0.007486277973260155,-0.011706882572806126,-0.007607767604793621,-0.011706882572603152,-0.00797410372819997,-0.007986193720292634,-0.0069885800603585475,-0.0014165275769151622
2021-05-24,-0.01704357584888435,-0.01806073367153247,-0.015807571992647117,-0.017302634064098543,-0.0126202166914883,-0.01768518641963945,-0.01445366332935357,-0.020434530360382733,-0.014424568864246822,-0.02043453036015579,-0.0143952231594898,-0.02043453036027891,-0.014365740318928618,-0.020434530360381717,-0.014278857805372249,-0.023024106723137566,-0.01749067315166383,-0.015112607449370175
2021-05-25,-0.02084177509432628,-0.019326033112048675,-0.021267971731604884,-0.020222564414939755,-0.024093020592261375,-0.02241877170643195,-0.02264891686522723,-0.030702060164184544,-0.022541653750277453,-0.030702060164744513,-0.022422721675157693,-0.030702060164440655,-0.022294155174965934,-0.030702060164187042,-0.021874346649323508,-0.010216720491443978,-0.020122668297187694,-0.02569533150139689
2021-05-26,-0.01222658519217708,-0.0162291771363123,-0.010698497761489617,-0.016583178252757912,-0.009467113423663069,-0.007243104499616841,-0.007084275287477707,-0.007347166303042396,-0.00698195027521804,-0.007347166303493163,-0.006877263966058297,-0.007347166303248587,-0.006770937135461262,-0.007347166303044425,-0.006452937202194539,-0.004574450205730849,-0.012270684411196048,-0.011027248205641086
2021-05-27,-0.012340925363997217,-0.01902239625712364,-0.025864179523657407,-0.024029859170425348,-0.027377101723086328,0.0009616447050630726,-0.019071733467832398,-0.0728279290836574,-0.018890312431139093,-0.07282792908194116,-0.018693499117331043,-0.0728279290828725,-0.018483773971989803,-0.07282792908364963,-0.017809814149439947,0.02809131017742203,-0.028927432657943536,-0.015311305388889316
2021-05-28,0.03316064441664445,0.03868330122904447,0.0368004141416415,0.041483401947596636,0.033409619369660845,0.01900523958189682,0.030156139827738696,0.08812535802427926,0.029921367157195664,0.08812535802474854,0.029671310990508314,0.08812535802449395,0.029408760084531416,0.08812535802428134,0.02858322552272425,0.01562748048045459,0.046044473753154756,0.027898142856071798
2021-05-31,0.0012850251017089362,0.000565970365678704,0.005428463063670917,0.000329904361433007,0.004016990812472601,-0.009737317792470796,0.002177146087322177,-0.0015012871189801621,0.0020819498393392305,-0.0015012871214205776,0.0019882107933459937,-0.0015012871200963864,0.001896011008345016,-0.0015012871189911325,0.001633431402252282,-0.00946521730732118,0.0010627809083126947,-0.0034135770058549447
2021-06-01,0.011914084267911273,0.010708525498243256,0.012360900036366173,0.010369585636412559,0.014290553373491773,0.009649172755714535,0.012139602858326614,0.011339514112554072,0.012226353428190553,0.011339514113276595,0.01231423739488995,0.011339514112884589,0.01240256975481384,0.011339514112557316,0.01266136196712066,0.01871825794542087,0.014678699466437357,0.00877187351212862
2021-06-02,0.016976508652380776,0.014718484063147248,0.007621831671285931,0.014138695970032573,0.009471013189890761,0.04344038825728469,0.01239685482790117,0.014727605360250662,0.012466153699096896,0.014727605360049835,0.012533349805610423,0.014727605360158717,0.012598469953613384,0.01472760536024975,0.012778996155618363,0.005479923703827118,0.01486287031830792,0.028878378612626307
2021-06-03,0.00737220535355678,0.0050971203907020785,0.0072978088489079026,0.005211161242005654,0.00892587391867616,0.0012504253942536344,0.008627430353687472,-1.945777193187613e-05,0.008604842883638705,-1.9457770966384782e-05,0.008584057465345882,-1.9457771490237465e-05,0.008565040958306347,-1.945777192754022e-05,0.008518448896583715,0.00600604360110278,0.0028428295061003073,0.006026976866174169
2021-06-04,-0.007973603378023414,-0.003953641456483307,-0.010031931493107847,-0.004224869064320611,-0.010091350303916412,-0.004277580787829506,-0.009298234271421136,-0.011417694136610111,-0.00930963869224678,-0.011417694137337552,-0.00932537092262753,-0.011417694136942899,-0.009344962127453506,-0.011417694136613376,-0.009420994855527142,-0.008496323893708087,-0.008640828995046583,-0.009416783311310902
2021-06-08,0.008680626078691906,0.007180622818207102,0.0050507854845720295,0.0060266582579739875,0.005554125889047208,0.009900853709988708,0.00800041200171849,0.007891483538058517,0.008054950642283648,0.007891483539215764,0.008110958848462241,0.007891483538587851,0.008167742342484057,0.007891483538063718,0.008335429788607072,0.004749866965840284,0.006847262191096874,0.00325841513808698
2021-06-09,-0.005015999785892158,-0.004580688050238613,-0.0031362992922993453,-0.003477481304125668,-0.00623455411416327,-0.005507869651240494,-0.006031079811499096,0.0020023924426904416,-0.006020270664202474,0.002907816271030926,-0.005067047630283866,0.0029078162709404902,-0.005066838965740773,0.003493004202139885,-0.0050695876778215,0.002376594765570528,0.00017665963219784138,-8.034154782820711e-05
2021-06-10,0.005260557916908287,0.004432086679034095,0.006905861316237753,0.004572037876453962,0.008023754154789068,0.005840022898872649,0.008048340678854966,0.007652061030271458,0.00805752911559285,0.006225877741363282,0.008703656091761085,0.006225877741382907,0.00868693236695875,0.005527872528288898,0.00862508537574335,0.005558045390908437,0.001843656568577138,0.010225576228842768
2021-06-11,-0.0008521809439351591,0.0022987125977072757,-0.001808111781708972,0.003069565891867255,0.0005350376048592631,6.331684282042287e-05,0.0004829871071319147,-0.0028356608969668908,0.0004513755717761844,0.000783391696498781,0.0012979980541323716,0.0007833916962433174,0.0012446383127452552,0.00256967127958869,0.001078894270896429,0.0025231778530265168,0.0004799657253993845,0.0013672451883023537
2021-06-15,-0.0004320927883246081,0.002716723115681423,0.0004281047234652689,0.0030469561313388586,0.002265308319581623,0.005107083027985553,0.002259624353748709,-0.001338045201080757,0.0022557129369902423,-0.000389950105151643,0.005074646656543926,-0.00038995010510701523,0.005032858334137001,0.0004580827082442104,0.004904380783255974,0.0012060532391549742,-0.0021972114395227595,0.003041475985090562
2021-06-16,0.006832112595507731,-0.0005393613121983398,0.0030298742515326724,-0.000296768365373648,0.0025928379338013567,0.007635654764962849,0.002515293685549899,-0.008045032994051675,0.0024748756548247874,-0.010752921976405004,0.0001263775166448623,-0.010752921976076291,0.00012221763666494774,-0.01212984049246442,0.00011327862661264987,-0.012175788543023187,-0.0016919163805445558,0.001950354111439387
2021-06-17,-0.005915864833577927,-0.001207267093001352,-0.0045676358760594156,-0.0017168640475698248,-0.0037291982975912272,-0.009648920014078403,-0.0037064967462284775,0.0050145426891960426,-0.003696864611510464,0.0006781471809730467,-0.0044813432772130325,0.0006781471809380398,-0.0044685156130470464,-5.058237202701984e-05,-0.004441616205683915,0.0028283540301475073,-0.00013895934521697864,-0.001936163688125028
2021-06-18,0.00987139814251737,-0.0016929289686534682,0.006027646353727066,-0.0019387492442989535,0.005354890177770197,0.017635347621514762,0.005462134191874184,0.0252059960498963,0.005521768219925768,0.02472158369515423,0.001671434049133877,0.024721583695220775,0.001775338828704451,0.020273005213475196,0.002088638513956403,0.011860260604076604,0.00788536059929752,0.00536426030289951
2021-06-21,-0.00922834877407332,-0.009448404201625581,-0.009222538786950025,-0.01037156086373416,-0.006646547959977728,-0.00029216042664779654,-0.006598288637822965,-0.013901169439412163,-0.006564363112759781,-0.001790081702374575,-0.006414169749033988,-0.0017900817026393215,-0.0063946091902542055,-0.001844829501746607,-0.006320668820790336,-0.014065412837058238,-0.006775473006566816,-0.014765230326112206
2021-06-22,-0.0037039986958360195,-0.004434284867244846,-0.002382782474068105,-0.004790523394080117,-0.004744732161963624,-0.0077623417853143455,-0.004807298294365588,0.004565875233114962,-0.004836604051043912,0.003121250693708527,-0.009471552172342862,0.0031212506936021205,-0.009435179554341833,0.0018378613844135915,-0.009321187101674733,0.0007157073052278839,-0.0020191299386793215,-0.005282199722864676
2021-06-23,0.004169720456334887,0.0035030246017968654,0.005804668689185724,0.0035318932880164656,0.008640459600028648,0.004455550013614718,0.00851309694297937,-0.0020569229560906625,0.00845117671353502,-0.0028195239852867667,0.005498058263794674,-0.002819523985197051,0.005493071789155478,-0.002171418016710061,0.00548642287075684,-0.00011260505042404181,0.06091402931019627,0.0016758661724520227
2021-06-24,0.0219603154477448,0.007244337380932982,0.02075973060837802,0.008318141922010152,0.01908657447995502,0.020327913346634682,0.01958404637906825,0.024296921270254943,0.01986405117800078,0.02068102923510646,0.023831081223319662,0.02068102923532778,0.02407607135887309,0.019112213643387013,0.02485408995690108,0.01959047449446588,-0.012772603381332426,0.015349725507947333
2021-06-25,0.010340424619500115,0.009715249641138873,0.009032228685506257,0.009881634150254878,0.008680131283919697,0.010773685599344001,0.008530572232218862,0.012343652283844922,0.008446442007034219,0.013527756283354257,0.006891929217993601,0.013527756283196003,0.006813362844131565,0.01334460713458823,0.0065665125580508885,0.011794204837802571,0.007646931021548071,0.012171219327848619
2021-06-28,-0.009726049767025322,-0.007429318598746969,-0.009701562752382972,-0.007467207996187442,-0.009030698948429089,-0.004450890256885252,-0.009014837635867386,0.0011571322997669055,-0.009007348885529447,6.023408864086238e-05,-0.009669772507274856,6.023408871425726e-05,-0.009641960107175572,-0.0007257419190033827,-0.00956462847891208,-0.0012007957234139621,-0.0043636321135560345,-0.008610939426296257
2021-06-29,-0.008231168294917646,-0.009049737908232325,-0.005462767447681455,-0.009125155424571653,-0.008755031373520388,-0.01422449231769115,-0.008899038816300971,-0.018767231015560375,-0.008971587906993855,-0.017694972193210864,-0.012835482939633797,-0.017694972193217452,-0.012843702520303986,-0.017067261389328632,-0.01285967317566248,-0.01688409860380776,-0.010548855186482613,-0.010343360100407307
2021-06-30,-0.0049631446933975695,0.001699549495685688,-0.0024306483288753936,0.0023448955057407926,-0.0011216081737530866,-0.012520384011091148,-0.0010980372928569581,-0.03902309766868452,-0.0010856227281525956,-0.04288551139566179,0.00284547525787861,-0.04288551139520684,0.0028258566082778576,-0.039549942440982394,0.0027716170452344747,-0.02901639080496217,-0.011699564276757815,-0.0024441747931699394
2021-07-01,0.008187653651673068,0.005060331440360607,0.011397609134646741,0.004257640947127573,0.008732966944112543,0.02018248384162117,0.008848219882247857,0.021407943318446226,0.008914400454836926,0.024194157052293806,0.006404496636813206,0.024194157052244654,0.0064820468780578625,0.020161616140317865,0.006721210831169177,0.009310320582005902,0.010423099606304867,0.010375738759584845
2021-07-02,0.010399865072676621,0.007920292570114174,0.011046764986188378,0.006757938098593728,0.01220309219925599,0.0027658245793512003,0.012429464846516745,0.015688525988198785,0.012554984306368483,0.014171606805476447,0.014361691694315667,0.014171606805383829,0.01445102560106072,0.013535006425542609,0.014730633531339911,0.01377872484846549,0.011946915785452225,0.006925792377963875
2021-07-06,-0.01090006512116937,-0.005931817885909109,-0.012000012224973634,-0.00472616694518766,-0.011426925322223417,-0.006106983630118237,-0.011480998278761818,0.005648914742893112,-0.01151780068280577,0.006434661893994009,-0.009528870688348257,0.006434661893759333,-0.00958753146726642,0.008005183930754672,-0.009777779813381503,0.010360480853828995,-0.0059596489094796545,-0.005656335503791695
2021-07-07,0.014689896822672688,0.004664245302185945,0.012360703943431644,0.003878373171764948,0.010699026175616126,0.01258722228562865,0.010779902895538665,0.004810466295149011,0.010825470160609276,0.004258154271474256,0.008678967960326823,0.004258154271665394,0.008730474783210707,0.0009163322217377544,0.00889049496993393,-0.005214999854901195,0.009005516308555468,0.00939564464740544
2021-07-08,-0.002585258177030811,-0.004103350117002399,-0.001211328095256389,-0.0034780570147922105,-0.002326732732745774,-0.00713459144208411,-0.0023229710033585934,-0.004067369001050807,-0.002323448287737073,-0.00883746576137093,-0.0007325146651055666,-0.008837465761226937,-0.0007418199346921138,-0.007757974385940094,-0.0007715350233339212,-0.0008288948748565248,-0.007086687850542969,-0.00015321747643961628
2021-07-09,0.006747226991734362,0.002013596913350543,0.00495060723155047,0.001861641384537139,0.005480913338538209,0.012709202962340408,0.0055581432776990744,0.004259550839956927,0.005601826794195855,0.0061931249359043665,0.0049659070065424995,0.0061931249359912415,0.005011036862405166,0.004453272614430777,0.005152803025337855,-0.0009600061248778021,0.006877194807845898,0.0034108063245088405
2021-07-12,0.005764264940837103,0.006033868841310577,0.00585936403255847,0.006427494494583031,0.0057313380208465015,0.0012048097486445568,0.005700305843818329,-0.0006181640916654107,0.005688747701824623,-0.002395309871937397,0.0035447826656390792,-0.002395309871953872,0.003520350870885752,-0.0023868429142510023,0.003386933564967721,-0.002936723388833891,0.001430150389777685,0.00853956592956264
2021-07-13,-0.004067912647966098,-0.0011259624370402919,-0.004084404796517553,-0.0006055242962287675,-0.004123498739615292,-0.00027875859459531595,-0.004133623205133689,0.0012090165595915591,-0.004137214677113865,-0.0005767162516414018,-0.0031739234978097985,-0.0005767162516414114,-0.0031671610699167702,-0.0005767162516414095,-0.0018861165841642278,-0.00254152669514048,-0.0012456082292547107,-0.0024730989362322844
2021-07-14,-0.008797458750291023,-0.005477723523126766,-0.008867184371058873,-0.005640268385193415,-0.008858451697106261,-0.00452032518599357,-0.008819961888057747,-0.0018498314077688889,-0.00879711057116378,-0.0018633983992665838,-0.007809253435978072,-0.0011516348866481758,-0.007775269016158528,-0.001151634886648172,-0.006869134847482286,-0.003481932205410671,-0.004072628612033033,-0.009968281436214992
2021-07-15,-0.0043585732038197815,-0.0036407762263827087,-0.004375908476405829,-0.0036404058704771407,-0.004284219041682493,-0.0021196760822399584,-0.004213620351588784,-0.0022194788698464943,-0.0041738454239573395,-0.0032974308681614087,-0.004635488834529489,-0.003655887848728162,-0.0045945965119802345,-0.003655887848728144,-0.003997110072674956,-0.004189112213713945,-0.002942922996658381,-0.005542239049735651
2021-07-16,0.0001060839706776082,-0.0024682743578839186,6.735991372988534e-05,-0.0020569573535173732,-1.6348946182520666e-05,9.129475191704338e-05,-3.587517117785533e-05,-0.00014669519688341727,-4.245541032949857e-05,0.00508786137355016,-0.0009600608783462684,0.005355752844283031,-0.0009692414907375665,0.005355752844283004,-0.0007121928254777795,0.0053282563315946675,-4.351457755386056e-05,-0.0009649893255632221
2021-07-19,-0.025683733814949202,-0.019334753538625307,-0.025752048927149843,-0.020135220072795817,-0.025781936514056646,-0.013291666069327822,-0.025782591152490077,-0.015292040473698885,-0.025783497785031705,-0.01288924004938901,-0.023544444610798083,-0.012250414402169158,-0.02352888190778363,-0.012250414402169122,-0.025185325485557984,-0.014024380733265828,-0.019645456189284663,-0.02216837057190619
2021-07-21,0.008726713850041323,0.003479895442308331,0.008812774367758014,0.004204232612517424,0.008861822386628948,-0.007912668130969334,0.00885090960346754,-0.0009039371377343141,0.008842077889433728,-0.010958396266244287,0.00815975824265447,-0.01298923314363717,0.00814077349951724,-0.01298923314363719,0.00880945666289186,-0.007815593827445406,0.0009403425404097307,0.005001400681955273
2021-07-22,-0.004478345091290831,-0.0038554988580122985,-0.00417804855998169,-0.003675984705757842,-0.003682929305252545,0.0047670887681515554,-0.0035263400475792515,0.00310412239491822,-0.0034527377487580907,0.0016588190856187527,-0.004178690772076759,0.000936167430969033,-0.004116649847376733,0.0009361674309690284,-0.0046899341102056525,-0.005516115444917322,0.00046109984903228477,-0.0013733712577382894
2021-07-23,0.004229326246098357,0.0023636686364151187,0.004242503032791233,0.0025608362391161092,0.004230931613154587,0.017129864148858392,0.004200865351095451,0.012713908950695494,0.004181301062942616,0.007951710287086473,0.004915640722330391,0.008108307742894925,0.004896423519960676,0.008108307742894982,0.002379441021543311,0.008297418945670675,0.004351473981705957,0.008781589351807471
2021-07-26,0.003419268773482099,-0.0005214790369635082,0.0034246927602422563,-0.0002576598942999542,0.003353236392732017,-0.0026093515657156134,0.0032938566978363533,-0.0003318881326568163,0.0032592344887846848,-0.004445845915238203,0.0033102004870886013,-0.004933150887377202,0.003270116295486027,-0.004933150887377201,0.0036589034664754883,-0.006240677765619688,-0.001082671978045149,0.0028082889830159676
2021-07-27,-0.005943475118085946,-0.008914798590918155,-0.005862961458241617,-0.008939673066862922,-0.0056583520493251275,-0.012673726244071521,-0.005588504030659148,-0.01124415310628846,-0.0055571866050521754,-0.00468527607583886,-0.006504478123646072,-0.0058490272840236324,-0.0064879211014863694,-0.005849027284023683,-0.006346732584429483,-0.0011411621800286017,-0.006974456008960197,-0.008747150001360305
2021-07-28,-0.002190553701016569,5.843715601655916e-05,-0.0023189945285012224,0.00016836742480984832,-0.0025323445891434378,-0.005404389049483251,-0.0025774096478064965,-0.017616557021563208,-0.002592920007213132,-0.019529326119996002,-0.0020308676965079793,-0.015159584316773594,-0.002032289630558347,-0.015159584316773429,-0.00012747087906383618,-0.008748769508769934,-0.004549430759574591,-0.0057586982268664905
2021-07-29,0.002686313438167924,0.003604958787822889,0.002735496889054097,0.004360103740157321,0.002712109701872453,0.002755504851429665,0.0026804018364697414,0.0015083546337278828,0.0026630851749283343,-0.0011353159285961533,0.003887404846120275,-0.002576655155833511,0.0038798252044962766,-0.0025766551558335446,0.0044592981266927765,0.0018065825956551788,0.0014295928662677222,0.005277759035733468
2021-07-30,-0.0052452568805480704,-0.009723976257279478,-0.005198084313860568,-0.010016841200683994,-0.005009895647175154,-0.0003753841410844303,-0.0049409992149817275,0.001151355301440115,-0.004910398267218101,0.003258555307370956,-0.0052120294970700014,0.003643151609493492,-0.00519164568711481,0.003643151609493524,-0.0072935615597930145,0.0014431362634165384,-0.005232222237791499,-0.007279693548725099
2021-08-02,-0.006526572593702952,-0.0038080528497071837,-0.006634060088544088,-0.0030890983220762894,-0.006826398176663636,-0.011528907603147807,-0.006860104845029919,-0.013232552267285381,-0.006868320034289444,-0.007455536474216873,-0.00805242897195766,-0.006261957994959893,-0.008058411335527422,-0.006261957994959916,-0.003348134393858424,-0.0007206268379070616,-0.0028022686074326134,-0.010876047721298061
2021-08-03,-0.0034995647382133253,-0.000779640939282243,-0.0035386692715178632,-0.0013937184693815683,-0.003648609352392942,-0.0028240566485457997,-0.0036858133426305316,-0.003237833324509642,-0.0037024476763988703,-0.005388446686376991,-0.0002370863959082882,-0.0027794143996592987,-0.0002223949423632095,-0.0027794143996592484,0.001105426373889677,-0.004047629707534095,-0.0009837782809856079,-0.007912947832416481
2021-08-04,0.004200418509009152,0.0020929039939503753,0.004121921627654549,0.0010849405895173038,0.0041263188172761455,-0.006098750264858077,0.004174464045450557,0.0005993982633280094,0.004204428308611303,-0.0015112584029526655,0.0017312503243866394,-0.0034799205149531973,0.0017466094474148882,-0.003479920514953269,0.002040177885536536,0.0014267314450474508,0.0008716381041670533,-0.001842664336185357
2021-08-05,-0.005849618386849137,-0.0009386108091090796,-0.006080334204393122,-6.0139058833112333e-05,-0.0064109572918385595,0.0010624679606915449,-0.0064794282834040005,-0.0031935301990657014,-0.006504060406448923,-0.0028096640895358405,-0.005432820200143987,-0.0005873610566978907,-0.005435838552201521,-0.000587361056697831,-0.004542182465336584,0.0015629244051305869,-0.0054717571519093955,-0.003067250000812712
2021-08-06,0.0009394121215147776,0.0034489516716810433,0.0010345608745528712,0.0032454346195595575,0.0011747190538130212,-3.9610886276416455e-05,0.001181032048191052,0.0011727056801877492,0.001174721498618547,0.002310936022535205,0.0033203603096464353,-0.0002803553500973217,0.0033187565452759494,-0.00028035535009737344,0.0017822623686389095,0.000909560853382398,0.002617775972817815,0.005607726674365167
2021-08-09,0.0009374306980672521,-0.0026142472336381714,0.0011326788647312992,-0.0029439911918119213,0.0013945410715881419,-0.002833871590654515,0.001429123836856265,-0.0009787142992927613,0.0014350005921114832,-0.002651629887019504,0.0007884716749966726,-0.003488087680882883,0.0007737780263893788,-0.0034880876808828683,-0.0008296093987524058,-0.0077878570777337045,-0.0012383483087253667,0.0022147340099614257
2021-08-10,0.006819514385928282,-0.004254024365027375,0.006876446952343819,-0.0062153519261540415,0.007014066721716132,0.016192740837103065,0.0070592242797567865,0.012443930685598879,0.007079225376142909,0.0034603831627074977,0.00698595575843581,0.004577270105645666,0.007000735869636924,0.004577270105645793,0.0032170491658758582,0.0027963335384952174,0.0025435902966971275,-0.0016877452475992207
2021-08-11,0.008295980767425711,0.0013015709283590924,0.008363027740843324,0.002158405564231201,0.008456180260287277,0.004869557755354104,0.0062688245983012906,0.0068350810217945495,0.006262237555316496,0.009719198504263298,0.0064762339265661125,0.009516685758634975,0.006467465098918698,0.009144572079661597,0.007068358659793705,0.008082038884506754,0.0050602213220358955,0.006463998781833306
2021-08-12,0.003947927793419981,0.004049274318020571,0.003994273725669455,0.0037694385543267615,0.004035129887867182,0.00602278886574149,0.0036647045144295454,0.012537976398155687,0.0036655327122894297,0.014822835395621375,0.0036655874782405315,0.014822835395633503,0.003664961954328449,0.01455545718631197,0.004914155086159577,0.005369894776387742,0.006759543558730782,0.0010732266044878298
2021-08-13,0.004639193584064251,0.013737764590874892,0.004672639919917027,0.011645907593493541,0.00475322707221773,0.007830738617891317,0.007297990669056114,0.006888784917881845,0.007326233463783908,0.0035295622523871606,0.007355371237123207,0.0035295622523776214,0.00738517627463405,0.002702525775953857,0.004788808696409772,0.00501973572277376,0.00983389556562272,0.0033991792645738255
2021-08-17,0.029006222183520662,0.028362174245382198,0.028806141328475362,0.028802102103567533,0.028414448824565,0.030541636503683006,0.02425628421668346,0.03281232003556717,0.024187954081716326,0.03435642177966858,0.024120706551632076,0.034356421779677786,0.024054453948097607,0.033752085393243224,0.023683332331832938,0.032345829852714524,0.02797833659800261,0.032848640372366525
2021-08-18,0.016445445209017626,0.018576646558399593,0.016198596974482705,0.018330945266689897,0.015921293951127978,0.022145495965761066,0.018397932238412296,0.02476518798903564,0.018407240475829693,0.03180318006033745,0.018422514284777463,0.031803180060368814,0.018442690367930347,0.03480449149121873,0.01860785707567822,0.03375464966766019,0.020332251478385157,0.011646854801577334
2021-08-19,0.004648434277371715,0.0031110935342777268,0.004520330158736769,0.0031008279061683548,0.004301183665785447,0.0028432227130807683,0.0004808764188691373,0.0032612754239658504,0.00043665645750317846,0.007575074576140505,0.0003923090905119318,0.007575074576152447,0.00034791753128319875,0.0077974753979335246,-0.0002760717345521032,0.006758706989757519,0.0052876264467171955,0.007560801261177059
2021-08-20,-0.0009501428094467492,0.0032774907212127667,-0.0009630425017358251,0.004051065261822216,-0.0009944003012386429,-0.005533241467921939,0.0006265286401764103,-0.002735348131079612,0.0006261149137939026,-0.003507989648350057,0.0006263286482560619,-0.003507989648353477,0.0006270633572797303,-0.0044695151480971095,0.0034904012945062204,-0.003918335750250554,0.0002682748597009468,0.0001237414174278267
2021-08-23,-0.0009771399410152364,-0.004981362960082677,-0.0007864411233917176,-0.004987349454335181,-0.0006419634898308943,0.002323599112417037,0.0014475951342583504,0.001866939576133858,0.0014462136221285614,0.001446731096327156,0.0014438515541964174,0.0014467310963310726,0.0014409327114484052,0.003246667910595474,0.0032192914842734833,0.0032892415797382652,0.0010033456488982141,-0.008295520940669918
2021-08-24,-0.004700914055477312,-0.005259915804105908,-0.004609105870155048,-0.005410810986009743,-0.004476424863813785,-0.00585891307193071,-0.0022261020392411474,-0.0054381940147206365,-0.0022134946689841254,-0.007053870559672227,-0.002202215495753383,-0.007053870559677543,-0.0021920600956752065,-0.007359913609112999,-0.0025925728058946874,-0.00898909578703835,-0.004836289136606725,-0.0039275146607020165
2021-08-25,0.002596096500622242,0.009337120148774275,0.002565925409020788,0.009221144728280554,0.0024954249062142785,-0.0027387996816571193,0.0013808587721769378,-0.002296993361415514,0.0013713530938529257,-0.0015748446754566814,0.0013621784418901624,-0.0015748446754523418,0.0013532460832127104,-0.0024990575321380054,0.003940060299585846,-0.00125560885383988,0.0039725566004523705,0.0021291032017453134
2021-08-26,-0.006490332583925322,-0.0038486758992910667,-0.006511502870290292,-0.004096334286320632,-0.006523141943276369,-0.007933427199571842,-0.005557399428725894,-0.015508805937059483,-0.005552135257782685,-0.023382743232160767,-0.005546737409015949,-0.023382743232188162,-0.005541316448997556,-0.02423136031221884,-0.008180562288746042,-0.017816470110161176,-0.010361611454545634,-0.0007168146481786801
2021-08-27,0.005385054305631086,0.0007665321175335147,0.005450530488205564,0.0004604383212952151,0.00550359725108272,0.013115664216036087,0.004974672533752163,0.015445684670641752,0.004966534301928073,0.010766937515847771,0.004957296685156492,0.010766937515848252,0.004947281472704283,0.012412335811059848,0.002692233407504933,0.006689165524817971,0.005309493682488662,0.004942663053961904
2021-08-30,-0.003359629480709115,-0.0036239445736939704,-0.003260859296227196,-0.0031982392080829435,-0.0031197561108061503,0.005059305527331229,-0.0037433233468121357,-0.0008451134615818416,-0.0037435895043728537,-0.0067086750265693456,-0.003746806257421613,-0.0067086750265826925,-0.003752486463390683,-0.007250382183241983,-0.0031374543856183016,-0.005403698038062556,-0.0021009369929703087,0.0007227142436472943
2021-08-31,-0.001290067299965785,-0.005308469111141724,-0.0012730752566216467,-0.004771479520608905,-0.0012746012903113915,-0.0006904555423561507,-0.0036818447245556235,0.006530079130151519,-0.003700238202860629,0.0007642986327758816,-0.0037199589060946782,0.0007642986327728897,-0.0037406665196281236,0.0005433245008285774,-0.0038964366673619627,-0.0055397400690389035,-0.003950989125859117,-0.00012035158240344241
2021-09-01,-0.00044326944374646,0.004146380741589754,-0.000526026545559964,0.003299414987930311,-0.0006100096686743763,0.012612748449841922,0.001772545256954129,0.011962833547183357,0.001777683953916553,0.01583610662855711,0.0017841536646741297,0.015836106628570653,0.001791596419299002,0.017691730830158698,4.592929269555735e-05,0.010431345149900994,0.004995201358385265,0.0026084915276752656
2021-09-02,0.007125423660807324,0.002742969547231128,0.007152201830943557,0.004016822888051751,0.007113892187917729,0.0010002035827284114,0.005043332283865146,0.006557050716846491,0.00501765832186924,0.008804690410481224,0.004991029472404805,0.00880469041048881,0.00496374629545929,0.00860922298072812,0.007132849945526885,0.005283175023767097,0.008098952013089428,0.006941428717628869
2021-09-03,-0.004729275417540247,-0.004229916558354629,-0.004766604026122253,-0.004294257510264862,-0.00481069763092457,-0.0017124672548676644,-0.005405756466186543,-0.005452266140498622,-0.005414343304574815,-0.0013435254395383273,-0.005422995260427145,-0.0013435254395339166,-0.005431691666792218,-0.000743704083686029,-0.004854760670412662,0.001480263226564856,-0.0028587953536625254,-0.004546398058017677
2021-09-06,0.00044896603106529766,-0.0006801188874430391,0.00047040779983750135,-0.0013913251631990668,0.0005383834559123166,0.0010904898352086983,7.703657235577947e-05,0.0017240623703206402,9.225741963282707e-05,0.001551706060250665,0.00010757384615508211,0.0015517060602513746,0.00012295487235223633,0.0014655279052157464,-0.0023262706048744674,0.0023342310611352366,-0.0006479585329794855,-0.000918581383588272
2021-09-07,-0.0042528459789042145,-0.0034435635920755077,-0.004254919416314279,-0.0030116915930656495,-0.004280543549740083,-0.0020548122240034565,-0.003528349056244842,-0.0007644257003414281,-0.0035322142086750075,-0.002338223696714592,-0.0035360556913859756,-0.002338223696722116,-0.00353988512355768,-0.0028550410813733547,-0.004040570213466075,-0.004945550248918781,-0.0031170045442973143,-0.00017911389173325934
2021-09-08,0.0009521047760465474,0.0005521676373621066,0.000966164360470512,3.318924631191621e-05,0.0010091392795137496,-0.0074000184790294025,0.0005798194818551413,-0.006093856754042624,0.0005904502581090538,-0.009517809313354211,0.0006012418404554575,-0.009517809313361943,0.0006121505124513506,-0.011789836874117242,6.583285797525848e-05,-0.005534498849977287,-0.004261877971701971,-0.0020764565035097365
2021-09-09,0.0010982902313271938,0.0028050156962281425,0.0010080374961505087,0.002956037607229305,0.0009255335523539648,0.0013337948388151511,0.0017939204964322704,-0.000431159776513574,0.0018079365725112153,-0.0012092443210628219,0.0018250126203696964,-0.00120924432106199,0.001844654592404939,0.00034075898309020476,0.002620485972795816,0.004773597565938949,0.0011646996539146728,-0.001294251821195466
2021-09-10,0.00024302634367691974,0.0017140133822826653,0.0001860106420822245,0.0016268312068779816,0.00013070030578788547,0.0025922441947685672,0.001397437201062196,-0.0010607021090106256,0.0013996166308823648,-0.0006828656020022064,0.001402258847965728,-0.000682865602001597,0.0014053913179129986,-0.0004855193428959793,0.0011810635685720599,0.0007333014835473179,0.00282493507091311,0.0027379276585613203
2021-09-13,-0.002240281255955824,-0.0015640150566828901,-0.0022132458020449764,-0.001350929596785705,-0.002197468984785127,-0.004090178457202943,-0.0014218109783946508,-0.010555581775246804,-0.0014169815416582197,-0.010555581775246809,-0.0014113590071573798,-0.010555581775246124,-0.0014049529554317943,-0.010555581775246209,-0.0013818186731864607,-0.0050537849264832195,-0.006259981215120237,7.567576390139167e-06
2021-09-14,-0.0006130977058339685,-0.0026846800398890353,-0.0006745084678451371,-0.002577351792538378,-0.0007363110754478867,-0.0003820335564650493,0.0012466921078781554,-0.007888884255567961,0.0012513328510925345,-0.007888884255567918,0.0012567060109941706,-0.007888884255570116,0.001262572996710212,-0.007888884255570633,0.0012812513713957143,0.00052389034572011,-0.0025229666022261667,-0.0006255217814167477
2021-09-15,0.005387350564614276,0.00032279697645274264,0.005529037880433888,0.0006804006313093076,0.005739178234543423,0.005919383982070985,0.0036399489212510985,0.009046133502278324,0.0036589819864503888,0.009046133502278305,0.0036768302267651985,0.00904613350227911,0.003693789792712918,0.009046133502279508,0.003740481726180224,0.007963883403625631,0.006609318465768595,0.0017940581470458042
2021-09-16,-0.0009756231534124823,0.009272280701354257,-0.0009787385068041024,0.00797374921243687,-0.000984547503132018,0.0042918976809261,0.002824236027732207,0.009167006557991499,0.0028419060370523126,0.009167006557991506,0.002860418484254453,0.0091670065579909,0.0028794701524445074,0.009167006557990959,0.0029368747494414034,0.00094519761837591,0.006117110196836836,0.00220993859359113
2021-09-17,0.0011738077534962591,0.0027854372996060873,0.0010877351319841643,0.0031751295916062437,0.0009047049267015099,0.005631956907893251,-0.0020527072679727785,0.0005574031451630364,-0.0021002961376594214,0.0005574031451630332,-0.002148919909313588,0.0005574031451630322,-0.0021984230029172356,0.0005574031451632642,-0.0023482042997526728,-0.006109784894446496,0.0029275458216969207,0.005207241823399397
2021-09-20,-0.011442849745269011,-0.007313562789344987,-0.011442266751345784,-0.008423165056759916,-0.011389499364767096,-0.016931368186451256,-0.010363738618577392,-0.01510657596355589,-0.010343343024552545,-0.015106575963555902,-0.010322378502574836,-0.015106575963555054,-0.010300990198101111,-0.015106575963555028,-0.010236462174141332,-0.011408424138166517,-0.011542503246530925,-0.010909831335976271
2021-09-21,-0.0039785806482526605,-0.006552322215750523,-0.004034454303926188,-0.005627416293790982,-0.004012426487320035,-0.010254998647099622,-0.0028115986474531295,-0.0016212636598453613,-0.0027822589500439638,-0.0016212636598453586,-0.0027511177960727333,-0.0016212636598454096,-0.0027185526947035455,-0.0016212636598456562,-0.002616889494761687,0.005130520455362001,-0.003436778932238982,-0.006377195706352781
2021-09-22,0.005275961328075178,0.00800165242888021,0.005321124486706276,0.007432263234562824,0.005372621100437021,0.008382441586613278,0.006052429569647235,0.009993067895096795,0.00605835971883073,0.009993067895096784,0.006064156976867786,0.0099930678950971,0.006069905659950825,0.00999306789509729,0.006087035321812708,0.009650852231033891,0.007336864982653549,0.004475051406048454
2021-09-23,-3.811707540565313e-05,-0.0003776158459024622,3.597877965022609e-05,0.0002949895929033747,7.676303449431386e-05,-0.003608812529139489,0.0008627127416567392,-0.0062263265321865395,0.0008536216618563651,-0.006226326532186552,0.0008431478971777139,-0.00622632653218571,0.0008315894483282406,-0.0062263265321855915,0.000793220331025778,-0.005998041696579673,-0.0015213701549744686,-0.00040118697596494134
2021-09-24,-0.0010918453267955283,-0.0015279042981899567,-0.0011559915748490855,-0.002114555715439286,-0.001271527447161192,-0.002708800746869773,-0.0013791757890973956,-0.0069853434702365925,-0.0013949966359659445,-0.006985343470236575,-0.0014101105407178039,-0.006985343470237265,-0.001424626153339055,-0.00698534347023763,-0.0014646813944158056,-0.0027593450618485908,-0.002920624332982051,-0.0006145263235676024
2021-09-27,0.020776887733320672,0.009868235864089105,0.021077030424121446,0.009945251245413938,0.021359913763499806,0.02050218187932738,0.019780302127173917,0.02161500578636926,0.01976847127844133,0.02161500578636921,0.01975182623478172,0.02161500578637137,0.019731433827865536,0.02161500578637228,0.019656632063168363,0.01724827078262178,0.014854171962239487,0.014743620858862208
2021-09-28,0.0020496788598342083,-0.00020595769708055647,0.00211712800340686,-0.0003427246708319737,0.002278522115293206,0.0010042339402935574,0.0015591488162946295,0.010790261224112037,0.0015881217852439936,0.01079026122411203,0.0016168483461792829,0.010790261224112427,0.00164533857464763,0.010790261224112472,0.0017280026466295374,0.0036329670106723215,0.004258348555125697,-0.0006916670715319711
2021-09-29,0.006456728398992647,0.004732259291546371,0.0064768398412738135,0.004381267801133123,0.006480834830465101,0.005628885663235488,0.004931787028805591,0.0018083786725881395,0.004918065826406185,0.001808378672588132,0.004903271675781277,0.0018083786725885088,0.004887630428611317,0.0018083786725886753,0.0048381470383709185,0.0036642489459255403,0.00681922582825493,0.006512864000568958
2021-09-30,-0.0006608386002318678,-0.0004671980602072393,-0.0006283109694443718,-0.0005259601930653615,-0.000599384683295745,-0.0014566183039473018,-0.000584191829700764,0.0015395428442498897,-0.0005902144100651467,0.0015395428442498737,-0.0005972557231296976,0.0015395428442505654,-0.0006050892658328842,0.0015395428442507753,-0.0006312747335869557,0.0005480512725091143,-0.001130673778177419,-0.0012863607970736823
2021-10-01,0.00498156961509175,0.005441452812205188,0.005027496919851402,0.005252969030123265,0.005087304026335944,0.006467363115227533,0.005832404532076333,0.010172352902756409,0.005841239917183839,0.010172352902756414,0.005849828546152586,0.010172352902756181,0.005858216750863474,0.010172352902756103,0.00588207470729849,0.003930226137659178,0.006675133319948001,0.006220150088624966
2021-10-04,0.006710848433945687,-0.0020472517890606956,0.006794980944339435,-0.001001977251111351,0.0069385540426119005,0.00518637944068387,0.005527043504323684,0.0093557477395051,0.005541265766683711,0.009355747739505081,0.005554646432514907,0.009355747739506134,0.005567390254823685,0.009355747739506362,0.005602547777224527,0.006804061411133088,0.004735950708011755,0.003741075756137452
2021-10-05,0.002108935028617512,0.0026313401720947493,0.0020699012860609387,0.0029839137613259107,0.002011210455647875,0.008570013154898547,0.002236879807188924,0.002045183407488042,0.0022229272032589834,0.0020451834074880527,0.0022083950242018997,0.0020451834074873003,0.0021933851284850095,0.002045183407487376,0.002147110729454159,0.004185318288064205,0.0009862685808998467,0.005492526787035139
2021-10-06,0.0001018728867259775,0.005275290681197304,4.9824864000141576e-05,0.004599797988868031,4.711732417994e-05,0.0003456055623294733,0.0016209744809947374,-0.001587340107597731,0.0016505711227062397,-0.001587340107597726,0.0016826760506751005,-0.0015873401075977656,0.0017167839370353202,-0.0015873401075978924,0.001825479326155703,0.001963979195992237,0.003097394766423129,0.0007491451932502703
2021-10-07,0.0074964913230278415,0.007514888240894522,0.007608059333594239,0.0074382551976728585,0.007737934275909237,0.016587141609838516,0.009990021938682907,0.010510928044653004,0.009997945499735,0.010510928044653043,0.010003808215257197,0.010510928044651015,0.010007954187031418,0.010510928044650761,0.010012612820192598,0.002991703017503801,0.009758020415000006,0.009425470266844775
2021-10-08,0.006267132525951893,0.001670204709527195,0.006305534005529555,0.002308745251312465,0.006407130604605741,0.005953744875440902,0.00542423115287495,0.014652691387207081,0.005437671403932584,0.014652691387207113,0.005450637119615078,0.014652691387205763,0.005463245593257027,0.014652691387205092,0.005499060485334969,0.007006132862664951,0.006449887432936783,0.003952605828899827
2021-10-11,0.002930946239031834,0.0016074357807064885,0.003005574340990092,0.0021983053805794705,0.0038049687974668444,0.0046198589567236995,0.0028975427720316724,0.00843629247358106,0.002909917550632869,0.007652012496560623,0.002921172723480709,0.007652012496561884,0.00293179119432728,0.007740003178900087,0.002960304204545393,0.0020548987583201917,0.003982557183668465,0.0029632667469001485
2021-10-12,-0.011737053723072082,-0.006360184635162803,-0.011827894278062998,-0.006374504314443134,-0.010993627431065968,-0.01784358533443433,-0.010037655120931827,-0.01716375035087649,-0.010036790664629756,-0.015399783314806799,-0.010033657872423591,-0.015399783314808551,-0.010028659741851286,-0.014814716164415303,-0.010005910555251234,-0.008832837019472737,-0.010070897397344446,-0.00939308621994938
2021-10-13,0.005370416168588779,0.0003736571941075483,0.005414974575560004,0.0009056074029078326,0.005594174956058901,0.007801847863475849,0.005811968558711796,0.001563488819130803,0.005809110407477097,-0.0011110888981330995,0.0058047402252714075,-0.0011110888981322098,0.005799124165699834,-0.00045993922095577096,0.005777214156291205,0.0008126558365262378,0.0003356520760063194,0.005151580519819351
2021-10-14,0.01054910532956531,0.011804625851763628,0.010567568032446137,0.011162044274569724,0.00988091077482437,0.00601940275396409,0.007618568512813206,0.01046137535094034,0.007599363619222255,0.013471924851909397,0.007578854919168807,0.013471924851908072,0.007557306279879647,0.012238229482738549,0.007489559432708448,0.01440438992764569,0.014088781101022615,0.005849055378301609
2021-10-15,0.009254021126605448,0.004156977070948567,0.009290711152245673,0.003720452794018384,0.006767680779158325,0.01303439686884097,0.008357176008391198,0.01230024462144046,0.008344180459625365,0.01167753343908795,0.008329754265165508,0.01167753343908878,0.008314208244494416,0.010909457649962073,0.008263982599645375,0.0016823893882411934,0.005618351576005221,0.0087883223956551
2021-10-19,-0.008580218205603767,-0.004990967056825244,-0.008566245854527,-0.004721127157740525,-0.00670281505669549,-0.0070254346273069465,-0.005054398106452434,-0.003213872331282208,-0.005029426208308386,-0.0021888809281197514,-0.00500282536315634,-0.0021888809281193095,-0.004974941949582559,-0.0013774799400706529,-0.004887689561321181,8.021831039466706e-05,-0.004992807291167467,-0.005456903049511719
2021-10-20,0.0003760500759740641,-0.00022505723723847655,0.00031857064506895475,-0.0004893873101605025,-0.00250377465570757,-0.006232408079307892,-0.004062508518004428,-0.010645302901851507,-0.004085448741185358,-0.012035869298045123,-0.004109093506520888,-0.012035869298043763,-0.004133275700932363,-0.010261345003452762,-0.004206531250883743,-0.006621439531621542,-0.0035656242241941523,-0.0022627759586933797
2021-10-21,-0.004966232375173374,-0.0009100766861197909,-0.004995195944734652,-0.001187603820485575,-0.00388120417131725,-0.004111813530856484,-0.0030898489327471626,0.00018705443395097525,-0.0030851270540882443,0.002596177804617968,-0.0030794039848443533,0.002596177804616542,-0.003072937269872185,0.0008956657466374486,-0.003051240314365677,0.003127668944214175,-0.0006097277189317701,-0.004379285858705315
2021-10-22,-0.003855530843668581,-0.0051485552045846305,-0.0039171337671872345,-0.004571571831507615,-0.004407218135240218,-0.00608522544650459,-0.004722795396565027,-0.006140279317416814,-0.004724566073383715,-0.006463870943693404,-0.0047255704985589625,-0.006463870943694298,-0.004725928247253512,-0.006601568212287099,-0.004724071307553084,-0.0076618415511826195,-0.005532559140013759,-0.003502679960641039
2021-10-25,0.0033957215660889327,0.002005777464110555,0.0034056326389672984,0.0013556149133456441,0.003105508338519847,0.003133715111840709,0.0025244777810940616,0.005595353929083189,0.002529316198831208,0.003652528304601266,0.0025341992349452564,0.003652528304603343,0.0025391383437445313,0.005315297844684677,0.0025540659555777726,0.0013829657372027195,0.0026954189189290424,0.0015506725055335667
2021-10-26,0.00839710438865005,0.00801689649175257,0.00847128624491445,0.008144947416192224,0.009795892906670777,0.007885503984112413,0.01008370176230165,0.007925325995424781,0.010059088583519967,0.008571758781655075,0.010032249265552993,0.0085717587816547,0.010003561627764699,0.006763852046136105,0.009910975554158579,0.001018386485092275,0.006688881466184996,0.011339710633771228
2021-10-27,-0.006055653581809376,-0.0008233975745463902,-0.006139678103970857,-0.0018139729889373104,-0.00722763367979658,-0.009100763169181826,-0.006903204327942303,-0.010636252113940663,-0.0068994574569363806,-0.010908899147826952,-0.006894798624273542,-0.01090889914782786,-0.0068894946980639395,-0.011524310420311436,-0.006871798474679965,-0.0063362519446871005,-0.004014084833243934,-0.007553988975735792
2021-10-28,0.0025966764317282578,0.00872089932549084,0.0025939020736534613,0.007880529195158796,0.004655448719499664,0.007231792290188437,0.007737219080286751,0.0031492220118204675,0.007762650644846446,0.002808358295044875,0.007790613667434342,0.0028083582950446328,0.00782061253554971,0.003410164745082823,0.0079174263883397,0.008852437083133624,0.005882930800779123,0.0066183303307770615
2021-10-29,-0.006684229715152746,-0.003854677989096079,-0.006725532496715892,-0.004170698571336125,-0.0067593036734855325,-0.004236697340033694,-0.006278932022953142,-0.0030363916529997878,-0.006279925891533665,-0.0035792347283631018,-0.006280905463657786,-0.003579234728363502,-0.006281970091312953,-0.005280666374854771,-0.006286117000558135,-0.008310256811665306,-0.00466276068034029,-0.005427849628237804
2021-11-02,-0.0037054663285972793,-0.008236129531214898,-0.003584254751869442,-0.008131621995002117,-0.0027009074109594503,-0.004859260929656605,-0.004510962142109984,-0.014412556100274714,-0.004516063495574819,-0.015533807995539122,-0.004523417205003429,-0.015533807995538848,-0.004532609720594097,-0.015179687498242155,-0.00456752157135476,-0.010034760560298193,-0.00989089112470067,-0.005350078924255742
2021-11-03,0.013403496600662432,0.007701087241172277,0.013354122238163495,0.008604668766168984,0.010970717996243051,0.011834794535081397,0.009308181353028239,0.006421647926653952,0.009306859840403966,0.006670904806740842,0.009305009104854576,0.006670904806740326,0.009302784192951401,0.007791809377323699,0.009295035279363463,0.015753693960320066,0.0113711290613371,0.010194011622495242
2021-11-04,-0.010317091731270414,-0.008712873933021094,-0.010278111663334486,-0.009083508571386833,-0.008888563852312683,-0.001529740295090541,-0.009817047499762225,0.007554138788353466,-0.009814220169251308,0.007216282497581567,-0.00981205278540292,0.007216282497581835,-0.009810487925781503,0.0036601593803647693,-0.009808868240628396,-0.010031412826017484,-0.004072162003759186,-0.009865115812921767
2021-11-05,-0.001493669637991104,-0.0034427342812064204,-0.0014996568250480848,-0.0032260766465285018,-0.002311108976897588,-0.0022460390661682367,-0.0027686481538640026,-0.0008977434429187554,-0.0027733094406915556,-0.0007323260454034789,-0.0027782616510948674,-0.0007323260454034871,-0.002783414748944203,-0.0009274016609685103,-0.0027991974771970534,-0.003651592315785693,-0.002723377308527798,-0.002212316731346187
2021-11-08,0.002400967714616949,0.004673105320273378,0.00247359343980218,0.004820826492454001,0.004819588892943159,0.003346101841833192,0.0054243508961906075,0.0038057767087965326,0.005421495932821773,0.003854351254214332,0.005418676480719232,0.0038543512542153413,0.005416012387529215,0.005932263916226197,0.0054096818837858895,0.006476310965973841,0.0040784403487535235,0.005207314940816693
2021-11-09,-0.007938730111843227,-0.0004854467215146166,-0.007844145850288642,-0.001494491980682819,-0.006580343789282651,-0.008303712923738073,-0.004261192407317939,-0.009559848170414909,-0.0042263086006723285,-0.00898498147627601,-0.004190389050798312,-0.008984981476275983,-0.00415368191730273,-0.008329291283316085,-0.004042621465354261,-0.008035654373472421,-0.004787805868189892,-0.00442622728461347
2021-11-10,-0.01144182824741717,-0.008316791939967073,-0.011521325372147737,-0.008496641886754775,-0.011314828288207396,-0.015826371323950483,-0.010707528676214191,-0.019134629919600944,-0.010698825116771074,-0.019923460514937753,-0.010688339758924444,-0.019923460514936993,-0.01067649907923545,-0.018349937122721267,-0.01063653899543542,-0.00938221564175108,-0.012381305875933077,-0.010774312624077437
2021-11-11,0.0014858931690845498,-0.004731851771058033,-0.0007186803991134039,-0.004655741334777358,-0.0005413944091745443,0.006010815465281351,-0.0030860523489551965,0.017215620132040556,-0.0030866949812165265,0.02433296607396631,-0.0030873402512595085,0.024332966073966723,-0.0030879817638926324,0.02413436100026375,-0.0030921820904158243,0.005397056818405734,0.004378760517937302,-0.00010714081663110056
2021-11-12,-0.007480866145147927,-0.004854491049573595,-0.0070615904689650425,-0.005112919906823173,-0.0070510827946886805,-0.006524212043265666,-0.005286137257227594,-0.008839454665784178,-0.0052704703318337464,-0.011533416044882453,-0.005253623306750133,-0.011533416044880932,-0.005235829307499762,-0.011533416044882526,-0.005179492946196543,-0.0034098468958345613,-0.0067032727161144825,-0.00868821153027335
2021-11-16,-0.01752548750915499,-0.0067495789641353185,-0.017146717711582368,-0.0073135004229538236,-0.01710691856366147,-0.01276882997535926,-0.015278320828206543,9.407434897854952e-05,-0.015238280727681013,-0.00659321139000963,-0.01519535185439965,-0.0065932113900083284,-0.015150327370057403,-0.006593211390009677,-0.015010546424406138,-0.008052867128090368,-0.00836405712217527,-0.01602734025272318
2021-11-17,0.0038607628294269726,0.0009486573230937428,0.006346542745575711,0.0019347727949608653,0.006103870292023165,-0.00628722850109968,0.0022578762104186493,-0.01793146008421588,0.0021987027403864573,-0.0124335660616464,0.002138386180117703,-0.012433566061649979,0.002077196054721941,-0.012433566061646244,0.0018936450339575295,-0.0032259725191990394,-0.0013272746334655906,0.007871674151725764
2021-11-18,0.005458186550597407,0.003227427045321354,0.0033151879310240736,0.003184419989630995,0.0034513602995089937,0.008170685020510124,0.003993402933355802,0.012884964823803796,0.004072002930258803,0.009235807127792556,0.004155275014896603,0.009235807127793351,0.004242400379255511,0.009235807127792497,0.004515701065954642,0.01683089019013595,0.0059668152712943345,-0.0018268977446297455
2021-11-19,-0.02962192556633724,-0.018879660170896706,-0.029232197955226073,-0.020178362233153883,-0.029253209774227698,-0.024981763863726383,-0.027312289024560038,-0.01581743658567128,-0.027308439811850625,-0.019643484669691,-0.027304819283747176,-0.019643484669690757,-0.027301717518935405,-0.019643484669690976,-0.02729701481903604,-0.025927311336936938,-0.022023754306962864,-0.028109037945854367
2021-11-22,-0.004157758421959907,0.013298131426175327,0.0236388362986744,0.01327712555094968,0.02347901096699717,-0.0011098528520671266,0.024663100542449922,0.007864382415156811,0.024816485576509874,0.0046495733584166485,0.024977268552065075,0.004649573358417207,0.025143019340509398,0.004649573358416636,0.02564511548627984,0.06844117855453327,0.01375533039280569,-0.003002611569125379
2021-11-23,0.0009696377116656669,-0.008305152086148095,0.0019032639707338825,-0.007129985841569712,0.002006150246256834,0.00663767215597837,0.0006682971100790205,0.0009118948933754658,0.0006678576286504941,0.002754235271918135,0.0006654264523506917,0.0027542352719163075,0.0006614889588080676,0.00275423527191823,0.0006442744060620149,0.0010252183517393916,-0.0008869002336869395,0.0007373401593929584
2021-11-24,0.008040176411600363,0.006518011775410221,0.009801870951215864,0.006965929733398087,0.009698863783865145,0.006487596654964247,0.010196248823572857,0.023936641558842037,0.010205739993292912,0.02436645972760053,0.010216410834764156,0.02436645972760228,0.010228020230455302,0.024366459727600445,0.010266030077068703,0.021891376630135982,0.011985410610263314,0.00481183979931083
2021-11-25,0.004736915660904312,0.002230133519296047,0.003624364631764544,0.0031465647946499198,0.0034987184261248763,0.0069023598635925285,0.005539631988108363,0.024628683902516567,0.005545795686066233,0.02133217279571493,0.005555132703827422,0.021332172795717672,0.005567049708395793,0.021332172795714796,0.005613079389131291,0.01714778676435115,0.00802537743115083,0.0016198209178097376
2021-11-26,-0.0097027956779261,-0.0058517676831925155,-0.014561135804477683,-0.005812296453896089,-0.01499334692004698,-0.016614088652310136,-0.01093241853810692,0.013200416962717206,-0.01092781713413279,-7.120793480992327e-05,-0.0109186388473885,-7.120793480947039e-05,-0.010905969808459431,-7.120793480994336e-05,-0.010855420684485952,0.007551469312255179,-0.006937327493475185,-0.015698503256522004
2021-11-29,0.01897511566470076,0.012100651113332894,0.02061945682823272,0.011717870833643602,0.020676861951813133,0.016316978150332687,0.015928252154587007,0.029650204359407482,0.015943320113522216,0.028438205585361195,0.01595882265008221,0.028438205585364626,0.015974676422225102,0.02843820558536103,0.016022814286130813,0.029602660023412004,0.01862295805649718,0.012419592968389492
2021-11-30,0.013402825321312341,-0.0045398375356442856,0.00888194301214236,-0.004576914029441973,0.00922584230254805,0.005642983209492043,0.00222546629954358,0.013759174659041909,0.0021932739115087855,0.004573031563123407,0.0021535023152485034,0.004573031563123011,0.0021075098314179575,0.004573031563123451,0.0019453225287943657,-0.013473472238483664,0.0035545317799342236,8.88128984450978e-05
2021-12-01,0.011743164161523554,0.0020093116970727925,0.01012082628386645,0.0037563450327892994,0.010314216649838464,0.08066925661848481,0.009771875686452148,0.12562839869510956,0.009765384616147465,0.1534423640607469,0.009753681463991642,0.15344236406076592,0.009737806619224283,0.153442364060746,0.009673876316326845,0.06676857317987211,0.037994836880020755,0.011233138448743676
2021-12-02,0.010203781776869068,0.007241051145754979,0.009523286892940392,0.007166081799566109,0.009456831279655496,0.0007352272071024028,0.010976218799339441,0.0075806088328348445,0.010935342211945262,0.024797541941123616,0.010893091823807486,0.02479754194112632,0.010849920587069076,0.024797541941123477,0.010720172919249402,0.00216448902990938,0.009929662467370252,0.009095955827271327
2021-12-03,0.0018936105558571184,0.00217366921254227,0.0014800275894156318,0.001922983654501255,0.0014950096572211692,0.0031123258099803887,0.0021872317260101934,-0.008203135817135667,0.0021938356602320005,-0.012818098615681651,0.002199998792132155,-0.012818098615681955,0.0022057657374445266,-0.012818098615681632,0.0022208435525477056,-0.009930375910143629,-0.0021627389003807543,0.007376173416192214
2021-12-06,0.003112849965391751,0.0008704069298879076,0.0043237517999338915,0.001052937419156129,0.004211577101341958,0.0006801964964221394,0.0018808289035435965,-0.00505204568353958,0.0018576026179457552,-0.007635485174356445,0.0018345158174343044,-0.007635485174363947,0.001811623002425021,-0.007635485174356077,0.0017455577401658282,0.0009190335317184101,0.002076291423035713,0.005220763083586035
2021-12-07,-0.0057849310465756705,-0.003960763633991436,-0.006640679819785058,-0.0051926152993897155,-0.006437323276946199,0.0017858379739864676,-0.009212179571995303,-0.021626000229145688,-0.00918889533629226,-0.0152601597959383,-0.009165280414347414,-0.015260159795940389,-0.009141320811587503,-0.015260159795938179,-0.009068797288317111,-0.0041094899726131316,-0.00496791203089929,-0.003668890457062808
2021-12-09,-0.006568494067523134,-0.00607515244004131,-0.00825666727441051,-0.0058320075350764625,-0.008183461835158987,0.0031723547870092044,-0.007750436286953283,0.0039372080245052505,-0.007738000054534493,-0.0013684255560248602,-0.007725938613734947,-0.0013684255560249723,-0.007714153433847355,-0.001368425556024846,-0.0076804122480640035,-0.0031045272844388676,-0.002959642257328513,-0.0043310792903905075
2021-12-10,-0.002174520956049617,-0.006649726266552632,-0.004417159697616026,-0.006241792167894736,-0.004441374191930628,-0.0040223657058193075,-0.0034848012802380112,-0.00475380390017165,-0.003489525863170016,-0.01384091963591603,-0.0034938320407332866,-0.013840919635914562,-0.00349772631118114,-0.013840919635916108,-0.0035069655239742497,-0.007917911807706957,-0.009148445616313998,-0.0007713724003871183
2021-12-13,-0.022263293853700843,-0.00658565091016626,-0.0226899437103984,-0.00723725380570335,-0.022973160791716345,-0.024448439867790148,-0.01608639694768057,-0.019024475823987193,-0.016059458227026226,-0.029589007316296212,-0.01602493230247907,-0.029589007316296864,-0.01598425473856779,-0.029589007316296188,-0.015838523802690387,-0.0028230638900618578,-0.01699653769472267,-0.020562658338154828
2021-12-14,0.0026842364591155234,0.0014505917542262812,0.0035190397038770784,0.001130373973082017,0.003631620348282678,0.00788382775888034,0.002648964402262983,-0.0029533129753376557,0.0026670250071770723,-0.002561496372079485,0.002682447294762816,-0.0038341539719962286,0.002695435908533009,-0.0038341539721144092,-0.0029607665931885036,0.007235077344123132,0.0014150806588233715,0.003489668445800221
2021-12-15,0.0071537714529021626,0.0032623901523815024,0.004935320104069056,0.0038375383560912916,0.004918184465614042,0.00957092907077463,0.00572586111166676,0.017843326711746675,0.005727323439361265,0.01784332671173793,0.005729653162421304,0.01815583180288393,0.0057327356545164914,0.018155831802855765,0.006147229582879048,0.00847972398454892,0.007982520657105086,0.006961790537070201
2021-12-16,0.018598849146610693,0.019297946973039888,0.017228533781196403,0.018550341659334262,0.01725689775549989,0.01322687323866427,0.0204635183620412,0.03166101222883707,0.020433330899474644,0.03166101222882094,0.020401440805330587,0.0327124053521476,0.020368226896672115,0.03271240535215496,0.021558769701384293,0.015753558696379958,0.020421797619942308,0.011746657146581307
2021-12-17,-0.0016815188545088412,-0.01070524562144896,-0.0020084005752730796,-0.012623344657718446,-0.002019290968325117,-0.005546454158043713,-0.01774097471467935,-0.031395037061971304,-0.017714439558882966,-0.03139503706188067,-0.01768840654937258,-0.051313985255799506,-0.01766286924089035,-0.051313985257280856,-0.021737463566428382,-0.03611911363514174,-0.014319564851878956,-0.005840405957501443
2021-12-20,-0.00887505244990693,-0.0021066199145928274,-0.004850178773330037,-0.0006729255895408122,-0.0050637376968041105,-0.009740985678332538,-0.004849329842034241,-0.020576205313516494,-0.004847830374441388,-0.020576205313510666,-0.004842970350492951,-0.018383481961710305,-0.0048354351959143445,-0.01838348196146866,-0.00191936042200126,-0.003722452125258752,-0.009500625866800361,-0.006906310655207536
2021-12-21,0.005629771028413996,-0.0011246405213796308,0.004348493915453636,-0.0017955651875060448,0.004168675788455669,-0.005368670283758561,0.001028878150461048,0.01030352040770619,0.0010097420834359607,0.010303520407702382,0.0009900453725448526,0.010956114358507477,0.0009699507241571221,0.010956114358576843,-0.0006938599923657308,-0.003987415964868579,0.004168972432600318,0.004939744824142687
2021-12-22,0.008897251646395465,0.006455872662849591,0.006575737786165483,0.006186721051148496,0.006735468271683613,0.00025097668693611214,0.008491148250783523,-0.010945206379043743,0.00850390177394408,-0.010945206379034175,0.008516542453392319,-0.011349259271473955,0.00852912223218876,-0.011349259271459878,0.008163493730603212,-0.0016962336317285134,0.0029788916830248728,0.0060870290766277335
2021-12-23,0.0027918892306212336,0.0077883193926218475,0.001684763184046418,0.005985342325084238,0.0017034460409992103,0.00899162983954908,0.001640598130939237,0.0018517944971570954,0.0016358231060239047,0.0018517944971596797,0.0016306599732916216,-2.4785694302978216e-05,0.0016252160087002687,-2.478569449384442e-05,0.0032426238936730392,-0.00019102184209512452,0.008030501747400264,0.010352758899450521
2021-12-24,0.0032257671958269597,-0.0014331913301018832,0.0017896066588032708,-0.00134983085074592,0.0017450495940156481,0.0016938515939395012,0.0007333353063544427,0.010128235551348765,0.0007177189534926592,0.0101282355513483,0.0007011321501497885,0.009676282100021456,0.0006837534189697213,0.009676282099972705,0.000625591394837016,0.007126004091586647,0.002148785085676181,-0.004064212365775026
2021-12-27,0.004690245541084912,-0.0006993771811780803,0.0038267972740722465,-0.0009315786960422687,0.0039448624418350385,-0.0065338731896117845,0.0013217263547400104,-0.002325321875514603,0.0013500998902521706,-0.002325321875508742,0.001377822853214158,6.0091657014971905e-05,0.0014050504535374616,6.009165731413321e-05,0.001549454710422872,0.004861644296743796,0.003206097291725058,0.0028440192070289536
2021-12-28,0.002150298537895564,-0.0005775066493011959,0.0014162432294887244,-0.0015556674000794146,0.0014307204566430223,0.0021897155313631966,0.00046031518776178636,0.003348564654774365,0.0004431284947150993,0.003348564654779189,0.00042371080581787564,0.0009446607033318285,0.0004023976317751416,0.0009446607031178267,-0.0015258810383643056,0.002087058837505743,0.0003153846643036912,-0.0036649805404551164
2021-12-29,0.0007851119938270326,-0.0010322506537636712,-0.00023166834659119648,-0.0008667733116239638,-0.00022183997403602018,-0.002399365777279393,-0.00135260130879002,0.0002707424191075632,-0.0013484184829756958,0.0002707424191074353,-0.0013444801583508833,0.0014008860091144005,-0.0013406796443585823,0.0014008860092208117,0.0015055255473449178,0.0005032613218994672,0.0016632145697864022,0.0005092676670416332
2021-12-30,-0.005400081471574165,0.0007579289645703777,-0.0038214273018283913,-0.0008502973477095568,-0.00376330032043911,0.0034599528657616625,-0.004195719880484018,0.003946992549732279,-0.00419828104340716,0.003946992549731619,-0.004202820219604244,1.872165824764495e-05,-0.0042091395151343525,1.872165783641227e-05,-0.008050853116909238,-0.004984663129213483,-0.0008155393391922304,0.0014240739233224889
2022-01-03,0.003935971166444572,0.007093875168558101,0.004467618503438772,0.00721844779994591,0.004453724312850131,0.0008087378203028156,0.004710994847024461,-0.0007661849810160071,0.0047102563101434425,-0.0007661849810173013,0.0047098638811391685,0.000847156805535765,0.004709839795076803,0.0008471568056938744,0.006699373478831401,0.0014216696157011068,0.0037374229893833736,0.004855985612274153
2022-01-04,0.006002345481060266,0.0050546349452482865,0.006082891447968555,0.0053668909755256455,0.006053928186453449,0.0031716102273864444,0.005397973500823737,0.001298331472067576,0.005395884278544125,0.0012983314720719295,0.00539408206791517,0.0010058811203972695,0.005392561355536549,0.0010058811203926292,0.006588535507452002,0.0011429408664279089,0.00483351212110854,0.005726512991179608
2022-01-05,-0.013263915656510238,-0.0018790657568572783,-0.013716529304325521,-0.0018133517777956863,-0.013879337467209724,-0.011009042929765367,-0.009206747830182558,-0.007784931854031114,-0.009212720782246104,-0.007784931854048536,-0.009214995771104944,-0.004749990963008292,-0.00921429523314559,-0.004749990962810546,-0.008591625806840175,-0.011119284019188075,-0.006857523141833052,-0.008236540871145266
2022-01-06,-0.016367382793392657,-0.016426311119861484,-0.01865628399598686,-0.017803370542439707,-0.018437839071162775,-0.02003036838170854,-0.01741340007308732,-0.02223379489508066,-0.017393527105087382,-0.022233794895074224,-0.017374970533695633,-0.02478128902426697,-0.017357623117137632,-0.024781289024495015,-0.020832183556728154,-0.024019822837356295,-0.017497177756144743,-0.018131733846709693
2022-01-07,0.011370324285216345,0.017336133167677452,0.018063289560563585,0.01753672771634437,0.01816830254216527,0.029242933530936103,0.020054029366222047,0.027819256873248707,0.02009913732736475,0.027819256873242458,0.020146941026311125,0.028168508545087165,0.02019678006566903,0.028168508545095585,0.013569257483821989,0.031828591544247,0.012668536754792514,0.024560397385211884
2022-01-11,0.020597126759636403,0.00678748540028048,0.015712491382017434,0.0064522468734371985,0.01595489347981519,0.01489968526830254,0.013756090903510564,0.02182707485860477,0.013770388903076854,0.021827074858616086,0.013782657205520035,0.018491830986408168,0.013793421772409345,0.018491830986144483,0.013207624890476676,0.00996516533199497,0.01390613861604029,0.013656087572902355
2022-01-12,0.015208638982766106,-0.006002888527283511,0.015161050911657219,-0.0034688545271858717,0.015119103824905576,0.019642476497501126,0.008313021154607095,0.05627627838877399,0.008304988032179344,0.05627627838875497,0.00829233544217057,0.057240460101858515,0.008275875885546865,0.05724046010186168,0.01057065574838004,0.030319424919734377,0.018002400864248543,0.007237157637036423
2022-01-13,-0.0007210097228342492,-0.0019028716384859334,-0.0030651506054062273,-0.0018610680831041878,-0.003171594721496518,0.0008119819730585856,-0.0005391880284260507,0.03916222672148416,-0.0006081587574724952,0.039162226721451705,-0.0006802258431816095,0.03962408749534249,-0.0007546464819990068,0.03962408749516649,0.004176426966083735,0.001935579465560942,0.007703817247698511,-0.006961135632039267
2022-01-14,-0.03322411795941613,-0.015040417222769996,-0.02834098298515844,-0.016122385594266864,-0.02887586495142127,-0.06554619338116505,-0.029188790261442905,-0.04874156255903402,-0.0292462136645256,-0.04117140131281685,-0.027719148450416828,-0.04098145484217442,-0.019090875637730507,-0.04098145484214921,-0.018817131261312587,-0.0393129000439155,-0.018632532082143195,-0.038556597693695516
2022-01-20,0.054214260643957256,0.04820389628522009,0.04380975809055314,0.04965490233477976,0.04165277091809195,0.06057697888608082,0.041498462608622465,0.1426740575002279,0.04142167399398594,0.14800740019527037,0.04314311372426327,0.14800740019531794,0.04891340962073614,0.14800740019527736,0.05796098886379196,0.13140135831264088,0.072009647298514,0.042858562658199026
2022-01-21,-0.013068575125154584,0.002845754374920423,-0.0064478593589440275,0.00189930929295817,-0.006131073281689481,-0.00411499254050359,-0.006098984059269498,-0.018596646897307657,-0.006079858383883047,-0.019248741858320803,-0.004407258476514058,-0.019248741858321934,-0.0051065267078825895,-0.019248741858322014,-0.00915144071012409,-0.015752902645625677,-0.008922534595273337,-0.0037173356433189463
2022-01-24,-0.0026027987033034354,-0.010098723430743141,-0.004605684388344748,-0.009871820593351942,-0.004416545150929982,0.0012918881822940019,-0.004394155594610607,-0.00504427144279981,-0.004380345768882068,-0.004465112328468545,-0.004810537870539113,-0.00446511232847747,-0.00410946322384095,-0.004465112328469381,-0.005596872504162716,0.0007915565065057404,-0.007800469665719271,-0.006769431376273608
2022-01-25,0.002028705419362038,0.0035784847899527,0.004008357562767367,0.00355062911583787,0.005712613884584893,0.003625248194946804,0.00573720761959569,-0.002118817115823588,0.005746396971648575,-0.0008136399928184513,0.005326248865760422,-0.0008136399928256777,0.006793725834843532,-0.0008136399928195693,0.004481237852386611,0.0017967142531895202,0.00181045509176773,0.009811255702907704
2022-01-26,0.0024250085347453593,-0.004538961986499076,0.001528462114188969,-0.004771548364226328,-0.0008440739619559605,0.00550753639701274,-0.000873684427382724,0.005069531612976612,-0.0008905205482735329,0.0054863516684163114,-0.00380419236280052,0.005486351668416173,-0.003328445805022533,0.005486351668416156,-0.0058347285487017325,0.006319991779294503,-0.000460518215925687,0.002778999731550353
2022-01-27,-0.0008800471833362266,0.0028736968380484213,-0.0019790140176085096,0.0019672462176970502,-0.0013536899775629964,0.0034180184262032837,-0.0013466574053111143,0.0003813637003545647,-0.0013438138290786416,0.0003813637003545673,-0.0005324383092612749,0.0003813637003535336,-0.0005267686743996679,0.0003813637003544602,-0.001713947706259326,0.0027244410080599804,-0.0012221235361490458,0.004063994108527302
2022-01-28,0.003940865079853677,-0.0003128887613709265,0.001911596546369838,-0.00040230465839740325,0.002835736999982951,0.0018208308155432448,0.0028491717081898203,0.008224004958213564,0.002852566799849243,0.00822400495821369,0.002821721671183046,0.008224004958216822,0.0028074823855290757,0.008224004958214312,0.003840849166614436,0.0077160107062173395,0.002048976730496495,-0.0020422182829413884
2022-01-31,0.0035647541667249358,0.0060375673041792016,0.002416328192543142,0.006199298959500644,0.004672675009314457,0.0073819167099172705,0.0046140183084050915,0.010238363678823617,0.004584563623859915,0.00910628531578591,0.007965030470424104,0.009106285315798168,0.0066032114866030975,0.00910628531578743,0.008579923289847581,0.0075177894946343166,0.0047709168001404244,0.003572568004578926
2022-02-01,0.08183018266346612,0.0480954361523186,0.08060277819642482,0.046481923728222435,0.07996794253251571,0.23817486316408823,0.08100526729853347,0.00032683492069275405,0.08152793305794469,-0.034469549134120786,0.08387155865405345,-0.03446954913413129,0.046093283162121884,-0.03446954913412234,0.04612872531205176,-0.03167488398985876,0.030898143862812148,0.16869508245058662
2022-02-02,-0.006171164629131367,-0.01038808485196418,-0.006031447694979985,-0.010125090374468917,-0.0008642826218352557,-0.011047081696013903,-0.0008733192781599541,-0.025383218215814362,-0.0008779622634091978,-0.026575015424482124,-0.0035915940944972933,-0.02657501542449024,-0.004938763695377965,-0.026575015424483005,-0.00494004955145755,-0.0209494183181123,-0.009843958470013927,-0.0031469070178203216
2022-02-03,-0.00892706460920881,0.0026691529017975925,-0.004834662297436553,0.002707138384642583,-0.0044559611587621,-0.017664131110070248,-0.004471302666938972,-0.027044966817395707,-0.0044819999812147505,-0.025270472383371812,-0.0021146160745049345,-0.02527047238337629,-0.00024494325201520413,-0.02527047238337255,0.0020458755970945226,-0.022305239586468826,-0.006981160423801338,-0.012251381747155033
2022-02-04,0.008378157193078823,0.0009264276921460754,0.01016083907291113,0.0009109455261177185,0.006988595710940177,0.010396784329750896,0.007035182102215109,-0.01717053367602687,0.007061629172451133,-0.019181753371978846,0.006891289339044141,-0.019181753372001745,0.004803570781133851,-0.0191817533719817,0.0017076794416184561,-0.011322166254743811,-0.0013947765991594743,0.014741250996208773
2022-02-07,0.004540423668344792,0.00011660950287568418,0.005950300296285034,0.0004435861689213063,0.005312354931029901,0.009326437280805653,0.005324583186871087,0.00920208102526297,0.005327266756824194,0.008032649894087775,0.003714986818072952,0.008032649894094416,0.00242538381333943,0.008032649894088435,0.004061781249243911,0.003858107092464218,0.0054015034197372,0.008802741510922946
2022-02-08,-0.0005853473903675687,0.005610048808298351,-0.0005938323476458787,0.005258416727805528,0.0007950436074807059,-0.004024978093319352,0.0007879745699797343,-0.00010378467476637103,0.0007865000169229594,-1.1285185587178896e-05,0.0014756579676653138,-1.1285185587443347e-05,0.0015700289601447979,-1.1285185587238216e-05,0.0013685596047674437,-0.0025360834731179005,0.0005469471830510757,-0.005538297587229339
2022-02-09,-0.01251332242426544,-0.005749644462155781,-0.010634512417168684,-0.005987846661091162,-0.010264635226594283,-0.011221396905816,-0.010253951579061527,-0.022976449556848185,-0.010248910734882544,-0.023155460855325792,-0.009109890434024263,-0.023155460855330698,-0.009314527305419073,-0.02315546085532646,-0.008895443257067003,-0.02060347213948376,-0.012246107045232782,-0.005055519269432543
2022-02-10,-0.017014127429047673,-0.008977506982468431,-0.014501551563170168,-0.008464321730952325,-0.012565251750305451,-0.016803249947333423,-0.012571101620872419,-0.03897563687517458,-0.012571529583648808,-0.040363010701814896,-0.010923581803029297,-0.04036301070182667,-0.01246155478658243,-0.04036301070181626,-0.011214394217016596,-0.03508085603743245,-0.01780488250494181,-0.015988819101904566
2022-02-11,0.01295493274697226,0.004051750984895535,0.010824053224703816,0.003563137477887657,0.005182168296670947,0.001304384543536828,0.0051876035049305035,0.0004925167220111647,0.005187585049496855,0.0014411640901360152,0.004266050388750704,0.0014411640901300536,0.005315121490109405,0.0014411640901355717,0.005029618249772926,0.0063000939902355425,0.007075716712650313,0.01464635893195036
2022-02-14,-0.012529915987432076,-0.006314660705151819,-0.010943142578185893,-0.007067495628462813,-0.00872924256894636,-0.015292012420256068,-0.008694676379414014,-0.024600492084695617,-0.008682075471727791,-0.024059506792944378,-0.008545543855474397,-0.024059506792948687,-0.007977789140687518,-0.024059506792944964,-0.00772021255039356,-0.022909855279047313,-0.010657097992119408,-0.007517877017153952
2022-02-15,0.0051564426144186885,-0.008986636967064377,0.003935861293749333,-0.008981334537486129,-0.0014185665878115273,6.255960635710196e-05,-0.0014355070450011152,-0.0013141665127898252,-0.0014464995030013614,-0.0021744190268476065,-0.0014499707477444747,-0.002174419026849296,-0.0023954920479542694,-0.0021744190268477236,-0.002748078935943947,-0.0024370884245081582,-0.001290752091113999,-0.0011418160667843015
2022-02-16,0.012663126131844208,0.005148135397935703,0.010808254109092976,0.004678119441947111,0.013350476087088513,0.004154839908323285,0.013303507652042591,-0.0025793750510819777,0.013274397942884339,-0.0035844556883168517,0.012438223010784894,-0.0035844556883196034,0.011242181440209052,-0.003584455688316972,0.011075126687516663,-0.0037236541810685506,0.006447077097819306,0.012176918520280869
2022-02-17,-0.002826258223910475,0.005456593783868217,-0.0028144334143562627,0.005435546986038715,-0.0028574820956677486,0.0005125477467964333,0.0002158984292824315,0.002267946245686218,0.00022695241659817468,0.0020078965126589347,0.0008780287523459729,0.0020078965112710805,0.0006605550276797608,0.0020078965126589503,0.0032448673306903395,-0.0003125358090966901,0.00493340818647949,0.0005525131619226135
2022-02-18,0.001511630824308577,-0.0012122213737813697,0.0013812432849173316,-0.0015618216669872937,0.0013135193464691992,-0.010368949533828392,0.0010989937267236946,-0.01028854322041023,0.0010933107217235283,-0.010288543220410189,5.2059158532252996e-05,-0.010288543220719567,5.2825184933804215e-05,-0.010288543220410187,-0.005578543522536152,-0.0031530540366127117,-0.003786188277069749,0.007872559058110743
2022-02-21,0.002680115141247865,-0.0002915578000764476,0.0027127266390031767,-9.034698077440958e-05,0.002790707431326574,0.00634973160425864,0.002480305249992225,0.003352894892200925,0.002495360727278366,0.0033528948922006835,0.0015567797846571013,0.003352894893972104,0.0015664920743590212,0.003352894892200665,-0.0011612266187453386,0.004703435623715982,0.00018936449849163726,0.00648710937173555
2022-02-22,-0.00020884464503248437,-0.005845330411755667,-8.52169927726481e-05,-0.005096818641639684,9.678265460791617e-05,0.003777520544509249,-0.001132317057325579,0.005302152529144144,-0.0011023752036832752,0.0053021525291442675,-0.00041298482275273804,0.005302152528221217,-0.0003915416351976393,0.00530215252914428,-0.004887866864653544,0.00012998031066446813,-0.0007568818260582828,0.004418302010376118
2022-02-23,0.0033485442316309013,0.0030547846967213634,0.003317847133397422,0.0020841070432663965,0.003136012960710172,0.004726910558440984,0.0033328338867608344,0.0015294178913442527,0.0032964848983016463,0.0015294178913440562,0.001655053534412249,0.001529417892789757,0.001623189081511287,0.0015294178913440432,0.008410813149086828,0.003200566979865296,0.0008168276999970003,-0.005588598707724151
2022-02-24,-0.0005120238436913227,-0.007497321932785661,-0.00041021116467705905,-0.007159183481214929,-0.0002524164799773685,0.0010266161245193238,-0.000745260122211659,0.0026405197051994978,-0.0007117632666005674,0.002640519705199614,-0.004850631796772423,0.002640519704344119,-0.004820613902238073,0.0026405197051996227,-0.0063139505433252845,-0.006830782933989757,-0.00421272625156562,-0.00033620877244807545
2022-02-25,0.003352835907626127,0.0002168957619556669,0.0030225790352717266,0.00017261048840584343,0.002452152115614524,-0.01574482161079887,0.0011332061091265037,-0.014955559391918942,0.0010492287218368248,-0.01495555939191873,-0.0009907237624721763,-0.014955559393457869,-0.0010700943933790873,-0.014955559391918715,-0.001869365480105688,-0.006749480368385134,0.0026722663116404387,-0.0030456707296702534
2022-02-28,0.004773433509139893,0.0019176735864573748,0.004946491936647257,0.0013135831988102286,0.005586531920004498,0.01246821519747986,0.004128435702052846,0.0018129872739751191,0.004231159386634395,0.001812987273974766,0.004749217318326268,0.0018129872765984818,0.004830209287194143,0.0018129872739747373,0.002326033940533748,0.03660336130955324,0.000462856403450464,0.012058753309786549
2022-03-01,0.001639429863804893,0.0036470117451481033,0.0015906426100120042,0.0027097754552788114,0.0014446450702866305,-0.0013861826078192985,0.0033893291017205,0.0028376759914624807,0.003347769378645726,0.002837675991462743,0.00523471551563623,0.0028376759895254494,0.005203289458000566,0.002837675991462768,0.005247252443734177,-0.00037333491262336004,0.004405129630305561,-0.002915159611635723
2022-03-02,-0.0027201289691758277,-0.0022348016816550317,-0.0027294260542769324,-0.0030355820702185174,-0.002671509133390152,-0.008466844738865172,-0.0016500656760421973,-0.0068963367945493875,-0.0016389258921231436,-0.00689633679454936,-0.002134350839207681,-0.006896336794738812,-0.002116780185605696,-0.006896336794549359,-0.0028803894388070616,-0.008690855986320713,-0.005242117875037903,-0.004873162706405603
2022-03-03,0.0025568583307352005,0.011290639102000935,0.002406712846912674,0.010179235236646206,0.0021238072776698664,0.0035482483551583554,-0.0007715959008853784,0.0026666498434871314,-0.0007996052856654849,0.0026666498434871084,-0.0011409175210413789,0.0026666498436479277,-0.001165105801728631,0.0026666498434871075,0.0033212487614307003,0.0072905863677816055,0.003957298812946911,-0.004239360385046075
2022-03-04,0.0032117320467616338,0.0012766707588957376,0.003345762647886703,0.002444969959854759,0.0033268569682322504,0.0029230900207712802,0.003722506953214448,-0.0014719924054960368,0.0036869108039221544,-0.0014719924054960361,0.007911664002983328,-0.001471992405493815,0.007872632399012754,-0.0014719924054960355,0.005513721232401459,-0.003259804254083733,0.0006425936557833412,0.015722276490484736
2022-03-07,-0.0031805978827172867,0.00047427024370214966,-0.0030573338643829226,0.0013862237009783349,-0.0028955566367255925,0.0020619727407640807,-0.004198674377336943,0.00041618130395558364,-0.00417904811362867,0.0004161813039555932,-0.001483116115657524,0.0004161813038896092,-0.001464600222300396,0.00041618130395559296,-0.0019332982333788635,0.0030475797523307176,-0.002856316891702928,0.008657202634676075
2022-03-08,0.0031963881837769295,-0.00396287840664403,0.0031326580640619393,-0.0033008936608342264,0.00304689784210719,0.0018278412543590924,0.0020321558139938076,0.002497908326527684,0.0020307114538121677,0.0024979083265276912,-0.0002055277044586123,0.002497908326450947,-0.00021129759777327697,0.0024979083265276947,-0.0014912774028580785,0.0028793484391248783,0.0002468528065989675,-0.0020621173327620046
2022-03-09,0.0018054788540190067,0.000762781332890224,0.0017668741360947903,-0.0005005753536938195,0.0018993190962536784,-0.003739740184693273,-0.0011017495816979762,-0.0001545211396723891,-0.0010453319265093543,-0.00015452113967238246,-0.00558434367382193,-0.00015452113972686603,-0.005540399028983268,-0.00015452113967238105,-0.0037593254550507033,0.005266626570600837,0.0025705080478545432,-0.0112322138591419
2022-03-10,0.0026039970421947766,-0.01160753010633965,0.002649637246824045,-0.008854338869669062,0.0025372241132230605,0.0016999955468901104,0.004337387557650367,-0.0023185933194142835,0.004285784496077817,-0.002318593319414268,0.0063957376962619165,-0.0023185933195089144,0.006356287223087114,-0.0023185933194142683,0.0035706044064911205,-0.0006793715996443375,-0.0029878387119956743,0.012274488434532263
2022-03-14,-0.016946297486794666,0.003840568856229199,-0.016771401804083902,0.0014454519170191298,-0.016247469382317352,-0.005011600907897498,-0.01571014466260574,-0.0006085447321241443,-0.015608179712190414,-0.0006085447321242423,-0.012607510100035316,-0.000608544731391266,-0.012519223392494259,-0.0006085447321242518,-0.011131032444262112,-0.006217745186384434,-0.006998346924537442,-0.01778875631855781
2022-03-15,0.0029844671407708336,0.0018580793021442906,0.00291549998385407,0.003446606047976636,0.0028874017519803456,0.0008431943256052099,0.0025792125626093497,0.0015925790083067186,0.0025825599742005613,0.001592579008306748,0.001927492758775498,0.0015925790080818921,0.0019299411557581409,0.0015925790083067494,0.0006723077105771678,0.009531719098223347,0.004778590873417334,0.0019834244516851104
2022-03-16,0.0036270504303458056,-0.006416519173512657,0.003621319240873829,-0.005701327006721818,0.00364397438644584,-0.001153780924753794,0.003880755496289607,0.00022593615573193677,0.0038835902922730314,0.00022593615573199635,0.004833542098749332,0.00022593615528954854,0.004830003519339003,0.0002259361557320022,-0.00011105813281917756,-0.0023223246158882026,-0.0004585129529454543,0.004616121228560062
2022-03-17,0.005728784300827531,-0.0035586853845349163,0.005839363014497244,-0.0017858373252741242,0.0057614341586132625,0.005271557125054988,0.008095643820413636,0.0012213008843894168,0.008044480855811905,0.0012213008843894731,0.007707588873321652,0.0012213008839650629,0.007658403877735222,0.0012213008843894794,0.004430638649012054,-0.003771168841013295,0.0015924037610723606,0.015447458388279186
2022-03-18,0.004183651327609183,0.0004568668986239399,0.004182008496705588,-0.0002168808042440977,0.004340172476508733,-0.012266494192815015,-0.0005606545017595085,-0.01358642695701119,-0.00050374452391313,-0.013586426957011339,-0.0024936997393338665,-0.013586426955854622,-0.002443516580658502,-0.013586426957011356,-0.008595442391803508,-0.005528319600147443,-0.0018534132328581609,0.004960160072359584
2022-03-22,0.008517665849886362,0.001398244121883829,0.008459192325852318,0.0008540520814570983,0.008228759679963218,0.0010614342679064572,0.008022881261484602,0.006462358062287549,0.0050522864530112765,0.006462358062287613,0.006140649943572957,0.006462358063345636,0.006093101721014006,0.006462358062287575,0.006747939769889198,0.0030900814121044584,0.004152696544197835,0.007332605737300952
2022-03-23,0.015389143672643943,0.0053607322768790995,0.015389242049530343,0.005739717716732625,0.015032567404528175,0.007285866190101017,0.014194166112779601,0.006363168792026043,0.014446660429203062,0.0063631687920261155,0.01422357278600565,0.006363168793038225,0.0141397313810859,0.006363168792026068,0.013276144293955907,0.007498385304650737,0.008088721462564476,0.023067716362463454
2022-03-24,0.002978737911943443,0.002787310361408798,0.002854362678755504,0.0028526957161333797,0.002679527495436416,0.005753231559248796,0.0025037394758062994,0.00978257620222075,0.002030432219730647,0.009782576202220046,0.0024336556634133063,0.009782576207556721,0.0024313551587526764,0.009782576202220561,0.002297317504972076,0.005107801217652783,0.0061594203509267335,0.0007792610482881822
2022-03-25,0.005603769515394385,-0.0009863667217235004,0.005534269968139268,-0.0013444729251671519,0.005409095258048134,-0.008223619897069712,0.00513088993678789,0.0029132742159636666,0.0009953770685259117,0.002913274215961921,0.0022197523731965086,0.0029132742247478015,0.0021982970156016377,0.0029132742159631983,0.002980227229825054,-0.005459469522090256,0.004702940139424226,0.0006074118208648218
2022-03-28,-0.0006070695049884418,-0.0005013843426279745,-0.0005924554944482551,-0.0007255233775653037,-0.0007107467876392355,0.0029973228647275432,-0.0013139895347081634,0.004235551679929793,0.0004214649933552281,0.004235551679930193,-0.0006477468057693163,0.004235551677558334,-0.000687189614041203,0.004235551679929919,0.0005599727454589998,0.005903539871153162,-0.0013972521550441107,-0.005737124458583752
2022-03-29,-0.0001212018399501804,-0.0005547020318002343,-0.00016775652844383846,-0.0005778833967778674,-0.00017316061141601678,0.0006872209487477682,-0.00015318532022262805,0.002873607019026503,-0.0015190954027882112,0.0028736070190262517,-0.001497402515707057,0.002873607020759349,-0.0014887614600325783,0.002873607019026438,-0.0010196714889192642,0.0018150203132322599,0.0010792451963006302,-0.00323882743192129
2022-03-30,0.0,6.147626061847082e-20,0.0,1.618339820736062e-20,0.0,0.0,0.0,0.0008805971471523184,0.0,0.0008805971471520618,0.0,0.0008805971485335362,0.0,0.0008805971471522472,0.0,5.449196676322061e-19,0.0012347295878079897,6.087097060897111e-18
2022-03-31,0.014594891403112103,-0.0553512548471366,0.015357371943025984,-0.040491808837047484,0.016600402337940995,0.005331755502559175,-0.015076283896379713,0.02947784439773997,-0.013444941648145407,0.02947784439774171,-0.048094710073948596,0.02947784437170369,-0.04784820082726963,0.02947784439774051,-0.04563284319744391,-0.003545699118259386,-0.019821896762401127,0.012741444088349926
2022-04-01,0.007398798800287411,0.008738197108403269,0.007492341894364402,0.00806160560009985,0.007767146726794074,0.006404150022265824,0.006233366809352282,0.012378105037007753,0.0031690087405254483,0.012378105037007868,0.004905969030615146,0.012378105034922902,0.004937588949649112,0.012378105037007803,0.0052631020549004145,0.006187939955333598,0.0075609859621499406,0.0025522281427283328
2022-04-05,0.0008088443226810047,0.004466752251548842,0.000855112607102553,0.0036765641307289418,0.0010764465643894469,-0.0022155408375069984,0.002033306457183235,0.0010976176432896602,0.004346248009429431,0.001097617643288606,0.005435881056138984,0.0010976176500382628,0.005494636380691971,0.0010976176432893688,0.007576643911846219,0.0034667543546332753,0.00147753766548102,0.005182920620843687
2022-04-06,-0.005145753833016396,0.002927183192378832,-0.005232270966197081,0.000727381348364669,-0.005394108183284179,-0.013393166287302465,-0.0062022692787396475,-0.005209889036049368,-0.006300482484785333,-0.0052098890360498355,-0.0009625299034050983,-0.00520988903530515,-0.0010050539268583723,-0.005209889036049485,0.0010841859010779136,-0.00826112138179671,-0.002005302064596864,-0.01368580835766822
2022-04-07,-0.0007892342641588627,-0.0011760876869777311,-0.0009651888361250057,-0.0011957576915507444,-0.0014411990606625889,-0.011034568356136677,-0.001500545856218043,-0.008698249427879454,0.0023619701664740695,-0.008698249427879579,0.0010427188641821158,-0.008698249428564009,0.0009682739669867073,-0.008698249427879478,0.003104038747107539,-0.005271495912567928,-0.002917974064332535,-0.0001356432919970077
2022-04-08,0.00554058981719576,0.0012268479436307466,0.005312852005836937,0.00016937009799936455,0.004976147403599874,-0.003169199769548681,0.005524418820788684,-0.0018113604585754054,0.0031273818255194803,-0.0018113604585759447,0.004024187754794622,-0.0018113604551620657,0.004007548075169244,-0.0018113604585755364,0.003439837715282389,-0.003433004326753419,-0.0009396487076531175,-0.0030769609689690045
2022-04-11,-0.0023506281694738716,0.0008001912033299423,-0.0021509049289436836,0.0011616680417392497,-0.001747832626508147,0.002080629181182427,-0.00417575475720724,0.005077803976866695,-0.007360366076784054,0.0050778039768672005,-0.00527879478007767,0.005077803973615499,-0.005246162122185941,0.005077803976866819,-0.004679630004920614,0.0024450577298128894,0.003461124224181168,-0.0046902312661888075
2022-04-12,-0.0016923800100940405,-0.0005810603592395075,-0.001826742957743736,-0.0014374426993004072,-0.002053633700832974,-0.01156944233819229,-0.0038910750243486194,-0.005684753284385274,-0.004363204283099455,-0.00568475328438482,-0.0009502533170583443,-0.005684753287161266,-0.0009790565081179634,-0.005684753284385138,0.0017313779344076796,-0.004002531566383543,-0.0034314014817689456,-0.005555233661987128
2022-04-13,0.003361116027325058,-0.007474296472685527,0.0034278514109211235,-0.004386231080830712,0.003515738693575037,0.005589373203351766,0.003023658447728976,0.004908299376034839,0.003759983605058685,0.004908299376034424,-0.003374229523083772,0.0049082993798969425,-0.003336642471306131,0.004908299376034715,-0.0030949178870428038,0.007771366653322921,0.0021658268951918035,0.007810192928064421
2022-04-18,-0.006030002621594127,-0.004603034788594354,-0.005780599992074496,-0.004770055508003978,-0.005413508554931439,0.004057086772200786,-0.008321202078912975,0.002935680255324972,-0.006457433260616296,0.0029356802553253403,-0.005155773900144594,0.0029356802510167625,-0.005140652714529004,0.0029356802553250783,-0.006872001684806652,-0.0042886531680158355,-0.005665957493513303,0.0011012667001420603
2022-04-19,0.0004920149107892091,-7.863394148100095e-05,0.0004385834915331902,0.0007312786832382195,0.0004318560622302703,0.0006299082959729702,0.0002380271260609497,0.0012704409207367664,0.0010669783040811694,0.0012704409207367295,-0.0010939166569871675,0.0012704409211123108,-0.0010776503266398914,0.0012704409207367573,0.0010475538998654835,0.006447054601582699,0.0012000613294412016,-0.0002522473494427881
2022-04-20,0.007999277684474724,0.0033502967119102113,0.007984521718624115,0.0032187076899124903,0.007806604533405646,0.004622378176598189,0.007334934010522872,0.006368807268428486,0.009177241573181349,0.006368807268428631,0.007147427655390909,0.006368807267514884,0.007100751910529178,0.006368807268428537,0.009324398858593331,0.009131584652079468,0.004422696774175092,0.008034939163746053
2022-04-21,-0.007011054995088995,-0.0021678927290977256,-0.006827737536860589,-0.001982857620234144,-0.006328593983347483,0.0011348162911483197,-0.005132320165803979,0.002635526480902498,-0.004015690249759667,0.002635526480902756,-0.004689989573735499,0.0026355264792312545,-0.004605147724468171,0.0026355264809025647,-0.0039280898203162586,0.0016666133448787553,-0.0026704258820548373,-0.008349615815736997
2022-04-22,-0.0018448347540271455,0.0022077880757115777,-0.0018340238056530139,0.0032009175986056674,-0.0016576440762094977,0.002619140543495847,-0.0006904313436956058,0.0022096271267591882,0.004608928248576924,0.0022096271267592585,0.001683684969960098,0.002209627126756504,0.0017502399590455383,0.0022096271267592026,0.00416440452645064,0.008325202330067958,0.0005753580925086871,0.0029399021875678977
2022-04-25,-0.017766213057059596,-0.005517298145882128,-0.01877502631448189,-0.005779083742100452,-0.01845386631407472,-0.01110008424447074,-0.018495484589802484,-0.008344121130687289,-0.015707297375766198,-0.008344121130798594,-0.01584039160441017,-0.00834412113063413,-0.015737404283598166,-0.008344121130687094,-0.00784700807241008,-0.0002826627683290242,-0.01052845566398824,-0.014583693145834525
2022-04-26,-0.0018559110105794583,-0.009036989630701401,-0.0033598349888421353,-0.0085724049919288,-0.002804289412790542,0.010553381395348237,-0.0026387485054462263,0.01124154937837951,-0.009872401646873039,0.011241549378552181,-0.00987511419387609,0.011241549378379265,-0.009877231716899079,0.01124154937837922,-0.008778434224464171,-0.009496973166463807,-0.0035044381570694177,-0.010303335477163451
2022-04-27,0.010508733085486997,0.0041236760050506515,0.010427277350474728,0.004098148139126137,0.010752964096781756,0.01301740020288087,0.01082644234293429,0.011969946643199982,0.0051366381426852185,0.011969946643340331,0.005134565031811655,0.011969946643199735,0.0051294666649117655,0.011969946643199749,-0.0009034720196124139,-0.0034093721254032363,0.0015716969166508093,0.016349949717867063
2022-04-28,0.005065353761513944,0.00406988102774661,0.0035325520360998965,0.004591935601588564,0.004026710722178834,0.027082352479115814,0.004164286324420954,0.02698173380688909,-0.0019914599876635457,0.026981733807074273,-0.0020026522553205444,0.026981733806888814,-0.0020134196739127978,0.026981733806888782,0.002934918306390655,0.008877381743180326,0.007117140630671345,0.007879604956266398
2022-05-02,-0.0024819774784611377,0.0005560812448911914,0.0020629632331023917,0.0005992470601645574,0.0025840200436988013,0.006783219242882831,0.0028423948628682797,0.008347335979826297,0.004207059040290954,0.008347335979980934,0.004339217863291745,0.008347335979826065,0.004470715792269835,0.008347335979826056,0.0035864957007450526,0.008471359898548492,-0.0021785275879664077,-0.006274211776990539
2022-05-03,0.002206896266039816,-0.005331456655331743,0.0005113430320468513,-0.005177849842151504,0.0003472104295780638,0.0023948628909552525,0.00018692470310865614,-0.0008012611045628611,-0.0034642745529404094,-0.0008012611044174371,-0.003586291565939462,-0.0008012611045630923,-0.0037093051784857943,-0.0008012611045630966,0.000682595384064113,-0.010460928013875914,-0.0053667581004199095,0.003887365904476146
2022-05-04,0.017038959277958215,0.004399005899469715,0.015173170112020793,0.005073901464083618,0.01624948610441975,0.033816132697256876,0.016563766847117814,0.029731268643823198,0.007444436044554846,0.029731268644254384,0.007467586261638776,0.029731268643822535,0.0074879902259228515,0.029731268643822487,-0.0008987333393794606,0.003361608621828229,0.006813140600123163,0.021664762787220935
2022-05-05,-0.02093405602620649,-0.008803927940927006,-0.0207435403711531,-0.008900734470437453,-0.019778514495671546,0.0031360810997477116,-0.019417340966337106,0.00422009926021899,-0.020053348558397594,0.004220099260517955,-0.019916497310268077,0.004220099260218555,-0.019782518362457813,0.004220099260218529,-0.013191516761731371,0.003346511243306781,-0.010591906579710892,-0.016419970349030564
2022-05-06,-0.013264448521525,-0.011420337382774703,-0.01674552746176494,-0.012052368060133857,-0.01723620621231332,-0.024789443686743212,-0.01736349302793118,-0.024687803711776715,-0.013087784537266176,-0.02468780371194723,-0.013086417182499555,-0.024687803711776445,-0.013082894908833262,-0.024687803711776427,-0.014996701512620683,-0.011062698566575456,-0.011422786423055442,-0.017788737707702357
2022-05-09,-0.027261366910293086,-0.01695328558320596,-0.025890543285257576,-0.01702527962369359,-0.02550983651763577,-0.02424194312939426,-0.02529919880845529,-0.02261241112605032,-0.0222342401941674,-0.022612411125851932,-0.02209184920039469,-0.022612411126050586,-0.02195016025307383,-0.02261241112605061,-0.017471735486869668,-0.00888493559135761,-0.018954619542667264,-0.02787348568047202
2022-05-10,0.0023082222525818413,-0.021239742299977205,-0.01190104539150675,-0.02081032800471572,-0.011298339633972592,-0.0023924442916142055,-0.011063041050294473,0.004831845165063226,-0.012062241009415659,0.004831845164333416,-0.011950158371710203,0.004831845165064268,-0.01184081096842411,0.004831845165064359,-0.020552068763166016,-0.004759991187081748,-0.006112037899588923,-0.009777069307608126
2022-05-11,0.001018519527472089,0.009524077223153024,-0.0008287662138385615,0.00871759761707712,-0.0005213260794979624,0.008443778655967361,-0.00045667658171196575,0.006982712484977212,-0.00289181309444782,0.006982712485226596,-0.002903763861305289,0.0069827124849768515,-0.0029164212982554084,0.006982712484976815,0.005964691747221864,-0.0002915780417510531,0.001300310941387365,0.00619849165032604
2022-05-12,-0.0051156105832184055,-0.001543358033179737,-0.0076007564375274875,-0.002009700035675333,-0.007821132808211183,-0.01336454831086035,-0.007924898336197039,-0.010941232080712616,-0.0037399467144493157,-0.010941232081010846,-0.0037757553448085524,-0.010941232080712206,-0.0038121714667366255,-0.010941232080712142,-0.0062503713935010185,-0.0007589584919623898,-0.004275855434262473,-0.00536309830004596
2022-05-13,0.0035691080587133485,0.005102894925958313,0.0038664828145312897,0.0047369382872661184,0.0033950856370374713,-0.004601638838652692,0.0031723084437399046,-0.006306560013316108,0.0036664368362443432,-0.006306560013390056,0.0035740405533957525,-0.006306560013315985,0.003480743580580776,-0.006306560013315988,0.00511852370604746,-0.00418590625640739,0.0022249545614437755,0.011283586336133989
2022-05-16,0.006170798592045898,0.015312444297836875,0.0051779162080926745,0.014460251961263076,0.004882592434392631,0.011158768313492894,0.004794029966883606,0.012008971366320618,0.009735492901168128,0.012008971366369295,0.009734847297168035,0.012008971366320599,0.00973472798992018,0.012008971366320557,0.0054187749925951895,0.02640582409151232,0.012929617667459821,0.012671264321042508
2022-05-17,-0.00758279562685037,-0.005649245694352553,-0.006937246462104616,-0.005505010740070366,-0.008714792126761968,-0.01987894917207192,-0.009434152605109124,-0.020529037087598706,-0.012399934502437504,-0.020529037087706457,-0.012785094565402326,-0.02052903708759852,-0.013157353821312145,-0.020529037087598564,-0.008451714788033958,-0.02917336652763964,-0.0024224445705367517,-0.014559965189341863
2022-05-18,-0.022229572219038485,-0.024408229929385496,-0.020205263329264027,-0.023209146524833874,-0.019444895465345856,-0.009823142811557821,-0.01915399404651367,-0.006076043688182877,-0.023199672740514432,-0.006076043687959928,-0.023125455703569053,-0.006076043688183183,-0.023049665817450604,-0.006076043688183242,-0.02546635738507413,-0.017330465192461904,-0.017171537625008636,-0.027118975443761965
2022-05-19,-0.027424792852338564,-0.025019248751515104,-0.034217000088967636,-0.024521284725142038,-0.03378023331524888,-0.008257952367150115,-0.03370297813934363,-0.0055179215948044855,-0.047381477870014566,-0.005517921594817454,-0.04751126040535519,-0.005517921594804508,-0.04763436519591622,-0.005517921594804521,-0.04392004488059817,-0.04656658394473634,-0.02435412463665121,-0.026798889109960623
2022-05-20,0.01469293563384652,-0.0012946738250062212,0.02603042815949337,0.0005660750840477121,0.025975628500455684,0.017120676133664095,0.025911700539566734,0.01572781648137237,0.02737505475135597,0.015727816481556786,0.027359333842951368,0.015727816481372135,0.027337072459244403,0.015727816481372094,0.018454737757948318,0.021643822380459442,0.01702831022598743,0.01839214334297013
2022-05-23,0.015726609262030365,0.005209278008960542,0.02092118277492088,0.00622947449224691,0.019413829162398834,-0.013533227209346455,0.018900136725462625,-0.015329620371403785,0.023822206575866145,-0.015329620371583533,0.023634914508477104,-0.01532962037140353,0.02345597169367342,-0.015329620371403497,0.014117744268591345,-0.0004183315268474798,0.010050121595061128,0.0026551965655603627
2022-05-24,-0.004122463128369889,0.002560231802126387,-0.009432985804639792,0.0008668976175863071,-0.00924916733011579,-0.01858878826689003,-0.009117238689945678,-0.018138976119818847,-0.00031448608818697725,-0.01813897612003153,-0.0001595295228422414,-0.01813897611981853,-9.194083973701311e-06,-0.018138976119818486,0.0014409005988134426,0.00739099485958932,-0.003788732478726476,-0.007449010127290989
2022-05-25,0.0020950745952402422,-0.0070457563152889,0.001759261900077822,-0.007142808481010971,-0.0030949124368267857,-0.0034786831713204376,-0.003291552403492183,-0.0032970629577601376,-0.0033635361617578205,-0.003297062957773463,-0.003478386797648362,-0.003297062957759899,-0.002479757346192178,-0.0032970629577599104,-0.002837647272296054,-0.004853736531641257,-0.0008880963341047283,0.005213797905093735
2022-05-26,0.0061213097552472616,-0.008368567623802805,0.005639985010877743,-0.007939009060341472,-0.0010640389248140415,-0.012342963820283642,-0.0014294998355174312,-0.01234296382028436,-0.0016090083973228251,-0.012342963820310696,-0.0017863108471935672,-0.012342963820283642,-0.00465255926462723,-0.012342963820283631,-0.005148721290167171,-0.011433120562559747,0.00414497520118607,0.0024191861014044636
2022-05-27,0.013548693868745762,0.011286091225356438,0.013643231982731329,0.011341304122116255,0.012784536315217383,0.012764826547850421,0.012819383713010281,0.012764826547852277,0.012833921184301985,0.012764826547878368,0.012847143921175912,0.01276482654785046,0.014207981642657542,0.01276482654785043,0.014235212208467707,0.022922052947880564,0.0075351678654685394,0.004188276874773905
2022-05-31,0.04430649961241784,0.0230478197671728,0.04358127786981043,0.02309049990733762,0.033954836099372644,0.01233068393671705,0.03344043996839317,0.012330683936714826,0.03318690388126144,0.012330683936743969,0.03293669335618212,0.012330683936717117,0.027081779172419156,0.01233068393671706,0.026388570050375183,-0.030599747585048354,0.03632755216745913,0.059095042615661966
2022-06-01,-0.0007837748783588902,0.0021595047830024927,-0.0012236198269798058,0.0011342128513484213,-0.005005448152105051,-0.015476212796949364,-0.0053200794406916725,-0.015476212796948007,-0.005469327353390364,-0.015476212796983253,-0.0056137668507135795,-0.015476212796949392,-0.0019953766934482538,-0.015476212796949355,-0.002381731858358857,0.005755827315291111,-6.879770109593749e-05,-0.015971813383809336
2022-06-02,0.006079147896685119,0.021636312680378696,0.006948528137595367,0.020920601168682527,0.013032727538514317,0.03741784343743043,0.013629811212659729,0.03741784343742948,0.013909680260633588,0.03741784343751234,0.014178539294244523,0.03741784343743047,0.01819812596461079,0.03741784343743043,0.018895181102683095,0.0066402354451742035,0.010894604866777914,0.027034020537106334
2022-06-03,0.006450623973079662,0.01614633691880587,0.007554633623040249,0.015007676952340376,0.008728997244633592,0.04306271113310548,0.009547462472194613,0.04306271113310461,0.00992867618564,0.04306271113319975,0.010293567932368313,0.043062711133105516,0.010285138032951398,0.0430627111331055,0.011221310162890132,0.002980465806825178,0.00814289193502437,0.033795514418743185
2022-06-06,-0.002442655218747285,0.013265835323047991,-0.001165928551534392,0.012235028204308052,0.004795460144774439,0.04020329366548793,0.005713158479003256,0.04020329366548644,0.006143184303713589,0.040203293665575957,0.0065561117024452945,0.04020329366548795,0.006523331273950375,0.040203293665487944,0.007592553646737339,-0.0014660932159582091,0.0028962701146072896,0.028781550063260483
2022-06-07,-0.013201849318934847,-0.02557473803347504,-0.014760224147953745,-0.025238151725599775,-0.024381160874120674,-0.060921524250561174,-0.025405102509501093,-0.06092152425055866,-0.025878980929007027,-0.06092152425069457,-0.026330575203748628,-0.06092152425056125,-0.02964414866550643,-0.060921524250561195,-0.03078800140436031,-0.006228059944967421,-0.01537241796449321,-0.05619524207084382
2022-06-08,-0.01866757144091499,-0.02251694044450482,-0.019652933085974107,-0.022618785021531362,-0.027972825645305704,-0.04821102214782318,-0.028579781052069823,-0.0482110221478215,-0.02885874195018357,-0.048211022147928724,-0.02912347151280479,-0.04821102214782326,-0.02923497467661803,-0.04821102214782319,-0.029894080434923934,-0.010530386594394625,-0.014034899902381066,-0.04761555990088476
2022-06-09,-0.029411569431443914,-0.02147796027140153,-0.029278553790595137,-0.021821543232009917,-0.02505295394661479,-0.03831924764371834,-0.025220050834017307,-0.038319247643718767,-0.025306930243429646,-0.038319247643802144,-0.025395430331675004,-0.03831924764371842,-0.02494868064136794,-0.038319247643718364,-0.02521355422677628,-0.02743093173213245,-0.026231093440295644,-0.028934627300344812
2022-06-10,0.0032876907098589986,0.00383060608591358,0.0035009182214406297,0.0037797802765777355,0.0016322432710569774,0.009006448397355897,0.0019040812583346106,0.009006448397355373,0.00203520429775107,0.009006448397375634,0.0021632595771685532,0.009006448397355907,0.0019729076182454786,0.009006448397355902,0.002320952441898706,-0.0005249865004705815,0.004512312082159315,0.006348474301130669
2022-06-13,-0.0005940980792482446,-0.019850933186085853,-4.76542321628786e-06,-0.019834563377463352,-0.01903175117106445,0.011778416521798764,-0.0186463734971994,0.011778416521792467,-0.01845160912354625,0.011778416521395007,-0.01825632559898899,0.011778416521798351,-0.01697109883765504,0.011778416521798672,-0.016405126355591954,-0.019655803377430156,-0.010327888561282767,-0.02114148132590194
2022-06-14,0.006281827843603635,0.0018921629404084995,0.0064029295515766,0.0016480624317522835,-0.001230032845382664,0.0058595022931614065,-0.0011051791404097673,0.0058595022931603475,-0.001051131859133099,0.005859502293145881,-0.0010018380584553652,0.005859502293161388,-0.002865774509394354,0.005859502293161383,-0.002756924465982368,-0.008216569275119719,0.0021456171770003474,0.007166736203244456
2022-06-15,-0.01760389799871575,-0.027655113954780156,-0.017726827465601596,-0.02689185842889846,-0.019210406518612593,-0.031022238075423904,-0.019439784810362095,-0.03102223807542455,-0.019554131412640736,-0.031022238075487752,-0.019667807029399176,-0.03102223807542394,-0.021523985575635608,-0.031022238075423945,-0.02184543205787915,-0.03297263766403109,-0.025533324893125636,-0.016111725833201945
2022-06-16,0.00724146461903311,0.01255458498289,0.007189373161247436,0.0117314083282953,0.0009690656263804439,0.019040962744790387,0.0012400819669580168,0.019040962744790033,0.0013828505169065997,0.019040962744824048,0.0015293138587070773,0.01904096274479039,0.005083634765000747,0.01904096274479039,0.00553351125800762,0.003994050648531975,0.009390454949991857,-0.001027149228079522
2022-06-17,-0.013345092569258192,-0.0065126452983676,-0.01361640369464263,-0.005867271931559623,-0.0007113269304689571,-0.01948331488595243,-0.0010176872641771192,-0.019483314885951036,-0.0011563538802358327,-0.019483314885963145,-0.0012869287610608971,-0.019483314885952424,-0.003485841450966345,-0.019483314885952403,-0.003805045628822356,0.019256383187694254,-0.006216979610654963,-0.0199065059241086
2022-06-21,-0.03270853414876367,-0.0042293421422443045,-0.03129555314697902,-0.008601714080112736,-0.04137099720138672,0.018039240693370467,-0.04020929769296395,0.018039240693370415,-0.03965686798282108,0.018039240693410067,-0.03912096891082666,0.01803924069337044,-0.04058677768319778,0.018039240693370498,-0.039156938291921406,-0.024196291773761744,-0.023331391421878893,-0.02904747908775997
2022-06-22,-0.021267585042557303,-0.01253171534989034,-0.021866558282708122,-0.012932677635840016,-0.02042136951984318,-0.04398538742792203,-0.02091478392717595,-0.04398538742792296,-0.021143190536661173,-0.043985387428025,-0.021361084267221303,-0.04398538742792208,-0.019474181413177128,-0.04398538742792203,-0.02002632591984032,-0.028142535216755547,-0.01397024935428778,-0.03488902174172307
2022-06-23,-0.013605923161452992,-0.006362689869844146,-0.012770191749807534,-0.007339272928032631,-0.013148516583776469,0.014706446515278655,-0.012465346065438422,0.014706446515277905,-0.012135971231919169,0.014706446515309616,-0.011813973514345027,0.01470644651527864,-0.008319013832384531,0.014706446515278637,-0.007444099454860395,-0.007053067699076987,-0.022291382698617062,-0.012056232265225803
2022-06-24,0.02382530318184411,0.01863390127455663,0.024247291449089128,0.01954898398048537,0.02942665231616447,0.04331349319783631,0.029677945520053286,0.04331349319783628,0.029787119234227492,0.04331349319796196,0.029886827312542406,0.04331349319783641,0.032182121913928406,0.04331349319783632,0.03239722781974232,0.022190272840932466,0.02169251073125893,0.04495364497573867
2022-06-30,-0.026718590052753875,-0.0046185603624563296,-0.032815605910077913,-0.006554160840224137,-0.03050050575599369,-0.04351658963489313,-0.030231095500099038,-0.04351658963484902,-0.030100027578532206,-0.043516589634884105,-0.029972339240128012,-0.043516589634893126,-0.02984017190821253,-0.043516589635010386,-0.025863576125082346,0.00837302078401114,-0.01466093943303179,-0.039135967922917445
2022-07-01,0.0215083155850439,0.014215659789788228,0.015162023773013712,0.015247245902729557,0.020037657248802365,0.009260162764157165,0.020166367703659132,0.009260162764019373,0.020227274518999604,0.009260162764138566,0.020286443423147373,0.00926016276415703,0.02034413592081185,0.009260162764160857,0.026937511633076824,0.01879901402492954,0.015826791368593354,0.022846280750956394
2022-07-05,-0.012027112821097878,-0.004100818666045102,-0.0029461475501524836,-0.004047182192223499,-0.00613904466783568,0.012107626121654155,-0.0059335997126612845,0.012107626121763427,-0.005831708487465937,0.012107626121668867,-0.005730616016609017,0.01210762612165426,-0.005630478166760753,0.012107626121614014,-0.011571901624173826,-0.013100199414937718,-0.012491777282176219,-0.0035773863773953434
2022-07-07,0.01656719026066645,0.019158737500455342,0.00933685629211679,0.01806280143763385,0.007003117254180489,0.010271530628611459,0.006717698316249566,0.010271530629221301,0.006604422459232175,0.010271530628693805,0.006506843748093412,0.010271530628611993,0.006422733425087132,0.010271530628568297,-0.004063489039114108,0.044399615491744995,0.022364620258829026,-0.012770851468231433
2022-07-08,0.0057128078159674415,-0.015630355489886123,0.004419227201425682,-0.014599881993679708,-0.00023280645483953608,0.0028120175732855844,-0.0004705832326155952,0.0028120175732437346,-0.0005989661277369533,0.002812017573279933,-0.0007317548673865605,0.0028120175732855627,-0.0008678367752005132,0.002812017573304892,-0.009756166105681746,-0.0007236015373131757,-0.004794785606843222,0.005468717763736404
2022-07-11,-0.006108916290750152,-0.0028772330590614782,-0.0046382747851001094,-0.0026160511918973508,-0.001748172249791439,0.0038870196825955164,-0.001173132772256879,0.0038870196825302955,-0.0008894842099348653,0.0038870196825866606,-0.0006080216175941432,0.00388701968259544,-0.00032871534369125627,0.003887019682573312,0.0029405637895447492,-0.021341837670921394,-0.007039820645451191,0.011806226088254707
2022-07-12,0.004123746006685972,0.004469373783239462,0.0018269382557249345,0.004850109167572853,0.002675295128818316,0.014110633939860867,0.002884967696764956,0.01411063393999987,0.002985604406108311,0.014110633939879595,0.0030839566765627317,0.014110633939860985,0.0031802567859051914,0.014110633939793563,-0.0020601559528259984,0.007555416765950819,-0.0001037170294961808,0.0051586208774950845
2022-07-13,-0.01913542747096692,-0.011226834189494855,-0.018434461397732943,-0.011651732461703417,-0.019434478008419444,-0.01823339736190711,-0.019593495215585347,-0.018233397361864658,-0.019672699492544167,-0.018233397361901348,-0.019752284949861566,-0.018233397361907065,-0.019832427330811832,-0.018233397361937038,-0.01961361702951702,0.00108464725181723,-0.013266529988187158,-0.029465144158291816
2022-07-14,-0.03822322181950384,-0.025214938472886795,-0.035900950569181383,-0.025895130335194395,-0.03480789575374778,-0.02286285892594288,-0.034176051368896634,-0.022862858925707608,-0.033848556585807564,-0.022862858925911167,-0.033515391882632306,-0.02286285892594269,-0.03317793117925699,-0.022862858925955437,-0.030492987767930545,-0.037994876881171265,-0.03241428339474186,-0.028183137057408637
2022-07-15,0.004304715644891198,-0.006394090642592172,-0.0006573708908859293,-0.0066039591339052475,-0.002639451860976542,0.012728820027773825,-0.0024044215818254545,0.012728820027635703,-0.0022947493745334117,0.012728820027755152,-0.0021889191749700993,0.01272882002777371,-0.002086263632030627,0.01272882002780747,-0.004535759327783916,-0.0009969720736162989,-0.0015142290301840252,0.014366743913578409
2022-07-18,0.006133128797106478,0.00294050067606647,0.0037390542221604826,0.0024261578579365863,0.0026869784583434795,-0.010397136454901494,0.002240676685656431,-0.01039713645486902,0.0020278800077161915,-0.010397136454897085,0.0018208753116433305,-0.010397136454901463,0.0016191240334098049,-0.010397136454896358,0.0019411465469117407,0.003379266011206258,0.0029973284223398632,-0.010270243463084349
2022-07-19,0.01158614815464074,-0.002373441203611318,0.013919677854290293,-0.0009659247604503025,0.009376047980784534,0.005806549989718509,0.009115326621270268,0.005806549989780537,0.008975771213405577,0.005806549989726897,0.008831345655037185,0.005806549989718574,0.008682896612627996,0.0058065499897073745,0.006724556482377656,0.009875822965376705,0.0063419811111365704,0.00024060012191288224
2022-07-21,-0.009141191069283714,-0.011822164970419552,-0.005851923433066839,-0.010845522736532956,-0.0024846738806778234,-0.021924930369367664,-0.0030859671424950767,-0.021924930369272372,-0.0033808925029729974,-0.021924930369354775,-0.0036722615855554865,-0.02192493036936758,-0.003960090338330634,-0.02192493036938955,-0.003308656517047908,-0.007126615970634846,-0.012038146044929914,-0.019268894070517045
2022-07-22,-0.027807668714598797,-0.01822790994691015,-0.021070853732372382,-0.019775054147134232,-0.01545294462333257,-0.035250791725162725,-0.01581031200711342,-0.03525079172519477,-0.01598437762286067,-0.035250791725167034,-0.016155644591498347,-0.035250791725162746,-0.016324207470140507,-0.03525079172504591,-0.011466911956865338,-0.05144663811752338,-0.020678899188268478,-0.022373514444028405
2022-07-25,0.024506533692707933,0.028444502387860525,0.01753141802215451,0.028621663149440268,0.018979496825160112,0.019573942861159106,0.01926049573019757,0.019573942861183028,0.019398382755785093,0.019573942861162333,0.019534564143362118,0.019573942861159106,0.01966901322753204,0.019573942861080385,0.022510775607388137,0.041738674950180854,0.026369562351924766,0.022665349175217845
2022-07-26,0.001693796102671364,0.004102181207437448,0.0007820382323857648,0.003973491882650682,0.0007864808233676414,0.0050529161430915084,0.0009491600620772024,0.005052916142934991,0.0010210708704395063,0.005052916143070366,0.0010878325195018928,0.005052916143091373,0.001150083388912961,0.005052916143091628,0.00800530857774352,-0.007655470370265608,-0.0008219814754966202,0.008389528677999398
2022-07-27,0.007204414870985193,0.005536153362711091,0.002641594145362894,0.004797140334370409,-0.0012348698452295396,-0.00349584174312077,-0.0012189799765721409,-0.003495841743081401,-0.0012042613954233875,-0.0034958417431154684,-0.0011856057072696827,-0.0034958417431207433,-0.0011634297649447812,-0.003495841743111961,0.004286904774474103,-0.010833055090357546,0.004667711452544205,-0.0010544961402251813
2022-07-28,0.0029427609495393556,-0.0047402809068861655,0.0032026753205076633,-0.003488165224669238,-0.000923865742726215,0.000171407907017473,-0.0009303960083628768,0.00017140790703080826,-0.000930637393196035,0.0001714079070193038,-0.0009286627427583672,0.0001714079070174847,-0.0009244713852211042,0.00017140790705276725,0.0017056003360926995,0.014275870703739577,0.005228866330069273,0.004038819328224422
2022-07-29,-0.014687292016345072,-0.008821805747439881,-0.014710993104198024,-0.009834389509840896,-0.016946037076950367,-0.011692777843088916,-0.016834006519912695,-0.01169277784299975,-0.016775559362104682,-0.01169277784307688,-0.01671630756733655,-0.011692777843088833,-0.016656684837820613,-0.011692777843114304,-0.0180938715662838,-0.01087435096197508,-0.011919612012516121,-0.02036210348050604
2022-08-01,-0.015323890897159749,-0.011321640896575337,-0.014507155627001014,-0.012140042485180157,-0.01598221397517964,-0.018720535114742375,-0.01592797741250559,-0.018720535114706605,-0.015892730301956745,-0.01872053511473755,-0.015853237351994353,-0.018720535114742344,-0.015810203321987657,-0.01872053511470985,-0.012460172888399186,-0.025522741098230356,-0.010847285416310772,-0.017217881565492935
2022-08-02,0.009070338468472649,-0.0031741977306592103,0.0057724151812447375,-0.0032544883362773083,0.002673376900864667,-0.0039951931235355925,0.0024083410853351144,-0.003995193123578333,0.002277625880611992,-0.003995193123541357,0.002148580485004692,-0.003995193123535625,0.0020214480164745586,-0.003995193123482789,0.003849906996894085,-0.008683526526516511,0.0003882400078208821,0.00354176698383122
2022-08-03,-0.003986901758163998,0.0008388132664830441,-0.004022454132969144,0.0007473779856463894,-0.002243039643651587,-0.004870636415309695,-0.0022575257544578523,-0.0032834108426479727,-0.0022666305037255144,-0.0032834108426409957,0.0018448200309982242,-0.003283410842714566,0.000632490236661053,-0.0030963984245370433,0.0007061958538516175,-0.003696398424538629,0.0002749665595666392,-0.003701064758575675
2022-08-04,-0.0024423707143170006,0.004780259984547846,-0.0023833433848323487,0.0051688067066770985,0.001262085841079907,-0.00030968231753510556,0.0011645845704747815,-0.002503692102860243,0.0011102414274648707,-0.0025036921028603713,0.006126675687263537,-0.0025036921027786173,0.0036423329192521075,0.0052402655247870775,0.0035342283427087346,0.00524026552478862,-0.002743468342076671,0.0018978573787602462
2022-08-05,0.005687963379944959,0.00190284328678375,0.005720609744546759,0.004138028391314137,0.002440574914760374,0.01580092237632935,0.00241484164359923,0.01904693298517696,0.002401746695591857,0.019046932985176974,0.00601758292631068,0.019046932985174323,0.0006175634308705582,0.020826735061799738,0.0004181465112172828,0.020826735061798413,0.004076810250953022,0.00819517183609756
2022-08-08,0.01893726983725992,0.014037122043972358,0.01906443505845481,0.013287934684590474,0.019633479717676143,0.006893463957224328,0.019610254511348117,0.004970392458449705,0.019605767907778376,0.0049703924584495775,0.015658445345803306,0.004970392458467357,0.014307932669498162,0.00850644861012592,0.013691498340774922,0.00850644861012757,0.02212398336816112,0.011383514247823062
2022-08-09,-0.009727115287762881,-0.008848552897234959,-0.009805910500459848,-0.008986440963220998,-0.01219003857360624,-0.00916793450623145,-0.012123069181066775,-0.007574836512389395,-0.012087574313519913,-0.00757483651238943,-0.012583979434573189,-0.007574836512363686,-0.009698918909952881,-0.00554523673457958,-0.009211539587362795,-0.005545236734579982,-0.00901517758729793,-0.013199158898639526
2022-08-10,-0.00741385572010134,-0.011019733682455284,-0.007365051351827995,-0.010377583157901504,-0.007290112381400273,-0.011568146435784996,-0.007426519082859047,-0.010530680280939893,-0.0074943364365903965,-0.010530680280939852,-0.008561608735335026,-0.010530680280974708,-0.0069311007435385805,-0.014265735022741408,-0.007033192668616032,-0.014265735022742296,-0.013417305405947136,-0.005572916031660405
2022-08-11,0.012598323676893463,0.006633071246077079,0.012603572090681942,0.006375088069248528,0.010409251789927333,0.0099955263532652,0.010504307350451058,0.008816731171931765,0.010545781269120463,0.00881673117193178,0.009489018354131809,0.008816731171921166,0.00880320794863285,0.0002823832867978231,0.00868681427404859,0.00028238328679783525,0.007074258449952247,0.009589486643480328
2022-08-12,0.0011071049064708342,-0.009204718987571914,0.0011514852003225622,-0.008831941314059302,-0.0023961289076865023,-0.01311365570990284,-0.0024723970973934283,-0.013178605667773086,-0.0025172903955909378,-0.013178605667773046,-0.0051787860510241306,-0.013178605667817206,-0.0018538328917886413,-0.012518262989146638,-0.001948335980129137,-0.01251826298914679,-0.007474837416279941,-0.0037272102889104467
2022-08-17,-0.013268871718643473,-0.01162922130954296,-0.013180634296593734,-0.010318589716645616,-0.010813021502550247,-0.010023600392554398,-0.010853521046063665,-0.009540131670334427,-0.010870991518465357,-0.009540131670334502,-0.009801383755380057,-0.009540131670294818,-0.00726684511511492,0.0032522967033997274,-0.006865099892845662,0.0032522967034003883,-0.007772871350529275,-0.008068510730041544
2022-08-18,-0.0051394744165426404,-0.005569259088608062,-0.005189734832772658,-0.004329892561693649,-0.007630341524313215,0.004199355014701662,-0.007630947599056293,0.004595330134304615,-0.007627824247141582,0.004595330134304618,-0.005011366396804695,0.00459533013431611,-0.008443201564065875,0.0041659655349294035,-0.008473659997613608,0.004165965534929194,-0.004656872116542612,-0.00015339558623956486
2022-08-19,-0.016350362847486033,-0.010062835603672595,-0.01625341809127347,-0.010968968496104889,-0.012509168537262971,0.002321891398542156,-0.012543237705877697,0.0018643560808601876,-0.01255908023909294,0.0018643560808602822,-0.011239611338532856,0.0018643560808386667,-0.009474258959942139,0.002900822581440512,-0.009009801831471025,0.0029008225814403325,-0.0077240667263222835,0.003598739483164989
2022-08-22,-0.009672900416581948,-0.0016263616676181975,-0.009837231240419464,-0.0022437539851187134,-0.00880783895408233,-0.0016260374984704295,-0.008839649762458785,0.008430085214043736,-0.008851099418430954,0.008430085214044378,-0.00679986281648308,0.00843008521375375,-0.0047691692788023364,-0.002305772684204263,-0.004273693071107677,-0.0023057726842114707,0.00014692214333774896,-0.004277562375760583
2022-08-23,-0.0015735120486266578,-0.008152572395163428,-0.0018411908102656592,-0.007917535684982243,-0.004756244379180871,-0.03533592353471982,-0.0048837925298983575,-0.0394919945346386,-0.004950214334427555,-0.03949199453463856,0.002307068288440877,-0.03949199453465456,-0.0021934123697289086,-0.02407372335741898,-0.0028517111800718726,-0.024073723357417042,-0.009969423409420393,-0.021713386851294925
2022-08-24,-0.004201898624496424,-0.0029609233764315633,-0.004118144197977912,-0.0014436405758772655,-0.00678856015618646,0.023258279153717244,-0.006859172737069241,0.02051887062376461,-0.00689034284784173,0.02051887062376449,-0.0065305324552413085,0.02051887062384117,-0.006741035137708025,0.016331137094854294,-0.006393802398888992,0.01633113709485561,-0.005194972611714742,0.02243296554318599
2022-08-25,0.0028772242627027335,0.002877715261869146,0.0028769993698632684,0.0017560139090230654,0.005529573327377211,-0.010793406651196316,0.005538705867059592,-0.00874622283601716,0.0055493132070809385,-0.00874622283601717,0.0035789233002937507,-0.008746222836030314,0.005922056036976481,-0.009919726458066224,0.005923282494893246,-0.009919726458067086,0.0064710123309521025,-0.010291097259998565
2022-08-26,0.0033656816615500393,0.005527655384208196,0.0034079241577905767,0.004920648914672278,0.004950928938942521,-0.0040119685739349025,0.004913731301398893,-0.006515402192281667,0.004889595117975522,-0.006515402192281602,0.005287607457053313,-0.006515402192322242,0.003349962725915474,0.00172507985714289,0.002883537185632837,0.0017250798571441335,-0.001624597988759826,0.003401969578941868
2022-08-29,-0.016420145629918552,-0.015471715049515063,-0.01644788368187996,-0.015555457079124068,-0.01680324572706616,-0.0028052090500259967,-0.016803987203828794,-0.003613465285304575,-0.016797160854716133,-0.003613465285304582,-0.014965360117356583,-0.0036134652852754913,-0.013711949891515699,0.0023101502001137485,-0.013177530270058751,0.002310150200114381,-0.01004148077154557,-0.004328070711787641
2022-08-30,-0.015269998254326287,-0.009399004761678332,-0.015252261541401312,-0.008627108992745786,-0.01132026699581491,-0.005471492614754275,-0.011342334817497923,-0.008702102639919348,-0.011351004835457227,-0.008702102639919463,-0.009285490227140085,-0.008702102639840795,-0.00896255859546884,-0.000544844880926681,-0.008711164157050545,-0.0005448448809245694,-0.014472201503791105,-0.0044002793040183175
2022-08-31,-0.021141272617456193,-0.021047211273953974,-0.02111831642961131,-0.02208113825901919,-0.01818199260535493,-0.03489004311816837,-0.01809803737777024,-0.03319768697383982,-0.018059578335266436,-0.03319768697383954,-0.021089290357738818,-0.033197686974007046,-0.02421363959351932,-0.030636226191431012,-0.025022336189727944,-0.030636226191432234,-0.014507043257965485,-0.032798179402667056
2022-09-01,-0.004418711026395784,0.007305030288226158,-0.004335039335718633,0.0063624189677627405,-0.002217441795698715,0.012437161295909818,-0.0022910580884528404,0.012243201220334975,-0.0023270501308616863,0.0122432012203349,0.0007129673900953572,0.012243201220386964,-0.0028225287163225936,-0.012043488701381532,-0.0028979837716109815,-0.01204348870138272,0.003148373831578794,0.00844091833487413
2022-09-02,0.006890110121680396,-0.0005207920133274885,0.007036620633495606,-0.0015378828043624746,0.002828261754812037,-0.0016713186589120783,0.0027249939628528367,-0.010191781305054272,0.0026691250827525245,-0.010191781305054458,0.0004464391651266691,-0.010191781304994455,-0.0013179869229521866,0.015789589351401626,-0.0019986976852331135,0.01578958935140741,0.0023122255869095654,0.013080290131215429
2022-09-05,0.0002510224252088889,0.005216925183709627,0.00020669264484944247,0.00544641624521433,0.00027131300817750855,0.010857137989181188,0.0026396840866162855,0.01107160436367699,0.003710721454742034,0.011071604363676987,0.004016109303284122,0.010701246733778112,0.004117208063617167,0.011466516522856702,0.005563349797326863,0.011466516522858369,0.002743519862093982,0.008730051214875516
2022-09-06,-0.00677533702358945,-0.003929531648319405,-0.006791681963431562,-0.005225400424881875,-0.0066401066329568265,-0.0031894148670313072,-0.006938379712400565,-0.0014845078014404539,-0.007379335003960553,-0.0014845078014404521,-0.007325446234514739,-0.012294662927429166,-0.0072749275195648855,-0.012294662927455765,-0.007118396788183415,-0.012294662927457168,-0.003635134086276051,-0.006133382607566614
2022-09-07,-0.008360863087979422,-0.005913693083708935,-0.008389261752552713,-0.007134800552352466,-0.005659577013699313,-0.010554213775327413,-0.007686021790290835,-0.008769390120341641,-0.00935549991618934,-0.008769390120340758,-0.009410925611775919,-0.016357513822315404,-0.009468676945362648,-0.01635751382276244,-0.009616663448245763,-0.016357513822764354,-0.004426281492188075,-0.011605656319688655
2022-09-08,-0.013151444548486005,-0.006919629307874766,-0.012975815571500904,-0.00646350426723623,-0.01092927497180361,0.008039472243264813,-0.010789383897161928,0.0062465685023808636,-0.009362021526409015,0.006246568502380359,-0.009230859091174163,0.004107865563783347,-0.009101741720640013,0.004107865563960451,-0.008699551626555814,0.004107865563961124,-0.009316523354687795,0.0076950223694013525
2022-09-09,0.009476343586803899,0.004189309416523956,0.009563281238775855,0.005258831808580576,0.005516959540979168,0.018474364480924394,0.004929518117071031,0.013975608708517254,0.008691415925049148,0.013975608708516747,0.008883397094201877,0.016100376470162936,0.009079948466313149,0.016100376470266582,0.010906015982197294,0.016100376470268452,0.00967453506522146,0.018877486059589475
2022-09-12,0.017184619615659768,0.009435412066274377,0.017053982332823334,0.00974643344557739,0.015086541143075026,-0.0004201741109646703,0.014159391745590302,-0.002065784631820556,0.0118805144143392,-0.0020657846318213177,0.011767952360379681,0.0017409620681592326,0.01165343800548221,0.001740962068773326,0.011267247938738303,0.0017409620687728255,0.007434759799097048,-0.0010734937694731467
2022-09-13,-0.003937012026396143,-0.01262153857829905,-0.003922950571204419,-0.013801804475383607,-0.006900423247227879,-0.028134874043322915,-0.0077158145608543375,-0.015204374384068289,-0.011782699973196368,-0.015204374384067746,-0.011976550065553145,-0.03329936616587047,-0.012172699196924305,-0.03329936616627371,-0.013463814728371984,-0.033299366166275796,-0.00782458984830044,-0.02402269730559419
2022-09-14,-0.013346743319320464,-0.015655453805238053,-0.013193209582626344,-0.01518935043703509,-0.013271498761809964,-0.014976616596997288,-0.012025916580888866,-0.017440223515051437,-0.01244119553372015,-0.017440223515050958,-0.012405250322683078,-0.010883552967421141,-0.012366061794304838,-0.010883552967753068,-0.012191899004065372,-0.010883552967751843,-0.007458198500267786,-0.01194827892472398
2022-09-15,-0.003323587580934393,-0.0012156663022950503,-0.0032984957315577005,-0.001134925611822084,-5.960336927195902e-05,0.006561323975232796,-0.005047405759754181,0.01405863414907172,-0.0013419505230948784,0.014058634149070253,-0.0011501574990767489,0.00443511575480698,-0.0009603916593815963,0.004435115755392638,-0.002881103108931112,0.004435115755393793,-0.0035315862683202477,0.002720050111291424
2022-09-16,-0.016704471776806586,-0.028906335032619374,-0.01643450157789962,-0.028685468518678044,-0.027909061671257417,-0.015162839505267386,-0.03141499604755782,0.005585649617157809,-0.028598615151440805,0.005585649617154877,-0.028549932854838277,-0.027842200048402602,-0.028498890840968648,-0.027842200046780764,-0.032583643251545294,-0.027842200046783967,-0.01162901739662477,-0.00848519544747499
2022-09-19,-0.002325285095196899,0.002770810346166558,-0.0022522986055734705,0.004142381999002299,0.0036785851689261143,0.010843682273759762,0.004951001353642489,0.00438354097434611,0.006684753509063081,0.00438354097434605,0.006843311396050158,0.01204795222029471,0.006999797361720881,0.01204795222009228,0.007424109416666828,0.012047952220095113,-0.00518620609118545,0.007726315574074418
2022-09-20,-0.0037289407529445097,0.0068285083431116125,-0.0037811181828474043,0.007271682979532047,0.0021194344533001933,0.014078566000786347,0.002603697910330805,-0.004507038070427032,0.005082278221820935,-0.0045070380704268255,0.005064752480763435,0.009722981967360607,0.005047535348669217,0.009722981967630002,0.004980683805608725,0.00972298196762887,-0.006125720096808987,0.011847930692975257
2022-09-21,-0.0009456453867064124,0.006051981111272831,-0.0011766986144183679,0.0057462164687708105,-0.003340442031682642,0.019414536485624707,-0.002574974056925412,0.040119756306552845,0.004613459793495749,0.0401197563065526,0.004959697847418605,0.012144025277632836,0.005313994927338793,0.012144025276880572,0.006368890171009615,0.012144025276883543,0.007506591090030322,0.014652679054882546
2022-09-22,0.005877728483066216,0.007755867195227278,0.005777196315258033,0.0077358488978740494,0.004830657776012711,0.007973158504107907,0.009082350007926232,0.0006891617825892358,0.005233661993376941,0.0006891617825901971,0.005149425533177274,0.0032668934000242874,0.0050663594852163795,0.0032668933998060666,0.00933181751461745,0.003266893399803463,0.0022168794047030477,0.007074290881330015
2022-09-23,-0.034599464146571085,-0.018007963304588637,-0.03449632884318509,-0.01845224115776345,-0.02201404669588274,-0.009605513310826198,-0.025414846200882746,-0.015273532032072648,-0.02186720078723481,-0.01527353203207314,-0.02166896351705579,-0.013540130103838442,-0.02147665205812151,-0.013540130103682014,-0.024862930654972026,-0.013540130103680695,-0.030011216218240763,-0.015560703148548963
2022-09-26,-0.03275259249405135,-0.02140778610970214,-0.0327955559987501,-0.021980702457943844,-0.029248741391900108,0.0010360104918308898,-0.026370640554424347,-0.015711671865970903,-0.026094980020596913,-0.015711671865971815,-0.025799012686899866,-0.020642151343543788,-0.025505429443517816,-0.020642151342616186,-0.020242065560860643,-0.020642151342619933,-0.030836768934179807,-0.00997192963182757
2022-09-27,0.015177552779908664,-0.004717837418080773,0.01503388528319127,-0.0024872877462258735,0.011506596288890282,-0.016291401106698394,0.005451938276280484,-0.0028703579214261568,0.009348034061113503,-0.0028703579214251177,0.009176501175461706,-0.018143402851455014,0.009009119034763594,-0.018143402852582407,0.0021152628755221076,-0.018143402852580887,0.003113515041146431,-0.010980977309046451
2022-09-28,0.00027661173385537833,-0.0019916703035153015,0.0004739554646831113,-0.000938536078994983,-0.002773455224250988,0.008108179246011806,-0.0016918012108819882,0.008377190986528827,0.001361873221770019,0.00837719098652806,0.0014866669805759713,0.014436298525084,0.0016131924153424569,0.014436298525480977,0.0007231480804434096,0.014436298525482527,0.004298670416755436,0.009807309967270455
2022-09-29,0.01647522369832649,0.00397455702536893,0.016406209268566504,0.0052309098583035365,0.015800530929304814,-0.0005864349688089707,0.013269352445891017,-0.011831664476675299,0.01062859489034004,-0.011831664476674946,0.010383889469899748,-0.012615261505977275,0.01014055718483811,-0.012615261505555628,0.009399274363441732,-0.012615261505560842,0.0009270976311389501,0.0014646706615940794
2022-09-30,-0.0044577366376926395,0.0030110971675707922,-0.00427805856408858,0.002489968479796728,0.002982483167959355,-0.012273826706219678,0.0008911100057471975,-0.009022007566439866,-0.001536839730629052,-0.009022007566439316,-0.0017561440103546141,-0.010868082728094869,-0.001984275381001495,-0.010868082728097354,-0.01264616247670228,-0.010868082728100182,0.0014612500048660337,-0.010226939385993507
2022-10-03,0.016044870750493816,0.005870232436340076,0.01603024919809547,0.006491438251314489,0.006709320028245496,0.00182549683576692,0.006104454551627375,0.014523543289055148,0.006402947756122155,0.014523543289055212,0.0062641326510251985,0.011627951646017385,0.006127366240986133,0.01162795164560463,0.005716746746270558,0.011627951645607225,0.015641896250744993,0.009102503950234557
2022-10-04,0.0330776638125179,0.017255875965539055,0.033067094602839964,0.016914927595940564,0.029649996352407497,0.009353673859709128,0.023134533648245328,0.004299344248982967,0.02305126546110023,0.004299344248980612,0.02277533269250199,0.017360377030668946,0.022507861136269812,0.01736037703066897,0.01755514359355522,0.008346438025355986,0.023664934138410924,0.009974313494290343
2022-10-05,0.014153213000462423,0.012327668176418113,0.01406572480300196,0.01134315795272172,0.008127956553862866,-0.0006995810487150781,0.006050184969844825,0.003044189003896277,0.005943117123663842,0.0030441890038964492,0.0058403670099035215,0.0020567942886914278,0.00574175616315242,0.0020567942886914286,0.017697107027148825,-0.0005393210764696574,0.01479112336592012,0.00023516661639843542
2022-10-06,-0.001356556721062788,-0.0002729641517535838,-0.0011959832718510671,-0.0013327717752867829,-0.0009746029195027938,0.00027738913416489595,-0.003586385993913501,0.008389157496317037,-0.0035700250032246134,0.008389157496319324,-0.003557164648058854,0.004230840482514843,-0.0035474074744148345,0.0042308404825148445,-0.002867634381088918,-0.00150022548601698,0.0006288694236538726,0.0008394999826897731
2022-10-07,-0.007905201092335286,-0.004827521321537076,-0.008094152282404865,-0.004650067069756443,-0.007967187270851297,-0.005704781256859365,-0.006836260792020909,-0.00418246790237287,-0.006762391999373335,-0.004182467902373221,-0.006686030293849459,-0.007655242585966558,-0.006607859103076666,-0.007655242585966566,-0.004212496751561454,-0.0031351293927191102,-0.006724700989657161,-0.006067163411989119
2022-10-10,-0.0029636812892529073,-0.0019823612944191923,-0.002991642975785795,-0.0012954453126900948,-0.009584820477875938,-0.00035614919110019203,-0.00582232782631599,-0.008845777751583978,-0.005760881549925726,-0.008845777751585453,-0.005705824208775026,-0.012122512445609428,-0.00565654729356564,-0.012122512445609449,-0.0026892479731265065,0.00104937799252791,-0.004159836651473816,-0.0006852828027141106
2022-10-11,-0.019480279745066734,-0.0035704760651641336,-0.019432211320894618,-0.005244978969635102,-0.015322071418414563,0.004903696764327753,-0.008804839296222056,-0.003537415344095345,-0.008523473716821202,-0.003537415344096787,-0.008250629482666886,-0.0036737907566343196,-0.00798623337316154,-0.00367379075663433,-0.007785187608348517,0.009257577966192577,-0.00895763495838628,0.0031000182385343008
2022-10-12,-0.005125115621525416,-0.001686005978593252,-0.00496894824071977,-0.0019419381670726485,0.0002633763841452881,-0.007083467194041055,-0.0008464427470834058,0.0031060971548090063,-0.000940830335093295,0.0031060971548131327,-0.0010371706166168182,-0.008341487503596085,-0.0011348736934159531,-0.00834148750359609,-0.0007473345512705027,-0.006349188317220847,-0.002179714364611469,-0.005998826156078303
2022-10-13,0.0038471042548171254,0.0016822280325394254,0.003936594136669529,0.001902226932547964,0.0016952311631828563,0.003461250258859942,-0.0008157265905653207,-0.003833216104470866,-0.0008806207707090447,-0.003833216104474728,-0.0009433712353520201,0.008794666289964831,-0.0010039332603461945,0.008794666289964835,0.004946294768237692,-0.012805837896582626,-0.006248917214727853,0.003442755571216186
2022-10-14,-0.017252644232041724,-0.01187287588818528,-0.017236739401334876,-0.011673039284337966,-0.014546406771490227,-0.012403925418167294,-0.010753851534868311,-0.012234547748525303,-0.010551665589287062,-0.012234547748528172,-0.010350518934402652,-0.0021188886504624016,-0.010151019075344662,-0.0021188886504623678,-0.004014514548861575,0.007447014925194322,-0.010803583623585356,-0.014382608009345429
2022-10-18,0.00037088713708510377,-0.019167389675044732,0.0008313673636802657,-0.016577953956469743,-0.00200950254884518,0.021241627905905437,-0.005887095371293897,-0.0009734016251069354,-0.0059008468482550265,-0.0009734016251102154,-0.0059124434051028435,0.019802858127773167,-0.005921629317471439,0.01980285812777315,-0.017337342016853247,2.043074064966842e-05,-0.010389758926468243,0.02037039652183293
2022-10-19,0.0032302922570666527,0.010972581584570942,0.003442470311345746,0.00931980470820499,-0.0032630006750558526,0.02272300032450688,-0.0008307379812132329,0.03225416311239616,-0.0005301692105301901,0.032254163112393944,-0.00023467092464960534,0.02670737249097437,5.5419780040134826e-05,0.026707372490974372,0.007416365613841705,0.016637073363930128,0.013663761021657391,0.024996989374589253
2022-10-21,0.005985769188120802,0.06698626261360215,0.005918648952902636,0.08067690566692258,0.05210464381990924,0.17726411560003916,0.05740730101564056,0.18194996608347364,0.059578263108174066,0.18194996608345987,0.06168904109801704,0.18136028888689915,0.06373915461748997,0.181360288886899,0.07135064623697814,0.17040626824951294,0.025677876369022145,0.15090298698177795
2022-10-24,-0.028330272616525636,-0.0244616256840054,-0.028254145052028612,-0.023615851762759692,-0.023446923222296325,-0.004890936678518104,-0.02025159675618506,-0.016221900653649528,-0.02005379974612788,-0.01622190065365127,-0.019858052346410044,-0.007594138827365807,-0.01966470962673096,-0.007594138827365809,-0.019407618311535334,-0.015983071380889134,-0.027644466658755525,-0.007082916283918666
2022-10-25,0.006877889686158101,0.0016722288659078424,0.006834969899386579,0.0018989828774645205,0.0037123926406116324,-0.0009963654322683547,0.0039044279921388357,0.0004942578404870681,0.0038762377131433727,0.0004942578404858872,0.0038487493313440757,-0.0013644104034666955,0.0038219570537225455,-0.001364410403466692,0.0010320482636099436,-0.006334319167124184,0.003963816429121087,-0.00012938241918125334
2022-10-26,-0.006366577659194793,-0.016889420152133454,-0.006475544238402136,-0.01601867300207735,-0.011458233157270256,-0.023034119431225745,-0.012131646372470526,-0.013834626885475224,-0.012220571899982198,-0.013834626885472871,-0.01230055184522712,-0.0126494380806835,-0.012372425162575942,-0.012649438080683462,-0.014854332688982924,-0.015861591772395857,-0.004993462145776364,-0.021700520088097117
2022-10-27,0.011719900648907178,0.0013188784774284532,0.011473675862874259,0.003952394734616415,0.007523375211485179,-0.0034251791645217478,0.004486797217240377,-0.0016058799113521582,0.004306365104072634,-0.0016058799113508508,0.00413552024931698,-0.002869951653579628,0.003973634847791091,-0.00286995165357964,0.006778823790456021,-0.011939828027426616,0.001997655568843404,-0.002902656123123801
2022-10-28,0.0034639378097273245,-0.0017705807388400333,0.0037831043855843607,-0.0031154885213656013,0.004633707946289643,-0.0030082847750157156,-0.0012732944188256438,-0.011940034819280347,-0.001509182137655911,-0.011940034819275382,-0.0017482819336555782,0.0012767600207762523,-0.0019891952921403987,0.001276760020776268,0.0006210309412224783,-0.010704421525251369,0.008272455228671758,-0.004112751035095849
2022-10-31,0.005361127358370349,0.007663920698408729,0.005393179927650117,0.004827670820283503,0.004994586071695343,-0.0010156052448103174,0.002906604698015923,0.0025192355170192047,0.002809724646295703,0.002519235517022775,0.0027157227134425458,0.0027530308741276124,0.002624607558723338,0.002753030874127633,0.003728056837025531,-0.003174720901394097,0.015063380651434428,-0.0008857896407527427
2022-11-01,0.01051815243051324,0.013120794017714873,0.010739297804632699,0.01010044787152573,0.015547471045444863,0.010144061070228024,0.011461755302151606,0.012560753510239189,0.011378718915268843,0.01256075351024388,0.011295024664886296,0.015896338807877126,0.011211106245912523,0.015896338807877147,0.008413758656907964,0.014407885654109748,0.023265858035930183,0.009565866183741674
2022-11-02,-0.007570395994552984,-0.0026877678482639246,-0.007481154880694983,-0.0034955887509916577,-0.0004227728637817745,-0.0031106011422909327,0.002378957805332491,-0.005669820145358316,0.0023575448774104143,-0.005669820145359799,0.002333944389241433,-0.008950199974169437,0.002308523158266502,-0.008950199974169439,-0.0008415294684397021,0.01009299375557106,-0.009520897152504555,-0.002377708542318096
2022-11-03,-0.024430453093759498,-0.004103811302863514,-0.02433223234889073,-0.006240473160049184,-0.013881387583356306,0.008872468467505295,-0.00783836758895267,0.002642628459069977,-0.007559488141011696,0.0026426284590692637,-0.007283504948997869,0.0026244806564265873,-0.007011048592916904,0.002624480656426566,-0.008120165888119698,0.005832202587369865,-0.014677245534066217,0.00808303699948097
2022-11-04,0.020577583234928955,-0.011314121395089713,0.02041932099510254,-0.009314046001520693,0.01879563263401949,0.010253094354967037,0.017404495810128297,0.008188065456889167,0.017356536653768333,0.0035151739262278816,0.013010211810132831,0.0028086252329807184,0.012989604611095381,0.02119610036999919,-0.0002832751669866306,0.003971551853624367,0.002464313084232018,0.009925143285726966
2022-11-08,-0.000919673875009119,-0.005915873475685203,-0.0009025308107521214,-0.005475160132862654,0.0022184613847973096,0.0010339575144657379,0.0013151930481493915,0.0018666695469895399,0.0013544064426143677,0.003180990202660717,-0.000527322125129733,0.003180990202660791,-0.0004915207987077302,0.0018478594481401447,-0.0035752181927435497,0.012736424447678158,0.002186252707737202,0.0006772698675455045
2022-11-09,-0.0019892328850827463,-0.007376974608841402,-0.0021583794227824026,-0.006872425171872614,-0.009564949087724622,-0.020917180649367925,-0.014588232410153331,-0.013051142430192182,-0.014660361011743348,-0.013882061871325199,-0.008057314523932182,-0.0138820618713248,-0.008158469107739513,-0.026397338616237494,-0.007680408802318531,-0.013596661265280348,-0.005942829908592566,-0.017007436368637805
2022-11-10,0.023360517294432524,0.03247773133985364,0.02316997845063593,0.02839041447248769,0.022067225284490392,0.012448274679807554,0.02471196726840975,0.006010283748739062,0.02450949389378323,0.0047083209370365545,0.014812787079955862,0.004708320937036095,0.014698221884072663,0.02256823202023407,0.02300589216660846,0.0188457170912343,0.030987811127271052,0.007819474810801369
2022-11-11,-0.0157907802333491,-0.0017578934743284072,-0.015664184949107547,-0.001309585215347517,-0.01174266064966861,-0.002822360779795352,-0.012745664545442433,0.008251231170779694,-0.01253356240108439,0.008573894303310747,-0.005077226937973914,0.008573894303310278,-0.00497047264553794,-0.0196954723567581,-0.004393984091968699,0.005511643882299923,-0.004340878465370531,0.0018583643535417544
2022-11-15,0.026215548527831093,0.015470886501368583,0.02569648987003091,0.011122465561258883,0.013282404808650866,-0.007724069953329259,0.015504603107504292,-0.0020326187376522448,0.015199700720989627,0.0012291922062270186,0.011715051646882397,0.0012291922062283994,0.011515057913586972,0.001891750170714253,0.011214438699717118,-0.012923226031626085,0.024669471987481498,-0.011273400708504435
2022-11-16,-0.007766905195178942,-0.006145819127162847,-0.007705033311394483,-0.0033671703940685803,-0.005446284465625959,0.0013392617417717257,-0.008944355435972542,0.005399355187394929,-0.00873798008816818,0.005872519265132248,-0.004017857035191343,0.005872519265131847,-0.003866866881119267,-0.003910052738852032,-0.0038707727570964686,0.011361999608432587,-0.0050440819669322155,0.003379634084162481
2022-11-17,0.006312268682349222,0.011042509101446343,0.006440556047955837,0.014023006966006352,0.01577104264273324,0.039196541851031295,0.016592294827167325,0.03640587710623048,0.01705807778215232,0.03415629321890794,0.013206338744788439,0.034156293218905925,0.01363995891576603,0.04732601058945808,0.0131314062108077,0.02473025739402107,0.00547154252504768,0.037021665237798214
2022-11-18,-0.006403811394208733,-0.011387291990989267,-0.006655383887266834,-0.012449149037350716,-0.01264599763749014,-0.027866941144807367,-0.006991647073087974,-0.024138562234603207,-0.0072609798614612815,-0.023633025882642447,-0.009029203729697479,-0.023633025882641212,-0.009264628447104156,-0.02502837310030329,-0.007544893436186225,-0.016124236451484298,-0.00652549058173398,-0.026815753273601663
2022-11-21,-0.020387663172629068,-0.03735565469203577,-0.02074560239352327,-0.04476872170405932,-0.04627876076205462,-0.1029140926542488,-0.04139795766694948,-0.10912791058011859,-0.042738486703164456,-0.10685649444343998,-0.039581361359821966,-0.10685649444343547,-0.040757663154401186,-0.11398476951960013,-0.03613855713843164,-0.09039548903074514,-0.027519609057839952,-0.10176211944463959
2022-11-23,0.011212454455740133,0.011706051539569946,0.011555626964924619,0.012294809446753896,0.01725968283217941,0.010192002913573145,0.008867500849216949,0.013375114950604153,0.008865624162266026,0.011149326202348452,0.01093160937695214,0.011149326202347355,0.010940744633076756,0.020286181009413963,0.013109415227665028,0.01263569114096938,0.011178878246840471,0.009588324411906221
2022-11-25,-0.0010946452672474859,0.0006635055147093239,-0.0011235507415675952,-0.0005085474124281947,0.0108891326726484,-0.0001219416610420197,0.009492240151684714,-0.010560163654393278,0.009454180521240835,-0.011538410444561224,0.00942840628217963,-0.011538410444560554,0.009380136868935232,0.0006124218070411557,0.004187328948935402,0.023618999537542096,0.008648567502477672,0.0005631460078889266
2022-11-28,-0.009865727910289095,-0.004169162533635571,-0.010017074336075339,-0.004137057541033392,-0.008826574775186318,-0.006350654316436437,-0.00835216767798497,-0.008684497690336662,-0.008275686968443271,-0.00474655948464953,-0.004929664991223234,-0.0047465594846489954,-0.004847031209696672,-0.009814842907649637,-0.0020246509679086944,-0.004795468896952888,-0.007676014027089907,-0.007898770980180455
2022-11-29,0.004929687512643125,0.005218117543735306,0.004730945436789201,0.005117871446327556,0.005654487216935466,0.006137264413767895,-9.97451185851695e-05,0.0074248265793752915,4.85225390800632e-05,0.006800415204140405,0.003291138606067788,0.006800415204139352,0.0034422537566217246,0.008144482744819824,0.007760417337471957,-0.003911304027878789,0.0053728913775778235,0.00493858671822551
2022-11-30,-0.010134128363008262,0.018899720265540893,-0.009616910424550948,0.021215337903096168,0.00036823255795333546,0.02232117274951148,-0.005717450123315301,0.020643887934567326,-0.005383594106957965,0.01912416998955686,0.008982094381213593,0.019124169989556464,0.009168037612759628,0.003824258607837789,0.017942405713497856,0.015364250288701012,-0.0009338391650436063,0.028938446683111543
2022-12-01,-0.005603227303218794,0.0001253363617044186,-0.005661993579720358,7.312249253084977e-05,-0.001198308816656825,0.0002003662696503498,0.0016431886024678715,0.0007282331896952053,0.00170283044608389,0.001884837220692874,0.0012524378506812242,0.0018848372206926576,0.0013123277853412593,-8.289490395733567e-05,0.0029723550383182465,0.01851370207329034,0.005991906790851419,-0.000814661025153326
2022-12-02,0.0032615854998801486,0.00998520705587887,0.0031679913125898696,0.009981199446289732,0.004433286090203476,0.0021522351723349295,0.004538420667584385,0.003045241525357808,0.004564370984846335,0.0018601958733950137,0.004659585919387226,0.0018601958733946253,0.004686185410060679,0.0038078576948692476,0.009616823808559572,0.0016213297482297396,0.005274958454583126,0.001988307504845507
2022-12-05,-0.017364809652595188,-0.011141673629339724,-0.016927641948019045,-0.010227517283098205,-0.018593387804391594,0.01761926820567908,-0.010096387442576061,0.021123457874719958,-0.009703199381893783,0.022101689868154972,-0.01157091197725944,0.02210168986815253,-0.011228629821617521,0.016040128838559764,-0.024569145425634917,0.0252865680198107,-0.017107918740233697,0.017164687924665925
2022-12-06,0.0068088987961131674,-0.009412046877637192,0.007008159512606048,-0.006322723095376053,0.010413737873762667,-0.0016026735849798222,0.004820198835881754,0.007061194880143421,0.004782327525822217,0.002601120526650044,0.006093827541881707,0.0026011205266501906,0.006043630008313069,0.008230558409782162,0.0034800738505716814,0.0014834855525346514,0.0025183730456089237,0.000756372751325661
2022-12-07,-0.003902725338573292,0.008662999951917208,-0.0039849116645732634,0.005844677801022533,-0.004121705496973655,0.004056699722146688,-0.0063271301035522955,4.831347015454672e-05,-0.006153937839933764,-0.0009389551044380676,-0.001044534266029936,-0.0009389551044392454,-0.0008747284221630207,0.002061850462286823,0.00183640777444973,0.00615727706856825,0.005226380782421646,0.0028720731395006686
2022-12-09,0.0007543794851895893,-0.0016295515612555515,0.0008454263088435261,0.0011149304381325208,0.003255784713266258,0.003654496149600537,0.004910693528192378,0.006858172079894337,0.004925819678553036,0.005223772736576231,0.0024601806053598683,0.005223772736576569,0.002433234772297538,0.00236977927656897,0.001729897723305825,0.005663417379545329,-0.002350936596890982,0.006548788192888482
2022-12-12,-0.0007660493280691923,0.0004388911299135887,0.00029412085281067287,0.0005838786354365361,-0.0007340401422381746,-0.006224787281532704,-0.000961711621397251,-0.00032462625782014366,-0.0024059867036779242,-0.0005196588463852584,-0.0015401962434512795,-0.001615638519905867,-0.0015166862043481855,-0.0008348640024543113,-0.0016672195162614023,-0.004218851444920199,-0.0041323455214092005,-0.0019373352488492868
2022-12-13,-0.003910394923451563,-0.01428810535935152,-0.004128265552986269,-0.015724191964582183,-0.007467878142085764,-0.009524280570396672,-0.0076973478637438275,-0.005661302955225787,-0.00319238352139334,-0.005661302955225787,-0.0026598497625245354,-0.004893329877479327,-0.0027723711817793824,-0.004893329877400632,-0.0030618886106090377,-0.010573259909658614,-0.004679422875904608,-0.013871669049818205
2022-12-14,0.007808026912034359,0.0009962091542831178,0.005492360111376945,0.001954126098764603,0.0062252548070357416,-0.016153355021741145,0.005611525007448034,-0.030570014912279384,-0.006348428771241351,-0.030570014912279384,-0.006779591454024935,-0.025105523074276184,-0.006998519121038058,-0.02510552307419052,-0.007645065522889998,-0.03169866049463529,-0.004817950757338689,-0.009508459574973758
2022-12-15,-0.009725520075919963,-0.007250279642890291,-0.01154484305502138,-0.007525515746648251,-0.005440948996694364,0.00444533110930118,-0.004906702669325661,-0.0009305945202037098,-0.00032917002376593035,-0.0009305945202037098,0.0012361992086444822,0.005350968661004982,0.0014344570884965886,0.005350968660927034,0.001981015373530082,0.008621248041194244,-0.006248340405799923,0.003417347301384198
2022-12-16,-0.017961188469765667,-0.022640613975711064,-0.018585432151327498,-0.02291724461577655,-0.021687443640638654,-0.028814966354213618,-0.022324661722599986,-0.03668809061212075,-0.026566703470095432,-0.03668809061212075,-0.024499170094014037,-0.033187553945974585,-0.02476668083796187,-0.03318755394579549,-0.025510088447237633,-0.02586832951395296,-0.01771696213723562,-0.02970843969649334
2022-12-19,0.0027549964271552665,0.004044371830241782,0.0009457274392079971,0.004177926935350459,0.0039736781441631445,0.02358995308324283,0.004635417338492358,0.027658584531989758,0.0069352238281399775,0.027658584531989758,0.005265450044390605,0.02790921497570375,0.00551826281730976,0.027909214975534738,0.00619386216539365,0.04039621049789717,0.006693640012385896,0.0257730060578676
2022-12-20,0.010843227233730868,0.006297651875406304,0.013767849015000987,0.008901225112261714,0.014321564245984582,0.0019232268575152317,0.013949516679927533,-0.005382223020621655,0.0005017579111970811,-0.005382223020621656,-0.0020608380490463396,0.005770036765124255,-0.00214545347887579,0.005770036765180276,-0.002393609095455071,0.00445477702405073,0.0062868785521830286,2.741044258161943e-05
2022-12-21,0.013889219546510635,0.007254743024681193,0.01956148436757716,0.007590595826313324,0.017344503070309433,0.002392711486881223,0.01666492029259428,-0.00778961863922016,0.014201660148849635,-0.007789618639220163,0.007266115791174189,0.0012702204287378723,0.006973922788740023,0.0012702204288603577,0.006119837840085917,0.011537210717829158,0.006867141822096148,0.003810477921303763
2022-12-22,-0.0026560356850149217,0.0006990594720451871,-0.000931783030225448,0.0009619617342603141,-0.000858269742808805,0.006653858204424915,-0.00047716192956992996,0.016543955900468428,-0.003969005786327318,0.01654395590046843,-0.001803635574951424,0.006090379325061889,-0.001624395983749727,0.006090379324984923,-0.0011269980979228887,0.009339997417047151,0.0018555974250198022,0.0063767550701625
2022-12-23,0.009337802689744525,0.007324479664940941,0.007256518149147421,0.007677489016653481,0.008036384101193122,0.009226134837182653,0.007935179947469439,0.003223735043857102,0.00969787596291459,0.003223735043857102,0.011534420246016669,0.006009095338349088,0.01148687426990699,0.006009095338382613,0.011375301353045986,0.005129381401046932,0.0074362096774230335,0.008867188183362093
2022-12-26,-0.0021674037923915005,-0.0005334188887073543,-0.0029910169606575834,-0.001607627894976532,-0.0033400303948556637,-0.0038666668714454596,-0.0032928453928599017,-0.0012962992436612148,0.0005932113864143135,-0.0012962992436612144,-0.005222519815089302,0.006081658851579829,-0.005202257045973494,0.006081658851519053,-0.005145909579388486,-0.0036524463672431367,0.003083775223298496,-0.003193129780338401
2022-12-27,0.009531781844313986,-0.0009420401956260507,0.014753649182497754,0.0005258240273186919,0.016166368822380112,0.009786043370362454,0.01598270320837058,0.003170590660804964,0.01303251456457186,0.0031705906608049624,0.00991485378453896,0.01667846423392533,0.009866142650407295,0.016678464233966198,0.009733425216072315,0.013394040087026122,0.009175097502244163,0.005395041374412786
2022-12-28,0.004914402696848246,0.010826882403731378,0.004732819568891684,0.011364856343952696,0.000752290979361887,0.020045319055909908,0.001158074955722238,0.03761085646327402,0.001727060920815091,0.03761085646327402,0.002868427704877478,0.018485899856040013,0.0030081141920445774,0.018485899855956354,0.0033769254146604546,0.03620491391668414,0.008899281662121936,0.018867440608179676
2022-12-29,0.014209525242600557,0.02535052591783187,0.015388985516277353,0.024019947911495452,0.013699060231864105,0.007717294885714324,0.013268929342589867,0.0018478985795362484,0.011857190876174055,0.0018478985795362464,0.011775679635709826,0.003176035959253322,0.01159257662223283,0.003176035959395303,0.011081473865752006,-0.025622702006157287,0.016793413341497067,0.007838619873742994
2023-01-02,0.00893100833984874,0.001995126417221242,0.005830150966455324,0.0007740875401325004,0.0025222290660700006,-0.0077825526035837835,0.0020977727688939385,-0.0091478433517981,0.007677508619738938,-0.009147843351798102,0.004711369240471279,-0.0012871625459609515,0.004506877978528428,-0.00128716254592905,0.00393988181521406,0.002623808860972441,0.006442901274969553,-0.006838096176102781
2023-01-03,-0.012958279617215062,-0.01219554649369076,-0.00887345045318441,-0.012191711752041147,-0.009147922074480376,-0.003052185865975578,-0.008985278529233488,0.0007514596087157195,-0.010836242434621685,0.0007514596087157203,-0.007255547412049847,-0.01193507891141173,-0.007192234905916152,-0.011935078911419926,-0.007022066849692678,0.011913505229919968,-0.014990696478831023,-0.002392673247608001
2023-01-04,0.01039613395201198,0.00528934851201382,0.006662491233926034,0.0063043498714417095,0.01207176022189112,0.008752080700483836,0.012110259398390773,-0.0029287134294372803,0.008983397123785526,-0.0029287134294372803,0.0093468904306565,0.006696251536097032,0.009395687109153438,0.006696251536186883,0.009548917376473648,-0.004135684515822611,0.009202500129169138,0.005497264242953673
2023-01-05,0.02218578057053798,-0.0006255128639233616,0.021842066277480143,0.0004645961344097961,0.012426944829875082,-0.0053115713561347165,0.01186599158477275,0.012474564841500347,0.002648956895060847,0.012474564841500344,-0.004439474576307568,0.003697135220169222,-0.004618074532786287,0.0036971352202040796,-0.005132950186867745,-0.003371614342509076,0.006134182487239107,-0.004339383785852677
2023-01-06,0.004575649400661289,0.011280110882534933,0.006307046160462306,0.010641443724353508,0.012661874454637737,0.02554211924914509,0.013225844553205987,0.019832260448200367,0.019753825338565695,0.019832260448200363,0.014507333163862011,0.04105202702281745,0.014740182156567276,0.041052027022654404,0.015395373563014585,0.024000109085511787,0.008878704620933603,0.023392328826545232
2023-01-10,0.00041695244354214133,0.0008594696709762822,-0.00013885036611038922,-0.0006966688080989685,-0.0005418367495601231,-0.013667755125220128,-0.0007692853337517824,-0.014809836024246646,0.0016447767443850503,-0.014809836024246646,0.004614840052342963,-0.008093270510519324,0.004547574645016927,-0.00809327051050988,0.004411424110767133,-0.014194436619521925,0.006809834934658698,-0.012824893028351877
2023-01-11,0.0028093068774077807,0.017485020569567546,0.002384232149971426,0.01707710401605604,-0.0010870691069923334,-0.006872806450512049,-0.0013018293761545548,-0.001470844040834563,0.002616675263884332,-0.001470844040834562,0.0012907735744164736,-0.008638696684365914,0.0011943731189298342,-0.008638696684335147,0.0009426790092477325,-0.0034078345423215355,0.007282997367947933,-0.0060832461177775295
2023-01-12,0.009929665481141723,-0.002328069318081377,0.0047486570457849694,-0.0013170696461881144,0.004653459628137727,0.008856507827849289,0.004718871910785302,0.00887402160323115,0.004529114409311768,0.008874021603231076,0.0068891995482527205,0.009414344104905477,0.011379046802836062,0.009414344104900533,0.01153139630062424,0.00030652034244497566,-0.002334492618669316,0.006203459934089373
2023-01-13,-0.0014783361906029419,0.00659857708271229,-0.002762285779864892,0.006376890001107444,-7.222519853971563e-05,0.0032081526995186346,4.013452102801993e-05,0.003208152699518578,9.519972928092446e-05,0.0032081526995185405,0.0016893115106979702,0.003208152699518535,0.0016189545924199214,0.00320815269951854,0.0017129549817783856,0.0015782219839757382,0.0018832532966515715,-0.0027916280895124088
2023-01-16,-0.0012449183713178034,-0.006314962005065478,-0.0022876460190763438,-0.006222685636361348,-0.0033131475620262786,-0.0015488769635686435,-0.0032483303969966753,-0.0015488769635685776,-0.003215736401780335,-0.0015488769635686483,-0.0068597959260912065,-0.0015488769635686515,-0.006165028696363916,-0.0015488769635686698,-0.006152862384276293,-0.00430391130973934,-0.004613311913343441,-0.00224698033688704
2023-01-17,0.004197806901632227,0.0003545513002377557,0.005555883240192714,0.0008276392269116954,0.005548710443007475,-0.0010563358462791462,0.005331277436685046,-0.0010563358462791835,0.005219904260230635,-0.0010563358462790844,0.004233218248678814,-0.0010563358462790703,0.0026256278520000033,-0.001056335846279053,0.0024195548757969428,0.007922783783232731,0.003448047262994241,0.003512174072468857
2023-01-18,0.00752641529344341,0.008627513976731727,0.0030611516473327983,0.007627637844298536,0.0011669156360539679,0.0076195280938799875,0.001083204631174839,0.007619528093880081,0.0010389745484189494,0.0076195280938798965,0.008321835479558759,0.007619528093879845,0.008893217868156316,0.007619528093879814,0.008988804160412943,0.002457897212686812,0.004144919078195641,0.0019853429766948155
2023-01-19,-0.004184166054964618,-0.00462978943307198,-0.004342867000120911,-0.003976150518253627,-0.0028721842254735546,-0.004746418305829808,-0.0028473902389508374,-0.004746418305829893,-0.0028333515416090983,-0.0047464183058297926,-0.007065780764666962,-0.00474641830582981,-0.0053387324324562935,-0.0047464183058297926,-0.00531338230906169,-0.011910875523317644,-0.006620387905901989,-0.0016243358602370049
2023-01-20,0.0020279594160198793,-0.0009608773741093418,0.002005870090897508,-0.0005798616178059671,0.0028233046263831897,0.0019963926523691926,0.002921864712186771,0.001996392652369212,0.0029711404328990167,0.001996392652369316,0.007727639046072956,0.0019963926523693257,0.008315731675693785,0.001996392652369352,0.008353535860445656,0.008587504903047796,0.0011622247495342755,0.000376221551732053
2023-01-23,-0.005640036597507941,-0.0012261165550597575,-0.006436756641766211,-0.0014625643391303613,-0.006054142700899202,-0.002989864986012011,-0.006001220710055388,-0.0029898649860120377,-0.005980370233288673,-0.0029898649860120616,-0.0055621422203007325,-0.0029898649860120525,-0.006542353089325829,-0.0029898649860120503,-0.0065172077878027715,0.0020788253913615585,-0.002563878590766048,-0.00295838315765379
2023-01-24,-0.01037435521726432,-0.012885742512226319,-0.011901534783299883,-0.012417552426914431,-0.010467654146589922,-0.00999616016916357,-0.010348140071079804,-0.009996160169163612,-0.01029317353605016,-0.009996160169163496,-0.007416450910374697,-0.009996160169163477,-0.006683080520051464,-0.00999616016916345,-0.0067316933765696136,-0.023393211026783413,-0.014366067222617424,-0.009914706728497898
2023-01-25,-0.006832632497146393,-0.008152802539238014,-0.007530576970943944,-0.0076543998411495225,-0.004533727552181158,-0.0029697502835941978,-0.004526711297228835,-0.002969750283594176,-0.004532615509166069,-0.002969750283594242,-0.004904353082083947,-0.002969750283594235,-0.006853382149717779,-0.002969750283594232,-0.006892393520942652,-0.011799832622379386,-0.01266800749781165,-0.0023234703962002603
2023-01-26,0.0005199875881846488,-0.003318913456969493,-0.0014888714902018773,-0.002486655395218436,-0.002154587083721077,0.0013480529398871388,-0.002285482796880482,0.0013480529398869827,-0.0023635697966874277,0.0013480529398871561,-0.006022673193354896,0.00134805293988723,-0.00923448689388956,0.0013480529398872633,-0.009581096423016936,-0.0059274408229037425,-0.0023828144558135454,0.0015065660986180954
2023-01-27,-0.014716453198219116,-0.006969161492088152,-0.012956609613197279,-0.006742543870539502,-0.013948873987277226,-0.006635733328637212,-0.013684910178067276,-0.00663573332863718,-0.013540782472382783,-0.006635733328637021,-0.011232692331821854,-0.006635733328637023,-0.007457573982980156,-0.006635733328636986,-0.007291811414082261,0.009028834418651205,-0.01328529008390826,-0.009653853035130971
2023-01-30,-0.009660555519898173,-0.011021010027533988,-0.009015115727192598,-0.009835704287430726,-0.008204886151698664,-0.0053763154658477245,-0.008158691150350162,-0.00537631546584784,-0.008141770717901144,-0.005376315465847762,-0.00938862474094615,-0.005376315465847749,-0.010752345222017495,-0.00537631546584773,-0.010621335465320531,-0.017612732961544655,-0.010159590715056139,-0.002805740888596862
2023-01-31,0.007504041908153606,0.007228330683168723,0.00796560884526701,0.007077252115075036,0.01063390298232827,0.031153582526769308,0.010961602450068506,0.03115358252676958,0.011120348477814585,0.03115358252676929,0.018067294480507253,0.031153582526769367,0.01385919967319621,0.031153582526769336,0.014026405404457636,0.02380543464711637,0.005186133424195068,0.020006898630165738
2023-02-01,-0.012897487960888066,-0.01230261882306535,-0.014668072871877292,-0.012175948437865156,-0.017465090149694797,-0.0217632125119405,-0.017419753321276665,-0.0217632125119405,-0.017397597072114433,-0.02176321251194053,-0.020333491342705838,-0.021763212511940563,-0.017609811469631465,-0.021763212511940577,-0.01759127994783386,-0.012033587552288352,-0.013363462846973952,-0.01734744301408573
2023-02-02,-0.012411024949605803,-0.0017856368552525022,-0.010522840525676456,-0.0019648898112665163,-0.007260942353715871,-0.005313477957549781,-0.007018251750764901,-0.005313477957549745,-0.006900076756862987,-0.005313477957549852,-0.007260111890951876,-0.0053134779575498645,-0.007484826873227501,-0.005313477957549875,-0.007206145500337524,0.0044574343019889145,-0.005215067994823495,-0.0077612984239138275
2023-02-03,-0.003932816943369908,0.007211791958815395,-0.0011079342448026127,0.005597870350900143,-0.0028585602789046004,-0.008856118975711782,-0.0032417930676948955,-0.008856118975712129,-0.0034364218724468637,-0.00885611897571173,-0.0021424601880654986,-0.008856118975711636,-0.006039635215617548,-0.00885611897571157,-0.006530502360386914,-0.007365112784993109,0.007000404810764194,-0.0029934459697942297
2023-02-06,0.0031160231807425606,-0.006436284281070914,-0.00203509823143473,-0.004368154443504382,0.0023465886826271225,0.012077324037527232,0.0025150644539475835,0.012077324037527313,0.0025906969582283885,0.012077324037527249,0.0006507054860565103,0.012077324037527211,0.0019580923865440266,0.012077324037527213,0.002157236710478503,0.00801241953814754,-0.006039583179300329,0.007600000563725286
2023-02-07,8.613103339686766e-05,-0.0006288978914049757,0.0028402116707914983,0.0006794841760857232,0.008680201704116054,0.02323526790302199,0.009351825167790316,0.023235267903022414,0.009689100797336803,0.023235267903021682,0.010394987133729057,0.023235267903021654,0.008053623937771558,0.023235267903021543,0.008874117738105106,0.018438492741624797,0.0012202076881590957,0.009263104079393396
2023-02-08,-0.009195879224477427,-0.008566495912579278,-0.011137938740198807,-0.008128601095755795,-0.006376131171163774,0.004264693589258723,-0.005957954828027828,0.004264693589258715,-0.005758405595843136,0.004264693589258708,-0.006797047129840752,0.00426469358925869,-0.006110738905760482,0.004264693589258714,-0.005664974482526649,-0.005191746697091505,-0.009548143070209273,-0.0004890360507206416
2023-02-09,-0.00943222882237381,0.0011143572907645414,-0.011089222926008344,0.0007242689866209617,-0.005687410586549869,0.0020912047477982636,-0.00509399801669895,0.0020912047477985763,-0.004804668867216332,0.0020912047477980407,-0.004800882223550849,0.002091204747797971,-0.0025828923366985833,0.0020912047477978915,-0.001995699545195491,0.003110504175672091,-0.009548321093235257,-0.002612018556075698
2023-02-10,-0.011526720801664428,-0.018720424153640884,-0.011144045485072864,-0.01900749054276449,-0.008380295487870342,0.005638167541974363,-0.008999073917970769,0.005638167541974374,-0.008511843040223325,0.005638167541974374,-0.010304741492354785,0.005638167541974375,-0.01041654848200151,0.005638167541974423,-0.01070179265782366,-0.011144273278327795,-0.008118481404352978,-0.0012956359141456956
2023-02-13,-0.00834025431747013,-0.011687540935671587,-0.0053549634477829495,-0.009010349646168325,-0.003533617279518921,-0.005068880481754002,-0.007392799735830545,-0.005068880481754173,-0.004142381081145687,-0.005068880481754011,-0.007756661963011492,-0.005068880481754011,-0.004829731634588149,-0.005068880481754181,-0.004983079628324458,-0.004845731447750898,-0.012456301450850993,-0.0013286291264432977
2023-02-14,-0.0060551224999310545,-0.0046661108470870145,-0.0038400263816840688,-0.0023567996776355333,0.004140143582040082,0.015571216691495046,-0.007093064539132806,0.015571216691495159,-0.0033468081107199746,0.01557121669149506,-0.00245063074810641,0.01557121669149505,-0.01264160919281212,0.015571216691495204,-0.012778220060129172,0.017786132298880812,-0.005509554245107215,0.014804567462137054
2023-02-15,-0.0073488482207528,-0.018878819921413745,-0.008164626168210273,-0.016491719232764327,-0.007864204017660479,-0.013726267688493846,-0.005704868793362604,-0.013726267688493802,-0.01738284718542103,-0.013726267688493846,-0.021360122263087807,-0.013726267688493846,-0.018712418052115716,-0.013726267688493787,-0.01880647036039899,-0.017439251149758014,-0.018002728643481812,-0.016867506583619008
2023-02-16,0.0009604957412767781,0.00648790154018345,-0.0022575503816975886,0.005508276894608648,0.0018847672349120732,0.005898126970336832,0.005365416449148843,0.005898126970336894,0.007458404578089339,0.005898126970336836,0.003395720616012249,0.005898126970336834,0.0027444710952468318,0.0058981269703368994,0.0026558551396161072,-0.0028018545418859063,0.004469334893804454,0.0038876846591763075
2023-02-17,-0.011862010505916796,-0.00406064450955436,-0.011969946559390028,-0.004802631721494339,-0.010703677807317093,-0.009790687879940972,-0.009001866660811014,-0.00979068787994084,-0.003873914567848953,-0.009790687879940963,-0.006588510950105094,-0.009790687879940963,-0.0037962501016859393,-0.009790687879940833,-0.0033123032857306813,-0.003376386740296369,-0.006598400458792217,-0.009117458822944331
2023-02-20,0.0010129002743719331,0.0008465134459389439,0.0011998809776389398,0.0015153355968105565,-0.0012655927820185862,0.0027005795471379823,0.005352277185990233,0.002700579547137953,0.0026004626864751176,0.0027005795471379814,0.0023483202259248995,0.0027005795471379806,0.0024706404504373047,0.002700579547137968,0.0024814901429519136,0.005605435961017376,-0.0024363435847407572,0.002476481850431515
2023-02-21,-0.01453193985511974,-0.012322379758656087,-0.01824712313521934,-0.01621869872947783,-0.015004110455337474,-0.022395791126746487,-0.02312538792155351,-0.02239579112674643,-0.0214847421968867,-0.02239579112674649,-0.019183982256260404,-0.022395791126746487,-0.021256659957718572,-0.02239579112674645,-0.021794136963680086,-0.03026451743701479,-0.012465602077243941,-0.02814497906789322
2023-02-22,-0.004838778037156535,0.0001274675421273077,-0.004983068201864033,-0.00019905584546857594,-0.0042394265317192885,-0.004858990916851184,-0.0005528306869466099,-0.00485899091685095,-0.0018108492974537576,-0.00485899091685117,-0.0019201194514659751,-0.004858990916851172,0.00013226091763219412,-0.004858990916850936,0.0008362454064623174,-0.0019568555680287234,-0.0002889126831518919,-0.006404839252652441
2023-02-23,-9.120163073832676e-05,-0.0011731386667766513,-0.0019459830154141171,-0.0010702721804098866,0.002731914125130819,0.007112711968175075,0.006312602067402407,0.007112711968174951,0.00794972381162605,0.007112711968175068,0.0031264764095989606,0.007112711968175064,0.007554059980469047,0.007112711968174935,0.007607538945975784,-0.01353740435010218,0.0008265324362011769,0.008152825114823726
2023-02-24,0.0015596728116265615,0.007176279906159879,-0.008112180633999305,0.004891008659890617,0.004179560012301064,0.0014812280888320693,-0.001167901882690918,0.0014812280888323861,0.002815161446293111,0.001481228088832089,-0.002279366036417053,0.001481228088832081,-0.0034408858702163776,0.001481228088832386,-0.003217182327733159,-0.007590804485436411,0.010870279641523687,-0.004536775645876978
2023-02-27,0.011606466279851076,0.016354864710094643,0.010117663741121052,0.013654281454857276,0.00713302054953548,0.007948836131434423,0.023726361394087125,0.007948836131434442,0.017051337985550516,0.00794883613143442,0.009405816309637934,0.007948836131434423,0.013269814719294067,0.007948836131434447,0.013030827296442964,-0.0033126540331529677,0.012046547656617765,0.004961011160001182
2023-02-28,-0.02215092358617855,-0.011619123882885338,-0.0235221896427045,-0.015248990473772218,-0.01024632278489733,-0.0035317576530617114,-0.011575166574009688,-0.003531757653061678,-0.0037840630006909836,-0.0035317576530617062,-0.014117327986094646,-0.003531757653061715,-0.012290090204282997,-0.0035317576530616733,-0.012279926934442985,-0.03379077455377983,-0.014627264384890905,-0.005047042043741894
2023-03-01,0.01199166310470083,0.01402630765065921,0.012260246384104691,0.012104661506527687,0.004683758073181691,-0.001728825284733036,0.011877264640199378,-0.0017288252847331375,0.0097536770750062,-0.0017288252847330481,0.0158001916795693,-0.001728825284733041,0.016841894540612353,-0.0017288252847331618,0.0168430518010974,-0.005452515400673268,0.015662973289560515,-6.356790541689852e-05
2023-03-02,-0.005177173715910574,-0.006148709070958122,-0.008411138377324866,-0.00808192707158855,-0.016039830824097056,-0.026707372918342163,-0.013135902405503455,-0.02670737291834228,-0.014479714103965076,-0.026707372918342177,-0.016443120620036174,-0.026707372918342166,-0.010595539505482074,-0.026707372918342326,-0.011017007051388378,-0.016597980799338444,-0.0016830129273471641,-0.026114600785867685
2023-03-03,0.02418892380767098,0.015301018177546772,0.02482914232561894,0.01588412369909442,0.023026823725751655,0.014692550314592046,0.02876661985180307,0.014692550314591837,0.023045318071395454,0.014692550314592037,0.0180736405537502,0.014692550314592037,0.020197377900826458,0.014692550314591801,0.019769112946542714,0.01048294741845996,0.01706789807999129,0.01810378227927322
2023-03-06,0.013830438148538713,0.01757125168877529,0.019889675671526153,0.01884318111314073,0.02496887210703223,0.025795778864108932,0.021688313976580935,0.025795778864109314,0.024597625485072296,0.025795778864108967,0.023387129714173324,0.025795778864108956,0.029315392619225687,0.02579577886410936,0.030654482551847544,0.025701158952019104,0.020551949415785635,0.023431101778055678
2023-03-07,-0.0041238655483850535,0.005428415923129623,4.149462958961459e-05,0.006862331070722802,-0.0006851379425462699,-0.006026960811227094,0.0029880817815450622,-0.00602696081122714,-0.000490533786092926,-0.006026960811227102,-0.0028963139125912033,-0.006026960811227094,0.005543094145771389,-0.006026960811227141,0.0062769752854423735,-0.0017582712784880543,0.0003014965258820166,3.5345493986021354e-05
2023-03-08,0.004515522303940724,0.015431021902406325,0.005633217987911913,0.015932094003737945,0.009121506335201002,0.013451187710689535,0.00033089157661020645,0.013451187710689578,0.00452252210831713,0.01345118771068954,0.009900220495683915,0.013451187710689537,0.0032896776007837877,0.013451187710689578,0.0033010844083682187,0.026482851365775856,0.011770255397934772,0.014338459157456799
2023-03-09,-0.02446277234928307,-0.018500363501567252,-0.02552132933288577,-0.01807571488430372,-0.023982374121046802,-0.012918707585934846,-0.028575786428989697,-0.012918707585934658,-0.022849769220613776,-0.012918707585934832,-0.018885853938882983,-0.012918707585934833,-0.022125232831051115,-0.012918707585934627,-0.021779138422807792,0.00017666527762527878,-0.02051969017043545,-0.015916291886151086
2023-03-10,-0.012400627312025849,-0.00814406078566848,-0.011671356020581832,-0.008787971621708536,-0.012447729484204115,-0.01262286150878247,-0.013332307924097174,-0.012622861508782458,-0.01440128462418833,-0.012622861508782468,-0.009409628272584701,-0.012622861508782465,-0.01389519444797148,-0.012622861508782442,-0.013802039097720846,-0.00872110252671175,-0.013491444231277095,-0.010600848552005477
2023-03-13,-0.015563500343395523,-0.008311992509185552,-0.015949722422597633,-0.008729181507726079,-0.015398855992408731,-0.013020354400644953,-0.017644090813738432,-0.013020354400644972,-0.017437356607947693,-0.013020354400644954,-0.017473784621848093,-0.013020354400644866,-0.01707941531945466,-0.01302035440064499,-0.018380528711858374,-0.0005171503127079459,-0.008408998733807849,-0.01890676183655668
2023-03-14,-0.000779853621211263,-0.010506150627008718,-0.0007045672098029486,-0.010538068858395222,-0.0045162342728444545,0.008196539622409826,-0.002365867768993474,0.008196539622409823,-0.0024250943917054767,0.00819653962240982,-0.0024582824212304884,0.008196539622409856,-0.0024679737234464933,0.008196539622409805,-0.0005438754046786353,0.011422098782608987,0.002940229727923663,0.0037423953091991913
2023-03-15,-0.007553615199248291,0.02227206045588697,-0.007944585623216155,0.01673849338848186,-0.016904953075764055,-0.03672962840066564,-0.012001172794878095,-0.03672962840066564,-0.01231646844371648,-0.03672962840066564,-0.012606180739679363,-0.0367296284006656,-0.012872558927286124,-0.0367296284006656,-0.0011063342866769132,-0.01656306105453413,-0.002618419325811565,-0.042228373415446115
2023-03-16,0.0034938815942250185,0.00931168634903341,0.003275021594240109,0.008186638876785817,0.0033221402565868476,-0.013705444790819497,0.014563278696131207,-0.013705444790819497,0.01452942823908035,-0.013705444790819489,0.014515811172549823,-0.01370544479081956,0.0145201890068112,-0.013705444790819464,0.018029095926965853,-0.011128705208107855,0.0122345818763562,-0.008428376224471297
2023-03-17,-0.004105037961341818,-0.022321295200892138,-0.004380070607280224,-0.02223894280074025,-0.010075850046911687,-0.0318579707533799,-0.006178696459525662,-0.03185797075337989,-0.006451741650712093,-0.031857970753379886,-0.006716912259074645,-0.03185797075337994,-0.006973964114200635,-0.03185797075337986,-0.004185006417320437,-0.03728227175059756,-0.02033272173726939,-0.028491748535788716
2023-03-21,0.012257091670893585,0.009692841007657969,0.01288433025565504,0.009888040574204678,0.016967780163293505,0.03529410005193101,0.005845201656803712,0.03529410005193101,0.0056540121764125885,0.035294100051930996,0.005452654239221543,0.035294100051930996,0.005243486399965469,0.03529410005193098,-0.0024395975148108076,0.009562230807052341,0.010454110976633643,0.03212751138489011
2023-03-22,-0.014354477882918115,-0.002167742109436898,-0.01416691299649683,-0.002622489465884905,-0.009196877070976136,0.015344048081501546,-0.015042377408577,0.015344048081501548,-0.014785497474762467,0.015344048081501537,-0.014539431033129154,0.015344048081501612,-0.014304128741114608,0.015344048081501522,-0.012383940216951217,0.018226602131294137,-0.002425396220974596,0.011046259832055547
2023-03-23,-0.013452463590049157,-0.005518106823479866,-0.013872429609049657,-0.0066103610986883105,-0.017233856239491564,-0.03614567450376297,-0.010756556313344698,-0.03614567450376297,-0.010757850291852387,-0.036145674503762965,-0.010743452845853629,-0.03614567450376298,-0.01071554799291555,-0.03614567450376296,-0.011063962340168224,-0.020751239901117064,-0.012731354099946744,-0.0350948613016178
2023-03-24,0.0032212080814797896,-0.001014764941777853,0.0036178026967329307,-0.0009250914208841314,0.009616792854576898,0.013730020812655754,0.003973707743404135,0.013730020812655752,0.0038949181708110075,0.01373002081265575,0.003805290249241455,0.013730020812655754,0.0037065099910969495,0.01373002081265575,0.002434932422817084,-0.0003062230657818565,-0.00022367228635705077,0.012156640993771978
2023-03-27,0.014812926961864047,0.019487069808622835,0.01505431819145385,0.020625479754715025,0.021619100880439838,0.04218003893467713,0.017550005667404448,0.04218003893467712,0.01770039553391213,0.0421800389346771,0.017845847768494478,0.04218003893467715,0.01798623603834722,0.04218003893467709,0.01615877738329154,0.028407491517612266,0.01236362614662661,0.03906272875586322
2023-03-28,0.008694446450460303,0.013586580569628448,0.008599718326693342,0.013449902613785737,0.008356725757221812,0.009811948556929968,0.009752720460236407,0.009811948556929974,0.009753535139248683,0.009811948556929968,0.009755643797086364,0.009811948556929937,0.009758954372892996,0.009811948556929987,0.018074104034362132,0.00799224281884111,0.012354850983334983,0.012964097510660386
2023-03-29,-0.005133338547773671,-0.007002746162069938,-0.005008093691199535,-0.008511660982355708,-0.0037361189597260864,-0.012230698786635009,-0.0006874873364436773,-0.012230698786635007,-0.0008370234879489092,-0.012230698786635004,-0.0009828667689098856,-0.012230698786635049,-0.0011247087597604532,-0.01223069878663499,-0.002004276999567418,-0.02242846178584397,-0.006591029409230386,-0.00988145536022816
2023-03-30,0.02583563893337502,0.02305321592250159,0.025768771940356015,0.02503376076821087,0.021999217090802735,0.023497480862315203,0.018933954028226105,0.0234974808623152,0.018966917752904176,0.023497480862315206,0.018997118906817868,0.023497480862315206,0.019024804760524622,0.023497480862315193,0.012885952428732212,0.03362890523191257,0.02820405576662476,0.022690997610782433
2023-03-31,-0.00010061881258237142,-0.004665780134794298,5.63611764696206e-05,-0.003901744839689775,-0.0022847124908893903,0.008925261387062108,-0.0014583368168492616,0.008925261387062112,-0.0014996410234692772,0.00892526138706211,-0.0015406658484155224,0.008925261387062093,-0.001581082900636784,0.00892526138706211,0.0023833525599706654,0.011282786531411704,0.00018722260897390723,0.009694787006818723
2023-04-03,0.012242692642615594,0.021938271360334504,0.012326769663309083,0.02380339099234248,0.01724870172270986,0.04100283159754301,0.02076098417311104,0.04100283159754301,0.021182193500666382,0.041002831597543005,0.02159381175161129,0.041002831597543046,0.021995361859111277,0.04100283159754296,0.019943035165205895,0.038524934599452575,0.020318166345510105,0.04239974979280669
2023-04-04,0.004934800820434147,-0.010300053287121306,0.004871094374341189,-0.00824132081660668,0.00467850760006242,-0.004270197071917066,0.0024584323165956876,-0.004270197071917069,0.0023868918438660356,-0.0042701970719170685,0.002314262929881737,-0.004270197071917088,0.0022408654247989285,-0.004270197071917059,0.0014674645691759476,-0.002048972493739352,-0.003869138472420466,-0.0038296304515351757
2023-04-05,0.014234955197496846,0.01859387096610783,0.014141596632345335,0.017451657320953,0.016379779538449168,0.014304389339354046,0.020478004047254496,0.01430438933935404,0.02059478373034321,0.014304389339354039,0.020721113333507298,0.01430438933935407,0.02085529060033234,0.01430438933935403,0.018218884831074214,0.014201593045581063,0.017767161893916566,0.013011127058603179
2023-04-10,0.004985643215691742,0.0056943720386688065,0.004850868577378097,0.006894411016547206,0.0053785111095484995,0.000732277179170859,0.008056408533321187,0.0007322771791708596,0.008123736472763553,0.0007322771791708619,0.008195178417657193,0.000732277179170843,0.008269901347824741,0.0007322771791708655,0.00894131864453478,0.005671307748973914,0.006273839985465718,0.002584262139815585
2023-04-11,0.013765643857317114,0.008265736207675073,0.013746713732416116,0.009898967225727577,0.016811893601658783,0.024823657885560117,0.01723621670434697,0.02482365788556011,0.017435524194229807,0.02482365788556011,0.017631168351186527,0.02482365788556013,0.017822773136807964,0.024823657885560093,0.01588525415504001,0.02148878251257578,0.01524367070986513,0.025070918304402615
2023-04-12,0.0018999220570421465,-0.00608172474056498,0.0018624592747819814,-0.005361569059362553,-0.0012856256296183812,0.0025339142764710283,-0.0025685752269159535,0.0025339142764710275,-0.0025407949351826946,0.00253391427647103,-0.0025131384478173317,0.0025339142764710305,-0.002485596498623025,0.002533914276471032,0.0036632935499125363,0.01749116861704298,0.004859507025074243,0.002715646983626999
2023-04-13,0.011142114855970288,0.0178605813377696,0.011389763453596546,0.017225027018149514,0.01250303509465558,0.014292812991280015,0.007968871336254488,0.014292812991280015,0.007818898632262934,0.014292812991280011,0.007662263896667581,0.01429281299127997,0.007500413090530375,0.014292812991280041,0.015095424274854469,0.016635456627912538,0.011374757832848637,0.015363228422680321
2023-04-17,0.0004004431573156482,-0.0011801321943345933,0.0029648895380671916,-0.0013978507189639862,-0.00035972985023433393,0.011413874287253992,-0.001004367825024549,0.008196476622208954,-0.0009725759075587086,0.0081964766222128,-0.000945035058285502,0.008196476622212805,-0.005670247054538537,-0.002938691774379182,-0.0031728925087869658,0.007037003259105164,0.007829985337417845,0.011544329227103878
2023-04-18,-0.0009592544602390256,-0.007064319412253866,-0.0005865446915932497,-0.0051001354914096304,-0.00020509566901136,0.00678833600159284,-0.001550175557875674,0.002140970621495632,-0.0015686022045724888,0.002140970621507751,-0.0015899816665354573,0.0021409706215077496,0.0029089933874418663,-0.01876570339238546,0.0004918408932440511,-0.005559278502900963,-0.010030368746217906,0.0067883360015928
2023-04-19,-0.004288813839643363,-0.0025458452722916486,-0.008926365435722046,-0.0036077445037223537,-0.004666626825554982,-0.019880994559312977,-0.002030663880547613,-0.016793210957638964,-0.0021194015830324465,-0.016793210957639828,-0.002199636558238696,-0.016793210957639824,-0.0025587626403158195,-0.004235320871931479,-0.004537036877397952,-0.01944738286038473,-0.004715656250576239,-0.019880994559312918
2023-04-20,-0.00048044425233421397,-0.0014267418408856712,-0.00020755547608384439,-0.0013903960699101694,-0.0008218599390982318,-0.001958177830161547,-0.002271817619952595,-0.002009234651759656,-0.0022639145148606785,-0.002009234651764347,-0.0022552856499600364,-0.002009234651764348,-0.005065478410493437,-0.00018997376516917018,-0.007353955966519427,-0.002279299124583043,0.0008874748250564173,-0.001958177830161528
2023-04-21,-0.008638061136281494,-0.003916366932904338,-0.008532515438466871,-0.00509191152597788,-0.005090323193299877,-0.018321918010859205,-0.004364693805841375,-0.014534660317319276,-0.004440376038369236,-0.014534660317322635,-0.0045183615618308815,-0.014534660317322633,-0.005688413237282888,-0.00934919314760818,-0.005383820211598299,-0.017983910456037738,-0.008401585602549425,-0.018321918010859185
2023-04-24,0.004395895181520905,-0.004210946508582083,0.00434254199085245,-0.004104266424117478,0.0037951953331894946,-0.005311099802964673,0.0004257353837035726,0.000610308249014424,0.00028395858684007334,0.0006103082490130582,0.00014303260450311247,0.0006103082490130649,-0.0019797674722127454,0.006505509362110395,-0.001341176779058791,-0.004012291507623476,0.004906369212770532,-0.0053110998029646805
2023-04-25,-0.017277201754088613,-0.011075465871102915,-0.020588091774648397,-0.011183743120384372,-0.01884815716387368,-0.031449667444748725,-0.020737521271670695,-0.03778626830570179,-0.020758199588484277,-0.03778626830569771,-0.020770194790505223,-0.037786268305697694,-0.017602312734388205,-0.037119811434011475,-0.017793830745845965,-0.027004587512721778,-0.01179173144854436,-0.03144966744474864
2023-04-26,-0.005817337864757865,-0.003331244208714508,-0.006245056086739295,-0.003494804347984829,-0.005587224913488755,-0.003971117075206515,-0.004379584656780491,-0.0032952874924163985,-0.00423194084813677,-0.003295287492427001,-0.004081158853279346,-0.003295287492427003,-0.004074617758567646,-0.0022549478545882294,-0.003175235371941538,0.0021432748948438463,-0.003923689942814106,-0.003971117075206506
2023-04-27,-0.012803596827207218,-0.013059542854309322,-0.003720835125446355,-0.010632869625137101,0.00138953430579842,0.0030689866946259367,-0.012011147914552645,0.012987930642279068,-0.011573691731899684,0.012987930642237685,-0.011147520594656575,0.012987930642237671,-0.002115515950563371,0.0033254927773815517,-0.01189481976582585,0.006009604317059831,-0.008369321356346836,0.003068986694625877
2023-04-28,0.02894479515080874,0.027283682264925026,0.02886833029197499,0.02688332920427356,0.028958332474786345,0.034825862738955625,0.03555009662869933,0.03758370183936202,0.035552163472998805,0.03758370183935851,0.03555213203893818,0.0375837018393585,0.02929426881279087,0.030408461992119995,0.035777846793999785,0.03379307853314968,0.025138289379729145,0.034825862738955576
2023-05-02,-0.03683985333684039,-0.019725114110407616,-0.03826750480139768,-0.021167016927382726,-0.032980932770052235,-0.0184148503386042,-0.028359565522408998,-0.028480026383853857,-0.028018681377217622,-0.02848002638386327,-0.02766731110986013,-0.02848002638386326,-0.03081743604477343,-0.03214019325589797,-0.026868268482747665,-0.01955935400031186,-0.018582167361027177,-0.018414850338604145
2023-05-03,0.010667609615908145,0.007940890507316755,0.012017858000825995,0.010406631307165307,0.006749979118499876,0.00729017325070819,0.0017400195699043687,0.006960295042778962,0.001895327051900468,0.006960295042767286,0.002051040593579967,0.006960295042767279,0.008459901152164972,0.00018146328176947232,0.003764104347265109,0.025794105040027226,0.005070861545122238,0.007290173250708196
2023-05-04,-0.005601066610744736,0.004300629696282072,-0.0021095970797145483,0.003507604880682704,0.0017342588923853406,0.010427111703679354,0.0032034850503488733,0.004684478044117338,0.003375839948535436,0.004684478044115557,0.0035437025019995887,0.004684478044115556,-0.000458138577363804,0.017541361796761464,0.0021632531450213282,0.0034409007268277974,0.0011205542573218328,0.010427111703679378
2023-05-05,0.0049432446728370945,-0.006776883271408289,0.007430155037589013,-0.00599390904082823,0.0022757433879551235,0.005915160122112011,-0.0008077121753679701,0.01070518868232252,-0.0009617727038472783,0.01070518868232939,-0.0011246481548233983,0.010705188682329388,0.0003552142119353529,0.004182558238044431,0.0016354143577808652,0.003365465588789051,-0.003616898407765424,0.005915160122111936
2023-05-08,-0.01183103413889373,-0.010413193917262172,-0.011508477234287443,-0.009790595161078181,-0.0082082273602009,0.004649645600306572,-0.007609326461566437,0.003128704992322838,-0.007432081204858477,0.003128704992319351,-0.007251996457533275,0.003128704992319347,-0.004824010120392715,-0.0002529434018592718,-0.0075876749162151905,-0.0005873132693627801,-0.0035274125460795216,0.004649645600306545
2023-05-09,0.00047570315665162836,0.003424335407900767,0.005706129718311819,0.0024249680998214393,0.0060151424588511,0.00037404384814134325,0.0034789988774293758,0.002995396232890961,0.0034117283695031964,0.0029953962328891034,0.0033342550687800376,0.002995396232889104,-0.0008394549050588225,0.008944155008846412,0.0024409768371032627,0.00386245109252293,0.0008920086002437062,0.0003740438481413247
2023-05-10,0.006369410488383,0.0008090355391136039,0.004030628391440072,0.002578655815566329,-0.0033124873754589185,0.0014634114139170594,-0.0022925831228501,0.0024774330870083426,-0.0022187519375276377,0.0024774330870012836,-0.002138913035168404,0.002477433087001284,0.0002605439435509072,-0.00930781482692674,0.003039716450785824,0.02034135194823997,0.0041688493215775784,0.0014634114139170506
2023-05-11,-0.013070347725540995,-0.005815500967928248,-0.012439879683392146,-0.008441225686039694,-0.010226806457833384,-0.020184482077220588,-0.008614071982374018,-0.018910704218475235,-0.0088522936168791,-0.01891070421846417,-0.00909574300978865,-0.018910704218464164,-0.012866845448676594,-0.012132506316418722,-0.008278578850873507,-0.026077107563823684,-0.012763911585349303,-0.020184482077220577
2023-05-12,0.01906996297753723,0.004680970685336461,0.018284866476092884,0.00718611192988153,0.014715036492763161,-0.0051865551330372685,0.009283994290800531,-0.002053069530688567,0.009139927908638082,-0.0020530695306866195,0.008996990784197799,-0.0020530695306866208,0.009335887873871839,0.00344479463228898,0.0007527354337297632,0.003509786603644349,0.013545581887029645,-0.005186555133037241
2023-05-15,-0.006550243560418097,-0.0024235638171603846,-0.00879767318373245,-0.0027125885676564064,-0.008475478091305323,0.000652132116896053,-0.00570305726065678,-0.0030954527147555025,-0.00557755514394866,-0.0030954527147524663,-0.005445325610214467,-0.003095452714752464,-0.0009679000448566438,-0.002068829984141142,0.0006620324517155637,0.004815837538608149,-0.003818503285111222,0.000652132116896056
2023-05-16,-0.009206610052672298,-0.00337341914265018,-0.0050227326020814865,-0.003859125377793448,-0.004598227656754953,-0.0009261320950815427,-0.0057962196070669506,0.0004824007432865556,-0.005660999592102303,0.00048240074327445676,-0.005533220537876265,0.0004824007432744536,-0.00671561832732343,-0.0019438944714692862,-0.005235596916021996,0.0017433874146096167,-0.007443291484588258,-0.0009261320950815611
2023-05-17,-0.014333598465016785,-0.011466962312536536,-0.014276093952329653,-0.011328390208824719,-0.008872585265513032,-0.029920255008014828,-0.009135330564578466,-0.015350437801898507,-0.010308663565204244,-0.012969606910854647,-0.010403904075336303,0.0027412609261712193,-0.013785626874572013,0.0063470691392988575,-0.010416829075368152,-0.013174586859479292,-0.009092336722365679,-0.02657255429835628
2023-05-18,0.008990388183145256,0.00683107824639565,0.009031214862006158,0.006512647626433753,0.003943502179115707,0.013782561786443487,0.003882202092108439,0.007479538037772704,0.0035686696624604164,0.005253467214664451,0.003525948688834991,0.005544585883216312,0.0028260315245623776,0.0038387097178783584,0.00085487918501222,0.0046772377582171565,0.005804319547623782,0.01113210869447786
2023-05-19,-0.013206599996288471,-0.009697374704536464,-0.013170859329492683,-0.010519554408073319,-0.01245129925937155,-0.02155643413323345,-0.012588711236421739,-0.022546300482210464,-0.013560313743059542,-0.015278542654148021,-0.013592550010312945,-0.013768904762044443,-0.009663753359069535,-0.014312200434231499,-0.013093290038832311,-0.019665448573794094,-0.008185334032541014,-0.018960294960239023
2023-05-23,-0.00020936582299027184,-3.894334867918665e-05,-0.0003373613646865427,0.0006539149317630916,-0.0043172443905743615,0.00699241138367403,-0.004180278690447798,-0.015831814059902215,-0.0021135127076651137,0.003671452980692336,-0.0020465685434484446,-0.013592740301551692,0.0018475033114191141,-0.013508972048308386,0.00348670740420218,0.007404127433248084,-0.0011504463219966354,0.003558811749168976
2023-05-24,-0.011947048805873807,-0.020209977362518276,-0.011742305739627083,-0.018392937407428627,-0.0058766635911270204,-0.028860645098638338,-0.006193820747553469,-0.020972485883262636,-0.01218192009013895,-0.015734266542637324,-0.012351489355175355,-0.022664812173437462,-0.014629101867436723,-0.021074815805830382,-0.010703351502455594,-0.014257364046624343,-0.016333981036982387,-0.021247920361171964
2023-05-25,-0.0013581634941563312,0.0016779694789473406,-0.0015150334744006891,0.0009717656244704544,-0.005193605718208849,0.0004161677155128519,-0.005041713364369436,-0.0007113641633897052,-0.0028427425771698975,-0.0013711541079041486,-0.002758950464664709,-0.0018836566358104863,0.002366984410045575,-0.004824826487102237,-0.0009383900453204589,-0.0002949830234556687,0.0015931381272650071,-0.0019305971005321037
2023-05-26,0.004236969574540966,-0.0013676883239544003,0.004259023790407916,-0.000290302075215332,0.002184201281680138,0.0018995564542023525,0.0020791190814668167,-0.00019446054508304172,0.002994887460955306,-0.0010067200846315377,0.0029121897219753293,-0.003043180055109639,-0.00020670696247972143,-0.003214620798977692,-0.0001831433464390211,0.0002218918107642062,0.0014945361903669968,0.0025448617890411556
2023-05-29,-0.00043430428622503753,0.00608739957895271,-0.0005122908596082211,0.004234679731127211,-0.0010600634056947443,0.005987994713824786,-0.001077041576528707,0.027210808831292208,-0.0004180428037609818,-0.00024212838506517545,-0.00041561576455331414,0.024944211598025887,-0.004963735658264688,0.026484423676096568,-0.001805320642813458,0.0011070107438315607,0.009462779305510854,0.000828802804565065
2023-05-30,0.00012164082995783955,0.009147007741888686,0.00026881041075995813,0.008359485855154404,0.0012733162498625556,0.0017734193121864532,0.001214417664302644,-0.002646444826145234,0.0030853968488083294,-0.002135920245618262,0.0029995893449026776,-0.008358965008785323,0.0016408963626294815,-0.009054205563000135,0.005060239605457353,0.003896100075805975,0.0033506795001742766,0.006973347544249155
2023-05-31,0.0047652499615353245,-0.002933051255957626,0.004865713933001345,-0.002295208467313566,-0.001255101244567465,-0.004794166282925836,-0.0013894417349181913,-0.012389991760253849,0.0020880211952119636,0.0009920537552649876,0.0020084802715147404,-0.007572627559766622,0.00033558072746339533,-0.009413830494458673,0.0035822914823764986,0.004651159053570884,0.0020209183140887568,-0.00013146745748744565
2023-06-01,0.005085396248202415,-0.00858284619623168,0.0050795059818305,-0.007639105338308186,0.00484943090895555,-0.016335683289929324,0.004740409026757048,0.013080213368382653,0.00274599183702678,0.0013752607977261138,0.002721641524637771,0.02059582212851458,0.006304673718018916,0.017205995761561045,0.002630485789130046,8.92369874728142e-16,0.005359566313215787,-0.01700273474613068
2023-06-02,0.02215559905564391,0.024227667522816448,0.022235242475407827,0.02297209982605218,0.0254438321777642,0.006395281914029138,0.025008421544115422,-0.00014993418360594797,0.02844536343752602,0.0025193643811927276,0.028240064822181322,0.007954609431648859,0.02615756851933544,0.007408158959972184,0.0255575787148249,0.0006250028334449004,0.01862369120948819,0.007389363655521969
2023-06-05,0.005112998190052944,0.002248306532371809,0.004979047878742009,0.001702670764530363,-0.0015204051240362258,0.005422464940408313,-0.0014773312469311165,-3.0006408691441055e-05,-0.0018375200948240748,-0.0012287215190639191,-0.00183658141336284,-0.0015966092074780895,0.0016633955886699184,-0.0037161709658832336,0.0007687492611067183,0.0013112534301525254,0.003122019569130959,0.003162348769333681
2023-06-06,0.027791739478461395,0.014582730258766666,0.027926540354297542,0.014572515975002635,0.02568030748646276,0.007511142767901581,0.025101965029235986,-5.999593007382988e-05,0.02347664494327127,0.0025358880629542065,0.023172037864103334,0.009995784350624006,0.020136006847242746,0.007547668258788747,0.021929214219988682,0.004632150946861503,0.020597375448227834,0.0050820318277537005
2023-06-07,0.0004422492589483491,0.0005391460934897601,0.00043928725926646464,0.0016435445720187954,0.00348294350468246,0.00030306729570828844,0.003537589758406437,-0.0149144778233949,-0.0003498115843359028,0.0012599126264090101,-0.00030974365684701636,-0.00983604167554669,0.0048723453515929025,-0.011134739944167851,0.0027627397353513156,-0.000455727399335358,-0.003300718403427069,0.0030751458178997523
2023-06-08,-0.006754032805834318,0.0021480087493692605,-0.00672093222101053,0.0010576077996289318,-0.005437996244253788,-0.00475266285936301,-0.005281368273677037,0.016381347587821327,-0.005380261803740789,0.0008590080676373187,-0.00529130069269748,0.018058054777414522,-0.0012948220163390223,0.016519595076302903,-0.004103824787449052,-0.00036431970625073687,0.000670086021173522,-0.0028071538191735156
2023-06-13,-0.004359190727760778,0.002590626166078222,-0.0044275984641280325,0.001973186317934443,-0.003005724345704939,-0.0001728043648828146,-0.0029736160400434565,-0.014800361123146422,0.0034555363244017775,-0.0017042848596917806,0.003478002738067837,-0.020418276814977765,-0.001620414652705082,-0.019913215702221865,0.0015219149956553558,0.0019192573670205903,0.004545995806688981,-0.0008794345839014831
2023-06-14,-0.006481558530343048,-0.0016947501266743837,-0.006414125372737227,-0.002290299934674409,-0.0011027437439311183,-0.005492578413875747,-0.0010268686035294536,-9.47329872532766e-05,-0.004786434156336625,0.0004217481550108997,-0.004741005074060832,0.00015529539583797672,-0.003403715594022421,0.001170511477779432,-0.0016189431272135503,0.0006493520700878285,-0.002820351679377676,-0.0036818734308297326
2023-06-15,0.0005085182172081865,0.004090017917655921,0.0005478658857799607,0.003956011872175975,0.001854091511515579,-0.0019755406101185286,0.0018288358080741944,9.47629111654581e-05,0.003869107448060313,0.00046663095348227306,0.0038662527418474937,0.002417729886168574,0.004713048693014624,0.0014946557716122696,0.003631791649568084,-6.451491064071001e-05,0.0026144713077222437,-0.00011201854136270257
2023-06-16,-0.029261443633657555,-0.01945618399724188,-0.029290713266165808,-0.01808496741457463,-0.01355224220366872,-0.03823652640844752,-0.013887935172024227,-0.03782767536207209,-0.021181693394970336,-0.007138397880576596,-0.02129674439814181,-0.013214928064790816,-0.02693973036538597,0.0010404477225961616,-0.023654953244702685,-0.012484727507322503,0.00028102586084274644,-0.04056059955769233
2023-06-20,0.0013099251476218381,0.003238998159596867,0.0011703957406651376,0.0028673142523508565,0.0004865107212639392,-0.0030368755534564136,0.0004159381135978153,-0.004647072883054347,0.0038064018185634554,-0.022432449136939075,0.00375244497306611,-0.006525451446941484,0.005144536172595636,-0.013814738311290656,0.002569714481873105,-0.019565782862332654,-0.0003953671413277934,-0.0018379766139125788
2023-06-21,0.0014943122230213172,-0.002242244995523295,0.0017641956801862342,-0.004725449762032507,-0.0019915752297102805,-0.012489214920444719,-0.002453332529974493,-0.00607229435554844,-0.0026462880067907096,0.0031749018399434216,-0.002846126058503081,0.004296986751384422,0.001516710844156725,-0.00023172855640760218,-0.007483480762475133,-0.028439144150294218,-0.009543466984319364,-0.008755130760661351
2023-06-22,-0.001265699443249856,0.0016196405846569002,-0.005917880558466246,0.00122567432450208,-0.00991343060672159,-0.006139853006452276,-0.009184343847209857,-0.015658245524098505,-0.009173657652116664,-0.010701998562293908,-0.00915774777974769,-0.01070199856229394,-0.009188877847671495,-0.00988051376462233,-0.009000387252260352,0.00902564014877371,-0.0027624249382626883,-0.007036019756750339
2023-06-23,-0.02164525404259505,-0.015251571743815097,-0.015470697194009744,-0.014803914369612531,-0.009939106182654624,-0.0246706179537659,-0.009610857732914861,-0.003684461798965647,-0.009614598006089615,-0.004262725553119639,-0.009622636755079832,-0.0042627255531196085,-0.008056965816885316,-0.002809079168369393,-0.005845037784835758,-0.025385017089847983,-0.01094236424440639,-0.01694591378955757
2023-06-26,0.006988848006688177,-0.012064029791934577,-0.00568891030199493,-0.011451340101683093,-0.009632107939078217,0.01220515069319222,-0.008210610757986982,-0.008074666843635512,-0.008232499185628135,-0.0006441463015357484,-0.00825551800954339,-0.0006441463015358054,-0.007868654692706747,-0.0024985237430406827,-0.01348006280232063,0.0096449919453977,-0.0017144959946916996,-0.004897180979713831
2023-06-27,0.005291391346169313,0.014131940779952237,0.010542639326981691,0.014570254354551454,0.009053985133462287,-0.004473813750610056,0.00875074737453001,-0.007671784441046185,0.00868628068081055,-0.010275981013991123,0.008622194747528652,-0.010275981013991119,0.009784446214132967,-0.010970281751626383,0.015570769488823119,0.0023585208009541964,0.0081384481501363,0.005382012790575719
2023-06-28,-0.009923044152731356,-0.02180508591785013,-0.013194941351749496,-0.021576014458325195,-0.013962872716767872,-0.020949666866513623,-0.014079232538674305,-0.019922388685763275,-0.014222710309065897,-0.012369913151533391,-0.014367000224044852,-0.012369913151533444,-0.012754912250227467,-0.012657522366985943,-0.015947284560462335,-0.013312350349057157,-0.012398359521954993,-0.025659994143725412
2023-06-29,0.010010039820546959,0.01716842416812175,0.0087740500214961,0.01836389734755462,0.012488810816786471,0.006701497509779289,0.015204755426787134,0.011955127322028082,0.015238788048658218,0.009414466011977717,0.015269176745499352,0.0094144660119777,0.014908815968346516,0.010713401800886516,0.010262236601519946,0.012875790038932178,0.008529459469278324,0.014665691010062612
2023-06-30,0.004364649531952284,-0.0023227596058162455,0.0021195610185473276,-0.0002219678072572337,-0.001958547227043427,0.013562365874917395,-0.0007334179074096813,-0.01555830027920636,-0.0007707979651065092,-0.018400996702167948,-0.0008150219540480038,-0.018400996702167948,-0.0024856317336622584,-0.01643097245880072,0.004679652890617439,0.01761577759435081,0.00021929575457203592,0.012581675683697719
2023-07-04,-0.00690211303153838,0.0002719241151796436,-0.005755340220303158,-0.0009571397367363085,-0.004786635409728083,0.0013450799597944467,-0.0053974584456207425,0.017874963125415224,-0.0053108163635266405,0.017781740110028643,-0.005224861503725559,0.017781740110028692,-0.004702005450875878,0.020925200429846372,-0.0027157441011406106,0.008934801844789349,0.0016019921085862786,-0.0008139322902621918
2023-07-05,-0.01819135683056045,-0.009773628609850541,-0.008362574801889715,-0.009364078839132643,-0.005282337374691395,-0.017894440988466456,-0.003870829237375773,-0.007561080364220156,-0.003735091413282576,0.0023932880993033996,-0.003583467815969745,0.0023932880993033597,-0.00034826872095448935,0.00024110900744530862,-0.00500839948063351,-0.010763473940488988,-0.004381654064337461,-0.02030688207861321
2023-07-06,0.005774023988772499,-0.0003654934843780658,0.005576884853255102,-0.0016000674168705608,0.00018478286989900925,0.004637103046291234,-0.0030983489300785583,-0.005978540525282754,-0.003209164881321485,-0.008636916246848847,-0.003319501666393299,-0.008636916246848838,-0.003008223419038615,-0.011163811193551506,-0.002679655033292287,-0.006320547879725852,-0.0016909270336909598,0.0006735850909024471
2023-07-07,0.022041565099706187,0.02057699672887911,0.026707792293339125,0.021932273483080026,0.025818779385700843,0.025756783440678062,0.02255872844472007,0.014254402564255496,0.022503131111018586,0.00793878400096295,0.02244057626776303,0.007938784000962954,0.019083117973437296,0.008553898849060484,0.017409684703185505,0.02006540956517436,0.015832000866595485,0.028845938372711582
2023-07-10,-0.01013901776228922,-0.013139530049020475,-0.013039153388336458,-0.013188459719592182,-0.011636432712314543,-0.017688713384576733,-0.010797972138089536,-0.01475173869566231,-0.010835403285468542,-0.011781142063144494,-0.010871440096822133,-0.0117811420631445,-0.009623306744834968,-0.009649454263839006,-0.007873017755713361,-0.009670123863714098,-0.008294818497935631,-0.0184845131683609
2023-07-11,0.01360002383855402,0.009644439175550116,0.012849649510272442,0.009469724587766858,0.014511852092089356,0.01069746248511241,0.012249355741829674,0.019140129409603492,0.012287332848365867,0.02588589104997376,0.012324469923546433,0.025885891049973745,0.012151274659349152,0.024621214918053094,0.01569537487225363,0.014572654351316374,0.014923099941261187,0.007859412778017756
2023-07-12,0.011920230050843335,0.015710797334109777,0.021062664894141075,0.015943126741361516,0.015307245961434731,0.016975943473451726,0.017932825204620223,-0.001324082987582423,0.01784824273664194,-0.001248246632981241,0.01777000320280666,-0.001248246632981255,0.017555335296403206,-0.004788914234464188,0.016126544815805714,0.007235602775418494,0.009498581371023706,0.01592137592002329
2023-07-13,0.009236220831226664,0.009050740556846234,0.005776486798823244,0.008606383258405664,0.00646767440334378,0.006004587928227851,0.009007483818905844,0.007700157798994227,0.008999178969418141,0.004925530731690234,0.008991732062309028,0.004925530731690259,0.007228168401071247,0.006719170290145948,0.010010337609174016,0.007152956647365067,0.009017742044010246,0.005134618866896314
2023-07-14,-0.011149355058995475,-0.007938367688951724,-0.011916185190907463,-0.008325737783536132,-0.013981556252486172,-0.007798893525212784,-0.012302152273677185,-0.008979573314435182,-0.012342133727481143,-0.017491748330603473,-0.012380485451805116,-0.017491748330603445,-0.012972199810881335,-0.015827356725345066,-0.007917604842010607,-0.008581239397350789,-0.007961059929878505,-0.008958851100836449
2023-07-17,-0.003345680098937369,0.0008589470976457949,-0.0023085157056536953,0.0012253068786970242,-0.0004622976264080528,-0.006414197736137785,-0.001078063380452492,-0.0005143884800382663,-0.0010951566381814791,-0.001375506529813986,-0.0011183302901629753,-0.0013755065298139727,-0.0024732993348864536,0.001665765642941984,-0.002660203084900994,-0.003281311826513183,-0.003364190416120991,-0.0003755746734318145
2023-07-18,0.004924169632534554,-0.006683588337003152,0.004554538014885583,-0.00458270991170271,0.0031892862698097474,0.0004961319649236318,0.0006023674632054338,-0.01617053470174281,0.000479718598927813,-0.016689939212353438,0.0003554572976088577,-0.01668993921235348,0.003396960544600397,-0.018738311860175744,0.00408062843783595,-0.00502762292776129,0.002359132551276518,-0.005029058984697639
2023-07-19,0.009848919315114701,0.011337590223517612,0.0075546442224694536,0.010969584088977276,0.0045444588420819245,0.012774981171910817,0.005471416104934712,0.0015450021721598426,0.005467259254715203,-3.3674574224479194e-05,0.005460765283624457,-3.367457422445751e-05,0.007913912584957163,0.0012414537520093211,0.011955490333127908,0.0170566490099184,0.0071756743950614306,0.014620785349066452
2023-07-21,-0.002415401529496918,-0.0035834175079428447,-0.0026764160285665233,-0.0030742121844095555,-0.0023346259580720626,0.005136812722544767,-0.002147739159500933,0.0006610371031125095,-0.0020676248238488187,0.0018804844644567881,-0.001984243090908126,0.001880484464456787,-0.0023556270614549612,0.002218264504315733,-0.002840704072034732,0.007262312404818359,0.00047756589703646426,0.0015270503098446454
2023-07-24,0.00013711063302469296,-0.0020129146197350066,0.00036388327789539204,-0.002148554849826063,-0.0009803993353872432,0.0014244576001317562,-0.000364013245367954,0.006037026502895108,-0.00037390063786422854,0.006596167422438065,-0.00038453677319004204,0.0065961674224380385,-0.0004084669597801603,0.0068004300863048935,-0.0024186612071107915,0.003942235988701552,-0.0011730984581022849,-6.908862167216635e-05
2023-07-25,0.002410272933071488,0.001528846304159543,0.002455475643365441,0.0006903028422000962,-0.0003251059215690032,-0.0029031446553259743,-0.002056052010597313,-0.002573575897428825,-0.00217676828406133,-0.002573575897428804,-0.0023103487338470086,-0.002573575897428848,-0.0024548437871229683,-0.002903676018835345,-0.005396881600102244,-0.00813268295279255,-0.0031094974967932096,-0.0020678467771381697
2023-07-26,-0.010927591292595523,-0.01016923935018319,-0.01098363348091842,-0.01037625344944305,-0.01219649467931432,-0.006410290196012164,-0.009891567063559953,-0.0006532742895407006,-0.009760535304444906,-0.0006532742895406633,-0.009619236914066047,-0.0006532742895407173,-0.009469336708408113,0.0007198845122948662,-0.004174592871004332,0.0027253818919252765,-0.0030383676075944853,-0.008420113260872915
2023-07-27,0.0038145117352458425,0.0033131857451217223,0.0038124548256396012,0.0034309637307269785,0.004613958141638578,-0.007681238299653272,0.0016547750900085543,-0.00831158537327019,0.0015400308938384863,-0.008311585373270222,0.0014223273649973528,-0.008311585373270168,0.0013024753088126317,-0.00910983448619441,-7.992739078801136e-05,-0.007897913621143447,0.0006093658331009992,-0.0063293243298303235
2023-07-28,-0.0065222592425297436,-0.003391083628442542,-0.006611869427829176,-0.0031085932368816334,-0.00484613419419542,0.001631913065078574,-0.003586066902574774,0.0006556607612334806,-0.0035052496017585998,0.000655660761233504,-0.0034174344827455566,0.0006556607612334557,-0.00332396021288774,0.0016053851954497065,0.0038080896959634663,0.0009687384053613465,-0.0024502247159841678,0.0015983644534676607
2023-08-01,0.00813881860498915,-0.0011186109879168923,0.0083289080775521,-0.0017798564263543431,0.0043086038563467,0.012164950239713382,0.004915499066791025,0.013631389883257645,0.004858236661321971,0.013631389883257706,0.004790874933037769,0.013631389883257603,0.004714939634677175,0.01519796446204984,0.0010009053471507967,0.009249048953291227,0.0031748379989825558,0.009529732493461757
2023-08-02,-0.0019639444768726937,-0.0016521038135232967,-0.0020936063482814276,-0.0020000021912132872,-0.0023587229218711954,-0.006383369704042625,-0.0017947803157636671,-0.00582173376195815,-0.001767956018110665,-0.005821733761958169,-0.0017350950782120322,-0.005821733761958135,-0.0016970155330171214,-0.006560440666659698,-0.0031713717700404456,-0.005291337306135905,-0.0030786565936266846,-0.005843744283184068
2023-08-03,0.0016013409139022182,-0.004221588990269013,0.001660203526844172,-0.0037715475011842543,0.0031464988288192677,0.007819816009075203,0.0038161154192269823,0.0025514018430930242,0.003773569691105887,0.0025514018430930463,0.0037303385063717914,0.002551401843093014,0.003686725310523267,0.001394588442567711,0.0004911396639621225,-0.007803243984576833,-0.002368588968541641,0.004507000497094358
2023-08-08,-0.004020184772918613,-0.0048364184458783484,-0.004013820713656205,-0.004734293186864025,-0.0007301155570737836,0.00020005652402964422,-0.002922022449900661,0.0005778189660097278,-0.002962792855198248,0.00057781896600973,-0.003001482867319067,0.0005778189660097249,-0.0030381810469761695,0.0022715359546604196,-0.0027431391954418774,0.002540724074316819,-0.0010809219608821025,-0.001865020539683897
2023-08-09,-0.000851023971234315,0.004322192960577766,-0.0009605577993722159,0.004284364626559317,-0.0023998925977448426,-0.005131880960953305,-0.0007706376413917503,0.0026780794941460196,-0.0006155168952679409,0.0026780794941460217,-0.00045103290961368133,0.0026780794941460243,-0.00027889147278765004,0.0020762655951547756,0.005648277814687534,0.008406669808547802,0.0037053876273384695,-0.0026646239718495766
2023-08-10,-0.008177995247635952,-0.0038913097977605372,-0.008108634545192759,-0.003967697925196823,-0.009144856410603695,-0.00205766276615697,-0.009022683667680206,-0.0011228410161248452,-0.008952100668098959,-0.0011228410161248379,-0.008886833163523025,-0.0011228410161248533,-0.008826524681181357,-0.0005641277112207606,-0.013243075218587532,0.0008701666587207586,-0.003573005778913951,-0.0007038904129004719
2023-08-11,0.005636914936526981,0.007266582508349549,0.005624489636404831,0.005966899054455964,0.0017387854364328435,0.00664687496273849,0.002868753756599763,0.003952423267993335,0.002850194357383684,0.00395242326799333,0.002824626057370283,0.0039524232679933324,0.0027929429955388914,0.004224230407461731,0.00011392319346985747,0.0030379060544504367,0.0014217427586707535,0.006949392510792371
2023-08-14,-0.0029270208605707347,-0.004022088440820331,-0.002917451987453612,-0.0034967175437433558,-0.0008896121580862818,-0.011885552997848964,-0.003987364134335996,-0.011885552997848997,-0.0041510682698817965,-0.011885552997849026,-0.004321026291937687,-0.011885552997848967,-0.004495871406459575,-0.01488144166110154,-0.004278458951588096,-0.018699310161197698,-0.00759877356676819,-0.011029179584744019
2023-08-15,-0.010699843026948945,-0.010854900612163414,-0.010783994982394983,-0.011174041655251911,-0.011130916292263711,0.005610230933968287,-0.008589302840951612,0.007567607862659495,-0.00832638451615548,0.0075676078626595285,-0.008052021817017908,0.007567607862659485,-0.007768607123441125,0.005657826856139614,-0.015837573966273437,0.00249009172951081,-0.009711439123024022,0.004078630648559147
2023-08-16,0.008302058224935517,0.006541594346850985,0.00836625513466239,0.006535023450993897,0.007305436844137411,0.011888555359378548,0.008256598450312612,0.00961325025731034,0.008216523693712872,0.009613250257310338,0.00817247257269682,0.009613250257310345,0.008125115402293073,0.009019085372191274,0.007675102547394209,0.006397453701221427,0.00570579591581936,0.01025492309079998
2023-08-17,-0.011722398246315538,-0.01336181554545407,-0.011757469357711499,-0.012266374033290171,-0.009606020078354519,-0.0023586943195767424,-0.007322703468726696,-0.0012456575681662914,-0.007257533720063973,-0.0012456575681662918,-0.0071858082585359645,-0.0012456575681662808,-0.007108575775039336,-0.002439249872934939,-0.005936189062891183,-0.0037345142167389957,-0.009744914752561727,-0.003779697651726115
2023-08-18,-0.0026422383838889127,-0.0027057973498961184,-0.0026374483928618374,-0.002590887565309808,-0.0010162539697455997,0.002679904555027323,-0.00023123322442380773,-0.010286673172839586,-0.00022931915659540718,-0.010286673172839609,-0.00022660928823752078,-0.010286673172839584,-0.0002232589267995652,-0.0070457395490833895,0.0011287616930951549,-0.004673166429261459,-0.0007016273544020028,0.002025636677409874
2023-08-22,-0.007883238065412267,-0.0032199248789572697,-0.007856471931592694,-0.004771807271266529,-0.009254702471434265,-0.0035053849688542246,-0.004658604524055776,0.012772054568004381,-0.004624691904182065,0.012772054568004454,-0.004589786904447125,0.012772054568004338,-0.004554142773198343,0.009905767781530562,-0.002786829388165431,0.0025401175066027386,-0.005782330328467205,-0.003957161966294387
2023-08-23,-0.009586047295300224,-0.012057994861309027,-0.009451292361018186,-0.012165836964856087,-0.010748988806976518,-0.00810391992742137,-0.007440195468322015,-0.004675341944294217,-0.007469322559572314,-0.004675341944294184,-0.0075091017864321544,-0.004675341944294246,-0.007558125672242634,-0.005178379961238052,-0.022135967871921583,-0.008408226467413208,-0.021074826816887278,-0.006670338141607618
2023-08-24,-0.0014404406547084353,-0.0043355504824948,-0.0015114273838009633,-0.003933879027373561,-0.002309853345993389,-0.0011267577303855911,-0.004125560024012786,-0.001126757730385587,-0.0041058908327689875,-0.0011267577303855911,-0.004084079063968752,-0.0011267577303855855,-0.004060509013206762,6.373749543960293e-05,-0.004766570451743593,0.002964220157777231,-0.004656228036641705,-0.001664147194700988
2023-08-25,0.0053837836786879084,0.003461133959366289,0.005333183543436002,0.0032418383063039847,0.0026534112044137442,0.009625991502472661,0.0016653807486226343,0.008627550491158348,0.001701063851220796,0.008627550491158313,0.0017376803605411736,0.008627550491158376,0.0017749353438951427,0.008098918312578592,-0.0019870305446518127,0.010939439135192306,0.002357139342036851,0.009282157637117405
2023-08-28,-0.0023701039960711146,-0.005882018872008054,0.0025112593466527114,-0.00694797419211825,-0.004858464196413661,-0.00902061684442483,-0.009515519608800673,-0.0245426093840307,-0.009718355188706338,-0.024542609384035297,-0.00993402232578251,-0.029971774034463158,-0.010160123108230818,-0.041041079922340386,-0.014136839686346011,-0.040653018663199224,-0.008183520700913589,-0.009899965446120863
2023-08-29,-0.00039081283630179467,-0.006791248105585606,-0.002480141341634435,-0.005381345723512745,-0.004930766661808013,0.009204033871672627,-0.0021655215966600856,0.0226018966586251,-0.001999551759372492,0.022601896658627732,-0.001831608850435941,0.0220719800893512,-0.0016625102626983525,0.017316547757718317,-0.004941728651037312,0.01731654775771816,0.0010442241677042522,0.007908416497598499
2023-08-30,-0.005396355158437842,-0.005683366986121698,0.00118423242481326,-0.006082218325556031,-0.004854797924807294,-0.002598724127116323,-0.003454812198891528,0.00775253663467637,-0.003549405590052102,0.007752536634677898,-0.0036477687404766162,0.0049093773323533535,-0.003748947066272774,-0.005956750752560707,-0.006546478333594924,-0.005956750752560794,-0.0017238834979492253,-0.004685549284449172
2023-08-31,-0.039464166816214605,-0.024819904723860097,-0.03949434074132772,-0.02421281253099111,-0.03322430573027737,-0.02996352618825823,-0.029494807321472694,-0.02259056071933973,-0.029488693096140425,-0.022590560719339094,-0.02948947055270713,-0.023736122192817205,-0.02949646472461768,-0.024799374666239098,-0.027098656936541593,-0.024799374666239132,-0.030700123310996662,-0.027689944557299295
2023-09-01,0.010472283108249747,0.0016619255685651419,0.013534287250142812,0.0012016535944057768,0.008573741926736208,0.014797459282568893,0.013815051613702448,0.016376769159382444,0.01394534895346218,0.016376769159383176,0.014083644499215278,0.014602954000703114,0.014228570247591114,0.010738221456493917,0.013289439276185182,0.010738221456493904,0.006588120523660257,0.013353928738009724
2023-09-04,-0.004327708309869342,-0.003249249255728245,-0.0010837679796601857,-0.003028424538185095,-0.0031316197924888688,-0.010316297609735767,-0.00997363099072678,-0.013469712702424341,-0.010131773092715872,-0.013469712702424997,-0.010297315965796378,-0.015419123900256864,-0.010468753696040767,-0.019661257429881167,-0.015868724849626533,-0.019661257429881097,-0.009150385541446105,-0.009886965122546205
2023-09-05,-0.01977476806031259,-0.017917354575452647,-0.02425638356859032,-0.01665792945992243,-0.015070266372746364,0.011993310912634558,-0.01059476901914603,-0.002218369000655927,-0.010294659675210042,-0.0022183690006502043,-0.009988013375670405,0.0023850193224474524,-0.00967672606626621,-0.0022680398868014837,-0.00899786366244654,-0.002268039886801997,-0.017518773347828486,0.01084027681878523
2023-09-06,4.540568155250312e-05,-0.0008506680121555816,-0.0012694220996633536,-0.0008220501115675963,0.0009487459281267057,-0.004497217914840455,-0.0008597087961816881,0.013362669990925573,-0.0009578981434471011,0.01336266999092718,-0.0010554924540567235,0.014007842516982678,-0.0011521233657729737,0.014884268247230457,-0.004318552819122878,0.014884268247230355,0.0008486060551253045,-0.005450933394804133
2023-09-07,0.04986138008020653,0.03518817909562208,0.042496023801763816,0.038629722039641184,0.04475036700682846,0.006919654122476951,0.04584488878271451,-0.009969188747177397,0.045813005325052225,-0.009969188747174887,0.04579911983453685,-0.000470135074800976,0.04580105561566154,0.015324354254319503,0.04355069790832413,0.015324354254319241,0.03733015436712094,0.009404452829559456
2023-09-08,0.01206673334066973,0.009936746692901606,0.010720595701391316,0.010072838774202968,0.012605742199067311,0.004284929312990206,0.013023347795374868,0.010336325158192518,0.012950953968763237,0.010336325158190985,0.012878236843189929,0.009230344321806146,0.012805568863897455,0.00795023426126633,0.009941364164296739,0.007950234261266408,0.009791377677307662,0.0032671217894103275
2023-09-11,-0.009113298350816965,-0.003917513707002669,-0.005498079932383432,-0.005098299596254762,-0.006768830756335923,-0.018111395784163705,-0.009420690863055092,-0.022463778010402224,-0.009528800486447915,-0.022463778010404223,-0.00964063167258407,-0.02307010701538466,-0.009755353883812132,-0.02273386231968883,-0.007487827358850859,-0.022733862319688703,-0.0037138958090226068,-0.017685948186894368
2023-09-12,0.006701772946243242,0.0032887909510340603,0.011206669775633813,0.0031268990515459644,0.004107797962415435,0.009268346052441473,0.0039572158276313,0.010178509325045661,0.003784164370975812,0.010178509325040911,0.0035986209555970462,0.0015895125324596356,0.003402861283914609,-0.010397354397363208,0.004235237950132685,-0.010397354397362812,0.004593018306941655,0.008281871594672889
2023-09-13,-0.006616977509359518,-0.015090408288986829,-0.013020323095385885,-0.01520485660312006,-0.00929888888345322,-0.005694222060560175,-0.006732632835002218,-0.007497952027628608,-0.006704409734853288,-0.007497952027629195,-0.006666506261106625,-0.0038617490774765432,-0.006620140145442763,0.0064757217725978505,-0.006397529233490461,0.006475721772597846,-0.008080499986001686,-0.0068447529051618595
2023-09-14,0.014718243927823777,0.012699812187782952,0.015907230962139068,0.011908819597023673,0.016118188875994643,-0.00019423446172003,0.0095179071119629,0.0066204322338374155,0.009246991642274284,0.006620432233836593,0.008962142962170221,0.005515478579998579,0.008666020488432777,0.0020971056109245325,0.0009241485252050896,0.0020971056109245793,0.005800831240886854,0.0009558821073811894
2023-09-15,-0.01733968910598843,-0.03083207448173303,-0.01812162548023935,-0.03152546273285073,-0.02235728252551518,-0.02581990499987643,-0.016695765411959697,-0.05611149148663147,-0.016681340217161063,-0.05611149148664136,-0.016655613753742846,-0.058732406444234754,-0.01661979565861627,-0.05506789982996307,-0.013802487396838856,-0.05506789982996249,-0.013545680174888454,-0.02977433689379837
2023-09-18,0.01460253931174224,0.022609145979435412,0.010632021794162151,0.02271235406033203,0.015157800021761684,0.027533671724764702,0.017120368682379747,0.04187349291884018,0.017387290879262562,0.04187349291884629,0.017656774057970705,0.04566781171657789,0.017927317298634046,0.048886325227977485,0.022324871072288692,0.048886325227977104,0.016799019714398036,0.029855611690916054
2023-09-19,0.001284053833863034,0.003383556185622874,0.0007751604730328015,0.0017562332375790262,0.0007264006859701866,-0.0032768973917840618,-0.0019940054684286354,0.03852863778423585,-0.002104842133562484,0.03852863778423991,-0.002217860799056915,0.038525717778413626,-0.0023322655159496637,0.035614300570647996,-0.0016506885191581232,0.03561430057064777,0.0047306961600318,-0.005282838990075664
2023-09-20,-0.000674848971447739,-0.0024627599018630566,-0.0022200324870762103,-0.0025928212301226782,-0.0019442370989039444,0.0025086605748863983,-0.000711424387103571,-0.015467305770506614,-0.0006864366320556532,-0.015467305770506867,-0.0006621670083892229,-0.013780544881154405,-0.0006386305273809992,-0.015008895553822826,-0.002398527104641097,-0.015008895553822885,0.00039486601077979645,0.0024360878951100906
2023-09-21,-0.0023038045179897292,0.0025053892429605113,-0.0016878736629748112,0.002448978267924,-0.0023026680856939605,-0.007223881745854436,-0.001874132608361501,0.010924646828101384,-0.0018039333044092313,0.010924646828105641,-0.0017288301704759255,0.012738419767589122,-0.0016497390233268803,0.015040689085036293,-0.0020983547470093083,0.015040689085036061,0.004442438895056855,-0.00623596704878782
2023-09-22,0.015891908019125087,0.002047525822451552,0.011819965841160754,0.002994245311474841,0.016048119155353462,-0.00031008099941365265,0.01251650691076341,-0.08119716647785002,0.012303253609885835,-0.08119716647786271,0.012086907481828155,-0.07983369528049403,0.011868729427328662,-0.07748248153011285,0.009449810051083727,-0.07748248153011228,-0.004771823411773323,-0.0019037236177438873
2023-09-25,0.008177993060010895,0.021043685680891197,0.006780096180969506,0.02018023186999129,0.010506367512590197,0.024191554619890962,0.01522251545547085,0.1087899478829242,0.01534781764886933,0.10878994788293651,0.015478328876628436,0.10940712415999762,0.015612972882854164,0.10896890387661917,0.013093116631544846,0.10896890387661852,0.028643461423690435,0.023862984640874177
2023-09-26,0.004840815807410694,0.013276632162084608,0.009147099908217491,0.01104860478448211,0.008403158851694724,0.03049544434181671,0.008670380733116864,0.02541411770844688,0.008792353801442086,0.025414117708439186,0.00891252304547733,0.02191030268501129,0.0037197103354950885,-0.004810638138216973,0.0035964479066289195,-0.004810638138966554,0.007649130197621964,0.02482015435148947
2023-09-27,0.031148763564788896,0.020661322502113035,0.022663853274349638,0.022124815989974997,0.02490206399845838,0.050083980517219094,0.025168705268763074,0.055992287104689724,0.025310019672735738,0.05599228710468189,0.025456057789820158,0.05161451131739034,0.02346492943811122,0.03477869112075027,0.02408554489219203,0.034778691120086865,0.02747977876636886,0.046019550115837055
2023-09-28,0.02288990529658583,0.03052264029096879,0.02778429242830702,0.030452436043736722,0.031248535168703018,0.04124255569005381,0.03155890114118168,0.02793603971713091,0.03171769474261804,0.027936039717130486,0.031878040982728104,0.024217777915240983,0.02461062521715359,0.009286666331971746,0.024647939822985864,0.009286666331289318,0.02785941059153556,0.03529121035559097
2023-09-29,-0.0034712205880992244,-0.005984453334867622,-0.009230014361451603,-0.006052535442224413,-0.006851826794776344,-0.013097665209062567,-0.007035726420125801,-0.02542346861912484,-0.0071288082053980045,-0.025423468619122074,-0.0072219275089451555,-0.022608941076347557,-0.004681391220853107,-0.020751159360138993,-0.004990361737700609,-0.020751159358724965,-0.0024454384312840305,-0.008158351537810552
2023-10-02,-0.011261667323375439,-0.006027298243356408,-0.0038022289628880284,-0.005224088482093686,-0.005012954375924176,-0.0020550098996858384,-0.005050226803540088,-7.386004881068195e-05,-0.00507120880853966,-7.386004881197902e-05,-0.00509395020930852,-0.000848005142260678,-0.002368814870820345,0.003490610850383871,-0.0020018466456247215,0.003490610849501231,-0.008811729351491882,-0.0066974214116802865
2023-10-03,-0.013897591569079146,-0.007778479205739215,-0.008688198591108302,-0.009940328356447738,-0.011701056217311146,-0.01162516937669838,-0.011634544014098577,0.009163589434314083,-0.011609219258547201,0.00916358943431677,-0.011588360215456152,0.010083676827380877,-0.012926709162009439,0.006685103587379918,-0.013237521474473744,0.006685103588034506,-0.005921586754118505,-0.004015175058952384
2023-10-04,-0.0002836784561253509,-0.0006953445467429513,-0.0031342034554027666,0.0019393347598205214,-0.00029586512203104865,0.010369449269179161,-0.0002571658321417576,-0.017475010095965107,-0.00023314042561101145,-0.017475010095969246,-0.00020662135394488787,-0.02212922800564939,8.218158372420934e-05,-0.020716240704850175,0.0007007572101429488,-0.020716240705079863,-0.0018660299323514957,0.001654364409382496
2023-10-05,-0.0024019559040803387,0.002956973478257629,0.0001743526226370964,0.002430604472820473,-0.0005921705473201022,0.0016086641441995038,-0.0005853659152052582,-0.012699968470075922,-0.000582468019986651,-0.012699968470075148,-0.0005800140703266152,-0.010018549897762626,0.0033800394598282177,-0.00814659021662029,0.0036715279102163597,-0.008146590216122308,0.0015338762413367982,0.001653689107954594
2023-10-06,0.003293920826188406,-0.0033492875195933964,-0.0017667680526890477,-0.003368325504230788,-0.002247870963548361,-0.007734107515463086,-0.0023884458729735523,-0.02932843322368941,-0.0024637954747588533,-0.029328433223687576,-0.0025413636812826866,-0.02892634625742411,-0.0032343833531636294,-0.02626985174121973,-0.0036534628379206197,-0.02626985173947155,-0.002692144086207542,-0.003411939479281851
2023-10-09,0.0072049459232414615,0.0025863294663608276,0.006281009523230985,0.0015937303019310984,0.0065956380667274795,0.0033952825109021174,0.006474863778012831,0.05069275927915001,0.00640784157704379,0.05069275927915042,0.006337406227063707,0.051781109037391644,0.0067640542931998345,0.05874625710291257,0.00644587386168099,0.05874625710260116,0.010528264829050416,0.011352341660486591
2023-10-10,0.0010874004852331888,-0.002521071456120526,0.0004014370649029966,-0.0027454682318586014,0.0036396676512170417,-0.016064498176780462,0.0036504065608825146,-0.02868836049320238,0.0036573560058183927,-0.02868836049319848,0.003665141826544067,-0.02842295044056537,-0.003232381226831698,-0.02673422625547932,-0.004126636458214877,-0.02673422625434165,-0.01067393351824201,-0.011295269088008528
2023-10-11,6.518405247723201e-05,-0.004292765898140821,0.00018790693208579554,-0.003237838679977864,-0.005250436873425135,-0.0010707467011997242,-0.005378982294896152,0.0016235269139568298,-0.005444754569393034,0.001623526913957198,-0.00551154725896163,0.00268047062641819,0.0032707487467877566,0.018766738081557804,0.004098821717405264,0.01876673808119769,0.004287295831314813,-0.0035365993145784116
2023-10-12,-0.0021787203677861447,0.00362275193253581,-0.0009191580847502095,0.0026127359743627937,0.0018774780667517859,-0.008184322370151622,0.00185853342239146,0.0030332767975269027,0.0018493355763972224,0.003033276797530608,0.0018401315168400224,0.004948248350255144,0.00043155916212677845,0.010701900544155627,8.752316155705001e-05,0.010701900544252175,0.003369453508919367,-0.004170868878690324
2023-10-13,0.0005130305351631683,-0.0025489855217343655,-0.0016747727448163732,-0.0024294272552923208,-0.002621796274667551,0.00019904675934811057,-0.0025948275985786004,-0.013180298419800575,-0.0025817170272590434,-0.013180298419798715,-0.0025687852225370943,-0.014053129925794496,-0.002887089777872276,-0.010717651325906092,-0.0028061775633372223,-0.010717651324738888,0.0005877038729339924,0.0026821138773947123
2023-10-17,0.007491744472815438,0.008585677007857553,0.014173534469560945,0.009321939772902348,0.010955076822824775,0.016897383667378765,0.010988044363175617,0.008306750812038521,0.010999401920546971,0.008306750812036101,0.011007637286574657,0.0060750913371284505,0.006809474214879556,0.0057247778885854165,0.006661374446513399,0.005724777888681361,0.0039556194907014565,0.015558947638274824
2023-10-18,0.011056884724585436,0.005247359161978982,0.008569466675285378,0.004934426532178631,0.008990047894943131,0.009870554524630811,0.008962260770827424,0.0032307998807272653,0.008945805367546772,0.0032307998807253034,0.008928245631779966,0.0026473135057001698,0.007290800782396441,0.0007244180437597537,0.007082484306337401,0.0007244180443422544,0.00463368096079974,0.011321947222039726
2023-10-19,-0.004878015692749505,-0.002811768592070386,-0.005698774421643655,-0.00435723202387111,-0.006086870098449971,-0.00914718963234325,-0.006056595030089503,0.0011268621853313214,-0.006039071766334614,0.0011268621853340217,-0.006020059269346515,0.0035641444718931903,-0.004101336801189291,-0.006652238418952118,-0.004207790680531979,-0.006652238419085004,-0.0014496050872217503,-0.007213200026035659
2023-10-20,-0.0009222676020669662,-0.0076603597651092,-0.0060171152323649415,-0.006993505870584097,-0.006718397853324842,-0.01029998539505873,-0.006753362930636914,-0.010183407158171114,-0.006766504304678325,-0.010183407158170739,-0.006777215579298498,-0.010311550923766632,-0.007954510727864905,-0.0005148851693208068,-0.007906954391808623,-0.0005148851699873857,-0.004158093837385949,-0.012881590787420183
2023-10-23,-0.0031449436991832875,-0.0018066221433755947,-0.0025356541744101548,-0.001010004608410739,-0.0003977143354680162,0.002941939449229036,-0.0003564477817447893,0.0015608846049389273,-0.0003331692069563773,0.0015608846049361828,-0.0003085855668086381,0.0008237492187452929,0.0006203362803339962,0.00033223963081066826,0.0009271820399912643,0.00033223963000394215,-0.004444169665207831,-0.0015853998097033876
2023-10-24,-0.002751400438690893,0.00015228042210849548,-0.0014605613656232196,-0.00045904059192056613,-0.002860382192137631,-0.00037442723105973595,-0.0028369915907807295,0.0019028394942891722,-0.0028265110718203343,0.0019028394942896159,-0.0028167671414731435,0.0019028394942896885,-0.0028290828674448635,0.0018812171574023751,-0.002764496838692324,0.0018812171572436735,0.0013603123851608965,-0.0006677048796047549
2023-10-25,-0.0034052906571021653,-0.007607528568844144,-0.006574366907509994,-0.006911924149320975,-0.0060716719759575,-0.0032208357769518206,-0.006055665143645548,-0.004093852414297137,-0.006047918618175999,-0.004093852414297645,-0.0060401330111327384,-0.006098204333348564,-0.006902285439185941,-0.007556958185352098,-0.006904044941982697,-0.0075569581846850285,-0.005295614460636299,-0.0012229953594086705
2023-10-26,-0.011431929057685397,-0.0013051332875347414,-0.01157891003807875,-0.0022346233466356896,-0.0035850831146235986,-0.010047105762669527,-0.0005558308770370456,-0.007429580581578719,-0.0005222900085999143,-0.007429580581575588,-0.00118605637997636,-0.007618122932985547,-0.0013559943313961964,-0.013997575276049938,-0.004762501299906727,-0.006902419878273622,-0.008482004775763675,-0.010376039133384713
2023-10-27,0.005641698404657756,0.0015355829671785627,0.00489294363861762,0.0018711384678972323,0.0001274072193617312,0.004116998667741022,-0.0011502176568910394,0.011025702713117671,-0.0011683680555625913,0.011025702713113586,-0.0018314773488423883,0.011025702713115232,-0.0018524997240384313,0.01145432769928015,0.001146060202168745,0.011529072334756883,0.006914065887398574,0.0004737444742580425
2023-10-30,-0.006464063776032164,-0.002050346797042856,-0.006262151261372423,-0.0014547080807998359,-0.00806493525930185,0.0011736043527779986,-0.004310114968215083,0.006836129773795102,-0.0042665466609849954,0.006836129773787506,-0.005184661631855863,0.006836129773790089,-0.005134525537865077,-0.00648769631528099,-0.0037511541658413732,-0.0036033650210854076,-0.0023961238522454873,-0.005270573093434438
2023-10-31,0.0013013987777152928,-0.001565906750595206,0.006986705168274488,-0.001191536051391219,0.005435727426399606,-0.013021040819133276,0.0020932936934093165,-0.038819415076819845,0.0020231792640755,-0.03881941507680605,0.0015743896344107516,-0.03881941507681168,0.0014899860343090465,-0.0291389749672629,0.0012137148059293635,-0.03214759355902906,-0.00869166687194546,-0.005795784982987107
2023-11-01,0.001800595592247936,0.0028119965412782976,0.001413241766181592,0.0036501008418018733,0.0017654702628904298,0.018783211739360553,0.0027860552287077623,0.04093234750237143,0.0028056567049434913,0.04093234750236114,0.0010179332018551129,0.04093234750236571,0.0010436768511829638,0.04248837378314327,0.0024640789011818208,0.03699875636550118,0.010841420025431517,0.011553939334030393
2023-11-02,0.0007417905521203631,-0.0049886845347246155,-0.004160807176039676,-0.00529351596205592,-0.00647726860197992,-0.01080998526258324,-0.0036598541307283675,-0.005590760766875398,-0.003740477942739346,-0.005590760766882721,-0.007342992099987697,-0.005590760766880181,-0.007425279289983369,-0.0014821196039106034,-0.006720258703417107,-0.0020448649950568594,-0.0032695933488630763,-0.007117472049780262
2023-11-03,-0.002905934264559996,-0.001954323667049622,-0.0018076955987763874,-0.0019769359185963847,-0.0027241044992470645,-0.010402781487143223,0.00011137322353178903,-0.008824603250626619,8.318486846595609e-05,-0.008824603250624605,-0.0002545468493180767,-0.008824603250625167,-0.0002852048134160019,-0.011535300937064605,-0.0029791849276692177,-0.011276756238143674,-0.0027047699762176827,-0.006754156792238571
2023-11-07,-0.006646700948040492,-0.0036387253891893333,-0.006174565460148956,-0.00496664151047293,-0.004438440410943108,-0.010208940013702482,-0.006825832916422208,-0.003480295860845942,-0.00681168888612181,-0.003480295860847921,-0.009348333236762816,-0.0034802958608472377,-0.009332794680681676,-0.009302393875288454,-0.004739899629318796,0.0072718212797193964,-0.00402074569116743,-0.018114635658268374
2023-11-08,0.013699506874718409,0.006794600597436639,0.013425842622448546,0.006914721345071623,0.014245333061390244,0.02729175532904117,0.011357341905666592,0.018228761715920208,0.011487465369116759,0.018228761715928517,0.013801336511240563,0.01822876171592547,0.013934655917250722,0.00022863105834139072,0.013337648903358727,0.002633992327048462,0.007597491251726415,0.02048367131372108
2023-11-09,0.00923522107464867,0.002578865836734807,0.008278671267057738,0.003018459175405725,0.0077860463150247585,0.017085493901867838,0.00812462462820321,0.010401422544161897,0.008214763549333275,0.01040142254416892,0.006943433440008886,0.010401422544166362,0.007035157105143074,0.002906535827097191,0.007361637380393426,0.0035804138543856236,0.006099111892985965,0.014124737183133135
2023-11-10,0.006077273842228302,0.005249944696656585,0.005266428867033976,0.005601689706431979,0.0074076361939201035,0.012743577926853702,0.005708268606023439,0.008901328949473325,0.005775169822378338,0.008901328949476942,0.005389954870958564,0.008901328949475554,0.005453932354994793,-0.0032039007501400985,0.005611700074785346,-0.004928045530072507,0.003211048137347516,0.010970132581903566
2023-11-14,0.0033673133627167436,0.005805880313822748,0.007023756550796784,0.005474552942721223,0.006196333183262173,-0.00760228222882021,0.004898963790126128,-0.004881942754367327,0.00483722097453371,-0.004881942754371899,0.005555802000754863,-0.00488194275437031,0.005493395967011908,0.002102870619903088,0.003876952909585713,0.0032268379978673614,0.00478844133857898,-0.003053445746979278
2023-11-15,-0.0009283272044366779,0.0006279670758234479,0.002454920722772573,0.0007363765773866669,0.0021328843163717203,-0.00035064843824426266,0.0018681559514214928,-0.00019340830601893432,0.0018213809882477174,-0.00019340830602125342,0.004377816676055206,-0.00019340830602033822,0.004332993595672697,0.002307128137797785,0.001582298218390524,-0.0015174663031676514,-0.002718114653995919,0.0009363995388485665
2023-11-16,0.0015090289321115719,0.000508569298263475,0.0044240473559233,0.0009913934992193925,0.005190423915208287,0.010595443864181892,0.004280714058103138,0.008562973100178861,0.004309656827981001,0.00856297310017931,0.0021876165975723426,0.008562973100178985,0.0022066482674018475,0.005222963924747725,0.0077474047730329496,0.007168864708821039,0.002073367788533206,0.006829840919349978
2023-11-17,0.010497379121564688,0.003110757328062386,0.009908677989886604,0.004396187957117097,0.0035948987043173315,-0.0023050176291858388,0.006564274470188531,-0.006457726638402691,0.00650955577537533,-0.006457726638398913,0.0026518273715333707,-0.006457726638400212,0.0025964519859267093,0.005369685324314919,-0.0004912186428243327,-0.0036555713624044873,0.008016687636450236,0.006023141962072513
2023-11-20,0.010927417701871075,-8.304216509670754e-05,0.01061145384620567,0.0002471255134174372,0.012609779205994013,0.02990488583989571,0.014140224931012225,0.01846661059445035,0.01431175811470773,0.018466610594462456,0.011080509578968025,0.018466610594458158,0.011248969663699678,0.003608536215807613,0.01395568735201609,0.00437400549294301,0.0006206963168090859,0.025269641275431055
2023-11-21,0.003871663928965228,0.0017120615104051623,0.005271392934043027,0.0019180801689442657,0.00769920187394837,0.0073603804778983335,0.008800190501909576,0.004036547645688435,0.00880025335538158,0.004036547645689571,0.00579169573554892,0.004036547645689172,0.005787275267882695,0.006166058077354419,0.006948609020628153,0.003848051180243927,0.0008759237215159463,0.009209940551573897
2023-11-22,0.00428855850842408,0.004652789031815363,0.0053690997578025,0.005082923168086281,0.00370441850204353,0.0027568919387147644,0.002086550110018384,0.0058259822172764455,0.0020541755980256083,0.005825982217270621,0.0025544413679931648,0.005825982217272596,0.0025208727381569552,-0.002359851231299994,0.0029573457065171747,-0.003399339859741078,0.001245662634909599,-0.00018445321567895257
2023-11-23,-0.003690709177489481,0.0062117003523093,-0.0034597498657548235,0.0053010582787534274,0.0015144903941305644,0.008002759964855529,0.003783919087852787,0.004782422131937033,0.00384465004474833,0.004782422131942186,0.004767207154098204,0.004782422131940351,0.004837382063547753,0.002691373176369331,0.0036998038387756342,0.008635883859827189,0.004215860911622219,0.003669642634816061
2023-11-24,0.009028116468458058,0.0023355905977653696,0.007293361073346992,0.0030189964667945474,0.00662531263556636,0.0071927113149307526,0.006986145321137831,0.0034436152679384333,0.006965698071299504,0.003443615267938538,0.004054655944950728,0.003443615267938399,0.004021420799632899,0.008578092024858772,0.006880116903691031,0.0017341835668854353,0.0036668334493530964,0.012563322570842016
2023-11-27,-0.006146392031717351,-0.00517336469692807,-0.0056410390699227165,-0.005509846680522608,-0.005134201748896386,-0.004065992415447985,-0.007225318530139606,-0.0030494665230533986,-0.00719087412208496,-0.003049466523050152,-0.00451573505625658,-0.003049466523051227,-0.0044777030911633525,-0.008921672280131753,-0.005614843121055879,-0.005497255338137022,-0.005633144250249089,-0.007834170259470656
2023-11-28,0.0044419099302493645,0.0017990468259125743,0.0035376436431614477,0.0031880963192008863,0.006073594508828966,0.012163188159890693,0.008923079882755576,0.01565255488728294,0.009027003405693273,0.015652554887282833,0.008908760142650083,0.017898741315976574,0.009016879773499865,0.017311864213449706,0.008179381687405446,0.010292446501242182,0.0031877733659972647,0.015465804007839076
2023-11-29,0.012021342856726952,0.01765466651821606,0.012082331378533116,0.01558016435880149,0.011865259026427103,0.018857047101214604,0.017443597630704178,0.009141355439631786,0.01742954712390838,0.009141355439632577,0.017419853512966505,0.01343055179153774,0.017413863373827478,0.013430551791537739,0.018957122351424396,0.02829936178350213,0.012968617268097029,0.011370170582193188
2023-11-30,0.006670304222007649,0.005263948890481889,0.004491029402717014,0.005484923225792256,0.004317526129298011,0.0084804031799538,0.0026516025793897357,0.003516533936525581,0.0026630351980340052,0.003516533936526182,0.002676218307285884,0.0019060610098337045,0.0026909156751977756,0.001906061009833704,0.005562391938200146,0.010239440089067253,0.0044942722876903304,0.004524546569308636
2023-12-01,0.002414006318484735,0.005104655414761153,0.0038503628191556847,0.0044624939495851714,0.003124566386064871,-0.005967604509860256,0.003800237297866208,-0.005067740561737423,0.0037535685246993227,-0.005067740561737832,0.0037055652145678505,-0.004314071356008442,0.003656431720057042,-0.0043140713560084415,0.002350603528318898,-0.007151957542525319,0.003979181119264535,-0.0008467387395655621
2023-12-04,-0.003720830665881358,-0.0056382262296081065,-0.002161436823610643,-0.006264459476029303,-0.004101834376898493,-0.007471460620984104,0.0015042219442479893,-0.005288672132299452,0.0014693921334011455,-0.005288672132299723,0.0014344623997844586,-0.0005364029593119086,0.0013994054201285386,-0.0005364029593119086,-0.003705496205665597,-0.003810585692340218,-0.005188636473544203,-0.005465307321934706
2023-12-05,0.0037813704798857145,0.0006399028885231749,0.0037703708571643893,0.0011258304040263033,0.003299063108904235,0.01849908837820153,-0.00011655952222010377,0.013608933728759603,-2.9485937741305064e-05,0.013608933728760535,5.997172976449929e-05,0.010388608833903924,0.00015148609297056716,0.010388608833903924,0.002344314641608931,0.01949200574073249,0.0022672002902896318,0.009981961081127758
2023-12-06,-0.00728100598470848,-0.014432838859551727,-0.012355923936368616,-0.013194984758490801,-0.012009039906586895,-0.015366827706224037,-0.016445897462108165,-0.009768296436592827,-0.01646129248105302,-0.009768296436592673,-0.016479166364672632,-0.013376038805568737,-0.016499122832080486,-0.013376038805568738,-0.015138246878823126,-0.01819530188941851,-0.011360435047690808,-0.015368260160526682
2023-12-07,0.011186367129143775,0.008999785105386304,0.013557234917503429,0.009252554667440339,0.007903216333173991,0.016984302598632393,0.00935070279615565,0.014400065310676937,0.00941062030967068,0.014400065310676927,0.009474398480821065,0.015472710873656582,0.009541687169954648,0.015472710873656583,0.01286204854122976,0.01873805343125847,0.009950241299324696,0.01677745593005531
2023-12-11,0.002172072145603485,0.007331026177010129,0.0038819790892816257,0.006887622897003616,0.01057499337726008,0.01677019464857561,0.012941542137108525,0.012522045674906937,0.012989617539668692,0.012522045674906912,0.01303885376489421,0.014387683592477862,0.013088856315177123,0.014387683592477862,0.00948731262076659,0.018021577563588298,0.004203347412068632,0.01321882169545684
2023-12-12,0.010677154405258023,0.012206821822139762,0.010631254939318041,0.011210781053081658,0.010468330969675763,0.026637760574222104,0.012332214566244249,0.018523424374737595,0.012368143179619437,0.01852342437473891,0.012407381274560918,0.019626959199654695,0.012449522765057836,0.01962695919965469,0.01568262565689251,0.03478653318847574,0.010069768706252565,0.013753388069156046
2023-12-13,0.011236756630696995,0.007600850135541882,0.012146403285015313,0.0061394749167001834,0.0079417436392763,0.012479966837609591,0.012404627942424733,0.009841290494476886,0.012405422758934706,0.009841290494476618,0.012408598768023426,0.013552886709102287,0.012414037160676445,0.013552886709102286,0.008912730984603792,0.015071869491089738,0.010391488915313168,0.013675552262878345
2023-12-14,0.014852733349332101,0.010588177193922214,0.018541675699491243,0.011223430621955984,0.01562380713870307,0.011270190456962814,0.01659506121015593,0.008566393776841128,0.016593635837071078,0.008566393776840733,0.01659247352553873,0.009494927679195964,0.016591598541054253,0.009494927679195965,0.014009971342279385,0.010250614262335056,0.009333344475302551,0.01678854060034487
2023-12-15,0.003738390934498504,0.016832856455425028,0.009948402193589818,0.016902204177296216,0.00986481825395993,0.021213633063852197,0.010122270208505032,0.017371076661337814,0.0102663741453714,0.017371076661338195,0.010413690529501616,0.017278947312336125,0.010563499464483952,0.017278947312336125,0.018837522390405072,0.022555355688484907,0.014212698643799364,0.01996346728857081
2023-12-18,0.005092054744523589,-0.0011010560931573998,0.0016011293790124865,0.0004476587961357364,0.0051160631448106345,0.008541878310764304,0.004411402671899824,0.0061422135905158624,0.004443104171827739,0.00614221359051639,0.00447554693137285,0.005397448383121151,0.004508466864222682,0.005397448383121153,-7.164178075155661e-05,0.01058257547828298,0.0032223749476425973,0.004278872214892962
2023-12-19,0.005064121588558759,0.008032949831772716,0.0042653035600910055,0.007379628289380536,0.0043290483737963665,0.0028800687545848516,0.004322701177340308,0.0011125687559705604,0.004280744704210517,0.0011125687559702905,0.004238762756184618,0.0011945207826362994,0.004196928556913164,0.0011945207826363,0.006088297024432415,0.0019226945340234233,0.006609128918434596,0.003213493478308008
2023-12-20,-0.011598874083325526,0.012681096473272811,-0.010846592861157854,0.010149332038705477,-0.003627037159989182,-0.025632594989435556,-0.0055579597754410025,0.014623670747683825,-0.005621723847582239,0.014623670747683313,-0.0056886745888503325,0.013402414203072387,-0.005758547114778731,0.01340241420307239,0.0004544722383680376,-0.028524753608582264,0.00982612035797355,-0.01657057900799122
2023-12-21,-0.0002748204876730472,-0.0023782936023488974,0.0003954490821054561,-0.002696919847268476,0.0004242656857676437,-0.0025979932419823086,0.0024819148346354,0.002743719982482695,0.002447339198129135,0.0027437199824823922,0.0024108471331655596,0.004626326140733017,0.0023727304454902597,0.004626326140733018,-0.0017641769356808333,-0.002946905441594247,-0.0029747053173832024,-0.0015825321406583485
2023-12-22,0.005534649737131777,0.007167731891731189,0.00686601121017743,0.007013805791279876,0.005830058557760901,0.014773477947882871,0.007980214859731598,0.013211423576716416,0.008049149914670619,0.013211423576716497,0.008121076183479927,0.014849496483497716,0.008195575484207424,0.014849496483497714,0.010895412662073613,0.017511052762113292,0.00770928342459028,0.012991104058284035
2023-12-26,0.02047641103265108,0.02086374054624163,0.01956622133254934,0.021437689010501214,0.021501842433050464,0.011622125979728015,0.01751341696011028,0.002653873648448574,0.017386450627856802,0.002653873648449219,0.017256577056592733,-0.0006322675303191628,0.017124320101739716,-0.0006322675303191609,0.01875099289924145,0.012181806296851672,0.016953422922472514,0.007571105225911279
2023-12-27,0.0002326721165114336,0.010812386817494768,0.012029935734795168,0.0113043395518729,0.009856190282861936,0.003883520417532589,0.008888980729174375,0.0031688154908345884,0.008927036740140512,0.003168815490835077,0.008964698302128437,0.0022892044870120865,0.009001781858431502,0.002289204487012087,0.011799359417675046,0.005903651253490087,0.007232291903165162,0.007122417163991639
2023-12-28,0.0028655391041956546,0.006183163250812883,0.0011010530010869956,0.004746216655322484,0.0012406907932336268,0.0010537433183750579,0.0011720611426892956,0.02262670748378429,0.0011406928973288536,0.022626707483784425,0.0011077470034044198,0.022560711352265107,0.001073417244023264,0.022560711352265107,0.00270048213233075,0.0008399659807830137,0.008533292214116965,-0.0011840117825478772
2024-01-02,0.02403522075585379,0.016447322376973987,0.024913321894887187,0.016321915159478374,0.013144959871093927,0.029590591968485097,0.014949885557355842,0.0169261161113578,0.014937501139890728,0.016926116111357664,0.014926099715868009,0.01671477948860551,0.01491579422567111,0.016714779488605325,0.014684086842468693,0.029763875745716015,0.022487947532286678,0.02029943037636469
2024-01-03,0.011755297612796634,0.00021286246445816753,0.009568929768051383,0.00029528708934904095,0.005814908214566674,-0.0031840164490580776,0.0010954152391966223,-0.0083544163617895,0.0009961679463211103,-0.008354416361789612,0.0008946518943661857,-0.008354416361789492,0.0007914681109568754,-0.008354416361789671,0.0004818014065990695,-0.0031840164491531648,0.0032078351159693314,0.0008707351020472791
2024-01-04,0.022022674032273683,0.02733365008948633,0.01641139020076997,0.025813870636607825,0.016777445365819335,0.019535040327280304,0.020963325582675094,0.01014243227469296,0.02090717884193885,0.010142432274692883,0.020854549314393206,0.010142432274692975,0.020804802958719296,0.010142432274692843,0.02067063727389952,0.019535040327181345,0.02416152674551389,0.0149237393276451
2024-01-05,0.01875728107812349,0.019766384304318572,0.01674822736152584,0.020559454053720717,0.01763792963067277,0.02279461068575379,0.017605231258855568,0.005742575161628004,0.017619311548536333,0.005742575161627971,0.017634539328503628,0.005742575161628013,0.0176505742804952,0.005742575161627957,0.017700355612230836,0.022794610685778566,0.017245726964019326,0.021310371072886275
2024-01-09,0.02136472823210879,0.005925684379024421,0.012357473991194416,0.0059670880198146245,0.00490847927120725,0.0026463878732494004,-0.0027863989029859467,-0.004236445473947494,-0.002807278919057936,-0.004236445473947631,-0.0028314903119521285,-0.004236445473947495,-0.0028585304923551156,-0.004236445473947701,-0.002950926577237916,0.002646387873188251,0.009340550374783676,-0.002980759080758132
2024-01-10,-0.0016741062568491295,0.003639606649501046,-0.002556895271015115,0.004478754182239028,0.005139033733989796,0.0140478071006597,0.0065069030651644585,0.013922479767199248,0.006619349752576428,0.01392247976719929,0.006730163492299594,0.013922479767199234,0.0068392390859681705,0.013922479767199313,0.007150293080585518,0.014047807100768042,0.004113203811518868,0.00869928174996178
2024-01-11,0.0005227169224386857,0.0009630014327763132,0.003789473328634864,0.002419720081229762,0.006726563080417755,0.013754241835644818,0.004151518724006823,0.0013916745101185575,0.0041991653137849905,0.001391674510118521,0.004243165653130693,0.0013916745101185558,0.004283779242274587,0.0013916745101185037,0.004386220175138104,0.01375424183568506,-0.0004919987878761836,0.011335668553423347
2024-01-12,0.008351332920069291,0.002743015141203928,0.006468615831602621,0.003782784357690282,0.004449192495148131,0.005432731893273672,0.0009563556135498972,0.006009105734268206,0.0009874326825561777,0.006009105734268231,0.0010187010591719123,0.006009105734268199,0.0010500737827377072,0.006009105734268245,0.0011425555919048291,0.005432731893331397,0.007176159990038172,0.006146812055754884
2024-01-15,0.004987955287377941,0.007320747086952406,0.010997048408226996,0.008040654930123885,0.010403346995593782,0.027425727726782943,0.011035311677894242,0.022951097821147175,0.011125478281072052,0.02295109782114719,0.011218483803734039,0.02295109782114716,0.011313960158999941,0.0229510978211472,0.011606624291191909,0.02742572772688553,0.007324749865563695,0.019086341266153408
2024-01-16,0.007818509758414622,0.0010697439235316897,0.01038629797942353,0.0011526931536350558,0.0012527476340200988,0.02462019014624427,-0.007076738159954008,0.07541784179706151,-0.00696336623551398,0.07541784179706157,-0.006851261818248761,0.07541784179706143,-0.006740571213182339,0.07541784179706161,-0.006423200968831793,0.024620190146436318,0.018682360117468374,0.010962035572614185
2024-01-17,-0.009735019514397284,0.0022988160891625046,0.0037990048432021816,0.002916000428003689,0.01181674091950042,0.018459778884895063,0.012684100382233564,0.02522724249521973,0.01281715248125097,0.02522724249521987,0.012953150454681765,0.02522724249521973,0.01309154256036052,0.025227242495219945,0.013509129937861363,0.018459778884966603,-0.0019353209650651757,0.015666129463606706
2024-01-18,-0.005637728897571649,-0.0016139348407300225,-0.004407363057405265,-0.0015608517394515328,-0.0016303436556217624,-0.00384365963977089,-0.0028646866675124333,-0.0036584177449836782,-0.0028536627915272898,-0.003658417744983728,-0.002840695751807892,-0.003658417744983697,-0.0028262122992412557,-0.0036584177449837524,-0.0027775925619676926,-0.003843659639701023,0.00040350146305107037,-0.004361911739492591
2024-01-19,-0.0012150884224145743,-0.007199327382897594,-0.006603302632417653,-0.007731575520600504,-0.012521441680153348,-0.023076778243206416,-0.013697921327768932,-0.018148129659902305,-0.01377971377480893,-0.018148129659902278,-0.013861227765848865,-0.018148129659902285,-0.01394216456085201,-0.018148129659902267,-0.01417567906354664,-0.02307677824330911,-0.005017585673722025,-0.018391079601752208
2024-01-23,0.007570768445497959,-0.00397981383077633,0.01112625220797948,-0.0018775359660968315,0.012752668470472607,0.02024850912267208,0.0055096307489907416,0.004558038069290038,0.00559383049253825,0.004558038069289963,0.0056767326925925175,0.004558038069290029,0.005758380463245946,0.004558038069289925,0.005992150746105761,0.02024850912274531,0.002045101038357854,0.014597412350737096
2024-01-29,0.0014650356376890048,0.009162581119435758,0.0019286816439754344,0.007595292019550431,-0.0006372733906724027,0.0054976436682871955,0.0064882283435319784,0.016961410040292536,0.006466661111314943,0.016961410040292654,0.006447470534990609,0.016961410040292554,0.006430441764794494,0.01696141004029271,0.006390995172387766,0.005497643668232088,0.007565879855854293,0.015496402835225158
2024-01-30,-0.004833187885653024,0.005726261787776926,-0.005557663832040183,0.004390821837370513,-0.004196078564544322,-0.0023342529521584677,-0.0027397478187333756,-0.00477879299006574,-0.0027456480368055125,-0.004778792990065821,-0.0027517449140347368,-0.004778792990065749,-0.002758099108197999,-0.004778792990065861,-0.0027785596517806996,-0.0023342529521551674,0.0031567592932918013,0.0004117792699316466
2024-01-31,0.0006266123073855791,-0.003810515425210011,-0.0001843723956952226,-0.004030695717416205,-0.004701170906759014,-0.00660204621868563,-0.005292315237123115,-0.010325518475184172,-0.00530041626489623,-0.010325518475184182,-0.005308991906322941,-0.010325518475184165,-0.0053175994873601255,-0.010325518475184186,-0.005340698341369089,-0.006602046218704438,-0.0036124051955374542,-0.01151523994844382
2024-02-01,-0.005629220364624663,-0.0007006883170209539,-0.00505141039598705,-0.0009547280160821024,0.0007615233507559157,-0.01581541611594682,0.0037105204794419195,-0.009503861480142673,0.003707790491767137,-0.009503861480142595,0.0037069969317855105,-0.00950386148014266,0.003707731886377425,-0.009503861480142555,0.003716031428362683,-0.015815416115983447,-0.005491759256879342,-0.004858449595361527
2024-02-02,0.0021932125757206434,-0.006144475958355976,0.0017617652444455105,-0.006815251987079372,-0.006039380867520889,0.010086464843203793,-0.0020933951645601048,0.003867435717336297,-0.002133784538365053,0.0038674357173362007,-0.0021729754917504227,0.00386743571733629,-0.0022108026732250326,0.003867435717336151,-0.0023137959927227057,0.010086464843202485,-0.004057017269512051,-0.0025612753327574037
2024-02-05,-0.0037972813168121585,-0.0027534369506430328,-0.0037961436338013457,-0.0022301597981924546,-0.0017527393511244248,-0.001273602039657901,-0.0016635514195987287,0.0006662426059885318,-0.0016088866116587596,0.0006662426059885261,-0.001554131179582979,0.0006662426059885093,-0.0014994331538024609,0.0006662426059885233,-0.0013394976731139342,-0.0012736020395453086,-0.0021228416938730687,5.605223535851459e-05
2024-02-06,0.001813597662471372,0.0015896744928484338,0.00230280251448015,0.0016545442618596412,0.0035641093999962807,-0.009316596727763282,0.0020774029143088095,-0.004385553033835553,0.002036111566486916,-0.004385553033835445,0.0019951559020781654,-0.004385553033835527,0.0019546792556588517,-0.004385553033835391,0.0018389143928881032,-0.009316596727856404,-0.000793732356728527,-0.0017581634375448186
2024-02-07,0.005071990302502043,0.0021882650742517927,0.004818276895388821,0.003496137992521583,0.004751076516113497,-0.0012496979427864356,-0.0001702029900750346,-0.001961369489942986,-0.00017562341740002662,-0.001961369489942982,-0.00018131024716250271,-0.001961369489942986,-0.00018728340370902384,-0.0019613694899429787,-0.0010037749530001957,-0.0037369013284435926,0.00486154729512411,0.001274647644394521
2024-02-08,-0.02008649745357328,-0.005519521138251866,-0.021963257711351047,-0.007560912372915027,-0.01613453384787145,-0.03590519409551965,-0.00943292120141006,-0.027287263569299995,-0.009457076886672935,-0.02728726356929998,-0.00948298488011964,-0.02728726356929999,-0.009510565002573664,-0.027287263569299995,-0.007757739707827804,-0.034639147016128934,-0.007883255772147935,-0.019498359946836113
2024-02-09,-0.00920563576307517,-0.00727445710899831,-0.005220240082227108,-0.0045898233987113875,-0.002182695911039598,0.019075994340945982,-0.005805846106131758,0.018217955571309057,-0.0056799719181461926,0.018217955571309036,-0.005552804521471253,0.018217955571309053,-0.005424747774281428,0.018217955571309057,-0.004574898105106333,0.017724853456890545,-0.007127927114885678,0.0034367064430804494
2024-02-12,0.000362729857901149,-0.005102131087412072,0.0014746579664932306,-0.004506080459447361,0.0001412853372926891,0.0026262406355450733,-0.002941860310254171,0.0035586410225598945,-0.0029594449929024346,0.0035586410225598906,-0.0029761232962701644,0.003558641022559894,-0.002991983206916611,0.0035586410225598945,-0.004778985193183804,0.0037151264061544426,-0.0031798245557598864,-0.0038122699823022743
2024-02-13,-0.008071977000634313,-0.005544987448594895,-0.010826736532668241,-0.004799395067061696,-0.011356223296169964,-0.018331946830181346,-0.009233757162987818,-0.008819307678572832,-0.009206292755966097,-0.00881930767857284,-0.00918007887246943,-0.008819307678572832,-0.00915494036102644,-0.008819307678572832,-0.00560691149952559,-0.020515756254613365,-0.006908956661195341,-0.010032696070472528
2024-02-14,-0.012310836213736442,-0.0013284848419420083,-0.0033216817656054024,-0.0018747266942278598,-0.007335258421757055,-0.0008688640971461644,0.001392916984377554,-0.00015627895437095876,0.001433633537720296,-0.00015627895437096245,0.0014765279656126892,-0.00015627895437095884,0.0015211439775837871,-0.0001562789543709586,0.0005855256206022624,-0.0017692003125872478,-0.002888736408785583,-0.0032020863110582025
2024-02-15,0.008131665287278062,0.0056450891157618956,0.008315441110195358,0.005810365716050089,0.0082420828635104,0.011359390596648136,0.004900202090661587,0.009149131819108659,0.004915604795034623,0.009149131819108655,0.0049317034179324,0.009149131819108657,0.00494851148589588,0.009149131819108659,0.006805775355070563,0.01146137712667005,0.00498889804143897,0.010208467588382423
2024-02-16,0.014061371904656002,0.005211437011198916,0.013954918037604748,0.004376991485939227,0.01272221224718397,0.009119005993009488,0.005043957501612574,0.002532257548215012,0.004952024445067508,0.0025322575482150237,0.004859000104951514,0.0025322575482150133,0.0047651710337955925,0.0025322575482150116,0.004208291694249663,0.013109128108835851,0.007864869771710921,0.003604013823442078
2024-02-19,-0.012694959056966241,-0.013960524129390126,-0.013468094162327847,-0.012473172177001559,-0.011316993837834296,-0.013298985258726236,-0.014015840153301606,-0.012825051874674412,-0.013996552574529461,-0.01282505187467441,-0.01398427658771463,-0.012825051874674408,-0.013978176057394825,-0.012825051874674412,-0.015060245581525205,-0.015009137006772493,-0.014044830923180245,-0.009748970501612017
2024-02-20,0.004756449162006711,0.008065031143479699,0.007296677401512014,0.006415709992077148,0.0032263139452253673,0.002365058794387033,0.0061365121967455975,0.00831376928520321,0.006116541599898703,0.008313769285203207,0.006104154509359508,0.008313769285203209,0.006098651768906045,0.008313769285203212,0.007051932844354778,0.0041194276568462885,0.011710299349070762,0.0026436127565179664
2024-02-21,0.021577551209547432,0.018085556743846334,0.025018251693451357,0.018255733148432724,0.024969370546154057,0.038315336637712645,0.017335018190013096,0.02451788636765633,0.01735075922542975,0.02451788636765633,0.01736790826424464,0.02451788636765633,0.0173862117521596,0.02451788636765633,0.015891075540750844,0.03750178474216618,0.02161541783695461,0.02412725623133657
2024-02-22,0.0026414684555011838,0.0030428002643703433,0.006507080964861308,0.002384157093682335,0.004251963117463538,0.011768095216987816,0.007151522511473043,0.010372740280673167,0.007124558726214688,0.01037274028067316,0.007099073138676188,0.010372740280673165,0.00707509978537407,0.010372740280673167,0.0042584260269750126,0.012687569000567686,3.147637666663561e-05,0.005604822597528872
2024-02-23,0.008355618184254376,0.009323194210740784,0.0061226262998721245,0.008575735863112745,0.005892305886947399,0.001146052013265888,0.01013797126431908,0.0041460924621505866,0.01011497613343924,0.004146092462150583,0.010092430949111643,0.004146092462150584,0.010070194509188498,0.004146092462150587,0.010222114128364195,0.0035593213921218812,0.00628284001612581,0.004261467874558974
2024-02-26,0.00013029015596999986,0.002239014742134088,0.00013633223846569779,0.002948665702466123,-0.0005270759723500506,-0.001843229135586246,0.003912595899356869,-0.032877523751918394,0.003919509413924679,-0.03287752375191838,0.0039253617234062295,-0.032877523751918394,0.003930157739723976,-0.032877523751918394,0.002325822224292228,-0.003202492877698168,-0.002747901944029401,0.001874132169291721
2024-02-27,-0.0019059977241685424,-0.0036546470812998336,-0.0018098782539435814,-0.0036900992098374565,-0.0027924830149247985,-0.004699857646855142,-0.0020049382277503884,-0.00678705388223262,-0.002025636610543073,-0.0067870538822326154,-0.0020489024730975048,-0.006787053882232618,-0.0020744302555072364,-0.00678705388223262,-0.0033830152095497075,-0.005154402857424675,-0.004555210495124412,-0.002798833882469861
2024-02-28,0.0030983956036923863,0.005668146680690873,0.0023679085514537257,0.003956758016896769,0.008663036542469168,0.002346104317216451,0.0054297840502532165,0.003465432234228617,0.005421502617532457,0.0034654322342286157,0.005411033457789984,0.0034654322342286157,0.0053986986607878085,0.0034654322342286166,0.006229008465703504,0.003807989438416264,0.00042286269039231057,0.0038123875915592517
2024-02-29,-0.007523020863968139,-0.009535190607759782,-0.006080385746823604,-0.009864536569241775,-0.006110728671512155,0.0003106068362505126,-0.010758810006509406,-0.00556073370346395,-0.01080486588527418,-0.005560733703463948,-0.010850621110320412,-0.005560733703463947,-0.010896041160860131,-0.00556073370346395,-0.012359817731137713,-2.8307046860960094e-05,-0.006299785598691073,-0.010618310738865839
2024-03-01,0.040414906080303986,0.015974256916297253,0.038828033791112694,0.019361831736888335,0.037666208335101,0.04058668609434464,0.014373633738343014,0.03329171160417233,0.014435278407002573,0.03329171160417232,0.014495207435895274,0.033291711604172325,0.014553889186468938,0.03329171160417233,0.01579530052320013,0.042881931739336195,0.020269960154678256,0.04035976656989264
2024-03-04,0.02921032048057068,0.007131367945871851,0.027506218449535384,0.008650165303278418,0.02675305305808165,0.03413737912183388,0.006072002740368251,0.02547283033382735,0.006067247928366749,0.025472830333827343,0.006056509732580298,0.02547283033382735,0.006040878376122282,0.02547283033382735,0.0022183695179727406,0.035044868234918515,0.012200821815915246,0.02420465583971081
2024-03-05,0.01917529163456793,0.009128033973387168,0.022108582834586017,0.009887204232662782,0.02008932930275859,0.039798375041344494,0.01119635447079332,0.03476132736951563,0.011229985821346853,0.03476132736951562,0.011263135421032803,0.03476132736951562,0.011296122873100658,0.03476132736951563,0.009904743776652949,0.04162042853144109,0.01128118008241654,0.021408992581341164
2024-03-06,-0.0016901411467281156,0.0019308757269461672,0.003732274149480478,0.0026253635784763145,0.005118316767270053,0.0070762477123510765,0.0036536356398099053,0.007503604178158298,0.003733764276005658,0.007503604178158292,0.0038153032604790263,0.007503604178158296,0.003897935096227601,0.007503604178158298,0.003918912713937066,0.006187813961880188,0.002920245983058801,0.007326748298966838
2024-03-07,0.0061655946369174024,-0.00017404401639499158,0.008816768061423454,0.00028975458838257,0.0029400028859943896,0.01462057620015825,0.0031975193740900287,0.009394378428056002,0.00320270297137136,0.009394378428056,0.003207787895581253,0.009394378428056007,0.001304910316086122,0.009394378428056011,0.0007588437054650666,0.015133239784223406,0.0036145983286817998,0.00569462851183141
2024-03-08,-0.00652516795132845,-0.006649331944666102,-0.0042079844154752286,-0.004975902495396019,-0.004660354793217571,-0.0017177864387065084,-0.0026872761787669975,0.0007604193007465115,-0.0026438459261275173,0.0007604193007464996,-0.002600632058534452,0.0007604193007465176,-0.00558223153604422,0.0007604193007465165,-0.0050767854706060996,-0.002792699335100547,-0.006098189499675678,-0.0018788322649277718
2024-03-11,6.521076853046475e-05,-0.0005386631730056866,-0.0013199241129090615,-0.0020685229581928386,-0.002959563702850579,-0.013230308040736995,-0.0026754243803641647,-0.011110994411941959,-0.002730661163509396,-0.011110994411941947,-0.0027843620162932275,-0.011110994411941966,-0.001363838035789721,-0.011110994411941966,-0.002937204713925056,-0.011422311696989302,-0.0012260095459757615,-0.007692603607620668
2024-03-12,-0.024355816401654316,-0.008945024525230898,-0.02567153487560882,-0.008342825662161405,-0.020350627146758504,-0.02802254299055528,-0.014970976354528936,-0.022233741514126205,-0.01494506900731809,-0.022233741514126243,-0.014916480729694735,-0.02223374151412623,-0.01238381680552773,-0.02223374151412623,-0.005904126170151249,-0.031500354608883625,-0.013167341365335811,-0.01658585660887797
2024-03-13,0.009114253968711114,-0.002874822229649902,0.013246069617256375,0.0004573032515268077,0.009179600461476724,0.027938383961716235,0.010780572738145118,0.024649366970305328,0.010845941501917922,0.024649366970305335,0.010909701742134506,0.024649366970305356,0.008181623551806674,0.024649366970305356,0.008581024349588923,0.029118635164265824,0.0013643705521140675,0.0116923427842222
2024-03-14,-0.0036308610824560866,-0.0056946178912304106,-0.003277917266809715,-0.006012433229802194,-0.007797204408166796,-0.012752164266812874,-0.007893124172558883,-0.008457717534632196,-0.007911220038683414,-0.008457717534632175,-0.007926824847653943,-0.008457717534632193,-0.007177993460926194,-0.008457717534632193,-0.005535030850821628,-0.011401403016695216,-0.005534017356935304,-0.015240943215053388
2024-03-15,0.0022880239248595363,-0.012320439511537181,0.008132013202818342,-0.007478598202570471,0.0023971596310898152,0.03362950793064108,0.001109768016822766,0.03090253805249895,0.001235466830056967,0.03090253805249898,0.0013610432131496326,0.030902538052499005,-0.0011442953872974702,0.030902538052499005,0.005442582534529242,0.033918667466881144,-0.007990281575918893,-0.005410957867469028
2024-03-18,0.026892629368044867,0.01957782948880565,0.02084746542658438,0.016994577977405396,0.025626112796591983,0.010486917906638608,0.022956384133943332,0.002086327925280985,0.022856517997179995,0.0020863279252809684,0.022754589013758535,0.0020863279252809385,0.022773035752171045,0.0020863279252809432,0.010201190854821083,0.013174522868053073,0.02121803924982483,0.03149659135184622
2024-03-19,0.0015381655362569132,0.00272924710561137,0.003925160866214888,0.0045963180696152435,0.0064706184644671375,0.014421368889283897,0.005083790869325307,0.009110763791144574,0.005120542442290314,0.00911076379114456,0.005157189243792204,0.009110763791144571,0.002311370157881578,0.009110763791144573,0.00438023318300668,0.011270917903058793,0.0026947508543186203,0.01199761894919012
2024-03-20,-0.011524649991444577,-0.0040341996529347016,-0.00472146302200215,-0.003436020603312815,-0.006792611315073558,0.005647422638917896,-0.003461019043687833,0.008410963137292735,-0.003400969245496851,0.00841096313729273,-0.0033385723215359183,0.008410963137292749,-0.00027044090214106264,0.008410963137292747,0.0018225679526544507,0.00567498748936814,-0.005476689695402351,-0.0014306162561413148
2024-03-21,0.009300185906915472,0.0065171014582510985,0.0072237369284818605,0.004417698704785397,0.005387169448813143,-0.0036309222994783817,0.004536466277570424,0.0004885323952434536,0.004471111622050642,0.0004885323952434769,0.004405702545000419,0.000488532395243448,0.010003983304798562,0.0004885323952434452,0.005731090994577479,0.0007319809225095935,0.007002927372431768,0.0025032183116791835
2024-03-22,0.006660118921111766,-0.001172583990935673,0.006819873704037657,0.00035777505485029646,0.008270713523905857,0.00676508903292807,0.00011064558380410004,0.006422994314559969,0.00012206638868297176,0.006422994314559965,0.00012769985167073675,0.006422994314559973,0.002471419179205789,0.0064229943145599705,0.0022877217493726346,0.003889224475158958,0.0018267091381564062,0.011619411387176141
2024-03-26,0.0024992261544834406,0.01603362306964389,0.008556528650266047,0.01593993193173315,0.0061013652862805245,0.01590047913926939,0.018654800507110523,0.016232416761433915,0.018689665193227616,0.016232416761433915,0.01873285137635713,0.016232416761433922,0.017667722402247565,0.016232416761433922,0.018731048576253063,0.018009934696912474,0.007931555681198495,0.008695660257933753
2024-03-27,0.006252969507630522,0.009783702425046331,0.008369016349983643,0.010155090889562169,0.006073757234443906,0.00924772563609999,0.008350302703817753,0.008117204035142501,0.008361723483163193,0.00811720403514249,0.00837265109789789,0.008117204035142489,0.006905858382729349,0.00811720403514249,0.01134130528205056,0.011153566301505526,0.0075042318665891365,0.011699611320248451
2024-04-01,0.013327646283126129,0.01552493171722489,0.007077427618847001,0.015543060213239621,0.012309635072978397,0.0021178380020381265,0.009978034507047269,0.0009932241025915171,0.009949285733014356,0.000993224102591528,0.00991927082709317,0.0009932241025915067,0.011423480175513007,0.000993224102591507,0.016559494199481238,0.0017144146694054764,0.010433039681868175,0.0066127993188563935
2024-04-02,0.013318833158626843,0.014682830219649648,0.016187682664100565,0.01494618298945478,0.01511630056831878,0.013617467350779401,0.010277531100392869,0.005359671909791851,0.010245892758416215,0.005359671909791836,0.010211961288317332,0.00535967190979183,0.008785195906882792,0.005359671909791833,0.010129268454577813,0.010684487864650729,0.014754257993059596,0.01756668420483492
2024-04-03,0.0025765676962960214,0.010385945321035935,0.00296072794288719,0.010215206675280248,0.004435851392990291,0.0030810984690191005,0.00820438433768927,0.002211836913413454,0.008191827343485598,0.002211836913413454,0.008182499069958543,0.0022118369134134465,0.00972432835995981,0.0022118369134134456,0.011273934599234562,0.0026213532204350408,0.00700735391156742,0.0053224726064431405
2024-04-04,0.015752985345579004,0.012179192111780123,0.010089533403654798,0.011969108426282075,0.013504295137596975,0.007683205019500606,0.007096447281493397,0.000992165238100483,0.007073409476947606,0.0009921652381004572,0.007045746813358072,0.0009921652381004503,0.008986437642657098,0.0009921652381004536,0.009612118766134494,0.005628876285156083,0.01589669545369253,0.01639564780619485
2024-04-05,-0.014745539563290187,-0.011014529439616361,-0.016104198606604773,-0.01087305771012296,-0.013454451781809939,-0.00029522279938069097,-0.013877280991529625,0.0011936223384998194,-0.01386334510658819,0.0011936223384998207,-0.013847850921367713,0.0011936223384998229,-0.015711266079973515,0.0011936223384998211,-0.017004012858383225,-0.00032348575169619746,-0.00892315028063125,0.001687963621203744
2024-04-08,0.013857482508842152,0.004624985674681691,0.00691382608294766,0.004343559523326517,0.00471813963502418,0.007771303022834081,0.005422982402673067,0.0040967892673923504,0.005408839946074736,0.004096789267392344,0.005393162358593331,0.004096789267392341,0.0037943837589439647,0.004096789267392344,0.0033937259418584994,0.009405871330430362,0.008588283463572302,0.005295481911591748
2024-04-09,0.012798611250046985,0.010518832602559418,0.007426895429406091,0.009492730891357748,0.007985072603575897,-1.4019249821764635e-05,0.0067144911350493705,-0.003607669454889731,0.006670790069994284,-0.003607669454889739,0.0066304737379169485,-0.0036076694548897613,0.006678673647397971,-0.0036076694548897613,0.0024716060937680353,-0.0007652041070048095,0.014145078160188673,0.006143853129138587
2024-04-10,0.0021388751241480206,-0.0065961872583164575,-0.0046515083954749,-0.0064319090650757456,-0.005215229593943674,-0.000804905195646488,-0.009691794818531276,0.010667816222500718,-0.00970995003280572,0.010667816222500702,-0.012848322937876895,0.010667816222500697,-0.012604751748482215,0.01066781622250069,-0.012662240015460062,-0.00350271101407663,0.001458101642379618,-0.0010883797605102004
2024-04-11,0.007719736670724632,0.016138793427251094,0.0077671725849448,0.0167392386668601,0.016712077798840434,0.015872968739496868,0.014451520994713744,0.012131551472896188,0.014497167208439191,0.012131551472896164,0.014257845347588859,0.012131551472896174,0.014296196739301614,0.01213155147289618,0.015187032080446089,0.013948557987594555,0.010741927277414895,0.015455786354234833
2024-04-12,-0.004028200598185171,-0.003436968998563552,0.0010724508341263543,-0.0031384539408413543,0.0040898809397940245,0.008175398017960335,0.0007827328141139511,0.003589173479175872,0.0008035719218490232,0.0035891734791759725,-0.0032835272416102215,0.0035891734791759487,-0.0032667896867786205,0.003589173479175969,-0.0058642777533977715,0.008265322712811194,-0.004855454438393834,-0.0029011856573448883
2024-04-15,-0.007516735160886823,-0.004238027902334986,-0.0060281624383899095,-0.003346573999815755,-0.0032802066899053073,-0.009430124681826982,-0.00666299986481488,-0.007310501621322437,-0.006661520562367476,-0.007310501621322498,-0.004279628608623757,-0.0073105016213224775,-0.004285147684728446,-0.00731050162132249,-0.0036223070900705877,-0.012101714946192811,-0.005542156258023863,-0.004739938983518091
2024-04-16,-0.016478929697218907,-0.01227823091554922,-0.02210631432772732,-0.012383822404986802,-0.01845541430806696,-0.014907564854700342,-0.01756912976471957,-0.01025435757417261,-0.017577193313781873,-0.01025435757417265,-0.01505020661573793,-0.010254357574172653,-0.015046344748916179,-0.010254357574172658,-0.012218402174769013,-0.014267711170434814,-0.010681305669609157,-0.0159336752739527
2024-04-17,-0.018255472741481857,-0.014545143826051982,-0.02159737509352,-0.015281919875704039,-0.019803910157020314,-0.01616252543511019,-0.020159561464928036,-0.015741146240722138,-0.02017859733960655,-0.015741146240722034,-0.020980775981740654,-0.015741146240722058,-0.020984865592629097,-0.015741146240722058,-0.017493842599588562,-0.016046207167562963,-0.014727629013213176,-0.01933527368905694
2024-04-18,-0.0300083807475757,-0.0161928617816962,-0.03330513839716748,-0.01772055879365216,-0.030038482060553595,-0.03962715117463179,-0.026436509220385554,-0.026777925354601443,-0.026483343007449,-0.026777925354601474,-0.022563867704252578,-0.026777925354601457,-0.02261183031087022,-0.026777925354601485,-0.01926342427633826,-0.03507688821267596,-0.021812473102876342,-0.026093736268208594
2024-04-19,0.010911112570003812,0.021465500410423395,0.0117788384032302,0.022217482789490386,0.01943622639142428,0.019007733524266202,0.019862315227100892,0.02318914451301942,0.01997935242119165,0.023189144513019167,0.02347248179056665,0.023189144513019216,0.023569263792520036,0.023189144513019216,0.020021060765187663,0.01835849048091388,0.01872811347104785,0.021215224893204918
2024-04-22,0.01509732652379885,0.0072867696083596745,0.013106015395191559,0.008646657541824058,0.015467126714828005,0.018773506073616903,0.012436804474753444,0.012211343729156762,0.012423560466599228,0.012211343729156797,0.011307218012764159,0.012211343729156781,0.011293100964874911,0.01221134372915679,0.008973253222165432,0.01771849414426976,0.006826072563045385,0.01166804522099136
2024-04-23,0.0035438944333270163,0.005374891282110565,0.003270120563791687,0.006788002238586669,0.00681159904813467,0.003548419437137966,-0.00022958297705295751,-0.002752541674210268,-0.0002118779797856559,-0.002752541674210215,-0.00018517884712089755,-0.0027525416742102044,-0.0001677617922964743,-0.0027525416742102122,0.0001439468420017299,-0.0019592924845805,0.006026057018057732,0.011327708321206803
2024-04-24,-0.0012174772116174699,-0.0009507782071562134,-0.002480967826714359,-0.001323533686832863,-0.0014111338747447113,-0.0010642405337637354,-0.00175194836635815,-0.003236931007855289,-0.0017947234245814286,-0.0032369310078551846,-0.002083032207135395,-0.003236931007855212,-0.002121249540589172,-0.0032369310078552128,-0.00234750167315199,0.000702841674030365,-0.0019365956812507018,-0.005658889778091825
2024-04-25,0.0093834097883361,0.00793871534157239,0.008739483114711673,0.009036258667660505,0.01314228738882324,0.005391312729072571,0.009758432771720778,0.005215308969874014,0.009718509468989868,0.005215308969873949,0.01067967596449821,0.005215308969873981,0.01062365610029017,0.0052153089698739625,0.008585174635185077,0.00556362933805995,0.005692809773649936,0.013711561714270305
2024-04-26,0.013350450097064752,0.0054433327154527695,0.012943490248821575,0.005354306012131695,0.007885746720744909,0.011567760074089476,0.006356366650097441,0.0015616463307663658,0.006329712019914704,0.001561646330766516,0.00246763801758616,0.0015616463307664863,0.0024575700870212505,0.0015616463307665015,0.002952993875615804,0.008226174420945155,0.009636703808933715,0.00928178340452049
2024-04-29,0.008354962900402652,0.0039953532100351005,0.007988277381446965,0.004298217722298665,0.0026492643451713864,-0.0060091026470975705,0.0019411416849524576,-0.009373866657823048,0.0019188828717640223,-0.009373866657822952,0.0018259262411213307,-0.009373866657822956,0.0018087324744794453,-0.009373866657822976,0.0062330665295532595,-0.009203345279013963,0.006482959267758221,0.0050405285961823846
2024-04-30,-0.01942732066767358,-0.010385372348912715,-0.01888069341431894,-0.010489099910453707,-0.012273501104480918,-0.012010559968776936,-0.01114805566693837,-0.005841896217322706,-0.011101846376498819,-0.005841896217322801,-0.01001676897656625,-0.005841896217322784,-0.009971458121892056,-0.005841896217322783,-0.009115585838901446,-0.01193370417474441,-0.011914290512850175,-0.012480612500949258
2024-05-02,0.01919711237835078,0.00977573866988045,0.02045348250268348,0.010055439509007908,0.015628983881157354,0.004629865175891224,0.01358277342158773,-0.0025369280353907163,0.013518582759854455,-0.0025369280353905927,0.00968775737027967,-0.002536928035390597,0.009623835574460376,-0.002536928035390609,0.013129239638060316,0.0022487244885744185,0.011126227536492561,0.01509072424874212
2024-05-03,-0.10371487532238274,-0.0596255618314474,-0.04970216983815863,-0.07518586569815039,-0.07930390901478535,-0.11517607883643913,-0.057481919685274205,-0.09155988428666444,-0.05750418730701365,-0.09155988428666446,-0.053443209182859455,-0.09155988428666446,-0.05348325939516852,-0.09155988428666445,-0.04366803415915244,-0.10497028007796354,-0.05866445563692206,-0.11524165489868037
2024-05-06,0.09401385316529955,0.07020928180990815,0.06249271080306968,0.08301229924543092,0.0837174150447122,0.0723547908168554,0.06061008939472032,0.048926021026397815,0.06043279073010958,0.04892602102639808,0.05755263812484408,0.048926021026398106,0.05738349245980312,0.04892602102639801,0.04922937573112536,0.05972831945462084,0.07002553226977734,0.09726831914303902
2024-05-07,0.016907454623925615,0.00892613709458182,-0.004259581916440286,0.012547326847775929,0.0159256838876408,0.04976631095015627,0.015807692783229733,0.048306326425952645,0.016060672847490028,0.048306326425952374,0.016712918511424427,0.048306326425952374,0.016970640696421256,0.04830632642595242,0.01497458391161225,0.04934076980263274,0.006954591760401164,0.03348003652022754
2024-05-08,0.000979246586128261,0.0037694269007277842,0.0007614393857371966,0.004113970174790699,0.0031895153943842436,0.011211483994711688,0.004007342281907759,0.010949104010080167,0.004038962044359631,0.010949104010080118,0.004191633552404277,0.010949104010080117,0.0042210526922708365,0.01094910401008013,0.0005577568270966956,0.011511619162305841,0.0023154175819724626,0.0011515602692537233
2024-05-09,0.00494114315570388,0.007821560105725366,0.004902229949239331,0.008273110054236706,0.009143632809991304,0.010578646092626359,0.009868142930790956,0.009635173012444764,0.009874676957774246,0.009635173012444754,0.008779477734008325,0.009635173012444757,0.008779902933873547,0.009635173012444763,0.006710591427132838,0.011839659451249407,0.004204126828138884,0.006345926499657823
2024-05-10,0.005412300262545452,0.002949671209251156,0.004233265310272438,0.003003204982486433,-0.000967355688141399,0.008134898789108638,-2.4413154976912744e-05,0.007907061933825626,-3.9750645800019435e-05,0.01568870025004232,-4.7955391731667094e-05,0.01568870025004166,-6.530248122202072e-05,0.015688700250041637,1.7760725664527402e-05,0.014999036611322307,0.004028448993056677,4.149060315903274e-05
2024-05-14,0.008500539941458468,0.008901988976880914,0.011234457088373794,0.009194568846368432,0.00594611253155168,0.011559413478822259,0.0056622377986637355,0.011559413478822254,0.005601099762797481,0.02854888765195433,0.005541334160294115,0.02854888765195304,0.0054827873566480395,0.028548887651953014,0.004743093339483945,0.029022087274621747,0.01050862069151157,0.007843508803922422
2024-05-15,0.006008844446886382,-0.0063379328102586285,0.001863024101433752,-0.008455046321555363,-0.000673222505877399,0.010469148293425748,0.0012066713263841956,0.010469148293425717,0.0011543379600577146,0.008098869461271894,0.001102606451761168,0.008098869461271174,0.001051395651440561,0.008098869461271148,-0.006857674575933006,0.00856177038906253,-0.001114338993889932,-0.0007091472161123158
2024-05-16,0.009133783477956767,0.018438474887851303,0.008078622616321404,0.017699782208090247,0.01861418444487138,0.0013757838783178265,0.020069743353754672,0.0013757838783178512,0.020069728736343138,-0.009411431131574876,0.020067805242933095,-0.009411431131573092,0.020063983806094372,-0.009411431131573047,0.02433391473519781,-0.012132527680518958,0.010413043136119272,0.01370539081244123
2024-05-17,0.008292460987384299,0.019822712512362638,0.007559147358328904,0.020415026979733974,0.012986841569924737,0.007224908637042172,0.014303477897405725,0.007224908637042167,0.01423625800843949,0.0007961048694277671,0.014167709272028704,0.00079610486942774,0.014097719582131947,0.0007961048694277345,0.020223121841422807,0.0007961048694277274,0.00976184819742101,0.01046272020512124
2024-05-20,0.005774282562000799,-0.006231208251284663,0.002988728973729396,-0.009265647255582715,-0.002530346924283484,-0.000707859967211977,0.0009428687230767085,-0.0007078599672119734,0.0009082348569008792,0.002435017210189301,0.0008770209948605139,0.0024350172101894195,0.000848943289304878,0.0024350172101894265,-0.008462105128681466,0.001938338365575065,-0.0017944986955801085,-0.0030043711819242994
2024-05-21,-3.665442387022419e-05,-0.0009149068392815943,0.0008422855294185298,-0.0008945986596303546,0.0016919958620728213,-0.003099244793554523,0.0019719166274234996,-0.003099244793554487,0.0019741821764807737,-0.0016486424564693056,0.0019774136694654465,-0.0016486424564679694,0.0019817820982627864,-0.0016486424564679234,0.0006178135801283052,-0.005137442027550398,-0.0010370816346580494,0.002671394935937434
2024-05-22,-0.014838987056637082,-0.012733297429577002,-0.01486179419689427,-0.011675208131660291,-0.016015803676889713,-0.00587101450014448,-0.018317232498487258,-0.005871014500144485,-0.018208099605590625,-0.004963167448817519,-0.018099852209098943,-0.00496316744881749,-0.017992473897477844,-0.004963167448817493,-0.014484242225292236,-0.0053418443837175405,-0.010081003807818512,-0.007526365768529679
2024-05-24,-0.0025648585561356147,0.007333079190308574,0.0005590122529610507,0.007822585269154733,0.00855082451615599,-0.009720066726074263,0.0041542819278283525,-0.009720066726074261,0.00410260998273894,-0.03396783626458604,0.004048849718132205,-0.03396783626458522,0.003993225163646498,-0.0339678362645852,0.006071865258308027,-0.029532568731269353,-0.00242445506668267,-0.002111002007845719
2024-05-27,0.007034593262506024,0.0050702415928954555,0.005433082204770217,0.004700560967602543,0.006959461719933731,-0.0034604705971156505,0.004782601908071138,-0.003460470597115637,0.004786705507681918,-0.006847149643434055,0.004791549047751201,-0.006847149643433323,0.004796980458856816,-0.006847149643433305,0.007184952257567922,-0.004975777011109768,0.0033638087598413923,0.00262864850068183
2024-05-28,-0.006119715559895297,0.017876005268071336,-0.00013463245197877584,0.02245562720892825,-0.0025933021934940194,-0.009419101712252232,0.0010643965542584395,-0.00941910171225223,0.0010103794869049513,-0.018839417440991085,0.0009547276689827437,-0.018839417440990987,0.0008976832184509069,-0.018839417440990984,0.01657294099571974,-0.02119659883570585,0.0047997423229325965,0.0027537077003541538
2024-05-29,-0.010394805093659972,0.0027724904194634456,-0.008798668947971601,0.007071101668825081,-0.006745199475144844,-0.008215488589855303,-0.007676350218861408,-0.008215488589855305,-0.007650296177819335,-0.01674529181093176,-0.007624657217881973,-0.016745291810930957,-0.007599421905091764,-0.01674529181093093,0.005449687098716717,-0.017291136515040384,-0.0076236050277236084,-0.0009258558812312023
2024-05-30,0.007657222597394688,0.010594734395917772,0.005772964202047822,0.013414302592033162,0.005855494895502732,0.011567871319274638,0.0022530888388035287,0.011567871319274625,0.0022576451908744607,0.01692571911171014,0.0022617815911840852,0.016925719111709328,0.0022655962243631035,0.0169257191117093,0.01119143525806282,0.020328570892685843,0.013430967790653177,0.00600257531208993
2024-05-31,-0.010180797513154849,0.00822121844879635,-0.009599776981217164,0.01748154848153551,-0.008073145646630524,-0.013943627327422927,-0.009982360136929675,-0.013943627327422945,-0.010005323160869814,-0.035607238873184045,-0.01002667970432629,-0.03560723887318411,-0.01004667573179309,-0.03560723887318411,0.017664089863657965,-0.03037851135514688,-0.0049832801157513795,-0.005056019952909442
2024-06-04,0.008086557506956268,0.0037449132183663804,0.008115675200314837,0.0018834032404875093,0.006131061960663635,0.013664150740044902,0.007444169132700242,0.013664150740044888,0.007414364148804139,0.03471459921329581,0.007383819837460233,0.03471459921329473,0.007352670732626006,0.0347145992132947,-0.0001712119674621882,0.03278245172936743,0.007367028321611876,0.005779609268192083
2024-06-05,0.0036835617106573248,-0.006566930428402841,-6.147749323337233e-05,-0.009751056622029098,0.0017831970642815062,-0.004598586202458799,0.0026735039991166104,-0.0045985862024587746,0.0026684758398344086,0.0032136530614534017,0.0026661080591671585,0.0032136530614540765,0.002666129023170168,0.003213653061454094,-0.004718693758090519,0.002571355671102389,-0.0005047402653554083,-0.0020963247311629254
2024-06-06,-0.00028075728937706595,0.0029943202080574,0.0007845605995694413,0.002935817600031631,0.0006584106973183897,0.004755260655399841,0.0014006312375116896,0.0047552606553998384,0.001390892452481772,0.01602390300056125,0.0013805502152011903,0.01602390300056048,0.0013696786674733021,0.016023903000560464,0.0004249543600635072,0.015294725039578598,0.002640293106969831,0.0007185632109421894
2024-06-07,0.006028148879424492,0.007742213398694289,0.0043759736276066,0.011419231893206438,-0.0008480125460690643,0.007342807509610451,0.002821064931716925,0.007342807509610444,0.0028357674888618584,0.0010217970254863202,0.002851891178945339,0.0010217970254868312,0.002869418134455651,0.0010217970254868464,0.013391310933173185,-0.0021385572127401494,0.00519731293145108,0.006248253285882714
2024-06-11,-0.015947344627762212,-0.003475594058667278,-0.009629214864905679,1.7205468441287017e-05,-0.008299276844526079,-0.0034381695240539027,-0.010657325808511501,-0.0034381695240539014,-0.01062921641712197,0.0014915582348324053,-0.010603997432494097,0.001491558234831695,-0.01058135768611338,0.0014915582348316802,-0.0037993945872307313,0.0002399281270360899,-0.004852034597190765,-0.0020543117397787435
2024-06-12,-0.011131722435336666,-0.0029491013861513756,-0.009461409529954973,-0.002733353504442858,-0.007098406797816652,-0.008841009482867436,-0.0058706810821581796,-0.008841009482867437,-0.005853264424108445,-0.008162509412676629,-0.005835874552869322,-0.008162509412676629,-0.005818622485052752,-0.008162509412676627,-0.004407288083713863,-0.008426685278302603,-0.0064398829843433855,-0.006515940725727565
2024-06-13,0.0016487065088219123,-0.006372680354642507,0.0014323675139792551,-0.009236865336765038,0.00023287687267097823,-0.00034895326803463533,0.003353106719591513,-0.0003489532680346472,0.003321165993523004,-0.003031872632161623,0.0032893720819599224,-0.0030318726321617306,0.003257742256825416,-0.003031872632161734,-0.006889763769340497,-0.004193514155282371,-0.0039875056724124,-0.0036762547332761107
2024-06-14,-0.0066516607420597645,-0.006049825728582169,-0.003998325793684257,-0.004755665455834227,-0.005178812485343198,0.0023847463114405137,-0.004884663852262103,0.002384746311441375,-0.004865865578938377,0.0030584697026979748,-0.004848357958537898,0.0030584697026974556,-0.004831222828614285,0.0030584697026973806,-0.004071227832013434,0.002546991347814136,-0.004133364201613722,-0.001986540192007086
2024-06-17,0.001728544287259297,0.00041788554659545233,0.0024044515269328617,-0.00010002214246328581,0.002211037604722515,-0.004401623691196889,0.0021321556199763642,-0.004401623691197526,0.00209292928366692,-0.007375456697729319,0.002053987327375227,-0.0073754566977287305,0.0020154089739759535,-0.007375456697728641,0.00030320534982421926,-0.007088920346299447,-0.0016937033129916785,-0.001534155007943291
2024-06-18,0.008024080133271081,0.00608403595656236,0.006882614216396912,0.006101610912188375,-0.00034330034339610164,0.004993463247809585,-0.0003924850660526262,0.004993463247811399,-0.0004147942994828422,-0.0018565582438536492,-0.0004360040351010447,-0.0018565582438543008,-0.0004563260227025815,-0.0018565582438544008,0.0054003452136192525,0.003195543515032291,0.004654381181369281,0.007568917181398014
2024-06-19,-0.009723628868241567,-0.0060937032759348,-0.008048368404584567,-0.005709337934067397,-0.0030098178043533133,-0.0016503824885772138,-0.002934897125182976,-0.0016503824885763024,-0.002897052597414477,-0.0034812420234804496,-0.0028593585376715048,-0.0034812420234808933,-0.0028220150538411336,-0.003481242023480964,-0.006019988474450453,-0.005513761132140715,-0.007452955855924974,-0.006274287739362425
2024-06-20,0.008129622112619505,0.0035959342043126964,0.007125911454623609,0.003467274771361919,0.006165554720726628,0.0008788329285816477,0.006082894027740905,0.000878832928580642,0.006037300761084204,-0.0037112879090223008,0.005989473403446128,-0.0037112879090213874,0.005939797251795705,-0.003711287909021243,0.002837216404605639,-0.004075761817676495,0.0015549613488176752,0.0007251347753211574
2024-06-21,-0.007314928005606057,-0.01671599248198714,-0.004641407164467535,-0.01597091667965858,-0.002682269253245324,0.004235630672456398,-0.002514425328856526,0.004235630672456852,-0.002426240562279645,-0.021128103633762864,-0.00233585400456505,-0.021128103633761497,-0.0022436932176824876,-0.02112810363376128,-0.009502324457473017,-0.021688640855918904,-0.011657902871858269,-0.009057110894990252
2024-06-24,0.014280659361074192,0.01944851050694115,0.014202241991402567,0.01989769047969336,0.01372957634505677,0.0011348108818371027,0.013594147519400605,0.001134810881837236,0.013526739100770924,0.009419889809620061,0.013459397386982017,0.009419889809619445,0.013392108312896191,0.009419889809619351,0.015954945833230885,0.01088550678820564,0.01200215566316022,0.016504307804201063
2024-06-25,-0.00592085700831593,-0.006257599013694522,-0.005311740043284811,-0.0068330899125861695,-0.007080008012033261,0.0018718438090476871,-0.0070760024968322946,0.0018718438090463945,-0.007077050369736526,0.014993326738816277,-0.0070793453867813725,0.014993326738816207,-0.00708249389759789,0.01499332673881619,-0.007829242665041113,0.012174305167226803,-0.00012335017955152525,-0.0075924110995439645
2024-06-26,0.002748846351175221,-0.000377105862705277,0.00010588623463978283,-0.0002742960319695782,0.0014210043247675586,-0.002589943193182445,0.0014357226297828625,-0.002589943193182901,0.0014426946126208267,-0.007018608884474524,0.001449453595999075,-0.00701860888447396,0.0014560221445791563,-0.007018608884473872,0.0011217224588982132,-0.006398926283321855,-0.0008107506828618493,-0.0006552306635795904
2024-06-27,0.0032034166869785285,0.002837853023508573,0.0045770352482685794,0.0030877334180561466,0.005136962664947032,0.0008172723202857254,0.005112590035635136,0.0008172723202860011,0.005103252683439884,0.003355347385734836,0.0050954605445664705,0.0033553473857345097,0.005089005588506898,0.0033553473857344564,0.004537718513213952,0.004307558745811311,0.0024930956704855255,0.003926225245185676
2024-06-28,0.005615965134691892,0.00645364718711921,0.003091836930403426,0.009289403966882378,0.01290605271235349,0.030793407421834146,0.01330687248791438,0.030793407421836526,0.01351496376949351,-0.00013213852994484567,0.013727372988174488,-0.0001321385299442859,0.013943426711641227,-0.00013213852994419808,0.013229697116927116,1.929912160869971e-05,0.008157179432913522,0.020136966185778128
2024-07-02,0.0020054897817279736,-0.0020473544502473116,0.005382573259032623,-0.002106771553319209,0.003100017279305642,0.008091235386917672,0.0031005037424195513,0.008091235386918534,0.0031008202283422147,0.007370980061712596,0.0031012399345548333,0.007370980061712121,0.0031017819803226816,0.007370980061712043,0.002246072370756004,0.007370980061712041,0.0014646402796763117,-0.001548234206612544
2024-07-03,0.00036378542097540996,0.00035792316479983313,0.00017854081134246363,0.0006214167931052817,2.4332220941628664e-05,0.00033443817144514085,1.0846929547355983e-05,0.00033443817144482703,3.3706834710968197e-06,-0.00683883325063684,-4.3234605953737775e-06,-0.006838833250636179,-1.2103663892917816e-05,-0.006838833250636073,-0.0012649305406343808,-0.006625541616360796,-0.0007546669290984058,0.0008996814483145629
2024-07-04,0.0028334182418864136,0.006757124020285281,0.004528379128790756,0.005800600190742032,0.0036339357371189375,-0.0044929431489572685,0.0035248485035755043,-0.004492943148958102,0.0034675939158440136,0.0029827646094422976,0.0034087853876272347,0.00298276460944232,0.003348635859811741,0.002982764609442324,0.005630993277696379,0.00308888467439973,0.004135425589427304,0.0017797609218493514
2024-07-05,0.001099640297244141,0.0011613950642465967,-0.00109351070723599,0.0014907544217990108,0.001418566628826458,-0.003021428037736232,0.0014104878506287777,-0.003021428037737278,0.001406714614675835,-0.0016595472698083865,0.0014030620427162108,-0.001659547269807841,0.0013995045664506624,-0.0016595472698077542,0.000585123956937441,-0.002662793581376037,-0.0003426313169551355,0.0023428860574765085
2024-07-08,-0.0014201355738848477,-0.0007825016351974587,-0.001120834479124024,0.0009711172341869655,0.004410742358709622,0.014586811104172532,0.004669080419599791,0.014586811104173541,0.004802459383954771,-0.0015445878441923706,0.004938227402821432,-0.001544587844191941,0.0050760106551101915,-0.0015445878441918742,0.00522240710091133,-0.0016121178190429794,0.002486051098453111,0.008178083724028127
2024-07-09,-0.007668458180269113,-0.008270178778138532,-0.004600809778403715,-0.006905006115164261,-0.0043685909698709365,0.0012979432255281506,-0.004296549597687959,0.0012979432255288204,-0.004260634886506428,0.0015402600005054068,-0.004224604353425597,0.0015402600005049822,-0.00418840861707852,0.0015402600005049159,-0.006141585846543228,0.0013897610112647554,-0.005563481545115385,-0.005073139911461834
2024-07-10,-0.005063009284690655,-0.007187067284868377,-0.0074084050593508696,-0.007183879741174046,-0.005882751166341108,-0.0036355991062630905,-0.005859949719462635,-0.0036355991062625792,-0.005848603566322764,-0.0099907736600469,-0.005837294119044494,-0.009990773660046798,-0.005826029910439355,-0.009990773660046783,-0.007169638651036269,-0.010135107187143978,-0.00657167566898798,-0.00744756125487469
2024-07-11,0.0038381378197623237,0.0019217557069372802,0.006684059311892173,0.0027921676303295077,0.005483549663014058,0.002882845371666298,0.005471070232816391,0.0028828453716666135,0.005464784789634426,0.009797969232493242,0.005458343951226456,0.009797969232492605,0.0054517042921980365,0.009797969232492508,0.0055884624009439506,0.010018964550021039,0.004522386865214037,0.004943030551547334
2024-07-12,-0.0017906763694077578,-0.0029151205467895023,-0.0008869346640453504,-0.002771670659515707,-0.0011593457569354826,0.0006046839181992394,-0.001079814979792557,0.0006046839181978277,-0.0010417653496027726,0.0009597118508123014,-0.0010045567125469253,0.0009597118508131231,-0.000968050412781871,0.0009597118508132504,-0.0014317049983960386,0.00026529623958430193,0.0009552551627325499,-0.002151267718868585
2024-07-15,-0.003026546660788788,-5.749047535195827e-06,-0.0004771458724364179,-0.00011044156176091682,4.37259401877066e-05,-0.005104354276889467,6.336162011418424e-05,-0.005104354276889657,7.277072891814948e-05,-0.008428771403227847,8.177658273148672e-05,-0.008428771403227519,9.033104553527663e-05,-0.008428771403227467,0.0011179290993732964,-0.00743715587266192,-0.002455133498640571,-0.000791824207105243
2024-07-16,-0.001707185501985114,-0.010563683046028297,-0.010532238522423189,-0.011923896633501845,-0.011852267848503887,-0.030557173488717917,-0.012882265407721001,-0.029188948408215554,-0.01312919553807798,-0.0034570283480432904,-0.013372966832481348,-0.003457028348043248,-0.013613431641042905,-0.0033057436210342577,-0.015341131460460606,-0.002704670666339638,-0.007725917981424158,-0.025210823666786914
2024-07-17,-0.006101926019933425,2.6909989004997265e-05,-0.0013977692446171801,-0.0001551547137463442,0.0005018668324038116,-0.00039489167662521373,-0.0014206558841416955,-0.00225643841930094,-0.0013841604720105838,-0.009196681563120803,-0.0013471966492053088,-0.009196681563121995,-0.0013098522182237223,-0.006764025936066632,0.001233136357810906,-0.0072571092630878895,-0.0019821685443369708,0.0011011234352356783
2024-07-18,0.003145036017282218,-0.0004490310805526658,0.0009199277496857831,-0.0006900972715239524,-0.0018073762506139834,0.0013199041312386079,-0.0004894112219927762,0.003480021397980558,-0.0004855351102656339,0.0034995693196855603,-0.00048224975510528366,0.0034995693196873084,-0.00047948407809922085,-0.0004953418580730601,-0.0029558482173577053,0.002125384233381418,0.0013294380852340085,-0.0008255553579953726
2024-07-19,0.004001993954443544,-0.006305217821402948,0.0029873282140951544,-0.004318397112223408,0.0019464146120320058,0.003750465925507538,0.0014423628169170782,0.0015308466119316124,0.0014355969621688883,-0.0022075142405211033,0.0014285048760366262,-0.0022075142405208045,0.0014211926497243108,-0.0013028182489850319,-0.0010000173577531008,-0.0017772772854398895,-0.006543192666104084,-0.000633029687676707
2024-07-22,0.0003696300100653379,-0.003762939682637965,0.00014374910870415254,-0.004044421248918662,-0.0009086124850792959,0.0025520598614788385,-0.0009187289308241926,0.0036022045074603276,-0.0009177128665650751,0.00420042483853407,-0.0009170888725453837,0.004200424838533703,-0.0009167093140576674,0.004707171723153956,-0.0046067868589829974,0.004200424838533691,-0.0010287341460245816,-0.004454776608710045
2024-07-23,-0.007486783882338075,0.007261491574717558,-0.0007369373029602213,0.007557973855493663,0.0038735098120441618,0.006925872086664661,0.0025911553424886177,0.003364248320794737,0.0026816789116795425,-0.011680406728994279,0.0027723943862416047,-0.011680406728994518,0.0028631994158554086,-0.009747629769998328,0.015616489041324637,-0.01025183076351796,0.003670318719330095,0.011988761664175009
2024-07-24,-0.0008220069759222975,-0.002148814541366451,-0.0014341550701589016,-0.0009272182524230285,-0.002007739780013496,-0.001525069832803265,-0.002233291318573414,0.0006644310492745097,-0.0022085506380950613,0.006475781571259549,-0.0021846614591661756,0.0064757815712591996,-0.0021616660018244278,0.005398110038259348,-0.00017003386189229973,0.006671383731856584,-0.001117517694021007,0.0011247881801925918
2024-07-25,2.8555821256936087e-05,0.0007925518214238267,0.0002340904048933618,0.0013029474089273786,-0.000408316101518287,0.004368291509508163,0.0016261482386306049,0.003177828179310461,0.0016341836569139262,0.006637828215406677,0.0016410823262220952,0.006637828215407162,0.0016470011895588044,0.005770278380116158,0.00035739262615920776,0.00478014474229266,0.0009939219088241787,0.0004589712796905837
2024-07-26,-0.009492026162967293,-0.0011334292172909687,-0.007547208005455383,-0.0016527422176500993,-0.006155550025859619,-0.007984670625478732,-0.004044254425865586,-0.007735434333882494,-0.004037492717751516,-5.8521257695423774e-05,-0.004030169175721162,-5.85212576956224e-05,-0.004022455084263335,-0.001669165811772998,-0.0037619355905907127,-0.0019014808461230185,-0.0047198050361584734,-0.004443561141422118
2024-07-29,-0.004961250906175212,0.0006889280012838755,-0.004451028674748563,0.0005598865417693407,-0.00038823270490349725,-0.0044073053214134135,-0.0015334314180692017,-0.011073947595444993,-0.0015253987391381026,-0.014973349906885206,-0.0015172195491712976,-0.014973349906884207,-0.0015089110677279779,-0.014615355178749352,0.0010864270997415976,-0.013944208564368184,-0.002324234539232633,0.0005339182573153475
2024-07-30,-0.005089983763261798,-0.006219368043177364,-0.00402996286489642,-0.005849842267907029,-0.004494591576113587,-0.0012815148287612882,-0.0018607526319382997,-0.006000230096030941,-0.0018691863589488005,-0.027156293763730865,-0.0018778722241687923,-0.027156293763728162,-0.0018867368845939692,-0.02751557469866922,-0.002286944481002799,-0.02951557966712599,-0.009957452924881354,-0.0027232161435094965
2024-07-31,0.0023014396442831483,0.009250821377860877,0.0022300702031066676,0.009193545088045567,0.003225123487397113,-0.0006532313572182724,0.003819920179853444,-0.0011815128867059192,0.003821539139677455,0.01273678097825194,0.003823250533579369,0.012736780978250494,0.003824825441873026,0.013265999104367635,0.006287135600154484,0.012301120218425107,0.006237552000433744,0.007006909740267312
2024-08-01,-0.0016759694181335337,-0.002999973774433855,-0.002867391207077188,-0.0028837301673219073,-0.004979393200576016,0.0019022022815388116,-0.005140876597416081,0.002832399300812512,-0.005110874219215218,0.005685769279913277,-0.005081375315052074,0.005685769279913202,-0.005052314815427172,0.005206734689264098,-0.008541075309780127,0.005778157976455863,-0.0014758718504490618,-0.004803997251387802
2024-08-02,-0.013295021836802558,-0.014786194333425413,-0.013736954984072037,-0.01579419051625238,-0.015467200476337697,-0.010638050385463617,-0.01439036982654967,-0.00892868769367353,-0.014410966132883564,-0.01426126649262846,-0.014430714147578239,-0.01426126649262888,-0.01444944055099152,-0.01320891818390502,-0.013427318828527912,-0.015195125856345852,-0.011273941538419287,-0.013631699040442669
2024-08-05,-0.020164497408910888,-0.012130089758379304,-0.019900808728781152,-0.011636336814820108,-0.01385524730160957,-0.02116941142909086,-0.011874338128508934,-0.024841158580067205,-0.011910879517308513,-0.009146019392732373,-0.011946418609380297,-0.009146019392733707,-0.011981011656250038,-0.007750372897497745,-0.009398495442741996,-0.01080945461341037,-0.014232146165945,-0.014059777425447728
2024-08-06,0.006371580954917518,0.007269023967001208,0.004892123827531062,0.006566763315205283,0.0007425406700706397,-0.004544775656950032,-0.0018332186790156106,0.0066249225768295495,-0.001853724885226702,0.011098669553122808,-0.0018728317604667136,0.01109866955312173,-0.0018907595478328304,0.008784183713197596,0.00610740098386125,0.013296359804244963,0.0075356810997963845,0.006623569208685061
2024-08-07,0.0064581168534818215,0.0007045989527102508,0.002628726733259385,0.001525954885301189,0.004828219498346728,0.008636575126351513,0.006164691128174107,0.005842220878318052,0.006185384901865262,0.004002460421367499,0.006204086396324858,0.004002460421367364,0.006221010570852651,0.006074490111240058,0.0011674020279015761,0.0029167781430376525,0.0025250060261041954,0.004439748743785356
2024-08-09,0.01098731957598333,0.0038527254188204735,0.0025571225687484175,0.003773815223390566,0.0011348271872076775,-0.01038885510114897,0.0021529438215506617,-0.011481084311080867,0.001958683792352005,0.011600842356181812,0.0017658266763800365,0.011600842356181003,0.0015746252713135461,0.013271814329083476,0.0030542859498910602,0.010388220905808236,0.0052534708487413685,-0.0011968192620353925
2024-08-12,0.01792377927176916,0.007640422465243468,0.018665337591977575,0.00840984196622114,0.008350797269347817,0.016361995381605262,0.0105940123726484,0.020679204819361748,0.010550535137460956,0.004109639444512133,0.010506819572370006,0.00410963944451615,0.010462946244566826,-0.0010243885701849637,0.005772020293323483,0.0017015999468970346,0.006020677732244523,0.005929594921973374
2024-08-13,0.007039193038848289,0.009201529204124394,0.01572869397139124,0.009728037677024322,0.015303964650435604,0.034432433262164865,0.014047325467398527,0.037587301648857735,0.014293717946245324,0.0031406452176899703,0.014537610868449229,0.0031406452176915753,0.014778896070933868,0.0004984281240950524,0.014502928854441858,0.004571705894034428,0.011054417089796393,0.019645645123565644
2024-08-14,0.006726095338471137,0.006999272254844688,0.010094514558055398,0.007577903631285185,0.009303427250222545,0.022556629348261477,0.004818470389477542,0.020680203898402114,0.004982155504505183,0.012597940328060171,0.005143777032134011,0.012597940328060078,0.005303294065468157,0.012992240773840886,0.0017121684116650157,0.016709702265812157,0.008844148509043461,0.010067370266442902
2024-08-15,0.001357997773632723,0.00964534855066479,0.0010470402117338795,0.009267228265598592,0.004515168671814991,-0.0020020588457870738,0.008674992440165997,-0.0025173120983607994,0.00866243072354372,0.006449695262342704,0.008651059156120732,0.006449695262333212,0.008640593133009666,0.006819079765773178,0.009046914158964303,0.006600025145200014,0.007999455075213033,0.005969732814433575
2024-08-16,0.0024013155720042966,0.011470113135505318,0.0024576857060297844,0.010743317270853881,0.002135650294321745,0.0032039974471853526,0.008486866749623335,0.004075822525681751,0.008495135254159675,0.011532071431689947,0.008501839650363913,0.011532071431688322,0.008507011806351739,0.010609376462375928,0.010275211402446558,0.010280786640730755,0.007184070334262727,0.0077756663202101775
2024-08-20,-0.008316737293615876,-0.009804583652120238,-0.00822288871993732,-0.009563336771608564,-0.00950220751645104,-0.0027485969281963933,-0.01303019095332393,-0.0048484040733885285,-0.01302429163735488,-0.004280897591866266,-0.013018840978050584,-0.004280897591864044,-0.013013541111774057,-0.004523772142226393,-0.01113367986574668,-0.004606187403157781,-0.006987402999681233,-0.006608303310963997
2024-08-21,0.0010277825094792675,-0.001782936713881587,0.0009351630863336668,-0.0026417123244966132,-0.0025880307368614766,0.00046823895876303907,-0.004404198259956857,0.010279487205208753,-0.004390683453914655,0.0394332816554038,-0.004375722283342854,0.03943328165537205,-0.004359544576889834,0.03988589159524326,-0.0014144225277463755,0.03901198378584331,0.006930667684073046,-0.0020819102638138746
2024-08-22,-0.01303171444106482,-0.003382166437455267,-0.013010666540481676,-0.003429050055976369,-0.007907355332143056,-0.009367320036810725,-0.006533146484818213,-0.013712938279143366,-0.006501807045165644,-0.010093765734942625,-0.0064692418067867664,-0.010093765734936332,-0.006435739440665788,-0.011174880785094982,-0.0064197820452491245,-0.011427977156513766,-0.006530199782040687,-0.0058674263660844035
2024-08-23,-0.007465888366166608,0.0002476816519719036,-0.00746401646696967,-0.0009207563676650252,-0.0007243141661560681,0.0010146659547830956,-0.0005480242664448329,-0.0024971878509333217,-0.0005542419992948119,-0.03627859403040334,-0.000557745145920208,-0.036278594030372986,-0.0005588986022197495,-0.04011752377400044,0.004131926650559018,-0.03934539287637187,-0.007662195256408704,-0.0034520588912309914
2024-08-26,0.009161983300178495,0.009267792730528697,0.009110814625191562,0.009578002450837812,0.007822951022824438,0.003088963467949656,0.011867977292784446,0.000974033897088058,0.011866730529429168,-0.005122540298027183,0.01186375098403653,-0.005122540298018795,0.011859107796634233,-0.0033090287887040616,0.008862283011937928,-0.006156659265439048,0.00479148784865783,0.008816863012013261
2024-08-27,0.0009970623809297382,-0.00031092696072772865,0.0010814715067153002,-0.0006426943170464497,0.0029690790402523756,0.0006202686238107058,0.0011791999338670034,-0.005059525468546849,0.0012050721155213188,-0.013842276493769732,0.0012293534624386174,-0.013842276493760044,0.0012522196723412711,-0.014573986620719499,0.0025060467582775567,-0.013028324423315498,-0.0011582999662251847,-0.0007992083666410212
2024-08-28,0.002055899393341983,0.0041950381817783215,0.0019897674554158716,0.004593604847968434,0.0025502863538051958,-0.003137925541100388,0.0029916195148579267,-0.006021843590633924,0.0029880199205846096,0.005263124766746867,0.0029849222164201796,0.005263124766735943,0.0029822595225071765,0.006285850618457928,0.004916305410362293,0.006862546504996836,0.0034132823067597397,0.005279615549769144
2024-08-29,-0.009952445021996967,0.002167922390079553,-0.009990944418391046,0.001768072300540669,-0.007503056162525973,-0.009987348749716933,-0.00561788778459522,-0.010087122969595663,-0.005624428584836004,-0.008819568292548232,-0.005628105328126241,-0.008819568292549295,-0.00562925869336034,-0.009014774280028382,-0.0019220184405021796,-0.007900940029284858,-0.003907772560963937,0.00024171643458163034
2024-08-30,0.015616047312100749,0.012718063282369681,0.015455483124828253,0.012576890734416113,0.014250289104395202,-0.001194206487430042,0.014610965870526025,-0.006353270410195791,0.014589573911240073,0.015043684934252817,0.014566077369266819,0.015043684934217668,0.014540709474259422,0.019270230223863434,0.01355950166254649,0.022771952518856824,0.012390579995760103,0.011929036427847144
2024-09-02,-0.003659057037282156,-0.008165192882030388,-0.003610997812708566,-0.007074492972876101,-0.0034860886517418125,0.0026779812380695,-0.006691328188153608,0.005870485210622988,-0.006654746625203815,0.0051493323760955995,-0.00661895649209933,0.0051493323760945274,-0.006583937276465022,0.003677643822743108,-0.005662032228147535,0.003577295990043372,-0.003630937394041183,-0.005129910163870863
2024-09-03,0.002749317385897037,-0.004247078794356789,0.002746918162669654,-0.004007555676976569,-0.0020909653846130625,0.0031329503617062563,-0.0023066402951971545,0.0012908278773842228,-0.0023464489520517474,-0.010149382716606047,-0.0023866547951749747,-0.010149382716598897,-0.002426886657352381,-0.009650011652948157,-0.0030801356896187205,-0.009814931737619347,-0.0037796048244056408,-0.0007208736254497843
2024-09-04,0.0025187583752999646,-0.003820412462625714,0.002510911546547249,-0.004266697335018475,-0.0003112708620223265,0.00818472599252204,0.003494372339390968,5.32676809801159e-05,0.0034186711557236474,-0.011596221357567282,0.003342959758650451,-0.011596221357563352,0.0032678090291761628,-0.012612323083040345,0.004811530983701686,-0.014219648138582685,-0.0038566443955611526,-0.0009649171652811304
2024-09-05,0.0015821249375586955,0.005370912961529235,0.0016208166364703297,0.004937583067921588,0.0010291677423723607,0.0017447209454561161,0.004156375301470871,0.0010502357048623888,0.00416431241604278,-0.004913853125664788,0.004170154934338881,-0.004913853125657957,0.0041740712736935475,-0.004385675279345431,0.003041455967355838,-0.00562540463201048,0.0029147820509219627,0.003471829080555382
2024-09-06,-0.009905676711241328,-0.0033253538768994563,-0.00994147500689727,-0.003688399047483769,-0.007810423615593044,-0.014786561176729022,-0.005657522912782087,-0.014909596781699333,-0.00562359438124526,-0.0038466699578734304,-0.005589211017434812,-0.003846669957890168,-0.005554532435321583,-0.001088880052222801,-0.003022998569236778,-0.001434089003090933,-0.004457592006425777,-0.0016393206482424954
2024-09-09,-0.007657300986346895,0.0018005758600829506,-0.007621236151132885,0.0011944689848938624,-0.00442698503867565,-0.004567669332722877,-0.003485110813514668,-0.00778431529191143,-0.0034585951107705937,-0.018432789540067433,-0.003433199625423674,-0.018432789540061428,-0.003408926508025065,-0.01957133897105995,-2.1126557049134468e-05,-0.01652256191502758,-0.0029342966028102174,8.507429947538642e-05
2024-09-10,-0.002891510410738043,-0.0007319460370249877,-0.0029501944042337777,-0.0014535680556391217,-0.0040225543143668305,-0.0051041686069264415,-0.0010702376328088452,-0.0072763297122596955,-0.0010742370558076994,-0.004870813277024922,-0.0010773997037547204,-0.004870813277029414,-0.001079726249019421,-0.003622299918852135,-0.0012189655548841662,-0.0055806764770541945,-0.0008410323589812278,-0.0019010312062696024
2024-09-11,-0.007078895477948261,-0.0058810355239699,-0.007151307942708717,-0.005108892879694127,-0.003899459446577149,-0.00932361025388119,-0.00340279267361834,-0.009544893745370105,-0.003377802322061606,-0.0020855600610471463,-0.003350528454891836,-0.0020855600610518907,-0.0033213801069532727,-0.0012039491428546406,-0.0022544179266678547,-0.003068758354552019,-0.008971327999680399,-0.002848164468003937
2024-09-12,0.006095115325599497,0.009183669641647539,0.005993928443739305,0.0087464057304671,0.001118478504148933,-0.0018428910712508517,0.0034224250742381523,0.0139316633857757,0.0034014135486676316,0.029723027905941654,0.00338452497982182,0.029723027905919883,0.003371200655912401,0.030742942873687448,0.004249714780462544,0.030918978859544765,0.01016096202551823,0.005448993524469889
2024-09-13,-0.005874414940724092,0.004077173871445442,-0.005789428933838451,0.003993542118398996,-0.004322899215859887,-0.006340195738473394,-0.0017930739984888438,-0.013630423292889361,-0.0018214523479838708,-0.010505134551562283,-0.0018519083635076192,-0.010505134551551337,-0.0018841855238287705,-0.011898988784790114,0.0032599616171974585,-0.011366562874013749,-0.002070887093514644,0.0023292292794991195
2024-09-16,0.004129826162389617,0.00446989566030875,0.004043492664731853,0.004295521413387758,0.0049128924221871996,-0.0010857642789651257,0.004787702745411013,0.0005987923765939445,0.004733069702695609,-0.019965969469381537,0.004680175707629741,-0.01996596946938075,0.006571513063451483,-0.020497175555523828,0.006172108130149279,-0.020906913257143663,-0.0018951961898457737,0.0019576626406395715
2024-09-17,-0.0014533993929017285,0.0017175054767345993,-0.0014596146723543303,0.0019015246071670054,-0.001318815761762668,0.0007279617626955672,-0.001286663304364329,-0.005387463935124592,-0.0012687907576804636,-0.01387983913884201,-0.001250033542887503,-0.01387983913884196,-0.0009488138516910052,-0.012139248642183412,-0.0008949692024687514,-0.013745741132458165,-0.0014591722951168343,0.003911632099300022
2024-09-18,-0.00665544714969414,-0.002344267758691305,-0.006565973955308111,-0.002239538358606523,-0.006526682953143235,-0.0004740453252972479,-0.006477511004400997,-0.002239312535901681,-0.006457998989347982,-0.00718621623542286,-0.006441376828360115,-0.007186216235422873,-0.004893551409510781,-0.0071578816974071984,-0.004879310638624858,-0.006932402433910342,-0.0038155055860744696,0.00016508785512795777
2024-09-19,0.011955325643464833,0.0028352761568855973,0.011935550303058212,0.0025452338844419624,0.008601163084257516,-0.0002894941531140308,0.00849441385075299,-0.005728186592897573,0.008436856032722215,-0.021029346539689766,0.008377074882682937,-0.021029346539689672,0.008330549634982903,-0.017738295703174783,0.008132727601642603,-0.01780320335145414,0.0007187822538722421,0.0021987418182034843
2024-09-20,-7.154876758937043e-05,0.0026273408259043455,-0.00015015679684051388,0.0021206407410016195,-0.0010893463722546869,-0.010053317591714678,-0.000937899041937644,-0.01207711678491265,-0.0008551676987132197,0.021703160272436517,-0.0007691811627205225,0.021703160272436857,0.0034969655589179556,0.0263808250342284,0.003665098522303235,0.027202238130511723,0.004646966259773104,0.007335347438188134
2024-09-23,-0.004923679428871703,0.0018288965404648176,-0.005009361458639522,0.0016544721196148032,-0.004464193823943724,-0.009058443545086803,-0.004566014969209383,-0.000475642607952471,-0.00461622092795335,0.01230290732429806,-0.004665620225157431,0.01230290732429824,0.0009167826851097811,0.014423116253566246,0.0007021744598510035,0.014168656475088491,0.001249777524673929,0.0024548147482254656
2024-09-24,0.007920445248743583,0.0023400246073248788,0.007882589656254536,0.0019283590084151051,0.006525639933181093,0.0006227713079670166,0.006464986712548295,0.005537356548393,0.006434350349190787,0.006367141946909116,0.006403611910078905,0.006367141946909137,0.00559643438657562,0.006477037912139037,0.005509466782191365,0.007635879037256206,0.00447621546776992,-0.0003186475942783556
2024-09-25,-0.006683127658845475,-0.008577749740408064,-0.006441780818217715,-0.006596743397321574,-0.004250719703955686,0.002902146930362508,-0.00420211151945075,0.007139024897393016,-0.004192583250915962,0.00699669326433889,-0.0041913478206303595,0.006996693264338747,-0.00600966205769444,0.004419365195714045,-0.006027871168010125,0.0038045058307902262,-0.0058232330240930875,0.00034712767427902066
2024-09-26,0.010305151374190333,0.009760880016636154,0.010200732290678466,0.010321288598621614,0.0073085368574417504,0.007572635548300898,0.007264673731850725,0.0015526768090269134,0.007248576395707328,0.006545632932633763,0.007235849403769831,0.006545632932633777,0.006979269412470599,0.006410505500751153,0.006965072538718748,0.00907870642756927,0.008761214489792717,0.010332290999750842
2024-09-27,-0.010330245601840711,-0.005708482196926098,-0.010268970872024162,-0.005837677572814493,-0.00784612715674331,-0.0006972813516487891,-0.007849552544832952,0.005004779668880425,-0.007853393677098761,-0.0028672021593669343,-0.007858219246842713,-0.0028672021593670704,-0.011739877301194492,-0.005042190708555038,-0.011691803849666707,-0.006859512220003214,-0.004940810581072874,-0.008965086882972217
2024-09-30,-0.007822134989080224,-0.0006983025690782668,-0.00783475037018652,-0.0018300622063842167,-0.0066088970421809565,-0.004905086337619782,-0.00652605706131933,0.001079652996690199,-0.00648059163588439,0.0039598467268537555,-0.006433049230318677,0.003959846726853723,-0.005880107905277998,0.0026822813834554123,-0.005733130373585599,0.00320085096141895,0.001531993274737371,-0.0027485809210056078
2024-10-01,0.0019199318145727265,0.0021129460491630006,0.0018976588146529063,0.002102282884033215,0.0042457131056875385,0.0018243788662067335,0.004265427423265771,7.113465152554233e-05,0.0042789581619413816,-0.0007288791019536723,0.004294377433836684,-0.0007288791019536504,0.0052466223617089434,7.472292721143044e-06,0.005293345288477147,-0.003236613440037945,0.0012422955338468845,0.003080888653806287
2024-10-02,-0.0026378210619493847,-0.004045558988732707,-0.0026228698406614683,-0.003806530104379572,-0.0049331586707849285,-0.0023166918889678135,-0.004883692830202182,-0.004143150097384626,-0.00485963256740217,-0.00825319965928962,-0.004836032725910279,-0.008253199659289657,-0.003959862737733488,-0.008957935873397846,-0.0039059708641237473,-0.005568882771058829,-0.004267648362934473,-0.0012606602902380864
2024-10-03,0.005697145230600276,0.003544176030896124,0.005633263123070991,0.0030893223227919844,0.005601343419191266,0.002844142430704181,0.005555049902570615,0.0014285170065630973,0.005535330743774714,0.006902220206416735,0.005517548936040513,0.006902220206416872,0.0037994790514869767,0.00974636263712087,0.0037732678470998285,0.0069022202064166855,0.004140439235988267,-0.00022458025007969496
2024-10-04,-0.0007178549400986533,-0.0023877964466922272,-0.0007177582404269869,-0.002064116021419611,-0.0031278406738947076,-0.0010160955542532853,-0.0031059459756351843,-0.0039412110711718965,-0.0030956225787444917,-0.002278775285536899,-0.003085689023043869,-0.002278775285536813,-0.0025312592392969673,-0.0005685748556366639,-0.0025198679452295867,0.0008806314620572533,-0.0008113199884070184,-0.0002407878405809306
2024-10-07,0.004663824590352243,-0.0006324867416026749,0.004630899378401083,-0.0005333533825827152,0.003093534222949294,0.001877353054877881,0.0030378807354240482,0.003099774039236866,0.0030103447804620967,0.0013487214041440518,0.0029831179452374347,0.0013487214041440587,0.0024924541795309316,0.0016088560474256987,0.002424475161016476,0.0023189744238200824,0.0012684334775649388,-0.00019590763974683214
2024-10-08,-0.0024558063199490955,0.0021210115082483825,-0.002199567528286959,0.0029939796807945326,0.0011509291994307059,0.00977452901764311,0.0011810749475813205,0.004770627639552168,0.0011813965409154486,0.00026185826565855615,0.0011734791557207564,0.0002618582656583961,-0.0012967614830377721,-0.0019875668615006305,-0.0013282696092070268,-0.0049224244062582535,0.0016837220107582512,0.008330850426253297
2024-10-09,-0.0008354576599863588,0.0019157084174424698,-0.0008857584403598481,0.0016470125157403575,2.8446552880356628e-05,-0.0065592938048177046,-6.179957546508376e-06,-0.011965667079038666,-2.2527541668618755e-05,-0.009091912517412114,-3.8243604498161576e-05,-0.009091912517412051,0.003051736108116319,-0.008224153016444434,0.002959218777698412,-0.008165385434277668,-0.0012383135215596074,0.0025797631504797
2024-10-10,0.004852420547875162,0.009256819766925514,0.004887321664334681,0.008889571362290537,0.005038526697120393,0.007007536847217461,0.00497832612323323,0.010725188781013768,0.004945234016204077,0.006309825548248915,0.0049106341032720355,0.006309825548248861,0.004477943514524778,0.005749797316591522,0.00439064148398022,0.004300564479188573,0.00939567128692787,0.008648813452846967
2024-10-11,0.010699972752123647,0.0044346425529967195,0.010728381207294623,0.005368451106840441,0.007788908324762673,0.006805609316107169,0.007720660888525333,0.010265346681780575,0.007681072932279159,0.01780712654630226,0.0076385959640249005,0.017807126546302315,0.0064281816223964346,0.01844119093235974,0.006291937780626856,0.020494702508262214,0.00892299476523942,0.005752735389109712
2024-10-15,0.009757857845872133,0.0006162860176882702,0.009997336542711281,0.0011882372801097052,0.010261058174084669,0.02438881987547345,0.010238026253697553,0.005429882308131149,0.010211594887100401,0.013574123059297998,0.01017686689814874,0.013574123059298004,0.0063347793134271415,0.015154186111422325,0.006240140093066679,0.010377175064871565,0.005718046547463495,0.004548483177506859
2024-10-16,0.006863732683875702,0.004763519055551643,0.005839201333624209,0.0071653312786781245,0.005235758945485225,0.01237926702751056,0.005732678909675705,0.026250121382459267,0.0057901463594007005,0.027243150179105276,0.005849107787866282,0.027243150179104808,0.005929746543841253,0.02878009294144995,0.008831740802148167,0.026758584768793673,0.010471454459291376,0.010086776890945455
2024-10-17,0.010843688961167696,0.0053453894345337274,0.00894697916567752,0.0060575448864507485,0.008935455349125012,0.011186315572439185,0.006534047447463789,0.01864769979177133,0.006521508309260048,0.018647699791807634,0.006507170825780187,0.018647699791808466,0.006491257171062962,0.017830672004275357,0.007788766823815453,0.018991183473545656,0.009117792641317827,0.008929474217865337
2024-10-18,0.010708646857139187,0.015058851328370655,0.008576602784110125,0.01429330752290171,0.008562161182156875,0.00023259222028963484,0.008144475643319358,0.01300326616276755,0.00805335516622689,0.013003266162653349,0.007959068594975404,0.013003266162653357,0.00786220872996334,0.010199171509878877,0.005427859310881104,0.012010272912134547,0.013495689185464853,0.01254575085211909
2024-10-21,-0.006122347804617861,-0.003225713767221438,-0.0040542939712430795,-0.0027947626799341065,-0.006543090596467675,-0.00907227345692254,-0.006705997362908688,-0.007013508871107208,-0.006707131839109669,-0.007013508871242999,-0.006707194453867002,-0.007013508871243242,-0.006706405501310636,-0.008315528993342668,-0.0024595320079278723,-0.003857721251652661,-0.004884479397480927,-0.0032746608537135694
2024-10-22,-0.009263864511063261,-0.0034775311781226406,-0.009447833164668597,-0.00415991533874298,-0.009631995171857989,-0.0006192048911404595,-0.007539883224132605,0.00911370345742495,-0.007518731284894214,0.009113703456443249,-0.007497375826396857,0.009113703456442976,-0.007475919475268334,0.010213283505043542,-0.009032761334275436,0.008163866187025456,-0.001892896044263576,-0.003165293914983202
2024-10-23,-0.021104851716650122,-0.013297061877214774,-0.020365166676566116,-0.014081037190769996,-0.019840177608755373,-0.023336020732831798,-0.01817651276771428,-0.009336274781834608,-0.018089819239278354,-0.009336274783861405,-0.017996558477385145,-0.009336274783864467,-0.017897643038643878,-0.007900115133665135,-0.018199111949750043,-0.0068807778302614675,-0.012528255950004032,-0.013753499242355081
2024-10-24,0.01710343822262591,0.00456490847200287,0.017405028032922328,0.00434200757479712,0.016343036733877412,0.010829008816190616,0.014364166458389872,0.0003683473765541486,0.014240679169474241,0.00036834737777987145,0.014111033922836162,0.00036834737778136174,0.013976211298113533,-0.0004007729210783307,0.011417581731689521,0.0006891468428498127,0.004303631129138792,-0.0014146087076008264
2024-10-25,-0.0022416727036156815,-0.0010968307999085604,-0.0020629648722588914,-0.0027568227764874992,-0.002198786656990966,-0.008013291245243396,-0.000513646365979285,-3.469139709027895e-05,-0.0005324310303238689,-3.469139830893598e-05,-0.0005500784460492924,-3.469139831030082e-05,-0.0005666201924185674,0.0015517315575555675,-0.00557783868599201,0.0005389818073404764,-0.0005992926563161971,-0.0035189004210557616
2024-10-28,0.00726591814202401,0.011309852111947313,0.0070726471913811016,0.010008345971474727,0.006030872401080815,0.005585625145022221,0.006487638168579411,0.017394013376468405,0.006466118314648192,0.017394013377381,0.006442704502455178,0.017394013377382396,0.006417587962392274,0.012162929920598031,0.004423810530190545,0.014630410687988976,0.011227131558217715,0.008699693395731399
2024-10-29,-0.0021197371778686144,-0.006033807523299491,-0.004402701216699162,-0.004426619473504663,-0.002041408615715398,0.0028939013437229585,-0.004351333741151671,-0.007705856422326329,-0.004340277366161596,-0.007705856421323634,-0.004330637363596189,-0.0077058564213231045,-0.004322251207025405,-0.008670490202563833,-0.002744431656862424,-0.008670490202563762,-0.0039019944183138907,-0.0033873036804775657
2024-10-30,0.011951329084953626,0.002449191777603536,0.011368097160512977,0.0017177217801286494,0.00980007825107155,0.002695558928140257,0.011319008691714788,-0.008490186277265839,0.011172233744721346,-0.008490186277050964,0.011020531877262008,-0.008490186277050858,0.010864822269594518,-0.0072557241746492585,0.008182031640979083,-0.00845692206306888,0.001992556612258099,-0.0016923682993612134
2024-10-31,0.009058554534126679,0.012171802500533185,0.007999010375934939,0.014348345010478564,0.008372044852352866,0.02230743907725497,0.010319832071384847,0.03322022513101284,0.010301158447247149,0.033220225130848234,0.010278397106243464,0.03322022513085014,0.010252047454987888,0.03425747822806721,0.005601553949697347,0.02828288764001567,0.012519581807570831,0.01716401978114642
2024-11-01,-0.0010291524206645737,-0.003844583064404621,-0.0016842144615240545,-0.0017866192270869375,-1.8229321059685895e-05,0.009395572929117652,-0.0004757304540380122,-0.00025871655759763856,-0.00042975881836720595,-0.0002587165552512759,-0.0003852354691036554,-0.00025871655524919334,-0.0003421479050795021,-0.004914526895415363,-0.0004662746079208178,-0.0050923339531294765,-0.0026543736825038254,-0.001030808727571458
2024-11-05,0.004069675792620395,0.0027978467074959174,0.004103082719463566,0.002799152432279947,0.003746193765087045,0.0032084400650110576,0.005168752771692935,0.003512002279162194,0.00516154858115454,0.0035120022793903596,0.005154233625294471,0.003512002279390504,0.005146836636017268,0.002973207047980834,0.004619611102516718,0.0018483060856439428,0.0030220377637112565,0.0032102391469084777
2024-11-06,0.0015617414289789148,-0.002348119075251103,4.622043746088157e-05,-0.0014597087348811881,0.0003622256205537799,0.0006372813802499721,-0.004629456930935564,0.005750489809277224,-0.004658829033454442,0.005750489809029612,-0.0046905339836981015,0.005750489809030325,-0.004724271290924688,0.005291770341081717,0.0009034205371166034,0.009653270272434223,-0.000406456019759731,-0.0028916898455510335
2024-11-07,0.0008258008046597616,0.0006215472472405367,0.0023117685094187815,0.0007669123795186767,0.0011234382891813146,-0.0018057771113567744,0.0039958956246061265,-0.0012778848274427172,0.003980800192844491,-0.0012778848277100246,0.0039662695034053935,-0.0012778848277108846,0.0039522873017848875,-0.0005823041191802278,-0.001295176223492325,-0.0022434538503520395,0.0003881849289700626,0.0035248881865114533
2024-11-08,-0.017174256292285858,-0.012688417182495042,-0.017249907611183557,-0.012220736311408494,-0.016133643823754068,-0.01426167846767001,-0.015350198222972466,0.002143248801411718,-0.015282037356201277,0.002143248800427588,-0.015210492766106027,0.002143248800426931,-0.015136128022384045,0.0006230413294081052,-0.01298940507511473,0.001936416134712181,-0.010468098006312413,-0.010033471092560026
2024-11-12,0.007653564516214517,0.008712066918689499,0.004774180637113538,0.007573263223986876,0.005645737427760502,0.015513953244214436,0.005148879315456447,0.03467435209334609,0.005103048004101834,0.03467435209326056,0.005052019118542239,0.03467435209326228,0.0049964655014744196,0.03242058719435313,0.0009212283305453901,0.03100627281077758,0.012281982508421446,0.005320534379381091
2024-11-13,-0.008644884611861529,-0.004029318082603655,-0.006670465510197405,-0.0032134934791564064,-0.006676345141803715,-0.002140493714650335,-0.004330045517227975,-0.014783849068544309,-0.0042793238845217785,-0.01478384906760501,-0.004226835527456334,-0.014783849067604953,-0.00417292700992322,-0.015141666068209995,-0.003265632093533192,-0.016890822829747416,-0.007010136587772195,-0.0023674489324536866
2024-11-14,-0.005767075286997657,0.0032209501303239424,-0.004060288467488323,-0.0014548835931275888,-0.00449080668955012,-0.018968487825261345,-0.004815688846545268,-0.027050364871249725,-0.004879425427091504,-0.027050364871625106,-0.004942808571394603,-0.027050364871626965,-0.005005686056784474,-0.026025683467372298,-0.005050472043256333,-0.023457414254838865,-0.001982673788917452,-0.008215092112468651
2024-11-15,-0.005180573726280203,0.0059539364068457315,-0.0005690301245491625,0.004874670225599975,-0.005401805396017408,-0.004775125661521825,-0.0003487753314203334,-0.006669713809939137,-0.00036174227866167714,-0.006669713810164201,-0.000373454998125885,-0.006669713810164801,-0.00038415828178484806,-0.006263796284617686,0.0001065996072104704,-0.005964429560365585,0.00020296212167945414,0.0038680116319123803
2024-11-18,0.00854416656003343,0.0028174076764638815,0.00883889644660166,0.002375722449824381,0.008701707995550506,0.0013118662367179082,0.008667449881001167,-0.010972805638009156,0.008632839953687691,-0.010972805637972868,0.008595372145499455,-0.010972805637969804,0.008555534370452826,-0.010789293448525729,0.006634225285651961,-0.011215520574397354,0.003625971113678082,0.0006907616310736224
2024-11-19,0.006299284727731468,0.0018291942501897384,0.006314125516055357,0.0016085783326256378,0.005189080352738886,-0.004493892943683449,0.005220006356390047,-0.006793369389628457,0.00523667698825863,-0.006793369389577342,0.005254016749245362,-0.0067933693895750975,0.005271931146732844,-0.006793369389575089,0.0063257108302580715,-0.007698732571931917,0.0019887688367802485,0.0017408914075752824
2024-11-20,0.017646981299535746,0.008829865412718166,0.017651565427580642,0.010589310459807412,0.01728486565306764,0.007081456437467562,0.01719096827548435,0.018376129867573,0.01714119030529258,0.01837612986765766,0.01708996582705103,0.018376129867661392,0.017037579744667013,0.018376129867661368,0.015357576730723774,0.016942316918906197,0.009956079781282002,0.012643476471765799
2024-11-21,0.007117282821244985,0.0019122771971607241,0.0071581203756641495,0.0016372743858662573,0.006337309375782656,-0.0022668675477904333,0.00622738896878236,-0.004899198488785228,0.0061653281623147115,-0.00489919848877707,0.006099484613928511,-0.004899198488776708,0.0060304614307398405,-0.004899198488776704,-0.00150552962985791,-0.004932841683310475,0.003189003709669661,-0.0013050204187526177
2024-11-22,0.005430673842844137,0.007206063179918813,0.005409225842216806,0.008296534931425225,0.005503523694394195,-0.0020366913591683567,0.005514722114527657,-0.001184294839897992,0.005521101262620954,-0.0011842948397578247,0.005527807362269816,-0.0011842948397516682,0.005534742010673024,-0.0011842948397516985,0.007340973963737887,-0.004116257229709161,0.0030026154934413235,0.010855061530162437
2024-11-25,0.0017349567959760196,0.004947512632946085,0.0017756906211462864,0.003452241157881308,0.00600638652602738,0.012945951781878837,0.005778502496606221,0.029230332529176853,0.005652316931593133,0.029230332528991203,0.005519625065034389,0.02923033252898306,0.005381492052448654,0.029230332528983088,-0.006741538361631467,0.027217116930744828,0.0041245096289029585,0.0005264435610623942
2024-11-26,0.006691491635995408,0.005202574500319468,0.006688886302206291,0.007167760626217175,0.004241740368121881,0.006332503317357229,0.004380409107293198,0.01567134763772144,0.004456317830313783,0.01567134763777726,0.0045356846746152785,0.01567134763777972,0.004617919844436064,0.015671347637779696,0.00955626805415985,0.014570212412429681,0.006309597647622585,0.011025848624212894
2024-11-27,0.004898755526558809,-0.0036479173843233237,0.004899583074430997,-0.002349975296732703,0.005116465961117875,-0.01143927186362726,0.0051136492975931945,-0.01887487112252904,0.005113225990571458,-0.018874871122437867,0.005113354289953636,-0.018874871122433856,0.005113965727159001,-0.018874871122433863,0.005415678103815719,-0.017090403628448755,-0.002975007525298729,-0.0022258372790422364
2024-11-28,-0.0028313149514050586,-0.006437534718824673,-0.002792969368379473,-0.00543489025748863,-0.0031386906942036177,0.004199075964946187,-0.003159369135710351,0.004561931261902921,-0.0031738452304438986,0.004561931261881959,-0.00319052484896268,0.00456193126188105,-0.003209064812749242,0.004561931261881046,-0.003299887137320377,0.0027122312001856396,-0.004746037515374588,-0.002245710149880901
2024-11-29,-0.003377775916263147,0.00022714996207498554,-0.0033870374160460998,-0.0007079490316282426,-0.0034099702420610145,-0.0004733165812351183,-0.0033880573938288457,0.0028797373820663814,-0.003375823644138912,0.002879737382057825,-0.003362911875940804,0.0028797373820574415,-0.003349433334832061,0.002879737382057444,-0.003999666203910905,0.001719658323631757,0.00044261641128263816,-0.0014460395556214402
2024-12-02,0.004381497308538468,0.00025336799735913886,0.004385571287539712,-0.00016877828079842473,0.005632548814948867,-0.0007434684175445118,0.005590492823946947,-0.006962393472978483,0.005569633869249027,-0.006962393472951191,0.005548962775453724,-0.006962393472949995,0.005528516872328625,-0.006962393472949991,0.0038504953134786994,-0.004362479475236034,0.0014414995014482227,-0.0007447412852100673
2024-12-03,-0.004683724851418109,-0.0007141675631617075,-0.004674567831210565,-0.0006925191553596884,-0.0032297640476445697,0.003783649458908673,-0.003198302696947537,0.0005367485759443665,-0.0031827327521200487,0.0005367485759373623,-0.0031673411874798647,0.0005367485759370554,-0.003152161344095601,0.0005367485759370511,-0.003961372926261933,-0.0008731368548602262,-0.0023617054182173106,0.0008068655413054561
2024-12-04,-0.002640894826796256,-0.0030424661383265323,-0.0026479707014196016,-0.0024183418257752018,-0.0026173635972730723,-0.0007659352336651987,-0.0025727007991784142,-0.004925882043311293,-0.0025485494693824884,-0.004925882043330042,-0.002523485307200206,-0.004925882043330867,-0.0024976927411285823,-0.004925882043330859,-0.0021822608080816217,-0.004968360531621151,-0.004033785754599216,-0.0017906372481616745
2024-12-05,0.005621586164792332,-0.00015785394533612785,0.005643054572498586,-0.000481327117245679,0.005122062295135302,-0.000511930507820539,0.005048546184882352,0.006437896808346445,0.00500918832252825,0.006437896808349293,0.004968599529740656,0.006437896808349425,0.004927074877867928,0.006437896808349424,0.004230853877394065,0.007873681370585701,0.003973590593291158,-0.0016291134111921961
2024-12-06,-0.005548866954541585,-0.0014815789003546091,-0.005563611637300561,-0.0012659665381414473,-0.005554408215508011,-0.0011675284798950479,-0.005495997572306059,-0.0023909893190578266,-0.00546471846131636,-0.0023909893191251265,-0.005432440550324985,-0.00239098931912809,-0.005399393920208662,-0.0023909893191280777,-0.00505880213202492,-0.0023175892259676752,-0.002656327837201654,-0.0017942283755424961
2024-12-09,-0.002517255361052322,-0.0020752468471084955,-0.002495556703222827,-0.0032575916718029663,-0.0022602207619796693,-0.00019565378603020032,-0.002301873506867908,-0.0003350287418053379,-0.0023255928806932146,-0.0003350287418272134,-0.002350812746095797,-0.00033502874182817703,-0.002377271824962651,-0.00033502874182817356,-0.005315592001440694,-0.0001802847365594551,0.0006921184422981862,-0.0052359316259404515
2024-12-10,0.000491097505540832,0.0022827770810375262,0.0004731498990539349,0.001721435006011988,0.0015221493973614198,0.0035221708777430903,0.0014739225242892525,0.005038430832905878,0.001448692533773521,0.00503843083286861,0.0014228534360209827,0.005038430832866974,0.0013965033230660343,0.005038430832866981,-0.0011684520786160685,0.004989413136470741,0.0011960741188394416,0.0007637177388650047
2024-12-11,0.001588942908284906,-0.000796653546427859,0.0016060573934261783,-0.00018256159493914995,0.0011978058251768053,-0.000647374539576414,0.001225500990437255,-0.0051302983103415885,0.0012396455862844612,-0.005130298310346409,0.0012539181186698206,-0.005130298310346614,0.0012682727953854914,-0.005130298310346614,0.00213130714163818,-0.0035583639109088797,-0.0007247606126352295,0.000757538579745786
2024-12-12,0.006202715111854332,-0.0011068934865608733,0.006222535529972881,-0.0002196461210748073,0.006057509722478334,-0.002275581824426765,0.006093729765327057,-0.003700406984873542,0.006113227894449593,-0.003700406984837536,0.0061334494117359795,-0.0037004069848359453,0.006154264329085531,-0.0037004069848359487,0.006530675368205021,-0.002603886056391537,0.0020168481115718415,0.0010735488456673327
2024-12-13,-0.0013341084920836487,-0.0015134805551972135,-0.0013617959704708706,-0.0019443128147696013,-0.0015771512226971805,-0.0023037421935743737,-0.001578630166529494,0.001189035626270438,-0.00157760767379186,0.001189035626265009,-0.0015756180258138664,0.0011890356262647616,-0.0015727927605554684,0.0011890356262647661,-0.0018429903877634198,0.0011890356262647674,-0.0007843901253401504,-0.0024056162921217306
2024-12-16,-0.002908714747518584,0.0059471700064562295,-0.002946156396672204,0.006941549294446742,-0.0029233573179358336,0.01881938682844205,-0.002871485270058578,0.0170114994283079,-0.002842884563617596,0.01701149942819197,-0.002813013406568227,0.01701149942818689,-0.002782164526786317,0.01701149942818689,-0.0003445659401035919,0.017717174306644216,-0.00012351674537420905,0.009412123580724836
