,criterios:Guardian,espectral:Guardian,criterios:Sentinel,espectral:Sentinel,criterios:Pragmatist,espectral:Pragmatist,criterios:Analyst,espectral:Analyst,criterios:Strategist,espectral:Strategist,criterios:Adventurer,espectral:Adventurer,criterios:Innovator,espectral:Innovator,criterios:Visionary,espectral:Visionary,1/N,Markowitz
2016-01-05,-0.004669205627138307,0.0019969149155830788,-0.00077451903745194,0.0016916789243806795,-0.0019139221709387397,0.0036366778941827422,-0.002373222087922613,0.003593954856922623,-0.002451585836947091,0.0012935131174910183,-0.0025343888098915664,0.001293513117466734,-0.002620961403342424,-0.0007295035370282981,-0.002312307616578372,-0.0007295035370283056,0.0012159057392921347,0.001135095054884763
2016-01-06,-0.010129462016773715,-0.005241845775681106,-0.008347126339853352,-0.0061693637793824585,-0.006016825343989911,-0.013577606101993281,-0.008016924773892743,-0.015627762627336308,-0.008035895370071627,-0.010990858651347725,-0.008057979195221578,-0.010990858651294181,-0.00808281918355178,-0.006838473293806779,-0.008611451372865436,-0.006838473293806782,-0.01107518214156004,-0.01632639590649341
2016-01-07,-0.03084429864241133,-0.01831126533562787,-0.029368258595925324,-0.020006512010647876,-0.027140813120546517,-0.03575705535989755,-0.023997860231977974,-0.034330984960072766,-0.024108558836431856,-0.03335858180610566,-0.024221925845747918,-0.03335858180609456,-0.024337419622494076,-0.029690393297665603,-0.024308344311679435,-0.029690393297665412,-0.022914548001647578,-0.03457035935594637
2016-01-08,-0.007841023317265071,-0.007702662620416523,-0.0074133222137369665,-0.007839596663369692,-0.006357345349947046,-0.011566672410934077,-0.007795746084182376,-0.010657454331099697,-0.007759063040880686,-0.005750795200567415,-0.007720894536812821,-0.005750795200539697,-0.007681550841502922,-0.006330944791469506,-0.006928825097575089,-0.006330944791469704,-0.013050570391977311,-0.011832079536985542
2016-01-11,0.007166488358573928,0.004661426266204815,0.008920946746040204,0.0060412859613641085,0.007625284377571925,0.0068606317169766255,0.008398116912759972,0.006618368141962357,0.00846914329022911,0.006166293755450464,0.008541443383969931,0.006166293755458363,0.008614766441821423,0.002817015389626652,0.008466310118479937,0.002817015389626378,0.003916660936279341,0.010616681838199653
2016-01-12,0.012725584483516086,0.008150768805268403,0.01135063417020187,0.008666484383637263,0.009645261462134647,0.01205557944295405,0.008587865664105762,0.011065872438400768,0.008577367067382682,0.009532192956143905,0.00856897696029784,0.009532192956130999,0.008562508823845053,0.009629291432067479,0.008866705570363571,0.009629291432067566,0.009819713125573738,0.010884235658696872
2016-01-13,-0.031416905116605,-0.015548637116808588,-0.02803779551811288,-0.018076095357545088,-0.026412869260892768,-0.04099010121146355,-0.025169406261738643,-0.039195089038435986,-0.025345052411113858,-0.03741820476760008,-0.025520578651776066,-0.037418204767612304,-0.02569567024849962,-0.04006363557075467,-0.025846431662705286,-0.040063635570754784,-0.02540395238602118,-0.04442924050331042
2016-01-14,0.013381632440467849,0.004086599999482529,0.009814407825115676,0.003505708646687501,0.008315041032981169,0.0077186609328431625,0.007063105090672933,0.00749529101252073,0.007130794058987467,0.017221326252226804,0.00719995728866573,0.01722132625229273,0.007270199405382754,0.025841844045468285,0.007781075377566576,0.02584184404546852,0.015873952166267878,-0.002984312696679484
2016-01-15,-0.02811277770199718,-0.01860892987997506,-0.02337092094676692,-0.02013769365922228,-0.01967529643922902,-0.03989735438549188,-0.018523353124728907,-0.04043277773869838,-0.01860225591858493,-0.037533841157141055,-0.01868026249441911,-0.03753384115711128,-0.018757234641588662,-0.02699731021828674,-0.01995944475657604,-0.026997310218286164,-0.021763281657039123,-0.03174543175228138
2016-01-19,4.994603677330391e-05,0.009225992362332552,0.0032984620553901133,0.008672931288957807,0.006208236784627631,0.008629286834883124,0.0025066553274003213,0.007480668704877189,0.0024674533383634172,0.004171120707674693,0.0024248229368343402,0.00417112070766774,0.0023791748568764205,-0.0007387418245310695,0.001466190946242102,-0.000738741824531357,0.00014937054330133037,0.007251934025138701
2016-01-20,-0.011306137115069743,-0.014495547955113063,-0.010486246811312987,-0.013286353131318698,-0.013608092239569441,-0.0009407946944888169,-0.013815140155583092,0.00046937739311871866,-0.013757525149007433,0.0002814867842415117,-0.013698175840931984,0.0002814867842323408,-0.013637459721776267,0.0036606205117152807,-0.013346907839201718,0.003660620511715574,-0.01242376381880784,-0.008063510911052958
2016-01-21,0.007411270051664018,0.00560270358259239,0.008270354087012797,0.005907754318557503,0.006605513306618018,0.008383202700186386,0.00811555849374105,0.007974221063585352,0.008115653596446644,0.004424537957584206,0.008114956052911081,0.004424537957571474,0.00811366126209129,0.005377327650940018,0.008327696205114416,0.005377327650940147,0.006589103575372737,0.015978680415624252
2016-01-22,0.031349098393345085,0.017323996947490185,0.02749996578237089,0.018976964133230367,0.02499408931028135,0.02993002720886105,0.023268001251584475,0.029501188443036112,0.023400094118802527,0.031996149735869,0.023537024527843144,0.031996149735884175,0.023677947736983503,0.03046335410881785,0.02340314710871737,0.030463354108817654,0.02241624730056257,0.027090169297390172
2016-01-25,-0.014370677858926796,-0.0045967981162847536,-0.011275184619020898,-0.00543001117832353,-0.006668017724815688,-0.005955304367555575,-0.007236658534115658,-0.005961967659942143,-0.0072522181975578,-0.007663512383921183,-0.007270589805123937,-0.007663512383932831,-0.007291484087301701,-0.007864016408351049,-0.0066589846008463455,-0.007864016408351004,-0.012559125498174489,-0.004407162532868986
2016-01-26,0.007411494769678699,0.006308508520554876,0.0010674353060494647,0.0027747994644520195,0.00726031605579294,0.005739181287929281,0.00710314819417612,0.006132753872311604,0.0070850499267633,0.0056297349459829326,0.007066227025355261,0.005629734945975481,0.007046694765122066,0.003979522250059682,0.009044141806872885,0.003979522250059602,0.01148365096038164,0.006554212302116188
2016-01-27,-0.02129990692515069,-0.00280045501839185,-0.018889745246628863,-0.0052585897194111055,-0.013886219286731751,-0.022081679989326284,-0.013905313570644463,-0.020933675103653293,-0.014111690280289153,-0.022206216026831968,-0.014327306287814966,-0.022206216026850228,-0.0145506511732615,-0.022995432775151387,-0.016227955692004283,-0.02299543277515134,-0.014297656503046293,-0.016268957467656546
2016-01-28,0.024643520312930812,0.013105088864520548,0.02811874054909351,0.01490083150041193,0.03280458830994745,0.05182745657844515,0.014514161920471651,0.03794599911358676,0.014746531281729374,0.043412137340856,0.014971763368247543,0.04341213734095179,0.015189988124255385,0.042298936975518044,0.011745635385246714,0.04229893697551741,0.01265944319039702,0.02955650943244878
2016-01-29,0.03811057500424425,0.011498797228402392,0.03248320757913404,0.01023644185401856,0.011140815163742062,-0.001494874553220665,0.015244008917383466,0.0014841636917007261,0.015012881773706504,0.004283174616051616,0.014793282999661194,0.004283174615981192,0.014584655420452453,-0.0018385023755708072,0.021503685551176144,-0.0018385023755708421,0.025951382041300406,0.0006958536465885608
2016-02-01,0.0011208837235476428,-0.0012110615860579418,0.002912154289724761,-0.0010576916288449936,0.00037403014639428615,0.000150945048875014,-0.00306524900926387,-0.0031054568384802396,-0.003142924234397265,-0.004553297041326045,-0.003220461889672709,-0.004553297041334682,-0.003297653224078075,-0.005516349495540875,-0.003803658794852046,-0.005516349495540886,-0.0024912847595877268,-0.0030906471620588834
2016-02-02,-0.014916103406499508,-0.013903249724173936,-0.01151940234024359,-0.01532333414687612,-0.014512297052751918,-0.021019260816080285,-0.01768575174852212,-0.023727767262407204,-0.017788923256022188,-0.02151477366681581,-0.017891948676177785,-0.021514773666779112,-0.017994596811387452,-0.018091692260974172,-0.01770678879309895,-0.018091692260974134,-0.019993962518104872,-0.026136236720173314
2016-02-03,-0.0021424389982451484,0.0016578263577055271,-0.006370798751937263,-0.0008654830645612216,-0.0037551119804794726,-0.023718559269515452,-0.0014375487304259741,-0.023628220834033827,-0.0015406911418028248,-0.02779579958510193,-0.0016381567417635805,-0.027795799585159757,-0.001730370976984726,-0.022937910986030725,0.0010215041497229382,-0.02293791098603007,0.0034474994087762135,-0.017559220635473202
2016-02-04,-0.008488653745821244,-0.00816639727912625,-0.012308618393538532,-0.00962484605362592,-0.014103939051645769,-0.005845803068647849,-0.015067464174783678,-0.011624000677588443,-0.015126151071330338,-0.011633728975642814,-0.01308016141272106,-0.01163372897564188,-0.013051466965413218,-0.011641083648951746,-0.006892632157384072,-0.011641083648844246,-0.0028553335777613967,-0.01011135202403522
2016-02-05,-0.028087594613697725,-0.008182174647692724,-0.0260666123501966,-0.012856931977107126,-0.02256612410851117,-0.05905271206840001,-0.022308388803502957,-0.05085872662162705,-0.022477527875813242,-0.05085872662162583,-0.026052830049141808,-0.0508587266216258,-0.026372006912966914,-0.05085872662180855,-0.03375010764465767,-0.05085872662162572,-0.026262600227601886,-0.0562906021402303
2016-02-08,-0.016212686551452547,0.005720690794587919,-0.013080735536992,0.0033572092048713767,-0.004950947591585091,-0.034512954560313176,-0.00936893630251676,-0.022160128925710697,-0.00950677786879953,-0.02216012892571014,-0.006711817505917342,-0.022160128925710117,-0.0069208986324216775,-0.022160128925794685,-0.009313850807898223,-0.022160128925710048,-0.012087415706099103,-0.03170478948035907
2016-02-09,0.004335095070825547,0.006082245126330187,0.005940098012960996,0.006703069093144509,0.0054498536649297685,-0.0015720782133943287,0.006467373311193919,-0.00593865212785519,0.006413596745427466,-0.005938652127854926,0.004266877660185209,-0.005938652127854926,0.004146884419461494,-0.00593865212789416,0.002124961761921848,-0.005938652127854928,-0.00014356311183079992,-0.0007622645275336266
2016-02-10,0.0019354996974261648,-0.00849120907317783,0.0023854009983581906,-0.007198957684459098,0.00031092777018625376,0.00975944195746489,0.0024879928334644178,0.013001446600128409,0.0025816574411420545,0.013001446600128079,0.0015045690186784226,0.01300144660012806,0.0016523956838629254,0.013001446600178199,3.0749876612822316e-06,0.013001446600128029,-2.153707380295948e-05,0.008840968411160749
2016-02-11,-0.009108038466315105,-0.007312392175648164,-0.004787972698047732,-0.006439956719806359,-0.003108816536450466,0.009259217014717894,-0.005565409547426705,0.010614087777932737,-0.0055313355519756545,0.010614087777931868,-0.00015864983276543806,0.01061408777793187,-7.829353293249686e-06,0.010614087778062838,0.0013890800836636797,0.010614087777931812,-0.004803463519954957,0.006121315516969668
2016-02-12,0.02175056890922985,0.013542728871864505,0.013833536463937658,0.01355074395949396,0.01195674224802505,0.0074095468441876455,0.013191376167691166,0.004090771066482558,0.013141568423045449,0.00409077106648351,0.010730388697694517,0.0040907710664835235,0.010657285131182626,0.004090771066339274,0.00797101198106398,0.00409077106648359,0.01927385867867466,0.006920149590447664
2016-02-16,0.01134996369306274,0.005265255778941418,0.009360915711803234,0.007185090990976108,0.008530654614978558,0.023329892830459047,0.007573578904346768,0.01357509807626144,0.007565809800483915,0.013575098076261848,0.009355868655195828,0.013575098076261857,0.009418616958225686,0.013575098076198376,0.014951687765601582,0.013575098076261869,0.01563862849229407,0.02203898787379849
2016-02-17,0.01354509684981757,0.008113751951192889,0.013874974234197483,0.009485676495380381,0.013989777660254166,0.027527599638160587,0.013073848631170474,0.026677202985866413,0.013169447269770235,0.026677202985866347,0.014229663037351735,0.02667720298586635,0.014368751330433709,0.026677202985873984,0.01624330785205019,0.026677202985866347,0.01899156516888924,0.027090234961547294
2016-02-18,-0.005495811485500202,0.0005175208823673739,-0.0034933658891590147,0.0014253218051255246,-0.004576502152971803,0.013793159128428675,-0.005461841033577988,-0.016410059974935554,-0.00554519038184914,-0.01641005997493462,-0.006177325395963152,-0.016410059974934596,-0.0063014397969149,-0.016410059975076757,0.0036695056882278484,-0.016410059974934537,-0.006060056262895151,0.013515502205694117
2016-02-19,0.004938647141151548,0.002095837029044222,0.004668718282965166,0.002453334440999622,0.00425974944410163,0.013482225301944116,0.0054450571921982865,0.01006085415692428,0.005466069675272303,0.010060854156922957,0.006990897474826474,0.010060854156922927,0.0070603566840838254,0.010060854157125826,0.00679814285527194,0.010060854156922847,0.002903455056153681,0.012088361987810693
2016-02-22,0.011890375152087374,0.006156207382743835,0.010489068248394637,0.007222562390734604,0.009406204627047905,0.03283238203419562,0.01014955379368531,0.025712324383765122,0.010210544617585438,0.025712324383764366,0.012643881081303576,0.02571232438376435,0.012833413232368817,0.025712324383878864,0.016254002712985518,0.0257123243837643,0.01646771004149616,0.02897213284100468
2016-02-23,-0.012719768285020841,-0.0038098701410308835,-0.00805286983087827,-0.004379951818457655,-0.006582708822100515,-0.009128326495334774,-0.005158290140933609,-0.01590788108772073,-0.00521757653012853,-0.01590788108772164,-0.005125038429538783,-0.015907881087721665,-0.005206759659254997,-0.015907881087579376,-0.009756041557844894,-0.015907881087721728,-0.011633722420461913,-0.009568651365885085
2016-02-24,0.005071522074680901,0.004381965194339323,0.005065755574417934,0.005286251356779669,0.008466309259651233,0.00722803416985207,0.007618633226875368,0.006497737103591009,0.007624034960770511,0.006497737103590776,0.008362481154054788,0.0064977371035907705,0.008348692137942046,0.006497737103625988,0.007064899204100171,0.006497737103590758,0.004199892487590708,0.0075600970999774465
2016-02-25,0.01227408607780176,0.010080630894549,0.011569477113926184,0.01045715078257835,0.009964261185369498,0.005741507803820395,0.010601307971082993,0.008802852910313201,0.010617268462532853,0.008802852910313633,0.008748770823553347,0.008802852910313637,0.008734411317278834,0.0088028529102473,0.007984958992795551,0.00880285291031366,0.011107415253703783,0.00696273448327687
2016-02-26,-0.007682108579843719,-0.018625436144723683,-0.011883308355074984,-0.0177913153284924,-0.014710457166528239,-0.0029329217334989302,-0.0137006680180879,-0.0036615208819564364,-0.013629165123175049,-0.0036615208819573393,-0.012870508339819548,-0.0036615208819573506,-0.012748647056218358,-0.003661520881818935,-0.008562858884184595,-0.0036615208819574057,-0.006199915689319874,-0.003564716074512923
2016-02-29,-0.009020881120140028,-0.004762577260070853,-0.007103181030011172,-0.004955417314169187,-0.006290231519647498,-0.007246530603765909,-0.0059777115957518326,-0.008224811528077896,-0.0060038707054303735,-0.008224811528077889,-0.006057866034286589,-0.00822481152807789,-0.006080629475752147,-0.008224811528078487,-0.005465368763337882,-0.008224811528077901,-0.009321150739708083,-0.007914059974737134
2016-03-01,0.026283360503906415,0.014149121160244336,0.021484462233613496,0.015738770386633027,0.01848343101496317,0.03931233265620472,0.01848449940165355,0.03631384436625773,0.01856346144280262,0.036313844366257494,0.020219920318122697,0.03631384436625748,0.020402846843960733,0.03631384436629156,0.028874733720933733,0.03631384436625747,0.027593816747996092,0.03786750767936747
2016-03-02,0.0010485374164563815,0.003080230336925115,-0.00016282307219395221,0.0028346188434080887,0.002228856724458738,0.002339369381554154,0.0009715045167584779,0.0005775710986610327,0.000956784993373158,0.0005775710986615285,0.0016625124618822355,0.0005775710986615425,0.0016517299858177248,0.0005775710985850675,0.0008157985083695117,0.0005775710986615846,0.0033909418893376,0.0017385291885245475
2016-03-03,-0.0013283158183488323,0.0025567662933514814,-0.0004300977332324335,0.001631874389854577,-0.001069529203820781,-0.006124038943023016,-0.0005561986849295424,-0.006749975417165588,-0.0005966007284389472,-0.006749975417165935,-0.0005298763209316879,-0.00674997541716594,-0.0005840389779730167,-0.006749975417111401,-0.0010266665310333458,-0.006749975417165956,-0.0001710472387017959,-0.006804491460058931
2016-03-04,-0.002622008083834611,0.003980957104879448,-0.0014472525021745931,0.002366115222761398,-0.0021849348596895235,-0.005584844432238915,-0.0016354729793293778,-0.005651750102859949,-0.001671266832386023,-0.005651750102859981,-0.0021135336685924625,-0.0056517501028599815,-0.0021592756565851612,-0.005651750102854329,0.0008463361180485112,-0.005651750102859978,-3.807931074935485e-05,-0.005405719209244146
2016-03-07,-0.00961050714603923,-0.0024596768799815694,-0.010255594824336498,-0.0035832520082832984,-0.008482556127746359,-0.01819061457069725,-0.01150176984886603,-0.02292344368205369,-0.011566524639298865,-0.022923443682053807,-0.010977538822809439,-0.02292344368205374,-0.011098217379053041,-0.02292344368206149,-0.009253394302878231,-0.018085073381603776,-0.003312367407207366,-0.015419317955978807
2016-03-08,-0.0007646677000453469,0.0023778599004534934,0.002035579490984045,0.0026566553561987506,0.003775339807265477,-0.006157166868352564,0.004892566030848078,0.0007357296156320847,0.004882478760828263,0.0007357296156355498,2.6972456957530082e-05,0.000735729615635494,-3.412000844158283e-05,0.0007357296156355497,-0.002452444615586206,-0.002607813388067056,-0.006475604458371182,-0.005379445283957167
2016-03-09,0.008648896606982301,0.005977642780515217,0.00839685186472135,0.006624394391565309,0.008096485671803313,0.005527531616697916,0.010416889314140265,0.011350459412364558,0.010451276244632657,0.01135045941236813,0.006466609880642999,0.011350459412368083,0.006435209286683929,0.01135045941236813,0.004630961210622557,0.013644171455882696,0.0075572729916012675,0.0049049730427493865
2016-03-10,-0.00047027033672249023,0.0033538960899235346,0.0012803901153214333,0.003602774555936223,0.0007490958607636888,-0.00036056860110923245,0.0007229473321351993,0.000480847066376259,0.0007221228599509171,0.00048084706637179176,0.002413781054184932,0.0004808470663718055,0.002394366960525726,0.000480847066371792,0.0023386911431315886,0.003182610455770881,-0.0001675667145839642,0.0008428540347179977
2016-03-11,0.01419067447424082,0.004228871034814975,0.013066588544850976,0.004868540456296705,0.00995472272624184,0.018422894945187982,0.0075555695996031725,0.01873808805660504,0.007611314241105974,0.018738088056605463,0.008942006961016722,0.018738088056605436,0.009041661789673352,0.018738088056605463,0.009096787868888699,0.017459678867585395,0.013280282150490269,0.016714723023584194
2016-03-14,0.0014265693087358903,-0.0018433184896769273,0.0007454569879159421,-0.0017397103733777716,9.118344250932389e-05,0.0047623951262287115,-0.00021681704527975822,0.00564773393871709,-0.00018998709497796256,0.005647733938716248,0.0006023622586340064,0.005647733938716259,0.0006643965225278666,0.005647733938716248,0.0006482360745264351,0.005120982598489972,0.0003663503432547622,0.004311468021555879
2016-03-15,0.0032142121563848076,0.0015844428277257462,0.00372047525571414,0.0013790511919915024,0.0032800335039401113,0.002596956295433976,0.0037033786311273724,0.004961035479356654,0.003707001013271555,0.004961035479357912,0.0045691490642224535,0.004961035479357891,0.004642852174836756,0.004961035479357912,0.0035387158367803343,0.0041817436356402305,0.001246748029399716,0.0016554490141585593
2016-03-16,0.003457651311484352,-0.0022772147673963054,0.0033947143452490902,-0.0017680369429829079,0.00293859722346735,0.01252894681994742,0.002279512590913358,0.006795543530800858,0.0023285478722104413,0.006795543530803683,0.001956300416774218,0.0067955435308036626,0.002009024976803791,0.0067955435308036825,0.004004027463417893,0.006576056481329951,0.003997039010791968,0.010115940206900436
2016-03-17,0.0030114817063108842,0.007709125412218818,0.00464829283408988,0.007287649678341679,0.005493076323729474,-0.013239211475563468,0.004803705101552765,-0.009835340199663043,0.0047633539991711665,-0.009835340199659714,0.0015961676109555998,-0.009835340199659693,0.0014077608084983443,-0.009835340199659714,0.0010165719325523318,-0.008843910664158655,0.0027028832861672705,-0.009865349463389508
2016-03-18,0.0027338002419180366,0.0004410699622973657,-0.0013479860457088228,0.0005686284299739136,-0.0016029371438029158,0.005859664753070983,-0.0025660493699012884,-0.006139716507140798,-0.0025765623336654643,-0.006139716507144477,-0.0010317813303431964,-0.006139716507144441,-0.0010850478873089926,-0.006139716507144475,0.001689950269542278,-0.00317348397189833,0.006838508298821813,0.005053635116875104
2016-03-21,0.001593732206271225,0.0016626452796411348,0.0019757501598466082,0.001572153159486523,0.002304549755878266,0.0038901066008605765,0.003245277101604299,0.005481760128773318,0.003264128355949339,0.005481760128773661,0.0023112181125096477,0.005481760128773631,0.002326175895165936,0.005481760128773661,0.002302842248015452,0.0035104095123671556,0.000399939440777457,0.0033956268538973683
2016-03-22,-0.002088377051887314,-0.003425572703272229,-0.0027454831990723124,-0.003473322682904437,-0.002367912006205849,0.003785217125783549,-0.003292177323321809,0.004152117816475982,-0.0032724189876284487,0.004152117816476141,-0.00034952153394859626,0.004152117816476119,-0.00024847065456694165,0.004152117816476141,-0.0005241042484018434,0.002787598960799957,-0.00021587682726639017,0.002962860015516253
2016-03-23,0.0017681734912921255,0.002220112143609276,0.0022241028526234436,0.0024605129632218545,0.0009131266604988071,0.010485323053108606,0.0022229327776966206,0.00450479287300649,0.0022088206855745357,0.0045047928730048365,0.0024629090365056706,0.004504792873004821,0.0024902494366512134,0.0045047928730048365,0.004188324183435185,0.0026897094911112465,-0.0007855990998816417,0.010200327169008476
2016-03-24,0.0005269900091718815,3.497463505151069e-05,0.0010950339909527307,-0.0005720074505075547,0.0008623195188313182,0.008451160934877511,-0.0009934844227103884,0.007742224642968358,-0.0009890663920508742,0.007742224642967599,0.002080522699415607,0.007742224642967592,0.0021536692889898893,0.007742224642967599,0.0020404951452352364,0.008643825380829294,0.0014083255180073763,0.008476856104108492
2016-03-28,0.00016315343582136064,0.0018488845876343096,0.0007348915732389963,0.002230064574428863,0.00030963609048854045,0.0029519769533994863,0.0007399501791285526,-0.0017426208762880136,0.0007253347571440486,-0.0017426208762900803,5.739703694885613e-07,-0.0017426208762900428,-4.9031070087233054e-05,-0.0017426208762900798,0.00031311029195377183,-0.0006858673295433954,2.7402473792150742e-05,0.0031162683254423104
2016-03-29,0.012924787821786304,0.008263409633099872,0.013543796170428845,0.009079340428115252,0.011797333804728865,0.02020019976809373,0.01263587120064643,0.020910126528881065,0.012667056758280648,0.020910126528882002,0.013551638950306515,0.020910126528881957,0.013670137209001171,0.020910126528882002,0.01344260168805912,0.01940074234903298,0.010134397186666035,0.019407535567095267
2016-03-30,0.004188502218443807,0.003920284911493018,0.0047491467414046,0.004335254979845466,0.002355809017834877,0.002176591137202969,0.003313135789971588,0.00030145470111248083,0.003292585416420967,0.00030145470111235794,0.0035793958364131627,0.0003014547011123666,0.0036414463858091095,0.0003014547011123585,0.006323345223468783,-0.0003934326013585058,0.005849780611511997,0.0037072112680622197
2016-03-31,-0.004090045899596365,-0.004202670414875173,-0.0033462720493494065,-0.004026438845855193,-0.0034603675856969274,-0.005898379105714009,-0.0034648281304370237,-0.005896939544749342,-0.0034703919613715164,-0.005896939544747015,-0.005288000733150848,-0.005896939544747013,-0.005310265864608037,-0.005896939544747015,-0.005199821536903345,-0.00606640850551037,-0.0025989737707191505,-0.005663498314410964
2016-04-01,0.010649314132166455,0.010657392779778363,0.01096199253398248,0.010432176459632608,0.01113845048541228,0.01287515834000139,0.010361476926345193,0.010887149855648433,0.010364127301302303,0.01088714985564796,0.011202988448781427,0.010887149855647938,0.011181214490580432,0.01088714985564796,0.010846542371980322,0.00907654073640049,0.008195564674307083,0.012068067072307346
2016-04-04,-0.004575542107887309,-0.0011140061247270257,-0.004033009679347931,-0.001011936481794585,-0.005027419466990311,-0.015230252118510063,-0.005478247723756231,-0.013759861194166372,-0.005518281801738578,-0.013759861194165767,-0.004740160333971693,-0.01375986119416576,-0.004739528684437871,-0.013759861194165767,-0.002522427447150907,-0.01438849938552323,-0.0022762793973381346,-0.011565108039399086
2016-04-05,-0.006787066265476699,-0.004504341381134215,-0.006075482501174933,-0.004878852825599446,-0.0048815667163564355,-0.005720144265573362,-0.005977687654191464,-0.008582940093143126,-0.005986851436431092,-0.008582940093144299,-0.005584704627899814,-0.008582940093144302,-0.0056469504987794435,-0.008582940093144297,-0.005656877852962476,-0.007826798528573506,-0.009331617598014508,-0.006199401120496388
2016-04-06,0.008208575546954412,0.0054871784893055,0.00857277034824972,0.005395608516348492,0.007831595060471161,0.0132433260145013,0.007644997688272237,0.01691723295081811,0.008116813269728244,0.01691723295082185,0.007908864502929427,0.01691723295081764,0.007933438096675757,0.016917232950817627,0.00669671350758566,0.018232163790478654,0.011136197303820296,0.009661175294865921
2016-04-07,-0.006534013076828723,-0.005325191265469274,-0.0065406416352280375,-0.005461161722061591,-0.00643767000114898,-0.011573942545335083,-0.006446750860697579,-0.009793843862690962,-0.007495078975308027,-0.009793843862605785,-0.0072595078919646654,-0.009793843862691052,-0.007327192295428105,-0.00979384386269106,-0.008575850182661184,-0.008649131434468304,-0.012106298361674175,-0.011273611361334217
2016-04-08,0.001727117692849586,0.005206842162772055,0.0015336057684698038,0.005318724252788314,0.000507411777404061,0.0006501633926863964,0.0004112178754493729,-0.006668195427957673,0.0007143562436582331,-0.006668195428057588,-0.0002781282250544537,-0.006668195427957413,-0.00033843486401382477,-0.006668195427957402,0.002973875731128632,-0.00497015317997804,0.0012367074163006197,0.006417329084568524
2016-04-11,-0.0056212185757829975,-0.005909433603539926,-0.005642261725468293,-0.005626972580089802,-0.005957069433423933,0.0002770879680537218,-0.005951685769111727,-0.004740784367573265,-0.005120219614741005,-0.004740784367548175,-0.004291266413660555,-0.004740784367573148,-0.0042344799155367855,-0.004740784367573144,-0.0017634432443196016,-0.005670135590618694,-0.0031823643047099457,-0.0007557516356230297
2016-04-12,0.007653098036755377,0.005351615844750639,0.007705377092618107,0.005582551042881324,0.006810619868533526,0.007481726014476393,0.006846124343768318,0.011414986270439523,0.007118259988990506,0.011414986270473352,0.006881190878557333,0.011414986270439286,0.006914638562676397,0.01141498627043928,0.005263405567164904,0.01317239760011563,0.010129098097282128,0.00538032028307401
2016-04-13,0.00015494481618101488,-0.004816541505524323,0.00025434874541105596,-0.004265438178318322,-0.0016390818472884626,0.016216567505935957,-0.001534098886617699,0.009783113583965029,0.0004997289644964901,0.009783113584058489,8.748282611499916e-05,0.009783113583965162,0.00020668078291588522,0.00978311358396517,0.0035593081702196467,0.008594485222287172,0.010447002713549603,0.009865395386166998
2016-04-14,-0.000276206562247605,-0.0028427588650810935,-0.00020975126356460308,-0.002735157840417083,-0.0005146450209061299,0.005361125393462005,-0.00047656277231359094,0.0051599627587971784,-0.0008629554451855023,0.005159962758941729,-0.0006618730880728939,0.005159962758796954,-0.0006288142536851641,0.005159962758796949,-0.0005157066777365157,0.0055312738686208816,0.002873055026183211,0.0025007591050504804
2016-04-15,0.0027943910030656773,0.004526321155938709,0.002722928856246013,0.0046930127161312575,0.0033128843600162905,0.005546684938904841,0.003286799387397012,0.0015436461904556856,0.0006248512791075477,0.0015436461903532862,-0.0005637213951073081,0.0015436461904558719,-0.0006602305060388004,0.001543646190455874,0.0010814574776381123,0.0002543181389704775,-0.00036030958256971324,0.0070750714425191355
2016-04-18,0.007909719468631709,0.00438179211356672,0.007965615765268169,0.00434838300888263,0.006935613977477184,0.006934213856887129,0.006969783958468461,0.011160024865974026,0.003222883667491624,0.01116002486563514,0.002028682578534373,0.011160024865974203,0.001958119826248213,0.011160024865974207,0.0004531930835095715,0.011216409355098425,0.00814316282178508,0.004707968658659115
2016-04-19,0.0026118459853885106,0.008572299344741555,0.0025758755533791707,0.007561783935851404,0.00396458505226915,-0.011560857959698174,0.0038993140559794425,-0.0029972826900963975,0.004478952625336047,-0.0029972826902313608,0.0067883389522736814,-0.002997282690096314,0.0067314136360827215,-0.002997282690096309,0.0026957824983163212,-0.0010496331716050758,0.0035013960862523416,-0.0080161768646714
2016-04-20,-0.011256086953464677,-0.01933514805315163,-0.011081980274675576,-0.018557399970196897,-0.013610059760631735,0.003190394460517807,-0.013457386017991476,0.0008466057172732859,-0.013079004955861735,0.000846605717877648,-0.008549061420805743,0.0008466057172725983,-0.008341322263322189,0.0008466057172725797,-0.00728942554187878,0.003449388968778517,0.000694523416037858,-0.011496457357664528
2016-04-21,-0.004229270624956446,-0.009636530317473095,-0.004076241015686993,-0.009180747183604114,-0.004397486064523858,0.0016015685716119948,-0.0042735254004180375,0.00408719734997172,-0.004913024614849899,0.004087197349899451,-0.005992734523226893,0.004087197349971705,-0.0059586367879904375,0.004087197349971701,-0.0068551788712730224,0.0034602348207601187,-0.0033796303376466066,-0.004866695666151023
2016-04-22,-0.01134364565850638,0.007431918497935846,-0.01177600308879178,0.006743833141396839,-0.010064370675498823,-0.024926668476850888,-0.010488082477637675,-0.0360217496919291,-0.011943220701155766,-0.036021749689983514,-0.003628463560697834,-0.03602174969193077,-0.0037653593503993513,-0.0360217496919308,-0.0019307607817885594,-0.028249167871539933,-0.005185131094869195,-0.0076418039952516085
2016-04-25,0.0017537082765128505,0.004713625116015525,0.0017164947305338635,0.0045657926232654505,0.003617617317462737,0.0056339848165908556,0.0036132255322099405,0.003950313056803487,0.0030494972844635386,0.003950313056698174,0.002052584831220496,0.003950313056803611,0.0020081699797853884,0.003950313056803613,0.002851534431953907,0.0028229186388348797,0.000779476234411618,0.005811493015208942
2016-04-26,-0.006196370869389933,-0.007180203632811749,-0.006289441923541438,-0.006636901705696356,-0.009841761546963071,-0.012241861026978027,-0.00991998003936535,-0.01620865919369882,-0.01051724261305528,-0.016208659193499623,-0.008786946127189088,-0.01620865919369868,-0.008789431060263234,-0.016208659193698672,-0.0073339840082829455,-0.014154538067615368,-0.002131972936359281,-0.008137735743368351
2016-04-27,-0.0002751393354774375,0.0015106468032106408,-0.000304985619263302,0.0017326196332076355,-0.00011866685484396636,0.0003142069422810598,-0.00016695790236345872,-0.007244417412148918,-0.00719485397381893,-0.007244417411640003,-0.007543415455039959,-0.007244417412148994,-0.007782955212810547,-0.007244417412148995,-0.005912684697167505,-0.004747375454123236,-0.0011539524064787749,0.0029260454341792624
2016-04-28,-0.0018103349297974541,-0.0015650943793303574,-0.0015680961652928295,-0.0025427084082106344,-1.4443455612424142e-05,-0.010805027545454942,3.976453862849426e-05,0.010478339242377161,-0.0006536695535067848,0.01047833924329182,0.0007770772190987456,0.010478339242375791,0.0006434020553461371,0.010478339242375744,-0.010656022078192547,0.011123768409955737,-0.008187309148616602,-0.014657176450439235
2016-04-29,0.001596287179369711,-0.0006313994570080064,0.0016296068181996506,-0.0005924161020036941,0.002792433559914586,0.025074851340677766,0.0027984087353637023,0.032023659081758825,0.0005964008569862441,0.032023659082415314,0.0002991241848409098,0.03202365908175738,0.0002531993673996431,0.03202365908175732,-0.0027839647144651957,0.03186894100256306,-0.001180050678574269,0.01948562841512485
2016-05-02,0.009110914909653918,0.006238267157035206,0.00915236373539198,0.00647710688935067,0.00873409402036874,0.0186119345225673,0.008750613905390583,0.01781133478402589,0.006864252162308767,0.017811334784126883,0.00561758745365627,0.017811334784025766,0.005596201405953975,0.01781133478402576,0.006120604442879676,0.017433298719908875,0.010064229069104941,0.015566101700576235
2016-05-03,-0.006829812904249978,-0.0011774386907676922,-0.006908523121983248,-0.0017088144098740261,-0.004981945456423227,-0.012548511805154868,-0.005034690680447428,-0.012528088524958904,-0.002069916602312553,-0.012528088524841885,-1.4339750534624399e-05,-0.0125280885249591,3.501152984544041e-05,-0.012528088524959105,-0.00019629493762432883,-0.012814330081850829,-0.008247853205395148,-0.010283806649161037
2016-05-04,0.0021092962097472513,0.001726584515611188,0.002129833192427666,0.0012767511096286237,0.003069276766242438,-0.005242087533577601,0.003074952060371243,0.002843283602990157,0.0014673896194315043,0.0028432836026492836,0.0008811759447805089,0.0028432836029901208,0.0008321698935734903,0.0028432836029901164,-0.002515711758131669,0.0019420653235303236,-0.0034792994262553777,-0.005398697217132708
2016-05-05,0.001800278139845168,0.0018559631487737461,0.0017800765893074444,0.0019520967479102686,0.0007132659303793085,-0.004057248871184735,0.0007201261541862178,-0.0044447752126984645,0.0004971147755306065,-0.00444477521276102,-0.0006129855280655158,-0.004444775212700098,-0.0006982860965466176,-0.00444477521269841,-0.0017796603261656407,-0.0037461510202592006,-0.0008098777017913363,-0.003652775671808377
2016-05-06,0.006992465151276232,0.004418578195028709,0.007058451573271909,0.004790919865771697,0.006743174714177594,0.015595268231156305,0.006791932160768113,0.016337759335798153,0.006816085779550817,0.016337759335798153,0.008331255753409452,0.016337759335800853,0.008417151559327036,0.016337759335798153,0.007715495080605853,0.01587054533529073,0.00594206192190994,0.013142600448059085
2016-05-09,0.002385426266183223,0.0035303782191544106,0.002373376310166159,0.0033182935431793513,0.0027088278512923205,0.0020741986730113027,0.0027036238175098303,0.0029532333013817763,0.0027013180622638133,0.002953233301381775,0.003150021585206523,0.0029532333013852076,0.0031733256709281683,0.0029532333013817746,0.0019909351937225997,0.0021057955503533815,0.002214452538147631,0.001384332540931886
2016-05-10,0.011872198044241713,0.008675169249512487,0.011871212043356828,0.009434667757165246,0.009595502337764263,0.020650266770758142,0.009612141337348395,0.019576850997678318,0.00961960336499976,0.019576850997678315,0.012160785649906749,0.019576850997678537,0.012261467711555233,0.019576850997678315,0.013137278217426438,0.018596325662020876,0.012264794443829196,0.018885941931089244
2016-05-11,-0.009836564113472668,-0.007196422947160774,-0.009873886002987472,-0.007067677672025272,-0.010125882649139264,0.0015354108719903507,-0.010158287567622838,-0.0016285619040321672,-0.010175211394624229,-0.0016285619040321663,-0.006165495079789069,-0.001628561904032984,-0.006115842192347086,-0.0016285619040321668,-0.0029275698026780717,-0.0018157269803768872,-0.0101365713736084,-0.0007486206350097934
2016-05-12,0.0036201132359086393,0.002534236849308532,0.0036150624313114926,0.0024964237586245623,0.0014448277508956726,-0.0005314666728638011,0.0014157760937520151,0.003767269480732747,0.001399009489993566,0.0037672694807327485,0.0021669985997757055,0.003767269480730814,0.0021631770368804055,0.003767269480732749,-0.0009498644217057863,0.0038351443966128016,-0.00031041066932740785,-6.95414676800299e-05
2016-05-13,-0.009603336455589789,-0.010118811835742638,-0.009548698498228897,-0.007269755694433576,-0.009346650068135984,0.04066391512035135,-0.009282126002904886,-0.006689278998074021,-0.009249480405918865,-0.006689278998074022,-0.009575732732897135,-0.006689278998073409,-0.009546994917284514,-0.006689278998074022,0.009237666858620866,-0.007205882053085634,-0.0032027796943513167,0.039767468292891475
2016-05-16,0.006915501619490549,0.006517709477393753,0.006853415530354896,0.007166835603878528,0.005674108164487594,0.007070975998306247,0.005619689869982015,0.0011905144336069923,0.005593551802190881,0.0011905144336069927,0.0038378875081267073,0.0011905144336020143,0.00381792939316571,0.0011905144336069933,0.00918132301728581,0.0012608791605862105,0.01043082152011031,0.00975055385301849
2016-05-17,-0.015417704207191754,-0.012511668053551412,-0.015397110871568176,-0.013095060285508879,-0.014095841516606408,-0.010578376632013482,-0.014050369723815202,-0.015852114390323902,-0.014025276139126353,-0.0158521143903239,-0.01354166672787467,-0.015852114390322865,-0.013565093821433238,-0.0158521143903239,-0.011316675687156805,-0.0144512433350569,-0.010864423682347106,-0.012275940144419876
2016-05-18,-0.0018765003970606696,-0.006683158502031322,-0.0018032577480023584,-0.005576481591103717,-0.003502055909879865,0.009591668119509148,-0.0034039319537232187,0.002963911488668502,-0.00335298915030748,0.002963911488668502,-0.00284259309037885,0.002963911488667404,-0.0027610879912007362,0.002963911488668503,0.0006431109213126435,0.0016850393509251786,0.0030610655096314377,0.00789260507373527
2016-05-19,-0.004222860259836266,0.0026869320877542903,-0.004262120569732903,0.0012117192754021728,-0.002387317176711822,-0.0012634107945210355,-0.0024503183717666873,-0.005335250989915318,-0.0024819881543965013,-0.005335250989915317,-0.002350364102335842,-0.005335250989913729,-0.0023624764248934495,-0.005335250989915317,-0.0008587336787478937,-0.004580707734291368,0.0016394947799077645,-0.00035141782284170864
2016-05-20,0.0005853269130000447,-0.0017431130314057258,0.0006705946643064098,-0.0015112331701180887,-0.00031465371020124094,0.009492835595460596,-0.00021502153474578685,0.006505316921785154,-0.00016270595665155655,0.006505316921785154,0.0003912563700955072,0.0065053169217853535,0.00047285050194302005,0.006505316921785154,0.0021684131833438467,0.005849025980372003,0.005002208838251146,0.006698961969261119
2016-05-23,-0.003967918463636447,-0.0009127761641483169,-0.004038219441757776,-0.0010980067918130115,-0.0024173678084194647,-0.006254769583192655,-0.002490915282466598,-0.009129834870989216,-0.0025274897815474053,-0.009129834870989216,-0.0030846296573723083,-0.009129834870988285,-0.003146107858736072,-0.009129834870989216,-0.00046195943386330787,-0.008375159375950715,-0.0031634702434060235,-0.004327349661899812
2016-05-24,0.014820559187059813,0.008195517548628973,0.01488331304724745,0.008657592435282201,0.011566150466007733,0.017165345373404188,0.011653207949415682,0.017401334503892783,0.011698845080052266,0.017401334503892783,0.011277964549670635,0.0174013345038877,0.011328313693155142,0.017401334503892786,0.011569260635353459,0.01509827552666026,0.014685224997101783,0.015842964335597096
2016-05-25,0.0022326178486323147,0.003391234237683269,0.002234290436588348,0.002850851967472409,0.0030813009221949683,0.0016874423989336564,0.0031073806405998708,0.005354503047761994,0.0031226454454649317,0.005354503047761993,0.0039190314578165485,0.005354503047760179,0.003938399860465839,0.005354503047761994,0.004081557618096561,0.005904143474608949,0.0066970977576391155,0.0004086396763977965
2016-05-26,0.003145160368544995,0.0018995504486999078,0.00318321408808495,0.002247319682757149,0.0028761362893298167,0.00982840679033118,0.002885089142247106,0.005882183335619853,0.002885998628001671,0.0058821833356198505,0.003122569693075725,0.005882183335623649,0.003151473613744027,0.0058821833356198505,0.005937198809149964,0.006058195800407092,0.002401143933282475,0.009896574584983955
2016-05-27,0.0036057025103616285,0.001946075649721368,0.0036153504126750623,0.0018953552340846974,0.003032751434781652,0.0017444906630851023,0.003088851013778709,0.003825922869687014,0.003120010946170345,0.003825922869687015,0.0029095597619404954,0.003825922869685369,0.0029094777150214836,0.0038259228696870154,0.0009028260897343698,0.0035095405295283233,0.0040574256647213066,0.0007896489921357581
2016-05-31,-0.00334915653742367,-0.003949197783244767,-0.003348116583701555,-0.003656603159456571,-0.004429200246872796,0.008537898865621231,-0.004391529469920448,0.004812647324233119,-0.004371063272906024,0.004812647324233121,-0.0019327897081049682,0.004812647324230101,-0.0018453958496456352,0.004812647324233121,-3.523814688619845e-05,0.0025131496502114807,-0.002387627067943302,0.006467651733098192
2016-06-01,0.002059955339253645,0.004364798833965129,0.002022583277099843,0.003398593232060217,0.0036956292882494783,-0.0009403631754842419,0.0036690973708368773,-0.001905457880280259,0.0036573966636923097,-0.001905457880280259,0.003490232545292271,-0.0019054578802799177,0.003436187021761278,-0.0019054578802802588,0.001145091220425251,-0.0014936978617788531,0.001972084360693813,-0.0005009203499951876
2016-06-02,0.0034569810008083556,0.00662291431532447,0.0034244891759493503,0.006475256715544885,0.004368899346005241,0.0056035492557277205,0.004327134170157451,0.0016687950914541906,0.004305738580859746,0.0016687950914541895,0.005081664564423469,0.0016687950914573884,0.00509058945438632,0.0016687950914541898,0.00437118538952389,0.0017756209150989503,0.003970026431884545,0.00586225232312893
2016-06-03,-0.0010730293338813996,0.0045115473747582525,-0.0011439997914810807,0.0036669989305160335,0.0014901073561361384,-0.007602725001435244,0.0014170729938443184,-0.006977240311612697,0.0013810645133857124,-0.006977240311612698,0.001587508192571617,-0.006977240311610421,0.001519241640532025,-0.006977240311612699,0.0005925957533419682,-0.005533188293202066,-0.004044298688715488,-0.005395841940120237
2016-06-06,0.0010467962338448523,0.005693121800219496,0.0007567651118144502,0.005467149859617183,0.0007723702588836349,-0.0011461670083686313,0.001322054212693546,-0.0016563044590653662,0.004121317329998402,-0.00043040565335902175,0.004115637717072017,-0.0004304056533585375,0.004096024763386667,-0.0004304056533597836,0.0028775256391088454,-0.0005812845164912353,0.001917601591292258,0.0013189549679178422
2016-06-07,-0.0005667882590579417,-0.002016061532197753,-0.0013722667731183144,-0.001663427810953682,-0.0013849948762199795,-0.0031105974497126748,-0.002271489275258645,-0.0031105974497211684,-0.002540881311234633,-0.00346978656286844,-0.0025219620725257796,-0.0034697865628684718,-0.0025021394568068654,-0.0034697865628685156,-0.0013082300575311236,-0.0012870908449077434,-0.00012232087582081172,-0.001289559560884719
2016-06-08,0.004617283442862065,0.004840937898848395,0.004083601459808361,0.004268574396981188,0.004148100793215637,0.0034554063180824678,0.007027190426993747,0.003455406318047298,0.007360775769283854,0.00755042881535844,0.0073816085431616975,0.007550428815358459,0.0074032694906998224,0.007550428815358772,0.006464446335060779,0.007442969134635429,0.0036643968391249573,0.0018506378990353872
2016-06-09,0.001009161361965133,0.006767605094747737,0.002794592829490599,0.007110037544832709,0.0027376424505472577,0.008588088271100275,0.0037311917710183477,0.008588088271108534,0.004773240121837754,-0.00012497344439174973,0.004763016791352412,-0.00012497344439174756,0.004752341542996646,-0.00012497344439027866,0.0074760624009783585,0.00041048560498209967,-0.0007974476666503218,0.010535449264680185
2016-06-10,-0.005554874600974133,-0.0007092552148445747,-0.0031730441016010716,-0.0008632598716317892,-0.003321920600892015,-0.01765259413941863,-0.004199448532824219,-0.01765259413941835,-0.00471700860039201,-0.01296541853578717,-0.004772908435893204,-0.012965418535787225,-0.0048308648243680676,-0.012965418535788406,-0.006120406230404549,-0.013501501093673795,-0.007687871229188486,-0.010581208210217605
2016-06-13,-0.011702031430895392,-0.0054493612020217195,-0.009380556073022314,-0.0053838560553696345,-0.009447691436824158,-0.004331728648518977,-0.0076429081560868035,-0.004331728648543058,-0.008398496498195736,-0.011123140540880302,-0.008420804904410151,-0.011123140540880299,-0.008443617773845209,-0.011123140540878367,-0.004626482580712611,-0.008402494321920589,-0.007276692393497153,-0.0015088498073308747
2016-06-14,-0.0014369643632359756,0.0024322426522077525,-0.0003055964748746948,0.0021502898990160306,-0.00027649191360890166,0.005073689511146797,0.00020900065095780365,0.0050736895111450665,0.00270221651902734,0.004252611477029296,0.002692891396137211,0.004252611477029371,0.0026835560851011324,0.004252611477030095,0.001960575988134235,0.004067725913030499,-0.0008809203698204414,0.002348216641135862
2016-06-15,-0.0017056563901569812,-0.002834507622870134,-0.0016778824974073006,-0.0024118541764199994,-0.001679567875472781,-6.245831295737026e-05,-0.0013793717670161402,-6.245831295625982e-05,-0.0029355460577903123,-0.003704050893159436,-0.0029285182344006163,-0.003704050893159483,-0.0029212787299182875,-0.0037040508931590922,-0.0013968009781871711,-0.0040648227685776625,-0.0016230224417364658,0.00017388087623743716
2016-06-16,0.0033044880558476745,0.005294659132084628,0.004488087378980622,0.004874516451596419,0.004370048421514738,0.00093445050193546,0.003947926363678821,0.0009344505019755136,0.0036522556359169633,-0.001029245244474944,0.003626663704448539,-0.0010292452444749588,0.0035995726982252945,-0.0010292452444759525,0.004115106615554537,-0.00200074447829873,0.0055792312466848865,0.0044505204127582385
2016-06-17,-0.011966503812432142,-0.008435302703388332,-0.008861844908938085,-0.009396723156824126,-0.008997550818122391,-0.01624044474694348,-0.009251854747856558,-0.016240444746905978,-0.011565568794477302,-0.01704270951271102,-0.011641834100500136,-0.017042709512711068,-0.011721460494535348,-0.01704270951271199,-0.01259030615702278,-0.016032079175832607,-0.008606675935706671,-0.01428700580162428
2016-06-20,0.00470723686017047,0.00467782479180558,0.002674341739482581,0.005377999069714081,0.0026826125564476926,0.009825982943829772,0.003438588375896568,0.00982598294383792,0.0027921877270630983,0.00484629289679203,0.0027769394610930045,0.0048462928967920515,0.0027607426910917486,0.004846292896792947,0.004409593521292738,0.005989913432606283,0.005318295957560983,0.01066366561631116
2016-06-21,0.004246005912611701,0.0014692609092118731,0.005308268523341779,0.0011981066231782412,0.005352419239571743,0.0019933444149977313,0.00280154965281258,0.0019933444150101167,0.0036086258277699245,0.006838340282794445,0.0036210439130073277,0.006838340282794456,0.0036340275067212277,0.0068383402827928395,0.0020293169332165698,0.005215441521653407,0.004102764875287664,-0.00011789617646537662
2016-06-22,-0.0032356021946128104,-0.000849283776736361,-0.0014932973818868101,-0.0011077783248860703,-0.0014921446824495376,-0.0034499736727810863,-0.001301647428381732,-0.003449973672795366,-0.0015748027891727063,-0.0031382032161877825,-0.0015751246927191407,-0.0031382032161877973,-0.0015750422453611474,-0.003138203216187661,-0.0012326708292286755,-0.0036676697233203356,-0.0037343548677293906,-0.00391430879539457
2016-06-23,0.010582140214408741,0.007525209483085505,0.008031428102586292,0.007873950389713783,0.008057605464285078,0.016550625806295054,0.007193267025108016,0.01655062580632137,0.007254898412811326,0.011590203185027527,0.007253633195922857,0.011590203185027566,0.007252229020940719,0.011590203185027568,0.009153971661651873,0.01188776165056839,0.012531711397206134,0.015160840059520437
2016-06-24,-0.0279536210824465,-0.021035032540953166,-0.02512692244291815,-0.022169518331369827,-0.025256760343253814,-0.03865235134438634,-0.022576310079748023,-0.03865235134438031,-0.02408459966415635,-0.03388439104191382,-0.024122656896630856,-0.03388439104191388,-0.024163008487839217,-0.033884391041914166,-0.027826057637592626,-0.03230945440146749,-0.03242941010829965,-0.03577240703403049
2016-06-27,-0.011278391199626439,-0.0011241367463138278,-0.00860132480296202,-0.0013548188081117657,-0.008725778444769204,-0.015393335535470726,-0.0059922579544356884,-0.01539333553550437,-0.0059913164247318434,-0.016173520678126618,-0.006036446912133751,-0.016173520678126635,-0.00608375130522003,-0.01617352067812554,-0.004555819887039622,-0.014875242855660028,-0.015004591393564309,-0.007637936480356431
2016-06-28,0.01943650818363384,0.010547814205146774,0.015210182563390772,0.010936589031700025,0.01534392789353705,0.023330147026691363,0.014425237914876989,0.02333014702670999,0.013692173035860991,0.02401043864433249,0.013724184986045048,0.02401043864433252,0.013757501138164157,0.024010438644332454,0.011873417246591807,0.023190380486713316,0.01757347704750105,0.016576711174451163
2016-06-29,0.010197808093370498,0.010516762813996454,0.010032009073437483,0.010105825351179609,0.010030115203504832,0.012598603422114682,0.009122150273091422,0.0125986034221398,0.010284428204210222,0.011058695249283533,0.010276773352080375,0.011058695249283573,0.010269060863688537,0.011058695249282888,0.010665983521471011,0.010595079207919961,0.015972353365478573,0.01105524644554277
2016-06-30,0.005613351632660558,0.01610673220805864,0.013622777007946594,0.01583685472404159,0.013537083037095337,0.0038384994084056084,0.012672057612030514,0.0038384994083931704,0.01383573696194013,0.005169236145449914,0.013793850993365065,0.005169236145449882,0.013749973341839548,0.005169236145449405,0.014218549421025614,0.005286100769610865,0.006204634068299106,0.009494436278245526
2016-07-01,0.0037807095061738447,-0.0017837918715125187,0.0016349863721604073,-0.0018229893107055877,0.0016743600348463447,0.0027026476094231863,0.0014441665834735973,0.002702647609403774,2.9062381768225594e-05,0.006827076594699851,6.117883247743795e-05,0.006827076594699868,9.514468434841292e-05,0.006827076594699937,-0.0005693330483490971,0.006197913051763361,0.0009574968693394979,0.0004560085950601197
2016-07-05,0.002107358058409575,0.007328398407459553,0.003482633538614836,0.00735862037398266,0.003376250731919387,0.004708515667918443,0.0038193201443994028,0.004708515667944325,0.0031086997389484154,-0.0012177634218582915,0.003031579381607049,-0.0012177634218582887,0.002951107441369257,-0.0012177634218578687,0.004346245373691564,-0.001794210451261516,-0.0027721131169095694,0.008072068270153774
2016-07-06,0.0076720956884872935,-0.00021291025243695347,0.005367615667389494,0.0003566262036585801,0.002164226725330489,0.01294173509961208,0.0019989896891599245,0.012941735099609199,0.0023886246002408316,0.01261368745519101,0.002425416107831533,0.01261368745519088,0.0006798131712723978,0.012613687455190906,0.0010657591320544502,0.013173576521304558,0.006898522545061594,0.0042005972827644745
2016-07-07,-0.0037966074173372785,0.002218568169048837,-0.0011210879406053345,0.002949775203794819,-0.0010740284603032058,0.0049576733068149225,0.004971322716979897,0.004957673306815511,0.005373918930542689,-0.0033316613149460025,0.005332437232155083,-0.0033316613149459483,0.008642269372637512,-0.0033316613149459253,0.00878733463873874,-0.004794666211298867,0.0027325543104736606,0.006392853197613865
2016-07-08,0.01142253782695912,0.007149197139626169,0.010721451311832378,0.008080844551543509,0.008881032151405331,0.020877261795553846,0.008524881182511879,0.020877261795554315,0.00748155508154964,0.013615776654374294,0.007480955119529733,0.013615776654374372,0.010283631377631594,0.013615776654374386,0.010751888448814403,0.013494267221831158,0.013362953445322115,0.016610218129396257
2016-07-11,0.005560631096881858,0.0026746210994225477,0.005227190654398998,0.003836098779766456,0.0032578867011588673,0.013033182528976762,0.0028175020696208693,0.013033182528976738,0.0025543617260752804,0.009309628612627895,0.0025412005391143963,0.009309628612627826,0.004287412183426029,0.009309628612627813,0.0045380197647934654,0.009346935123389886,0.004819092071098172,0.010025188010307088
2016-07-12,0.0025316674681624724,-0.00044895272733334554,0.0027885604088135484,-8.683046715897442e-05,0.0014849454088051884,0.003164248790149019,0.0004459305211479447,0.003164248790148695,-0.00029242177036509546,0.0013053695959589335,-0.00027775096835737216,0.0013053695959591276,0.001185014963383703,0.0013053695959591616,0.0014507995260371177,0.0014453493858297762,0.005504549778531547,0.003095569572634265
2016-07-13,-0.0020517132543122116,0.0037049681419348314,0.0002433077775627426,0.0027945438231437676,0.002839375159292544,-0.005690088661425766,0.003532912595155478,-0.00569008866142589,0.002370764376293571,-0.00583990629878195,0.0023428472395948625,-0.005839906298781742,0.003271545080545338,-0.005839906298781706,0.0031316685319781913,-0.006525468201762628,-0.00024175596454300668,-0.0006279612954681398
2016-07-14,0.0027854730296118114,0.00037026872408794893,0.0028327743359103036,0.0007367995420445501,0.0013336627250028128,0.00466833806178525,0.0005821889532945844,0.004668338061784935,0.0021886998865179213,0.00376142277736107,0.0022506685527932733,0.0037614227773610774,0.0028967212784305617,0.0037614227773610826,0.003209719994985816,0.003378477919263214,0.00371463014653961,0.0029109243092976063
2016-07-15,-0.0011896333216658166,-0.0011482604185459782,-0.0009123021956196716,-0.001760696465042193,-0.0006911649422980311,-0.006942825507914413,-0.0010220622002786684,-0.0069428255079149424,-0.00094895527676055,-0.0035750343195029175,-0.0009390098772041485,-0.003575034319502863,-0.0017207662276187987,-0.003575034319502857,-0.0018422826108839027,-0.0031913344203067114,-0.0010730131498656445,-0.005696518615886828
2016-07-18,0.0066749544945461725,-0.00012085235893812647,0.005600402025103327,0.0006688782195688428,0.004016215068453845,0.010625983805855043,0.0024396697377287676,0.010625983805853976,0.003048873568198437,0.014350108387548677,0.003084609272129719,0.014350108387548492,0.0014543898257840474,0.014350108387548475,0.0016114372696864956,0.012987666958109753,0.004162287845816714,0.0020435159116109097
2016-07-19,0.0028307755395381466,0.007138768262850772,0.0026498619207673494,0.006797167888973261,0.004235866634559242,0.00784067177862528,0.004544281239891663,0.007840671778625885,0.006239864474163768,0.0031691239047854794,0.006232374554531783,0.0031691239047851342,0.006216737204624588,0.0031691239047850718,0.006253528669465306,0.004734327223733613,0.0021901817135854484,0.009271230495584338
2016-07-20,0.007393706694870916,-0.0012899039463214216,0.005466449854944546,-0.0006458941131422419,0.005726225001287507,0.010008697415931238,0.005201848791805601,0.010008697415931645,-0.00011851048552743454,0.012370891628733617,-9.769002856025672e-05,0.012370891628734334,0.00012704766848264267,0.01237089162873448,0.0003892585994756924,0.006634766265813965,0.005078830100695906,0.004617609182121576
2016-07-21,-0.003439289879676705,-0.0018690335943011478,-0.0035691001414266503,-0.00235493286347951,-0.0025015874761168833,-0.0096280979998309,-0.002819944892983065,-0.00962809799983139,-0.003167991598841289,-0.004997167247868637,-0.003180175579040268,-0.00499716724786858,-0.0039501302541693085,-0.004997167247868574,-0.004211261067088182,-0.004989816429410066,-0.004639137666745494,-0.006115716148181836
2016-07-22,0.004554455318653706,0.004563517421340992,0.005041289208318912,0.005145335205053067,0.005716920134018252,0.009962408557307503,0.005279167268081198,0.009962408557307774,0.0030628657367017175,0.004459846887168155,0.0030230063930965956,0.00445984688716832,0.005384478908979664,0.004459846887168355,0.005603087574217994,0.0033361334755446894,0.005476729330680317,0.00973048641082517
2016-07-25,-0.003450019779773344,-0.0016507241007504773,-0.0028154518317923287,-0.0010708499804592453,-0.00204259428583435,0.004758144118146658,-0.0014301043525686541,0.004758144118147221,-0.0031135496742859025,-0.0009650364853399981,-0.0031653390586342503,-0.0009650364853399431,-0.0019036643583630862,-0.0009650364853399156,-0.0017513544679356437,-0.0036991598710404924,-0.0033072688926143773,0.0026722995863194456
2016-07-26,-0.0036489990971794108,-0.00433287745494039,-0.004068411805288783,-0.004289486007047725,-0.0042516907174726,0.0024937901034166733,-0.004419421007546838,0.0024937901034168576,-0.0051672710223230126,-0.00253752349193259,-0.005161084134107388,-0.0025375234919325354,-0.0031142490401550723,-0.0025375234919325206,-0.0027773994704111795,-0.0029687770599718826,-0.0008894984844032906,0.001556728567250489
2016-07-27,-0.006167225207828973,-0.011580340860755114,-0.00663882882947034,-0.013302600749315665,-0.006486767714052434,0.003237761105057693,-0.007803095569169764,0.003237761105057502,-5.8981244166742865e-06,0.006393480064317923,0.00028179430636148277,0.006393480064317623,-0.0022118684120602757,0.006393480064317572,-0.0014302020846932257,0.006988649785946246,0.00026862730133558866,-0.010483889639487317
2016-07-28,0.005110362667772962,0.0025626776944323183,0.003969827028636499,0.002611492087512272,0.004705808116553693,0.011679073087602026,0.004276027998459591,0.011679073087602547,0.0056432167351279415,0.012088275671267561,0.005685892678218256,0.012088275671267345,0.004584189783946147,0.012088275671267308,0.0046754737311736514,0.011593084102263848,0.0038719823594388055,0.00526035526422624
2016-07-29,0.003950458876661972,0.004981826290813596,0.004130850528358311,0.004801614068564835,0.006833096446528991,0.008169819522123476,0.004059986693469579,0.008169819522121423,0.0030619804527692966,0.010752550991974462,0.0030358806920214414,0.010752550991974414,0.005515233230028618,0.010752550991974407,0.005615292040077509,0.010594280505083473,0.002523545518153347,0.008261335631842925
2016-08-01,-0.0015994571809290381,0.001572629329435352,-0.0023647287495433492,0.0010270042772335525,0.002454166696231024,0.003695310930421243,0.0014684965595024792,0.0036953109304205542,0.0034778176445731486,0.007889160423687161,0.0035368860063686217,0.007889160423686965,0.002651514411570677,0.007889160423686951,0.0027007193033141428,0.004777111989182835,-0.0002606053426650277,-0.00012438236915099873
2016-08-02,-0.002220064192428778,-0.0017127312151159902,-0.0016408120350936617,-0.0022294565757799444,-0.0014626383489667178,-0.009493403578798,-0.002104148483909862,-0.00949340357879868,-0.003639854051559307,-0.006049283117200383,-0.003688695139978563,-0.006049283117200269,-0.0039623635551041415,-0.006049283117200256,-0.004240085640230222,-0.0055649910318942755,-0.00424132099414873,-0.006379959986650479
2016-08-03,-0.0009419112381988524,-0.004309035468783122,-0.0012262547423227967,-0.0034506881941116807,-0.003066162637611886,-0.0031033984237123537,-0.0031004779742986933,-0.0031033984237124656,-0.002501175304541216,-0.003517214507756254,-0.0024430110286489818,-0.0035172145077560614,-0.0016416569781839369,-0.003517214507756027,-0.0013881333167161405,-0.003182265747316356,0.0018246223631568266,-0.0024607127836287664
2016-08-04,0.0030361075179002853,0.0010692644989154167,0.0023275941756214333,0.0013554430867972723,0.002627599992992149,0.012049330001361349,0.0015568168010686347,0.012259018735164136,0.0017967706659661623,0.011678077947213164,0.0018222646855630049,0.007044710478462605,0.003905975413649821,0.007044710478462603,0.004215456571331581,0.006084244391677983,0.002410858416501019,0.005864615250778177
2016-08-05,0.005613011238009845,0.0016411680129721292,0.00519793932360296,0.002270414955545158,0.004762627891221081,0.009164489535799271,0.004018952041191508,0.010259096535231703,0.004059729008980356,0.010259096535233552,0.00410365842215443,0.00859596916956613,0.0045458351456329985,0.008595969169566134,0.004888539394848491,0.007722334534776464,0.012913906575690831,0.006179784790250348
2016-08-08,0.0014968982457905379,-0.002692558903175091,-1.4740894878916206e-05,-0.002373722176559226,-0.000687257863351739,0.003960812875922802,-0.0014531487596197456,0.0030636364787244384,-0.0014269044339756966,0.0030636364787205547,-0.0013989054275853597,3.137218250780503e-05,-0.00023492235242871277,3.1372182507806086e-05,9.73785228429436e-06,0.000545341746248244,-0.0007591983305827022,0.001248362627916232
2016-08-09,0.0013849905443859057,0.0005731638386481373,0.0012868468851820354,0.0006660801886275828,0.0012131014638404908,0.0010906048593275826,0.0007333447415486893,0.001251437298403094,0.00073722884164745,0.0012514372984043746,0.0007417530243383885,0.0012852484079223568,0.0007035087226096053,0.0012852484079223573,0.0007492551996756951,0.0011627124281688888,0.0013228140303870363,0.001261895539862074
2016-08-10,-0.002628941147611298,0.002510213078512375,-4.70648280154793e-05,0.002332285194284098,0.0005654855148305801,-0.0034346493632696146,0.0010994956405881047,-0.002144895941166713,0.0010718122055768243,-0.0021448959411641917,0.0010424142844832514,-0.00026818337280175666,0.0002481230312385888,-0.00026818337280175704,4.4158151932995136e-05,-0.0011235678103040255,-0.0014588345472876752,-0.000801345764265839
2016-08-11,0.0026060776141537713,0.0029048744642957156,0.002565515784560312,0.0034196656915754147,0.0016060856321075529,0.008453911926517212,0.0014294706288534938,0.0071597661099440275,0.0014219744659842149,0.007159766109938594,0.001413871836811405,0.0014690567599238492,0.0034794162434276564,0.0014690567599238511,0.003719140904928145,0.0022447366116133487,0.004535479303612107,0.00846401060802289
2016-08-12,0.0008953820409928959,0.0028429992405120084,0.00041062325887198585,0.004383051476708451,0.00038406497975093006,0.017998855063298288,0.0011909675355319498,0.017107039441739913,0.001192468843933247,0.01710703944172675,0.0011938849179721199,-0.0005789551644057378,0.006920682649348431,-0.000578955164405733,0.007700597364526281,0.0007880402026638911,0.00244047533536349,0.016932099670169877
2016-08-15,-0.001240114638948184,-0.0027375789720624623,-0.00035241209599814777,-0.0024835764031732824,0.0003370016559734,-0.003623182341843066,-0.0008950547311483197,-0.004355310700239868,-0.0008763684476617873,-0.004355310700237385,-0.0008559494124081887,-0.004029203040154391,-0.0007897307824449334,-0.004029203040154392,-0.0007214149186617599,-0.0037427659293428972,0.0012484269514111102,-0.0031087623334212313
2016-08-16,-0.006003779311742822,-0.008972228327873958,-0.007306767310045615,-0.00907339558749487,-0.007247243145923238,-0.005146002396953767,-0.00699527027798298,-0.00559188736027647,-0.006966501093836905,-0.005591887360276813,-0.006936001002639823,-0.005519482034594301,-0.006928341615926592,-0.005519482034594303,-0.0068139508950971085,-0.005111428839309292,-0.004230400521438496,-0.008546511057187399
2016-08-17,0.004119908977599684,0.004234480617780637,0.0045165803660229915,0.0033130106180652213,0.0047718402006739855,-0.0034540116554816155,0.004979838177448234,-0.003585855144958764,0.004963874107705581,-0.003585855144952487,0.004946790423184972,0.0046278305458028,0.0021004859329634543,0.004627830545802799,0.001643502104718547,0.005078697149273847,0.00045860516568094764,-0.0034518186392186504
2016-08-18,0.00030736221649692026,0.0016888006249834284,-0.0006120319124612053,0.001817698163636113,-0.0008505850161497294,0.004785575453122292,-0.000570224329127411,0.0031529363857673584,-0.0005725754640865469,0.003152936385762556,-0.0005752698695688245,-0.0021012489653390084,0.0013220160795724364,-0.0021012489653390062,0.0015374951295917473,-0.0008695760834417038,0.0014309254745599497,0.004510396676258416
2016-08-19,-0.003070488083468167,-0.0021216483154583177,-0.002175929093352103,-0.0019081368731962097,-0.0013738312010918435,-0.004068267924520606,-0.0014786196059291404,-0.0032666173424658095,-0.0014686645627762195,-0.003266617342465971,-0.0014582030996681333,-0.0047771058959982775,-0.0007856330484199401,-0.004777105895998277,-0.0006973824044597143,-0.00599967012296552,-0.0022221411333664463,-0.00023502700930204236
2016-08-22,-0.0021374429828279833,-0.003934393628650269,-0.0028916055503824976,-0.0037701891913953533,-0.0032045896560947934,0.003173587957158372,-0.003220968450287844,0.0032073508304697653,-0.003217648656137231,0.0032073508304645715,-0.003214606578943902,0.0013659374511370559,-0.002461704650685533,0.0013659374511370559,-0.002349285632460546,0.0009077608959740155,-0.00046332159527138204,-0.0018691710055773266
2016-08-23,0.0024201509689579545,0.0021475427082503274,0.003036066097394664,0.002312327790633536,0.0023973950986214687,0.00387737452945225,0.0019319362538068531,0.004087263309714201,0.00192934851326064,0.00408726330971084,0.0019265894440949583,0.0019506919823652498,0.002795455972585321,0.0019506919823652498,0.002871173083834116,0.0013141190692435559,0.001597758248792567,0.004925502599524835
2016-08-24,-0.0033405465724882163,-0.003139411326666023,-0.003590372686300878,-0.0032733301150164196,-0.00255458919035028,-0.008307078570718695,-0.004320625403631484,-0.009193835555663055,-0.0043512740168580475,-0.009193835555659124,-0.004383245667559362,-0.005215222399142303,-0.005577055204162898,-0.0052152223991423045,-0.005835709453264454,-0.004807404511944418,-0.003686911963348574,-0.007195038469718354
2016-08-25,0.0004162892065428357,-0.0019659679964725654,0.00043685315489831505,-0.0020576337858039086,-0.0001399536899278135,-0.0005124846825820929,-0.002540044263963182,-0.000498982494884044,-0.0025639256524158023,-0.0004989824948860318,-0.002588737501978239,0.0012867603637995552,-0.0029801213664093487,0.001286760363799555,-0.0031156258441319513,0.0006037947480192462,-0.0020148221767802843,-0.0014029582246708873
2016-08-26,0.001329779462086947,-0.0013648644868908876,0.0002552643690836615,-0.0011276501352148255,-0.0013838359505515708,0.008333755253591466,-0.0016652020426696109,0.009135860757927716,-0.0016673071970361934,0.009135860757922557,-0.0016694537304393275,0.006942746191006642,-0.0011472460593573335,0.006942746191006641,-0.0010077800116945121,0.006623921003806734,0.000995103166445599,0.00335730309501663
2016-08-29,0.005471036072887568,0.00619465861482542,0.0052864872227965315,0.00589884211709648,0.0054218203822668145,0.0052136049668277205,0.005747269026998346,0.0048208669986720375,0.005731835687193522,0.004820866998670607,0.0057150605058901936,0.005790528506081992,0.005330736447774343,0.005790528506081991,0.005179701135929617,0.006390409898898031,0.004052171483952391,0.004433685858763094
2016-08-30,-0.0053866600520950944,-0.005850689141847953,-0.005819830585450843,-0.0059456602209913886,-0.006114578567860598,-0.005187738484815896,-0.0060182804195030234,-0.005334844174947876,-0.006017214151864435,-0.005334844174947545,-0.006016179000908273,-0.0049342256417534746,-0.006116299066282552,-0.004934225641753475,-0.006108986749295402,-0.004915718412289801,-0.0025196640638948152,-0.006240604110662498
2016-08-31,-0.0017892835671536522,-0.000633691361443348,-0.0004873012070339515,-0.00048620119312031083,-0.00020436053659199978,-0.0012278619934637774,-0.00010917707023923653,-0.0003879529675227538,-0.00011291195733364925,-0.0003879529675247212,-0.00011696129509399162,-0.0002418534559606627,-0.0003050667705119883,-0.00024185345596066358,-0.00038755062266708506,-0.0006003630715963173,-0.0014072346562818392,-0.002196911163248989
2016-09-01,0.0025054112515618524,0.004478439444698052,0.0024512273532747877,0.004527923392118904,0.002888137060376479,0.009172796509908033,0.002393465336545976,0.009736926469379058,0.002393607650221955,0.00973692646937393,0.0023941555529701126,0.0015033426574559085,0.005136423459253852,0.0015033426574559109,0.005526438051380542,0.0009091880839527014,0.0015575797196521759,0.009018403381706019
2016-09-02,0.0033869293923635773,0.001137843869451525,0.003620629972583138,0.0003622046245732994,0.0040460055902206684,-0.001521628287621223,0.003873158824924454,-0.0015198599596802636,0.004617597294819074,-0.0007792680531675597,0.004638621301700002,0.0037154488436688064,0.002958657693179751,0.0037154488436695605,0.0024461896111519573,0.004294398846407038,0.003792155715258547,-0.003275403705662038
2016-09-06,0.009172107895070844,0.00346146800939517,0.007861625420846612,0.0036703030162868818,0.005765076836822759,0.016743344667100472,0.0057670294833304285,0.016743344667101857,0.005331635316345429,0.018246622613316464,0.005318159818719995,0.018110424095328564,0.0047729163700546,0.018110424095336503,0.002606278815509415,0.01970064795410131,0.004431245587092589,0.007247666849857587
2016-09-07,-0.0007148456435976034,-0.00568964002364241,-0.0007057582886623706,-0.006160176951598717,-0.0010179221419474357,-0.0029502322974152475,-0.0009488208956229362,-0.002950232297415372,-0.0012719594593867767,-0.0030407545310065236,-0.001236320253277357,0.001458687000505725,-0.0026813425498498963,0.0014586870005059971,-0.0044419837970167035,0.0018111729894142385,-0.002533493964893383,-0.00817640358261077
2016-09-08,-0.004079253033333508,-0.0008397910450932778,-0.005045526901167119,-0.0010260431858665937,-0.005344665331126361,-0.00017423777385435087,-0.0054666675831001686,-0.00017423777385422746,-0.0047395973081096575,-0.00041275117016445473,-0.004801778184606292,-0.0042571860550642375,-0.0034904680820786586,-0.004257186055064272,-0.002241229655595893,-0.002652977047909363,-0.0023569516402990143,0.0009210960681086985
2016-09-09,-0.02002014695511373,-0.01914211150085094,-0.021274196176344518,-0.020028158911424856,-0.02136598099528064,-0.033519571373567834,-0.02139691304360248,-0.033519571373568216,-0.020571208273553243,-0.03318388007745582,-0.020579237245191347,-0.02394293147146963,-0.023787338968926094,-0.023942931471470683,-0.02286912959611517,-0.024555807889452285,-0.020925186743174576,-0.026429755282445736
2016-09-12,0.014284205754217585,0.016352374780244223,0.01647009267080054,0.016985569045406344,0.01699800390701741,0.015926562125199918,0.017027022992409012,0.01592656212519987,0.016958363155314994,0.015743557194935424,0.016972158955525275,0.013660958996929474,0.017770417013623575,0.013660958996928891,0.017679527000132707,0.013134259766629276,0.014277597685878768,0.017969496264842632
2016-09-13,-0.009978888750440918,-0.01318717381794905,-0.00882118571123234,-0.01290182006090533,-0.008810255273707528,-0.01278272994302427,-0.008624277638418137,-0.012782729943024517,-0.008793753959722792,-0.013135611104624977,-0.008688908456507338,-0.012229934160065754,-0.008742319758512534,-0.012229934160067122,-0.008860600013303986,-0.014076399608044849,-0.011689220900734897,-0.013138477896017202
2016-09-14,0.0033030676986576814,0.0016183378452393673,0.0034224009214694593,0.002084122241766642,0.0041570549201091515,0.0035303445970132196,0.004327858965340839,0.003530344597013719,0.004671827254092981,0.004228597226379462,0.0047644860232638996,0.001536399051723579,0.00553310647764209,0.0015363990517261396,0.0045865509458029,0.000998217112984379,1.763060639574638e-05,0.0032032150313860723
2016-09-15,0.01248974559050096,0.009952077838445938,0.012268930915328264,0.010837753659339448,0.011312965760855923,0.01777896768241387,0.011434834649291487,0.017778967682413403,0.01130696671761296,0.017488395017960137,0.011382318622674786,0.010492195344311513,0.013854500449173166,0.010492195344308917,0.015793839236314618,0.009936461559617965,0.010669523176441612,0.01826353957214143
2016-09-16,-0.001395768295948126,0.0002916063682849298,-0.0007074025831617307,0.00022401862182060362,-0.0018511250283140064,0.005947242694682507,-0.0018549924510599383,0.005947242694682882,0.0003200717057042237,0.005435474978858856,0.0003373131199109246,0.004008897749105959,0.0010303985365929106,0.0040088977491070585,0.00033150502313740264,0.002235682026373609,-0.0023252665053567776,0.0010271605668499594
2016-09-19,-0.0035122778231097434,-0.00021301185374181448,-0.0032751098337588927,0.0002632506890207494,-0.002244601401572278,0.0011093579047352586,-0.002303686743222821,0.0011093579047354244,-0.002373138757093817,0.0013449879127085283,-0.0024107753618637403,-0.003823091771002521,-0.0008007962544743239,-0.0038230917710017544,-0.0020261841813347327,-0.003059729929128446,-0.0007450541789533948,0.002667802906555119
2016-09-20,5.241045250945278e-05,0.001522439305263033,0.0026581348055679916,0.0017045761915305052,0.002776119738717415,-0.0009852174644133815,0.002750098244656731,-0.000985217464413118,0.0027654436821027174,-0.0002225136629229203,0.00274728044670938,0.0034034144445034774,0.0012523428107870035,0.003403414444505771,0.002119191274364228,0.0032674059690418283,0.0018301738231771216,-0.0011907852300776592
2016-09-21,0.00585360454734609,0.005050752780860445,0.0053213026678166474,0.005112196197155564,0.005127206170443216,0.016780917843894592,0.005118537760851572,0.016780917843894204,0.005302311481352866,0.015765117242763502,0.005309256943312222,0.010333685531603201,0.007444426437745078,0.010333685531600535,0.008059882059163396,0.010636876310945578,0.010908938636221367,0.008866488433215637
2016-09-22,0.008095752842366846,0.00725259687693988,0.00896167628584976,0.007238388546908701,0.007734529233503047,0.0068500071330946915,0.0077250833474209225,0.006850007133095216,0.008433524306854331,0.00810260040121144,0.008430247463226596,0.010179382600001237,0.0072824922070534185,0.01017938260000504,0.0076081724512818754,0.010426801706032444,0.006490934656981531,0.007037035840960584
2016-09-23,-0.007638209368024405,-0.006544471182084286,-0.008031804503641916,-0.00659077642033574,-0.00840832630110504,-0.005495249904759367,-0.008472763855676609,-0.005495249904759288,-0.008175623624729959,-0.004942095971290088,-0.008204851622083863,-0.005536254182048719,-0.008271900443411176,-0.005536254182048219,-0.006599740469977028,-0.0056219323366276976,-0.005286900841485487,-0.005970819001777361
2016-09-26,-0.005942327047666382,-0.0046272476044923695,-0.00766258825116368,-0.004811438035857457,-0.006812879272645216,-0.007717947448777652,-0.006769363939149696,-0.007717947448777521,-0.00637338903000164,-0.008305562709944774,-0.006348611664241819,-0.009431949008134294,-0.005685797171420168,-0.009431949008134391,-0.006532349835890123,-0.008952490769457304,-0.009555202430356015,-0.006007597936566778
2016-09-27,0.009978288419796739,0.009120336464006144,0.011310985961699405,0.01009771855043254,0.009394985396725957,0.021718194424294915,0.009364650016687476,0.021718194424294675,0.008245489116636114,0.02087951005318128,0.008226305446725351,0.014480113172301332,0.010595229833568101,0.01448011317229955,0.010478229114358053,0.012837248098402296,0.00946782304454442,0.017134127851357678
2016-09-28,0.01024946221889351,0.00435840621537871,0.0032394736141638254,0.003372723794115116,0.0016798918124368164,0.007114336796924067,0.0017091542097685416,0.007114336796924535,0.0012848974839420174,0.006893612221011538,0.0012967860366474347,0.005784398554861822,0.0017646904674318389,0.005784398554863784,0.002666028459622794,0.008848990571798962,0.005443924543517342,0.005433189471671048
2016-09-29,-0.010912167695037724,-0.00987053781701802,-0.010285688448567303,-0.009492820857801532,-0.009131577717563497,-0.0008273862551379549,-0.009158611730393047,-0.0008273862551375664,-0.009620742258897546,-0.0006576788083045445,-0.009642351539146124,-0.006360575571594834,-0.007828381885552658,-0.006360575571593032,-0.009065229868569008,-0.006136365135642864,-0.009722862655104891,-0.00716585314917376
2016-09-30,0.007821799021683463,0.012034564594575315,0.007429463772561108,0.012368088563242103,0.00745909215046639,0.008744280095597986,0.007441357000770584,0.008744280095598314,0.008336176501849037,0.008572760607503362,0.008330893168066109,0.004289852345818685,0.009860771718767198,0.004289852345819108,0.010622707643542416,0.005570688861022184,0.01151892922809351,0.014085565854936637
2016-10-03,-0.0024714883723072237,-0.003541326999926951,-0.0031012757996315547,-0.0033731088476433705,-0.0035161455700261743,0.0003460290904079473,-0.0035133420705706674,0.00034602909040823984,-0.004333454321358176,0.00020088282795816323,-0.004339848317189216,-0.0007204192754301913,-0.003992783193101289,-0.0007204192754292077,-0.004150230899942863,-0.0008645462877739714,-0.002306819073419799,-0.002564877383891191
2016-10-04,-0.0019453048572752728,-0.004254213336495242,-0.002846273255534654,-0.004268617810856193,-0.002696070498041925,-0.004352573812790593,-0.002641411971990312,-0.0033255659746886743,-0.0026306866462088834,-0.002709355662078392,-0.0031946498807780125,-0.0017624643466821596,-0.003167712928014543,-0.0017624643466820952,-0.0026345320748363153,-0.0025992461635277768,-0.0021953880716854986,-0.0022219021401572287
2016-10-05,0.004448028722623991,-0.00019584151951517205,0.001650934346087375,-0.0005617153959649502,0.0004606942435810867,0.005011442007969368,0.00035173975911848465,0.004762322417677772,0.0003592073883929886,0.0038691843552633447,0.00012745787792947227,0.004486832797104764,0.00013056650568287072,0.0044868327971044125,-0.00020631099571317957,0.004735952387396367,0.004011010307633867,0.0030599594312601948
2016-10-06,0.0013104028146262731,-0.0024640899852559173,0.0018011894119726616,-0.0031056247195974116,0.0017016344257896811,-0.004290953323141503,0.001307049411209832,-0.004068558133191164,0.0013230339508770027,-0.004011144239629504,0.00017463488181394392,0.0005373187507639429,0.00018683905922291412,0.0005373187507637765,-0.0014780883337440565,0.0003149235608135969,-0.0008799038864947129,-0.006327806899046704
2016-10-07,0.0016810456367937108,0.0014116667683608042,0.0013237365595770798,0.001013558137526663,0.0015353736323003428,-0.0023071268820945754,0.001606641856967569,-0.0022913328746907973,0.00160510979260662,-0.0026903736522559843,0.0020749583764800407,-0.000993751728769622,0.002069670548875015,-0.00099375172876993,0.0010055572933707624,-0.0010095457361733958,-0.0013971818911429068,0.00036458374173397207
2016-10-10,0.006958684349265732,0.0007685160050699265,0.004906643912523931,0.00014606217690615062,0.004586205283135431,0.006515984229182697,0.006172679310134571,0.005259227332554931,0.006227783919328829,0.006525010658818299,0.005598963058988578,0.009180329281009241,0.005669983504528197,0.00918032928101,0.005245262011131812,0.010437086177636945,0.005422875616668623,-0.000726900972241685
2016-10-11,-0.009468680316736422,-0.011629022695649366,-0.009074173198204449,-0.011595579716808363,-0.008056535267478581,-0.012190651934289304,-0.009811109486786795,-0.012751156625429668,-0.009798773554185894,-0.011851638148665088,-0.011825135781808143,-0.010109309949282445,-0.011816618751248363,-0.010109309949281753,-0.012230696946274662,-0.009548805258142124,-0.010851017951740457,-0.012681301820617257
2016-10-12,0.0013480237342106604,0.0021432175539939113,0.0028202677474273704,0.002430800576781595,0.0031873913560742425,0.0020082979039015977,0.002855385924491431,0.0027321426863101805,0.002863852976598833,0.003143797060510711,0.0028595211155375976,0.0021865403479529055,0.002869275409449327,0.0021865403479534324,0.0032526057538961738,0.0014626955655443205,-0.0006248275224341082,0.0026474858593211322
2016-10-13,-0.004352099292787266,-0.001298056286454991,-0.0037144750808958404,-0.0013700616505126586,-0.0031642999299639073,-0.010798010858480278,-0.0013249546003783871,-0.009799304897829993,-0.0013196494224507532,-0.010413969511235143,-0.0010296369988614762,-0.007764068418474323,-0.001033682673482102,-0.007764068418474996,-0.0018839684276915683,-0.008762774379124578,-0.0038709812311677762,-0.004896515615927039
2016-10-14,0.00029269489831041485,0.0010074157564838723,0.0016978923001407936,0.0014418131596593481,0.0019796218437648323,0.0010801966756568942,0.00046264291523235115,0.0016708699036830164,0.0004716605676897659,0.0008571700189056401,0.00018663811245794176,-0.001073081458538522,0.00019532380342986893,-0.0010730814585400159,0.0012847176809479934,-0.0016637546865645781,0.0008147796435645072,0.0013551220473523983
2016-10-17,-0.001256901981962882,0.00051506327193171,-0.0012029462286386927,0.00033687113048839356,-0.00040092159358054414,-0.00589710607851604,-0.001147709051522147,-0.006522405409745323,-0.0011632674693887173,-0.005895739350062578,-0.0013047942112573252,-0.003959649972457626,-0.0013155483365809887,-0.003959649972457692,-0.0017104027756487464,-0.003334350641228362,-0.0025867275494370376,-0.0025817028903796983
2016-10-18,-0.0005828425101774642,-0.0018301855893255844,-0.0005219508559084097,-0.0024836314550608614,0.00039517993760431055,0.009153919401369072,0.000668895607875278,0.009498639179230823,0.000697078427778897,0.010545411555765516,0.006415160692250701,0.010373335488021062,0.006501886717300983,0.010373335488021478,0.0075798635804652965,0.010028615710159311,0.00807761646984881,-0.0027196732951194694
2016-10-19,-0.0016730941471655705,-0.006360201845318432,-0.0029904524162996703,-0.006608458369018777,-0.002424780472492766,0.0034491934271550185,-0.0025236272153734644,0.0027521555580357214,-0.002507300607772739,0.0036288725347056855,-0.002433502921000652,0.005336399625290108,-0.002404579776130997,0.005336399625291269,-0.003794709491078127,0.006033437494409346,0.0020888197576620854,-0.0063188539808812
2016-10-20,-0.0030419488415673384,-0.0005714380204521932,-0.003526810923493945,-9.025215743254438e-05,-0.0029508991596342033,0.0023379483295827307,-0.0023357005919193465,0.0022423831818801456,-0.0023257876671420544,0.0020989931314433275,-0.0010869600213079629,-0.005334654316115392,-0.0010745441268274543,-0.005334654316115448,0.0012148222459268142,-0.005239089168412781,-9.40004364616387e-05,0.0035542943827872693
2016-10-21,0.0031209739156013534,-0.006689524806361959,0.0035156666472157907,-0.006670552004176874,0.0032429519307220853,0.006585524573820834,-0.002248279644811056,0.011354654063775895,-0.0022407632033741823,0.007440779941542308,-0.002320056920654695,0.01308348262617152,-0.002307657790002261,0.013083482626167087,-0.004242907895896663,0.008314353136216682,0.00099619272506541,-0.0056067999402286284
2016-10-24,0.008516263752491074,0.006385923411207921,0.010368270736936878,0.00816401566918694,0.009303672523005894,0.023193941285751245,0.006185126402965873,0.026071785730220145,0.006182109376502572,0.02524310808402037,0.0041052152106532585,0.0162432326745706,0.004101142148377067,0.016243232674569622,0.008426174495781421,0.013365388230101827,0.009412384602729033,0.016748978636595507
2016-10-25,0.004465435792191919,0.008992756036241186,0.004203017141370054,0.009370848393271227,0.004090663876943079,0.001760569650998268,0.006190785135579737,0.0016349529786144838,0.006189059367276544,0.0007910179704464599,0.006409177316798311,-0.005867359730040334,0.00638830802474331,-0.005867359730041195,0.008914446445518495,-0.005741743057656495,-0.0011934826408306564,0.014495885880752723
2016-10-26,-0.004077012166329432,0.001872262367664446,-0.004716996636761503,0.002153502019926154,-0.003786289600726592,-0.005729658484178096,-0.0051863798209212915,-0.006736768342934078,-0.005265735309389944,-0.006924952142784824,-0.005688421379442819,-0.01028268704384593,-0.005779917801784896,-0.010282687043846557,-0.004558047285817826,-0.009275577185089935,-0.0024686096918892994,0.0028417665072494698
2016-10-27,-0.004308822520542804,-0.00100645825037971,-0.004619713883554204,-0.0014409484176846473,-0.005108109579364177,-0.01204146091256617,-0.0034920734311568555,-0.011660526483251419,-0.0035102168720042644,-0.011364187783543544,-0.003119567859246627,-0.0072409531405683274,-0.0031393163221496954,-0.007240953140568074,-0.004421067321030908,-0.007621887569883096,-0.002930125529377535,-0.006007728033746419
2016-10-28,-0.007110531130293101,-0.0020110195848151175,-0.0034052737709846996,-0.0012262845508899185,0.0014268473336627235,-0.008316283468103848,-0.002561756570689879,-0.012602109488812043,-0.0026083155237878316,-0.011949021436593968,-0.00418859876756241,-0.011281631766659177,-0.004241181276477267,-0.011281631766660305,-0.005850076262849875,-0.006995805745951033,-0.004219552746077113,-0.005122296175805119
2016-10-31,-0.001252581355464977,0.0016608638894617962,0.0008688067551030094,0.0022276393641001836,-0.00011585486600884827,0.007978107473859311,-0.0004362996697267281,0.007165871017224398,-0.0004452262574566328,0.005903689679907284,0.0016019157430414435,0.0010789170090565218,0.0015884509935666833,0.0010789170090565355,0.002739275473743425,0.001891153465691442,-0.0020985429323319774,0.0056485608837699135
2016-11-01,-0.004912586964706585,-0.005322414465727958,-0.005895879123487496,-0.006176823193640537,-0.006175696294221785,-0.012331428542642842,-0.004930504809001236,-0.014183303139584914,-0.004958747360332748,-0.01452879089491864,-0.005877062944663015,-0.00692514807206002,-0.00591460194411503,-0.00692514807206074,-0.008154870302539266,-0.0050732734751179846,-0.005540517043701354,-0.011530804989891126
2016-11-02,-0.008328639120176768,-0.0018776118888352256,-0.005700559110485644,-0.0019321321360460655,-0.005116804991442591,-0.014254247262606568,-0.0033253800999583924,-0.0071865134182530575,-0.003325770265123734,-0.007186513418248352,-0.003098855554203343,-0.007786513418185859,-0.003096315965474308,-0.02058811094544457,-0.0016712931336129717,-0.02038798935592292,-0.0057872580928263005,-0.003034089741482699
2016-11-03,-0.007792903473785776,-0.0009605347072696096,-0.007820275164484601,-0.0010455624808853536,-0.007629917764968299,-0.01956948843414308,-0.007766438160528416,-0.003591828330535807,-0.00781285348601783,-0.0035918283305543483,-0.007858885333768934,-0.003591828330915244,-0.007904569369550004,-0.0187089359399619,-0.003446078740199251,-0.018708935939961948,-0.004362399434807886,-0.005777257523120588
2016-11-04,-0.006468408405470019,-0.0063216908365778665,-0.005838454470180717,-0.00622895403246603,-0.005826104551820749,-0.0052071861521264745,-0.005757975585629462,-0.0040725334478814495,-0.005750489100664629,-0.004072533447875577,-0.005743443442162989,-0.004072533447773762,-0.005736779610222773,-0.0038074192971930183,-0.006956481453890991,-0.0038074192971930118,-0.004791285843020683,-0.006926794285385587
2016-11-07,0.019334040302138953,0.01628926645946852,0.01633501060437047,0.017037851382254533,0.01521361412632507,0.032674103794663296,0.015648402406975074,0.0364682378413807,0.015662156136958424,0.03646823784139651,0.015676403572923568,0.036468237841674835,0.015691056807957026,0.025364585146017,0.020502027454121333,0.02536458514601701,0.024271349767219706,0.025356805938102075
2016-11-08,0.0066471424877742194,0.007273071637840769,0.008471558283938117,0.007163693695573805,0.00944731614625101,0.005713055725357347,0.008796156524795859,-0.00024403405933616843,0.008779397375359557,-0.00024403405933354588,0.008761266552876231,-0.00024403405929028857,0.008741939710721992,0.010295301599539987,0.006690812963671303,0.010295301599540002,0.0050712940309204195,0.003204628601597765
2016-11-09,-0.00016684849597828517,0.0036289714427433987,-0.0007037166361422131,0.003052659468646141,-0.0020874028607776917,-0.01173742924264304,-0.001976330268512729,0.02536381531691017,-0.00197154137151873,0.02536381531694584,-0.001965507631524522,0.02536381531756117,-0.0019583332493286823,-0.010590155839291196,-0.0029282936887241855,-0.010590155839291243,0.008605659021369335,0.00033279218297946556
2016-11-10,-0.021453051860426776,-0.01478363462779734,-0.022549725228196232,-0.015610748769121635,-0.023439149725962935,-0.026245139629574907,-0.016475236413912766,0.01421795047458271,-0.016390046720356672,0.014217950474640861,-0.0163023650384466,0.014217950475656204,-0.01621256272693252,-0.026544320814235148,-0.017303472912639974,-0.026544320814235224,-0.006628696489900561,-0.017683999834136353
2016-11-11,-0.002633511203658687,0.008125378341741893,-0.002200546744207621,0.0164847977796935,-0.0024072352279249603,0.08341363611874611,-0.0009372330663694156,0.09335017470893638,-0.0009229647079292992,0.09335017470905184,-0.0009072362406710903,0.0933501747109022,-0.0008902577019770075,-0.0101325650092742,0.033838105026608334,-0.010132565009274203,0.01198164921246039,0.08823970138966102
2016-11-14,-0.018374898247861298,-0.00979844245717878,-0.017648907134038078,-0.011058364402371137,-0.01520674178995898,-0.03383101921419425,-0.008047964459390478,0.011768814239899976,-0.008025438655820198,0.011768814239928146,-0.00800261886420326,0.011768814240285743,-0.00797962654144374,-0.025275694825886114,-0.00990676943705971,-0.025275694825886187,-0.007456864776199454,-0.023312301550153014
2016-11-15,0.014704132324356122,0.005116994125237378,0.011679219778962585,0.005491558122639947,0.010270087256976335,0.0260762789926474,0.00702978315036649,0.01098658980928708,0.007059024666388908,0.010986589809285815,0.007089160641099272,0.010986589809271438,0.007120061438530746,0.02657240725746258,0.00864432969200013,0.026572407257462596,0.008848495481175807,0.014964009393754705
2016-11-16,0.003944033829678372,0.0005624714618088642,0.00311565151633516,0.0020913536351437377,0.0011898598794642407,0.01800330181875931,6.720919163225058e-05,0.005829536241641733,0.00012830327368228036,0.005829536241643976,0.00019385001052747144,0.0058295362417218905,0.00026326343469059517,0.0014115309414295246,0.008253864586902644,0.0014115309414295253,0.002611862411075626,0.01739245747369225
2016-11-17,0.0016593438372817402,-0.004229157385623228,0.00037512768884791345,-0.004074893455079243,-0.0019123617582445644,0.0071281495912389695,-0.0033832501762289455,0.011565976575899835,-0.003406967355310685,0.011565976575893878,-0.0034319531196819694,0.011565976575743552,-0.0034580194718553943,0.00988637892317983,-0.0038734590139256585,0.009886378923179867,0.0019648840226562216,-0.005418143099585475
2016-11-18,-0.0062190715511321465,-0.005973036462544666,-0.006634091120529032,-0.005586092360637256,-0.006576166685090834,0.0017403708911183622,-0.006086226598517841,1.5890344857444967e-05,-0.006077978371743335,1.5890344866312657e-05,-0.006068940192186656,1.5890345053941432e-05,-0.0060592143270554125,-0.003359459044252655,-0.004137320651288154,-0.0033594590442526866,-0.004197222892356524,-0.0031063422632055734
2016-11-21,0.012695245782416487,0.005176720235739627,0.011302136410762042,0.004674393477988328,0.011861310913970025,0.019997319356692307,0.011389020337970873,0.005641411635106021,0.011427062624667337,0.00564141163510558,0.011465198536379433,0.00564141163512299,0.011503389710437354,0.024318611500243347,0.006879446931381511,0.02431861150024339,0.008496163390979626,0.005391932627597377
2016-11-22,-0.0008850732446658786,-0.0016490781417033877,-0.00035611694155303526,-0.0013271555890880787,-0.000658607105066886,0.004553729448628809,0.0007578426158548195,0.0031475230432702977,0.0008008261332641325,0.00314752304327896,0.0008449260405269448,0.003147523043433909,0.0008899373912048167,0.0017866064606535737,0.0020712691844787705,0.0017866064606535685,0.00023011653604120512,0.0022400182125210627
2016-11-23,-0.0024114808504189953,0.00024480570927460266,-0.0037920191358252905,0.00019141328023942206,-0.003211907397026173,-0.001057725171696773,-0.0013830716647520065,0.005628494075934449,-0.0013605300294118779,0.005628494075952344,-0.001337058689080461,0.005628494076225675,-0.0013127819991151793,-0.00549563891884719,-0.00014707426091609827,-0.005495638918847215,-0.0007730417397465319,0.00426297622071575
2016-11-25,0.004493967579276057,0.0065894513588315145,0.005039587628134767,0.0065434177686840775,0.005926405172600501,0.00012546043267671684,0.0051724697981509506,0.005647182799203922,0.005142620533175349,0.005647182799201402,0.005112239036391516,0.00564718279917494,0.005081415521822929,-0.0005721765097990243,0.005568103401682312,-0.0005721765097990273,0.004944056646133567,0.0054755224603673
2016-11-28,-0.003030952343257944,-0.0031237534262031404,-0.000374674395587689,-0.0027525159815165665,0.00021393701199962675,-0.005368931494793687,-0.001102838719889474,-0.01064894697064704,-0.0011076439396286132,-0.010648946970653765,-0.001113022883275363,-0.010648946970839747,-0.0011189192648339069,-0.003466105699279123,-0.001213806171964865,-0.0034661056992791187,-0.005739348099464814,-0.002685669805184412
2016-11-29,0.0002621457330462249,0.00030863485276882134,0.0003817738551496831,1.6652162465324928e-05,-0.0012191142737379007,-0.003005444027962418,0.002371615661140141,-0.00016042293637369643,0.0024338378902064098,-0.0001604229363789864,0.0024976506562081682,-0.0001604229364608743,0.002562789324752004,-0.0001730321074811691,0.001324255135464151,-0.00017303210748114702,0.002711568398619759,-0.003217042274706247
2016-11-30,-0.012397206219583474,-0.0086507393308309,-0.01283878183112768,-0.009421020933369356,-0.01367118761479506,-0.015477544381296863,-0.010744516576491482,0.012764926796512782,-0.010712064203479843,0.012764926796551938,-0.010677848908746458,0.012764926797198282,-0.01064211545796384,-0.013905104998777224,-0.009608266184712028,-0.01390510499877731,-0.0060014981297920305,-0.010825072067252257
2016-12-01,-0.00924779698019297,-0.0034252399129383582,-0.009628516038246214,-0.004723204258171981,-0.008193136790167331,-0.025673091292665488,-0.00466853953335984,-0.0065870739700027775,-0.004652091869083028,-0.006587073969972746,-0.0046343249742468685,-0.006587073969435233,-0.004615432768838375,-0.014091790022842757,-0.007126101748681824,-0.014091790022842832,-0.007614920035413953,-0.016781365730528106
2016-12-02,0.0004106836917238542,0.004488261697671678,0.0025260464079912945,0.004532408782791411,0.004448838049996866,-0.0010426596663066514,0.005273391889554983,-0.001534830990152236,0.005254762098944731,-0.001534830989763102,0.0052360020396239795,-0.0015348309901823717,0.0053877504973722365,-0.004136515116412094,0.005267899164023092,-0.005008123766029072,0.0017824878005913108,0.0019018474239537488
2016-12-05,0.012191790337971258,-0.003163644715603854,0.0020837344802579236,-0.002817896271006995,2.4940517487560387e-05,0.00938462619202771,-0.0009393443007219395,0.02858256480192873,-0.0009773949812528911,0.02858256480250032,-0.0010165057670421564,0.02858256480193773,-0.004506468122941554,0.02783880674471937,-0.004666971329732423,0.02565755444573172,0.009821654664583674,0.002184934739796598
2016-12-06,0.0010913034777969874,0.0018634728382632365,0.00041500230538156816,0.0021693538451721945,0.00194828281469768,0.004507666886315522,0.002229538320774506,0.010483166641117784,0.00223853709052181,0.010483166641188455,0.0022478056583409493,0.010483166641138738,0.0024003966820204028,0.011575795746661876,0.002423077168732479,0.010749696949447917,0.0012082678799868328,0.005292083706238311
2016-12-07,0.012015326694253384,0.006092058175003443,0.010509121591701505,0.0064398779747111695,0.009833113066535098,0.015682989124053408,0.009428647639186022,0.014091630455651604,0.009442347650878898,0.014091630456522192,0.009456230737117809,0.014091630455646003,0.008406937705713146,0.013630531158533054,0.008406302128466011,0.017024882706643395,0.012750424049914071,0.01411264928480046
2016-12-08,0.0018660727499247595,-0.0030215581072815,-0.00011875817581676648,-0.0032516253289327085,-0.0014098354982690112,-0.001570527297515843,-0.0016506697847624475,0.003915933127770717,-0.0016182710042481935,0.00391593312750813,-0.0015857346161307585,0.003915933127774782,-0.0022690411648410083,0.005924532118321908,-0.0021674889238272183,0.006465830807050835,0.0026692121514381964,-0.005205928491542591
2016-12-09,0.010467465145931842,0.007859445275829581,0.009925191580487104,0.007074894648022774,0.009533800080912397,-0.001544069544378572,0.01084510468629539,-0.0014105945047898872,0.010829472723006998,-0.0014105945063300732,0.01081475158077013,-0.001410594504803098,0.012113318148258483,-0.0007615840092471775,0.012102412642650356,0.0011648521738901675,0.007805403261833858,-0.0039635747112090995
2016-12-12,0.00022092358649659005,0.01485087664051254,0.005960594488913718,0.0139511498390553,0.0071987287444319325,-0.0070738736546194225,0.006224510110707265,-0.015374647429223223,0.0061750048367915505,-0.015374647432284049,0.006125880449677786,-0.015374647429257407,0.008581702909268258,-0.016952458074095324,0.008450248894225305,-0.015445375376267596,0.0010701887097331355,-0.0004955666995386898
2016-12-13,0.011416113095265268,0.005575207342341207,0.008426971130836626,0.00580442045733523,0.008565091470133634,0.007957258127873235,0.006611579846372766,0.006338567919456263,0.006639734719099502,0.006338567918532955,0.0066673161748832645,0.0063385679194516015,0.005390611991491582,0.00519534340911766,0.005471866597902934,0.006077589716235723,0.007428208135072433,0.007932334302091138
2016-12-14,-0.0055374624709645,-0.008004064340343307,-0.004253391269288675,-0.006184984784998418,-0.005959712122076662,0.012638412699461997,-0.006966861421931835,0.017743499113602183,-0.006942059005617624,0.017743499115202725,-0.00691726973815402,0.017743499113632127,-0.006723206241005088,0.018256394749343652,-0.006630650766784672,0.018322800306482156,-0.002250860708842026,0.012238102040514337
2016-12-15,0.002181681965521128,0.004924499734247882,0.0023560073001861487,0.005223875075905386,0.0037068752264740367,0.013437343148328307,0.00483334443360277,0.01733965670332448,0.004820867645046102,0.01733965670626941,0.00480853534780009,0.017339656703359532,0.005482072260231329,0.01833743645442869,0.005462230324904973,0.01505242372439853,0.005348395069067564,0.008513988599374753
2016-12-16,-0.0033436732722704468,0.004757503036581264,0.0005696420520794562,0.005062902478536413,0.002182165024006798,0.011848616049171753,0.0032084229155410833,-0.006482388415963556,0.003214422732477474,-0.006482388414947263,0.0032205455276631927,-0.006482388415951785,0.003929085197024138,-0.005467417119020335,0.00394096419257435,-0.0028199550190406175,-0.0015590847629898172,0.012010894913948475
2016-12-19,0.003837207936136697,-0.0022808986421525655,0.0023124298103761867,-0.0018052600527906758,0.0012110916300233214,-0.00263357217758739,-0.0012759255092112088,0.004672830182636626,-0.0012683331158287873,0.0046728301805817945,-0.0012598495786693505,0.004672830182618718,-0.003043076061048524,0.004330167758190226,-0.0030748627848936547,0.00579799736510481,0.0022850340933459902,0.0010032934810374117
2016-12-20,0.0022762089490016104,-0.0009666937284837838,0.00010330903456671412,2.9029420479535325e-05,-0.0009181760099713234,0.012330606357286094,-0.0007566066844821254,0.017837761166927507,-0.0007407160531075684,0.017837761168206838,-0.0007244682877518989,0.017837761166946586,-0.0017511666199977979,0.017533840037809646,-0.0017333859352905213,0.013357075068806304,0.0032376551702675773,0.011530655188297045
2016-12-21,-0.001046161326479079,-0.003129349833476403,-0.0025685868917136112,-0.002976956916325931,-0.002309570462704759,0.0009460231214734373,-0.002524339720456949,0.001342956142071138,-0.002520655935650714,0.0013429561422352587,-0.002516921793219672,0.0013429561420765812,-0.004443780338948971,0.0016835846858370808,-0.004480567829070209,0.0006522914885920936,-0.0027785979386246496,-0.0009178918070362542
2016-12-22,-0.001746779049348309,-0.000519431393669734,-0.004561814466072861,-0.0007937336963139818,-0.0033666020092969063,0.005883673095969331,-0.00346303786936173,0.0021706618908179966,-0.00350190002663731,0.002170661892157239,-0.0035407536790135006,0.00217066189083197,-0.0018338480708458894,0.002786769731619821,-0.0019246792907662129,0.002168747251667361,-0.00148943247791288,-0.0014129666655811118
2016-12-23,-0.0005367108686042113,0.0037406197702898668,0.001909900395343105,0.004177435198507146,0.0017254359928573929,0.009552648073017873,0.0023545108814745064,0.009115807169662184,0.002353775585526484,0.00911580717014988,0.0023532074003182464,0.009115807169671064,0.002409434155808673,0.008573231669178318,0.0024003693310497816,0.007738449506880685,0.0018311836045104583,0.009386848688895461
2016-12-27,0.0026456925135087354,-0.0001948587146587109,0.000978917202002059,0.0014362498604421799,0.0008055571225578679,0.019424717956545004,0.0007921029787016752,0.02097525366920453,0.0008083470049633369,0.020975253670706746,0.0008246909971381079,0.020975253669234983,0.0006149682294291365,0.021032340568824418,0.0006717514025546423,0.021286017804656027,0.0044296399486504915,0.019758622306886926
2016-12-28,-0.005425003558096168,-0.006989277524478115,-0.006381053457728465,-0.00832751519613628,-0.006133339232386913,-0.02487441227755784,-0.006187122114328902,-0.02767279350216179,-0.0061855674031340985,-0.02767279350315511,-0.006183743863452391,-0.027672793502184708,-0.00614798722021726,-0.027347401140962513,-0.006148870080190472,-0.027680214689915286,-0.008635958424793096,-0.02419834744208827
2016-12-29,-0.0020156324280532992,0.0017415829188097533,-0.0002788148570645442,0.0020572966776616648,0.0003904745286786549,0.003536177857208911,0.0011527922655033811,-0.0006497208393629366,0.0011367475104694007,-0.0006497208392121155,0.00112102285004437,-0.0006497208393629214,0.0011625711547531955,-0.0003137146326629438,0.001104384649571937,0.002432010418708116,4.029331579967096e-05,0.004786802360549068
2016-12-30,-0.007471427830856709,-0.003652340870240445,-0.006779278243715455,-0.004594100385131979,-0.005663157177111376,-0.014340723933367447,-0.004715343901569179,-0.010570166280618028,-0.0047271232543492445,-0.010570166280685724,-0.0047387032106238755,-0.010570166280622692,-0.0038722009811410856,-0.010191246211809734,-0.0038979005993879704,-0.013026537865971846,-0.006608703142911233,-0.014851246556712694
2017-01-03,0.008409895334519742,0.002761880151788059,0.006430798650008591,0.0016165034959600357,0.004062854309365046,-0.008322816881140706,0.004294107381077948,-0.0036739873780238506,0.004292392601313585,-0.0036739873773615874,0.004290179759216018,-0.0036739873780360977,0.00506819765679942,-0.0024041295717708347,0.0051138488640285334,-0.0010439415612360156,0.00612437552750346,-0.011967383732511879
2017-01-04,-0.0002784960412690887,0.0012817109038099222,0.002095449451415435,0.0016760041067393956,0.0016658497419362091,0.01242663791325372,0.002782960856160906,0.013740973306735307,0.0016394440491922877,0.013740973306567546,0.0016361217396514086,0.013740973306977898,-3.225588931324587e-05,0.014387603072393798,0.00235137258729821,0.015803687742685455,0.004365294415320854,0.006897029233991151
2017-01-05,0.002817473202249878,0.002983055057620406,0.006609811108613528,0.0019501105281771454,0.004410723155754215,-0.01373978856425212,0.004590680155121652,-0.012206969593363374,0.004568000738325845,-0.012206969593460206,0.004549335430709214,-0.01220696959445842,0.0027362684626173277,-0.013962447735157356,-7.750906250063988e-05,-0.011080005377683298,0.0027511270772135315,-0.005304891024267322
2017-01-06,0.008708131265288929,-0.001841784092466699,0.008957489979801309,-0.0015568962705159416,0.0034259173972225675,0.00418689814626382,0.0009319948575543273,0.006301708685462854,0.0024848454835220165,0.006301708685408048,0.0025009138363464383,0.006301708684726492,0.00046032797107672306,0.005535112015787973,0.0016836436983681089,0.008679169852019606,0.005096004515115871,0.001228907631989441
2017-01-09,-0.0007503718453824079,-0.0036409265431015646,0.0009399989722867323,-0.0024196571368371674,-0.0018706945863673971,0.010369127306299557,-0.0007084921064623385,0.010901662587559648,-0.0027178887363342903,0.010901662587586226,-0.002701299036206842,0.0109016625876882,-0.002356761724506923,0.01008345439483352,0.0006239547677235092,0.00857123320658933,0.0004013680616673419,0.00899381499188322
2017-01-10,-0.0031387259344009327,-0.005998344258593356,-0.0025144229189099426,-0.00557008199856741,-0.00526356001717327,0.0035650548008115458,-0.00595722281909376,0.0035080024349350898,-0.005923831808226558,0.003508002434956771,-0.005907834426264793,0.0035080024352680227,-0.007543668429560653,0.003811980147696393,-0.0061802944168167255,0.003641343704357639,-0.002552800059079603,-0.004888970635495858
2017-01-11,0.007904822232381299,-0.0023392769611341904,0.005933496320836973,-0.0023088671198886364,0.002636702955767365,0.0004570135287407452,0.0022337234779787893,0.0009394714079216432,0.00177934452170466,0.0009394714079028808,0.0018124081470012286,0.0009394714077811198,0.003586963593530326,0.0012432231142674244,-0.0008803375755868632,0.00018611256371547935,0.002428155484106078,-0.0025771906193420126
2017-01-12,-0.0011375881636266853,-0.001469167348977702,4.293499499262183e-05,-0.0020304383264365218,-0.00041376091418847557,-0.009461154394589338,-0.0003710042948015559,-0.010118507678133772,0.00025376102523956697,-0.01011850767815486,0.000254330223460643,-0.010118507678352472,0.0008732422641218508,-0.011496763574683313,-0.0019890013779891758,-0.01245822784468028,-0.0018823390168064113,-0.004090134564138704
2017-01-13,0.0030515514255313922,-0.0014938534232045038,0.0025688761324666937,-0.001591558399306852,0.0010042241450320848,0.002404462725509487,-0.0005833298705778713,0.002694136051016276,0.0006187626015487184,0.0026941360510272768,0.000617218422327607,0.0026941360511579,-0.0005524518242849426,0.0032422707024937583,-0.0008018436195359285,0.0027276760736028058,0.0011257028001873516,-0.0018881688556906195
2017-01-17,-0.004057088339900883,0.004475873613211312,-0.0037889554677672174,0.0029884918334555574,0.002624865538829039,-0.030849711253988815,0.005063341913256246,-0.030633444300944977,0.00383820816251758,-0.030633444301030998,0.0038144675804297444,-0.030633444302023204,0.002586812611492197,-0.03022839040600161,0.00159327192334425,-0.019761443581354305,-0.0026030043547599965,-0.006237729816892741
2017-01-18,-0.001626846352423738,-0.003260527922918091,-0.001193044223674296,-0.0026429698187223245,-0.0013747366982967398,0.012933541443497346,-0.0018944559627048284,0.015482472210575053,-0.0011639043250798848,0.015482472210601984,-0.001191779887850773,0.015482472210875235,-0.0018158665510761454,0.014926969256107335,0.000686608561226759,0.014012081943524544,0.001337185971089605,-0.0017690352107774393
2017-01-19,-0.005443150728763449,-0.0032405530099960654,-0.001961046013074198,-0.002646605942226429,-0.002002069407910351,0.003435276773913367,-0.002450855602999531,0.0037458867595216985,-0.00204908316684216,0.00374588675950252,-0.002038060937842947,0.0037458867591608643,-0.0032467073245705806,0.0020130844783295175,0.0006872465338116542,0.0025067901983566805,-0.002646446585709872,0.005600864011398155
2017-01-20,0.003796770601925984,0.005986584248375702,0.007134126304972922,0.004860081248386559,0.006399766473649916,-0.0005085121090823386,0.004740839788113638,0.0003546560871107068,0.005920881661591522,0.00035465608708463417,0.005879178038025029,0.00035465608685636933,0.01027101272715111,-0.00012909852497185732,0.004869033641717459,-0.0003531161036181115,0.005085735192466681,-0.003620675746152086
2017-01-23,0.004450287379141195,-0.0010826672755778585,0.005284084956819547,-0.0003659238382180067,0.0021080475971916733,0.0024569286075229986,0.0008155066452594022,0.0024333860732157642,0.002054149066289583,0.002433386073215645,0.002055689808071936,0.0024333860731536867,-0.0007796277417670594,0.0016969672155422379,0.0016634391610907428,0.0011151790561096419,0.0016911856008735885,0.0021461555636350387
2017-01-24,0.005521715287557758,-0.00023500254714575706,0.0069391282548357525,0.00021168472300789684,0.0028564270107533395,0.01605526617521846,0.003241812729878313,0.017678419755393988,0.003401913829711272,0.017678419755369837,0.003422663408496349,0.017678419755069966,0.0019752989460249,0.01592840828842978,0.005472961022010114,0.014855278321443174,0.0063889923297523995,0.008056872020516562
2017-01-25,0.010649302519596438,0.0023889488442565905,0.00817961366450714,0.0027309013706437063,0.005398319748791903,0.011919622775303784,0.004278431773150406,0.01188079050459895,0.005798749487214228,0.011880790504623281,0.005829658923288836,0.011880790504935205,0.003897587433630459,0.011544495354244587,0.004704759558900061,0.007491989376871635,0.005737291035900292,0.004786193634892533
2017-01-26,0.0032069392610207612,-0.0022279985606398485,0.0034781114039946865,-0.001431244892786755,-0.00020087584580943084,0.00952235997143672,-0.0014081899712028991,0.00738676053792011,-0.002028343189769637,0.007386760537984355,-0.0020052033237410397,0.0073867605386384655,-0.0027580012482317055,0.008604392203799232,-0.001016760829811548,0.006261023166099167,0.00032777302163504283,0.00485538292506775
2017-01-27,-0.0025542932802811134,0.0025592241743735613,0.0008449130052246416,0.0032280294499437557,0.0010337566398992372,0.0055464135280196575,-0.003447316259140048,0.006382283833345046,-0.002732794440638282,0.006382283833332755,-0.0027762219579967,0.006382283833091566,-0.0013269649450130699,0.006546463312653955,-0.00031626523191471186,0.008999823403072958,-0.00020972911640056315,0.0018490893190547001
2017-01-30,-0.011231188495494355,-0.00034853174295254574,-0.008251222010368382,-0.0009645037369847362,-0.004862374985370823,-0.01362052783956447,-0.0024934274078662914,-0.013217509425845451,-0.004034731942585999,-0.013217509425884375,-0.004066516815756954,-0.013217509426290427,-0.0037110311132423426,-0.011567916581819408,-0.0049529620512925865,-0.005945363392818209,-0.004152110012572341,-0.008273048013348992
2017-01-31,-0.007425522089242707,0.0012628144175331343,-0.0032855205795600272,0.0003999311390253877,-0.00034871384989788434,-0.01121863620503992,0.0009504244216709255,-0.011611355952729286,0.0009488590973770496,-0.011611355952755142,0.0009258676386874344,-0.01161135595306354,0.002429913650713971,-0.011486187810189763,0.0005046511994498769,-0.007483908110995627,-0.003604411863127415,-0.002241339620941209
2017-02-01,0.006982655533891926,-0.0016988304158534603,0.00870298617152773,-0.0005571930043850458,0.006382899703520296,0.017930277901944788,0.007402341859407375,0.017536365295585957,0.007320208420650691,0.0175363652956437,0.007404882635265713,0.017536365296105805,0.005339469442350825,0.018141447752859273,0.010205219047820811,0.01746594828236362,0.00242800623871228,0.011463247322710986
2017-02-02,8.066231906955846e-05,0.0018568546725869508,-0.002858380341370803,0.002167130994756755,-0.0005241079225621307,-0.0009068929964130298,0.0009438163723993815,0.00011510896143676769,0.0005287220023856321,0.00011510896144249659,0.0005142253300973374,0.0001151089614295826,0.006085047678178438,-0.000328426721413781,0.003700637823458037,0.00193259562978241,0.0041540467647880955,0.002869678317929359
2017-02-03,0.003230376136499182,0.0023434540869957275,0.002098576881753882,0.00190829482312455,1.600765501880456e-05,-0.0032781073458149827,-0.00012801040444129422,0.010284443652235601,0.004105559495447414,0.01580256940693506,0.004124166747685349,0.01580256940697291,0.0029896844115018706,0.013751653023381875,0.003159832413879903,0.004467049890116986,0.005574676162571423,-0.0004453926111246293
2017-02-06,-0.0016260785529314634,-0.0031400920757102004,-0.0018125560353313543,-0.00280792824217348,-0.0008860186844938182,0.0040770769109310856,-0.00105871040339344,0.003768340593104521,-0.0007747671500467486,0.0034678287022795245,-0.0007630279175710358,0.0034678287023264358,0.0008614527970508504,0.0034224892245991226,0.001445594315054753,0.003446000495988156,-0.000815482767608384,0.0030263035215247684
2017-02-07,0.00016669003544248493,0.0016062727221456056,7.400372215623575e-05,0.0017601765133667784,0.0029695346106461623,0.003547251657506877,0.002397071620662155,0.0022285408971275842,0.002279023209467196,0.0020636213966240256,0.0022730526182548633,0.0020636213966127174,0.004011398027765504,0.001106566295192197,0.0045965389166902,0.0007181773347215628,0.0013083952029367741,0.000304224451274038
2017-02-08,0.001428169205835019,0.0004678679606861074,0.0019388338653839327,0.0005084201221392426,0.0034680619339272543,-0.002536900182746739,0.003906606037178309,-0.006064473921833342,0.0022861156539568874,-0.00593411564542405,0.0022802808703674894,-0.0059341156455025995,-9.706681217202964e-05,-0.0069518593634661984,0.0008348341730941723,-0.004895015431300201,0.0014691485389342774,-0.00030179268556815883
2017-02-09,0.005072740134294556,0.004598980688826967,0.005474292259610321,0.004172232358093079,0.0036445736298001013,0.0023611342611995316,0.0035798869258256982,0.004843614531748531,0.004181141792166394,0.004909269409757861,0.004188658555414441,0.004909269409768802,0.0024340768011708994,0.005091860513376031,-0.0009808070414040562,0.002398879015635429,0.004530534841754208,-0.0011805827011747451
2017-02-10,0.0024942484663999513,0.003054640659073446,0.0004135562567596952,0.0019985710350218996,0.000752533216973184,-0.005635028844964971,0.0021815896292687333,-0.007579095426264423,0.0014119517338033005,-0.007969657585928016,0.0014088067790150806,-0.007969657585984006,-0.0009584547718912026,-0.008531837116785235,-0.003344316345816843,-0.008232161634114013,-0.0007724451417710921,-0.0034780028208860185
2017-02-13,0.008588417214438277,0.0036141393070263793,0.008281025199288599,0.002788455703790642,0.006877913077476916,-0.005066019309467666,0.005836169510189966,-0.0046145844762423,0.006312425246381169,-0.005026066090613448,0.006330152254875737,-0.005026066090671242,0.0019737061151460906,-0.00535375116933953,-0.00031967058125886177,-0.0071454865076385436,0.003980755469871617,-0.005247422614450463
2017-02-14,0.004235177068127813,0.004572381688776415,0.0030913479980332736,0.004767334771117687,0.002965500790373299,0.01111806111182392,0.00232360634676892,0.014350708581199028,0.0035618880118849835,0.01430794605728356,0.003591333337348082,0.014307946057356183,0.0041837622100600385,0.014987592853640035,0.0027524238622723663,0.012492612868809252,0.0058324023653355496,0.0055177778829558315
2017-02-15,0.004336528197429678,0.007234269237901983,0.010574668170062074,0.0075262425542957445,0.008872095635817551,0.010504041656403219,0.00776134375925645,0.011295283616241268,0.008663172077492936,0.011518913590865558,0.008633359349508169,0.011518913590873911,0.009238672984623298,0.010404888085134689,0.0068776532160289994,0.008261260874192228,0.006114060685164402,0.004117918936711336
2017-02-16,0.001638676884303345,0.002289660514137433,0.0002503284561152495,0.0013599164226034497,0.0021074584802138743,-0.004370102886826009,0.00033722397992581307,-0.004844322950123248,0.002818000599774083,-0.004846761147237569,0.0027839985774902633,-0.004846761147269358,0.0008751177912986587,-0.00453416447061016,0.00011278514570218102,-0.000996795193263174,0.0009490802014817269,-0.007849811621437853
2017-02-17,-0.004572183962052473,-0.003580935508165715,-0.0045837755103904435,-0.004076692689335914,-0.004011369591782847,-0.0007892422044358365,-0.003475406853492693,-0.0016723439507709916,-0.0031306984874215817,-0.0011603050446519908,-0.003165938136336955,-0.0011603050446880921,-0.002988489538460457,-0.0023696378168782473,-0.003386649143834444,-0.002133067443043719,-8.911172820807344e-05,-0.010186129526266862
2017-02-21,0.008508940492997757,0.009779242311794507,0.008871695911708138,0.010990948259000141,0.010351346007906591,0.018825182921142523,0.009707319436874862,0.017863146857707155,0.009538922953187822,0.016484278027174115,0.009553425363543465,0.01648427802725601,0.013049683730029184,0.016472273106357075,0.012708825114808546,0.01494401970741175,0.008660734325152759,0.018683360839041433
2017-02-22,0.0005635149242897718,-0.0011940492223344796,-0.00013523517475241787,-0.0013584468168427253,0.0004515067485381218,-0.0005745280129230588,0.0003930891323865179,-0.0002708435189831777,0.0003522852176389159,-0.0003076729029121583,0.00034329820230791794,-0.0003076729029071294,-0.0017829188854961864,-7.393700606917744e-05,-0.0012122014599280275,-0.0001559307603504853,-0.0008335134663589949,-0.003173302954162243
2017-02-23,0.0016687162433993111,0.004497524271811367,0.0010984311701674498,0.0017071478873501211,0.00028036789554419333,-0.03148041263197853,0.00309311989039964,-0.030527216436812228,0.003302896618276589,-0.03066320598591173,0.0032918129984634966,-0.03066320598603483,-0.0052187139141990834,-0.030481660482558934,-0.006317674609215718,-0.03156732826253168,-0.0021343968346846823,-0.018980135079679123
2017-02-24,-0.001967748466608109,0.00617606502399561,-0.001566319496622008,0.005970377565344622,-7.158096697655115e-05,-0.004700542508361406,0.001165991797138151,-0.004825173197063561,0.002922828287856706,-0.003605692945414962,0.0029019154693629826,-0.0036056929454521816,0.0038097116073957586,-0.0034719529529706455,0.003239700438049145,0.0010595514489104719,0.001824627096662481,0.0007800074914048778
2017-02-27,0.0045663212912498965,0.002025274620748018,0.003895742010091547,0.0030484095125859366,0.0038852854767647085,0.01424972308075873,0.0036511082341163965,0.013666640820264035,0.003037203097617762,0.012820172625070056,0.0030686769838176816,0.012820172625154136,0.00520775922137592,0.01318281703229233,0.00552479931145009,0.012512739200444321,0.0017851937315793444,0.014722612212998596
2017-02-28,-0.0017384728621261507,-0.0006841778414713892,-0.0006504038067687703,-0.0011563015175721741,0.0011585080347329974,-0.008138114600500476,0.0011456781037680508,-0.006869479266468906,0.0013144225055043922,-0.006815705186508819,0.0013144814935805676,-0.006815705186523937,-0.0007400050523350021,-0.006572288291747519,-9.25453392963513e-05,-0.007690169279490821,-0.0020328087335615575,-0.005927867835009406
2017-03-01,0.014917687845461169,0.011432677433768187,0.013657885819224455,0.01125323296909182,0.010440742459159175,0.020927884774532984,0.011301227874558391,0.025601906021807994,0.011106181107345906,0.026348968451284285,0.011139007124973472,0.026348968451329807,0.011039706777053057,0.02551340848588557,0.010796789811967846,0.018134634789295466,0.012867624152642955,0.013409002178959639
2017-03-02,-0.007081912197909788,-0.0024916576321492405,-0.007099843322303193,-0.003730765265703373,-0.0036506889220811233,-0.01726405814281907,-0.0036632304795176616,-0.019406037395740105,-0.003293466243640003,-0.019291127509904117,-0.003301748052210236,-0.019291127509979845,-0.006456801117835892,-0.019322483042360422,-0.0058667533786711966,-0.0155987705454285,-0.004396582906041573,-0.012345288891668652
2017-03-03,0.0022329368153536375,-0.0013187760534055647,0.0015558297222766967,-0.0009095439392092313,0.0016477755542795166,0.0018287845132054631,0.0021517789743951024,0.0030328239062138865,0.0016990840922991672,0.0030353230462270638,0.0017144874094662328,0.0030353230462362045,0.0008492306803633972,0.0035063090721489834,0.0011347810108991577,0.0022421700775589314,-0.0005703821088576834,-0.0002984150240197804
2017-03-06,-0.0019325564919729218,-0.0025781416105623025,-0.001820104532806024,-0.002926389981852586,-0.002378433708066685,-0.006659410789822585,-0.0020484087018239846,-0.0077864346325292105,-0.001954342494195905,-0.007310042680824065,-0.0019526747325463837,-0.0073100426808641455,-0.0029368422718829075,-0.007914076044380903,-0.003507727047672465,-0.006385694368697676,-0.0031903025459637346,-0.0036618812775679717
2017-03-07,-0.000800603817559851,-0.0015349171379591628,-0.000663020789000225,-0.001373536381442214,-0.0020484895958502248,0.000603052583409375,-0.002166727610105824,0.0007059821113716482,-0.002025077774196248,0.0009033409939210447,-0.0020267242515318094,0.0008740779643274163,-0.002231804584537763,0.0012167257916651552,-0.0008168068616320682,0.0031974808178320785,-0.0009287794071255498,-0.0011863409675085578
2017-03-08,0.0019830612002234268,-0.0008204608006730916,0.001426642230071654,-0.00027732972420485677,-0.0022255964122209594,-7.863578242379801e-05,-0.0016215524779183785,-0.0009249043310871263,-0.002826017769617303,-0.0009249043310871415,-0.002844565247232489,-0.0011344959461618807,-0.002861937651036016,-0.0006262294667074101,-0.002806324444720115,-0.00046106681488187605,-0.0007305798648855877,-0.001008822172669097
2017-03-09,0.002018754318031955,0.004989358306633132,0.001993086819587923,0.004756160477060721,0.0037724961430696314,0.002485917447812146,0.0031122506478851912,0.002451174385474763,0.002904217409317897,0.0024511743854747597,0.002881753455073687,0.0023389543838762627,0.0028607187266565972,0.0023634028291993374,0.002403274634550082,0.0012395152934696078,0.001971722513232246,0.004859185174873759
2017-03-10,0.0045337521491095375,0.003925586291352576,0.004355795122180659,0.0038588783443345956,0.004997124916799822,0.0002790477347731,0.00497548334262095,0.001326419961877438,0.005656812474039784,0.0013264199618774723,0.005661826551194611,0.0009000223355170661,0.005666325462298844,0.00024326503715689466,0.005081958268966931,0.0007538270687426256,0.0039018369266957944,0.004249610001051903
2017-03-13,0.002249637699426491,0.0017968128962254214,0.001119486467330194,0.00234164061869273,0.00014594472221759775,0.008656964671384867,0.0004538885956722144,0.008993448889220934,-0.0003979078475664337,0.008993448889220932,-0.00041026834791970486,0.00794010180870271,-0.00042173567941879934,0.008948039606482812,0.0031499530750050365,0.009271166489958326,0.0010848222395197027,0.0038015295553334148
2017-03-14,-0.0028194797710199056,-0.0009990054252224244,-0.0019722078641345353,-0.0007141806577343052,-0.003677421255251187,0.000282360401859448,-0.003826466297490295,0.00022784617090297003,-0.0034694084283605877,0.00022784617090295788,-0.003486765431012599,0.0005820353243207111,-0.0035028924854038726,0.00123181723288268,-0.002589414190848435,0.0025754816483635986,-0.0015785824941078632,-0.002841937740288775
2017-03-15,0.004903827177880606,0.01124302460773563,0.004818585744634627,0.01036302073605715,0.008629419438906851,0.0013838963653256507,0.010322165013582262,0.0018839980418767853,0.01056379803948367,0.001883998041876809,0.010577425787454887,0.001684020780278444,0.010592007206896502,0.0009405185524165562,0.010193347134499476,0.00022230357126607492,0.006559796630700277,0.009893208374652853
2017-03-16,9.313773568104874e-05,-0.0014151605904813905,-0.00010911647843657975,-0.0012584212697623848,-0.0015691630658764871,0.0039208665470552365,-0.0014720123363734512,0.004064645258715679,-0.0015456216860934276,0.004064645258715679,-0.0015476590964751792,0.003838867449987038,-0.0015497837315395602,0.0037250760809762456,-0.0005449707040574688,0.004045643890026901,6.968762981553131e-05,-0.0005510045399941439
2017-03-17,-0.0023406293866145935,-0.0019295892367047912,-0.0026088198701787637,-0.0019246682391142618,-0.0033476675116617324,-0.0010240135612663193,-0.0030112907252040208,0.0029147998643340514,-0.0028482830450311564,0.002914799864334212,-0.0028627551471839215,-0.0008939485788384386,-0.002877244109580364,-0.0008491960320090894,-0.00035250602023054493,0.0028320655691361695,0.0004146644830990008,-0.0021120751801189403
2017-03-20,-0.0030054694247280047,-0.0008370428761247056,-0.001358549695775452,-0.0004078637794273515,0.001111425489525815,0.0028877206928016835,0.0006364147058372388,0.0017898349292673546,0.00022931916244135143,0.0017898349292673663,0.0002400175224439376,0.0024870340548207768,0.00025079243848679766,0.0031910119002215563,0.004539822914581428,0.006821070123017491,-0.0002000627207678865,0.0008664919697353591
2017-03-21,-0.012202618815754483,-0.005419377653528953,-0.012108271506888845,-0.006513257647796271,-0.006531356703963031,-0.037537535076734546,-0.004238406131111113,-0.03691242227906428,-0.0038752506694413004,-0.03691242227906416,-0.003881523893727005,-0.0370975591024522,-0.003887722840807463,-0.03678247039459019,-0.005992046437473322,-0.030083161116836298,-0.010549937247040873,-0.015685424326050055
2017-03-22,0.0030486126832063917,-0.0006335119525903905,0.003258987467696357,-0.00026670335431276383,0.0020547188556321373,0.006133097054390633,0.001598425736572376,0.006468210348403348,0.0017702440935867421,0.006468210348403373,0.0017901057973452174,0.006206095138015305,0.0018084962327946997,0.0058520309469144195,0.0028400158857856865,0.00650164940445526,0.003430283495164428,0.0009482206676225771
2017-03-23,-0.0033973893698101562,-0.0032379943046613015,-0.004339721566989305,-0.003232644123246057,-0.0037105124993622213,-0.0015805121584390363,-0.003473820263042683,-0.0009773873507399145,-0.0038511702598982675,-0.000977387350739902,-0.0038638182775563783,-0.0019109201746317639,-0.003876219128708168,-0.0013575693473772753,-0.0041693437291692404,-0.0010573463089960542,-0.002008094168854395,-0.004037524814013023
2017-03-24,-0.0002710356749901059,-0.0012566492492686436,-0.00023156726733265933,-0.0010264446526703221,-0.00023060714494519167,0.0011626476624532634,-0.00024594467011982573,0.0020257374926849463,0.0004005339496904661,0.002025737492684962,0.0003911865314909391,0.0017249202925981124,0.00038117408130394314,0.0012824393249993226,-0.00039873861649347155,0.000920290894093363,-0.00023487868210195993,-0.0004580504014978919
2017-03-27,5.4463293086311226e-05,-0.0008327774622746121,2.6193478976591447e-05,-0.0008588490294472386,-0.0019468330720045306,0.0009806640108378447,-0.001974071927816089,0.0012682687842736665,-0.0024291395292613885,0.0012682687842736854,-0.002435187473498165,0.0005734890123814398,-0.002440179366677236,0.0010515784947694325,-0.001053220259808973,0.0017297581404510033,6.121632400129855e-05,-0.0010000514240687272
2017-03-28,0.006187450432400194,0.003961551560881684,0.006067479155014219,0.004158116478736014,0.0066883034121204225,0.010070837711080926,0.00733219734750659,0.009329864748024592,0.006224595932651342,0.00932986474802455,0.006262695896454027,0.009075023006088968,0.006299983106984457,0.009582997159524946,0.005326513837097773,0.006471800813896348,0.00561489234794424,0.005612946138801801
2017-03-29,0.002858528575670342,-0.002944023026405708,0.001713853116766544,-0.0029823670684456993,0.0007543384032471581,-0.0016131250939093876,0.0017279911040940707,-0.003061728963288066,-0.001580130850865819,-0.0030617289632880232,-0.0015791060593677692,-0.004576353835572958,-0.0015786409389017412,-0.004213298168685296,-0.002173437411936421,-0.003620141951518013,0.0009453276810379085,-0.002131423522033049
2017-03-30,0.0017157086711276316,0.0018669947424254756,0.001960640212829315,0.002081346513076495,-0.00012668343433647238,0.01525223410174642,-0.0004017830136509117,0.015044344207754676,-0.0006283776772338395,0.015044344207754624,-0.0006150841768452859,0.015021193429185117,-0.0006021215431278378,0.015598802854859182,0.0024075255246197146,0.014445716200535093,0.003655588715669747,0.006754415196985619
2017-03-31,-0.002037296229115534,-0.0032592330542219163,-0.00157023333632649,-0.002677660068444661,-0.0008720787099033144,-0.007653805403436678,-0.0014871229246264538,-0.008416526439089068,-0.0025082122001854317,-0.008416526439089012,-0.002512935561916215,-0.008639945499206821,-0.0025175448007202805,-0.008632183386360128,-0.002697621279030702,-0.004370256389970366,-0.002287504809268022,-0.0031985611528411125
2017-04-03,0.0028282145734023676,0.0009849660957846423,0.0013010951687920807,0.000919409995483463,0.0016448433377980207,-0.0020469671467813434,0.0024396057131045768,-0.0030225516089182965,0.001035150115451133,-0.003022551608918304,0.0010477681431558684,-0.00325844167078312,0.001060439036494968,-0.002775143024565681,0.0009277630456871558,-0.002607836375845552,-0.00020833413670046308,0.0024229254686050387
2017-04-04,0.000678192603297983,-0.0014428750212212747,0.001964395141909227,-0.0023682798223957826,0.0035741542025304104,-0.02022659032226685,0.0033760528232416394,-0.021597773802222452,0.0019382836581500308,-0.021597773802222407,0.0019544059394140134,-0.021584540974390932,0.0019702327776752807,-0.02208636689302708,-0.005843621562904502,-0.02303876434951195,-0.001187897798566802,-0.008318621526272349
2017-04-05,-0.0011746540101988331,-0.0006571900025383104,-0.003101628319162473,-0.0011990877231642585,-0.0016081459199914312,-0.006574844517236153,-0.0016077041604321478,-0.00951639135871233,-0.0016027095720367378,-0.009701910744829461,-0.0016119644411546536,-0.009810523117949171,-0.0016205757481383145,-0.009614769364885048,-0.0028526223557897214,-0.005983837627351215,-0.0022576651625528846,-0.0023193657811756956
2017-04-06,-0.0027580888715133586,0.0011914886998711093,-0.002514396511794379,0.0005397636359750748,-0.0029053156649393058,6.187329170729379e-05,-0.0028948155812480937,0.0031543037035281097,-0.002888499829239275,0.004564215525021833,-0.0028816620178598678,0.004408313852543219,-0.0028744041234773374,0.004408313852781076,-0.0001622657161141759,0.00529581264772371,0.0009677863147059183,-8.267903987857433e-05
2017-04-07,-0.0019662267084898017,-0.0006058885953292361,-0.001945673594772739,-0.0006179964777211359,-0.0012935374245348847,-0.004052555052318096,-0.0012818360850883907,-0.003989336557804075,-0.001275684887287748,-0.0035570412928136643,-0.0012694081006802728,-0.004026594199402168,-0.0012630460472264678,-0.004026594199394232,-0.0015023434819202766,-0.0034645697915631495,-0.0006484373945087629,-0.0016339571807316119
2017-04-10,0.0012518926291244879,-0.0012443155188677376,0.0013122107178114276,-0.0013772919731795162,0.0016055742258376394,-0.0057398962025336665,0.0015824861928533448,-0.009153839604142419,0.0015692699124591953,-0.010558758844663884,0.0015552060247659904,-0.010645934175748719,0.0015404486166688551,-0.010645934176307199,-0.0031041386319573205,-0.009516379676195308,-0.0006527530952736347,-0.0035997853559600495
2017-04-11,-0.00133501052691203,-0.0006411254244069044,-0.001705384752025443,-0.0003126304378210528,-0.0027816806386788367,-0.0019517178850578906,-0.0028089177241996735,-0.0012691387210769945,-0.002821793859728671,-0.0009145172057506446,-0.002834298509198325,-0.00018392161738964906,-0.0028464862029576295,-0.0001839216177423953,-0.00034265262890012245,0.0011340217799755202,-0.0014636950667094649,-0.0015247167340740693
2017-04-12,-0.0012940049371370583,0.004307650731753257,-0.0022960722213017514,0.0037836606035185896,0.0022304766414956326,-0.008433497802378065,0.002192198168345069,-0.007844600553540889,0.002177402908890595,-0.007603896093201345,0.0021649492510974777,-0.0071918121367488975,0.002154525589144311,-0.00719181213716451,0.00213355526269504,-0.0063598312001329595,-0.000800429876770843,-0.0011257349490618517
2017-04-13,-0.004350441185379852,-0.0066669693801806335,-0.005410786494046591,-0.006386533030746346,-0.005392812237794678,-0.014757378082459704,-0.0053917291784018025,-0.014519681537692584,-0.005390768375083455,-0.013484900068237392,-0.005389584243211039,-0.013088289566374318,-0.005388208949935761,-0.013088289567244862,-0.005642483230643246,-0.010073798690933174,-0.006681498399329433,-0.009507530600731144
2017-04-17,0.012830945555805056,0.007897275464550524,0.012243068914492328,0.008980722809410806,0.009006343676404918,0.025664625722485755,0.009002941833013228,0.02520875809891392,0.008999515007597242,0.02397937378231601,0.008995254203050845,0.023763345572547213,0.008990324173687886,0.023763345573664985,0.010080369076818077,0.020107914737084943,0.00980092579160281,0.016374318029776885
2017-04-18,0.00021777854438048802,-0.007539476861816504,0.0005582828875831483,-0.00652070335111155,-0.002070351822639145,-0.0013536242977285294,-0.002002111123439166,-0.003381058342078772,-0.001975161495376265,-0.0037179876769211917,-0.0019523489761834577,-0.003219162769478679,-0.001933254191023488,-0.003219162769888375,-0.0012117600159746895,0.00020072175440830772,-0.001494264774970473,-0.0067520362234387435
2017-04-19,-0.001007858985225006,-0.0034292340104209837,-0.0010829861290505964,-0.0033078129067909117,-0.0015852010569463687,-0.0007676088330871868,-0.0015775391033437437,-0.0013980446844459274,-0.0015753722006741,-0.0005754349139370282,-0.0015740613445763582,-0.001294117368840694,-0.0015734680182744373,-0.0012941173686770746,-0.002073313894730804,0.0003250044522579858,-0.001782327810114386,-0.0011507866452443983
2017-04-20,0.0076679011351089305,0.006406086831562963,0.006470198775007316,0.006768343545668202,0.00547444170432355,0.011353585175027204,0.005540834190540692,0.013298570999493907,0.00557270582294317,0.013902022112944463,0.0056038281267853495,0.013912534178735886,0.00563426081957365,0.013912534179011008,0.006992469767252992,0.011957825171479147,0.007570150572683447,0.008934117013513602
2017-04-21,-0.0019200070919776933,-0.0015945805347107988,-0.001957877553137713,-0.0018194256153451077,-0.0023698379342691374,-0.0058151174671135075,-0.0023632226627201313,-0.007440410504808598,-0.0023597933501180086,-0.006972982487405213,-0.002356289767981839,-0.007353984381052351,-0.0023527202032544406,-0.007353984381311761,-0.001717759291243833,-0.003987468501966845,-0.0013997009583900195,-0.0034246391851367832
2017-04-24,0.015088945793412509,0.008751572934780384,0.015821091028439496,0.008984771316744175,0.009998968212033341,0.022390858914552038,0.00998979587171963,0.0274657916629244,0.009984571829070662,0.027519173146174625,0.009979022550257129,0.025830887998568662,0.009973207203783108,0.02583088800050779,0.007955364004421712,0.014873910792830654,0.011596915681450977,0.014567875566421121
2017-04-25,0.006368328634179787,0.00610587732882916,0.006493658122361011,0.00630084515750075,0.004378550216344062,0.01059764824724132,0.004406147904578091,0.012288515991097617,0.00441942968202336,0.012716874932999594,0.004432401945446777,0.013567030382122834,0.004445081417045435,0.013567030382156245,0.007109825905616855,0.01376768940123798,0.006055883811092935,0.007879472914349284
2017-04-26,-0.003636986477639636,-0.001074781777845609,-0.0032021817043392563,-0.0010817314747829394,-0.004521515981633285,-0.0024436218127660385,-0.004510208021975358,-0.0024263471671121645,-0.004504896218145217,-0.0031347376434739593,-0.0044996539788433355,-0.0022630602978145208,-0.004494419632173672,-0.0022630602981581613,-0.004957950291987703,0.00023954791203025308,-0.000524792842633728,-0.0013282456235156656
2017-04-27,0.001948426140257159,0.00042011961233652577,0.0036274248883379793,0.0005661784595610037,0.002908259464303397,0.0037301908153067193,0.002898589304780912,-0.00012378057451938442,0.002891804204686488,-0.0006791385549383684,0.0028840489808863567,-0.0008984996406812556,0.0028755034144590415,-0.0008984996408709384,0.0028826071627399714,0.0027009717784435344,0.0024220330258648867,0.002457570604872036
2017-04-28,0.006248547570601009,0.0007502264330532862,0.00790655422837782,0.0003151978457242485,0.003935429415003847,-0.006274692588874342,0.003909770469995995,-0.00910667098558085,0.0038941009418111765,-0.00955651405344829,0.0038770032386661714,-0.010033614797673089,0.0038587413708993505,-0.010033614798150762,-0.0005150705007659438,-0.008319864305531117,0.0016529167795322009,-0.0024768332085559398
2017-05-01,0.006984539531070604,-0.001518001761736475,0.006558271863899342,-0.001185377113781343,0.004438688956720953,0.01780726768732905,0.004501513505488345,0.012920242800234292,0.004530168717526962,0.011432157887581505,0.004557482474203256,0.009655206785750742,0.004583683078870417,0.009655206786781063,0.0018720565928793222,0.008134782567547367,0.004117613767902588,0.008639015664130372
2017-05-02,-0.00037640805804596805,-0.0011248648595929733,-0.0010179991049133908,-0.0016946666373747665,0.0005383272267866123,-0.010957608203437006,0.0005627194977830701,-0.01197201320142004,0.0005748322226549164,-0.011917388167330095,0.0005868985592553714,-0.012149760842659778,0.0005989149124473164,-0.012149760843200809,-0.003076587038284171,-0.010437186046442623,0.0005116569529896829,-0.0043954429896282616
2017-05-03,-0.0005794898610877933,-0.003045010900367647,-0.0004822550672361367,-0.0038835489888782433,-0.0035820183643516705,0.003997963548096372,-0.0035952330268347334,0.006402331025496248,-0.0036014613996119284,0.0069153436156931414,-0.003607514496194693,0.00462197597790844,-0.0036134253550787654,0.0046219759796281385,-0.004356743627530746,-0.0012324338400179682,0.0006369328946198482,-0.0008061184292039686
2017-05-04,0.0006693618801427474,0.0020686051286301086,0.000128586241521741,0.002145203425734202,0.0014710165976817918,-0.0011423257170374947,0.0014629587765199066,-0.00016852151609652663,0.0014609570031441663,2.543016316734107e-05,0.0014599835506350412,-0.00019974685532313452,0.0014598665564266931,-0.00019974685509318075,0.0015820328188637127,0.0001116084600723856,0.0006058407701287116,0.0022397587859111154
2017-05-05,0.0005988285310240242,0.0013316478508506942,0.001531186415770206,0.001505797895065778,0.0014817941069254457,0.002896286975393865,0.0015036557512079838,-0.0002523510927229944,0.001512767865955704,-0.0002524256653898132,0.0022060824722057518,-0.0002494203172802395,0.0022088202708470343,-0.000975793325451952,0.0035896055719448964,-0.0003962981081721138,0.000893483017877614,0.002081809435004329
2017-05-08,0.00799593453411015,0.001220329777080114,0.00728638451602761,0.0013346293554853013,0.007113208581994384,0.007903184925144678,0.007113240171420773,0.002695385999250919,0.007111250997477434,0.0026953860006059057,0.004215622348236009,0.002695386000607528,0.00421162650520282,-0.0005324567753657227,0.0031766111386011472,-0.002218674481948077,0.0021314243355878173,0.006549758164826065
2017-05-09,-0.001191410128574219,-0.0015395173542351128,-0.0019673751019987267,-0.000720610486557422,-0.001700148458627212,0.0022663357232100777,-0.0017150823801082126,0.00018156493026851792,-0.0017235562141042471,0.00018156493061307984,-0.002285877552997775,0.0001815649306134625,-0.0022951780435564303,0.0001244287646370304,-0.0025802966059100497,0.0025199590683509273,-0.001645567097624472,0.0014378281009430867
2017-05-10,-0.00023530701339868193,0.004383059240412724,-0.0007071330459117954,0.005156513730220403,-0.0013734615656428241,0.05496640775653223,-0.001373846946022273,0.05748224972977836,-0.0013733849359463812,0.05748224972633993,-0.0010161317246604577,0.057482249726336636,-0.0010154317191179616,0.05580585504743752,-0.003647305740502258,0.04867131654779568,0.007948336226557492,0.019622553875707143
2017-05-11,-0.001798466098241542,0.0012979877203002207,-0.0014578972107111203,0.001015644228006557,-0.0015332390302681379,0.014178104151358973,-0.0015179655085264775,0.011830890082559786,-0.0015103598541217661,0.011830890082384967,-0.0004545200757752121,0.011830890082384945,-0.0004486795198189739,0.01089315271959997,0.001055145525590717,0.011621173397599887,0.0004605601255894246,0.005569978428454452
2017-05-12,0.0023754134117522398,0.00030845281297525566,0.0015588616960492008,0.0005978474766299349,0.001863367743462534,0.006338464022571088,0.0018402536188931824,0.00299462792332932,0.0018265064485400873,0.0029946279239368824,0.00024516412712396497,0.0029946279239376167,0.00023246067533794863,0.001698423115866532,0.00031677529683928713,0.002503286985816997,0.001185264653940199,0.0029644527695918284
2017-05-15,0.0038037578775050158,0.01038446537559819,0.003162783196215046,0.009852939829781955,0.0027270125832271706,0.015524164886479796,0.002720395045444036,0.01700301437955209,0.0027167284811494014,0.017003014378470682,0.00780640152895225,0.017003014378469596,0.007798928032468375,0.016748740377753757,0.006866053418571105,0.01468198800885065,0.00669422095464069,0.00872910800665565
2017-05-16,0.004400079991853475,-0.0014953148669935936,0.002032312700552035,-0.0013627018222551978,0.0013841848066153241,0.004577242578358609,0.0013070799586362947,0.005490953504415338,0.0012660717822736472,0.005490953504030243,0.0011743785336793455,0.005490953504029864,0.001133345355549393,0.004584913790472015,-0.0028875211687312973,0.0012177657949077048,0.0010617021073633876,-0.0014134307354233691
2017-05-17,-0.029764165394352338,-0.011599182831821698,-0.02334554305760862,-0.013454319526598217,-0.018594526767805018,-0.05157517125527068,-0.018526379764929313,-0.05248471974040345,-0.018488116926592968,-0.052484719739357664,-0.012819044998257376,-0.05248471973935673,-0.01278087108462126,-0.05067375900426314,-0.008257540108196433,-0.043411819376598944,-0.01876867869428854,-0.026220719456908684
2017-05-18,-0.001808587632921398,0.004716551176509235,-0.00022596493686645631,0.006199798665741289,-0.00030466676353904654,0.01903073285453384,-0.0002877418932643906,0.015246779005507673,-0.00027675398629923957,0.015246779005508476,-0.003389777902159421,0.015246779005508602,-0.0033693348292366957,0.014070718112608377,-0.004587519491252772,0.01679858585797652,0.004246494501327218,0.01554835567014485
2017-05-19,0.00303585100414707,0.004498514859741175,0.0026389045648608327,0.005096821984087053,0.002143049791214188,0.013017416607018651,0.0021539502732663804,0.014288965149128167,0.0021605206362451165,0.014288965148526529,0.001273936836419381,0.014288965148525842,0.0012812224067386643,0.014735440863177645,0.002050139678239406,0.013919076527842585,0.005706972048508568,0.008113087400638855
2017-05-22,0.006835626520518032,0.004439874250232738,0.008056428931729382,0.004358822781583634,0.00788333860946053,0.007995531810832368,0.007898860015020567,0.006591460539728202,0.007905457900490406,0.006591460539700447,0.007660888755934335,0.006591460539700375,0.007664755134980711,0.00608613987386203,0.006049085264747448,0.007016752823772025,0.005716210742010156,0.007813039220476343
2017-05-23,0.004614255503309824,0.0007472281990652696,0.003527079876917801,0.0004769959042281995,0.0018959585400946267,0.0013996469595142099,0.0018972400711671146,0.0041494703281839875,0.001897926349518512,0.004149470327885283,0.002520962928651111,0.00414947032788489,0.002520473804508639,0.0037061301502435513,0.0012258210713681423,-0.0011412748539639409,0.002438827504409766,0.0010356747966784603
2017-05-24,0.0022462724555023846,0.0018928430505888677,0.0025148643203388213,0.001939974107960063,0.0031120902773245727,0.0020312286983894877,0.0030950156262199687,0.00251285446117324,0.0030877488123662662,0.0025128544608690904,0.0015848836966061704,0.0025128544608686637,0.0015859031790920791,0.003456684758949671,0.0031460803491660276,0.005234087331311443,0.003973950738184135,0.0012242980211640648
2017-05-25,0.006375957181629585,0.0049066491349617864,0.008190771893759193,0.004886241630948988,0.008927643238900215,-0.0014669037128027904,0.00893030795523377,-0.0029983528276107865,0.008932258380846344,-0.0029983528272534434,0.00822050995145912,-0.00299835282725315,0.008225945731928823,-0.0037525216838050434,0.005577976054177877,-0.00231518752917497,0.004901049367690917,0.005431123464455173
2017-05-26,0.0013160653622176564,0.0009096642040171249,0.0009096853224766404,0.001207516471413138,0.0014332973338117725,0.007143673939270156,0.0014147911612601314,0.007505071240526581,0.001405570533360762,0.007505071240018478,0.0007450330309717709,0.007505071240018032,0.000737566998939277,0.008736811811022309,0.001206805810044868,0.01261851127487195,0.0010562585587315751,0.0023165548490178744
2017-05-30,-0.0006541701017215058,-0.0002677460581772301,-0.00011292367019687577,-4.23828618059711e-05,0.0018526931560615017,0.0005554971332054973,0.0018289810727570833,-0.0029433287181307934,0.001816571533370399,-0.0029433287179452114,0.0017532929507431119,-0.0029433287179449832,0.001740710158098416,-0.003046953286628987,0.0006344392069602439,0.0025509690659355566,0.00015768813656733108,0.0009914750484716303
2017-05-31,-0.008782341837260966,-0.0008523515074974689,-0.007877683375313166,-0.0010686341706733274,-0.004424054286487951,-0.010522692884915794,-0.004434736039917912,-0.013510014667658783,-0.00443915958585039,-0.01351001466723843,-0.0025851921848681243,-0.013510014667238,-0.0025875587368183934,-0.013287053187933493,-0.0009109898482166368,-0.006924049797058372,-0.002473694010341583,-0.004249547129203805
2017-06-01,0.004631203133905392,0.007292652666696,0.006665574172278157,0.00735581419326255,0.00546707513631802,0.004898472790304241,0.0055328229776172655,0.006564104400891834,0.005566140708949597,0.006564104400680363,0.006139507228409358,0.006564104400680162,0.006168350784497168,0.006539315185580283,0.006765155729828387,0.003827215724081386,0.005386608091833596,0.008014330017174776
2017-06-02,0.008927559065871888,0.0019272393559952971,0.009123372613713335,0.0024413748409413795,0.010042431535942791,5.757931035255214e-05,0.0100034795227444,-0.003917704344178179,0.009981942374242825,-0.003917704343141166,0.008657988776343656,-0.003917704343140068,0.008635172599311874,-0.006351505188028031,0.003937918578540262,-0.0065498749961698756,0.003683513303152637,0.005213298355370896
2017-06-05,0.00040181487139499047,0.001361106229627489,0.0004726945045895643,0.0011969328265607941,0.00042774265498963604,0.005840508472153627,0.00040810166773355667,0.008159205029142337,0.0003993420199880941,0.00815920502815057,0.0003576978991819902,0.008159205028149498,0.0003528369991329945,0.008521248376244227,-0.001866932165308357,0.007358489283050837,0.002500052742396788,0.002337389194885581
2017-06-06,-0.0036257984021931676,-0.0009535147417480112,-0.0015142019721656624,-0.0012392044859900477,-0.001015197013807274,-0.003476211361569865,-0.0009725895243444475,-0.0029909367767695025,-0.0018377542521205723,-0.0031883038354271636,-0.00015844273810629257,-0.0031883038355798835,-0.000144925040478754,-0.004293215067802368,0.000678912595989827,-0.007162827723960742,-0.001981215459777421,0.0016735225441950653
2017-06-07,0.0055783876858807235,0.002239689243103489,0.00686465570852679,0.002646131298086465,0.0029518908510376756,0.010817022056876097,0.0029918108423116685,0.012648707338210972,0.003253696165892203,0.01187381893797603,0.0023685141373007137,0.01187381893834605,0.002383674422551528,0.01245112304326581,0.0005904703342854544,0.010225136629740826,0.0030020101654341727,0.006465891033796715
2017-06-08,0.003437935289108482,-0.006162780694454092,0.0023845741649265225,-0.004873888040954835,-0.0032463267343665852,0.025256152193467815,-0.0032614502489369656,0.030152828855581015,-0.006337426342432569,0.029789562420898513,-0.006444962145832484,0.029789562421821476,-0.006448933172904264,0.0288868177699828,-0.007750202474091858,0.02171382314365913,0.00044359548296917656,0.0037493311117420235
2017-06-09,-0.018031782241520685,0.0031300998533481633,-0.016286190425545796,0.0009107793371821625,-0.019275654338234586,-0.025096580437017707,-0.019251214352463797,-0.007031743691515506,-0.013586848478167865,-0.005419458392800863,-0.00895191550171173,-0.005419458392210489,-0.008936860172260645,-0.001907856532226231,-0.004394461157027036,-0.0070815646349433,-0.005691285862983024,-0.01802588674960383
2017-06-12,-0.009235789941060578,0.0002603474310007449,-0.009416143751057447,-0.0002424176706887002,-0.008645889620716614,-0.005611937524931643,-0.008682055704241723,-0.00018444655328729928,-0.005938120690618652,0.0014371097292710452,-0.004091243300545173,0.0014371097295360323,-0.004102533845377211,0.0035495247098732844,-0.0030864151609313736,0.005759242843271317,-0.0029929980408102265,-0.00926469583739164
2017-06-13,0.010601113894792173,0.0032482676160003215,0.009702148674160369,0.003348634156924563,0.008405653054695233,0.006488603335106108,0.008424314367641964,0.004539146551992705,0.006012430517761306,0.004981428189941725,0.004314876773767956,0.004981428189714207,0.00432460545523719,0.0032861900787780826,0.003469221095216594,0.0018733986814008024,0.006073678956106119,0.007459697174468715
2017-06-14,-0.0032946726267602164,0.0035793610884746526,-0.002763630376850873,0.003179022108793468,-0.0004760133686620726,-0.0030225914460395463,-0.00047143561481858567,-0.001086494249209459,-0.0006611325018705343,-0.0006489126648715225,0.0005534572437445596,-0.0006489126647328419,0.0005625054421415816,-0.000505131011866045,0.001625927883086485,-3.1969556974147235e-05,0.0006320349266758419,0.0002315844765452662
2017-06-15,-0.007701150562829118,-0.0018375999643886916,-0.007012021633564742,-0.002354302537460348,-0.003826221353342741,-0.003818551943978386,-0.0038445186102227854,-0.0038829225852852326,-0.0036509440020256237,-0.003810007558081542,-0.001959933470116801,-0.003810007558045846,-0.001966453557676259,-0.0034342868784466717,-0.001186351067461436,-0.002830849943095336,-0.003751743221899062,-0.004327812352087104
2017-06-16,0.0008745904291254404,-0.0041517627664861894,0.0017121610488030207,-0.0053492086205882815,0.0023699241629755114,-0.006845674431811741,0.0023791085659009992,-0.005629981267811799,0.0011323533383061108,-0.004086996583723862,-0.00032423405337592506,-0.00408699658387322,-0.000310822789552148,-0.004673541724563899,8.086724541237012e-05,-0.011401074435303636,-0.0023405834274582826,-0.010397881685721817
2017-06-19,0.016051866164716384,0.0025039173637835606,0.016278057098342465,0.003906561994653024,0.011792303109371485,0.027827473837981308,0.011799182384762377,0.026864142034814138,0.009768754245975264,0.0252461548514643,0.008532504893751678,0.025246154851782606,0.008528995858417128,0.023870641557600818,0.0066477860927167155,0.015368439084393564,0.00867957834844203,0.012518290927372588
2017-06-20,-0.007700386780956354,-0.0031316178549649428,-0.007019822180950694,-0.0038177948041694977,-0.003875788978293141,-0.008036168354906817,-0.0038795898514918416,-0.00849097511605637,-0.005128783044418796,-0.008936636400242367,-0.004617277758889433,-0.008936636400103533,-0.004610791722466247,-0.008939176789065603,-0.0031950712471741647,-0.010656038947271866,-0.003528365600964607,-0.004803082084411023
2017-06-21,0.0038361787388895017,0.0014693468501206538,0.0047626880862926095,0.002247026705020494,0.005129623157834527,0.004090013946467358,0.005151460362361412,-0.0008304113119540918,0.004929016232105548,-0.0009086040990578135,0.004441847084598139,-0.0009086040992606438,0.0044488691522073295,-0.0005960945856246548,0.0022416458916435333,0.0025832278734706864,0.0024340275236962895,0.006569703645829733
2017-06-22,-0.0027938047161360207,-0.0019075987728553328,-0.0009191507055933215,-0.0022655282111247346,-0.002005450465970676,-0.005538267738563131,-0.001959475112214958,-0.005172237332891742,-0.0022446435913747124,-0.005021914888834008,-0.0010105652439012106,-0.005021914888977138,-0.000993771830969081,-0.005561150770960453,-0.0011135729474023985,-0.008383116219282585,-0.0018897373951435848,-0.0011586063472010175
2017-06-23,0.007159928711502995,-0.0021483748214089983,0.004063508128724878,-0.0022043407414180476,0.00578175935930742,-0.007503236250458686,0.005743465689876512,-0.010144577418316815,0.004574234678712168,-0.009238800406839642,0.004569308179979483,-0.009238800407446741,0.004553218963781101,-0.010456616412154172,0.0038485303520456615,-0.01130105498476006,0.0006067764348326545,-0.0033586160512599234
2017-06-26,-0.005898374026904038,0.0023124272768157515,-0.005506416820589848,0.0021960442090474684,-0.005566969528240671,-0.003608969284682672,-0.00555624674849741,-0.0013581789995791333,-0.0028759960752577896,-0.001998603369289074,-0.0018495752989841356,-0.0019986033690573292,-0.0018473748505558525,0.00011575212247295902,0.0002942988165944917,0.0030760436696836146,-0.0010704203817947853,-0.0004018587739331339
2017-06-27,-0.010564434670306624,-0.004533831934478423,-0.010532511553462784,-0.005183123329569489,-0.014380327062825795,-0.011971526536163178,-0.01434644953151184,-0.00465004512147546,-0.012074360051084252,-0.005088336006761061,-0.011199003605756867,-0.005088336006330176,-0.011185364443488183,-0.003368305111974169,-0.009250743688179418,-0.00704363550951495,-0.007763088332457344,-0.011667462648654077
2017-06-28,0.015518509410437122,0.0034501633948297683,0.01451487704845491,0.004691814697528504,0.009195998553701406,0.02371954913581108,0.009194465599448323,0.02593712685774317,0.008842644118792117,0.025328586855212873,0.006057752888109731,0.025328586855654082,0.006055337132449094,0.025851660608220993,0.00517122243988705,0.02314354934734861,0.009809830725676877,0.009781564513833975
2017-06-29,-0.010775499358900585,-0.008715225616348733,-0.00866350927490401,-0.008868179703607568,-0.014377721213576937,-0.010705459987478662,-0.014340888939358358,-0.0015273649985750224,-0.013856638444980082,-0.0019298217325621622,-0.013129155053815032,-0.0019298217320467517,-0.013111882717535352,-0.0011292155610999122,-0.011515709597106343,-0.008654167245951801,-0.01134216546208753,-0.01164105513965425
2017-06-30,-0.0018805055431900424,0.0016502421808615437,-0.0008795737770974311,0.0016307049638401136,-0.00020417665690639194,-0.004224573497380072,-0.0001920245899352519,-0.0040167559633094135,0.0005260866063986602,-0.0036109870111989298,0.0010817768363489307,-0.0036109870114656526,0.0010842579648058723,-0.003742576275170654,0.0021298982740415202,-0.002755893123721728,-0.00048164856997070073,0.000499154214247463
2017-07-03,-0.004314015949941707,0.004552058449696505,-0.0029107209713934252,0.003352322246351987,-0.005258143024536052,-0.008885255115228533,-0.005227550343255336,8.46479546929636e-05,-0.0017465014237166524,-0.0006568459525124996,0.0004973395738215556,-0.0006568459521597269,0.0005066054968485854,0.0015845304613932394,0.0015424000496678525,-0.00293740623813741,-0.0011688365477742835,-0.004356773234153878
2017-07-05,0.011238870055483475,-0.002153202950288846,0.011420520762701463,-0.0010519504352499154,0.008297795949968234,0.014183532596294441,0.008309244373547324,0.01434631906477901,0.004512932357644676,0.015269997810313195,0.003119178761342292,0.015269997810325444,0.0031283329427086067,0.012232167041202198,0.0016951415833676839,0.005314384720920314,0.0040409712434214436,0.007845553355927543
2017-07-06,-0.007267826154174302,-0.006547022222760807,-0.007748663370789376,-0.006811263007930383,-0.008478167012932063,-0.004152676064659088,-0.0075743061810877085,-0.003606276742644604,-0.00646880770494268,-0.003784163000367571,-0.006725957384888367,-0.0037841630003386598,-0.007870921990544667,-0.004086302986296484,-0.007893930291136698,-0.006568743252777085,-0.007078942618107805,-0.006844069508838818
2017-07-07,0.010910724289838422,0.0026450694075293877,0.011493467926290192,0.0030780955524673543,0.011486011365070773,0.010841051066128786,0.011024305596246937,0.010841051066128751,0.009236074826504487,0.01084105106612899,0.009238700931105242,0.010841051066123908,0.005834727288353815,0.009796081562998885,0.005841282428404768,0.006330965801020687,0.0052793418311135295,0.007511387523894941
2017-07-10,0.008175781893345044,-0.00634055150326279,0.007069902050058155,-0.004646436380748847,0.0071886351153203285,0.013411878587813194,0.005829252932843292,0.013411878587813193,0.002712965571382138,0.013411878587815465,0.002716742350521714,0.013411878587818001,-0.0011660013169192008,0.013062857627502823,-0.0011566158857231259,0.013677278239357748,0.0012167454405448415,0.003100722364033455
2017-07-11,0.0007832173533916468,-0.001940593313866736,0.0019171059109340076,-0.001794344104814686,0.0016796785845155236,-7.509312445121257e-05,0.0022734352379408687,-7.509312445131113e-05,0.00028877629719764326,-7.509312445259579e-05,0.0002924947991868082,-7.509312446870593e-05,0.00024208534191837497,-0.00015775854158007755,0.00024502164861502345,0.0015566699976277177,0.0005655711642132746,-0.0024049231822178435
2017-07-12,0.008503502427561399,0.005821762771345118,0.008467431195727022,0.006086961880252712,0.009239093040916009,0.008821066408879155,0.010191293507013525,0.008821066408879152,0.008535138549773834,0.008821066408881608,0.008531331900072773,0.008821066408885239,0.006851250681320196,0.009196771398389935,0.006850215441442197,0.01169450459077097,0.008868347889024268,0.006029758845637585
2017-07-13,0.004282508225193372,0.001096004514495856,0.004904159382861819,0.0010528499559690828,0.0033645302758510435,0.0031621225888912616,0.0017541559241404361,0.0031621225888911644,0.0005843210129623172,0.0031621225888870262,0.0005874606607374526,0.003162122588864357,0.0006345513771802904,0.001683021867717872,0.0006294347812127205,0.000816416016066589,0.001911867992146914,0.001703438833626707
2017-07-14,0.0034973570151939836,0.00509189722885402,0.0036847379656249858,0.005151269598564515,0.005702161667892545,0.0011927684093213735,0.007784516834007594,0.0011927684093211916,0.008194239923661608,0.0011927684093188526,0.008197997951316987,0.001192768409285994,0.008571090514712082,0.001100403904546998,0.008575759245183199,0.004983054889503989,0.005546570626308061,0.003226457233318678
2017-07-17,0.00011127495807522199,-0.0012959991300055666,0.000702276120562098,-0.0012468316571857463,0.0014819088884931457,-0.006075356964063694,0.0029057110911021164,-0.00607535696406383,0.0030118800407019537,-0.006075356964065114,0.0030102407408225096,-0.0060753569640939,0.0013659651803416754,-0.006709739335583354,0.0013574391930206283,-0.004588526905529164,-0.0005981568078108124,-0.0023554999899184463
2017-07-18,0.006109782702145135,0.003104593341038863,0.005347094812303354,0.004163759476891702,0.006014905546015559,0.000921841177214806,0.007934184932755294,0.0009218411772147453,0.005613992024144684,0.000921841177215304,0.005607002416448601,0.0009218411772019262,0.005930181678371515,0.0014902756290421687,0.005921965050470052,0.003496197241267526,0.002872368008587852,0.003525263345479356
2017-07-19,0.005686781782841906,0.005595107929417445,0.005096891567543962,0.005689097403375291,0.006448957561425863,0.0015082648943967572,0.006177925431234727,0.0015082648943967136,0.005546313943479036,0.0015082648943953749,0.00555383307991642,0.0015082648943854264,0.006444855075923887,0.0018937649894065314,0.006460987718920279,0.0033174964094873504,0.004930885390691286,0.005756235212479849
2017-07-20,-0.000170353441143971,0.0018095627467000566,0.00043814278869056135,0.0019352775306710698,0.001929735692965675,0.0024146216752955365,0.002747511311728951,0.002414621675295586,0.002623026181673093,0.0024146216752975354,0.0026332050595660066,0.0024146216753110662,0.004332123206732317,0.003370395227149281,0.004353524392638276,0.004216131349087568,0.0014301219268308873,0.0031899571992893548
2017-07-21,3.896416044145553e-05,-0.0007988611367792998,-0.001244586455498462,-0.0016148513091495003,-0.0006630000433586808,-0.0017462623037586551,-4.520163735674857e-05,-0.0017462623037586963,0.0013331246002803985,-0.0017462623037592122,0.001328504356997967,-0.00174626230376477,-5.2774375832123025e-05,-0.0019511763582623185,-5.795705016925761e-05,-0.0017986634344583463,-0.0006008713525475072,-0.001163547794838175
2017-07-24,0.0065420129649813264,-0.0036800094773907248,0.005798106944218557,-0.004002722499501148,0.004716928597763268,0.0004049425710854657,0.003446270653889502,0.0004049425710853402,0.0017165137975695649,0.0004049425710831855,0.0017167859654552986,0.0004049425710542605,-0.0024814732510829093,-0.0008902432273135699,-0.002482309135021483,-0.0019734318902884496,-0.00026082872114407073,-0.00014641910275788405
2017-07-25,0.0011635520561661616,0.0040736456836156934,0.002284269822800215,0.003843824942083749,0.00013358059900744077,0.011130429706786637,-0.0007384087006366918,0.011130429706786784,0.00015165112929104026,0.011130429706787811,0.00015787697601080358,0.011130429706815529,0.001676176995347725,0.010160987479737574,0.0016609221900227649,0.005518359229960603,0.0026736291729093247,0.004359266755816377
2017-07-26,0.0004729515700461224,0.00021906646528297937,0.00033767325872642383,7.512563049739046e-05,0.0017352677725992853,-0.0021846615710802626,0.003028047274029039,-0.002184661571080401,0.003601780640296491,-0.002184661571080939,0.0036025878999232184,-0.0021846615711075307,0.0023076318503619415,-0.002167419331883559,0.002305101983753669,0.0009172801667828739,0.0012876334904013428,0.0005255217915196993
2017-07-27,-0.005630333053588051,0.0025204391539664904,-0.006048538160809483,0.0021388853008278193,-0.006822485616711107,-0.01426966684055763,-0.0041798139885932395,-0.014269666840557497,-0.007271022253672604,-0.014269666840554947,-0.007290742374329403,-0.01426966684053166,-0.001494814740450262,-0.009518505644610207,-0.0015266490169423684,-0.0022728376091576447,-0.000790179652031684,-0.011612548589527281
2017-07-28,-0.0030054458368025385,0.0009030667024651772,-0.003550748019437366,0.0016066494367711474,-0.0018480478975283533,0.002331019619791648,-0.0021675173160805917,0.002331019619791743,-0.004300967046089332,0.0023310196197915906,-0.004290122246809973,0.002331019619813656,-0.0012139866900402582,0.002998726320101819,-0.0011824140515971947,0.004053240160952455,-0.0005066711547822589,0.001295056647170564
2017-07-31,-0.007465539192601658,0.0027435304942526914,-0.00816464014745728,0.0025553542162127948,-0.00834532965182926,-0.0011132630193603484,-0.007504123952945996,-0.0011132630193602612,-0.00523886972630673,-0.0011132630193619942,-0.005234086282464277,-0.0011132630193427895,0.0006852909404822809,-0.0006255118939895953,0.0006862715715925333,0.001286853601555958,-0.0003805836530557862,0.00034056069699350193
2017-08-01,0.007302854053487133,0.003221017211986191,0.0073195681859605346,0.0032480927436026523,0.00600501025709465,0.012666713118981189,0.004862969704007715,0.012666713118981236,0.0035560459037463346,0.01266671311898183,0.0035654175741996735,0.012666713118991835,0.002999614487641281,0.012397792382528538,0.003011325608743163,0.01037862385320527,0.005541145423200104,0.006858886677690954
2017-08-02,0.006364013050563206,0.0002235430246998622,0.007175616300489082,0.0005703538810185003,0.007761835621846142,0.0065184593422286915,0.006907812829067246,0.006518459342228168,0.006808821805961515,0.006518459342215102,0.006821482673628614,0.006518459342103773,0.004092676201063623,3.94383351214368e-05,0.004090522909754031,-0.002749601448177178,0.0018250317151597886,0.009424837935165782
2017-08-03,-0.006724636346466727,0.002439026351913439,-0.006575047311423025,0.002462495361352804,-0.004643435401410421,-0.001834312692622931,-0.0038449475040202197,-0.0018343126926228593,-0.002474103157155947,-0.0018343126926213503,-0.0024693034150266736,-0.001834312692604198,0.0011023608265092496,-0.0004210782322998775,0.0011141993045244768,0.0002829940498296555,-0.001358765618729896,0.00011541558666794342
2017-08-04,0.007702668844164236,0.001421335282766432,0.00723223907538993,0.0007876012355965422,0.005765151294182115,0.00842680858396109,0.0013696515094191544,0.012917276169765407,0.0011401978949886224,0.012917276169724955,0.0007624874554918728,0.012917276169728703,0.0005277267651698201,0.011083470797275381,0.0005219717653611767,0.0037770106163903068,0.0020562045743502825,0.005273720006001769
2017-08-07,0.004967430862356399,0.002251341711706883,0.004202881095694393,0.002032099647868782,0.004298268918079719,0.012131867870314287,0.005628798811587369,0.011802392475237414,0.005618020129904716,0.011802392475260317,0.004626823984110316,0.011802392475260414,0.004620161699850204,0.009010670236313705,0.003726960051536159,0.005694896991713696,0.003791765339005946,0.0062652714638378425
2017-08-08,-0.00018132188932094292,0.0004051019458765247,0.00020961153025757131,0.0002869571212495331,0.00012368334346830802,-0.004763004650661754,0.0006268022047353358,-0.004574628457314941,0.0006264294635655878,-0.0045746284572364855,0.000816111231567362,-0.0045746284572362045,0.0008140412849309264,-0.004781952365855135,0.0005266478466033244,-0.002002584033299031,-0.0008530148420224436,-0.0011760411990846698
2017-08-09,-0.002590945450100743,-0.0009147472632921552,-0.002225408471458454,-0.001773277610913419,-0.0020934807805863807,0.0029690103844983292,-0.00040438650802202816,0.0013926145682577145,-0.00040997534066313884,0.0013926145682872156,-0.00046506504475033356,0.0013926145682873318,-0.00046961862845021633,-0.003098779748573372,0.00129169308638392,-0.010941006382580092,-0.0002971853879502362,0.00197258717652692
2017-08-10,-0.020438510069302338,-0.010574800519256959,-0.02023556456303885,-0.010991044359196,-0.02038283972651396,-0.030485890943382013,-0.014650627959401799,-0.02784764877461759,-0.014669941606599743,-0.027847648774642565,-0.012255801092101951,-0.027847648774642676,-0.012276000691572066,-0.026101757316353356,-0.009489129400818499,-0.024822569567937693,-0.014267432670568677,-0.021228240251823946
2017-08-11,0.005463688607650785,0.0006376015563677978,0.005018832856185909,-1.356697303572335e-05,0.006898801845703691,-0.014623656873393516,0.005728396394431578,-0.020338067089818772,0.005740261030480007,-0.020338067089605057,0.005343520512468601,-0.02033806708960431,0.0053514391942584075,-0.021097282825334743,0.00403931259490915,-0.017322174032702642,0.00048124713209440873,-0.001003387974744873
2017-08-14,0.015339747120332444,0.005899880346430349,0.013573723940893526,0.006497373626218847,0.014583102147949369,0.03798495889481676,0.011502080733382169,0.035986672070995984,0.01150567409061063,0.03598667207086531,0.011022851956023727,0.035986672070864874,0.011024780976711217,0.033903223474213595,0.009495790085158504,0.030039200806749308,0.01138241628410638,0.018340144906648856
2017-08-15,0.0030179022808814603,0.0021239188140305698,0.002562123577050883,0.001996148094844883,0.002759615926587115,0.0015928197459969442,0.004478876574500295,-4.2197937546007656e-05,0.004473154048985781,-4.2197937477425844e-05,0.005467168627752735,-4.21979374771815e-05,0.005458424763791937,-0.0010284319489663575,0.005340068587902663,-0.0022421778620144435,0.0007063865713532236,0.004368320073976582
2017-08-16,-0.000908529609520815,0.0010391644999048803,-0.00260300806471157,0.0008437313777067679,-0.000992540731490829,-0.004249632226730306,-0.0002736160486660067,-0.009193273498142264,-0.0002761626239820998,-0.00919327349811,0.0005090023896064143,-0.009193273498109888,0.0005040078492777542,-0.008111351483084376,0.0017228327072533402,-0.0025199735445215012,0.0016921742735845993,-0.0018787615679067816
2017-08-17,-0.01723731124422701,-0.011193708871599666,-0.016650740489457826,-0.011292601004651182,-0.01601613769194256,-0.022481064039501137,-0.01243680428323654,-0.020116826599970637,-0.012436031838811638,-0.020116826599964905,-0.010965007743198144,-0.020116826599964888,-0.010966973936642374,-0.018999311900791422,-0.009882448027207877,-0.01665774907604092,-0.014493118112898076,-0.016637647881393654
2017-08-18,0.00030049792877567556,-0.004004169713373985,-0.0013954247214761925,-0.003773521307876806,-0.0012779468994868056,-0.0009523254820309657,-0.0009774141580161943,-0.00012829927963356295,-0.0009883334534536894,-0.00012829927964699126,-0.00218346560801402,-0.00012829927964703777,-0.002188667019309121,-0.0005709803326714993,-0.0023141269578414274,-0.0031499605653027467,-0.002724233757595127,-0.003208918025523937
2017-08-21,-0.002212161001118409,0.003488276059232238,-0.0024435988057842388,0.0027373977192506308,-0.001419378415037263,-0.004982402482069636,0.0008814600373888937,-0.007961516733340598,0.0008856635700317193,-0.007961516733302405,0.0013595969837211742,-0.007961516733302275,0.0013627807305439782,-0.00731067526352311,0.002711816837410153,-0.006019790070394504,0.0017120002078096653,0.0007783274982283127
2017-08-22,0.014202547030173585,0.008290009016382,0.015071509669009471,0.009107326683527844,0.015494388665455869,0.02009733116895682,0.01000266282564816,0.01716620790158183,0.010025446201751107,0.017166207901576712,0.008255036230762562,0.0171662079015767,0.00827850043740226,0.01711295759157979,0.007815476409780727,0.01823510091856746,0.01103165193215301,0.016055254729618086
2017-08-23,-0.0034442535053052594,-0.004875215938091872,-0.0026562845641284446,-0.0048779328787148515,-0.003494349084404452,0.0029762475058746542,-0.003967023703028989,0.005602593662917197,-0.003970406016406047,0.005602593662890037,-0.003987527129382516,0.005602593662889953,-0.003990353290289956,0.004241636850428354,-0.004661879306277153,0.0018319348526134043,-0.0032059155078346803,-0.0020433144483511935
2017-08-24,-0.0025959685492040314,-0.0022344185533519894,-0.00236525126267039,-0.002256700410143425,-0.0022396239471071475,-0.0011133631269976852,-0.002355478973732883,-0.0010284149955307887,-0.0023489517906399985,-0.0010284149955520623,-0.002856784545829142,-0.0010284149955521412,-0.002848501999444545,-0.000564890004018357,-0.0020665812470629,-0.005079514952565558,-0.003268941395714613,-0.0011590530141036576
2017-08-25,-0.0016870141881338964,0.0019604858469229984,-0.0021318836549802118,0.0018313976547622728,-0.0027561822160679945,-0.0017433303746632997,-0.0007002652965401915,-0.0018036329605454194,-0.0007067748500708933,-0.0018036329605110452,-0.00018723197063499886,-0.0018036329605109246,-0.00019465251516350638,-0.0012974232337170006,0.00027916497221792497,-1.675040719684032e-05,0.0013778708515628946,-6.981807912876307e-05
2017-08-28,0.0017603742130543277,0.000776663934495891,0.0017134827248062238,0.000731582982735803,0.00320933641392803,0.0031738601357139042,0.0030384887526632596,0.0015535472028150347,0.0030462627588035795,0.0015535472028681801,0.0020374095261092877,0.0015535472028683796,0.002046342619328356,0.0006928725851097314,0.0020147015918201326,0.0019981869729719442,0.0019058361532371438,0.002950564054842874
2017-08-29,0.002962087534460473,0.0023807703141830996,0.004082778943175089,0.0023439729761164634,0.004708135062078812,-0.0006781252422285725,0.0039556523270063764,-0.0030073195410375633,0.003965990797352052,-0.003007319540963151,0.0037076442282044948,-0.00300731954096288,0.003716386201151642,-0.0038893224336736757,0.003195276052109637,-0.001570274367537889,0.002057380947798815,0.0029171714940592736
2017-08-30,0.008295278578608728,-0.00010582575452995602,0.007958316118519482,3.891516708981029e-05,0.007461404953099803,0.01031519500332859,0.0035720550804333824,0.007989749289091786,0.003570251892067072,0.007989749289058785,0.0024081225049979666,0.007989749289058667,0.002408562677394427,0.008012125867918132,-0.00024781756451904474,0.008478664425875672,0.003366592786757212,0.004392422180879855
2017-08-31,0.0058536615603935575,0.0026701740665203053,0.008135821151953054,0.0026732086769428766,0.008082170777481988,0.010366299479139956,0.007181244472371957,0.006077555119004274,0.00719094817200155,0.006077555118991165,0.0063874169652381185,0.006077555118991129,0.006399239944026896,0.004056214589854494,0.006086394298325535,0.003678532774525849,0.005770342169976677,0.007871909797229898
2017-09-01,0.00020264948963097384,0.0023103091197169243,0.00023560411836900073,0.0019529751526290119,-0.0008611795104039573,0.004154730065800843,-0.0001445851364419172,0.007021624991880377,-0.0001462973203823952,0.007021624991838464,-5.651864270685352e-05,0.007021624991838314,-5.666771956206573e-05,0.007287597622311615,-0.001034081245444774,0.0061639413686606455,0.002105944929201881,0.002469147906727135
2017-09-05,-0.01293374518518818,-0.0017896505307390617,-0.012678343310473466,-0.002314660200077483,-0.008149665258827883,-0.022240504223249916,-0.006267727875663562,-0.024111384090681334,-0.005085294229179644,-0.02411138409067351,-0.0053047832637662055,-0.024111384090673482,-0.005314935848375699,-0.024313647099566835,-0.0033028925828430533,-0.016890529837845572,-0.0051371316007515055,-0.010821216451119678
2017-09-06,0.0014895607249588104,0.005422558048097867,0.0014801078547852409,0.004765456532023895,0.001233608409999315,0.0004545555545146662,0.0012332781673107913,0.0014619169117162998,0.0003202047618666408,0.0014619169117162875,0.0008505405362556283,0.0014619169117162873,0.00084390579127168,0.0014619169117158848,0.0005213464660089091,0.0006349868907357816,0.005139981485991929,-0.0003893269256405818
2017-09-07,0.0009000685722963205,0.0010699482783627172,0.0008788155539805815,0.000140851630829127,0.009659428336915098,-0.004337840068637094,0.009406787341509125,-0.007203374567370883,0.008871649982700866,-0.007203374567370855,0.009197308922527354,-0.007203374567370854,0.00919285478060718,-0.007203374567370004,0.008051140456965393,-0.01710434115021107,0.004791575077682579,0.001522161001263267
2017-09-08,-0.008024738975457846,-0.003677387901583043,-0.008075446435897572,-0.003774092995825643,-0.007821934458497857,-0.011225683997516871,-0.006544124478210116,-0.011266312514806968,-0.005197282108266405,-0.011266312514806998,-0.007172638775818695,-0.011266312514806998,-0.007174942199309121,-0.011266312514807777,-0.005730131104894883,-0.007455247464096728,-0.003984701430775762,-0.006197063515541519
2017-09-11,0.012640451208824295,0.00966866214836677,0.012691317966961003,0.009760127790501281,0.01505109458746639,0.022304301885476246,0.015109119557281813,0.02286878612471415,0.014788874793304702,0.022868786124714192,0.013903459358391936,0.022868786124714185,0.01390751459872443,0.022868786124714727,0.013886660005996946,0.015985186110568945,0.01232947795638874,0.015510120369314921
2017-09-12,0.002642921466986965,0.0007186413558235535,0.002634153461440105,0.0007031558528458687,-0.0016128427100168805,0.007114180559064935,-0.0013896629133084374,0.008696260869203495,-0.001671797856194518,0.008696260869203486,-0.001809944735583936,0.008696260869203486,-0.0018161099790727881,0.00869626086920319,-0.0029755951895618095,0.012835033570198913,0.003385356488380209,-0.0026573570747942025
2017-09-13,0.005110524982303813,0.002535490069851737,0.005095465472346206,0.002731377989382443,0.0007166542191842022,0.0038026656723477263,0.0007155617035808958,0.00413351780839788,0.0007143395548672424,0.00413351780839788,4.775079773137225e-05,0.00413351780839788,6.209325985377865e-05,0.00413351780839797,-0.0017894320101102799,0.010797634933069148,0.003092188205645599,-0.00032196830871289916
2017-09-14,-0.00677275573661936,-0.0008628344912439603,-0.006780044408242433,-0.0013886209844065408,-0.0027619417414120597,-0.006217772708896687,-0.002652123967271517,-0.005589619784737854,-0.0012949452805284978,-0.005589619784737865,-0.0015924089321138772,-0.005589619784737865,-0.0015983907056472376,-0.005589619784738138,-0.0007734376845965783,-0.005991206415056233,-0.0015805409701408735,-0.002592243107669811
2017-09-15,0.0033254981264005017,0.0024605942184046806,0.0033507747514251703,0.003423701186256724,0.0021949783370708645,0.023435279469920994,0.0029399323705681713,0.024446674478466317,0.0020771373239728452,0.024446674478466397,0.0031865613970683665,0.024446674478466397,0.003179197819813095,0.024446674478467666,0.0033741851949794822,0.022556327751474252,0.003335433623121045,0.007777385581122761
2017-09-18,-0.001636339544324632,0.00042883530954054285,-0.001678191342912237,0.000962892619804825,-0.0036976125312173625,0.014888269398647642,-0.0031684894187168334,0.01547863896456526,-0.002255863738285708,0.015478638964565306,-0.0019388412501964727,0.015478638964565306,-0.0019505191491492459,0.01547863896456532,-0.0006886348296855713,0.01419490373897824,-3.609073669002447e-05,0.005039184998022247
2017-09-19,0.002658413454965256,0.00032349953475920755,0.0026194270096597796,-0.00013928116826801107,0.0012572381887356208,0.002269621983996176,-0.00011038366769462461,0.002834512605400712,-0.00038144741622867217,0.0028345126054006957,-0.0023326028543610633,0.0028345126054006953,-0.002350922203243806,0.0028345126054000417,-0.0005382569763464995,0.0030364166122065317,0.002849153888193818,-0.0028491157157002644
2017-09-20,0.0008795268300749494,-0.001196074935058562,0.0007940555696293832,-0.00217940503977321,-0.0031680723783798544,-0.009271965938130858,-0.0049730209944355355,-0.004329292677351409,-0.004342830059954106,-0.004329292677351437,-0.005637444556139562,-0.004329292677351441,-0.005615885187234304,-0.00432929267735234,-0.005587976138477049,0.003171323496523623,-0.0010200838851810489,-0.00842282971879326
2017-09-21,-0.004836116462572506,-0.005447862725514658,-0.004903594002879431,-0.00622039376350294,-0.007598027775653463,-0.012594988244133852,-0.008569551411258682,-0.011700339991904616,-0.01009649379053727,-0.011700339991904663,-0.008602686851509148,-0.011700339991904663,-0.008596942550105279,-0.011700339991905926,-0.009794888274197836,-0.008812305237192076,-0.005389706087042243,-0.007369043226009691
2017-09-22,-0.005301690372622629,-0.002790785914066776,-0.005341259234850485,-0.0027760971693584894,-0.0045835295409188395,-0.008059888641289457,-0.0037127327454404917,-0.007734493361718682,-0.0038601998725323046,-0.007734493361718697,-0.004418617445119757,-0.007734493361718697,-0.00443598163308671,-0.007734493361719132,-0.0038620013641704146,-0.0055877687739919885,-0.0020942959743258127,-0.00726739817523115
2017-09-25,-0.014929672228342386,-0.0010645035768218178,-0.014927541919117618,-0.001291959793713809,-0.015348097223784777,-0.021818393012195243,-0.013251260981445575,-0.019920642493912913,-0.007467491595031068,-0.019920642493912975,-0.007993938143671367,-0.019920642493912975,-0.008011226082204873,-0.01992064249391389,-0.005532878102847951,-0.012929247797024805,-0.007621647941905203,-0.012437598578354098
2017-09-26,0.0038984903921454725,-0.0009432345721131936,0.0039662453194455796,-0.000426672839750851,0.0036836206201967614,0.008024981027019136,0.002857076071241682,0.007004628622326278,0.001831275203541946,0.007004628622326304,0.0017761052038761964,0.007004628622326304,0.001784489642210616,0.007004628622327208,0.0018446972675972564,0.0005296270960866888,0.00054976391706242,0.0052451060143174815
2017-09-27,0.014988791544065884,-0.0020962195312885508,0.014955845034730696,-0.001980324100018162,0.009841874051920744,0.01667599180614707,0.004024380160912035,0.01754711556033419,-0.0007133658555929017,0.01754711556033421,0.0009098885267478738,0.01754711556033421,0.0009479905344959641,0.01754711556033429,-0.0027799958005493373,0.0159011126128657,0.004318369417467691,0.008401686791742614
2017-09-28,0.0028254862300193806,0.0027911089411052263,0.002789848006261644,0.0018979186905161748,0.002404927161706017,-0.0011877073403846747,0.0026186371151881967,-0.0012507828859832898,0.0019210847509375283,-0.0012507828859832926,0.002523100841011024,-0.0012507828859832926,0.0025300761302454867,-0.0012507828859835521,0.0018950928306495207,-0.0035267627154976972,0.003474223024248033,0.0017928701431139428
2017-09-29,0.004900468426992982,0.0014182706592290768,0.004886117251533767,0.0022726402121148355,0.006301271185124231,0.007224513630791808,0.00537260155850053,0.00576034854977581,0.004013847840936878,0.005760348549775829,0.0036209033321303687,0.00576034854977583,0.003618538591381082,0.005760348549776151,0.0031126208270080952,0.005809047317864021,0.003749702935215705,0.004890461600671919
2017-10-02,0.0017039181697525306,0.003578380241038826,0.0016865230900729206,0.00412135200917108,0.0008320053093632887,0.0022661455928135754,0.0008991027340182074,0.004489892874486375,0.0028821144961883247,0.004489892874486355,-0.0009089049778923854,0.004489892874486355,-0.0008960458102284016,0.004489892874485586,0.00046339036453746287,0.008600861981836638,0.002453675828789459,0.004280705810050306
2017-10-03,0.00301301865635521,0.005390237732291829,0.0030200612015267927,0.005833347131781352,0.0033534903919787184,0.005183239862289789,0.003930889279272386,0.005263742268013183,0.0040194818627854205,0.005263742268013182,0.003527820378333254,0.005263742268013182,0.003524964531877562,0.005263742268013184,0.004191188118566177,0.005736092904106394,0.003209797505777554,0.005308248690926689
2017-10-04,-0.0015401153433698416,0.0014142690471400997,-0.0015448630249166124,0.001603591608990511,0.00029245203837994843,-0.0028593388818293005,0.0019824600435359614,-0.0035256764980452705,0.0017489171580336697,-0.0035256764984087446,0.0030755568118295885,-0.003525676498227671,0.00314784255478875,-0.0031135385622011818,0.004028092999153281,0.0001058316618686239,-0.00012998355581723058,0.00032249639778442294
2017-10-05,0.012160674447996645,0.001928734863663109,0.012162639979254479,0.0022104356465581826,0.009847173740606107,0.009086314960931569,0.007797328020385672,0.0100999474567816,0.007794713744815761,0.01009994745702176,0.005344562368518583,0.010099947456902158,0.007151353604249321,0.008337204327003068,0.0031668705477387064,0.0045482223678961365,0.007152982750887419,0.003437845763675276
2017-10-06,0.003009358350559958,-0.001388633738982671,0.003005374734769842,-0.0013249661726515245,0.0023982393152659244,0.0016163498904268542,0.0014216505337181387,0.00111266189740497,0.001430214283528248,0.0011126618971982873,0.0012061052711475535,0.0011126618973012362,0.0007479897154970532,0.0012327042722119123,0.0006813347790007669,-0.0042954501808942685,-0.0014818555217802531,-0.0013996577172278933
2017-10-09,-0.002013749474267576,0.0002742507813320561,-0.0020125835512469882,0.00037395731007423605,0.0006510311967647985,0.0013891856156520708,0.001015193002671122,0.001786304945068816,0.0010103456149258448,0.0017863049454795582,0.0005368871838962546,0.0017863049452726525,0.0003598566107607463,0.000568971017290376,0.001495954359695312,-0.00043045352301693154,0.0007063228599888129,0.00038323003832970673
2017-10-10,-0.0014483917390261418,0.005522257423602784,-0.0014456510954142232,0.005101350141193197,-2.3637468644075984e-05,0.00932684928619348,0.0008816524915017445,0.009658229460243332,0.0008557857546339289,0.009658229460087252,0.000689924087262056,0.00965822946016474,0.0022324422900907265,0.008907330844605222,0.0030831239360443697,0.008148796362382396,0.0042473737815458094,0.0035573147005338924
2017-10-11,0.004508756388843582,0.005234671912689258,0.0044867709390298,0.005319974954197655,0.006637193432825032,0.002466192761689791,0.007138569955675544,0.0019629239122629137,0.007132398035035909,0.001962923912741129,0.006058573109137131,0.0019629239125013675,0.0070925414129993395,0.00010466651551189588,0.006142518611270028,-0.00043098761268001585,0.00529798553370937,0.005509205343206106
2017-10-12,-0.002746438412094222,-0.003077181618910028,-0.0027678565833291376,-0.003083964194959101,-0.00025872381949381367,-0.007254187165748156,-0.00010464642250854539,-0.006980295664252146,-0.00011593424751425293,-0.006980295663777321,0.0009334277027065044,-0.00698029566401523,0.0010604031400423496,-0.008549247837924216,0.0014265360425380121,-0.009615329114240899,-0.0018980158702012508,-0.004294781912381818
2017-10-13,0.0040084005635395775,0.0012138202782531636,0.004049702550448628,0.0011489326695448435,0.0031968557791077594,0.008843609336451135,0.0025048184342698595,0.010072894126760877,0.0025028755861089776,0.01007289412630492,0.0029296223832485104,0.010072894126532261,0.0019097058649711024,0.01012828930313034,0.004412093215726326,0.013135861336291148,0.0036497209685075705,0.0006680744235539659
2017-10-16,0.008513627258377903,0.00452415529362386,0.008557084146550124,0.004855180278511939,0.004719659750153993,0.01651577242524704,0.004160474072099507,0.015347558185572529,0.004153204968734651,0.015347558183823943,0.0037297149470092448,0.01534755818469818,0.0046572951730641556,0.016877842316203515,0.0071589843044267045,0.011571088440046102,0.0031299297217012613,0.005772223174898499
2017-10-17,0.008744251953499638,0.008449942952378947,0.008728163799665336,0.009371988247844035,0.00812980916233172,-0.00016332504007180904,0.012415295676201856,-0.0016028781693776502,0.012460486578556565,-0.0016028781694067567,0.010850860996996888,-0.0016028781693921109,0.009751603578905199,-0.0011701049749648393,0.00926799092310866,-0.00029753586478657794,0.0034367113923963236,0.011900623490238757
2017-10-18,0.0006929693869587638,0.000495623385595977,0.0006721387056343364,0.0008508535166250031,-0.0010822131383285269,0.008283776556568265,-0.001369741012904312,0.004263146187638014,-0.0013712508524331563,0.0042631461874489225,-0.0013415852789902707,0.004263146187543707,-0.0015720191303049249,0.003973134997185174,-0.0005588402388371817,0.002088381471702853,0.0017427932503358608,0.004024813915904964
2017-10-19,-0.006917812401914898,0.0006288112477834476,-0.00697730647373168,0.001759276751977632,-0.007516688275756106,0.0022926420897329976,-0.0049803638828512155,0.0010068436847537048,-0.005019964243497944,0.0010068436840463455,-0.004759031642681307,0.001006843684400295,-0.0032932087408202378,0.0026080495687096764,-0.0017618348369434463,0.004365318076067062,0.003909238655978214,0.0027083511634465357
2017-10-20,0.008955777385810049,0.0018733778547014568,0.008935595981470854,0.0023226620975067627,0.004202938534511107,0.009181163392919585,0.004143762106338208,0.0098509080521157,0.0041650084281431125,0.00985090805157529,-0.0006977743335887738,0.009850908051846512,0.0026572948711748126,0.009968933622667996,-0.0022081806696969634,0.007933557514937127,0.004136075916433675,0.006262310778001244
2017-10-23,-0.007595107466031373,0.00021004739546706078,-0.0075693132758749195,8.46082965472179e-05,-0.006848300663961403,-0.002704193467598628,-0.0034106757977996303,-0.0009258537304422445,-0.0034266394657081283,-0.0009258537302773337,-0.0024717450683875096,-0.0009258537303597607,-0.001052720696688331,-0.001753907406655712,-0.0008331872086530481,-0.0018598366472079887,-0.0031824050821745776,-0.0011388253758665228
2017-10-24,0.00736626218431943,-0.0009133142882362032,0.007387620833857736,-0.0014287806578757102,0.003033099421520986,0.01067457535706719,0.0008929115064720005,0.013823276016663765,0.0009225546141181282,0.013823276015736123,0.00015795328488229805,0.013823276016199969,-0.00043662358108967933,0.013242992822080626,-0.0010007193187642322,0.007794919131958765,0.0010478693327077649,0.0010391976789584153
2017-10-25,-0.002239494634908496,-0.0007046328096894471,-0.0022627629268778884,-0.0011781334854790437,-0.002141712647202105,-0.007737412986077299,-0.0017866846611398182,-0.007522850564699442,-0.0017879905284746127,-0.007522850563896272,-0.0011875294227949725,-0.007522850564296764,-0.0018019518936081165,-0.00832316384851571,-0.004736778606468109,-0.009685277781953959,-0.002468986000839917,-0.0023847046692809693
2017-10-26,0.0033369415796423215,0.0030119107277392114,0.003344171049920736,0.0029904672117863564,0.002857701753352291,0.004069091473790319,0.0023181619069251366,0.0067166038571008675,0.0023237404371931995,0.006716603856771441,0.00319057979918092,0.006716603856935838,0.003034803813018655,0.007254382037303161,0.004866356515732946,0.006842978382981946,0.0023450354325409563,0.0029756234919466676
2017-10-27,0.04206676825693599,-0.0027604795487105455,0.04211560013236375,0.0006401841633875036,0.040460918274414885,0.012842351305212192,0.035202238417401645,0.011512659723246717,0.03534556498931959,0.011512659723372693,0.029706957834649873,0.01151265972330778,0.03024128279984779,0.009942386425192544,0.016836498613224313,0.009297492149777103,0.012509378699553092,0.006704102514571364
2017-10-30,0.0023227642277064723,-0.006293815156205714,0.002406745705885249,-0.005470487804613081,0.003073872407263025,-0.0013319110766108523,0.00146533275584621,1.2786386260918854e-05,0.001473764989619589,1.2786386480560555e-05,-0.000827521564222229,1.2786386369592908e-05,-0.0008137234508672023,-0.0005513677787049361,-0.0021891783737905926,-0.0013635381414949196,-0.00511470298143797,-0.004283590645421746
2017-10-31,-0.001045343457723753,0.00162693719986042,-0.0009930825009828435,0.0015387481120679692,0.0010254283685688782,-0.0010588222730904826,0.0004709928114241693,-0.0003991573520622965,0.0004728509601676692,-0.00039915735212399617,0.00045856836684881003,-0.0003991573520940537,0.001036275164497505,-0.0005128734482311588,0.003433892085335494,0.001915042273847263,0.0010161134527723226,0.0024147155917951233
2017-11-01,0.0015807317644178926,0.0026641797702800676,0.00152550148637225,0.0022161884660736745,-5.216693867532684e-05,0.005450230014709162,-0.0005962613826197915,0.003104294392565187,-0.000604848278978174,0.0031042943923901304,-0.0013492708688398866,0.00310429439247795,-0.002256061832886908,0.004270932343937045,-0.001197755868005781,0.006840787319082745,0.004602579033516379,0.001079474845750127
2017-11-02,0.0006662271308844881,-0.001217608264413929,0.001960438911225651,-0.000978256846411668,-0.00045586852276072165,-0.0006851021511484612,-0.0007008264368234851,-0.0007700039979581357,-0.0005342786052776599,-0.0007700039980013894,-0.0007486560099484262,-0.00045506337227119533,-0.0007497216686712741,-0.0004517710701732453,0.0006367682313762175,0.0011522958149657954,-0.00035653209475851663,0.0006171259566376561
2017-11-03,0.00627087275213309,0.004775552097668012,0.007068096037712161,0.00570669569831034,0.00824941761403989,0.008471226338407484,0.008315120587404337,0.01084418726956254,0.007611587655992885,0.010844187269562046,0.0076453156740287935,0.008339873619061713,0.0076789863994090185,0.008339873619106111,0.009299589641253244,0.005255643119427168,0.006025165170475243,0.009173760859362364
2017-11-06,0.002440748690901142,-0.0003442467402045966,0.0013607457340426914,9.921948572872398e-05,0.0013177684438403657,0.001886245056792774,0.001378196483470848,0.004056236437578257,0.001901099248059686,0.004056236437578101,0.001923074999162996,0.0034339481277135767,0.0019438111137299796,0.0034339481276539083,0.000857382414090667,0.005844323406258026,0.0006156863776691648,-0.0011402058733497424
2017-11-07,-0.0026605421073592588,0.0027523139418969902,-0.00249756342776789,0.0028468265024738917,0.003303220705015154,0.0005437900267042713,0.003272253432246717,-0.0017343040205583286,0.002154896437825762,-0.0017343040205584483,0.0021461261261085753,-0.0022925025720934972,0.0021378721939978775,-0.0022925025721037243,0.004748592614639297,0.0009089996648655903,0.0016499874506739642,0.0019567910482361254
2017-11-08,0.0004454661103103041,0.0021518804216694434,-0.0012054340699871127,0.0027796210778379712,0.0023156426010169998,-0.001019708412579817,0.002303769227678534,-0.0049536931070985986,0.0030465061290345374,-0.004953693107098784,0.0030385665847368756,-0.005427582547988086,0.0030316579851340873,-0.005427582548000386,0.0023575486652129204,-0.007968930030410338,0.0037831090981638887,0.003853756852218646
2017-11-09,-0.0044575819019811,0.0002811209292561173,-0.003573284332140373,8.713746262302947e-05,-0.0026043242589107968,-0.00946587078270064,-0.0026032375960677997,-0.010064583571019086,-0.002305857737893998,-0.010064583571019201,-0.0023043664336371973,-0.010416087015067963,-0.0023029169636383908,-0.01041608701506423,-0.003886404890937057,-0.004384247510750714,-0.00285798591234478,-0.0018856221305574743
2017-11-10,-0.0025975229247446018,0.002947106492895105,-0.0026108557306258238,0.0031129672529646496,-0.0011589924110781834,0.014486952248959871,-0.0011882169144573076,0.014700630558575824,-0.0015223135915275422,0.014700630558575992,-0.0015314004298408283,0.014769957758493992,-0.0015401141665150153,0.014769957758576127,0.006937981057733818,0.02350197238582649,0.0028072265878921333,0.0026612092047008182
2017-11-13,-0.0008270257173030525,0.002492299333483302,0.0007878915923901138,0.0022997935367125473,0.0014524265914694465,-0.007019538304887571,0.0014579030551224526,-0.005498940809275884,0.0019449465231498393,-0.0054989408092758355,0.0019479537402726389,-0.0050266870731538495,0.0019511389068075815,-0.005026687073180157,0.0012820725916451751,-0.006172694921797222,0.0004209625250781767,0.0019205228747860151
2017-11-14,-0.0020832693255025624,0.002684742871745228,-0.003481031111128873,0.001984254531031214,0.000489589361337727,-0.0010897109491147285,0.0004345368829478545,0.0008947172254353828,9.782236876653555e-05,0.0008947172254357194,7.913247784529414e-05,0.0025494903208102045,6.155085057833699e-05,0.002549490320797206,0.003458492976867056,-0.004139864499928376,-3.2249917992467695e-06,0.0009557894399240681
2017-11-15,-0.003524800580029877,-0.008469721508520912,-0.002525786470719962,-0.008379652414581261,-0.00872032721707751,-0.00341315502633562,-0.00872061325240556,-0.003592241137684482,-0.00838418807254949,-0.0035922411376843395,-0.008389422412922284,-0.0030504455735724965,-0.008395081418389422,-0.0030504455735251208,-0.010874154141727365,0.0004941066663205981,-0.006488127488652963,-0.009951553891374166
2017-11-16,0.007117053061703839,0.008897314198398055,0.006768140988163197,0.00917621244466247,0.0069441111316521295,0.0054971565088421,0.00700039296870286,0.006009768484199656,0.005399057961110712,0.006009768484199499,0.005427230649079567,0.005080155473575641,0.0054541213645946185,0.005080155473753615,0.005684559144782621,0.003204033754028732,0.011473796743862664,0.015583474087504798
2017-11-17,-0.007257223027875766,-0.007880684167293765,-0.006526129193310016,-0.0073697378438401405,-0.008960391275216625,-0.004687881185105334,-0.008915898120847712,-0.0044337599973034636,-0.008197148800753675,-0.004433759997303506,-0.008182320082059241,-0.004840046708314627,-0.008168213417625251,-0.004840046708292012,-0.00771905444443002,-0.0023872166293402914,-0.005725037684336015,-0.006129368312328254
2017-11-20,0.0011095210691258778,0.001215330136120612,0.001129342161388165,0.0013265328603215567,-0.0007660680994018663,0.005235990360154842,-0.0007467792990065033,0.004165368479002063,-0.0006555339690752999,0.004165368479002166,-0.0006472650043328563,0.004422977197205357,-0.0006393147056709483,0.004422977197224633,0.0012821212078018697,0.003972340224476888,0.0016033261651331497,0.0035756221261305263
2017-11-21,0.01172209013370001,0.006747522660087646,0.011419980958631767,0.0070816267217577835,0.014247116147680787,0.007102700468898893,0.014266339476285535,0.008018125639908101,0.01273717037766986,0.008018125639907983,0.01274864498805443,0.007601001536160147,0.012758862271131214,0.007601001536059598,0.012723414335561605,0.004040150881166264,0.008193290811205504,0.008547024161920668
2017-11-22,4.692831283655344e-06,-0.001999134860406351,4.923716722628148e-05,-0.0017894690157152916,-4.0142658957715416e-05,-0.0034777509517878924,-1.4387796934360174e-05,0.003306363219113974,-0.001140846312102759,0.003306363219113594,-0.00112398415746197,0.0015266017032233123,-0.0011066949938568218,0.0015266017032756804,-0.001062171853281677,-0.00343291306461692,-0.0021037007335917,-0.0023171483898438055
2017-11-24,0.005730903067118068,0.003290063053710718,0.005196944435407748,0.0030783337310741755,0.006927291609105064,0.0036927491898152776,0.006990305631355838,0.009794384124507302,0.0071043110222850595,0.009794384124507335,0.007132652940718843,0.009969178631591679,0.007160634498701585,0.00996917863160383,0.00733935621357103,0.0012552058023808151,0.0042373096113929075,0.003456537687740402
2017-11-27,0.003398183280193673,0.0014718639931650406,0.002813248293668573,0.0015433084643055087,0.0032448487006442733,-0.0013895911420056509,0.00324349525131593,-0.0019156920977501156,0.0023926869456342846,-0.0019156920977499471,0.002394033263407393,-0.0006801079955366783,0.002395672876710643,-0.0006801079955852798,-9.031970560166732e-05,-0.002884000135137429,0.00229630418885304,0.001450832027857085
2017-11-28,0.008688247979339772,0.008521971996298274,0.009733484456764925,0.007878609964623404,0.002124584092760741,0.007257374879172814,0.002162374717044759,0.005895860462355522,0.00485617650335361,0.0058958604623558855,0.0048684027731436775,0.007686011912294076,0.004881141469555478,0.007686011912317367,0.0028150936039131468,0.009453241825011414,0.007406498825768978,0.007496664656501181
2017-11-29,-0.01565897620186035,0.0026763991128565695,-0.007386816924692754,0.002244927051807756,-0.017496061584574264,-0.016752986205443018,-0.01746161700982508,-0.023599146786501806,-0.01462051402511166,-0.02359914678650181,-0.014599994745387026,-0.023339216795899526,-0.014576438246589439,-0.023339216795702437,-0.017149193107671993,-0.005855641852813018,-0.0066977543348985605,0.0003161525882663663
2017-11-30,0.01051175211377105,0.012189412425906765,0.010687424629666414,0.011917812581671535,0.013051129587445257,0.012715102426925697,0.013088183126802086,0.012056248091195734,0.012620961214791218,0.012056248091195675,0.01264447538245566,0.011653794773600113,0.012667383438784237,0.011653794773642215,0.01477467271259544,0.009348132390084673,0.010828897394807583,0.015265639506994994
2017-12-01,-0.006946526994200893,7.367102711028191e-05,-0.005492850873328135,0.00017171134605074216,-0.005194957948616514,-0.008206119353012966,-0.005241162200601407,-0.009411062582775888,-0.0033790846788422616,-0.009411062582775822,-0.0034033324328281217,-0.008838588750821755,-0.0034263592396815735,-0.008838588750870159,-0.004111576997246627,-0.0036641126403453204,-0.0017939720490749655,-0.002394485567311232
2017-12-04,-0.011803522012442084,0.0010130157956747864,-0.021272138643524778,0.0004907380610924507,-0.025235584425312995,-0.040026694187362426,-0.02201934875527711,-0.045477415334076315,-0.022067604793441917,-0.03488161145689101,-0.022098871812904118,-0.03808167559002491,-0.018343267119447462,-0.038081675590032796,-0.01877400834433784,-0.03889132926008368,-0.005709621973249882,-0.007176762979760444
2017-12-05,0.003257509023035917,-0.0022292854594216155,0.004191786815227291,-0.002531515582147237,0.0055420605043666245,0.0006371146475181632,0.004568761282569123,0.002941859785908528,0.00456984498326043,0.006760146763199436,0.004570374238539306,0.006431845333921453,0.004388926740452503,0.006431845333922095,0.004960144948873449,0.006431845333922867,-0.0013088073693035044,-0.0021018752466965846
2017-12-06,0.006365043312316274,-0.0006483218283472738,0.010982953767916281,-0.000717531845455895,0.009678131954353594,0.009589851859768576,0.00845120169364377,0.017838814864067826,0.00843788422651937,0.012327181387031347,0.008423003035524164,0.011506490185959707,0.007866868578612103,0.011506490185966492,0.008079560395954323,0.011506490185967434,0.0017542124273323134,0.00023343408328774186
2017-12-07,0.0072790126218758725,-0.0017092249683698568,0.008440651079880132,-0.0017287271073035686,0.008693736954248783,0.005886526104823784,0.004964483306683335,0.010465983507707801,0.004991795156023214,0.012865953330160992,0.005016864609147483,0.007530507627850722,0.004482748808122672,0.0075305076278624795,0.0009442210469305466,0.0075305076278663185,0.0019126198590750621,0.00026462024378425436
2017-12-08,0.006870954731816677,0.0034904032250816924,0.004802345419503201,0.003208776978435607,0.006561544079181266,0.002904872852885367,0.0042752480414462515,-0.00262934574470565,0.00429473052645845,-8.36778930410954e-05,0.004312668119268903,0.005231014531331101,0.00241143362205142,0.0052310145313223455,0.0006759667609300146,0.005231014531320211,0.004643186035519569,0.004942670702038145
2017-12-11,0.004228694428852388,0.0027104990764239465,0.00516799364694895,0.0037364096315291515,0.005066025871781027,0.009819775189835112,0.004699997808864744,0.00805434364857234,0.004709783861521906,0.008091342143531974,0.004719784537175633,0.010589304807242553,0.003680018808799547,0.010589304807234842,0.007042446602439955,0.010589304807232792,0.005129741505886472,0.003432046708176434
2017-12-12,0.0017270086054478539,0.000943027862898469,-0.0007698185184808447,0.00038634080530346214,0.0001282562241188296,-0.010023859767127372,0.00032713112323761037,-0.011080709146678707,0.0003336303382700706,-0.009947224037794284,0.00034005560743935687,-0.006802314206606391,0.0011625885392966872,-0.006802314206610209,0.00048089907448606864,-0.006802314206611291,-6.60613011348187e-05,-0.0013498208686463949
2017-12-13,-0.0020420049572021713,0.0051957120518506695,0.001981542092031112,0.005593320172612494,0.001432273574100353,0.0037365264039711755,0.0030813367724873367,0.0006461316097127011,0.0030601544467390215,-0.005567327049445211,0.0030395797475688876,-0.007619293657583743,0.0035707557020085673,-0.007619293657572106,-0.0006446369250361944,-0.007619293657569912,0.0021474431051363885,0.0070822752866857835
2017-12-14,-0.0012148132608258018,-0.0015235655181320465,-0.0012494802677546178,-0.0013990754911748055,-0.0013035722837186107,-0.005902073286166366,-0.0014686173492694358,2.3728355291196908e-05,-0.0014651821572346378,0.002456082576661858,-0.0014605023335919347,0.0008085654507335151,-0.0016211083661511274,0.0008085654507333327,0.00042485169540755984,0.0008085654507335988,-0.0022377633961262956,-0.004556551476446432
2017-12-15,0.012327278680352804,0.005798887906624008,0.012260870895742692,0.006018910342872906,0.010574524594082344,0.017090437030558136,0.00912494473884398,0.014741859427924225,0.00911309181934223,0.014996332540197532,0.00909986814889136,0.018090418000393134,0.00670387759985223,0.018090418000387704,0.009555922711915694,0.018090418000386157,0.009932297194876,0.007106354467168035
2017-12-18,0.006194476360384239,0.0015707763339017863,0.005001287990252471,0.002003411240355499,0.0040210838858973945,0.012314027093463218,0.0017172928788125597,0.011893558980581772,0.001747612582117836,0.013364109119476096,0.0017784742126378335,0.011571369985825036,0.001860454745521001,0.01157136998581856,0.0034333814990101788,0.011571369985817448,0.003771719282627029,0.004406929063241613
2017-12-19,-0.00655143506700556,2.9153210589843707e-05,-0.007179464267068034,0.00021759660658398825,-0.007219126335238247,-0.007608296018619325,-0.005777200961306131,-0.007248678186533449,-0.005793911638171775,-0.006329977180629709,-0.005809763248421176,-0.006154490796974049,-0.005043252691046447,-0.006154490796975573,-0.0042641737304509484,-0.006154490796975809,-0.003352975255150415,-0.0008078622570093169
2017-12-20,-0.003787328173625657,-0.0012570133915079018,-0.003883432909058504,-0.0014536370476252258,-0.003363191879909605,-0.00185039397638901,-0.002755294909087038,-0.0035473592725466466,-0.0027538337310148413,-0.0044789045511932435,-0.002752176786307349,-0.0033963105247137595,-0.0028558424990322248,-0.0033963105247181054,-0.001141448340768869,-0.00339631052471938,-0.0013240196737936572,-0.000781504330192285
2017-12-21,0.0029686117321415413,0.002093347709969218,0.0012418016378326353,0.0017214091286481608,-0.001214788789782888,0.0010649757204844847,-0.002415476265964006,-0.0018294416524369571,-0.0024005556135107088,-0.0028811858653999163,-0.0023859549889352497,-0.0024332302609694294,-0.002411519419709386,-0.0024332302609692113,-0.0030460138398778957,-0.0024332302609692755,0.0017273546362532287,0.0009608150705242652
2017-12-22,-0.0008536353948305944,-0.001355911299168887,-0.00020896332463319755,-0.0014334167152296258,-0.0013267119758388962,0.0007258249944797181,-0.0011144533343406858,-0.0019685786487442674,-0.0011203681249962406,-0.002994909718171182,-0.0011263952108053412,-0.0026897964372097614,-0.001983726102247225,-0.0026897964372088233,-0.0008718756733236217,-0.002689796437208724,-0.0007208966790984797,-0.0008056147063505606
2017-12-26,-0.004308788766432087,0.0023644464036722095,-0.004295058133518466,0.0017250036951813822,-0.003353451232365274,-0.0015683081075770098,-0.0022252501765171687,0.0038478383878191007,-0.002236267846311169,0.0033135658484082994,-0.0022468096380899812,0.0044220294057840965,-0.002119530001168167,0.004422029405775237,0.0004174316394077482,0.004422029405772921,0.0001322278618498674,0.00042753690824132076
2017-12-27,0.002942461977483839,0.0014613187406043238,0.0033213688575380344,0.0013884740541708419,0.0033579827672779888,0.0022331117106331863,0.004226300772115256,0.0035003030757344853,0.004223197372198579,0.004133452827651363,0.004219741978303823,0.0030070643575386053,0.004185980683542969,0.003007064357543431,0.0029390098511203767,0.0030070643575447835,0.0012436937895649836,0.0020769562537927347
2017-12-28,0.001717349825600591,0.0007042603923825036,0.001229659009947194,0.00045512839818468386,0.002505311585960604,3.8845656601538695e-05,0.002215758020589268,0.0018183518963522413,0.0022334175657251747,0.0018427198737653802,0.002250621102939544,0.001528189816854561,0.0022295596157893296,0.0015281898168546066,0.0009652785845864988,0.0015281898168547183,0.0012565563891210375,0.0006919983831826953
2017-12-29,-0.006846864841780765,-0.003939949019021468,-0.0062722682998190855,-0.004128627296832354,-0.006571665120509904,-0.01085145841401114,-0.005596734752393243,-0.011483688405586842,-0.005623584904100005,-0.01280507160172693,-0.005650377593731352,-0.011583879968577368,-0.006147577717666197,-0.011583879968574637,-0.005542584332798895,-0.011583879968574348,-0.0054819040174976415,-0.0054429254057414425
2018-01-02,0.013857327719996872,0.004624930424141392,0.014498173046691957,0.005701410729570377,0.011998466917021075,0.020345022839717862,0.008384185199312236,0.02110451609410564,0.008406350401841296,0.02299412643559872,0.008427268987438535,0.018331087570447276,0.007378529112679761,0.0183310875704551,0.00510477986298637,0.018331087570457757,0.009336397699891405,0.006223617275843364
2018-01-03,0.007802978935512368,0.006412505807715508,0.00973616633000407,0.006874709225171247,0.010510405790743563,0.030060118558472338,0.007884456724283848,0.03100686606658024,0.007897888161858258,0.02941638974287752,0.007909971528321196,0.026764313127810753,0.008520605257801786,0.026764313127804418,0.012104841770778026,0.026764313127803006,0.010016467710531735,0.009660833427222069
2018-01-04,0.00610003370774146,0.004648904581617621,0.003548978404037136,0.0044115155348207254,0.005239924316472528,0.0037141490610803117,0.004697532085662192,0.006330744660111458,0.004687894890811296,0.0032377595645787485,0.004678827635980338,0.002847949618545821,0.004675589338743127,0.005362607943953713,0.005016810479614907,0.005362607943953379,0.004936902090759751,0.003215519002390808
2018-01-05,0.011658013576147415,0.007171561310308576,0.014459520438408695,0.007384999693152207,0.013296218926506799,0.012852024270182194,0.01271418199212371,0.012229265450388726,0.012742463074007261,0.012732085935576157,0.01276972324031265,0.012732085935576206,0.01279616759750533,0.012477458273588121,0.011039443158551904,0.012477458273588187,0.0076805384694825915,0.010138925610709653
2018-01-08,0.0027961902591036344,-0.00017769310152111533,0.0008851752639435697,-0.0003543434949697886,0.0008006150233906351,0.005342587351751101,0.000546173481059876,0.013799435488276349,0.0005363936308318083,0.01591771646597556,0.0005265181615441207,0.01591771646597703,0.0005167864618736012,0.014591244962251317,0.0021312163923880864,0.01459124496225132,0.0014161157722466205,-0.0010570267147092952
2018-01-09,0.0007663033510446557,0.001968789960466604,0.001020324973063011,0.002331867333559797,0.0011205910954061298,0.0053392578820148865,0.0032935850133344654,0.0037951799390242916,0.0032873306943526403,0.0006003147454691992,0.0032817838208327845,0.0006003147454693727,0.0032767260825690824,0.0008998371881938906,0.0036486015358280907,0.0008998371881938396,0.000531832720161689,0.002659913031621057
2018-01-10,0.0012276913485775552,-0.0025059020302405583,-0.0006916105983757419,-0.0024960719158512714,-0.0023059501162357317,0.0014949752597912297,-0.0021442587518138287,0.0033851655425194867,-0.002143799555374764,0.00224106376693266,-0.0021432548431817057,0.0022410637669333655,-0.002142550231871423,0.0013662573571097897,-0.001360593627092485,0.0013662573571097947,-0.0005442182240380021,-0.0030647982517790543
2018-01-11,0.005316313758303257,0.0077175968339479335,0.00508090824737537,0.008131214747266444,0.004658239442486628,0.006099279739897306,0.005180040900200282,0.00874669690884966,0.005202622515014574,0.0060661275100320185,0.005225645419055643,0.006066127510032406,0.0052491431403403005,0.006732717447595505,0.004512882245050224,0.0067327174475953055,0.006829896835073926,0.008978263964459826
2018-01-12,0.006509318981329142,0.005939674810241661,0.0057016063828143615,0.0069907532808891224,0.004660586046096265,0.013729031863682788,0.0036484570923420705,0.010489809313977697,0.0037005904118466476,-0.006465895508702577,0.003755264890893741,-0.00646589550870505,0.0038119071154840783,0.005932658526751274,0.007152410310482092,0.005932658526750081,0.008903723261417121,0.008730124733855333
2018-01-16,-0.0031724597493260737,0.0022534317911012108,-0.00039244343994945504,0.0017802640279168077,0.0007877220299064088,-0.0014428582536863618,0.0017337302856152467,-0.008469462616998005,0.001734313654945107,-0.006973677334244635,0.0017357129385221592,-0.006973677334243843,0.0017375368608450958,-0.00867120390670779,0.0031300918311466443,-0.008671203906707791,0.0011305318839994792,0.001779064317802761
2018-01-17,0.006970010231233532,0.010586591109010031,0.008219029745394835,0.010752200742454926,0.009560476565316584,0.017283155074247172,0.008690858032900603,0.009855315064851952,0.008709884356252412,0.004713871468468444,0.008728337907605153,0.004713871468466676,0.008746085268222787,0.009651690789197136,0.010642436104438211,0.009651690789196869,0.01035672732308069,0.01330021861115937
2018-01-18,0.0037636844828816797,0.0013282483732237037,0.0029104217305125817,0.0007406063218655203,0.004904425024821955,-0.0025274585085653016,0.005101030226532955,3.2892658105893914e-05,0.005111774015850487,0.0029087995845689957,0.005121600632266957,0.002908799584569372,0.005130572161513025,0.00034256701459247903,0.0034455890438265468,0.0003425670145927591,0.00043817946069694773,0.0008557393494197978
2018-01-19,0.0013306563548665215,0.004110191444097494,0.00250257338655666,0.004056818478483849,0.001779627418934521,0.009356327788710176,0.0013526114068314612,0.007981207417948034,0.001336443560951773,0.010246245817107305,0.001320291880894733,0.010246245817108403,0.0013041391807655288,0.008366901065409294,0.004449130558112087,0.00836690106540939,0.0040310352876768854,0.004997205936613113
2018-01-22,0.0135246759945917,0.00898694707778246,0.014195229426001084,0.009030823410984372,0.011354493112566377,0.01573344693224481,0.009802190478024064,0.017736646206442188,0.00979402190170525,0.020792580724761388,0.009784770882699289,0.020792580724761704,0.009774761973356543,0.019869228472886222,0.008114495707914733,0.019869228472886327,0.010443503554483641,0.010804401939146273
2018-01-23,0.007692506266895415,-0.0056099563665963775,0.006816191331566759,-0.004963579237646515,0.008538410189024794,0.009640303212193908,0.0017763754961984304,0.020222775670646946,0.0018173746127115782,0.021421553159250917,0.0018578743274702166,0.021421553159252878,0.0018984767555838375,0.017760546311285978,0.0013814599553071533,0.017760546311286207,0.0005831225754306946,-0.0007918922624564727
2018-01-24,-0.003051218831418939,0.0012607613775372183,-0.004562967695601082,0.0011698203630493374,-0.0038414035912352493,-0.007367773740313995,-0.003162064559120597,-0.00995486157069633,-0.0031874691563249795,-0.009535909109956206,-0.0032123230014232595,-0.009535909109957132,-0.00323700448811705,-0.0067524894660347876,-0.003077888439908357,-0.006752489466035043,-0.001551977437522298,-2.613553296562959e-05
2018-01-25,0.0028508616170114967,0.0031857406900848984,0.005760188754722586,0.0033000853407192214,0.002683296708351097,0.009728903870454261,0.0036973219425836825,0.005305770086438814,0.0036827378702568607,0.0072678024535107,0.003667797161870595,0.007267802453510884,0.0036524544785539736,0.007381652654984135,0.002342360110255662,0.007381652654984099,0.0034816359566597612,0.0041258913109110795
2018-01-26,0.00939528297012306,0.013790712708790452,0.024239087390876067,0.01591796088586348,0.011675368945727283,0.05766719693867955,0.011784526125646452,0.021207503022816498,0.011780110972732545,0.020012792073615407,0.011775557327911409,0.020012792073615473,0.011770880198673367,0.021071929555926655,0.012101989835094055,0.021071929555926575,0.015601810010235225,0.02503700000788123
2018-01-29,-0.006068219498941388,-0.00974660248402203,-0.006838450553911976,-0.009647725017761741,-0.008919691619587649,-0.001312062571318576,-0.01007840561390565,0.0009930826550660432,-0.010048882717516588,0.0011879549325004887,-0.010018930189125693,0.0011879549325006298,-0.009988572766334703,0.005121927596552602,-0.007819191704399603,0.005121927596552159,-0.006502065253317672,-0.008547805471564541
2018-01-30,-0.005006856017792405,-0.014122779289550377,-0.009671537716590357,-0.014241555130991929,-0.008352725950057906,-0.021382831192975103,-0.008494048616247495,-0.002157122929163496,-0.008514666739216348,-0.0001747577449850217,-0.00853461989826531,-0.0001747577449835688,-0.008553511309138413,-0.003913590842651718,-0.009394826592279406,-0.003913590842651498,-0.011729383954840569,-0.017611360050375228
2018-01-31,0.00684210342755672,-0.004673273214630491,0.0027507661645309817,-0.0049786742331489825,0.006041402622948704,-0.00040200282347388483,0.0016305819316251723,0.010768445541374355,0.0016486969975764432,0.008612776729345201,0.0016662107828517257,0.008612776729343415,0.001683383270528263,0.01375401644307371,0.0008170310558109031,0.013754016443073485,-0.00182370391301101,-0.005493505002794101
2018-02-01,0.0033851641862137306,0.0021651743553272773,0.006165837824631852,0.0021955211542624255,-0.000989059598540315,-0.00022181379659252064,0.0007016127394261411,-0.016311959701555096,0.0006432215634740624,-0.009895774610511991,0.000581700250335525,-0.009895774610512085,0.0005173532478849662,-0.018109444231896806,-0.005023530957389945,-0.01810944423189583,0.0035215508455066756,0.0027663531650281028
2018-02-02,-0.02476176636415333,-0.022281449212623535,-0.023187128265233524,-0.02201790165328246,-0.022378638827445764,-0.01447743522154006,-0.018149864238646035,-0.007167429050655176,-0.01813162943510937,-0.00708154821175452,-0.01811134425409324,-0.007081548211752293,-0.018089054056730773,-0.009433015776584152,-0.018074794979187576,-0.009433015776584237,-0.022035588221306697,-0.021090238036687838
2018-02-05,-0.04229099492766357,-0.04321908719028746,-0.040846781861737465,-0.0435087165302832,-0.0384361578296684,-0.051267077789302035,-0.03842677045714841,-0.051939467223668684,-0.03839463542103281,-0.053313790952560246,-0.03677836506151566,-0.051347950852403845,-0.036744778856179564,-0.05098282634702418,-0.04224367575394175,-0.05098282634703055,-0.04481178865754448,-0.04401480057956049
2018-02-06,0.028918815972942574,0.016797849012801316,0.029198598548853857,0.018340372459734175,0.025966152767613656,0.03173069089911485,0.026454927892771037,0.034918787987701316,0.026538203002615602,0.03649545682292404,0.022410827622855796,0.04166823495206343,0.022501944358638223,0.04166823495206312,0.02570953805495876,0.041668234952062115,0.021353282891471065,0.023078043406383607
2018-02-07,-0.011291366806355627,-0.002775859917391414,-0.012381070465253078,-0.0014530697199428705,-0.01445515602685026,0.005719066594016699,-0.011146112790820003,0.00429731671765566,-0.011182733173796573,0.0035093435489423988,-0.011401343575277396,-0.009554244405448376,-0.01144258765860658,-0.00955424440544868,-0.00961304183219752,-0.009554244405444973,-0.004792504984543919,0.002569164251756776
2018-02-08,-0.04250313370417775,-0.03687008579031519,-0.043149371346073676,-0.03802275668426646,-0.04317967493523261,-0.0442388371922699,-0.04274667376746435,-0.04612931421602011,-0.042739628775144464,-0.047529680381998465,-0.041115570911653035,-0.04899781313051056,-0.041110077176162683,-0.04899781313051053,-0.04117462045452355,-0.04899781313050828,-0.03743561374825348,-0.04191789547100737
2018-02-09,0.018467084571028868,0.009226811540315709,0.018566397778331564,0.010204215213893308,0.019126360693664482,0.031657652707696785,0.017093652585901013,0.0269866235665406,0.01707164143317551,0.02918717603540836,0.015596006353456156,0.03148660880759046,0.015572409231925481,0.031486608807590355,0.019731213381062204,0.031486608807585185,0.017368075243183463,0.011942531258445042
2018-02-12,0.016918344496077695,0.013300085464570652,0.01742474860717996,0.012511322830420255,0.018879717506745965,0.006582312783339037,0.02052522752865677,0.009118328825511347,0.020579471430213048,0.007982776568029907,0.01870520396530035,0.008609685024033384,0.018767154335858252,0.00860968502403327,0.014953570065452382,0.008609685024030946,0.012444592164122898,0.013147328243045476
2018-02-13,0.004926353207720845,0.0050692525624658836,0.003915738045651471,0.004918527313786401,0.00428334271010892,0.009980874977337663,0.004864616648934392,0.012676673069975896,0.00489232109750588,0.012769881928048402,0.004598333185461779,0.012680303791573661,0.004627243599474554,0.012680303791573139,0.005647760337007663,0.012680303791571921,0.0044081489233130265,0.0074486862229993485
2018-02-14,0.02131719919098074,0.005840734915275716,0.021087965778443355,0.006937579084688494,0.017675684005740724,0.02285013789230198,0.01683348894636575,0.024243570069006626,0.016873830679492607,0.02392286572945052,0.011916530021366516,0.02746140571150799,0.01197240593677925,0.027461405711508173,0.014708471898918014,0.027461405711517627,0.011792566875501051,0.011463133851741044
2018-02-15,0.013599703260064813,0.009421680230479812,0.014799963696450898,0.009678379548060797,0.015381378234483656,0.020766870320471267,0.012032114222824134,0.016318021379452617,0.012046756550428285,0.015392732294547063,0.015446482877634286,0.014883801679603096,0.015467510481387486,0.014883801679602878,0.01649763027630812,0.014883801679597124,0.014057660593666643,0.010127107159042827
2018-02-16,-0.0038137032418221837,0.004270467520148923,-0.003386470991497411,0.004828813631861767,-0.002683606348568554,0.003445082898898011,-0.0014611539986666097,0.0030462105935445574,-0.0014792275328031164,0.0030286054134750855,-0.0030436867529317724,-0.009501329549254173,-0.003063663201839615,-0.009501329549254305,-0.004971729615971889,-0.009501329549255902,0.0023289641505455897,0.0065817642200018565
2018-02-20,-0.00961855099813146,-0.01631367774549332,-0.009223578310344576,-0.017276368582888165,-0.0013943319930789636,0.008349113690062486,-0.003487704076546219,0.009654286678469666,-0.003441245159450772,0.009732426516646723,-0.003868620584024293,0.012104832450613348,-0.003822328695032246,0.012104832450613,-0.00113226767651162,0.012104832450613237,-0.008682868984869058,-0.01775988064100956
2018-02-21,-0.0015064421821793567,-0.010441521358025087,-0.003876989460313714,-0.010952357277925043,-0.00480287693049781,-0.009618753276031837,-0.00653887184224505,-0.006757278793448981,-0.006497253781024667,-0.007645394389602648,-0.007338719651939277,-0.009041044298808273,-0.007298151210361006,-0.009041044298807971,-0.008623237312990554,-0.00904104429880096,-0.009160711767303186,-0.010622216129630532
2018-02-22,0.0026575200632494482,0.005491525559173001,0.002807586950166633,0.005120505717616426,0.002876516074899027,0.0010265978514638178,0.004277580852071105,0.0008383398289508307,0.004282685087995003,0.0008433620577610905,0.004777378848428463,0.0028655756414047565,0.004778175070192635,0.002865575641404829,0.004752109224974645,0.0028655756414050527,0.0036567703546626033,0.005392198773503948
2018-02-23,0.01618841777870215,0.013538905480513586,0.0163904649987761,0.013981559548909835,0.01771707210049102,0.019264024732429344,0.017383076637072423,0.014199831290754696,0.017379036186156063,0.01322080295541929,0.016004030968586117,0.017666497109808138,0.016006176469560884,0.017666497109808253,0.01592202968893433,0.017666497109803014,0.01602067687534766,0.013397724524655936
2018-02-26,0.01245919077439727,0.009111088434795607,0.012620457178781096,0.009237270037982637,0.011680453835488408,0.012751838157574105,0.012110160946494189,0.01338044236692137,0.012145074577075282,0.013677282726245042,0.011564714603575018,0.01041532102781744,0.01159560166996086,0.010415321027817403,0.01062595117007336,0.010415321027814351,0.013265418129759978,0.008611867330093559
2018-02-27,-0.012302600372700916,-0.012183274824184073,-0.011951810305462988,-0.012543845761692596,-0.011648739734820212,-0.014092726081527333,-0.009753330597257096,-0.012263623845034233,-0.009737688999949132,-0.011972556106422194,-0.008836087879264086,-0.00830994141458952,-0.008824667568123274,-0.008309941414589668,-0.007784635433546314,-0.008309941414588467,-0.013135412684752717,-0.013451951820916916
2018-02-28,-0.00943177553433942,-0.012294826174983208,-0.0076918187308380615,-0.011797977525947155,-0.006170861803964922,-0.010638005096782211,-0.007880870339255075,-0.010872742914639182,-0.007866331597317798,-0.011477663794740243,-0.005998990863112377,-0.007956600218621804,-0.005979434448547557,-0.007956600218621953,-0.00769397524686417,-0.007956600218625985,-0.011184480342517178,-0.011388805835185077
2018-03-01,-0.015949492471758468,-0.008152983243163388,-0.016356953442463996,-0.008907299476206816,-0.013246921908155539,-0.022993746692605364,-0.010815932624568113,-0.022541549558051797,-0.010849241061003885,-0.02204031509890867,-0.010805624115997857,-0.02018310341814512,-0.010836925278128504,-0.020183103418144978,-0.013986415176369968,-0.02018310341815237,-0.013116236048971372,-0.01180185960725653
2018-03-02,0.003776416634632913,0.003724741648763408,0.004273753870819238,0.0033059665965399845,0.005951399455221385,0.014686696927731103,0.004966006904856998,0.011947381674108025,0.004964687457625409,0.01033778534192008,0.005623004587523657,0.007992723579212239,0.005620785926222777,0.007992723579212156,0.006705015806912418,0.00799272357921623,0.0059274469476118296,0.003227616349465573
2018-03-05,0.012493866389765166,0.010695559007328357,0.011666577903889594,0.010489732789802898,0.01093052368973574,0.004004168307861525,0.011444261683460612,0.0058122362175084775,0.01144692648194783,0.005793253892709904,0.010098884584644903,0.007584720273042697,0.010100198774246534,0.007584720273042938,0.007372707258656214,0.007584720273045929,0.009836346373759746,0.013090799058204162
2018-03-06,-0.00036552686297596475,-0.0007295024788782004,-0.0014449152210403461,-0.0008461643387942101,-0.0006696614041431575,0.007562999081688013,-0.002389254089300026,0.008599629653810274,-0.00237658358150966,0.007855396293872155,-0.0010394707647103834,0.009681507522795042,-0.0010269215092468284,0.009681507522794822,0.0027535586570927636,0.009681507522802713,-0.00021939710758693844,-0.0023442238020055842
2018-03-07,0.004799286591767267,-0.0012113363167806234,0.004935678291789325,-0.0013384068373841992,0.006353180982045094,0.0033223671857687074,0.0038389358275308077,0.0018089297695747784,0.003973602988539448,0.0043589810753130835,0.0017342824370935957,0.004936378106315572,0.001700970124876202,0.004936378107099357,-0.0005690092746813148,0.0049363781061935565,-0.0004122283087246776,0.003082978174289987
2018-03-08,0.0038594465592731216,0.00831865482454739,0.0034470241789065006,0.006986679874805094,0.002061434060586391,0.006289714977824692,0.002094568873945473,0.007109148830726866,0.004141257568948149,0.0015894910301382128,0.007537982548076791,0.0015894910301388206,0.00747794600943863,0.00158949102956115,0.0077899622989743645,0.001589491030364478,0.004339623734027702,0.005972732379593681
2018-03-09,0.020647818989209782,0.014482245222531803,0.021066437162116095,0.015794948094466903,0.020509187871263216,0.018409591764026387,0.02006026312110921,0.018467489489395732,0.017263570001805905,0.018675727470914998,0.01566826580915344,0.018675727470915445,0.015682679352683755,0.01867572747073757,0.013605009349809917,0.018675727470965284,0.016123540863081126,0.018992765945948533
2018-03-12,0.0028753471797616764,-0.0014765492042878943,0.002742789559860434,-0.0024347753398884417,0.0015436154164708373,0.006555733512670993,0.0033841259132326613,0.006870859167515439,0.002858537564603549,0.009583257748911436,0.003467127338714769,0.009583257748911705,0.0035635979205376122,0.009583257749261566,0.0029035117001344406,0.009583257748853265,8.635748756638019e-06,0.0009970272337699736
2018-03-13,-0.014149804397049215,-0.0010835766271032738,-0.014122603906137367,-0.0017928520838766445,-0.011297932280619996,-0.0012357299651441717,-0.01158078673537722,-0.0031403916370609662,-0.009633910125071664,-0.013253717561325862,-0.0066630457296978415,-0.013253717561325436,-0.006660756049112577,-0.013253717559576734,-0.004176430614202604,-0.01325371756122254,-0.005358416619909851,-0.0018221320945184197
2018-03-14,-0.002036862253026722,-0.007490660645381727,-0.0019698248694457283,-0.00712914556232292,-0.0034229089981904492,-0.0008497555142828791,-0.0024741388212273017,-0.0008422818623561729,-0.0023741315736093035,0.0012706891526776903,-0.004820819221911842,0.0012706891526766153,-0.004767811852385473,0.0012706891528860953,-0.005002109859074675,0.0012706891525130133,-0.005046027034254815,-0.0037535606671933093
2018-03-15,0.001085099492185695,-0.0019032453685802777,0.0007046789356251417,-0.0018141566131230939,0.001714779844348626,-0.010830474630736855,0.0017428167673456836,-0.010675674387811824,0.001007567645549564,-3.7270637598401973e-05,0.0004378231764921685,-3.7270637598168904e-05,0.00044135967991030785,-3.727063785121594e-05,-0.00043799448305996966,-3.7270637768028676e-05,0.0007412187721467499,-0.007991967966847858
2018-03-16,0.00020028424127338987,-0.0017139328564592356,0.00012160711229651836,-0.0006839744206785389,0.00585119226525178,-0.0007782466950223283,0.0030844915344976423,-0.003384373379641976,0.002048819956067114,0.00136098893067062,0.0008445769287106115,0.0013609889306714397,0.0008515636146809991,0.001360988931929286,0.0008352791769648323,0.001360988930514827,0.0022933059982848383,0.0036253291048539828
2018-03-19,-0.021401508065022883,-0.010857912801607542,-0.021579685140919225,-0.01095909032733427,-0.019980463894960075,-0.022386653914154453,-0.02204231335768949,-0.02270009511134022,-0.021191098892291645,-0.02865255355896556,-0.014909206514134785,-0.028652553558962176,-0.015030496235664983,-0.02865255355875721,-0.01372645271295303,-0.028652553558451758,-0.016908816713100055,-0.01672135614251143
2018-03-20,0.001965001810203982,0.005254532815221642,0.0015496139557540642,0.005809089768587943,0.007645355261958082,0.02382200855338707,0.0076077230328978835,0.020673194653850244,0.007203205524918418,0.016974012990682703,0.009505966767579591,0.016974012990686172,0.009662137519630645,0.01697401299386281,0.009169517456465359,0.016974012990832114,0.005520551985672461,0.017533108013907436
2018-03-21,-0.005570070625815521,-0.003921106361324888,-0.004988961864505315,-0.0024904900369615525,-0.007581968653379607,-0.0039000764897194062,-0.006794376804000743,-0.003335765128822414,-0.007271706038785709,-0.00346161333203307,-0.009322223076339392,-0.00346161333203423,-0.00930932706536398,-0.003461613332316165,-0.01034784368850142,-0.0034616133321174235,-0.0033431996131835094,-0.004296506376070592
2018-03-22,-0.029859384678198486,-0.023003876843414022,-0.03014047376564813,-0.0246805105742587,-0.02717060296210503,-0.056178477785507774,-0.02702876897489607,-0.056296882360194575,-0.02207187153502462,-0.026487312081612282,-0.01965425170090463,-0.026487312081612462,-0.019692607174685735,-0.026487312081406606,-0.017410958121858715,-0.02648731208211679,-0.02722491673883922,-0.049222546530854935
2018-03-23,-0.029612926655516535,-0.017480395195059333,-0.02915050772916123,-0.01749218226956527,-0.02683962401128421,-0.02505125321243393,-0.027936218804806776,-0.025463883973810254,-0.02548915793564156,-0.032655827971226875,-0.02353822175237363,-0.032655827971226355,-0.023613900334906637,-0.03265582797112664,-0.021200279631699393,-0.03265582797103787,-0.020203550755581286,-0.022244395835362845
2018-03-26,0.03764033457760548,0.019452089631593644,0.03767763603859113,0.02051151103564997,0.040245786733845886,0.026666871675575413,0.03857611657268019,0.027777556052153252,0.035161196935646497,0.05004946526777546,0.03480521691104219,0.05004946526777904,0.03487256307229385,0.05004946526634325,0.027324907973087162,0.05004946526780265,0.027495332949887354,0.026141208552899375
2018-03-27,-0.03479182512161646,-0.009944578023852419,-0.034796994870030296,-0.012367597992368029,-0.03627011452449837,-0.0515022055577663,-0.03692708403222369,-0.04949721810959769,-0.033111421830313126,-0.05329114147339143,-0.02622759685851777,-0.05329114147339213,-0.026501526511864677,-0.05329114147492852,-0.01986400864933946,-0.05329114147310259,-0.022686806202590747,-0.039077202170760106
2018-03-28,-0.00740034157260228,-0.002259432404295676,-0.008863245433315547,-0.00256900220646426,-0.009534241312893068,-0.01191960658705218,-0.010914520235947205,-0.011419670155002273,-0.009117308423160816,-0.01843509711567037,-0.007755556174572948,-0.01843509711567121,-0.007885018198505006,-0.01843509711721582,-0.006435894911843207,-0.018435097115650726,-0.0020219879360811937,-0.007094062945863631
2018-03-29,0.022131222750209702,0.009115422764423295,0.022851505339972225,0.010330223900814972,0.021212290506769746,0.0200897652895373,0.023941425673701465,0.02052732099329629,0.02153676092071,0.027941727556731154,0.016282880027800976,0.02794172755672949,0.016431321691378644,0.02794172755658764,0.01505676434777995,0.027941727556308776,0.01617645681889385,0.01652594607460862
2018-04-02,-0.023618536496030587,-0.02406734027117438,-0.025223719148495045,-0.023965286376359387,-0.023027673537474896,-0.0411411884802176,-0.025719517947680473,-0.04239562058182608,-0.025442724248150486,-0.04106448986745598,-0.024554742659925383,-0.04106448986745556,-0.02467230830253199,-0.04106448986745783,-0.02433261458545057,-0.041064489867481804,-0.023973267961118466,-0.034591893302607764
2018-04-03,0.009869396322931831,0.013307345931641375,0.009673783866010203,0.013169809692063834,0.01054279932163144,0.009087881000147102,0.010684147792255051,0.008712766678271177,0.011268560948505426,0.014718539683446266,0.011954163439925922,0.01471853968344697,0.011985474039639454,0.014718539683868957,0.012133946771652419,0.014718539683368264,0.012609605614583984,0.008173544471092324
2018-04-04,0.012109197455364951,0.015576514136741427,0.012395849331950584,0.01550594155202244,0.014997581713499263,0.01718195677832663,0.01111557152514132,0.015878913137652446,0.011890295920798728,0.013290730705641815,0.014706631033981257,0.01329073070564455,0.014633532665143032,0.013290730705825227,0.012023627246687853,0.013290730705958811,0.012803685808857056,0.01756586928037268
2018-04-05,0.013004630485055964,0.009349001323874201,0.013251394650639157,0.00968718321951181,0.012116415380947078,-0.0007137911785367479,0.010961460438180288,1.1304904122641286e-05,0.009433399870401838,0.005209669434934607,0.006542666164908881,0.005209669434932527,0.006438050212264746,0.005209669434462964,0.005603666087976846,0.005209669434885823,0.007053299583425176,0.005707106548681777
2018-04-06,-0.02437457300996588,-0.01829023811960272,-0.026993220844085505,-0.019314897769132092,-0.02827267382623467,-0.029790874168999937,-0.02808392880055547,-0.028818976327232203,-0.026210456795636983,-0.02868119127561589,-0.026288947884141736,-0.028681191275615785,-0.02472293102953836,-0.028673035543852667,-0.022236220647311348,-0.02867303554368719,-0.021182277113643008,-0.028252476561136993
2018-04-09,0.007753764216228418,0.0023955382482109206,0.007507219421679352,0.002665364630516051,0.006956242046235877,0.0029514254239292105,0.0062995268065161045,0.0031727856452039914,0.005416005423172709,0.0038574269080143843,0.005413401667456432,0.003857426908014393,0.004721779421302057,0.004605282822742732,0.002883189481162642,0.004605282822985505,0.005386135212470013,0.001001740125534935
2018-04-10,0.022032173476314334,0.011201479352537062,0.020127324760868474,0.012202057819602041,0.024084818220144834,0.03374744024807598,0.024869605712450508,0.03350061556965457,0.02197602826049249,0.03325847840491957,0.022175897674524662,0.03325847840491956,0.019362269461580338,0.03242154902278914,0.01797407655687605,0.03242154902213156,0.01865103999834196,0.025043458721009118
2018-04-11,-0.00885586901598271,-0.006185896291347203,-0.011186111978477464,-0.006256791546961974,-0.010829530892641256,-0.006666863902105667,-0.00909289132425278,-0.006414326437597552,-0.008248054228653833,-0.007809039724378748,-0.008255732651817555,-0.007809039724378747,-0.007735211064759224,-0.008511923666789378,-0.005926811085909365,-0.008511923666904335,-0.005449319605860907,-0.012546318623007051
2018-04-12,0.013088449383850446,0.0056526675281705,0.01615120917725037,0.006107747962368492,0.018528889241477633,0.021477624677020357,0.017531435757961095,0.021934414004514954,0.015452760323169402,0.022701125081563602,0.015572743300144794,0.02270112508156359,0.012827925753559101,0.02240515753923479,0.009522181273429594,0.022405157538813062,0.0085427628755527,0.014572171413466185
2018-04-13,-0.008630552343451954,0.0017141205410230996,-0.009202540763781911,0.0014614090633999536,-0.01050960213651201,-0.01176859395181687,-0.008790411496140434,-0.011999663755144892,-0.005473090855207835,-0.010512717588060222,-0.005539595908817214,-0.010512717588060216,-0.0037354389839541545,-0.009355454328961867,9.446872420526683e-05,-0.009355454328626984,-0.0021991072538595936,-0.005889347762922814
2018-04-16,0.006310307294717383,0.006653872024177678,0.00563919140726044,0.0069449227677432085,0.004614330418955328,0.005296806929557877,0.005289974316076952,0.006697336999092068,0.004443086695794744,0.006843513142774507,0.004418060549001922,0.006843513142774505,0.0037846818997708254,0.006716583815588931,0.00416333429112182,0.006716583815712986,0.00847126133289879,0.009267385305812222
2018-04-17,0.018522543505026613,0.010638300294635677,0.01909123510863608,0.011605793874136126,0.01838214698838068,0.029528565049412807,0.020475511014047914,0.028975318347021266,0.018215474950086758,0.02891386622865978,0.01832174672804945,0.02891386622865976,0.014526050880236514,0.03004491221211569,0.014535546353910671,0.030044912212206287,0.013570552056019813,0.027934601078838682
2018-04-18,-0.0021488912017161004,-0.0034461249447319026,0.00025682404179865363,-0.001636023365321178,0.00035817133373962536,0.003862187392723453,0.002295022956370659,0.0036193304791528012,0.000986360491136078,0.004441484469876355,0.0009978698953859715,0.004441484469876344,-0.0017588176880766267,0.004099630510413658,-0.0010839949068716386,0.004099630510072836,-0.0010432284800382344,0.0006118578629664606
2018-04-19,0.005746622910486606,-0.0031960420453752366,0.004117223426387671,-0.0026900977475877498,-0.00011722241633878652,-0.008363478881800895,-0.004556245988499886,-0.008454885446231325,-0.0035831848906223047,-0.006127530678819021,-0.0036750309488821405,-0.006127530678819018,-0.005086459619218282,-0.003314247887339837,-0.011779001212343961,-0.003314247886659884,-0.0037281160402957833,-0.0033816766635751663
2018-04-20,-0.011269109527132233,-0.012372206910229226,-0.011401821376765096,-0.011055320324355926,-0.01065285562468146,-0.010316052119858428,-0.012126460259156816,-0.010392869703652264,-0.012396334333868967,-0.01061153093399889,-0.012364005431571916,-0.010611530933998902,-0.014694567850067657,-0.01067933248234029,-0.01606656599679267,-0.010679332482346818,-0.009375420187198414,-0.00827367639812324
2018-04-23,-0.0014587678809852515,2.8928706850060585e-05,-0.0023978429676733996,0.0005503280049200395,-0.00404926464786093,-0.009078621632697166,-0.004455208278668921,-0.007778442850545173,-0.003593620865821649,-0.007094884508691326,-0.003702011550366963,-0.007094884508691322,-0.004047133407401206,-0.00744733793753442,-0.0050835702505128465,-0.0074473379373788985,-0.00021459633900336754,-0.00666029883367998
2018-04-24,-0.02392049717759504,-0.013424604592658365,-0.021033658329419454,-0.012969506023700214,-0.017074975671468717,-0.0261245219543237,-0.020287269097225,-0.027214885083741154,-0.019025540011194414,-0.02531448785199445,-0.01901170812942459,-0.025314487851994444,-0.017449704062398062,-0.02679080269648643,-0.01762893815598951,-0.02679080269738119,-0.014709656382501879,-0.013995464522085912
2018-04-25,-0.0012427751403479325,-0.00482871760324912,-0.0017864151847747358,-0.004620368455239149,-0.0037311439011953385,-0.007370202874086632,-0.0039966496150451985,-0.007795628742996727,-0.005856061661887726,-0.009012217965146174,-0.005905193622188191,-0.00901221796514616,-0.005231332186658628,-0.008716405600853697,-0.005258663122674857,-0.008716405600469388,4.919115274089504e-05,-0.002461800069039442
2018-04-26,0.02685119298388407,0.012592495133780905,0.020962239233362105,0.013387039962610576,0.0228460815784553,0.03336133651408426,0.025759981747371125,0.03217472559290846,0.023638299263782282,0.032175524866162285,0.023755063707279058,0.03217552486616227,0.023814334547332117,0.032049765183533974,0.024605839057251187,0.03204976518303114,0.020645756505375767,0.02504581171889255
2018-04-27,0.0012506953186785246,0.005837599941972406,0.00011486272878760977,0.006382542256940833,0.0021021413009014727,0.011021656211458123,0.00190829527716067,0.013922667876711165,0.0039000089180878422,0.017241654460359808,0.0039370495825723,0.017241654460359773,2.830161190873974e-05,0.016109399146747656,0.0010857768688670262,0.01610939914553904,0.0010017324937633366,0.004209462223162392
2018-04-30,-0.004292255493120405,-0.003977519032018773,-0.001425902132596819,-0.003851860909458321,-0.0004936070855233026,-0.002214749102391233,0.00019649610542314146,-0.005939348691850724,-6.075987908449413e-05,-0.01046958751626657,-8.246445000470882e-05,-0.010469587516266546,0.0015906809583948207,-0.011582140083343923,0.001348142169446288,-0.011582140083383333,-0.004555523136605948,-0.001640615849100491
2018-05-01,0.010910948982236086,-0.005374123733714154,0.010984303281740274,-0.004560498390089514,0.009632718779146494,0.010545767159616228,0.010816520160365136,0.011017623843389756,0.007044706086066523,0.011944451889145412,0.007097104623103873,0.011944451889145414,0.00284201666365426,0.01300186007176192,0.002401759128031441,0.01300186007216049,0.004164980510962532,0.008283527597501473
2018-05-02,-0.0012591772669429538,-0.0073075210227562006,0.0016589280278246107,-0.005379484585423415,0.0032124239355106107,-0.004380887909130564,0.0031746437976560267,-0.009039454591418245,0.002546911946563178,-0.00951652001733181,0.002557932010594454,-0.009516520017331775,0.0017348952527559665,-0.009599072763437426,0.0009416187371242748,-0.009599072763624908,-0.005826643884400765,0.0013482673138858591
2018-05-03,-0.0014984194172447118,1.7994974155232274e-07,0.00024795087699205085,-0.000320020705973295,0.002911619403321128,0.0163853541646876,0.007116051442458289,0.016629035798091194,0.004000794026016345,0.013349112194117963,0.004125936798094052,0.013349112194117945,0.004028347145513143,0.01113467295556772,0.0057937989464451126,0.011134672955127897,0.0013144568452575767,0.007241374596979712
2018-05-04,0.014822195906049723,0.010041054992837091,0.01406557409415803,0.009358871776791606,0.013939479965496089,0.013679489699493775,0.014909959748376481,0.013931978561801442,0.014844907256863556,0.014072940082919998,0.014887434363266165,0.014072940082920012,0.015231977562779485,0.015391382728887954,0.01578614613589078,0.01539138272928237,0.01218341802487898,0.010086440240628377
2018-05-07,0.009313291502712165,-0.001298111232689423,0.008683171048920305,-0.00171371745500599,0.011892565063295293,0.019440106458920237,0.012070794166330242,0.020056276952947087,0.011957390142866986,0.020115255074466157,0.009989085155781483,0.01960748866568178,0.009910446167124737,0.019607732860543212,0.010096103584483984,0.01960773286051664,0.0028723986417310238,0.0059130600039418455
2018-05-08,0.00390451623221738,-0.0014611919109578661,0.0048813316631482594,-0.00016736729456174075,0.004949355628018149,0.0060146560096614125,0.005535431993484046,0.004832375916485351,0.005545910595023847,0.0008891556684225527,0.002527453219264297,-0.00012257511953104653,0.0025476874803126255,-0.00012257511953177715,0.004844006674517429,-0.00012257511953104068,0.0012053359832634224,0.0038844083390910363
2018-05-09,0.016449489436089714,0.004982760073731156,0.012802186986672084,0.004566921303409263,0.01266997963199326,0.01606422476514049,0.012150057772246257,0.01719114599571548,0.01220191915629942,0.015133179595836942,0.009318671303770688,0.015015114616724156,0.009376975134561922,0.01501511461672334,0.010709013848588179,0.015015114616724183,0.009255529415536895,0.0070243666838517
2018-05-10,0.008601122676443935,0.009657257111404407,0.008351715986629836,0.008990080274850813,0.00836075577782458,0.008337338817236863,0.008488156428914895,0.008068545376933217,0.008518262016366707,0.008893581199632745,0.008997312286245457,0.00987666572635534,0.00902729114520627,0.009876665726354485,0.008642459042809362,0.009876665726355382,0.009708976921929026,0.01059102691573243
2018-05-11,-0.00011488939751256443,0.003345893537716761,0.00028010871009005327,0.004002255423204925,-0.002534099634199984,-0.006544957790533563,-0.002505980702520283,-0.006914910184643113,-0.0025890202910010185,-0.00794938275611213,-0.003078416883407549,-0.007465157363359135,-0.0031673081025716063,-0.007465157363361274,-0.002833357692440824,-0.007465157363359074,0.0038911765139072463,0.002774479877212794
2018-05-14,0.0003472874607071323,0.0006839662278613209,-0.000859187803428726,0.0009572149932897985,-0.00039859045537045704,-0.0042677944541393825,-0.0027395506371833585,-0.0032938269327644474,-0.0027348439590574713,0.0002840440812612998,-0.0013900378217410875,0.0015479880343232159,-0.0013698577152782448,0.0015479880343236198,-0.0033538886141024427,0.0015479880343232033,0.0012839191837032261,0.0017220780790419407
2018-05-15,-0.008431206718062809,-0.0062729003680958885,-0.006112496170078859,-0.006345085180372193,-0.008460240578599358,-0.018564827838284084,-0.01000021136986257,-0.019226652128111706,-0.01013823728907107,-0.019190151760571626,-0.010260730031685055,-0.019690623650554986,-0.010398748941627145,-0.019690623650555947,-0.010818760058110525,-0.019690623650554965,-0.007982923097155186,-0.011349856916509651
2018-05-16,0.0011608027282961541,0.0032546728012117416,0.0015571317078718029,0.002890219184550789,0.0024311214060740542,0.0038735478008156557,0.0034263956488294143,0.003933589957738725,0.0034251384500117573,0.003781769591625623,0.0023523560042209768,0.0028402063820818155,0.0023639876322380463,0.002840206382083094,0.0024800718713122918,0.0028402063820817734,0.003755577983976269,0.004020731229386018
2018-05-17,-0.004720130425284638,0.005057322240527016,-0.00516433401496147,0.004259338642626482,-0.004911160005361748,-0.00026606630642614755,-0.004141517213727575,-0.000651092333855451,-0.004084051149728619,-0.002192954308743839,-0.0009945091170785354,-0.0016598037733464256,-0.000981974093018503,-0.0016598037733471266,-4.690402546242878e-05,-0.0016598037733464134,-0.0032155826305976017,0.00017735163387662512
2018-05-18,-0.0070906325154529454,-0.005076541121420761,-0.00622880734986245,-0.00505858575319321,-0.006320644688235483,-0.0023930597076677763,-0.003692798424781295,-0.0017875237660325812,-0.003692634368416405,-0.002460369846298961,-0.00453773614949519,-0.0035716124188565675,-0.004552095788266894,-0.0035716124188561803,-0.004209488445885568,-0.003571612418856576,-0.0036290232856915953,-0.0023350860800951238
2018-05-21,0.00925659808062803,0.007602021163818271,0.008075126315767808,0.007502198697342402,0.006493760192596331,0.0004723337847755619,0.005293148880151959,0.0013389958296757048,0.005223930276836125,0.003904277864328062,0.005731897240068658,0.004890889398485948,0.005673422763432236,0.004890889398485216,0.004040107589275313,0.004890889398485971,0.0068863099172895795,0.005445686053644885
2018-05-22,0.00032533763653601095,-0.0019695487493323434,0.0015293500048723626,-0.0026056781573577568,0.001322576246550711,-0.001570762054383653,0.0002666764959665588,-0.0018928554821103331,0.00023629684092469044,-0.0026773263724916532,-0.0006819345027581092,-0.003341125854054038,-0.000706528166316063,-0.0033411258540539403,-0.00033380043024794755,-0.003341125854054039,-0.002812856102815502,-0.003117991992018536
2018-05-23,0.005716963866904595,0.0025791637488343953,0.005471702978647806,0.0026222138773154707,0.00573745718844229,0.017200698977975486,0.010013294097083337,0.01767542846191318,0.010093931424981203,0.015766610450088616,0.00802235807274823,0.01530905284346702,0.008093827956193025,0.015309052843466833,0.00938580942908733,0.015309052843467032,0.004178869749769075,0.007789729892477658
2018-05-24,-0.0035468614362111363,-0.005814799916511645,-0.004147031258522262,-0.005914449510390771,-0.0035687622729783696,0.0013739887886363251,-0.0021003337566647177,0.0015788359219967888,-0.002070497494349866,-0.00014751382707630777,-0.0027780545152200813,-0.0011748838474231321,-0.0027609319346181553,-0.0011748838474225157,-0.0017249381704475932,-0.0011748838474231439,-0.004920208669311781,-0.005400927281155279
2018-05-25,-0.0014134498163138108,-0.0021617648186148114,-0.001700757247213136,-0.0036322662792046974,-0.0005232927195253247,0.0009193742732156039,-0.0009749183574509058,0.0013558845971751658,-0.0009420552779388768,0.002754820755630439,0.00012529903820344637,0.0028602126459545056,0.00015843630320009234,0.002860212645955675,-0.0005402772421291526,0.002860212645954501,-0.0033748382450566085,-0.004257609195681506
2018-05-29,-0.014432122027019635,-0.0067163705619451815,-0.013436021640182903,-0.007101912247823118,-0.014143012457222916,-0.002868999694121387,-0.01003045515691705,-0.0023669643163324043,-0.009958713269860468,-0.001953641561650621,-0.007910319195046171,-0.0009477331245784472,-0.007879780271391097,-0.000947733124579228,-0.008009732351409653,-0.0009477331245784128,-0.00930917718119093,-0.006708385535224728
2018-05-30,0.010360885712249624,0.014376344109553102,0.010661288891423556,0.015071948368433556,0.011285293417279352,0.015175974563750569,0.011642871249245106,0.01495844949966273,0.011687446519947027,0.012574218684552243,0.010499035427279823,0.011462093800532428,0.010531254701128584,0.011462093800532609,0.01198360903811329,0.0114620938005324,0.014738664892733247,0.016262434184535823
2018-05-31,0.0016630446896222862,-0.008234265846183256,-0.0019782302040447525,-0.008007562914774986,-0.004552785335295307,0.0013491587020838013,-0.00240266793364731,0.00209325694441597,-0.0023823001913045204,0.0003511326559055771,-0.003526573866066256,0.0017812488287686612,-0.0035208624042465117,0.0017812488287658327,-0.0025090946141000025,0.0017812488287687715,-0.005330728552846828,-0.007160219691524683
2018-06-01,0.014174754238330884,0.0069837827069053095,0.013868026704556141,0.007477504984735959,0.014846709793323844,0.01385827251484714,0.014467971106220874,0.013069715368336529,0.014496671914660432,0.015386754467998729,0.013527023095907342,0.015724773741753982,0.01358435752417823,0.015724773741754544,0.012417487938898814,0.01572477374175398,0.009490493775503336,0.012826164560734443
2018-06-04,0.007894419090259746,0.005994218512124061,0.007541716374085086,0.006301780576617393,0.010644915614044403,0.016387345444109927,0.011781811950940906,0.01605246526669845,0.011857696998950777,0.01618314237324514,0.011896579922258442,0.015009381301521843,0.011979006060484297,0.01500938130152449,0.012140122481346213,0.015009381301521778,0.008573573504930203,0.009503763436151752
2018-06-05,0.002033373688138051,-0.001325401246940042,0.0034366210869926934,-0.0008866341606699387,0.003882333030391689,0.0059147495658148875,0.004772127683747692,0.005601902965716422,0.004766576838592487,0.007130154356119258,0.0036083996113457006,0.007206862642278923,0.0036368334983917267,0.007206862642280166,0.002840165720614718,0.007206862642278885,-0.00047801236167226434,0.005646742851338388
2018-06-06,0.00889911064418423,0.01060162489804681,0.012137035479757828,0.011294117794532703,0.010765776947144319,0.0033828914197460876,0.009780503923686571,0.0017473644752384724,0.009705484378083211,0.001345256596611329,0.009358157543077335,2.279220801464664e-05,0.007418432220166803,2.2792208014784262e-05,0.008501273819507152,2.2792208014650875e-05,0.008782326451791412,0.011450950301807464
2018-06-07,-0.007605128836270942,0.003398022016204851,-0.00863854053389544,0.0030031879623419015,-0.01143839051994791,-0.013100620216106446,-0.010927061827039071,-0.012865489577852728,-0.010952116195119477,-0.01093540709948716,-0.010976359271288325,-0.010050992412908417,-0.011321685640600447,-0.010050992412908445,-0.01115632103260838,-0.010050992412908405,-0.0007367865941104944,-0.00781505074480309
2018-06-08,0.00011520100531530906,0.007527832439055579,0.001189989712988367,0.006808466282165561,0.002069828442802745,0.0030847388456769075,0.0024120936842334647,0.0035776171472645616,0.0024149082028756107,0.0020747121466591933,0.0024167815087623563,0.0010687341429569813,0.003690022061778192,0.0010687341429569959,0.0023343772130812205,0.0010687341429569488,0.00491918806835613,0.00423888394904439
2018-06-11,0.0003510783513431356,0.0026882386125036276,-0.0013553663539510358,0.0026574490901435073,-0.0023312802166996164,-0.0020104454478940778,-0.0035869877729847576,-0.0018062605288345572,-0.0035823657822103296,-0.0027803903112898105,-0.003578500823921663,-0.0014064846816499855,-0.002609938737250587,-0.001406484681649931,-0.0014130181066947997,-0.0014064846816499693,0.0008022183739496746,0.0004270292409238869
2018-06-12,0.0026486956111939786,0.002781704777783497,0.002861476587816807,0.0027801501008680486,0.004429124797683566,0.006693162725227065,0.004604349105345871,0.006124192289350005,0.004630411521535531,0.005371836699949074,0.004656432477064928,0.005187369780719811,0.006193281227729061,0.005187369780719809,0.0065758538067058215,0.00518736978071982,0.002019320207224227,0.003444492046110317
2018-06-13,-0.002691101977979308,-0.001451645204943719,-0.002678716382893873,-0.0013866513953932006,-0.0006699961897383543,0.004718066115744191,-0.000851776249706463,0.004623760153764174,-0.0007993810138554863,0.0009126444459267432,-0.000748307179500422,-0.00048364735307484803,-0.0011671402963974978,-0.0004836473530748452,-0.0003126709412682853,-0.0004836473530748748,-0.0012132283825229664,0.0010602257702276997
2018-06-14,0.002302960060077549,-0.001904533812848747,0.0013181879807283537,-0.002006703152220757,0.003120574163784066,0.010756883700622506,0.003076866814502962,0.011372267696207071,0.0031749143684055726,0.010964417887983966,0.003273118561287613,0.012482058559987878,0.004786042513873257,0.012482058559987921,0.006155359248589536,0.012482058559987838,0.003575335011673566,0.003389525198350353
2018-06-15,-0.005056626088600837,0.005525212036455958,-0.0047808393048739736,0.003858247876463701,-0.007144320616586972,-0.010416728267972259,-0.006785404990117257,-0.011799051902389652,-0.006822190829692135,-0.009476546048813402,-0.006858140124767826,-0.00753116217266798,-0.004855350463717975,-0.007531162172667973,-0.0046914262957477425,-0.007531162172667928,-0.0008809843146219663,-0.005435887498365323
2018-06-18,0.007220513654186125,-0.0057561508619309336,0.005706973300935135,-0.0037760463965051255,0.005431573096076025,0.006587192921403342,0.005656015151653404,0.006514319080493099,0.0056553912057052125,0.004898729310072816,0.0056536881610062695,0.004617989453984054,0.003382294176364534,0.004617989453984086,0.0024930299942850006,0.004617989453984155,-0.0010583851053168173,0.006487476628610958
2018-06-19,-0.0047380275027844795,-0.0006897701908223392,-0.005213271275867191,-0.0018392279011340885,-0.006768941330328744,-0.009005766410367034,-0.007692424685696742,-0.008289768577953749,-0.00773294843264399,-0.005200092086477299,-0.007774446967401124,-0.004068757855896078,-0.006789608238316164,-0.004068757855896077,-0.0079610094457478,-0.00406875785589608,-0.0032830586204341873,-0.0059429132744679
2018-06-20,0.007033092832058347,-0.0006525920961339808,0.006770244101171153,-0.0002586989760006033,0.004086802676682208,0.005443995985914543,0.005217559690950458,0.0055189390757989605,0.005226140951658546,0.007918961189655887,0.005235355718727653,0.010401251276497266,0.004045064826401472,0.010401251276497318,0.0027423446530600894,0.010401251276497174,0.0023438341947590625,0.003638579580508291
2018-06-21,-0.005055294666217302,-0.003266313147981937,-0.004532953827542814,-0.004087293664187931,-0.007142138537627723,-0.01260631694225408,-0.007689479594749991,-0.012945815992869526,-0.007758289559944547,-0.012460487995585223,-0.007827553327052738,-0.011748771038713413,-0.00827402649818711,-0.01174877103871338,-0.009164394685503936,-0.011748771038713439,-0.005247963072059743,-0.008111721435322641
2018-06-22,-0.005181260827047804,0.004235465747324424,-0.004232516846826449,0.0035140546078383924,-0.005256067206636384,-0.015631102726611713,-0.007961896006649474,-0.016701537738458283,-0.008067644701622632,-0.013965548360039161,-0.008173797629814739,-0.011756668237882285,-0.005617234903670366,-0.01175666823788224,-0.0050500169296334154,-0.011756668237882227,-0.00011146842455721727,-0.002590333827913695
2018-06-25,-0.021828697936007023,-0.00785918743015257,-0.022914648292970338,-0.009630894664637539,-0.022344736253233577,-0.03141588139946645,-0.025005949800412715,-0.03020147065099234,-0.02510925129593417,-0.03098231397094389,-0.02521404816142341,-0.032032745734279805,-0.0226322467083079,-0.03203274573427979,-0.023122575979650915,-0.03203274573427976,-0.013753437866425262,-0.02258599493149074
2018-06-26,0.006589804864665961,0.0006111413077349868,0.00893323861878409,0.001210378842070751,0.009212153035572065,0.012616398704151115,0.00989425360685017,0.01255861490769003,0.009918947210222784,0.011816655921467228,0.009943222227282127,0.012094023794939662,0.008874570026759489,0.012094023794939669,0.008865894022815953,0.012094023794939507,0.002829013745896964,0.007271499625409065
2018-06-27,-0.013308093693773523,-0.006291024769982115,-0.013007640602978487,-0.0065034301914937654,-0.012765149406854179,-0.020526970181348823,-0.015075897426604604,-0.020411705526752175,-0.015151361511397081,-0.019747354729150124,-0.01522713878704356,-0.019448825936669866,-0.013977305642160879,-0.019448825936669856,-0.013023703699324492,-0.019448825936669824,-0.007244858404154443,-0.012481226975398772
2018-06-28,0.013375798338587874,0.008447140912728211,0.013929411206668393,0.008185107245671792,0.014670260081603236,0.018655873295288106,0.015439707692718137,0.017744137014137466,0.015479356167803802,0.018186781940888068,0.015519286846165667,0.017489762692043262,0.014579443301124538,0.01748976269204321,0.015093701249635535,0.017489762692043248,0.007200686452099344,0.01092135915719443
2018-06-29,-0.004617863024017735,0.0025791745701355374,-0.005041067441692372,0.002383270669251245,4.068190101839687e-05,-0.0005135503576157251,-0.001776277115405385,-0.00023955763084203014,-0.0017917964218367465,-0.0036160793318522903,-0.0018095802710746808,-0.0062574054446946055,0.0003236994179912395,-0.006257405444694621,0.00045523466998268207,-0.0062574054446945275,-0.0002818880770371383,0.002404525397966405
2018-07-02,0.009651872403345006,0.0008406302014721382,0.008157632506994012,0.0005453732692746501,0.005270552620774475,0.009138108484528396,0.00823173232694038,0.00997268621773031,0.008269805949635643,0.013263354105342406,0.008309855782597103,0.01505336958326035,0.006809176827828043,0.015053369583260357,0.004743486295765311,0.015053369583260309,0.0022539417975367252,0.0033510004754523366
2018-07-03,-0.015167398025578175,-0.0025335499286651387,-0.01326366426340004,-0.0025777419568938963,-0.009595397907865951,-0.012396946084822608,-0.011607771201822563,-0.012658673372913775,-0.01163415843945998,-0.01355078022500422,-0.011661779943228728,-0.015382914647428247,-0.008980281981897008,-0.015382914647428284,-0.008413671786984869,-0.015382914647428272,-0.006111907556944711,-0.005770843004250539
2018-07-05,0.011578945005727762,0.010361130818559114,0.010589998187816852,0.009762143987653772,0.00839860256364312,0.012487141692647823,0.010432060524355385,0.011889524757343726,0.010484469399140517,0.011529814807678765,0.010538242541670986,0.013601060030090166,0.011754592274115926,0.013601060030090232,0.011637854832528877,0.01360106003009018,0.010703773413628766,0.008663452545038522
2018-07-06,0.010047081877570023,0.0016841963443918469,0.009750089560593991,0.001670838699563132,0.007971036372522526,0.012958339596857178,0.009793414902203293,0.01390985121151027,0.00983846739571908,0.013430950446489355,0.00988452608367744,0.014193721754239184,0.009465374152982294,0.014193721754235469,0.008204331529740767,0.014193721754239141,0.007013733456115004,0.004950738866567665
2018-07-09,0.013540795659961621,0.0018742297358524433,0.009074957929727482,0.0034500827846494263,0.008494230138289087,0.009924276756934454,0.008686349260613055,0.009899672233314458,0.00867836594802218,0.009990652919612387,0.008669133960862219,0.010097059579327513,0.00782106767284162,0.010097059579327994,0.006113243190873842,0.010097059579327532,0.0076314036988817825,0.00957809125906461
2018-07-10,0.0005104557005153112,0.013366242265427946,0.001957681968880634,0.012526235016235775,0.0025037126407382155,0.0044374966898672865,0.0036774640268812837,0.004408948566292352,0.0037061562784304132,0.00585192811732408,0.0037362738763122433,0.005722228101707209,0.0049631064010500995,0.00572222810171081,0.005673530579522219,0.005722228101707231,0.007457590335382394,0.002797322249440287
2018-07-11,0.0011888840804667497,-0.0033373683273394865,0.0009937840651081803,-0.003712372282127094,0.0005313555926422208,-0.004186899879549101,-0.0012136322714209461,-0.005475201252077487,-0.0012819974574792858,-0.00533906045228586,-0.0013542014765078726,-0.005625240145625,-0.0011800904622883235,-0.005625240145625115,-0.0006963733127164445,-0.005625240145625021,-0.005576483826169971,0.0024202424967963536
2018-07-12,0.01787371801556102,0.0044399684275262495,0.020368899028282705,0.005672327074810959,0.019738244189372055,0.021693152089626633,0.01998156775592124,0.02192729066099005,0.019996954275491745,0.020820493455293066,0.02001148376696237,0.02026258745072047,0.016410457644121187,0.020262587450719554,0.017343469895429682,0.020262587450720453,0.011013138064651644,0.018296348989965745
2018-07-13,0.0006811196042617877,0.003284184255848235,-0.003388620023255867,0.0029090938783718117,-0.0007529237495035764,0.003938152340736849,-0.0029461944025928897,0.006028274669958269,-0.002917412294456993,0.005489365196229344,-0.0028919765609605385,0.00422309210048433,0.002284080989591461,0.004223092100484944,-0.0027183586662818354,0.00422309210048433,0.0018759176830248994,0.0047482294693268175
2018-07-16,0.0018258918889252126,-0.00024874187588797643,-0.0011813919476155142,-0.0014987805216616628,-0.0028679863603753323,-0.005207251976581808,-0.002448342819457245,-0.004811712039587374,-0.0024781402243678804,-0.002773994042458626,-0.0025079087959039895,-0.001305358441638376,-0.004537100843075662,-0.0013053584416389524,-0.002346909591763261,-0.0013053584416383792,0.0004535854264239214,-0.006209985908810996
2018-07-17,0.009705886899123665,0.005492969576921661,0.00830236661314849,0.005133330291805945,0.0069127423993231105,0.015563107062716852,0.009268453757240062,0.015432294350753557,0.00934969134370159,0.014564249188696676,0.009431194680887468,0.014470791798314534,0.011385620511802072,0.014470791798314765,0.010811690586082555,0.01447079179831451,0.006152960632467063,0.004687178690854772
2018-07-18,0.0009055267106222657,0.0017429182370839174,3.32222486884989e-05,0.0020335217336358274,0.0009752637144005956,0.0001539683025406917,0.00028661903391825227,-0.0015937030918339859,0.0002754383639254359,-0.004298633917728046,0.0002629903063570342,-0.0051677377145700745,0.00019369751533604733,-0.005167737714570608,0.00043346231657915375,-0.005167737714570084,0.00024293144512955056,0.005627778321102739
2018-07-19,-0.00776069687914487,-0.002031526655840828,-0.005408555562252789,-0.0017052545597738122,-0.002987962512724837,-0.008011049817714487,-0.004535717420546736,-0.0075921261871944555,-0.004556727822408254,-0.00734522064528067,-0.0045750364346447145,-0.007143458592111854,-0.005052532182075534,-0.0071434585921116185,-0.005451736930025049,-0.00714345859211182,-0.0050977263410766985,-0.006212158286399651
2018-07-20,0.005976484139077179,0.0026409481675561263,0.0029751968201450173,0.002695710644664855,0.002711017356962382,-0.0010837627920514449,0.0016343938554829564,0.00039197973178103695,0.0015928405505398991,0.004083012480025062,0.0015502678560737303,0.005026381834598585,0.0030730768974734264,0.0050263818345973425,0.00211863911749408,0.005026381834598553,0.0015690263718284613,0.0021745252703811403
2018-07-23,0.005479556464398673,-0.00347572110711431,0.0031002050732837926,-0.003459346884109896,0.0021357098697424364,-0.0009101212130837892,0.0015315281651462108,0.0001428994304459902,0.0015082258755049786,0.0018434935443437427,0.0014849284872858446,0.0015561457775313103,0.00025970581473346434,0.001556145777530891,0.0002654423683531335,0.0015561457775312992,0.0016533052908909121,0.0011530340886878243
2018-07-24,0.010379887703988318,0.007826619393644464,0.010965762268032683,0.00783289862817363,0.0036302445177387064,0.002240827019972664,0.003575394683357308,0.0011165762185410522,0.003539180770022622,0.0020686023438150417,0.0035012267842716915,0.004614441986800766,0.0034275407680568783,0.0046144419867970915,0.0033731948477032257,0.00461444198680073,0.008295069531512128,0.005590326140569791
2018-07-25,0.016780302066523554,0.012757396969767812,0.018043360990208646,0.012410650941077177,0.01844055808801752,0.01825155799886967,0.019010284922103726,0.01901066015998966,0.019001453939575953,0.02048770484746614,0.018991724128723988,0.019600077559470963,0.018983262606941054,0.019600077559472306,0.01995436227323457,0.019600077559470956,0.011215659163062039,0.016221552190578227
2018-07-26,-0.029176612710064515,-0.004343845064818489,-0.027609665151545375,-0.006129630636382724,-0.008908459251386001,-0.009998582147366897,-0.0086352294221028,-0.007919815176720342,-0.008595701642643385,-0.009160992503922627,-0.00855034998188821,-0.02765073305455093,-0.008857870558695458,-0.027650733054498305,-0.0073447049013970495,-0.027650733054550333,-0.007865942177196751,-0.014741896233009463
2018-07-27,-0.012017902377142398,-0.0024046583838152657,-0.01502406745185071,-0.003136920068420924,-0.01495764426224491,-0.012072694014199067,-0.01530004461765734,-0.011706164968289585,-0.015288181356023271,-0.009809120513997857,-0.015278267013394927,-0.007868084641960399,-0.01240915264687285,-0.007868084641961441,-0.013099880674353024,-0.007868084641960418,-0.008901402636656744,-0.010761572865836275
2018-07-30,-0.01703275610209698,-0.0030751441197833275,-0.019093228473672574,-0.0030752496309084487,-0.020109574746334943,-0.03287688842014193,-0.023633256689785127,-0.03252382761915458,-0.02375285988461183,-0.027010906854267856,-0.023872384163672176,-0.024299159594370966,-0.0222960233968268,-0.02429915959437076,-0.023123736578546446,-0.024299159594370928,-0.00709864898368949,-0.01916427092169691
2018-07-31,0.0003862362961364952,0.002430910965125077,0.0023672926263992485,0.0017615725553986627,0.002465779543768645,0.0035844539065088008,0.003084188575111095,0.004192533892693308,0.0030957235331885457,0.0035923094994484974,0.003107696315135895,0.003506977810086279,0.003928822078575936,0.003506977810084566,0.004039531817176496,0.003506977810086257,0.0019783859940505,0.0001701278001301754
2018-08-01,0.014736025095591418,-0.0015835353650698082,0.012067572099345617,-0.0011250166751051746,0.012325869667544967,0.011001664058495321,0.01410174514151968,0.009574054922444822,0.014011769149468337,0.007229190377105099,0.013921068975694272,0.005329338184517332,0.013979460172794871,0.005329338184520097,0.005798970105228278,0.005329338184517499,0.0028021167893923817,0.007203136753254245
2018-08-02,0.012935801717704932,0.003191495775380821,0.014805348421399975,0.0023834141570441276,0.015133864173130424,0.01674958943116688,0.014881203129693696,0.01756078172007826,0.014889659378110971,0.016593360427516957,0.014898223631142083,0.017645616634067652,0.012062313802798659,0.017645616634063378,0.010644459661705626,0.01764561663406765,0.007632858332488639,0.012513737598619668
2018-08-03,0.0020795127864964634,0.005637783608831745,0.0020092684669107347,0.004929787271557039,0.0022668592446019355,0.0008257817467539594,0.0023686678395309375,0.0016637034952696247,0.002367051445791716,0.0016970178076571305,0.0023670912904107284,0.002076212162860542,0.002817951905364544,0.0020762121628587963,0.003293314377330972,0.0020762121628605237,0.005453593793523746,-0.0004745645724057832
2018-08-06,0.0021867691386494217,0.0036724511843853618,0.002398542944174543,0.00354996795036298,0.004653753226546705,0.007457982863949527,0.0044496465623481045,0.007370666724453305,0.004463482633517658,0.006880991081129681,0.002928014006469656,0.006693570916234076,0.003215402931030112,0.010986180067047293,0.003911196838955671,0.01695387339321141,0.00516229631286588,0.004922716630274934
2018-08-07,0.003923906375620709,-0.0004733709620550775,0.0041200010577641735,5.4645713216221314e-05,0.00304799150901763,0.005525920204459166,0.003076927217458881,0.005683630955006505,0.003092371049281605,0.0076374893156954775,0.0018380174186331723,0.00763748931569548,0.0018572228093555357,0.0069083927530323675,0.003701785371910184,0.0029030966113285915,0.0008914252591606472,0.005110873663980105
2018-08-08,0.004650593542949244,-0.0038461541451774756,0.004837290050628951,-0.0030474764663214887,0.004297175990914473,0.006227886370527474,0.0043232918724403204,0.006669677114564843,0.00433484140821052,0.007442891627027692,0.0025039842097019003,0.007442891627027693,0.0025212745721842765,0.008014573968078854,0.003164474832525188,0.00822614080939783,0.0005928841234627135,0.005456136944590486
2018-08-09,0.00034620780547673746,-0.001422170811828619,-0.00230860034434614,-0.001304069795290348,-0.0019416787171205275,-3.778798311744881e-05,-0.0018981226852167186,-0.00023815987271809624,-0.0018782974804953658,0.00011429793841506428,-0.0010288885539387373,0.00011429793841506468,-0.001020104396264741,-0.0010025077980013828,-0.002025570822255884,-0.0007361889963842859,-0.0020573284787150214,-0.004913287696304915
2018-08-10,-0.006670715440034054,-0.0038617119355674745,-0.004132158687212312,-0.003972752682313618,-0.0016688283678877704,-0.004469267716998382,-0.0016867625247370792,-0.004613585073877674,-0.0016948351139395104,-0.005756610454212818,-0.002483340326743211,-0.005756610454212818,-0.0024867738433809123,-0.007262891712395669,-0.002153699906564775,-0.009345852149947346,-0.0034761751662682667,-0.0005689136891836766
2018-08-13,-0.0042876138243101375,-0.0029135666200481177,-0.002602441169774904,-0.003226658398064938,0.00026869348515169505,0.0027834337098455193,0.00026159989858585725,0.002226451588539457,0.0002563506957365192,0.0009030153452500134,-0.00043366360928962324,0.0009030153452500141,-0.00043594715451679693,0.0008495743907176337,-0.001250926274546037,-0.0012583573104761202,-0.002446247905810073,7.790885038089462e-05
2018-08-14,0.00799209544104891,0.003736801091267804,0.008600630426368777,0.003929236545185961,0.008400072797022118,0.013675835533315178,0.008430062127327671,0.01414732287192513,0.008443819451870012,0.014662500803292787,0.007775390863060653,0.014662500803292785,0.007794484644784487,0.014261251327696112,0.007995989988125396,0.009979766018717645,0.004849536492331344,0.010303264549287754
2018-08-15,-0.011798714883928401,-0.004578116803188838,-0.010923601744459282,-0.005954187062695636,-0.009857877881583451,-0.016748208080314235,-0.010001466067388724,-0.016318854060609594,-0.010070912075556797,-0.014711467875789797,-0.008955488259700068,-0.01471146787578979,-0.009034391377155357,-0.013424150583994644,-0.009825361347511635,-0.01453251517438123,-0.00610442282959038,-0.012848702187134482
2018-08-16,0.007053874995871215,0.0074973091018137455,0.0067121011074825045,0.007536669006070052,0.008914060730473128,-0.0015516108527308082,0.00884089247338641,-0.0032481897048400755,0.008810106929044083,-0.0019840649607536956,0.0055729789868433745,-0.001984064960753687,0.005542334955115559,-0.004023763102073638,0.00726391129015605,-0.008167553026343042,0.010072015764546017,0.00680201969552464
2018-08-17,0.002039881520319692,0.003518151417334447,0.003494622018903744,0.003129699930709679,0.004563278128239099,-0.019426673880721064,0.004404459357648776,-0.01929087009495996,0.004327709723934319,-0.016838963518411233,0.0034759517671152625,-0.01683896351841123,0.003395714942040832,-0.016072449933239034,0.002768061752870639,-0.0030672472898340204,0.000274269965609668,0.000836739660323865
2018-08-20,-0.0009317687162158548,0.0019464004179116819,0.00017257567361110863,0.002479369412552927,0.0017473606345551622,0.008537470399025412,0.0018565665687704542,0.007119664425932181,0.00191301148944971,0.0024948788031252233,0.0014366532695364526,0.002494878803125216,0.0014889134513152327,9.448205828743835e-05,0.0036126655282509032,-0.004600342903801414,0.0019530230579596444,0.004813142369580071
2018-08-21,-0.001873383987887974,-0.004227898514808143,-0.0019367509995878783,-0.003576031185088132,-0.0024288950631867544,0.008985226985739647,-0.002382065230501004,0.008963183933534648,-0.002362420146761997,0.005904273099310243,-0.002714491733978367,0.005904273099310239,-0.002688955591336596,0.00527715962431613,-0.003515780626325617,-0.0015886205056738106,-0.0006051562070502968,0.0012340074158564704
2018-08-22,0.004272996672021464,-0.0019296806070198918,0.005080797756406837,-0.001485534071896693,0.007188689459298418,0.020091829171664688,0.00726509973166719,0.020510151250813926,0.007301790185349504,0.019335507240564584,0.005755667062863334,0.019335507240564584,0.005801450316313428,0.018320060933394004,0.006415195123186367,0.008607801074541349,0.002898014375571223,0.0065491854296869
2018-08-23,0.0013687626060920272,-0.002041555482480243,0.0017961392148086502,-0.0015664159013302475,0.003038997016405492,0.006433191081271972,0.003038263822471256,0.006454825514621888,0.003038573361717899,0.006246214943612738,0.002183166889853142,0.0062462149436127365,0.00219298246944955,0.0052486905874175385,0.0020510981290848404,-0.00024073063133914652,0.00011027924855062208,0.0019393885032500343
2018-08-24,0.0077964696916146955,0.0036350022920209535,0.00878989729469819,0.004361312238557644,0.009776993380443983,0.013742589586687781,0.009819006503322424,0.012486731461231235,0.009842384516793753,0.010538954981717176,0.008649622008315067,0.01053895498171717,0.008687636285428717,0.009796227548922287,0.009159749974413501,0.007048590116258914,0.00652787445476621,0.009996793143775419
2018-08-27,0.01198414182558097,0.005085184716088118,0.008962524796103651,0.005567158129468335,0.006740781604169306,0.009603195962617182,0.006750054409056675,0.009693005041168023,0.006754085505037724,0.011226335291305123,0.006109523326878715,0.011226335291305125,0.006116969238836792,0.01249494196541099,0.005862586107096987,0.013235608838043207,0.006942774220856598,0.005268883028382524
2018-08-28,0.0008369358201181123,-0.0028050120684312415,0.00163394788022572,-0.002500256454650621,0.0039351365297924,0.00039886700012412154,0.003924137104224221,0.00048101442903733944,0.003919270958743082,0.0011976043536039427,0.0019494638450175202,0.001197604353603942,0.0019518423149065807,0.0002774754228521145,0.0019413904248279652,-0.000250779792663629,-0.00047148809040502987,0.0029360469071061253
2018-08-29,0.011548122249522837,0.003936132493503497,0.012049925917006498,0.004388581322988254,0.014593623672004783,0.021772542519029214,0.014687775574909577,0.022456446507540126,0.014729278832885408,0.02160392109912448,0.013000567232046793,0.02160392109912447,0.013046165635630196,0.019377193930609153,0.012731874848488924,0.015816550321462633,0.00663756263232134,0.013520457616818684
2018-08-30,-0.0014189282015451274,-0.0037296113587838567,-4.596683562665515e-05,-0.003847899821265198,-0.00021355923048846685,-0.002606258967013495,-0.0002835883489718099,-0.0023099453907666793,-0.0003205753652103017,-0.0009965799554347073,-0.0007283339517041307,-0.000996579955434705,-0.0007550528149588513,0.0007118080018740133,-0.0026775100918276116,0.0026154228942155268,-0.00227396690408777,0.00037034937240891595
2018-08-31,0.0006058566545596656,-0.0022851799447145345,0.002662760313848523,-0.0014378441343177177,0.005495059825268024,0.0021821531821548377,0.005409485982496159,0.0016984489439061108,0.005368774104016627,0.004569269052412793,0.002493901376449207,0.004569269052412802,0.002464248399129107,0.004590010691050219,0.0026072335923265537,-0.0024644968085624505,-0.0006869820869863963,0.005409850451438578
2018-09-04,0.00230737050302653,0.0017004049871495763,0.002610532409363848,0.0025704297554637974,0.005083551510042138,0.011415982328970871,0.005148322980324601,0.010279450286322468,0.005177704379277349,0.006769543310716054,0.005775160572293629,0.006769543310716047,0.00580384606918336,0.0029659904001886036,0.005390220457529624,-0.0071264029672517964,-0.00029499816329424015,0.008408950972792638
2018-09-05,-0.017550446925703508,0.0007991737045544699,-0.01760365902098907,-0.0007878464341578763,-0.01987375918757594,-0.026652008669438797,-0.020042974299427172,-0.02692844326015369,-0.020131147159816457,-0.02479213368671296,-0.020469750882479258,-0.024792133686712972,-0.01745115853389202,-0.023175463141752155,-0.017426657749374626,-0.023256793026262317,-0.005477720938313891,-0.013218251074828614
2018-09-06,-0.0034873143091990293,0.0007825409807511907,-0.003593395863016635,0.0018223944478326847,0.00044737037146804864,-0.00664194994766722,0.0005091017813089211,-0.0071739705338058355,0.0005483935161727429,-0.009531857088380299,0.000592096971972142,-0.00953185708838023,0.0037405312256432034,-0.0137226465884872,0.003755747188612365,-0.01440375399827447,-0.0027722667138942248,-0.0005468248793258782
2018-09-07,-0.005502416806821639,-0.0004653085661845144,-0.005495300456276945,0.0001641232562474954,-0.0017540883773083473,-0.0013979256213611888,-0.001737739014418902,-0.001095742046531163,-0.0017302274672098884,-0.0029329070146563605,-0.0017233670245593762,-0.0029329070146563415,-0.0008946719982028452,-0.003050314086306342,-0.000927731870479351,-0.002017338944903992,-0.0005236310594804028,0.0032752617184688975
2018-09-10,-0.0004124445206445189,0.0010566148061398107,-0.00046528689028202115,0.0017647525235726935,0.002601220556824475,0.006609708127886155,0.0026867845905537736,0.007416183778683569,0.002734831519580271,0.006128673640816799,0.0027854678906529314,0.00612867364081681,0.005367455918180104,0.005102903964707249,0.005398075721072177,0.003119448674396833,0.001735820693711756,0.0005863636733366268
2018-09-11,0.01232259219324989,0.0031429638825377637,0.01243872891058819,0.004308048554347805,0.012099666755222139,0.008024213037705206,0.012059768206917633,0.008883779001784428,0.012033903037952744,0.011056259009484948,0.012004896610631225,0.011056259009484926,0.008653760568305949,0.0115140024625399,0.00866839465042345,0.0170361017778965,0.005328667923807901,0.011937243719885297
2018-09-12,-0.0034676653472140205,0.002621455518079487,-0.0034170003468030315,0.0013907898711574308,-0.0006056006431172977,-0.0034689919034566865,-0.0005334063476062254,-0.0033182380495322674,-0.0004953122252509139,-0.003065010041065225,-0.0004563020773288034,-0.003065010041065211,0.0017061396192079533,-0.005735235656682562,0.0017203631080872782,-0.006970656869338114,-0.0018104217726234802,-0.0009560518390424814
2018-09-13,0.008334351363219774,0.004709372356429533,0.008331005899668363,0.0038414698873943335,0.007887351164093483,0.005801056107565987,0.007800855676097646,0.005384841042066653,0.007758831472477749,0.006988135693850503,0.007717953016563823,0.0069881356938505095,0.004630405283456966,0.006320469377846011,0.0046651509444951885,0.0029175240215097947,0.0053441174796922475,0.002255603259115412
2018-09-14,-0.0006167232987828635,-0.0032200980109979515,-0.0006949294909578041,-0.003812711978198173,-0.0021476698781606684,0.009894472836108628,-0.0019843247540597348,0.009961236856001131,-0.0018962974561428706,0.006180484219453853,-0.0018051027504578342,0.006180484219453879,0.0001433132359904462,0.004477652372062223,0.0003347728949023448,-0.0003118554705199513,3.6740635364691636e-05,-0.0089474174608713
2018-09-17,-0.013906080359683952,-0.0023355562326998758,-0.014047578564820477,-0.0035215240630971055,-0.016322603749927028,-0.01989521705127196,-0.016356232234749177,-0.020296590041201507,-0.016365853175066697,-0.01777759676605622,-0.016371206755224254,-0.017777596766056218,-0.011931500311715448,-0.01650509167696256,-0.012028051529133573,-0.017476610458246604,-0.005437183219449056,-0.016576098752920106
2018-09-18,0.008216532553051818,0.001309347938972455,0.008291265721608558,0.0030444631184437347,0.01030238927933748,0.006499305146744409,0.010365989029382598,0.005799647341780772,0.010397479212061288,0.005814205852420123,0.010428627970330716,0.005814205852420112,0.008877934342326645,0.004692950528581476,0.008928201018800224,0.008158770544100424,0.002216471064341912,0.012950281899957772
2018-09-19,-0.00027930527297075373,0.0005794436348287059,-0.00038919673507900154,0.000265745172378245,-0.006777633553122044,-0.008591341526353918,-0.006889221785988558,-0.009079863239225782,-0.006946794206788352,-0.007382433631656837,-0.0070050385222263836,-0.007382433631656864,-0.006897778123665779,-0.0034781747736935074,-0.007017477279679662,-0.000483745399111645,0.0013563286038150353,-0.005028637663516734
2018-09-20,0.011376069991965675,0.01086586609632338,0.01136366879545793,0.00955364554277785,0.009534753152104265,-0.00038261874846401395,0.00953662029118747,-0.00017507100106342653,0.009539190023238447,0.00207078310532099,0.00954281965953047,0.0020707831053210237,0.010502375047184124,0.003334896324153778,0.010495773111727794,0.014725929028297589,0.008456444364369453,0.006697905661454144
2018-09-21,-0.0018224324511819088,-0.0012682145678991718,-0.0018900649375555596,-0.001018419052205597,-0.001128074589056379,-0.013627367300516457,-0.0012303113876566346,-0.013250204833600761,-0.001275095990863724,-0.007935070961946098,-0.0013158405501535776,-0.007935070961946128,-0.00026573427043416736,-0.007746289908084959,-0.0004113669426419877,-0.009912644900506794,-0.0017856766784226296,-0.0031152382072880103
2018-09-24,0.0016963496676000475,-0.003956905357662947,0.0017847748349133787,-0.00414287696776435,0.002642012923546721,0.009036970212161136,0.002675335065150573,0.009643638630525211,0.002688216856430118,0.007900357405219195,0.0026988948878872753,0.0079003574052192,-0.0005306787961226293,0.00819204126647941,-0.0004105434491466332,0.009308877352193608,-0.00017121503476152299,-3.4047516338965664e-05
2018-09-25,0.005096660523389276,-0.001157937955326966,0.005197115109912421,-0.00018424692373310948,0.005464088824158364,0.013900755952383595,0.00556325543864168,0.013361049455419997,0.005608196418590046,0.010137466911818898,0.005650172542618312,0.010137466911818896,0.003670582872615661,0.008415214934143041,0.0037891353936553894,0.005965615697331111,0.0008342037616244061,0.0059199726584061516
2018-09-26,-0.0040540631040173305,0.00039034153622125695,-0.004017120668507694,0.00013421786079582249,-0.0011253829493766878,-0.0008511550837559257,-0.0010788783738054325,-0.0013248260776355819,-0.0010551882142292544,-0.0026166122940251006,-0.0010314538764970244,-0.002616612294025082,0.0004593384436394985,-0.001614796622185515,0.00046456803867449975,0.0025388950607920053,-0.0018674193755921786,0.0012090235717767248
2018-09-27,0.006537998718251129,0.003844059620782668,0.006645490851608063,0.0036862487568651305,0.006820054383265884,0.00796344079667257,0.006797181888641263,0.008318193763633505,0.006779350882497989,0.007999977726291387,0.006757972921684442,0.007999977726291376,0.004683697188957687,0.008595662985558711,0.004702986391503629,0.011434161044958127,0.00308179496694411,0.006581776475996745
2018-09-28,-0.001059534873232607,0.0020866354920290003,-0.0010573493294724116,0.001804597591554163,0.001314574668952473,0.013972555067479015,0.001280824100201074,0.013802659294735875,0.0012654208270888926,0.013703112418984637,0.0012509555386365995,0.01370311241898458,0.0013365675447858322,0.011094143371236691,0.0013180110027057258,-0.009397824912645758,0.001161546921817327,0.0004188583176831979
2018-10-01,0.0051237499117524595,0.002339624746747147,0.005105252021254201,0.002271307913720421,0.0060810181510807075,0.015784782484222267,0.006134422488679245,0.01634785689557204,0.00616329576623773,0.014411747800099343,0.006193221594200311,0.01441174780009934,0.005426698764790405,0.011131255588115785,0.005529535803854256,-0.00010849853644368041,0.0057080980738339355,0.002784348689018142
2018-10-02,-0.003002777395899994,0.0012556527318659438,-0.0030775103395954432,-0.0005310881768968178,-0.0032558944538024627,-0.012358773434378972,-0.003403267618404914,-0.012131001381966502,-0.0034757808965704628,-0.010393058889682217,-0.00354717805619498,-0.010393058889682208,-0.003752208120778386,-0.011040765624263088,-0.0038597287413552643,-0.01195753373924759,-0.0014565279194173409,-0.005036317870140051
2018-10-03,0.003195898615613954,-0.007276211277417774,0.003112542650854538,-0.006496776936891839,-0.0014423519243205987,-0.0038628445438234917,-0.0015152210641488615,-0.004187226681272593,-0.0015500814557671443,-0.003056919718989404,-0.0015836560080047294,-0.0030569197189893923,-0.004908212666387428,-0.0005635019524197756,-0.004864872289178548,0.003388078702893511,-0.0009056092508877092,-0.006525838288270013
2018-10-04,-0.016629909508081717,-0.008208111215010323,-0.019201060903728664,-0.008527575173205921,-0.01861801185277161,-0.02427461760128585,-0.018699891518169677,-0.024074725571434252,-0.01874044558537584,-0.0231821359531685,-0.018780597855142533,-0.023182135953168502,-0.016420495586741624,-0.023708917768603482,-0.016550658482620786,-0.022348479274574496,-0.011848062022146725,-0.016473335548672734
2018-10-05,-0.009361346300733387,-0.007615719573215024,-0.015833125692659614,-0.008438551895812642,-0.015129810402777262,-0.014378065269848325,-0.014993271784477744,-0.014378065269962877,-0.014924837374860202,-0.015176750656677668,-0.014856501601951585,-0.015176750656677661,-0.012456828107870606,-0.015775937340334157,-0.01232044349732694,-0.008517301502778712,-0.008263301545976619,-0.02043455964227382
2018-10-08,-0.012125461847419836,0.004872475601522673,-0.008976136722341734,0.00451402995647485,-0.011438213691039329,-0.019415656314117406,-0.01163938745781011,-0.01941565631422481,-0.011741972371769334,-0.015217437740948057,-0.011845135856110224,-0.015217437740948062,-0.00959964437912652,-0.01299663863930038,-0.009849163596589626,-0.008602446322600755,-0.0011685343617771297,-0.0029107731338698984
2018-10-09,0.0028702814652718637,0.0028771686971001877,0.004148906759599085,0.0035246103411990725,0.0049654794634775845,0.0013374616692135967,0.00488807522532319,0.0013374616690607214,0.004848763331015643,0.004297659619638601,0.004809465598682774,0.0042976596196386005,0.0027914544700589853,0.003575740021855261,0.002777001214806172,0.005075421849166379,0.002512542653203265,0.003799722465420026
2018-10-10,-0.04780549956589443,-0.027410593889251496,-0.046127354332860714,-0.02868656966282831,-0.04824668001020859,-0.06549798350333583,-0.048439409322606986,-0.06549798350348571,-0.04853311693854312,-0.06357836558178007,-0.0486249006450165,-0.06357836558178007,-0.04437801790862259,-0.061813757656721965,-0.0446543070982613,-0.05177529567078993,-0.03311759707504853,-0.04184731779682553
2018-10-11,-0.014858102902236488,-0.02053650669728136,-0.01067712867163777,-0.019866744321279967,-0.010517924519425135,-0.018406475010937576,-0.010522960601045085,-0.018406475011153178,-0.010526155460713855,-0.01944916358796958,-0.010530027813070605,-0.019449163587969578,-0.012434270228454603,-0.019864995978306405,-0.012409402282877005,-0.0030666268499321228,-0.01915712795356137,-0.010779582412824156
2018-10-12,0.034715167149332066,0.013644412050925116,0.036878532150193676,0.014991358299021469,0.03869507297839243,0.0430225438904549,0.03876399858929,0.04302254389056853,0.038799720879179024,0.04131675540726402,0.0388360217605859,0.041316755407264025,0.033967174846487036,0.03974020983432178,0.03411995197526574,0.025945263282619924,0.01826996118614145,0.03209921401714238
2018-10-15,-0.019110263350579953,-0.0028737571839390795,-0.017998490154157998,-0.00437258717413224,-0.020816600058466223,-0.033108399829555935,-0.020918517317516566,-0.033108399829759126,-0.020969229656620438,-0.027976835872395252,-0.021019322926006025,-0.02797683587239526,-0.0173989737489883,-0.025228416686366637,-0.01758616921001145,-0.012077758503842318,-0.011166018871766454,-0.015384111753793115
2018-10-16,0.029064171475239285,0.01990512355980665,0.027948137107277986,0.021569909878855625,0.035058514470818425,0.05509370989908445,0.03543793242186799,0.055093709899399955,0.035625833675589184,0.042372237947372694,0.035811064441592086,0.04237223794737272,0.03442501738205991,0.03563091248916533,0.034829820974893344,0.032590775298483705,0.026921224110680153,0.035190030603243494
2018-10-17,0.0015435495029208237,0.00498263161744482,0.0004964225002268411,0.004111925326214729,0.000438137232956622,-0.0037270312474749954,0.0004373738026665247,-0.00372703124748997,0.00043662894275386114,-0.0028992462121241566,0.00043569883228680473,-0.002899246212124158,0.002050729395267422,-0.0027085721620578648,0.001989515901605417,0.0018810697654644878,0.0011920420435527657,0.0005889256873325185
2018-10-18,-0.021870465477596485,-0.009428335955336525,-0.01891285049174866,-0.00930917650554232,-0.019716606610365523,-0.02626394247084117,-0.019831972261280632,-0.026263942470925786,-0.019883920020565805,-0.02364397825029941,-0.01993223394340526,-0.023643978250299416,-0.017590355471332447,-0.02296997688607022,-0.017747991765942526,-0.0270811133890874,-0.013649403142077271,-0.0161742997125459
2018-10-19,0.0030350704837672597,0.015513849754306485,0.003291792923435981,0.010856542248615394,0.0001889223698388644,-0.020336371629614144,-1.765915139335239e-05,-0.020336371629907132,-0.00012157559816611252,-0.015791329849777703,-0.0002250793284897526,-0.015791329849777706,0.00010484772088530737,-0.013004133554369952,-6.912313939103055e-05,-0.0017135708254978291,0.003600811240556373,-0.001856421693670114
2018-10-22,0.002824926369603987,-0.0037886508111604784,0.006408386731835355,-0.0030947868467664434,0.008507647560967611,0.015256557738421127,0.008635489307940942,0.015256557738506111,0.008697164217986792,0.012120058301430573,0.008757115809621033,0.012120058301430578,0.00683845896042122,0.010219229115631577,0.006995689956261873,0.008957267839754382,-0.0025303065063386537,0.006338031122818757
2018-10-23,-0.006614727889144073,-0.0008643887659117917,-0.0051768646394338815,-0.00158682564320372,-0.00548674687385425,-0.017195327475001625,-0.0055420034765581196,-0.017195327475045187,-0.005572341413865615,-0.020544184356535263,-0.005604191748820878,-0.020544184356535253,-0.005412420394476831,-0.02050448676289875,-0.00540739469780672,-0.008078107140880378,-0.005795085557052033,-0.0034036130263548716
2018-10-24,-0.04045173688265167,-0.014823741656457784,-0.039234430182510896,-0.018178427630920656,-0.039527064609463994,-0.06832513224680513,-0.039697905771366504,-0.06832513224700475,-0.039777106206547334,-0.06843743542744006,-0.039852250338861986,-0.06843743542744005,-0.033945271684623385,-0.06833006693635253,-0.03416005478535441,-0.0551741400560441,-0.029596492023256968,-0.03906442355022461
2018-10-25,0.04106778907008892,0.013830405931982315,0.04038662944337225,0.016083051523982553,0.04263898255768786,0.05801129742599399,0.042954298338909354,0.05801129742598812,0.0431070487867563,0.05755449339795092,0.04325609757525341,0.05755449339795093,0.03923437182344586,0.05587760136008048,0.039512807461872454,0.05328148043152893,0.024677764899434535,0.03845018172643361
2018-10-26,-0.025731832085008895,-0.020941039782567828,-0.029622859689401648,-0.021664210987782977,-0.03149944486506846,-0.04692631684019178,-0.03174027773791527,-0.04692631684065581,-0.031850411214117504,-0.04377071543641784,-0.03195400563718303,-0.04377071543641784,-0.031252137979710895,-0.04275335852413931,-0.03137547472748773,-0.04005851589668776,-0.020711644600900445,-0.04193852256985798
2018-10-29,-0.02631557729681802,-0.0031206687171684497,-0.024528177114500508,-0.0038913490625864518,-0.022830625539610627,-0.048439648171982076,-0.023064642235103593,-0.04843964817224213,-0.023172505013979015,-0.04933219266199702,-0.023274807766720078,-0.049332192661997,-0.019067759512502405,-0.051394033031463726,-0.0193236651651748,-0.03899404848867256,-0.010043999513409584,-0.019761909728945617
2018-10-30,0.0005864142711535915,0.013075565847245119,0.003056981493802293,0.01280942826966027,0.0007095057729205852,0.024648195068685777,0.0005983094338064391,0.024648195069032538,0.000542538594040941,0.02553498038956093,0.00048690432144852906,0.02553498038956092,0.003330528050697946,0.027522281029116188,0.003172092588431185,0.008152458373831441,0.014481266622659885,0.005463912677042035
2018-10-31,0.035362281174968126,0.012322724878207052,0.03211016317617935,0.013074495231594823,0.03148009440143643,0.03703860992074129,0.03160708315719553,0.03703860992083991,0.03167092484774361,0.03681120637996767,0.031734870003420575,0.036811206379967674,0.0287886268753917,0.037641545882497254,0.02896437391660989,0.03749815190302762,0.014810265171056148,0.025530606602781454
2018-11-01,0.010697328932097327,0.005947839586143074,0.009995561882910892,0.006103315662224023,0.010725111694499809,0.021615704264317494,0.01075674496371117,0.021615704264719704,0.010763122013298317,0.020339852026213807,0.010764102263878222,0.0203398520262138,0.008348050888701022,0.020113377253562877,0.008372660850068695,0.009675229910781487,0.007922531612314402,0.014771074878901913
2018-11-02,-0.013615091650483224,-0.003747036400702431,-0.012938274408512161,-0.0029794373782351135,-0.012512916213163472,-0.007338969497893806,-0.010333906951796312,-0.011121176016755855,-0.010249696070137367,-0.01150963074512312,-0.010163410576585508,-0.011056404826980667,-0.010062319374266318,-0.01126893468310205,-0.009383119534216486,-0.011806126213551624,-0.0047234638482863195,-0.01146881389372512
2018-11-05,-0.00032881556073113046,0.01238693198555939,0.0013103566098348163,0.01127590326402789,0.0013178192374327389,0.0005599115564264496,0.0030248843312366486,-0.00960851457098361,0.003003163286995042,-0.009608514570982284,0.002984657144137848,-0.002534542407948488,0.002969004453176491,-0.0025345424079484744,0.001812033031225572,-0.0025345424079485043,0.006086060175161632,0.0010796457836310916
2018-11-06,0.007685385670951125,0.006705958595415809,0.006906618897626722,0.006981254838171152,0.007533321833079059,0.007276267775356681,0.007285987810796344,0.002793843493222063,0.007284339554476743,0.00279384349322202,0.007282548927456632,0.0013402530850206,0.007280620467311313,0.0013402530850205952,0.008270924454664739,0.001340253085020611,0.005943610141262301,0.007591935432207688
2018-11-07,0.03278781990858558,0.013759162415798928,0.0340227710105699,0.016249984381990594,0.029295213372278257,0.04427632504948256,0.029256013495389914,0.044443485738064004,0.029383969704807084,0.0444434857380637,0.029507579475900686,0.03859782187735131,0.029626996835058757,0.038597821877351286,0.027399298702834692,0.03859782187735135,0.023905093592436946,0.03258899350590921
2018-11-08,-0.0002485222341341987,-0.0005846215234828968,0.0014235831959335944,-0.00045898068747868823,-7.659885092031271e-06,-0.004455593020972337,0.000981200025424788,-0.01533953709844657,0.000994640207857941,-0.015339537098445762,0.0010078570968615264,-0.015648588971303504,0.0010208294131562982,-0.015648588971303508,-0.0006579982146598989,-0.015648588971303477,-0.0023436758501304716,0.0002869631403995887
2018-11-09,-0.015406797620842254,0.0009423385808609416,-0.015410416728741272,0.00011339408158983965,-0.011526733490038845,-0.01735902521280198,-0.012435414161418905,-0.015823869247724463,-0.012509967271593179,-0.015823869247724692,-0.012582456266905056,-0.01488419346040157,-0.012653050705958678,-0.014884193460401565,-0.009789354567235006,-0.014884193460401587,-0.005996630984489154,-0.010929877865609476
2018-11-12,-0.026998048629856324,-0.00904143496520263,-0.027772646209103035,-0.009929965573701098,-0.025499286647903074,-0.030528004329903047,-0.02316114273007535,-0.049243554760160735,-0.023251810412425467,-0.04924355476015925,-0.023339842901115165,-0.04534466977831179,-0.023425539991294583,-0.04534466977831177,-0.024703748129109714,-0.045344669778311766,-0.021193829814433098,-0.021002433555171986
2018-11-13,-0.003477749468372161,-0.001522877666543625,-0.003885037972394815,-0.0019501835459104764,-0.0031459956899504795,5.187565995922773e-05,-0.003264523755126999,0.017112200006669024,-0.0032696954022888125,0.01711220000666802,-0.0032743458785314946,0.017937211215488726,-0.003278557015788797,0.01793721121548873,-0.0030046634954593986,0.017937211215488684,-0.0014759640226023674,-0.003566480332755667
2018-11-14,-0.0107561291415342,-0.005731137307829615,-0.011799195274665457,-0.00591452400887448,-0.011102177600045792,-0.01315239840192457,-0.011453806691154422,-0.014947235141779494,-0.011476866303135174,-0.014947235141779442,-0.011498484294962301,-0.01384031492488035,-0.011518853516657594,-0.013840314924880349,-0.010454762910723989,-0.013840314924880363,-0.006981277213064527,-0.011793978427395308
2018-11-15,0.017311642339536134,0.005503579204041145,0.017380773757148537,0.004601108081952738,0.015557860806764068,0.011036613282533334,0.015271003711030937,0.019977529055228843,0.01535048599943796,0.019977529055228968,0.015430529049152876,0.021823507875497736,0.015511033079759914,0.02182350787549774,0.014518943890099303,0.02182350787549772,0.011162242662459052,0.004299456081664016
2018-11-16,0.001154013510811416,0.008136512541106358,0.0004175683676379996,0.007358603436143366,5.114883915640451e-05,-0.00563629528794405,0.002084250604369952,-0.06147335761443949,0.001998278422353327,-0.0614733576144352,0.001913160008450211,-0.056375710325061966,0.001829104137998245,-0.056375710325061966,-0.0013045461993385606,-0.056375710325061855,-0.006557417590552635,0.0062108831165473164
2018-11-19,-0.026217772934318737,-0.00336807039050586,-0.02762087788657893,-0.0052330928778911295,-0.022940463026603998,-0.043639729334588345,-0.02082164665986146,-0.07877063074964558,-0.020939454248145393,-0.07877063074964287,-0.02105530318844088,-0.07536682299923284,-0.021169314316190155,-0.07536682299923282,-0.02273377154733662,-0.07536682299923278,-0.022829238964312763,-0.01833569468637663
2018-11-20,-0.024118398910146537,-0.025517475497907914,-0.02564109959922303,-0.02515003572697973,-0.027598147502002835,-0.018405857525570904,-0.026349268742123285,0.003015333221029357,-0.026300238127971175,0.0030153332210275,-0.026251351728482218,-0.0003219079947753182,-0.026202932190370967,-0.00032190799477531976,-0.0272873316393598,-0.0003219079947753512,-0.01738867674689485,-0.02795314011931907
2018-11-21,0.00592992241339337,-0.004015060455335722,0.0049395470309590885,-0.00344263817444361,0.0059848727410024664,0.01268697492931584,0.002801861246626912,0.005382652280854814,0.0028765627999210903,0.0053826522808553216,0.002950054063230837,0.0052909925016547815,0.003022359314021354,0.0052909925016547815,0.004454263954529214,0.005290992501654808,0.00045144341114144147,0.0014669123570175116
2018-11-23,-0.007584104562981307,-0.003501624623523743,-0.009241195634310325,-0.0031052525537455986,-0.007153707244827372,-0.002193868011937215,-0.005116343291864042,-0.0028968946471122263,-0.005127799541791955,-0.002896894647112088,-0.00513804241147669,-0.0010400820330968008,-0.0051473193888297315,-0.001040082033096793,-0.005984336732213969,-0.0010400820330968073,-0.007426720195529768,-0.0031901870291573525
2018-11-26,0.02076903531241294,0.006585646423685832,0.023816533113561175,0.008037996137923059,0.018845714604416156,0.02582537355514751,0.017710912175842863,0.04429829318137044,0.017849464070989127,0.044298293181369755,0.017985376414652282,0.040340902949898005,0.01811857277189153,0.04034090294989799,0.017752389596647506,0.040340902949898005,0.01866625396801617,0.01584218415610915
2018-11-27,0.0055036953862390246,0.008277572065455483,0.0064913906403420985,0.00877943408335057,0.007195753698726213,0.0064657901711635945,0.0070245282176974325,0.0023543922357474375,0.0070116268383791395,0.0023543922357476656,0.006998846168824163,0.0036016559195317407,0.006986172978389997,0.003601655919531742,0.0069601367653598836,0.0036016559195317377,0.006357462065043013,0.009618179801572424
2018-11-28,0.03459412744969373,0.017718692909755362,0.03592699434182606,0.019792352696965627,0.03281389555695864,0.05257885030719404,0.030888146870096667,0.05626860048498891,0.030997140553651617,0.05626860048498775,0.031103174835405333,0.05151537381983395,0.031206409417460987,0.05151537381983394,0.03240298855010743,0.05151537381983396,0.028608170896296466,0.03307163532487049
2018-11-29,-0.0022290189202662687,-0.0016760126882531578,-0.005651034391246628,-0.0017166254313052303,-0.0019661349641998875,7.344469828066862e-05,-0.0034743497470547395,-0.006512749034784642,-0.0034824800685856346,-0.0065127490347847514,-0.0034928340875271307,-0.007688292697423847,-0.0035051659528193106,-0.007688292697423847,-0.0040757935418165555,-0.007688292697423836,-0.0025222083525659714,0.0024897537189690626
2018-11-30,0.009016714085883795,0.016240935310031353,0.009994052978586358,0.015418497878002844,0.006220097043228868,0.006626811384772517,0.011431117182104792,0.017351027799127648,0.01141410250146345,0.01735102779912698,0.011398905918631557,0.016637731217002787,0.011385137043992117,0.01663773121700278,0.007997200593795472,0.016637731217002762,0.013569952283825642,0.007117713304186468
2018-12-03,0.017205636082627148,-0.001337169346398598,0.021565999001376523,0.0010101353857993323,0.017019679664241255,0.022668978772490776,0.014514140894957263,0.03302958800557512,0.014625335660982378,0.033029588005573776,0.014732115900382436,0.02546824154641274,0.014834826394002566,0.025468241546412723,0.015546407993544648,0.02546824154641276,0.01104682869325944,0.015991213385814107
2018-12-04,-0.03599923902153754,-0.014759754813366648,-0.03571692441372842,-0.015882559278507492,-0.03382840913938968,-0.044161839616574154,-0.028024732444959892,-0.05628677444549487,-0.028146862036929444,-0.05480684001375447,-0.02826550933447917,-0.05518765616818728,-0.028380878941859797,-0.05518765616818411,-0.030055680668984428,-0.04623127765409099,-0.031485945138411665,-0.026267708888929653
2018-12-06,0.007408335077417066,0.0022112378254668954,0.007242918697920335,0.002958245458776613,0.012760361718871835,0.015351971376207396,0.010420622144027388,0.014906748450502393,0.010486707144023936,0.01427722837538589,0.010553026059561238,0.01427722837537222,0.010619449623650995,0.014277228375371149,0.013812153738884045,0.01400989699380668,0.003501051448427997,0.010762298541902832
2018-12-07,-0.032344712236174744,-0.015602423316120113,-0.032730849611509405,-0.016259260798358335,-0.0329937507797343,-0.03918438080818892,-0.029264288515817413,-0.050925889975608096,-0.029355893055819014,-0.051730898975318004,-0.02944604939632229,-0.051730898975297805,-0.029534822819110667,-0.05173089897529672,-0.03238701095828875,-0.0462411106755836,-0.025709855852988073,-0.026957544999239007
2018-12-10,0.007398016413421388,0.002806281741969633,0.007628053901627701,0.0025139385063114895,0.005494219056198963,0.01316186180457403,0.004947386272558344,0.019299340339787262,0.004974392670079387,0.02114809654854742,0.005001037483433546,0.021148096548555803,0.005027369292160999,0.021148096548557024,0.009216873336482922,0.02067495457683417,0.004032551613130019,0.00258399130209032
2018-12-11,0.0008243496460023251,0.004481238302013824,-0.0002456442824918053,0.00426701019309048,0.0028275054331430532,0.001055365990673838,0.003790026745610793,-0.005471338569678064,0.0037915665283324356,-0.004380350071817677,0.0037941273170932887,-0.004380350071794767,0.0037975238302295914,-0.004380350071792811,0.0041071365127269485,0.0023120148161606645,0.0015723551878051231,0.0037524250697943393
2018-12-12,0.008769123092648011,0.0016803433334564883,0.008944661382914257,0.0024500141730691045,0.009247442352161113,0.008998722031114105,0.006565981454586071,0.006689883026103594,0.006590648669085968,0.005851544684418552,0.006613420135324838,0.005851544684416402,0.0066345214828461875,0.00585154468441611,0.005291878003350973,0.005795714066587321,0.004599093907638259,0.007866274660435147
2018-12-13,0.003978120030434422,0.008698607216304045,0.003197357597151429,0.0078054587102087125,0.0009262086594922243,0.001450244717318621,0.0023020372909416447,0.0014762385254152898,0.0022732708612343087,0.002479489157660623,0.002244157575325942,0.002479489157661976,0.0022148204303652722,0.002479489157662285,0.002661442850724791,0.0031713454354064564,0.003451697235404918,0.0025416585495823198
2018-12-14,-0.02815982150894942,-0.018931245538752403,-0.02799428611605839,-0.019555603358255867,-0.03547450359328712,-0.041885326240200846,-0.03256054389114573,-0.04062913666139338,-0.03263129129021547,-0.04192936347850525,-0.03270060063456523,-0.04192936347848679,-0.03276846338277962,-0.04192936347848583,-0.038333619526604745,-0.04490121599209432,-0.026520387743761628,-0.03714023540031142
2018-12-17,-0.026113984452045158,-0.022545970769293405,-0.026254781900490444,-0.022780000193094334,-0.028139577168513428,-0.03375302467667159,-0.02749894002665283,-0.033001196127189596,-0.027562833586314082,-0.03346430939215282,-0.027625748183578637,-0.03346430939214614,-0.027687653759412338,-0.03346430939214582,-0.029152266647632062,-0.035467688117060345,-0.021973292052451472,-0.025010029347276388
2018-12-18,0.003379796965808205,-0.0040164513402494665,0.0022376859558555485,-0.0038909714671149257,0.0015120695198588506,0.013165406811732908,0.0009171261433222156,0.020164190775422003,0.0009747226522733542,0.020604832597735396,0.0010316022332595637,0.020604832597718094,0.0010876530953847557,0.020604832597717004,0.006068646512731886,0.018023862576349445,0.0018286021816647528,0.00036029576845139063
2018-12-19,-0.015350028695852043,-0.011012839295268478,-0.01723081364799438,-0.01129587882352864,-0.014557955358259465,-0.02071834520704285,-0.012866048698631272,-0.03248954956590537,-0.012918843886344001,-0.030415591128639518,-0.012969798667018985,-0.030415591128593045,-0.013018960875051241,-0.03041559112858909,-0.01272451483101137,-0.019480152473129012,-0.017262301101452323,-0.014640066579421648
2018-12-20,-0.018470042320633224,-0.011102469568361506,-0.019861880186199762,-0.011776573784676173,-0.01949936834526538,-0.022334898772929514,-0.01735752365610365,-0.024627467206535858,-0.017396712235229605,-0.024373105986959385,-0.01743532470349965,-0.024373105986953688,-0.01747335663747109,-0.02437310598695331,-0.01698539869382099,-0.02365415577153135,-0.015085972765234696,-0.014954103961833155
2018-12-21,-0.02820340620513932,-0.009796129402041982,-0.02945680326926349,-0.01069728821980201,-0.026593538819172154,-0.04378810426143368,-0.02126760856239464,-0.04703348384342555,-0.021386167960177775,-0.04614889253009289,-0.021500485256333964,-0.04614889253006946,-0.02161081121391123,-0.04614889253006771,-0.025142011480182126,-0.044424731518986224,-0.022843211422224247,-0.020267253131683774
2018-12-24,-0.0254344271053911,-0.029976097834766235,-0.02506575777719581,-0.029549574026178728,-0.024744159784199485,-0.015849094589644844,-0.028466638766314167,-0.01859717350085173,-0.0284742484144537,-0.022462805518172778,-0.028483335572419062,-0.022462805518204586,-0.02849371857573703,-0.022462805518207857,-0.027950759384923207,-0.026967175109412152,-0.024503814677791273,-0.023504769818594586
2018-12-26,0.06196423960813519,0.03840851790592711,0.06254079791280023,0.039592364008242065,0.05981539974080815,0.07858981388505425,0.053650544694244184,0.07530583375138251,0.053809495188981094,0.07539193446833073,0.05396356116277255,0.07539193446831848,0.054113046397896894,0.07539193446831782,0.05936105372107815,0.07957962453188544,0.05536645184593686,0.05102715033370811
2018-12-27,0.007100752780007368,0.013543235386867646,0.007849476731854607,0.013162391050005762,0.009955935302587829,0.006559913575968824,0.00999606467418072,-0.0020796248592284358,0.009954790928568246,-0.0026753872377228106,0.009914809114343144,-0.0026753872377076804,0.00987611710713341,-0.0026753872377067354,0.009664225329950128,0.0014577544059730108,0.008375235347765577,0.010731627220207795
2018-12-28,-0.0016625124268670917,-0.0029300276149682243,-0.002461798115952437,-0.0022370769135748323,-0.0017662538084131508,-0.003352207681136046,-0.0012292598450185021,0.005014905183001893,-0.0012113525277363368,0.005574992227007051,-0.0011953245437808968,0.0055749922269842924,-0.0011810518229884354,0.005574992226982718,-0.0023099102602859916,0.0002320338128684275,-0.0008799365834308136,0.0008652703744444124
2018-12-31,0.010388634825565124,0.007903941545874283,0.012113783101630355,0.008415643166453629,0.011924764357779975,0.014435278153617462,0.010515975507302829,0.010043444382643943,0.010537045735399448,0.009881281786067075,0.01055686945455994,0.009881281786070242,0.010575573725140149,0.009881281786070494,0.01087489303769822,0.012456633112588343,0.008051788130088324,0.01123830029087021
2019-01-02,-0.0014503622183658792,-0.00355777312222348,-0.0016973803565364343,-0.0033663863059324164,-0.0007289418586415081,0.005867980434012917,-0.002474737828377148,0.011897935250194478,-0.0024109912894183768,0.010877108764249067,-0.0023494662942985895,0.010877108764223348,-0.0022901319502175387,0.010877108764221216,-0.0003199285224130548,0.005916114113899751,0.002207082261895779,0.00036614333236543236
2019-01-03,-0.038333544023958575,-0.015070637104955082,-0.04024379192173954,-0.015367433198196107,-0.030615472311498932,-0.03500656935029557,-0.025540142277745467,-0.042058298220815624,-0.025605883515827984,-0.04122568213671382,-0.025671411428943205,-0.041225682136706306,-0.025736785575963397,-0.04122568213670576,-0.02731812106070686,-0.036499891759815856,-0.027691775534859374,-0.021855172635273614
2019-01-04,0.039196830748061205,0.026463919301377155,0.03885468046515663,0.026427028752399627,0.03737536179240414,0.04682761297508201,0.03390986907691345,0.053564867389451286,0.033996995255402424,0.05348018887459741,0.03408299895350166,0.05348018887458548,0.03416790488191465,0.053480188874584736,0.038716993919799936,0.04996847512210323,0.03477537299651486,0.03249888392496989
2019-01-07,0.00481460147539449,-0.005576230615579681,0.0015537102658013903,-0.004213996210697528,0.0038657758711490896,0.011440825515948392,0.004406628474738301,0.014929800821032423,0.004525462889292654,0.014940371359061401,0.004642964128621273,0.014940371359158601,0.004759218572980657,0.014940371359064853,0.0014995309287929874,0.014122858285615176,0.006616684485826812,0.00017446981687823466
2019-01-08,0.010485694597018435,0.007302335418702861,0.010275568759707825,0.007450573256736698,0.009643000966238907,0.012414327779237743,0.009661635593283676,0.012362318778272697,0.009670720133221731,0.012362318778272704,0.009679585592056993,0.012362318778325592,0.009688202065142157,0.012362318778272714,0.01018702971877718,0.01991955560291743,0.007774033666583637,0.010265389542268712
2019-01-09,0.0032625116399197258,-0.009749597665730789,-0.0006020399592535869,-0.009608170311939173,-6.013148864381134e-06,0.003585284647396667,0.0001071432780226473,0.010164972127215564,0.0001648860237966871,0.010164972127215555,0.00022323925787645334,0.01016497212713244,0.00028206730781535827,0.010164972127215533,-0.004293205569496716,0.009068181673529012,0.0015436852955472168,-0.006889042252969005
2019-01-10,-0.0021828422212094136,0.002084294111482212,-0.0007647115659783752,0.001362559559439645,-0.00022216915576199082,-0.0006937642611085278,-0.00028307929156217354,0.0010783328691111867,-0.00031103853828047333,0.0010783328691111806,-0.00033753631128827786,0.00107833286905967,-0.000362693663202937,0.0010783328691111678,0.00010242699223277923,0.0016983312481086731,0.0018407421023805615,-4.853938103748607e-05
2019-01-11,-0.0020098841906383753,0.0029890299179460783,-0.0023472836294078014,0.003013950799576022,0.0011278826850216394,-0.0019556678833022832,0.001046434677758635,-0.005963976241784341,0.001006388956635948,-0.005963976241784343,0.0009669058354008506,-0.005963976241790921,0.0009280482750033179,-0.005963976241784343,0.0013211941145810698,-0.004718576206123835,3.5773380111709996e-05,0.0012822798942966748
2019-01-14,-0.010203525589391846,-0.006691794980984137,-0.01058911703229296,-0.007652222982436011,-0.007548234341633028,-0.014413914027111858,-0.00758779015720138,-0.0104745521774971,-0.007604135809189317,-0.010474552177497109,-0.007618432735456751,-0.010474552177581163,-0.007630844742202249,-0.01047455217749713,-0.007754641310234061,-0.005458419602513413,-0.0051583139714400875,-0.011162541790420234
2019-01-15,0.02324233759935352,0.009324893046834171,0.01911544196287922,0.01042574158776375,0.016635233668483528,0.025792957430743252,0.016765118517779485,0.02987420693491154,0.016826635641201855,0.029874206934911572,0.0168860089270298,0.02987420693516446,0.016943326570588797,0.029874206934911635,0.018679945887548212,0.030861161907219967,0.012918222008773747,0.016239834590156522
2019-01-16,0.00522731865813355,-0.005961689316750477,0.00014247151877340726,-0.005414308459679967,4.326069392693099e-05,0.0022233317036629593,0.00012760106991655394,0.002837445175076514,0.0001682284016908871,0.002837445175076509,0.00020795870410262357,0.0028374451750398507,0.0002468540928422837,0.0028374451750765002,-0.00036714691416204733,-0.0013432558283059178,0.002381676128799204,-0.002289897759668645
2019-01-17,0.005010087182680282,0.004874003671412136,0.006112604389581356,0.004904266790806529,0.0037170264575990737,0.009479070306092165,0.0037310591531555326,0.007605040482798507,0.0037360131939573214,0.007605040482798508,0.0037397428922193235,0.00760504048279661,0.00374235274782443,0.007605040482798508,0.004758095362818584,0.0069673048214535125,0.006161307190372959,0.006929405395595887
2019-01-18,0.010524837617193944,0.009147842607197207,0.009230578557515488,0.008437183149839343,0.01003706330890111,0.006766646115106984,0.01000972975522935,0.010190039211995326,0.00999720939994531,0.010190039211995322,0.009985504424321437,0.010190039211960907,0.009974622857205035,0.010190039211995317,0.009803340821879593,0.009363641531335076,0.013217106410885809,0.007086658032875609
2019-01-22,-0.012888821182238656,-0.004259599855028786,-0.011974492158625647,-0.005145130427280756,-0.00744473716784725,-0.017176515178379793,-0.007646846797382337,-0.022672344272590506,-0.007745622232849863,-0.02267234427259052,-0.007842662733748536,-0.022672344272695613,-0.007937851104949852,-0.02267234427259054,-0.007964061310631064,-0.022584193421579715,-0.01298341195801286,-0.009771471138673266
2019-01-23,0.0035198165609707202,0.011566265055217649,0.004808897592096965,0.012404763779047355,0.004780157916187414,0.0009304856244731612,0.004772797827417751,0.005397274747214799,0.004771429802555557,0.005397274747214811,0.004771356926499579,0.005397274747328911,0.004772424385851613,0.005397274747214842,0.006516873570681909,-0.002643187666198927,0.002691404580421852,0.005967878020828032
2019-01-24,-0.004789067319278091,-0.010216378730215036,-0.006210567994451605,-0.010813087696541865,-0.005852592615182258,-0.00873100176892451,-0.005718187154788354,-0.001137726228935045,-0.0056481825423341375,-0.001137726228935054,-0.005576744617595753,-0.0011377262290224706,-0.005504169054405921,-0.001137726228935075,-0.007170128634155036,0.0022729350250261845,-0.0009736754677504638,-0.010300854601431717
2019-01-25,0.010542294238878952,-0.0030990734340550254,0.00777162757784473,-0.0036633222281400916,0.004143166283075041,0.006465749170095109,0.004240609571561167,0.010107880784971914,0.004290149292883117,0.010107880784971905,0.004340097540931941,0.01010788078491303,0.0043903442869763385,0.010107880784971887,0.0035377525633826885,0.01324637141988506,0.004475745864946382,0.0003017910109830496
2019-01-28,-0.011932689408465032,-0.0026981331974764056,-0.011497343619360693,-0.00281355959587946,-0.009153304628603774,-0.011158639287432985,-0.009245815661980208,-0.01688579205042715,-0.009291199061867605,-0.016885792050427152,-0.009335961608256619,-0.016885792050460313,-0.009380071988846344,-0.016885792050427163,-0.007819919531982052,-0.014716004560830716,-0.013108732906196399,-0.007172013554990693
2019-01-29,-0.00692455554790038,0.001895353733893736,-0.006054630169543159,0.001128138085467153,-0.0038787419315229167,-0.011685960730665154,-0.004039919626716006,-0.019070990174336545,-0.004118325124501965,-0.019070990174336562,-0.004195155111307172,-0.019070990174487205,-0.004270346022259897,-0.019070990174336604,-0.0034244759762478184,-0.021210753929323117,-0.005598313956549844,-0.0035321680712135086
2019-01-30,0.026177297988402546,0.007083354485598578,0.02513695914607926,0.007074555104142085,0.015459008561157925,0.022920819728633496,0.015670744347647352,0.03237255437710099,0.015773022653822525,0.032372554377100994,0.01587286038849534,0.03237255437718826,0.015970237772506377,0.032372554377101015,0.015967228202294133,0.03625191600675314,0.017072190825366016,0.01724263057821417
2019-01-31,0.005902812584329206,0.013552620007817472,0.006750219086331963,0.012465913170616115,0.004822729461432038,0.022860213586872055,0.004905190291977445,0.013026835557305591,0.004945209380392654,0.013026835557305567,0.004984181570858515,0.013026835557078413,0.005021999385465414,0.013026835557305508,0.00928191473515556,0.045657183655327394,0.015034595050156597,0.01762834920236983
2019-02-01,0.0002925265770448716,0.011629746481348405,0.0028326432593640703,0.00911042802014673,0.0015874297409610816,-0.007285971394547306,0.0012596831772965715,-0.020167774372573145,0.0010953744587266238,-0.020167774372573187,0.0009316486108757161,-0.020167774372913224,0.0007690134208173102,-0.02016777437257327,-0.004600546936564215,-0.020022008047759936,0.0022623659626556103,0.002270747187920563
2019-02-04,0.011454008768319143,0.007913461098646704,0.013091159073087437,0.0075314789455629754,0.007834543825799114,0.012413064974527986,0.007817629262445846,0.019404629451570732,0.0078084303261306475,0.01940462945157075,0.007798805453503736,0.019404629451717215,0.007788804374516448,0.019404629451570787,0.007575405313530384,0.019520287459651058,0.00885121932845757,0.006989572580215032
2019-02-05,0.006659925694577214,0.00038522037727763283,0.007284968899654182,0.0011461849842257117,0.004633410049176265,0.006312662532364422,0.004710354294172501,0.009419039261125639,0.004747573128547397,0.009419039261125644,0.0047838829520730425,0.009419039261177674,0.0048192505018695795,0.009419039261125658,0.003848309311360049,0.009563188800331565,0.004191352457528428,0.004549728732262361
2019-02-06,-0.003472950226497297,-0.0007865785797025577,-0.003819227703930836,-0.0010878522288944982,-0.0003991114195832875,-0.0019373014105143753,-0.003006627704143447,-0.00620281388005348,-0.003040511250169225,0.0013176523332737622,-0.004041926361027733,-0.0075314644720125305,-0.0028711498349190488,-0.005958746446960478,-0.0027592215982427636,-0.00558592352468123,-0.0022204312590211714,0.0012496941409144435
2019-02-07,-0.00986019231152171,-0.00423292143502624,-0.00988499347707591,-0.00407400944274489,-0.007170126759081883,-0.006360721076892933,-0.0071802062860739585,-0.008024758275364948,-0.007227383957823844,-0.01701362388500878,-0.005708091227995964,-0.008222894990103393,-0.004832428216070069,-0.013304575297257681,-0.00494376083891326,-0.013304575297257757,-0.008819457733589622,-0.005910440370511942
2019-02-08,-0.0024184559460027786,0.0031667372771264847,-0.0024521708918712375,0.003180229373941897,-0.000757183095893212,0.008627601235721497,0.004149005160453044,0.0030342786675027203,0.004108421211754478,0.0017408301793901072,0.004265270647075842,0.0013546572526076132,0.0036886769555483172,0.0019276146705695513,0.0036696431041399746,0.0019276146705694474,0.00037596815978600416,0.007295073762261631
2019-02-11,-0.0038112220989969187,-0.001860284356155437,-0.003795908068487469,-0.0023230129332301964,-0.0015831089146054948,-0.000616736959033856,-0.0017759733153525639,0.002470537324742314,-0.00175630633830944,-0.0010946168723189654,-0.0021252358524411585,0.0011954276119081051,-0.0016565734275887922,-0.00037321591506011897,-0.0015181584529141237,-0.00037321591506015155,-0.002130004924463811,-0.0009406425008347456
2019-02-12,0.017807963978734763,0.008679164141589668,0.017840469979403334,0.008664560557525644,0.014405295988925348,0.015994283332480163,0.011207710627952075,0.016383357125055214,0.01127838544265725,0.022826545538228573,0.011908555462576565,0.017832296643669643,0.011010228136139175,0.011800617509169126,0.011223773874888949,0.011800617509169158,0.012770938289288046,0.013639132500482817
2019-02-13,0.0020868736128701,0.003844154258448686,0.002086825456360189,0.0042521555206614554,0.0017686480004308774,0.002957050050368068,0.002380903414437712,0.001214971354998044,0.002378568532666376,0.0031941371623744118,0.0028673347494876694,-0.00042391974085822257,0.0032398156278064067,-0.0019625306849529126,0.0031544014900891774,-0.001962530684953007,0.0038587286789308188,0.00338308939619447
2019-02-14,-0.001113273682306401,-0.02790961157587616,-0.0011336773643961398,-0.027036418290795578,-0.012880515636196778,-0.0024582431547976956,-0.013041598023408898,-0.0041862211116618035,-0.012883945008630394,-0.000370643518966745,-0.015064684815805644,-0.003355663662240693,-0.01636861819259618,-0.003827946223162672,-0.015790234120484047,-0.003827946223162672,-0.003745564771284489,-0.00984386062219579
2019-02-15,0.005569153819512342,0.004751417242026802,0.005535481866968099,0.004680357394536111,0.007250140095821036,0.004743702589911685,0.006535111504003028,0.000860296747191781,0.00652933665042116,0.002988040099286915,0.0038685784532211305,0.0012371745519993965,0.0060912688723543705,-0.005120442202787045,0.005910566588632255,-0.005120442202787204,0.010884596712782083,0.005558365079410873
2019-02-19,0.0026169369383198977,0.0002064439619888143,0.002623378290287715,0.0003481574192996167,0.0006320100461527479,-0.00487130196649351,0.0016897428797051934,-0.0003331348804926762,0.0017123133465972637,-0.0002529513329650473,0.0005707271364074826,0.0009432049404080021,0.0006351920712730182,0.0006940394824382053,0.0006196933846122133,0.0006940394824382835,0.0012724219909029258,-0.0002767948377135421
2019-02-20,-0.0017388519315028317,0.002286135412495364,-0.0017346846125202867,0.0019604832763740147,-0.0008086677361831782,0.0014274841277027266,-0.00022145327028881011,-0.00048526463396948217,-0.00023499170676283653,0.003221254319801319,-8.24091129615059e-05,-0.001996689492223529,0.0003733380856333824,6.22487059526823e-05,0.0003495620004954327,6.22487059526583e-05,0.0002026921793610459,-0.00045888818049220903
2019-02-21,-0.0006018845698617266,0.005964821193438535,-0.000573753445163521,0.006056288370976573,0.003786955528221359,-0.001490675233489914,0.005474345681303234,-0.0012202371282090396,0.0054085657768231125,-0.006961438647981989,0.005760669824102033,0.004626436911728141,0.003529970175631998,-0.006351851343041601,0.0032814637023694413,-0.0063518513430415886,-0.003616777448517961,0.002111648848336165
2019-02-22,0.009337138430314657,0.00031561416567965324,0.009352458963215344,0.0006874014190799073,0.006051679647756747,0.011093128824325671,0.0074000898411109356,0.010483300014306795,0.0074634910072411435,0.011987119430949364,0.006431075397124812,0.009678022791516758,0.005540140545250311,0.008868412765770816,0.005698676289019422,0.008868412765770722,0.007223468259176373,0.00829975309097399
2019-02-25,-0.0013288795745251933,-0.005338865866683744,-0.001291842416350559,-0.005643078428084145,-0.0015827421028431917,-0.0016847928855129714,-0.00232781069027297,0.0004989866643377113,-0.0022841347331317317,-0.0010019417760258715,-0.003929746229815188,0.001616312175371415,-0.00517732681567109,0.004999262710876294,-0.005012371478918867,0.004999262710876346,0.0002689605455676512,-0.004467485792526732
2019-02-26,0.0026117378031995575,4.1951995255225596e-05,0.0026233540396793636,7.158200564611351e-05,0.001964478911739613,0.005481206366887849,0.002222449590835736,0.005244107776942653,0.0022423671827114682,0.0009392824491578567,0.002461962715957204,0.00601522848091607,0.0016220262586843504,0.003052227205277149,0.001770802396330567,0.003052227205277147,0.00045252374696698157,0.0028672510285118746
2019-02-27,-0.007667530236763708,-0.0007163926796364222,-0.007589540331135748,-0.0006936661961199041,-0.005410357560171115,0.002533651032952957,-7.541795819092649e-05,0.003383557465373513,-5.796952282766652e-05,-0.00018359729097375008,-0.0002768269189825959,0.0025364098952678103,-0.0006846426752286638,0.0006309487540554399,-0.000541022699265392,0.0006309487540554186,-0.0034662539254462126,-0.0033998579321517504
2019-02-28,-0.003703649551097777,0.0025989319046019928,-0.003673284275946724,0.002969658282875494,-0.0008474319088963506,0.0022271472991550194,0.0024192450026295225,-0.0005444011679699731,0.0023984703662763506,-0.002510697918491068,0.0018424815192146925,-0.0009720999750831409,0.0032209862983399173,-0.0031036941277723263,0.0030932296730888367,-0.0031036941277723666,-0.0010025456426137058,0.0011308397471482415
2019-03-01,0.009547282450852198,0.004945053480106377,0.009583609404092065,0.004717266809967712,0.005358155660086756,0.008309643295287425,0.004951322300687564,0.011318050476156643,0.0050101690341252236,0.012924120423175924,0.006508080665738981,0.01000395100185285,0.006577386987665602,0.010207284500535853,0.006758581690765157,0.010207284500535848,0.007401396239092093,0.004400259700984167
2019-03-04,-0.004530344965924593,0.0018593215725676592,-0.004458753022736404,0.0015861767452324213,-0.004407445266365446,-0.00748172050928344,0.001685986902099962,-0.003768877118232545,0.001699383493924344,-0.0020512932066498683,-5.629776943476446e-05,-0.003403843795646552,0.00012625247946047293,0.0067256267925638515,-7.642862662656782e-05,0.006725626792563965,-0.0018018618539700974,-0.0031412394232081466
2019-03-05,0.0046458266974233635,0.0017838655974716088,0.004591991350618327,0.0016357803632420348,0.003024521480751284,-2.9755325712136825e-06,-0.00017261539192551866,-0.0021595727580134504,-0.00017954163219738908,-0.002096381402704326,-0.0008186419149995281,-0.0030954148581169745,-0.0004247107850687693,0.005373702242189234,-0.0004774840100929934,0.005373702242189297,0.0026522916687403207,0.0022806738675801904
2019-03-06,-0.005815150145393394,-0.0024900514832568088,-0.005833058044380514,-0.002613171004542478,-0.004275336701905655,-0.00830196922586258,-0.0029259130984264055,-0.007580319964515205,-0.0029649628361408664,-0.014645537106099893,-0.004250811316462582,-0.005943618316944007,-0.0036103939780169833,-0.003888240093898855,-0.003750982552685246,-0.0038882400938988143,-0.0037275344998708307,-0.006464684230863334
2019-03-07,-0.009831575748775112,-0.005711637631078933,-0.009897695605513337,-0.005681679284996529,-0.008460375279766265,-0.0075810733747762845,-0.008549969261419299,-0.012799363207337596,-0.008617312770096565,-0.015251758498675664,-0.008299062627179346,-0.013397960712725147,-0.007499585678537703,-0.015624939551560591,-0.007664987317151458,-0.015624939551560654,-0.008518465697722261,-0.0051731559066860175
2019-03-08,-0.0011270221830219618,-0.0039100863351503624,-0.0018567349467249032,-0.003924873835189889,-0.0049995511061919325,-0.004350508052275406,-0.00472990796866599,-0.0024344593087790092,-0.0048465026548950105,-0.003018692753524772,-0.004839542699923779,-0.0017322950656962432,-0.0045827351537630606,-0.001217026163697028,-0.0045825531763277715,-0.0012170261636970149,0.0002061184902937732,-0.0015429580601074135
2019-03-11,0.02091874120241645,0.014844169765241538,0.02096767190701965,0.015138917380139344,0.015920592206220063,0.01763418031990749,0.015997912318038574,0.023743364280143054,0.014704399749628408,0.023743364280143054,0.014752965128180306,0.02454369890380571,0.014804613651359315,0.022614754713058176,0.01497123545757589,0.022614754713058162,0.01840102232271659,0.013796164854219133
2019-03-12,0.006431852885519897,0.0014087382800779488,0.006785263034042465,0.0017485809832034156,0.0022727254884925244,0.0064672481726408,0.0022762652142495282,0.005805394506451244,0.0013746440322414135,0.005805394506451254,0.001374936930216333,0.006053506318813048,0.0013748190957350043,0.0036914195464998563,0.00137260758970521,0.0036914195464998654,0.004942197337575784,0.004494661350811058
2019-03-13,0.006648713362538061,0.00566531819294311,0.006723390047803255,0.0053771393936716105,0.004037656885100339,0.005548679007416093,0.004078933078157307,0.007002783410586728,0.004023518948545288,0.007002783410586731,0.0040445448443153145,0.007176936853611981,0.004066349104153074,0.007383704450830321,0.004134382478212423,0.007383704450830317,0.007258704497928267,0.007535462889590707
2019-03-14,0.001437354019875118,0.0004877183143880238,0.0032652807376899193,0.0014001504490729845,-0.0015775543109357926,0.006849038276757199,-0.0015812856315430839,0.004346223859530208,-0.0019851496056677376,0.00434622385953019,-0.0019906913567828925,0.0036194100062626887,-0.0019972561032420757,-0.0021537019684741295,-0.0020213381659787816,-0.0021537019684741052,0.0001449754744177723,0.0023810946503176893
2019-03-15,0.00508314016168605,0.0020287169861746123,0.008038120012096823,0.002700223335180456,0.003480114929883792,-0.00830963410450322,0.0035603428241852086,-0.003906987659457052,0.002582397013229288,-0.0039069876594569775,0.002625739787967442,-0.003049648185571127,0.0026708743588142107,-0.013892247325899276,0.002812485178257473,-0.013892247325899203,0.002085154094321324,0.005289922799050791
2019-03-18,-0.0007819991925593366,-0.0016127019001447869,0.002811720629014192,-0.0015981978106040641,0.0013310970439185427,-0.0019475662463687732,0.001428445365485286,0.006420760724443758,0.0014310093618356847,0.0064207607244438315,0.001485837922057253,0.009959853198271112,0.0015443672727258532,-0.004295535565058396,0.001734311017379707,-0.00429553556505839,0.002686048529443168,-0.0020894770379971885
2019-03-19,0.0037547508117818087,-0.0007113496103118074,0.0025946037364433542,-0.0010039536440793193,0.0016403104925303532,0.006352694827429868,0.0016954238479265599,0.007363678790385313,0.0018628952531284518,0.007363678790385276,0.0018940653261379909,0.0069615293756515135,0.0019266894267385352,0.008813848365913007,0.0020298160861717037,0.008813848365912988,0.002948152332401812,0.0036369290921290398
2019-03-20,0.006646144776087586,-0.003144465647628151,0.004304721319185712,-0.003238648143641403,0.0010003366096604646,-0.0017917665647795545,0.0011038790178599005,0.003682852114702891,-0.00015237874179010953,0.0036828521147028786,-8.831616685159549e-05,0.004431488586175196,-2.093319833499247e-05,0.011948736092270944,0.0001932966238308022,0.011948736092270896,-0.001733721794093181,-0.002142882351238505
2019-03-21,0.01420651056521333,0.0033059954524437404,0.014915017871570553,0.003762480308531161,0.0065197612927835255,0.01686875934190254,0.006570483444889681,0.018899959237252635,0.0045804105093105564,0.01889995923725263,0.0046055988769243715,0.01829242547843212,0.004631640600436658,0.012560571910168968,0.004712575036450632,0.012560571910169016,0.01056162285784547,0.01110078435176481
2019-03-22,-0.017095008842085296,-0.006951184811979892,-0.018333959753629985,-0.007147043571354644,-0.0068040850907525405,-0.014795133855463941,-0.006959957934582456,-0.023220509852746044,-0.005095619654333531,-0.02322050985274606,-0.005177650868927574,-0.024161168027745948,-0.005262924360777436,-0.019393827231521756,-0.005529716420753578,-0.019393827231521766,-0.0161114611242853,-0.01045861814221534
2019-03-25,0.0003948101919276602,0.000433530202383294,-0.0006134821152870733,0.00021069788541136654,0.001236567826208272,0.0030524276078715993,0.0012624668948563154,0.004672913865048517,0.0005771779628462142,0.004672913865048539,0.0005922024722362906,0.006009804917842752,0.0006080085469100547,0.008006081861180743,0.0006582935146908888,0.008006081861180708,-0.0014539704212484272,0.0006683299882457503
2019-03-26,0.0043724445353906394,0.010252137158983578,0.004659703829337651,0.010593262123853678,0.010774669352628923,0.010650384074756802,0.010735482846008186,0.009352954822074225,0.010545008142740637,0.00935295482207417,0.010527815502331539,0.007286884520325374,0.010510021688941325,0.009157094951204125,0.010454609639013061,0.009157094951204132,0.007999144333311118,0.009077833306066607
2019-03-27,-0.005637740930411312,-0.004699059109206972,-0.004751706533721382,-0.004630750476140196,-0.0031959669012831876,-0.007057101842798818,-0.003241204413520674,-0.008665405116052207,-0.0035318973906246047,-0.008665405116052231,-0.0035531000218745673,-0.009939018484250273,-0.0035750654884429307,-0.010276802109779916,-0.00364350209731008,-0.01027680210977989,-0.00490244660367421,-0.004905702345724206
2019-03-28,0.002107492444102837,0.0029178841749107755,0.0026931852439280534,0.0030577914949328974,0.002518091092713497,0.006251215046190349,0.002529730574959638,0.005828525436928412,0.002265636315637062,0.005828525436928363,0.0022718734920931915,0.004089871488743438,0.002278077158961378,0.0031000500972781387,0.0022962544956081025,0.0031000500972781604,0.003364316754533387,0.004983314705649676
2019-03-29,0.006422085604708277,0.004828920211390657,0.0070403854578168275,0.004966848542045003,0.005671931678809326,0.006566651959116883,0.005665953105775886,0.006227066794808449,0.005162975015409084,0.006227066794808481,0.00515934261485782,0.007452107999244839,0.005155488846241533,0.006926663059862018,0.005143089437708185,0.006926663059862005,0.006963900540956861,0.005084838812205348
2019-04-01,0.007520639960626164,0.0034855491895938303,0.008501984045677997,0.0034318734196316382,0.0024646168325190444,0.011056042039522264,0.002561583265117314,0.017530564806899455,0.001967962339713553,0.017530564806899386,0.0020223760876330772,0.016304011307830383,0.002079506490272827,0.017174330719625493,0.00226068244654512,0.017174330719625482,0.010419091235998426,0.0028945851035117607
2019-04-02,0.005718595441201942,-0.0015426741932533722,0.003447788626266448,-0.001915403876873045,-0.0023982173478878893,-0.0008582576987673807,-0.002382084810721274,-0.0005323423413153015,-0.003557320284684775,-0.0005323423413152873,-0.003547715521106257,-0.0004223353792271673,-0.003537832078064628,0.008929883288897175,-0.0035073496001546173,0.008929883288897147,0.0019849365682269447,-0.001237869106650226
2019-04-03,0.0025341827069770883,-0.001537811774109975,0.0035157353991731744,-0.0013324265149499736,-0.0002100733814859279,-0.0004139593343382966,-0.0001790424962900766,0.0015179411132532656,-0.0005517768851310105,0.0015179411132533128,-0.0005369296711979957,0.003102630887278529,-0.0005215652581277579,2.6951141797245813e-06,-0.0004737737921288523,2.6951141797199193e-06,0.0029783653293613856,-0.00018925099007211386
2019-04-04,-0.002187509585943606,0.0030417644458555562,-0.00361178190947729,0.0019998588614093906,-0.0013341258193236335,-0.012640026450741535,-0.0013438058372810609,-0.008404156470391664,0.00032309865226553885,-0.008404156470391624,0.0003204644684884012,-0.007018704908523975,0.0003188863231971791,-0.0012060754056874737,0.00031900334141083753,-0.0012060754056875088,0.0019693763188274225,-0.005852998713829842
2019-04-05,0.00030769357713810347,0.001659213669664792,0.0006245224991074724,0.0012952283966840665,0.001485826253274899,-0.002121273049236084,0.0015369957323106286,0.0037139091301206344,0.0019433903235413345,0.0037139091301206387,0.0019733638639619694,0.004118993537774821,0.0020054522279594933,0.002275615746993886,0.0021099418435158324,0.0022756157469938872,0.003158738109976089,-0.00010405837203909666
2019-04-08,0.001828271945298029,0.003536945246229841,0.004385473778386453,0.003515536475087562,0.0022255058084337453,-3.861764541185841e-05,0.0029859881133332163,0.004267729080224259,0.0028591537196190103,0.00426772908047372,0.002873872047518271,0.004261425784055572,0.002889042342078801,0.0021851739749133236,0.0031595906558547836,0.0021851739749133067,0.0031691461935696805,0.0034492229342737396
2019-04-09,-0.002339361448751282,-0.0006395295903552649,-0.003563921761044517,-0.001077377322380696,-0.004031738940083693,-0.003231056899234093,-0.002426070478374615,-0.006182500008928165,-0.00019944307645045214,-0.006182500009234747,-0.00021202889238270577,-0.006182500008922757,-0.00022419771630106662,0.0023194547924592335,-0.00018889439914047758,0.002319454792459215,-0.0037725483554896977,-0.00347617061026108
2019-04-10,0.0053009762041420685,0.0020275912603492717,0.005022936164454949,0.0015886544902275514,0.004720050579778474,0.005779354790993696,0.003472721678961831,0.009755238288653208,0.002998808735121563,0.009755238288918631,0.00300512583761889,0.009755238288647555,0.003011221284490859,0.0056591958967114045,0.0019559439373502572,0.0056591958967114045,0.0030231833415444555,0.0018097591612112245
2019-04-11,-0.00401854909995307,0.0011489082025905014,-0.004219326687980286,0.0001986845812713368,-0.005486661405988916,-0.00599451480679015,-0.0028458562340121863,-0.0014806611844495445,-0.002900051368883492,-0.0014806611842778973,-0.002890907501734212,-0.001480661184452811,-0.0028807344705195563,-0.001129209870149354,-0.0014048935124462932,-0.0011292098701493746,-0.003130865328248551,-0.008426119946243857
2019-04-12,0.004989051481897707,0.01331914751608366,0.004414740261073777,0.01304788435757016,0.004716791599553836,0.0062437258080025315,0.0036063000209589358,-0.0014227302098113396,0.016485713411197162,-0.001422730210624711,0.016471112689228698,-0.0014227302097959548,0.016458525503748083,0.0036607515561400267,0.01576673750368038,0.003660751556140072,0.006788491346949289,0.0018754504629073972
2019-04-15,0.0004337499795513068,0.004018371801390358,0.000918321888290457,0.003830641843349178,0.0029958595136685895,-0.0014756156918108929,0.00282490138412455,-0.007557932943747645,0.0041058157034866444,-0.007557932944177233,0.00411270149307493,-0.007557932943737328,0.004121095090887932,0.0017471265658271,0.0049321147282697,0.0017471265658270958,0.0027717594603063177,0.003441868606138288
2019-04-16,-0.0004980658346341503,-0.0009066557787803422,0.0008562240224141747,-0.0014247895297778744,0.0004242016710477829,-0.0006891233598181308,-0.0009033628604024659,0.008178204487038227,-0.0027000943005020843,0.00817820448727831,-0.0026642544509335674,0.008178204487033304,-0.0026274603673608595,0.001174533506043695,-0.0010977238319020317,0.0011745335060437119,-0.000517351779331254,-0.002119810699518568
2019-04-17,-0.005230067916743432,-0.0025969558859959456,-0.00490249106747406,-0.0038839148789170273,-0.006559495288343956,-0.015485794488122987,-0.0008937811172072415,-0.0029890613124780516,0.0007489222283600138,-0.0029890613128668872,0.0007944234397852074,-0.002989061312470182,0.0008462013369859595,-0.0016736658266517895,0.002044704755498913,-0.0016736658266517776,0.0011942607609692678,-0.01346595535370835
2019-04-18,0.00013244214020417767,-4.868690061941871e-05,0.0004854529546272574,-0.00039685568838061856,0.00021893214710760398,-0.0013061504193709816,0.0007826875931384261,-0.0008880227213298813,0.001619688110278431,-0.0008880227213485604,0.0016162339121844056,-0.0008880227213293819,0.001613486123366847,-0.0001411328076776179,-0.0008563732928380654,-0.00014113280767762316,0.00025652726966166387,-0.0021440179390866533
2019-04-22,0.005696642369406517,-0.00021956129458825533,0.0036760024170250094,-0.0003444151293619508,0.0021494225371239636,0.003793781713282011,0.0014836917646834336,0.010337956708152763,0.0006217574952673468,0.010337956708071841,0.0006529805942834983,0.010337956708151163,0.000684936197476762,0.012160976166243608,-9.797118547082216e-05,0.012160976166243592,0.004737197054236778,-0.0006343517593657371
2019-04-23,0.012769170858407886,0.0031261260456175305,0.005496431740227818,0.00299382525823789,0.005180078308994743,0.008419876465108595,0.006767929986606202,0.016399587956411207,0.007414560469648217,0.016399587957144926,0.007443972310720976,0.016399587956394283,0.007475216488309897,0.016766774384932483,0.007881761129457907,0.01676677438493239,0.008611557371868882,-0.0006359815798330209
2019-04-24,-0.0027957368977732685,0.0005212349717282105,0.00042293058144430196,0.0008016676753112735,0.0016935200510568486,0.0034031609471995017,-0.0012042926988976984,-0.005182766489031319,0.0004978889472634281,-0.005182766489705786,0.0004650796569982735,-0.005182766489016724,0.0004307049240994362,-0.007928297765847444,0.00023758652205706687,-0.007928297765847348,-0.002316121352948817,0.005284544319087518
2019-04-25,0.011306475847966634,0.00516747686394107,0.004579967759639065,0.0046917213043523405,0.004141472714645846,0.007265538675297603,0.0037499394212811383,-0.004068788144047595,0.005960918713125523,-0.004068788144451484,0.005926893468527095,-0.004068788144041357,0.005891113720230074,0.020164770544035572,0.0035414964548768323,0.02016477054403547,0.0038103779085041944,0.00256149292347355
2019-04-26,0.0041474035612133996,0.004437737109152917,0.00807918595376406,0.005156448873664237,0.0075781264316717376,0.0006229036867559635,0.00925745174382199,-0.001445094257706744,0.01028171065452659,-0.0014450942581907557,0.010333041499669404,-0.0014450942577000118,0.010387191629791846,0.009963961078671153,0.009031760312456304,0.00996396107867112,0.0018373974036423229,0.007077482270310139
2019-04-29,0.0046690878639346145,-0.0005863565997645719,-0.00012395708276262516,-0.0009055015495750864,-7.253629708080939e-05,0.0023843119740149807,0.0002173208017496491,0.004842481236958901,-0.0011907397903679873,0.004842481237080765,-0.0012070278488205233,0.004842481236955401,-0.0012239782375035408,0.00790782861438844,-0.0020847519851979164,0.007907828614388398,0.0032954340477631214,-0.0015226528789188058
2019-04-30,-0.007658736819790816,0.010669632588636405,0.007559734705694756,0.01100156659789229,0.009900257002088015,0.015849717264955213,0.008952799159490892,0.007088158944268316,0.006553881174077329,0.007088158942898416,0.006504978276176321,0.007088158944293473,0.006453431748033429,0.0021689842470108667,0.00847190911948853,0.002168984247011111,0.0006876434936153113,0.016208203185963898
2019-05-01,-0.002929932361002979,-0.010465995168704709,-0.00476350109716006,-0.010614112091741557,-0.011771317047649292,-0.010506751890089535,-0.00922110656675552,-0.011492998357943925,-0.008532173118035993,-0.011492998357292852,-0.008531752171576657,-0.011492998357955642,-0.008531720130090393,-0.01118845978749934,-0.006450076023624551,-0.011188459787499423,-0.008647579381921533,-0.01075418517149277
2019-05-02,-0.005146204744463261,-0.0008632634762691489,-0.003734906748640275,-7.671678994208408e-05,-0.002470334803710192,-0.0035928329342412185,-0.0032719331881709175,-0.0017128425517922547,-0.004118194472548271,-0.001712842551406807,-0.004130651093796279,-0.0017128425517975428,-0.004144445369340257,-0.007011460003230968,-0.002237757320512128,-0.007011460003230965,-0.0032435281908132162,0.004755268983437352
2019-05-03,0.013149225298937323,0.006219983226265675,0.009953385866057382,0.005812577043830398,0.009647267481479678,0.004864557054940116,0.009911123218346815,0.016113553920186624,0.009408794608327622,0.016113553920896424,0.009471168771023279,0.0161135539201715,0.009536241878316582,0.020989447409850988,0.008965677292291835,0.020989447409850873,0.008002194925769639,0.005648565299445912
2019-05-06,-0.005257721843290854,-0.0015564647161138956,-0.004890573292128776,-0.001689651644377784,-0.0033831220302752126,-0.003608227504489291,-0.004456526638584435,-0.008739406187320522,-0.003964978098495284,-0.00873940618800405,-0.0039664056281148346,-0.008739406187307164,-0.0039675008891458165,-0.005999640749068746,-0.0020659385370102963,-0.0059996407490686965,-0.0016542495271449288,-0.0034714473107968105
2019-05-07,-0.01865413876118145,-0.012004637197308335,-0.017275251160971738,-0.012502121372088976,-0.01618306599496618,-0.01860028474635595,-0.014658919314761727,-0.024197108493383426,-0.014489163566499501,-0.02419710849392598,-0.014481786272210403,-0.024197108493372064,-0.014473238449479913,-0.01931385114088626,-0.012767087757920114,-0.019313851140886233,-0.01600118140868666,-0.015299292767850522
2019-05-08,0.0015499562975944993,-0.0003831065001091016,0.002238011573860469,-8.489996556255205e-05,0.0005716428356359858,0.001214664623856686,0.0011105898536018508,-0.001099358274137552,0.0013210552767371963,0.0006286106759980031,0.0013173884489534765,-0.001682717000324527,-9.016442384752164e-05,-0.0010985710566052999,0.00034222300416898054,-0.0010985710566052914,1.1564322626737913e-05,0.003330995282306545
2019-05-09,-0.0053264799377307805,-0.0031194876547293604,-0.004816568142020043,-0.003659490221970674,-0.005186447998774029,-0.0018262215964947573,-0.005215658041214032,-0.0038947608713365,-0.0052324738675290855,-0.010304535047452455,-0.005250525681698063,-0.005279192180828882,-0.0054950466536996785,-0.005279192180828644,-0.005553257471787089,-0.005279192180828626,-0.002987323003790991,-0.003476266935737507
2019-05-10,0.003034270523846922,0.01207430558008821,0.005259758257397996,0.011887852527210762,0.008159446654992311,0.009318261885164193,0.008084284671443068,0.005255885081969646,0.00804306540069634,-0.00018622682246881642,0.007999740568103403,0.0017357048453988662,0.00927261798783434,0.0017357048453991329,0.009130008091883007,0.0017357048453991693,0.004948255418244982,0.008596394060482309
2019-05-13,-0.023357939659224582,-0.012024364284684433,-0.020571576931562932,-0.011750503580852494,-0.013792645054975917,-0.014995570301759215,-0.01393358146013557,-0.03260440151262525,-0.014009029440662159,-0.04316878685672335,-0.01408735687067763,-0.03557231097903256,-0.01312165287934492,-0.03557231097903206,-0.013373377954005188,-0.03557231097903203,-0.02382067532427485,-0.009589763653345131
2019-05-14,0.006705975423540709,0.0048881654685326,0.007829255357608108,0.005520467411846033,0.00540386331863882,0.004775388000889792,0.005431753103497285,0.014318551191212404,0.005447224659242602,0.01621853874321804,0.005463566224660252,0.008082973480510479,0.004673956816004825,0.008082973480510798,0.004731341169766389,0.00808297348051085,0.007606030605555239,0.0028456151956599393
2019-05-15,0.014493657996670772,0.006683798339466512,0.011822206045694762,0.007053058395381159,0.009760361571893411,0.00915859798161009,0.00980400768116612,0.015856139283105225,0.009826927955335116,0.007283206594217776,0.009850468102457034,0.02103358706748007,0.007753832634368116,0.02103358706747989,0.007834563125002138,0.02103358706747988,0.008300657417900023,0.008972697038815647
2019-05-16,0.013289241979594336,0.0106683020902,0.012544342469613941,0.011011802916682694,0.01306458035508478,0.01871778781462609,0.013103448359896656,0.020583295184243493,0.013122777729372408,0.015993268408266675,0.013142056979827814,0.016006153766689166,0.012199824603275608,0.01600615376668922,0.01226033333131397,0.016006153766689245,0.012295278807653284,0.013466462007387396
2019-05-17,-0.007624770811381508,-0.004868516991537812,-0.005636597261442142,-0.004943312568184723,-0.005125993851725014,-0.005730197653054879,-0.005210970995247467,-0.011677339464656862,-0.005256700697668247,-0.017178091683992616,-0.00530425287574431,-0.013035147312300403,-0.005104569036308095,-0.013035147312300016,-0.005254191016741973,-0.013035147312299995,-0.004383755311208857,-0.0038991658178718653
2019-05-20,-0.009341945852784276,-0.001567993940677207,-0.0073542926870956895,-0.0017779754491826355,-0.004709871645158581,-0.0036866466259255263,-0.004723984248441163,-0.006654681512709348,-0.0047312277065568046,-0.015115756229407138,-0.004738578871612532,-0.010131552731404807,-0.0023311444408338185,-0.010131552731404245,-0.0023646798850632867,-0.0101315527314042,-0.005049109718283913,-0.002398513621673892
2019-05-21,0.003903587611765514,-0.0017754651042171921,0.0017246367116641255,-0.0019291180475418668,-0.001455185909208165,0.0020287139458991686,-0.0014464137891487285,0.005371370180652879,-0.001442710358148679,0.009900897927675083,-0.0014393601368128438,0.0068051110546538465,-0.002489366122470096,0.006805111054653812,-0.002476572043565201,0.006805111054653817,0.005371084753987873,-0.0011741367076552054
2019-05-22,0.0022431118520062276,0.00787019117195006,0.003176066522920031,0.007884453828755087,0.008204684047994635,0.008995227212255485,0.008139823079856626,0.006810550599726414,0.008106598260714021,-0.0005356678887510805,0.008072880128781655,0.005809246610494664,0.008601307782322105,0.005809246610494734,0.008498978215206007,0.005809246610494754,0.00022188621101331112,0.008035313437127102
2019-05-23,-0.00957806961341318,-0.004396828066732349,-0.008364041071481192,-0.004323868232488399,-0.0031321054104054085,-0.006031567714693964,-0.003261610078046886,-0.024728579559734114,-0.0033298804500624555,-0.02759852980620188,-0.0034001773739913243,-0.02518331150917797,-0.0025889878188079334,-0.02518331150917801,-0.0028090684697947214,-0.02518331150917805,-0.012476282443691327,-0.001962647477016341
2019-05-24,0.0005212927577192669,0.0015795341880337883,0.0005862038885017882,0.0015750832947233452,-0.00046546105461668576,0.001202277502486839,-0.0004344431365224049,0.004007571438405566,-0.0004182650374134371,-0.0018605153162681459,-0.00040169246906943254,0.002873622939823842,0.0005112855479541987,0.002873622939824045,0.0005579932640263988,0.0028736229398240616,0.001305197415319728,-0.00016304616981306543
2019-05-28,-0.004031156268633497,-0.009439691175703107,-0.006065872193774191,-0.009359102577398144,-0.008893985763469251,-0.009048458621267757,-0.008793544117782505,0.00822612653039679,-0.008739021067224812,0.002977114112814734,-0.008682032208559613,0.012123562588140433,-0.008768516722029081,0.01212356258814033,-0.00858591358874437,0.012123562588140345,-0.006096918716267439,-0.01249573137731718
2019-05-29,-0.008423876708838877,-0.00583916024443367,-0.005585715969659432,-0.005839876165568893,-0.010818636443653612,-0.006989316596788154,-0.01081359250541844,-0.008880109037338137,-0.010815010272495174,-0.01427399919888799,-0.010818650443909754,-0.01146633094696226,-0.010013651222522197,-0.011466330946961801,-0.01004333570960312,-0.011466330946961763,-0.009563437863752569,-0.0050460436495596145
2019-05-30,0.004270864430451753,0.004346181195264164,0.0044462231290098705,0.004571699358253184,0.00619868374858535,0.006637586637214818,0.006155446997355427,0.0021444813998247724,0.006132188261239856,-0.0012747502115165886,0.006107970934491272,0.0023654174614586793,0.005412805379933107,0.002365417461458714,0.00533957268888114,0.002365417461458718,0.0010703477335547394,0.006197199383199147
2019-05-31,-0.01330150158914496,-0.010485229723542537,-0.012052595323673346,-0.010434937564175375,-0.010050535831438778,-0.014615942161416871,-0.01013224154427462,-0.015575579826296362,-0.010174348826870976,-0.01969211191819697,-0.010217154052997812,-0.020902094166882584,-0.009249003896866472,-0.020902094166882202,-0.00938103371314841,-0.02090209416688217,-0.013362841075237521,-0.010478821030788097
2019-06-03,-0.01447779878184826,0.006920103823218296,-0.006322695328809271,0.0068306057355537395,-0.0009658980714272371,-0.006413148984958483,-0.001250869670749574,-0.041183121452296884,-0.0014034897663576429,-0.034458632380930374,-0.0015618932391965555,-0.05325459484471713,0.002322322291791273,-0.05325459484471663,0.0018068125251136235,-0.053254594844716625,-0.010757465776233084,0.007007275291308136
2019-06-04,0.01920224119732497,0.00977926704906917,0.01688636268645489,0.010207523092303222,0.01218815313581149,0.0167759130482886,0.012270264507437888,0.029085321679940417,0.012312726155357723,0.04127775964229418,0.012356030770551276,0.02672452304297305,0.009934942975618359,0.026724523042972955,0.010077730184094635,0.026724523042972976,0.022465805135786734,0.010015670396968364
2019-06-05,0.0114269923318242,0.01309882184850452,0.014622064951718954,0.013691573665365457,0.012847881623970138,0.017477067376711192,0.012808618004225648,0.016875742738752933,0.012785673540188842,0.0054168330106822,0.01276083229783996,0.010225278507661714,0.012380808682708305,0.01022527850766242,0.012299779262846136,0.010225278507662494,0.009726316429993699,0.013948317656737472
2019-06-06,0.00753563694855413,0.007977342794047729,0.008701787032916936,0.00793212321023048,0.009634107518077924,0.006266146680425107,0.009637018838683184,0.008289337217902926,0.009640298612577664,0.010791132292582547,0.009644595620385185,0.0057678869691895306,0.008604165014458149,0.005767886969189503,0.008629488014651642,0.0057678869691895045,0.008501093357065722,0.005341857935825097
2019-06-07,0.016602136871416793,0.008470676462317424,0.016928854435270826,0.008360949895712216,0.012614736909935906,0.009780085585295034,0.012718618484096984,0.024190021826246272,0.011237594238499857,0.023654992151648322,0.01129270803530978,0.023640531625575202,0.011586327858539233,0.02414541011052755,0.011769539103214549,0.024145410110527524,0.012760398970402627,0.010766933596745428
2019-06-10,0.004921187579629995,0.0029550336881980226,0.004975859210615895,0.0026192815009569944,0.0046640565668100735,-0.0020832401052389843,0.004808280153586853,0.013015221564919308,0.0042581951399590845,0.013015221564919285,0.004344780935492817,0.013015221564919221,0.004436949134152976,0.014420257575800156,0.0047354301044954935,0.0144202575758002,0.0069702259249906934,-0.00032283740364308356
2019-06-11,4.749369921407359e-05,0.0006370551272654272,2.733681965591886e-05,0.0003166863004548388,-0.00038351996988820255,-0.0010076364608638303,-0.0003908590886145645,-0.007288024876401451,0.0006880472628951,-0.007288024876401439,0.0006855160495153982,-0.0072880248764013765,0.000683625992988079,0.0005515249446029154,0.0006812651814280955,0.0005515249446029465,0.0014591232114568521,0.0002608578255664491
2019-06-12,0.0019042997059447123,0.003418915975406816,0.001884025371529433,0.0036480070168343065,0.003020437131336131,0.004838454322809557,0.002968373426292082,-0.0006704572735593261,0.005057514550300953,-0.0006704572735593058,0.0050274534593890575,-0.0006704572735594096,0.004996293895958238,-0.005507279819678916,0.00489931680756064,-0.005507279819678939,-0.0026249733257545224,0.004479532589257335
2019-06-13,0.005381504837860386,0.005841670005263893,0.005448028893698114,0.005850399264559193,0.00625017312577842,0.013617851172541384,0.006329049342142073,-0.0005447967196442422,0.004767659999257232,-0.0005447967196442687,0.004804682691053309,-0.0005447967196440909,0.004840095530837353,0.00499753194592781,0.004936139640652585,0.004997531945927863,0.004716405893208866,0.00915293424570414
2019-06-14,0.00043009995754715363,0.002782153071232101,0.0004274233545640074,0.0024685395040130705,0.0018310686188560267,0.0020023935664338476,0.001814409140372496,-0.003459505312868878,0.001135199021392689,-0.003459505312868857,0.001127899707230245,-0.0034595053128687763,0.0011201832600102094,0.0038095887753322997,0.001095478788947601,0.003809588775332328,-0.0007067534512763187,0.00196821042898997
2019-06-17,0.0014956454671427835,-0.00012996846093325115,0.0015016180125276327,-0.0006757310374904805,-0.00012380802834186617,-0.00028030261284102236,-7.488683272243617e-05,0.0033328232770631887,-0.000937299799446998,0.0033328232770631822,-0.0009084367828281424,0.00333282327706318,-0.0008780663421421405,0.01642887098472818,-0.0007812838960345221,0.016428870984728245,0.0034453684835158024,-0.0001364249739822412
2019-06-18,0.0031320159764164157,-0.00042720801992306504,0.003134759546366966,-0.0005619516476842263,0.0009188252060597258,-0.003500151220822483,0.0009508984028755601,0.005011871614817661,-0.0002381744290099225,0.005011871614817653,-0.0002201444518593037,0.005011871614817931,-0.00019957251539156088,0.002717000449031479,-0.00012646716636431892,0.0027170004490314923,0.007045122028761512,-0.002820979001748778
2019-06-19,0.0065926741918921426,0.005513184094586692,0.00658691411143354,0.005865215484829806,0.0067790642538845345,0.009551511701707132,0.006764488388735846,0.018432257193500445,0.006429379486284343,0.01843225719350041,0.0064211498548176005,0.018432257193500126,0.006411809918095236,0.015645025509819256,0.006378818422766745,0.015645025509819298,0.004215282464854191,0.008275770720507995
2019-06-20,0.007304522509383872,0.0066746257837753875,0.007328313710041603,0.0066848798850620336,0.006462879088021452,0.004243097377800546,0.00646615135047381,0.021623442631579403,0.006901358868583342,0.02162344263157939,0.006900383668800749,0.021623442631579136,0.006899334146247277,0.018649563093204365,0.006895786007182362,0.018649563093204334,0.010448107881581539,0.005112769188701148
2019-06-21,-0.003422030144178014,-0.0009076620734056616,-0.003432595000097853,-0.0014285558823359092,-0.002110700539968639,-0.005486384952915083,-0.0021334369518851044,-0.006432351254853398,-0.0022366698918271657,-0.006432351254853381,-0.0022468742475772923,-0.006432351254853252,-0.00225650566750219,-0.002159358607122922,-0.002281869079457801,-0.002159358607122901,-0.0010424665665568521,-0.0037754717425994505
2019-06-24,0.0034511308546353956,0.0037806592621124615,0.003435791850855664,0.003720568971353674,0.004129325028527699,0.004356664321984311,0.004102426949476407,0.0024822144629862886,0.00422140934847576,0.00248221446298629,0.004205897880352962,0.002482214462986361,0.004189960003986566,0.0035547012067802743,0.004140966502977858,0.0035547012067802756,-5.484076289574637e-06,0.004789825789824952
2019-06-25,-0.009543390608203696,-0.003894230027966456,-0.00960034650369673,-0.0038467177380801364,-0.007133279794536541,-0.001270832985638501,-0.007215885224094929,-0.02694585593204928,-0.0027326091988131465,-0.026945855932049255,-0.002779403136532933,-0.026945855932049376,-0.002828715914730051,-0.02544632789166621,-0.002986077444974294,-0.02544632789166623,-0.017183917409742455,-0.002245233100566074
2019-06-26,-0.003567722323091745,-0.009132151906899515,-0.0034947892977684443,-0.009111154458453518,-0.007257812667211549,-0.011454223655396395,-0.007129311100317949,0.006093621527871912,-0.009383388858146302,0.006093621527871894,-0.009310350471333204,0.006093621527871858,-0.009233919676041105,0.0026353682383931662,-0.00899255646235392,0.0026353682383931567,0.001959929714114965,-0.012094778524433024
2019-06-27,-0.0005396842244328264,-0.0011007673724840598,-0.0005332096096090221,-0.0011753285641995692,-0.0007320349618350778,-0.0016484082460671212,-0.0007140719499806715,0.005640431441974533,-0.0018695206963745973,0.005640431441974525,-0.0018568137225932443,0.00564043144197445,-0.001843366106902525,0.008570756106690593,-0.0018001747918139973,0.008570756106690627,0.00256646558883014,-0.001393817905380669
2019-06-28,-0.0004529928938260057,0.0021413083328366534,-0.0004474510651032336,0.002275008290759981,-0.0010979241855629293,2.3147878614938556e-05,-0.0011172986332477588,0.0035744214796240795,-0.0021843196916921824,0.0035744214796241047,-0.0021941429200775316,0.0035744214796239733,-0.0022049544255432684,0.006629532377780449,-0.002241509001372091,0.006629532377780428,0.004845011704469009,-0.0002895458344211198
2019-07-01,0.010344459126571353,0.007872614900258415,0.01036207952455924,0.008082767097291877,0.00985464930193149,0.010400930766846877,0.009891978109947607,0.014783612384073263,0.008457019730796713,0.014783612384073238,0.008478873776516026,0.014783612384073223,0.008501222920195308,0.011806139098669448,0.008569235997865236,0.011806139098669462,0.008223996649988895,0.008948417668139216
2019-07-02,0.0069259818158186074,0.006061796079131369,0.00692660748143797,0.006097043187641746,0.007241225937944868,0.007666655354373544,0.007235754456642627,0.0072470514116673435,0.007001382367492962,0.007247051411667344,0.006998885749464784,0.00724705141166733,0.006996162497547567,0.006843577023545905,0.006987058323054986,0.00684357702354588,0.0039289785471730105,0.007596383592394196
2019-07-03,0.010932672728271885,0.010075868820032554,0.010897307921796362,0.01038828898928919,0.009463145018701671,0.013998612601803533,0.009422026055315124,0.0084447149298256,0.010408312549696088,0.0084447149298256,0.01038120803958903,0.008444714929825554,0.010352160117952239,0.009329705288975787,0.010257239252211461,0.009329705288975787,0.008653370487350513,0.014320447894560301
2019-07-05,-0.004647481797134286,-0.004309820554435598,-0.0046070442406891034,-0.004409655340174299,-0.004339625543565767,-0.006918636775887008,-0.004292619645131687,-0.0024065667019785714,-0.005237859795089744,-0.002406566701978569,-0.00520937405724603,-0.0024065667019785818,-0.005179640104323676,-0.0026442058085445748,-0.005086157545447527,-0.002644205808544573,-0.0030915287751181793,-0.00728097300318189
2019-07-08,-0.00541337318845719,-0.0015077055877618375,-0.005371146912622779,-0.0018159507357431801,-0.0021706874442817916,-0.006438483436327578,-0.002124750685271972,-0.00030625971116483776,-0.001640598237937204,-0.00030625971116484584,-0.00161475719307022,-0.0003062597111648459,-0.0015872047682924004,-0.0007841015626407849,-0.0014978059336018814,-0.0007841015626407785,-0.0038668620266088726,-0.004372043220258644
2019-07-09,0.0033853626535871044,-0.0010257500556533586,0.0034094399798071323,-0.0008915141878922439,5.5944272947652813e-05,-0.001984389954711267,0.000150473515276795,0.008743207191850443,-3.433079351700173e-05,0.008743207191850655,1.9317600779954083e-05,0.008743207191850443,7.478597499267564e-05,0.012837850880847945,0.0001366755537970109,0.012837850880847995,0.0024137086264814493,0.0006681110220705265
2019-07-10,0.007469118935702122,0.006524667085553406,0.007514776048862007,0.005724474997090477,0.008590816004266146,0.007479673306732584,0.008635468210538942,0.010391482513722995,0.008660029263963939,0.010391482513722999,0.00868583886170019,0.010391482513722997,0.008712730429590539,0.013180986687342243,0.007003558190195956,0.01318098668734231,0.007884908287273572,0.004645957214450324
2019-07-11,-0.004871506417171621,-0.002059006939171538,-0.004826949251382863,-0.0026651104585375075,-0.004075340776576102,0.0015576515058991437,-0.0040565519853832,0.0017778440789238056,-0.004046028347155139,0.0017778440789237666,-0.004034928161123468,0.001777844078923802,-0.004023359221691574,-0.0029759907319033075,-0.004927638982801327,-0.0029759907319034853,0.004698455444727197,-0.009780668771931693
2019-07-12,0.0017927830633364672,0.0018624838008606676,0.00182252735643071,0.0019018468777839167,0.0004592234022714912,0.0024308278991427134,0.0005143057097798005,0.004940043226969264,0.0005427397476217306,0.004940043226969284,0.0005716573051393645,0.0049400432269692636,0.0006009735250244248,0.009128684491585139,-0.005378785634770191,0.009128684491585196,0.003530678772185167,-0.0002349170149465275
2019-07-15,0.005177910858648013,0.003541253071165667,0.005155967069523122,0.0034842439723095516,0.0046351923373119525,0.00263870866781476,0.0046191215791555554,0.0006679811479974193,0.004610477571205155,0.000667981147997433,0.0046015088147518595,0.0006679811479974248,0.004592268916929244,-0.0006161227983225492,0.004770263539164717,-0.0006161227983225493,0.0009485172787197762,0.006808061262019352
2019-07-16,-0.0024353703081412895,0.00035495283526231836,-0.0024758320434650396,0.0009733713307441621,-0.0016427816656159667,-0.005040781781766546,-0.0016961684037811976,-0.008882835624913498,-0.0017249500312930724,-0.008882835624913432,-0.0017549201553354432,-0.008882835624913505,-0.0017859293475043423,-0.005706791121917168,-0.003238825362111751,-0.0057067911219171145,-0.004659366499045565,0.0019144386558390067
2019-07-17,-0.0032070653258024578,-0.002512716217745951,-0.0032413978658314985,-0.002332778898670327,-0.0034340392530786816,-0.0026919290148966035,-0.003481354842875611,-0.0010902187311520035,-0.003506625052166448,-0.0010902187311519302,-0.0035328026219853667,-0.0010902187311520183,-0.0035597657628472622,-0.0025328388880157928,-0.0028103318492504054,-0.0025328388880157373,-0.002587271622589542,-0.0009976725317152471
2019-07-18,0.0026103184968175133,0.0012048724063656894,0.0025783079632359634,0.0016465385948020556,6.438920359254493e-05,0.003545337188047023,1.7520802000419453e-05,0.0002856878440510029,-8.284826424346603e-06,0.0002856878440509916,-3.541696392654202e-05,0.0002856878440510138,-6.369984870122796e-05,-0.002430492282328372,0.0008102505434633069,-0.002430492282328475,0.0008419541203096826,0.0027545239904202446
2019-07-19,-0.008382432547385904,-0.009816115747838243,-0.008360911424298657,-0.00945775125774916,-0.0100901353861428,-0.003528582337365316,-0.010035594604331318,-0.006267289798201622,-0.010007704113598768,-0.006267289798201745,-0.009979451382497447,-0.006267289798201612,-0.009950888450201416,-0.009177251171902925,-0.009964022837518453,-0.009177251171902996,-0.008014751346775194,-0.009496407654742531
2019-07-22,0.005262939850207759,-0.0007665355439837006,0.005325432228066345,-0.0006647802990499537,0.001912093244386735,0.007786305425934124,0.0019995880389670558,0.009467433439145169,0.0020455550683228236,0.00946743343914511,0.0020927751279801194,0.009467433439145188,0.002141075334503306,0.011947399931061224,-8.775590577621381e-05,0.011947399931061215,0.0037399239221236774,-0.0005621955940692728
2019-07-23,0.0012498365314509074,0.007645247296278108,0.0012682618676705217,0.0073306679003070675,0.009191239031970121,-0.0005118018959523666,0.009113271183712386,0.0016959932932927543,0.00907854909153042,0.001695993293292682,0.009046169796572684,0.001695993293292767,0.00901584764098768,0.0008756881414523133,0.00874185880056931,0.000875688141452302,0.0065882851018910765,-0.0016315357810803243
2019-07-24,0.0007879215930474364,-0.004242084757861463,0.0008197112843863057,-0.003975777946986302,-0.003580711904485156,0.0008214013658018759,-0.0035052388167510504,0.005682641344169634,-0.003465654539700177,0.005682641344169564,-0.0034249848807693614,0.005682641344169646,-0.0033833553360193853,0.007148012396029137,-0.00238971782270925,0.007148012396029164,0.0014535225653380345,-0.004350029978738584
2019-07-25,-0.0013987774068682781,-0.0007711371021696554,-0.0014284050631392562,-0.0007153455808438923,-0.0017103321899351613,-0.0016403505991033904,-0.001757293695297319,-0.006875903010444228,-0.001786613529829407,-0.00687590301044427,-0.0018192552808957033,-0.006875903010444224,-0.0018548322713505096,-0.011647026754860563,-0.0023153337963968497,-0.011647026754860661,-0.005908630453509729,0.0029855054472400127
2019-07-26,0.005530788183751231,0.009110702632421449,0.005504976700577064,0.008689906892361557,0.008575307946404999,0.010204622776497795,0.00844226534940569,0.001532721778290886,0.008369967665084454,0.0015327217782907829,0.008294318293579019,0.001532721778290903,0.008215696158479089,-0.0026698397766450844,0.006405009497018193,-0.002669839776645233,0.009525371404940768,0.007422643522740318
2019-07-29,0.0030903253318524766,0.0031032036545825857,0.0030512572585061175,0.003785140951222124,0.0019451551858423695,0.0032945580750579078,0.0018516711477990207,-0.009517222009531147,0.0017971227866609605,-0.009517222009531262,0.0017381127794834743,-0.009517222009531128,0.0016751579693961736,-0.014573374991149446,0.0021645979615412185,-0.014573374991149603,-3.7739774322664865e-05,0.007673534172064523
2019-07-30,0.0027672547285654938,0.005141291520624174,0.002717418638074621,0.006305784869119263,0.0020112905769347923,0.007407943473597222,0.0019582593204265546,-0.009657879929921315,0.0019252838102952715,-0.009657879929921398,0.0018886202025953766,-0.009657879929921308,0.0018486908345444828,-0.0051607480462468,0.0020250263703166078,-0.00516074804624671,-0.0013358579699498472,0.011963104989865156
2019-07-31,-0.01247139414821873,-0.014199422767448127,-0.01250993955418007,-0.013472193462998766,-0.017059053242939996,-0.021314539869180815,-0.017085709017128456,-0.01899931521186013,-0.017100585212921474,-0.018999315211859973,-0.017116322390347487,-0.018999315211860136,-0.017132804404785176,-0.016135537218816554,-0.017272754205757156,-0.016135537218816474,-0.014239618182337908,-0.012774524289178649
2019-08-01,-0.0031146589917236565,-0.008453389801610981,-0.0031048564712396007,-0.00833770136428064,-0.0039056445929236726,0.0035372078750241904,-0.00388903634403222,0.001132841564189083,-0.003881199002827424,0.0011328415641889051,-0.0038735815377322403,0.0011328415641891087,-0.003866138849978199,-0.0038859733711584443,-0.0028173755060953275,-0.0038859733711586013,-0.008134146528499003,-0.003896696352101667
2019-08-02,-0.004911771038120195,0.0016979516565796984,-0.00497157672554228,0.00167226822113787,-0.00012944715757208947,-0.007487854242245331,-0.0002571773501816499,-0.015936114394343386,-0.00032575249251568113,-0.015936114394343504,-0.00039701496702128965,-0.01593611439434338,-0.00047062899660168774,-0.017434784099343428,0.00013646998550500395,-0.01743478409934341,-0.007482023434202794,0.0015304325624735952
2019-08-05,-0.03245233652260587,-0.024787695526654285,-0.03247828328250468,-0.024760471864023446,-0.02555271458970223,-0.03457235521352727,-0.025618208267952938,-0.04066306751620445,-0.025652640905502594,-0.040663067516204555,-0.025688057399787613,-0.040663067516204465,-0.025724341587877883,-0.039447621264700417,-0.02377063849343275,-0.039447621264700305,-0.03100412266625149,-0.025478430949145554
2019-08-06,0.01690587995065376,0.014047190650129484,0.01691703843674492,0.013823144707311255,0.015488616467555987,0.019448195515891067,0.015491495305568013,0.02115110669468983,0.015491718237129276,0.02115110669468987,0.015491245198273313,0.02115110669468983,0.015490150996169539,0.017759581890402054,0.012975840952435242,0.01775958189040187,0.014441025478688195,0.01544296589636626
2019-08-07,-0.0010266049125532285,0.0016513043502256566,-0.0019224997158252162,0.000896664841246069,0.002438566219435547,0.008179062356798848,0.001097754042854639,0.009541984165763292,0.0010887091568003197,0.009541984165763342,0.001081132368360126,0.009541984165763304,0.001075203477385327,0.0066553393153691185,0.007589783746659533,0.006655339315369089,0.0007671496383645574,-0.0010400231620770323
2019-08-08,0.02026705567279473,0.01393610675351091,0.01910032096341331,0.014154129905482813,0.015542968303475915,0.019088860856895592,0.015013659175524677,0.028092186493270527,0.015047991334816149,0.028092186493270548,0.015083545263130627,0.028092186493270544,0.015120196846001322,0.027058116358479566,0.014590509346242949,0.02705811635847955,0.01914610044565456,0.01362709811821619
2019-08-09,-0.003855702511199697,-0.00389245341166655,-0.004264302935912147,-0.003542060265970351,-0.003465162259787202,-0.003072459872310625,-0.0043550076686776126,-0.0112982650295337,-0.004386740129491145,-0.01129826502953371,-0.004421989171972282,-0.011298265029533702,-0.004460386743354793,-0.011870288999634448,-0.005076279798007931,-0.011870288999634446,-0.0067818235411662145,-0.0008423662337783761
2019-08-12,-0.011052473612301559,-0.010433360093840298,-0.011565187040296528,-0.010556059310637043,-0.010432557049427428,-0.010475851800874885,-0.01012096153918391,-0.016844430492134008,-0.010135278043516077,-0.016844430492134018,-0.01015020401143882,-0.016844430492134008,-0.010165729886266845,-0.01581008638731611,-0.008403906229626607,-0.015810086387316104,-0.012734034129933455,-0.010800108768066054
2019-08-13,0.017301001231264997,0.012386698771012183,0.018046903770087278,0.012105133980437444,0.012914852713352066,0.01399724659751556,0.0138340004653165,0.018425910876648362,0.013861613362366524,0.01842591087664835,0.01389176989646444,0.018425910876648355,0.013924243470726554,0.017985601918481198,0.013818040262637886,0.017985601918481205,0.015838043592243833,0.012815381611526485
2019-08-14,-0.029306420373952466,-0.019157648287575962,-0.028928051119612965,-0.020097483597167135,-0.019404459220456548,-0.02415200894412809,-0.019800144753563412,-0.030901325017159798,-0.019849564032764784,-0.030901325017159795,-0.01990084490400986,-0.030901325017159788,-0.019953851069640767,-0.03642680660109726,-0.01900725703357227,-0.03642680660109729,-0.029348831319700144,-0.02166247687499867
2019-08-15,0.006556295160914811,0.020658288679915832,-0.005358063624718046,0.01906296572823708,0.015688603401890204,0.009460182204101194,0.014657333966738358,0.006333610640092193,0.014624768786130313,0.006333610640092352,0.014593555425933708,0.006333610640092324,0.01456362554603214,0.00781670484984091,0.01643810246554824,0.007816704849840869,0.002521589801449986,0.015543541338145696
2019-08-16,0.014856477207866424,0.009950513463184167,0.01575486414629283,0.010619063085474266,0.012175450987387083,0.014884020025528466,0.012012787901270016,0.012366646550527646,0.01200818020225691,0.012366646550527622,0.012001563371686551,0.01236664655052764,0.011993143367486195,0.01054065190110114,0.010050386548230528,0.010540651901101157,0.0153073403668905,0.013702416721140155
2019-08-19,0.01129309774950541,0.008035664842848282,0.0136402101102398,0.008480738272359702,0.008266965665063707,0.01238514791579524,0.008729800014091283,0.010215580515880398,0.00874440071676152,0.010215580515880349,0.008759756271502658,0.010215580515880363,0.008775799640616115,0.009869982933251007,0.009176713133985395,0.009869982933251009,0.014337354159894143,0.008977322025402535
2019-08-20,-0.0062977403635713905,-0.010504429325724257,-0.00633052057231245,-0.009298452192758003,-0.008125371706876926,-0.007164925241120836,-0.00872547547013848,-0.0067313620559255865,-0.008722055874808976,-0.0067313620559255796,-0.008718696492614579,-0.006731362055925581,-0.008715392973629648,-0.008962675585686843,-0.009514589909217407,-0.008962675585686856,-0.007476030506377174,-0.008421116157055968
2019-08-21,0.008130748372445765,0.0051938025107096785,0.01017250666492568,0.005626199763506338,0.005927051665751764,0.011666887440862507,0.006159303664824237,0.01629817357779301,0.00617788274507035,0.01629817357779302,0.00619731590938203,0.016298173577793017,0.006217524457545698,0.0111712247911065,0.0073626126102186,0.011171224791106483,0.009546550218627292,0.00735742671221563
2019-08-22,-0.0031613678550602826,0.001177607051472597,-0.0037496862976259004,0.001283661144586078,5.975250358487182e-05,-0.0021490464342337847,-0.00044250964656224884,-0.009104459212094806,-0.0004755452185694925,-0.00910445921209481,-0.0005109579713016691,-0.009104459212094806,-0.000548530214463107,-0.009965279590130563,-0.0008665460106890635,-0.009965279590130575,-0.0018944407857140486,0.00023898729980653804
2019-08-23,-0.027866581426806293,-0.01756528079880633,-0.02886470686847506,-0.01782975764989466,-0.020896435047507763,-0.024107812491650477,-0.021181623293930335,-0.027298821631318557,-0.021220451006795156,-0.027298821631318537,-0.02126068231757524,-0.027298821631318547,-0.021302184437279856,-0.024856961867219658,-0.020818063272570048,-0.024856961867219654,-0.02551455943910799,-0.020407142891326634
2019-08-26,0.015532166686618566,0.014099137755222714,0.01501858741708055,0.013654753344019143,0.016478442135827512,0.01498802718451102,0.01627759119772607,0.01654627369853815,0.016263649809916503,0.016546273698538165,0.01624869390814686,0.01654627369853816,0.016232797515567637,0.016067318879412262,0.014614588373126052,0.016067318879412262,0.013128683746372997,0.014974704490419117
2019-08-27,0.0005827623146104037,0.002920396715120796,-0.0007118936689262445,0.0026743499969952215,0.0034092325727360113,0.0022769504851092863,0.0025597356195977113,-1.4347924225247978e-05,0.002541510546049645,-1.4347924225245438e-05,0.0025218700434204273,-1.4347924225244571e-05,0.002500938213159739,0.0011831611532829745,0.004118175375847444,0.0011831611532829769,-0.001003306109611901,0.003221162564866198
2019-08-28,0.006053758713866767,0.007286754631937915,0.005852186674655338,0.007819292525636705,0.005972029025473123,0.007085491229680224,0.006004749756760593,-0.0055723280381003845,0.005988944224274756,-0.005572328038100409,0.005971281713509073,-0.005572328038100406,0.00595195652145082,-0.005835221140849394,0.00396770225314496,-0.0058352211408494205,0.004911380015470503,0.008774581715227167
2019-08-29,0.010631496561651126,0.005437823346463377,0.009410520990592584,0.005609705774406293,0.007090410090835345,0.005562894965585836,0.00686284057229087,0.013825637570930712,0.006887107448792889,0.013825637570930707,0.006913360028400919,0.013825637570930718,0.006941429795752375,0.01596860009267942,0.0046314944716512926,0.01596860009267944,0.012166931972023317,0.0042654119472954775
2019-08-30,-0.003345125139766903,-0.0011492627933164226,-0.004480673000058668,-0.0015124542280922073,-0.0014697280644997677,-0.0034154878636714963,-0.001841989012298986,-0.0041156326224572465,-0.001857022449680951,-0.0041156326224572465,-0.0018720321441545809,-0.004115632622457245,-0.0018870306376500001,-0.0037586187558978482,-0.0011045585933294043,-0.0037586187558978565,-0.0006417360938752203,-0.0037004515460169595
2019-09-03,-0.0044587587234703515,0.0014951026846354585,-0.003441781011520214,0.0011337610839405306,3.0511510780153247e-05,0.0007802177190772414,0.0017874396037305374,-0.0025474121927312695,0.0017953896732206725,-0.00254741219273123,0.001805196964197933,-0.0025474121927312483,0.0018166479610966077,-0.005631281673831423,0.003988291717650476,-0.005631281673831439,-0.006684780383809458,0.002593048455518647
2019-09-04,0.011045589454434221,0.008797152294673993,0.010392889128007966,0.008614415426415938,0.009561203481070864,0.010080144989758372,0.008682531065520898,0.011674728048680808,0.008682604224652944,0.011674728048680801,0.00868242593371215,0.01167472804868079,0.008682006965158164,0.014041869337274842,0.008515247580877837,0.014041869337274821,0.011166848802127377,0.007709874453144203
2019-09-05,0.010930341696936996,-0.002755477282156951,0.011548030429374105,-0.0016095988839361379,-6.387489143400514e-05,0.00710745220579949,0.00033433215723183347,0.018030328039164094,0.0004153310145527949,0.01803032803916409,0.0005005177213002342,0.018030328039164087,0.0005895241691975041,0.01811923332353606,0.00021465315163228196,0.018119233323536054,0.012971168374861326,0.0006936696160428881
2019-09-06,-0.000697822610445759,0.0013813950539710103,-0.000875071493881262,0.0016668035498992489,0.002128252553394333,-0.0023431593312159974,0.0019101645275524724,-0.005535158734501375,0.0011427021351116643,-0.0067961979446456025,0.001121555522913305,-0.006796197944645601,0.0010988887584727398,-0.009719165188812214,0.0005405894977775106,-0.009719165188812233,0.0008436046689666318,0.002294647457047525
2019-09-09,-0.010532049199440237,-0.004922211949654312,-0.012237716526242058,-0.005048421327445818,-0.010640835294400595,-0.01695492968109862,-0.010640662939341312,-0.015684543829273367,-0.008345826505390036,-0.005937382360261647,-0.008313711114847609,-0.005937382360261649,-0.008277279876013788,-0.0070118571260087605,-0.010542290849210965,-0.0070118571260087015,-0.0027762154659110782,-0.013189196281863358
2019-09-10,-0.01488848057891402,-0.007292533911094766,-0.01555013805735245,-0.0077802787709440515,-0.013263024865353325,-0.022574926679313094,-0.013290446131856738,-0.01788830395463904,-0.010831148355081751,-0.004601647206707571,-0.010823205291707185,-0.004601647206707579,-0.010812391208794575,-0.013172274299949941,-0.008935378077493035,-0.013172274299949866,-0.0011463936271015876,-0.015377364125881102
2019-09-11,0.008299275072775265,0.005383906244884408,0.005728968136802702,0.005614912617856621,0.004398247997300731,0.0024504992501863995,0.004399330033325764,-0.00040865446051394885,0.005456522762874419,0.003193245404274233,0.0054400549235976425,0.003193245404274228,0.0054216872221036945,0.005048385649396158,0.005452807809212002,0.005048385649396194,0.0050540652054490735,0.007085830866349006
2019-09-12,0.0077247557576048675,0.0069052714825091925,0.008473450977183494,0.0071475871502325915,0.009174908075055098,0.014434564568598846,0.009182937044101995,0.011839102492682345,0.008501883903262803,0.005934261033479087,0.008514687329165264,0.005934261033479098,0.008527852032054981,0.004408473477715316,0.008283715846205925,0.004408473477715261,0.005064147109741435,0.009002076588606677
2019-09-13,-0.003701480298982482,-0.0016621754486196108,-0.0028374374700042776,-0.0016321446706305948,-0.0024991516693321407,-0.002292710982693294,-0.002492576657189629,-0.0005612415614336537,-0.0023001122939563107,-0.00415115766118787,-0.002295172352347745,-0.004151157661187864,-0.0022896674673943385,-0.000805947458493628,-0.0022375837813595227,-0.0008059474584936285,0.0009826554331904005,-0.002730188584625424
2019-09-16,-0.00961006105277013,-0.009278155040073167,-0.010454128054346413,-0.009581111770939335,-0.011234137397035873,-0.01111891884784424,-0.011243889533468769,-0.0033543530603520463,-0.012367142686750744,-0.0038647798661348735,-0.012389024605559879,-0.003864779866134876,-0.012412286605181457,-0.00256676532847725,-0.011788356771290564,-0.0025667653284772345,-0.004714506623018794,-0.012501604530711726
2019-09-17,0.006644339408467723,0.006347357079607236,0.00672675986784414,0.00625170602487749,0.006424602052562836,0.008825259132290505,0.006425806333617924,0.007459926497495493,0.007101987762491506,0.0065305846406949935,0.007105608289332555,0.006530584640694991,0.007109323454495518,0.008095455122541262,0.006791590968957331,0.00809545512254126,0.0028551937771310243,0.007848499332404987
2019-09-18,0.0026803203043570664,0.0028946825122777567,0.001579225876991978,0.002967027568896731,0.002166640653224683,0.0024557913936406575,0.002171543120871467,-0.006501412164208642,0.0026546678147991174,-0.008297252101317815,0.002637713042852404,-0.00829725210131781,0.0026192885052360323,-0.006395704686869485,0.0014382995322734095,-0.00639570468686949,0.00024747056233542363,0.0025286208833309167
2019-09-19,0.002332001871728615,0.0008388356560377142,0.003826318815728417,0.0005239092393411247,0.00221689532852214,0.008761040355418165,0.002193940357244953,0.0050427640781661315,0.0019999316598010904,-0.0024543260431817487,0.001986138415809607,-0.0024543260431817452,0.0019713841824548395,0.005802069049520742,0.002914953565109921,0.005802069049520747,-0.0007776259575608435,0.0023492943623144137
2019-09-20,-0.004245526583974268,-0.0003842582478943437,-0.004354953475434824,-0.0003920729474667802,-0.003548655483149331,-0.00636632862101706,-0.0035537602290991086,-0.014385476236802272,-0.003892980731525272,-0.01699987057326719,-0.003934708047900489,-0.01699987057326719,-0.0039793490159516914,-0.010125407583265456,-0.002455030807020913,-0.010125407583265435,-0.004873208567759963,-2.392817348646596e-06
2019-09-23,-0.0013611680761222865,0.002675209849914045,-0.001093236479131238,0.0028989937015662416,0.0023434232182288142,0.003010630486256201,0.002342594585369808,-1.3552508637708024e-05,0.0013277703104477964,0.0024762926194322175,0.0013071001666786623,0.0024762926194322197,0.0012853665754124837,-0.006170951701759152,0.0021824478610011225,-0.006170951701759186,0.0009637078489416241,0.002547278385298941
2019-09-24,-0.009184203329393494,-0.0005521629690412608,-0.00783527503886112,-0.000584504921045934,-0.0016656362903321122,-0.005975562135040312,-0.0016743470283258478,-0.01621010658123487,-0.0038753420342657165,-0.01742249769634903,-0.00394792265017682,-0.017422497696349022,-0.004024510534238707,-0.022355230646540304,-0.00344211213642002,-0.02235523064654034,-0.008331638659364407,-0.0006582779807662359
2019-09-25,0.005739574758703537,-0.0013471886134420784,0.003628422711798568,-0.0012267635547896468,0.0011302529244946603,0.004097336236962277,0.0011458356677910694,0.013308618566529092,0.002189063748694906,0.020576238692956182,0.0022417587412474314,0.020576238692956175,0.002297454448441087,0.01318048233528124,7.096990085212027e-05,0.013180482335281258,0.005794011754402457,-0.0021233952900131707
2019-09-26,-0.0018283854757475456,-7.92378493058451e-06,-0.0006729749094428754,0.0003768928797695645,0.0024467724823462583,0.0057259977047267605,0.002431897789381187,0.0034488059729549554,0.000597788829024827,0.0009855283047765385,0.0005304253699711687,0.000985528304776542,0.0004582636961739581,-0.0019310335996298939,0.00016339898875123837,-0.001931033599629912,-0.002933263283256368,0.005214103003306399
2019-09-27,-0.00863949945219017,-0.003683234649714248,-0.007937365447740685,-0.003517898054006924,-0.004987302367534492,-0.009634199796615532,-0.00499759973893153,-0.015619908055772454,-0.004833525372705235,-0.02028624977829519,-0.004848397192602104,-0.020286249778295184,-0.004863341540271138,-0.015860512554392373,-0.004498710153275477,-0.015860512554392362,-0.005943185468454072,-0.004131008900947867
2019-09-30,0.005839057697915902,0.004463726995112429,0.0035626439233517764,0.004180505067619781,0.003972919251508036,0.006625785842678924,0.003963190769723287,0.0040880557156688195,0.005897593384887059,0.0053655178802496555,0.005892897539163227,0.005365517880249653,0.0058881940138239015,0.0029909687701145564,0.006229509451473426,0.002990968770114539,0.004654312341473781,0.00514576551722341
2019-10-01,-0.003575900682530566,-0.005216364847585666,-0.003087117580922621,-0.005362032240747579,-0.0023354479673108088,-0.006880728779902456,-0.002347631212718593,-0.005995012021303578,-0.0038793316165264265,-0.0042419354897282125,-0.0038711285693524156,-0.004241935489728216,-0.0038616368132457705,-0.007945386210325756,-0.0012672151409418712,-0.00794538621032577,-0.009064152846887278,-0.00376388030063476
2019-10-02,-0.0177042378433632,-0.021189627691224372,-0.018613828871310818,-0.021285902625006084,-0.02041418977071422,-0.021539233276189982,-0.020390875524657348,-0.019448959785613836,-0.0190475985270197,-0.014569937214272511,-0.01901380529003307,-0.014569937214272521,-0.01897817173326955,-0.014979562553502192,-0.01723612163949558,-0.014979562553502166,-0.01703963755449231,-0.020952150920288952
2019-10-03,0.010128627595368042,0.00942634926392679,0.01093503456796993,0.008595499170136744,0.011189165759871136,0.010960742475023582,0.011153308006835123,0.013949321837379876,0.009918634335637208,0.02419536195007503,0.009889492970469668,0.024195361950075028,0.009859675334679454,0.018070735731460653,0.01013722167035124,0.01807073573146066,0.011583642421802353,0.009573392683302371
2019-10-04,0.017739756478133095,0.016537682119855863,0.015954438601234557,0.016509004068518407,0.017555373937751386,0.01880317552189926,0.01755367716910378,0.01547368659850022,0.016627741454230863,0.01091428880440818,0.016599218441114626,0.01091428880440819,0.01656854635546604,0.011611698888500178,0.01763687417419714,0.01161169888850015,0.015183424748692317,0.019039880091161664
2019-10-07,-0.0072279242645082965,-0.008382960869750676,-0.0077053081300987,-0.008428002920532082,-0.009029746190719811,-0.010119836944688272,-0.008995871405614713,0.0013334514943914764,-0.007531164371941531,0.0019117097969771294,-0.007506942124478989,0.0019117097969772695,-0.008655107055667672,-0.0032409466570880656,-0.0071953799519196265,-0.0032409466570883006,-0.00332270676253144,-0.010705452800797386
2019-10-08,-0.012466050764542668,-0.0074120056352486915,-0.012299954339544129,-0.00823604496317608,-0.009557975219890585,-0.006672531727457743,-0.00961424304988422,-0.02459452021294479,-0.010145540412578856,-0.02459452021294482,-0.010175321596691388,-0.02459452021294493,-0.00922780645461839,-0.01626159667116222,-0.0102163147524322,-0.01626159667116229,-0.014120019322086433,-0.007687055732505524
2019-10-09,0.01084842193567656,0.007455597186656753,0.010916132229067971,0.007848705408559531,0.010034870517212843,0.00909912678985375,0.01004947062821447,0.014535841981833416,0.009205132314328684,0.01453584198183341,0.009211628127787719,0.01453584198183334,0.006020154659526274,0.012189475971918294,0.004663334819673512,0.012189475971918697,0.00953783194243167,0.008493807338404926
2019-10-10,0.0028489470461694442,0.001695985926299506,0.001411852279662805,0.00212040498946291,0.0003044789013476332,0.0017848849217713565,0.00029554263025005764,0.004910761257732926,0.00030002691709290574,0.00491076125773292,0.00029647745110088176,0.004910761257732905,0.00013443936971207907,0.0013595239694053805,-0.000556647951409685,0.0013595239694056485,0.004920255798913894,0.0010490954529095132
2019-10-11,0.007105922733103548,0.0027149749550024454,0.007329346650749773,0.0026417613319978986,0.001971136399010002,-0.000900244823004786,0.0020108858308211094,0.011255840599292355,0.0012320015687983673,0.01125584059929237,0.0012572232039261982,0.011255840599292424,0.0027902347073984176,0.013336399482972152,0.0030147641451135606,0.013336399482971835,0.008423785508696243,-0.0004294178148450136
2019-10-14,-0.0017107763446863357,-0.003742504229689288,-0.0012297961155066646,-0.0038110093978870447,-0.0017210073908000697,-0.005687139540380419,-0.0016903803373052848,0.0012727548039306413,-0.002139578175880682,0.0012727548039306422,-0.0021225781721376786,0.0012727548039306344,-0.002367610563525943,-0.0010804173429870404,-0.002484380592975053,-0.0010804173429868834,-0.0009900516855388063,-0.005029308482403116
2019-10-15,0.004521940441346286,-0.0009646859036951732,0.0029384699472623883,-0.001713985361608205,0.0012127494704270254,-0.008367981495670604,0.001314813613602384,0.02370044323109317,0.0005498702155501947,0.02370044323109323,0.0006154961788357446,0.02370044323109347,0.0025773397412556485,0.017057420190509175,0.0012571626750071106,0.017057420190508633,0.012529625528594776,-0.008238171615783477
2019-10-16,-0.00053536504824108,-0.00012554480862928574,-0.0015701992796720086,-0.00025015250006020593,-0.001511635001090749,0.00089741499985999,-0.0014830343331744978,-0.008881418534372765,4.706948687093599e-05,-0.008881418534372795,6.803239109298578e-05,-0.008881418534372914,0.0012329011559726077,-0.00453353229363267,0.003177632273283725,-0.004533532293632469,-0.0011463064441694472,6.0105787653148075e-05
2019-10-17,0.0021786446611678574,0.0025093967221625946,0.00015507614327075494,0.0020455213983899337,0.0006366698817652523,0.003058539844893915,0.0006484680820086025,-0.0026191229328126698,0.001919147625217882,-0.0026191229328126706,0.0019322774805240776,-0.0026191229328126173,0.0015146297381570498,-0.001413108429132217,0.00343543656502889,-0.0014131084291324862,0.0034082719777197745,0.0011090241988318166
2019-10-18,-0.007748506577633882,-0.0016265481295917499,-0.005301033580916173,-0.0003657739983884479,-0.0015326531714690006,-0.0009945960453417082,-0.0016264354975770825,-0.01716891891056008,-0.0015441501324059243,-0.01716891891056008,-0.0016057225592169004,-0.017168918910560025,-0.007854390149961202,-0.01845516262027003,-0.007541975336430716,-0.018455162620270162,-0.006344345753696886,0.0001703589498594745
2019-10-21,0.008979458187126945,0.00311330361079163,0.008445473902144257,0.0044631308048933465,0.0036526342041792604,0.0047485044324411,0.0037351192398556634,0.01634591086749438,0.0027719893980990753,0.016345910867494394,0.0028165455967869256,0.01634591086749444,0.0036934359899133042,0.013964079983777576,0.002464738997278416,0.01396407998377755,0.00821886958971606,0.004928196207752988
2019-10-22,-0.006732583198290706,0.0002816128839848884,-0.0117611707615429,0.0018754587775963814,-0.008105432097832349,0.008230528181705875,-0.008161929714386725,-0.015179048833498424,-0.0027885017800146957,-0.015179048833498368,-0.0028138982960343724,-0.01517904883349789,-0.003578353129523721,-0.02629744448946688,-0.00015174163972038815,-0.026297444489468046,-0.00401178315559811,0.004496303888530021
2019-10-23,0.008032491714193738,0.005594166491453497,0.009105031757520822,0.005356024338445161,0.006791344315782709,0.002287175045383634,0.006748628748613966,-0.0012949422746585588,0.005324965484825771,-0.0012949422746585573,0.005291654741735071,-0.0012949422746585568,0.006952446435315656,0.005770979989249482,0.005032007634932571,0.005770979989249069,0.0029649015972909483,0.005211000361847108
2019-10-24,0.010339519010221735,-0.00010900000214796176,0.009352033686590079,0.0009740964982464472,0.008039853104107491,0.004606992630711708,0.00809778096934928,0.018539037041121406,0.004201645859608965,0.018539037041121413,0.004222795872479541,0.018539037041121233,0.0027569035623839894,0.016187930006939175,-0.00013446227583137284,0.01618793000693996,0.0024663437273741325,0.004356750899629086
2019-10-25,-8.50602614368332e-05,-0.0042396823251696384,-0.001041350126592508,-0.004352368736718423,-0.005040362925295558,-0.006758180733180138,-0.005049655266941352,0.010386697701574564,-0.005565083646419042,0.010386697701574594,-0.0055688238566462805,0.01038669770157467,-0.005291490405516024,0.0011134967407716002,-0.005357228123235578,0.001113496740771857,0.0035202172283439912,-0.00704261214414671
2019-10-28,0.009598306012446009,0.0002428438355534207,0.007129715382697849,0.0006479009570459792,0.0047091765476725105,0.0016829147300678983,0.004759532890925879,0.008516743432714453,0.0032084535189094237,0.008516743432714427,0.003233915009151577,0.008516743432714236,0.004337781888237191,0.007627637067020072,0.001365053141859228,0.00762763706702085,0.00688323967539064,0.0008375258563281006
2019-10-29,-0.008895823403141557,-0.0024348170334023214,-0.0011997716971067565,-0.0017593503159718839,-0.0018001902553616347,-0.007024270646291026,-0.0018212984361281005,-0.008524132431001967,-0.00137091777643522,-0.008524132431001976,-0.0013911683181339922,-0.008524132431002016,-0.0005526686381855037,-0.003052200402384538,-0.0004962589831813196,-0.0030522004023847324,-0.0036879003396757017,-0.0019846738063241482
2019-10-30,0.005841462253980187,0.007436840698325137,0.007502883334760934,0.007387517410627461,0.009844701893856705,0.008838433206086809,0.009852876952771194,0.01179398491142885,0.008927445482291367,0.011793984911428863,0.008928280568703498,0.011793984911428884,0.012216674011106746,0.009995838095068817,0.010928586773848198,0.00999583809506883,0.0059676807891442295,0.008911968338566553
2019-10-31,0.002357204547218484,-0.00034373179449098353,0.0031538368783069546,-0.0010626570976401623,-0.0006530679829416503,-0.0032698775273261173,-0.0006669623960732584,-0.0041272876454885015,-0.00015129849391227134,-0.004127287645488515,-0.00015924698315628288,-0.004127287645488555,-0.00116935685364751,0.00421720022137107,3.067856278942641e-05,0.004217200221370776,-0.0012152222866599516,-0.0019335291127048214
2019-11-01,0.0066908692928903755,-0.0025472617033390384,0.0024996526058780216,-0.0019863323990445313,-0.0020561575388109636,-0.0014892740720019002,-0.0019923962496419603,0.005529255575048569,-0.0007795982402038634,0.00552925557504854,-0.0007335383055264092,0.005529255575048501,-0.0039022554989521278,0.006269873272116175,-0.0015542085714216488,0.006269873272116307,0.006551870105938473,-0.003399547842501157
2019-11-04,-0.005497139228253458,-0.006824021260042887,-0.00840720520393709,-0.008916657800450164,-0.010625262702830646,-0.015384044543319042,-0.010536802114295604,0.012606852977715738,-0.009095235037147964,0.012606852977715794,-0.009028136945197808,0.012606852977716129,-0.009920864622205103,0.0025980017202739585,-0.010156144982933681,0.002598001720273262,0.003504186016204827,-0.016939751816879033
2019-11-05,-0.004649752818843698,-0.0030012911069073845,-0.0048731022191177455,-0.0028444068108521453,-0.009039792372789216,-0.010186315306295263,-0.009789197668200682,-0.00564991206841683,-0.009806100738393707,0.0012608498150112697,-0.009820829747871976,0.0012608498150115997,-0.009836381798496415,0.008961487418935992,-0.007054961248200437,0.008961487416662063,-0.0007761737831905584,-0.005392273033564364
2019-11-06,0.0011817063149242293,0.0027889069512323714,0.0011223981957665177,0.003127187977202175,0.001731473893394292,0.002285689819813612,0.004189600636151268,-0.007779656822579975,0.0041622738457586786,-0.008752689894418544,0.0041326614008080085,-0.00875268989441857,0.0041010060564763235,-0.0069058457913865855,0.0037250771574112544,-0.006905845790759705,-0.00015664845408245312,0.00659480220342063
2019-11-07,0.001402297404692297,0.0010608465101304143,0.0014084867224994403,0.000714774750456569,-0.0012004177298464817,0.0013385863493444584,-0.0034043510102766605,-0.0009227571118602442,-0.003367290564729459,-0.0008359339123285536,-0.0033295759928916096,-0.0008359339123284843,-0.003291287090232296,0.001569105128516236,-0.0018440135960203986,0.001569105129093512,0.005400894406938623,-0.0028338005473798923
2019-11-08,0.0025468273399368584,0.001666713457448771,0.002560385768521305,0.0010644551506592407,0.0026460264973222855,0.006265791808922142,0.00287292830773566,0.00023597370806684265,0.002885440486175653,4.738149625100664e-05,0.0028976169411789664,4.738149625108231e-05,0.002909490049949526,0.0027859295620339735,0.002144675547103467,0.002785929562337793,0.003905377414768907,-0.0004206409058622589
2019-11-11,-0.0022170485001236553,-0.004569202060436952,-0.002210417648806014,-0.0043056962715112964,-0.0019965195213385613,0.0010392098235861614,-0.0030016954007292956,-0.002978940167059123,-0.0029848275853667106,-0.004495323681245041,-0.0029683425690683494,-0.0044953236812450845,-0.0029522056428205657,-0.005802869732704144,-0.002778043135087402,-0.0058028697318666805,-0.0036756217136569938,-0.004073588127741638
2019-11-12,0.004571424658730226,0.0019433652062369757,0.0046125815454136476,0.0018263673350277544,0.0042519759885458995,0.004535186180372986,0.002371096922869917,0.010875999739521282,0.002376921099601613,0.011324973106309642,0.0023826163721692504,0.011324973106309717,0.002388212024791351,0.01031395242088865,0.0018011575645742104,0.01031395242027891,0.002544052988738139,0.001345876800634727
2019-11-13,0.0015946424251650653,0.016359976086309055,0.0015594932572909766,0.01395274423178572,0.002321213617300648,0.004309122304727211,0.00577095466202475,-0.007327138084316711,0.005711955537493121,-0.007038833953948817,0.005648542985677378,-0.00703883395394869,0.005581161218803452,-0.003967058944187906,0.00643163227081624,-0.003967058943731309,0.005021930074150087,0.007807894150862981
2019-11-14,0.0025171226908894413,-0.001327875855492082,0.0025010846319545674,-0.0008874846786012281,0.0026286137191547957,0.0028167031740408614,0.0022940648080765746,0.0025087260802329116,0.0022989067795483016,0.0022849898033336894,0.0023035149168026984,0.0022849898033336998,0.0023079186749200373,0.0017656751533547711,0.0010837422999091858,0.0017656751535901824,-0.0014901659191562232,0.002477789586599595
2019-11-15,0.005690585623796279,-0.002627530762692142,0.005714177079599881,-0.0016930858119177225,0.003224098931890929,0.00621310392881611,0.0026769912289292134,-0.007151576205855123,0.002660498268608988,-0.006554448491430273,0.0026420800118196757,-0.006554448491429951,0.0026219625683038526,0.0038816381501957675,0.00031306000921342667,0.00388163815021226,0.005276933498021102,0.0024742581946497716
2019-11-18,0.0043598585108927425,0.004165912898273505,0.004366691062510195,0.0042570286180493465,0.005068456625157199,0.005364384686750747,0.0035420173942981433,0.01770004102242833,0.003538905393666219,0.017557266951528927,0.0035359948641475085,0.017557266951528684,0.0035333132993077255,0.005471181410886658,0.004184339465334421,0.005471181410565734,0.004170032316013108,0.006593566220797786
2019-11-19,-0.006038822207280029,-0.004182482618032605,-0.005958258720402536,-0.0059439681323150565,-0.0021620910805607795,0.0046688677860182584,-0.004061225764250578,-0.0015158018668635764,-0.003987147164787179,-0.0019426127730566363,-0.003907813830027482,-0.0019426127730563913,-0.0038239982124067665,0.008019834287371961,0.002481483492082929,0.008019834287852967,-0.0016204483341248554,-0.013921481029187607
2019-11-20,-0.006581635005278272,-0.0009935765724979188,-0.006588577356120865,-0.0015422816815959454,-0.0050735845457016955,0.0007945462347365724,-0.0019939813079895806,0.0006587970961374436,-0.001983934295422773,0.0004679499699785219,-0.0019735584176563702,0.00046794996997840364,-0.001962969330665097,-0.004441397401081471,-0.00013406520455434292,-0.004441397400793559,-0.0031822146245695172,-0.005819211116251477
2019-11-21,-0.006611231782992447,0.0006316095198679369,-0.006567715729857116,-0.0003680925943532972,-0.005680651069373623,-0.005829298990264549,-0.004879862388933137,-0.0029680881064694468,-0.004874195191419262,-0.0030754217524529156,-0.004867677902906194,-0.0030754217524528826,-0.004860451517954056,-0.002847101074345391,-0.0027727562102022067,-0.0028471010743712794,-0.0007450682694105735,-0.0071418279767020984
2019-11-22,-0.00013602101692089443,0.0002842560390308645,-0.00011808902949746224,0.0002119379825636746,8.174490224506666e-06,-0.0014370260860813795,-4.490753816030107e-06,0.0036055234898629924,-3.4809198278155123e-06,0.004433782460130268,-1.2901601637513135e-06,0.004433782460130236,1.9650888184671776e-06,0.0030941274431270554,-0.0002333262778923849,0.003094127442525776,0.0009140334343455292,-0.0004291537263485249
2019-11-25,0.008227422109412356,0.0006978917211925758,0.008258034731740969,0.0008905812301002254,0.00687615213698364,0.009676500064512457,0.00611434734838714,0.022760237659632518,0.006174422075369323,0.022974616888069618,0.0062374449168624045,0.022974616888069403,0.006303072986888816,0.014073600651870532,0.00579576954849501,0.014073600652104244,0.00908307202263834,0.0016106083200756694
2019-11-26,0.006582335562284683,0.00845743412469833,0.006532450293015927,0.008450852241636959,0.009051119492614348,0.007379252323148821,0.012091161067585272,-0.0024185605826452564,0.012075663399557478,-0.002175749364979618,0.0120598747754034,-0.002175749364979527,0.012043810055369678,0.005865571092085315,0.010912334476605475,0.005865571092099399,0.0037015444528671806,0.010892596004762035
2019-11-27,0.006570017284072603,0.0002924320308770417,0.006604021301358156,0.0006421146813075239,0.0061887163263378096,0.003273422051279744,0.0038370525108050854,0.010908272578870422,0.003865114159949373,0.010483287329347005,0.003894864502253283,0.01048328732934699,0.003926117029778687,0.010101678149252214,0.002349489895374425,0.010101678149124224,0.0035754237161205317,0.002232911406982112
2019-11-29,-0.0040880951883730575,-0.0016547584947802835,-0.004092546932002255,-0.001911154519829674,-0.002896120969620847,-0.000745378020728083,-0.0036897177047499757,-0.005336551055643932,-0.003694098948914008,-0.005366129888499051,-0.0036991586954191716,-0.005366129888498953,-0.003704848529857422,-0.002818379860783575,-0.0020351426558854113,-0.00281837986049672,-0.0030809370950501164,-0.0028449894803838287
2019-12-02,-0.00925950239134143,0.00018680947664660572,-0.009281944299693529,-0.00021332100597545867,-0.008572430661669518,-0.008879779699523317,-0.005029053218184437,-0.018423202949353686,-0.005081988884631771,-0.01864259955294844,-0.005136702616034865,-0.018642599552948384,-0.005193032856951106,-0.014627224028756242,-0.003586978282186913,-0.014627224029069845,-0.007292688505132347,-0.0036488362203165596
2019-12-03,-0.004719564836135109,-0.0037950674193151044,-0.004734008581216653,-0.004299409196750911,-0.003408427896304412,0.00028941211080599514,-0.0022984870021675236,-0.005345135242607988,-0.002291800064195713,-0.0051783939073577106,-0.002285090919307545,-0.005178393907357607,-0.0022784295753492632,-0.0019161253856489289,-0.0009308795324247454,-0.001916125385400894,-0.0057434133062111235,-0.005590472509528094
2019-12-04,0.0050241351878015025,0.007686007879350695,0.004998831640265893,0.00848244849597504,0.0036867058010349512,0.004623499164283919,0.007349493427915964,0.0007183023218532053,0.007295334811728515,0.00034474517840441795,0.007238053157941322,0.0003447451784043741,0.007177985074415662,-0.0032062853380520995,0.006142832611396586,-0.00320628533790439,0.006384844597378842,0.009659830846881271
2019-12-05,0.0011417150769488151,-4.902600094550184e-05,0.0014502031211273418,0.0003391058710153792,0.0028393230046563343,0.0075797815678875025,0.0028664224572789196,0.0026572225464088807,0.0022333007307341053,0.002654135037561469,-0.00020971131204382514,-0.0021941482107620783,-0.00022275510913972524,-0.003901260327133468,-0.00015697594601866288,-0.0007163182268821027,0.00029153190575132316,4.9940584221075e-05
2019-12-06,0.007406512493595133,0.0063892849880037295,0.0073299185364372466,0.006156370374440591,0.008278818429664034,0.010121301153868698,0.008289766487757687,0.01390650903801276,0.007008371381828903,0.013906509038014185,0.007530125740894993,0.011321019126865884,0.007543639101182333,0.010445375345318737,0.00717430677663689,0.009559567524737501,0.007813156032776897,0.005448232640485177
2019-12-09,-0.0022994495713647752,-0.003049161282590066,-0.0023909878211803184,-0.002363415443478032,-0.0016436199211853993,-0.005408709826918821,-0.0016696126597117644,-0.0038868211317173995,-0.0019234084524711284,-0.0038868211317179243,-0.00155345073315336,-0.0013253521942450351,-0.001569233097576858,0.0003424665480442369,-0.001164982285007422,-0.0005220571768827958,-0.0017664066622130917,-0.0018323676213423592
2019-12-10,-0.0016934865845759897,-0.001523683188291826,-0.0016039345638941133,-0.001463049457964003,-0.001788525922904374,0.0004340337826056326,-0.001761075357727359,0.0030236402401638595,-0.0025071541730125857,0.003023640240165565,-0.0029740077206295134,0.0006773039744402471,-0.0029653048792487513,-0.0008450782708485605,-0.003031742788675884,-0.004695867304634249,-0.0007526518032036345,-0.0010921075018920988
2019-12-11,0.0047457973712366356,-0.0002571167169721267,0.003957451844542808,4.590100641916094e-05,0.0005953776784149289,0.006508802752454873,0.0006018097412632527,0.009892341998365396,0.0013044845977717029,0.009892341998366203,0.001347651624742422,0.009280042761627565,0.0013580312378422938,0.00828572370042439,0.0017515759646310046,0.004145187186806731,0.0018329341566389833,0.0035290815026967435
2019-12-12,0.003807305506310906,0.006204570306728818,0.0040650736284809,0.006378307163047775,0.00670574764080003,-0.004158938482896227,0.006674846078666669,0.002545322895208214,0.003649762165367028,0.002545322895207449,0.00354437711168755,0.003363458839103825,0.0035449040141632446,0.0038394951533148643,-0.0006812871857241715,-0.0037333933858246116,0.009570847333104574,-0.0003864173642096464
2019-12-13,0.0031930704146794675,0.0026885072473061063,0.0026932025994987363,0.0019301555391672259,0.006471327215056211,0.004877726352398408,0.006522249057892383,-1.9870503470997448e-05,0.008203678802176179,-1.9870503471089246e-05,0.00677519622469905,-0.002669154848120529,0.0067729419868439895,-0.00011289536428393426,0.004291662065008198,0.009184481965793134,0.0014557444482025963,0.0005320409056763595
2019-12-16,0.008952533468640946,0.0029314385518730665,0.008470507622205296,0.003370651413840062,0.0037943388970705454,0.012552488512099877,0.0038507872140898054,0.013047045991133422,0.00340029649108183,0.013047045991135025,0.0036224563702956835,0.010562701626628115,0.0036560731838569957,0.010693998016666331,0.005248622158564848,0.014538423079955141,0.008325877802161425,0.007414083073054033
2019-12-17,0.0008138418060494244,6.79534932152437e-05,0.0005133530778153126,0.0006806347149591892,0.0008629370725694548,-0.0002079330685928939,0.000876446152624897,0.006698420951733143,0.00015017824300520607,0.006698420951732076,0.0018676888504186662,0.00873008691526134,0.0019068783364841787,0.008240135267544866,0.002902987123031026,0.0036660456128299055,0.0018781742884272834,0.0015820498257194666
2019-12-18,-0.0019136826164313542,-0.0052469985735659995,-0.002192973761435746,-0.004823166845952325,-0.004183824929664509,0.0040143524589358204,-0.004175143086402608,0.006731068337996314,-0.005194869431750019,0.00673106833799829,-0.005130470851134653,0.006468500091591563,-0.005120314298806304,0.007181371290279994,-0.00250561865963469,0.006287016164079439,-0.001175889456659256,-0.006479653495876416
2019-12-19,0.005345605403660086,0.0033299089747908122,0.005061606811180259,0.003574198008809093,0.004587651316194203,0.009282301950388747,0.004598352454307686,0.013814190162426066,0.006121845767835801,0.01381419016242777,0.005575118898946148,0.014538849487035106,0.00556821962662494,0.015440656013297877,0.006556341244589687,0.009767189211147342,0.006045735147244003,0.00542116215954534
2019-12-20,0.0032719372349730865,0.00781973858142775,0.0030420597247087,0.006728984868745939,0.0041187949911657236,0.0018684255478763102,0.004088489300200997,0.0043872934246658715,0.005637195076818788,0.004387293424667317,0.004883907830193752,0.004156587361745558,0.0048458730530277026,0.004357619815368757,0.003628993915108446,-0.0008434978556696947,0.004198106320480872,0.002408236946031189
2019-12-23,-0.00011186894108404727,-0.004586886223811374,-0.0007960092292658043,-0.004019126017557469,-0.002633851793688213,0.0034147528425350136,-0.0025762815014859393,0.00439558384701182,-0.0026283641804730053,0.004395583847011962,-0.0017098982106740288,0.0018595672591061585,-0.0016602285207749535,0.0006367450568621414,-0.001572171968705416,0.0037759308669574557,0.0005710333332420259,-0.0034711488220373994
2019-12-24,0.0007655344652485678,0.0007264235868798727,0.0009538988271342115,0.0008676275988360798,0.0020569293395278567,-0.0010643189932951814,0.002060333978849185,-0.0017198008606453376,0.0012656183488262713,-0.0017198008606452535,0.0009571443832318104,-0.0023327041367831583,0.0009512817862526027,-0.002218020368112258,0.00036972045802493236,-0.0014521534922257936,-0.00039588675686599297,0.0020503652986846063
2019-12-26,0.012280385446987764,0.0011052229439967149,0.012506644385197198,0.0017193316365078407,0.005020468382984531,0.012411368567780868,0.0050693570324691194,0.015020353978366922,0.004512771514937625,0.015020353978361222,0.008809296796042384,0.01994563609775142,0.008928640776751857,0.0184348683846611,0.009849921230993746,0.020648750463343093,0.0063720546381348326,0.005144498739665791
2019-12-27,0.0011396879920971526,0.0020360352614842325,0.0017513600996579217,0.0020118447533751757,0.0022559699970621456,0.0020606035265176284,0.0022443638615865717,-0.0025209121953637336,0.002887578411467223,-0.0025209121953643117,0.0023666766294047287,-0.0023348036757923868,0.0023531554913583746,-0.0024206575566384585,0.0022736859353195463,0.00020365189020129474,-0.000497655086305735,0.0016141946930220193
2019-12-30,-0.009116761800991902,-0.004798961357443067,-0.008734866786057971,-0.005423813510528674,-0.006083129040062102,-0.007413500570354633,-0.006063810358041297,-0.010527057949154851,-0.0057602429530119155,-0.010527057949154485,-0.0059773516080529705,-0.014164585118437462,-0.005973959563526902,-0.015498738584578719,-0.006999008801012612,-0.010623891439987165,-0.007106319506725548,-0.006307736670069448
2019-12-31,0.002969952753634926,0.0002742278839623451,0.003453790177802447,0.0006302077741241448,0.002157792610749925,0.004371296038366217,0.002187613059862896,0.00732451788160029,0.0017111575978136402,0.0073245178816015765,0.0014581270119502915,0.0059660521298935745,0.001473421896543051,0.005683087791620222,0.0019042385384508136,0.003460946591654368,0.0027123307362575135,0.001618570732114785
2020-01-02,0.01541744264312691,0.002243100355398653,0.015437802119261088,0.002080995675838383,0.006386499782530081,0.02014043439552902,0.006459153786590357,0.02205867015613723,0.00420886772129603,0.022058670156136186,0.005430684655915058,0.022925539592323997,0.005517412111208973,0.02204471832977644,0.0062015113703655315,0.021250470098425775,0.010459591011782806,0.0036046208079106986
2020-01-03,-0.010718557507619443,-0.00679492305165348,-0.009904549268802439,-0.007314126892694681,-0.007998862212216847,-0.008676073732907942,-0.008002625212728202,-0.010519570040550465,-0.00706816016907307,-0.01051957004055014,-0.007325604676438511,-0.011003005015720942,-0.0073392465806380374,-0.010814240134675515,-0.006574967681196319,-0.00855156526031019,-0.008972414052380256,-0.006869189039179841
2020-01-06,0.0039092622030188675,-0.00010268812076633636,0.003911117995325429,0.00035759934119636874,0.0024128140105616554,0.009097945432352827,0.002437190166119757,0.010787104809984661,0.0024868142086001267,0.010787104809983841,0.0038468691193782292,0.012170582970693209,0.0038862550436241845,0.01194637968179547,0.005849314790589912,0.012630417948981898,0.004273375014782359,0.002481352938363107
2020-01-07,-0.003754978114757728,-0.01058707983290394,-0.005698510723508091,-0.009746184216183949,-0.00616470145629326,-0.00033092601670342125,-0.006821556514523868,0.0023086253440370006,-0.006804650149459804,0.002308625344002867,-0.006557092270406874,0.00267160946149687,-0.006537932199293506,0.004348259927536236,-0.006714994348495082,0.0022628748118055826,-0.005483446816809433,-0.006879942192312693
2020-01-08,0.01118434896915328,0.0014325587799716994,0.011163250889705307,0.0025522149813964456,0.010001791004241496,0.01227482971587776,0.00737281121427473,0.01019444277114287,0.0073539726916183705,0.010194442771178711,0.007333731703713495,0.007649119593697639,0.007312333374088875,0.003025976942837315,0.007244295609405581,0.008116623297799748,0.005483067048772998,0.009646214035495758
2020-01-09,0.010658563122541487,0.0074253596779814135,0.009807715308836527,0.00851346122916775,0.010682142472580484,0.014849503760765126,0.010393562239428118,0.01527136037954358,0.010399727173673688,0.015271360379533227,0.010405598711555374,0.014440213478140482,0.010411258915204433,0.01033890038977816,0.010427196498935915,0.012001194192563564,0.0076245050571652675,0.01418057145615614
2020-01-10,-0.0006258984663476482,-0.0031842526026045924,-0.00264016249791595,-0.003119219366614904,-0.001409118107587604,0.0038293871343100506,-0.003211767613035192,0.0026229095784435943,-0.0032141751134996833,0.0026229095784632093,-0.00321701693832324,0.001012178997012347,-0.003220242536604018,-0.0008784558491220849,-0.0032315782497322515,0.0023430053137798237,-0.0025190806575294067,-0.0018585670568871913
2020-01-13,0.011597537608337276,0.0033724601372876486,0.011631186423304431,0.0034646523692397047,0.011274949400268288,0.020912241886197162,0.009058967570657703,0.02240995369697063,0.009062654834278627,0.022409953696925295,0.009066288164987057,0.021543906037157078,0.009069941050912005,0.017297369470385,0.009081185563144608,0.01902946478992112,0.006984193734362929,0.0102190082966721
2020-01-14,-0.006683666012008966,0.001085783311834255,-0.004353198466049227,0.001181697232450973,-0.004953807147096149,-0.014700247986682556,-0.002980674910016729,-0.014949258216326745,-0.003006147777975531,-0.014949258216324623,-0.003032709028019039,-0.014655261809917008,-0.0030603370164932102,-0.014365870240554156,-0.003147400586270741,-0.014953863053369387,-0.0017677370691773176,-0.0036173981700074044
2020-01-15,0.0038039987883478196,0.005584392675338798,0.0010254243075513152,0.0037343527820759437,0.007709599580017877,0.000773668519010196,0.005189970953656091,0.000663979318086201,0.005164525290001669,0.0006639793181389548,0.005137793643700199,-0.0008950812700175172,0.005109883948753747,0.0007590700215879258,0.005021843632965857,0.0038771911979012725,0.004003685233332912,0.0014390969228234725
2020-01-16,0.009893852887575227,0.005172800343936328,0.00937237042895657,0.0051894545922292696,0.00922009518998687,0.015470710680967283,0.007626751624383662,0.010629028974093445,0.007627209816246436,0.010629028974134943,0.007627924605155599,0.009558814567182015,0.007628977571485267,0.009436008403964856,0.0076343625570354815,0.011576437217871051,0.007481991258002432,0.007397515855177882
2020-01-17,0.007849808762836719,0.0005091985135624778,0.006336441054174989,0.0006351243366481273,0.0074753913093565,0.007449748039431185,0.005067377298174726,0.005292545754555767,0.005050465023715533,0.0052925457545807495,0.005032313002552305,0.0035395781806332404,0.0050130868542377595,-0.00014055546312146191,0.0049514773856098315,0.0033653796847737663,0.002814422289480638,0.005201670150366722
2020-01-21,-1.5027700619379709e-05,0.0005750039802061349,-0.0015523725261916332,0.0001879920306436199,0.005335040031065477,-0.005608368373128566,0.006518063365386282,-0.005125523314716887,0.006519060111460846,-0.005125523314717964,0.006519371566726299,-0.0031280469984825694,0.006519011126196433,0.0012963289538304617,0.006514366780565485,-0.0026986236786403603,-0.0008233887226186811,0.0032658038142370557
2020-01-22,0.0012238405719728848,0.0021796689379791566,0.0009142339346015458,0.0011372330607558683,0.0018786498301360138,0.005434050657776537,0.0015867481950563485,0.004273282823164834,0.0015801267380670483,0.004273282823179856,0.0015734800025208305,0.003294008231263956,0.0015667458283531042,0.00248248078969806,0.0015461008362351912,0.004441029973530002,0.0007251713540771877,0.000915373599386238
2020-01-23,-0.000880590120274219,-0.0012904541882552535,-0.0010159826991707063,-0.0016352013911326668,0.0007042599461814837,0.005978736371184766,0.0001363440176100941,0.002835389886354506,0.00013500317752212885,0.0028353898863507803,0.00013381917174393903,0.0024762137908545864,0.00013282717024009835,0.0009328233598579588,0.00013114230561428876,0.0016511755508503507,-0.0017400855973348816,0.0004542608883582554
2020-01-24,-0.009127053946979742,-0.010544526131565115,-0.010814181464166628,-0.01090224487327612,-0.005953294332013458,-0.005905306048720674,-0.007009645839559178,-0.006575978941789312,-0.00700698437766769,-0.006575978941777085,-0.007004623285099525,-0.0073901436158131835,-0.00700255434870378,-0.009363066977105605,-0.0069980239760123325,-0.007734737629033314,-0.010079039484615727,-0.006804065997703478
2020-01-27,-0.0202684359530299,-0.003604550154093059,-0.018380698772204,-0.0038811937976153676,-0.013162500555789672,-0.030128649386283887,-0.008571892778191101,-0.027800716315613604,-0.008599615942958612,-0.027800716315597326,-0.008628240960586293,-0.027148680319662707,-0.008657894674213563,-0.02434534292804475,-0.008751502921656914,-0.025649414919913908,-0.013520217157992623,-0.010215535828390285
2020-01-28,0.015001261866876225,0.0058366392704790205,0.015707767741671673,0.007291845164685469,0.011066458504498632,0.024426068625343512,0.010161895139155712,0.023693195453579827,0.010180636061891376,0.023693195453534394,0.010200320654851507,0.023630535030749543,0.010221005427662976,0.01929369302252899,0.010287670176961205,0.019419013868098373,0.010071277957632227,0.01296794316864765
2020-01-29,0.009050280104618821,-0.0014162980876527406,0.008253392471462347,-0.0005224936861322473,0.003878560981934092,0.004946057855006417,0.0030181715145120133,0.010849014269833692,0.00302594226112986,0.010849014269782362,0.0030340136349768358,0.011089717075007277,0.0030425526388288197,0.005338182151451564,0.0030711319087563544,0.004856776541001273,-0.0006389894071646698,0.0030962089285844403
2020-01-30,0.0037159526796689993,0.0060540095628017435,0.005327162491930017,0.004824562718688082,0.01063891121353046,0.0065931336407886254,0.009715286142483903,-0.017224024865437594,0.009687330741155633,-0.017224024865292707,0.009659129533519667,-0.017834033808593032,0.009630793953600147,-0.014741872590392915,0.009547232357144136,-0.013521854703791083,0.003999628593847629,0.002545349399215104
2020-01-31,-0.01635789190434218,-0.0180395618404027,-0.01774492697362955,-0.018809245804409697,-0.012153582285044498,-0.034102960991687865,-0.011152438705541529,-0.03828542981919973,-0.011040549598847644,-0.038285429819141945,-0.010922263381261694,-0.02828037016271629,-0.010798239785607747,-0.002846471110634273,-0.010405132746271068,-0.02285659042348526,-0.018105677724079474,-0.02387253872248059
2020-02-03,0.013328163188596004,0.003424517304470988,0.010171383628098472,0.0035457485148944184,0.006203846303456878,0.014709590487440026,0.0027960246189743013,0.010228062575463921,0.002772394546882983,0.010228062575545326,0.0027485950915080615,0.00728735838143596,0.0027247667182672174,0.010376979115289762,0.0026552011162379752,0.01625838750350919,0.008718115199872865,-0.00014533052110002266
2020-02-04,0.017898506586071478,0.01064861793228979,0.022230274039168933,0.01186841497418902,0.016652335194196465,0.025936577376770853,0.015951012794589887,0.028096280937766244,0.01596966954071478,0.028096280937699288,0.015989421054174908,0.028947507906554093,0.016010381593461007,0.024998401705144557,0.016079313748993247,0.023295947767434412,0.014579240064546218,0.016569391187531014
2020-02-05,0.0033026336299744087,0.008258428141374263,0.005418459806299515,0.008667816356265694,0.0035338503028996154,0.006001429996363451,0.005456041553121942,0.007010035938474451,0.0054479322387007995,0.007010035938429053,0.005439259313540858,0.006774976652668596,0.00542998935187937,0.0031293648658164983,0.005399242352224735,0.0035994834373370807,0.010192685805750943,0.00960392316035807
2020-02-06,0.007950467684727519,0.00011324103484946688,0.006568099086577233,0.0006422289607816254,0.0052000799675032605,0.013796474897449285,0.00546315016461211,0.01360305800764749,0.005473225906325505,0.013627054670926696,0.005481859409508145,0.008612069198246546,0.005488813305948298,0.0064612038944547095,0.0055044233598841195,0.0010156196630086924,0.0031377232237044888,0.009477277262899143
2020-02-07,-9.764084374381545e-05,-0.0007680763300116271,0.0010338186054029033,-0.0025713725913296724,0.0013743718680180922,-0.0074900216188166745,0.0013475171746844014,-0.007490021618816599,0.001336807903166006,-0.0071643462714412786,0.0013278083055532227,-0.007593778221187129,0.001320424191299996,-0.008108225954315772,0.0013070732635776035,-0.006488874406651444,-0.0007224544819949592,-0.0012331787001556606
2020-02-10,0.01428819446190462,0.001587207585099872,0.011741274598796737,0.0008446809146828037,0.007906904080403681,0.023844620971062654,0.007932839058248436,0.023844620971062793,0.007946199741908362,0.02390957720557771,0.00796033162208527,0.018303569020736068,0.007975425959154582,0.016755949662897306,0.008026246837648465,0.007156072284676221,0.009527984483864832,0.007647765163394149
2020-02-11,-0.006701459043915799,-0.0014212531013626086,-0.007976288518227698,-0.003150199396976875,-0.00659256743992709,-0.0027758517330246798,-0.006578287182481704,-0.002775851733024814,-0.006565480271874952,-0.0031642439919649526,-0.006549490712108669,0.002237240519852383,-0.006530708205526837,0.004300169310307921,-0.00646219830549523,-0.0015340873894631158,-0.0006154080813639063,-0.01207599749690429
2020-02-12,0.009674872670757237,0.0016952896528456426,0.010785436853939654,0.0021796635212139467,0.00707316036757852,0.013749802493068208,0.007123705068771951,0.01374980249306832,0.007147437716524242,0.014127431320569707,0.007170327888587637,0.013772177722404218,0.007192468180148945,0.014982502022027822,0.007254041379542249,0.004709681786640412,0.007946526749520141,0.009100075799653962
2020-02-13,-0.0007469984495942582,0.001843999630231397,0.0009921341172227866,0.0024179472010159237,0.003058626700114772,-0.00519509602974285,0.0030210410286649553,-0.005195096029743042,0.0030023802255210574,-0.0055509146262230115,0.002983541268966861,-0.004700863303837511,0.0029644281490350246,-0.004012540648093906,0.002906114326131774,-0.007583089120731083,-0.0033345643776787033,0.0021777164797897367
2020-02-14,0.004740329793256989,0.0025846919635918028,0.004222515231056661,0.0029326242178901625,0.004275409934293109,0.025334949126232412,0.004241139561529959,0.025334949126232433,0.004220906056941655,0.02510193303501882,0.004198849126275295,0.021512250473589168,0.004175158011643143,0.02190811125303832,0.0040974575225484885,-0.005064945928476335,0.004452354908413634,0.00412478362736518
2020-02-18,0.0013553539029542052,-0.0008000605252495745,0.0028909326529608413,-0.0014895460390525505,0.0016483045888137924,0.0046536488196210835,0.001601635386089538,0.004653648819621018,0.0015786363032600677,0.004352615659325595,0.001556036989343392,-0.002452847975964953,0.0015339243585501257,-0.0036831512320738523,0.001472001567053578,-0.010633823119070754,-0.0005407353739366183,-0.0011933724561371175
2020-02-19,0.007630324517620657,-0.0007950720590643557,0.007413005536599475,1.3083596735870337e-05,0.0028030031233775665,0.0245571153425278,0.0028615223669687883,0.024557115342527996,0.002890287303801811,0.024753535492146834,0.002918939943231299,0.026923758645652104,0.0029475590340600866,0.02779320538705611,0.003032082215007132,0.012044310786915109,0.006793237789989263,0.0059255121256387225
2020-02-20,-0.00769976381431704,-0.0005987794480947587,-0.006434799292972995,-0.00016731409574435415,-0.003843989968795293,-0.013410603709509803,-0.0038563255449130247,-0.013410603709510171,-0.0038612387070356947,-0.014505800417076125,-0.003865675639753229,-0.00920121927491219,-0.003869808481667077,-0.008801219502661623,-0.003881253690993533,0.00035849551370892004,-0.0033119383348731413,-0.0035556994769319348
2020-02-21,-0.020289184123649422,0.0009665824752530613,-0.01820245016431352,-0.0002703524372277722,-0.01026331593565881,-0.031871055422806466,-0.010338622132934617,-0.03187105542280669,-0.010375331874527001,-0.032077955109229235,-0.01041207309361537,-0.028387598154248454,-0.010449109861749347,-0.026812254898255783,-0.01056125887672718,-0.0120499673194439,-0.010380289678748777,-0.013924019000808776
2020-02-24,-0.04231738772213636,-0.025540413056437672,-0.03994913511879556,-0.026422580155167543,-0.03370266954925481,-0.05281849577391409,-0.03376513848474816,-0.05281849577391411,-0.03379504046592424,-0.052560812531379786,-0.0338245399495022,-0.054002538915149584,-0.03385384363274921,-0.053857749911126865,-0.03394019592738752,-0.04012798809171565,-0.037978483749829504,-0.03496054443735095
2020-02-25,-0.03473142614200678,-0.01903293415220277,-0.03485783485625563,-0.019826357963910878,-0.023498467735100857,-0.034148395128870274,-0.023534227056556205,-0.03414839512886902,-0.0235493715771909,-0.030128842022176205,-0.023563043328855896,-0.03926348336289008,-0.023575441075265782,-0.04030212148136465,-0.02360604598654034,-0.04225157995698964,-0.029838406100268597,-0.02340715882152357
2020-02-26,0.002269916820226139,-0.0042054270193613835,0.0023327644759946987,-0.0025942524963088855,0.00223486388405109,0.013317117876633013,0.0022661643627453253,0.013317117876633892,0.0022804039743813194,0.015936213530406133,0.002293987671837852,0.008075849913202772,0.0023070516558632175,0.007844216977059516,0.002343400372746985,-0.016101331304785617,-0.00421619557228437,0.005813232196137171
2020-02-27,-0.04992311663638648,-0.038754915814569454,-0.04832855765490929,-0.040263389623311295,-0.04826429875363182,-0.0615479959263782,-0.048326854989795325,-0.06154799592637838,-0.04835488754749903,-0.06138136715354314,-0.04838133344495884,-0.0580475715670693,-0.04840648102530704,-0.05493520690289656,-0.04847496588039335,-0.04514188374684832,-0.04459390059546197,-0.05615200759881704
2020-02-28,0.004580127920318129,-0.023188056011519693,-0.0033021269313686877,-0.022356172481524002,-0.008926854627928657,0.029386737547273428,-0.00888260928841313,0.029386737547273657,-0.008864001385935148,0.030088544388424097,-0.008846801085754403,0.016506073790979084,-0.008830558427168438,0.01633650186532931,-0.008785514002289364,-0.020755569149761947,-0.0030316504954822267,-0.00894232901437421
2020-03-02,0.052697193765561035,0.05937278722460465,0.061422389181845005,0.06287206769039931,0.06598059920799138,0.060637912639609326,0.0660361029962476,0.06063791263960901,0.06605591995674613,0.05934923378782914,0.06607094275552185,0.050806735450911134,0.06608154543677355,0.04854554807914292,0.06609049564832196,0.03218274184673153,0.049199696397207345,0.0788630771038056
2020-03-03,-0.038722286677409026,-0.02081188784479827,-0.0365262261346848,-0.022520675290109458,-0.02599107003932877,-0.040147717641447166,-0.025991027624386463,-0.04014771764144676,-0.02598650582807801,-0.038656433487486194,-0.025979716360234266,-0.04230592775081476,-0.025971068827297633,-0.040828091265865174,-0.02593764846795527,-0.039376015977411215,-0.03034791528422178,-0.02706330854889285
2020-03-04,0.036307272907752444,0.04905357175091815,0.04002363878617852,0.049244916065910097,0.04533329320957875,0.049486664764920266,0.04533624291393386,0.049486664764920585,0.04533611530653707,0.05039128116284629,0.04533489872326041,0.0455145669196192,0.045332625240729146,0.046295586616452104,0.04532030148413835,0.024736366819120895,0.04468081421010283,0.04949388030143133
2020-03-05,-0.03617831879624294,-0.01930904140411923,-0.03187518409925534,-0.02058806361232711,-0.023580204618693534,-0.03293703775150827,-0.023615275463327073,-0.032937037751508164,-0.023632011853333103,-0.032614058774229834,-0.023648466754985307,-0.039278943260394904,-0.02366474887923077,-0.040292835897205885,-0.02371234389483285,-0.04741243156445858,-0.030262696690705096,-0.02402634406555851
2020-03-06,-0.021310996010872513,-0.004370156252373006,-0.02093665034910631,-0.005343659790350655,-0.009285257666961044,-0.021702358427459233,-0.009306122332766982,-0.021702358427459996,-0.009313137104083331,-0.024485172272670074,-0.00931858745493852,-0.026756032327739192,-0.009322843686020267,-0.027991662973637078,-0.009330870963746353,-0.02381734815306523,-0.01596564114954536,-0.014489788475604722
2020-03-09,-0.07051299101795885,-0.03935613279780571,-0.06572993526313523,-0.03766501598274744,-0.054533111061091114,-0.07055295269136211,-0.05463064103588626,-0.06538562992028182,-0.054675952635717985,-0.0653884587740336,-0.05471967892760577,-0.06178692416086159,-0.0517071795285429,-0.06178829560072568,-0.05186270957355186,-0.04582898699379467,-0.07105337233196715,-0.05872753732368686
2020-03-10,0.06284257074143808,0.033723243802917156,0.05859350070765149,0.03496932484243351,0.047764694258231974,0.06369530292126936,0.04785420025578363,0.05475867476780738,0.04789514603023048,0.054758674767807144,0.04793442437478831,0.050377389910669236,0.04452701386211372,0.050377389910667446,0.04469602615880491,0.038419700956039596,0.05196877907365301,0.0478759965317713
2020-03-11,-0.04440429154776669,-0.04116384300700032,-0.04916234821831611,-0.043084797241303076,-0.04314849165802059,-0.04466646470442694,-0.04315412187322624,-0.034115950174514374,-0.04315880009482249,-0.034115950174514194,-0.04316454439109838,-0.033454520109838265,-0.046103709030155364,-0.033454520109838626,-0.046133393598506336,-0.028878538300944976,-0.04371961691137944,-0.0405773453438794
2020-03-12,-0.09122096170308762,-0.08434542413683323,-0.0891925072042862,-0.08428628571990777,-0.09550444669951016,-0.10069880522320426,-0.09549422260044338,-0.10537981919993228,-0.09548816514937603,-0.10537981919993242,-0.0954813640708439,-0.10180664375764714,-0.08987621133026905,-0.10180664375764416,-0.08985420158794499,-0.08598869979391335,-0.09132507271606417,-0.08792086891743234
2020-03-13,0.10146253076595202,0.07543527228735214,0.10233082205494588,0.08193700415205367,0.0949249728832803,0.12062531468961628,0.09489418691283891,0.11150519651285719,0.09486945888376419,0.11150519651285665,0.09483958733802253,0.10529976699009458,0.08665099710252848,0.10529976699009284,0.08669107720442998,0.09696088976823698,0.10244273018017849,0.09457399568438264
2020-03-16,-0.13108059747384168,-0.08154140158549417,-0.11972720138367943,-0.0841362579923129,-0.10090117481595692,-0.14448312868756052,-0.10095783797230634,-0.16052009545404725,-0.10097872377190588,-0.16052009545404738,-0.1009956815963347,-0.15209663381851898,-0.09011049095856533,-0.15209663381851274,-0.09029345299020325,-0.11580447471838268,-0.11690145306004222,-0.09907157935019646
2020-03-17,0.0466516446847428,0.08145451602353147,0.05697233405844234,0.08210862211492913,0.0796437045852296,0.0781789290976401,0.07945367637133117,0.07887229831182475,0.07936080818012978,0.0788722983118247,0.07926869088879737,0.07904672756676553,0.07823380262090053,0.07904672756676591,0.07799007516030758,0.07569272130470829,0.0594111542810918,0.06786890494924418
2020-03-18,-0.03822647132562851,-0.023909629107912576,-0.03312487334553144,-0.019833548086808185,-0.029334499994358432,-0.03975877488952082,-0.029343693858639632,-0.06486904055483876,-0.02934849657227806,-0.06486904055483911,-0.029353262374816752,-0.060493297049720764,-0.025836135443618687,-0.06049329704971635,-0.02589705576909762,-0.0374250896034133,-0.047037647506857405,-0.02463183176499883
2020-03-19,0.019766626191071755,-0.028028902398357116,0.011529260044156827,-0.02670300478253907,-0.013915956036399437,0.01690924801477452,-0.013855749133468598,0.018147105742907264,-0.013826510929880026,0.018147105742907312,-0.01379671782721521,0.01576029560911117,-0.02251581826426657,0.01576029560910958,-0.022320342950922518,-0.002858369586003484,0.008478288348203723,-0.014109595767376398
2020-03-20,-0.042319719891220374,-0.055425246560248144,-0.04404323490823961,-0.05635281028137846,-0.06282109880049774,-0.045332798586547096,-0.0627816200885151,-0.05100214963220814,-0.06276240834275926,-0.05100214963220832,-0.0627425698358727,-0.05209519006421542,-0.06473806417530469,-0.05209519006421518,-0.0645927202053602,-0.05621013991799294,-0.04722262527642454,-0.05905473892950965
2020-03-23,-0.0075553759959692685,-0.01947440262638097,-0.009510865794083508,-0.02089554699437754,0.0018851039444055685,-0.0009303230125375847,0.001898164738118491,-0.014285341285750926,0.001911563586693763,-0.014285341285750966,0.0019291742560343785,-0.01497169005219121,-0.005757607495070641,-0.01497169005219129,-0.00570839876608072,-0.02818642096387957,-0.024726426014199977,-0.015242863624962317
2020-03-24,0.1008533788397303,0.049006284982139374,0.08712976677390276,0.049410627772583426,0.06680850109024584,0.10862897592330048,0.06691466847068625,0.12905332465947347,0.0669623326489536,0.12905332465947394,0.0670069884630203,0.1197571239777972,0.065043179445944,0.11975712397778868,0.06522910861887957,0.06853078495992845,0.09476488382403456,0.0649345252878528
2020-03-25,0.0014917612123086198,-0.005902796214778582,-0.011022625287660359,-0.009450579124911231,-0.010975220930543017,-0.010242278660133811,-0.010973275144660956,0.013154075910752499,-0.010974359514422214,0.0131540759107528,-0.010976783112310078,0.01267940488528003,-0.009592283206365427,0.012679404885278094,-0.009605197290416038,0.009207336156407746,0.005742152919941413,-0.0006814049497023234
2020-03-26,0.050027290527129335,0.049923372604012035,0.05463691538101912,0.04931166732845607,0.05312258686602496,0.052818145346884664,0.05313470130581864,0.06297354047460625,0.05314064200411242,0.06297354047460628,0.053146525218895,0.06079170705586801,0.05293845489813988,0.06079170705586658,0.05298706227872006,0.05512946365522546,0.05875932408621371,0.05183836624005374
2020-03-27,-0.039758202829419866,-0.017810229149117097,-0.028389012707081558,-0.015445765417949665,-0.01713361819871035,-0.03272532230691561,-0.01718046863079775,-0.03698669043045466,-0.017198080778681513,-0.036986690430454584,-0.0172129033444652,-0.035607293549246785,-0.015759149727806676,-0.0356072935492462,-0.015859490711462032,-0.036019497083437976,-0.037670517637005206,-0.02788521828327016
2020-03-30,0.03749357688340413,0.05165570341663876,0.04006549384239827,0.04952049152817353,0.04373430497892988,0.04731698359284702,0.04363152022422756,0.04178669909847508,0.04357780374850519,0.04178669909847464,0.043522796850496426,0.03714073702824904,0.044875312332373574,0.03714073702824805,0.044798293257261895,0.03177113530065213,0.04037719961347502,0.036497347439451246
2020-03-31,-0.01660194442577276,-0.017564081912106306,-0.016938638409189334,-0.01822471094936081,-0.02389454911208237,-0.009635794968853532,-0.023859967565151005,-0.00670112228354467,-0.023847079690755994,-0.006701122283544504,-0.023836397131178303,-0.007185965882538203,-0.023550073624492667,-0.007185965882539141,-0.023511325578426792,-0.010416248296296407,-0.01571655152558926,-0.014587972429405625
2020-04-01,-0.043320411861584356,-0.02122649791729819,-0.03692302712713155,-0.02006234674550339,-0.026749029174685014,-0.049223966511635076,-0.02683109680318991,-0.0572089979136851,-0.026868235937262633,-0.0572089979136854,-0.026903381887064544,-0.05307949889123162,-0.024878555209221886,-0.0530794988912275,-0.02499299618851005,-0.028099549493885056,-0.03701595191235316,-0.03246749233956786
2020-04-02,0.017030237774014786,0.03780997085904927,0.017998893336489956,0.03500960795671028,0.030146004781767505,0.02816177808282156,0.030073774311256192,0.026325224270187835,0.03003874070640157,0.026325224270187908,0.030003773368684563,0.02589326552531565,0.031435429955813436,0.02589326552531499,0.03130566141149027,0.01781809884769845,0.03345409271916112,0.027240909688451487
2020-04-03,-0.01664635296031106,-0.0008122415715131164,-0.014402523420814498,-0.0019911767933193025,-0.003132802222487126,-0.0216202811234201,-0.0031772354958588874,-0.032469846614913665,-0.003197972099941925,-0.032469846614914026,-0.00321807825273696,-0.03251979021718238,-0.0012656359790934153,-0.03251979021718079,-0.001339109118856868,-0.020187125002968806,-0.017028015501921085,-0.012433323234942801
2020-04-06,0.08358337488756551,0.05446486763474738,0.07080333427352649,0.054584657676578725,0.059030371246262266,0.08430915161951284,0.059074212429321024,0.08837132133309678,0.059090065811343837,0.08837132133309694,0.059102611930620406,0.08664047688717723,0.05532014577700992,0.0866404768871752,0.055383951831825345,0.07344609951620783,0.06721869150170671,0.0701405628019609
2020-04-07,-0.010461536343275016,-0.015876760214766295,-0.010250340997270738,-0.016157920857424773,-0.016828151885428456,-0.020659219118683538,-0.01684627153735325,-0.02358369474771588,-0.01685596050123372,-0.0019559065884868793,-0.01686573230788414,-0.0019559065884868472,-0.01687257116817851,-0.0019559065884870424,-0.016271140432025374,-0.0025559065884870223,-0.006056435465663261,-0.019171056771205956
2020-04-08,0.015697090302095946,0.015670158676651773,0.015701749253627707,0.015993184908126956,0.01931314395154902,0.019737407300195332,0.019314398619172134,0.028971528772294648,0.019323799986485958,0.050425750199810354,0.019338377540954688,0.05042575019981037,0.01935764840099469,0.050425750199810326,0.020560084853168355,0.050425750199810354,0.03139719251970275,0.008758284884580931
2020-04-09,-0.0019199881265014398,-0.003081023448423304,-0.00188531688545405,-0.002996058294574516,-0.0027353340925600615,-0.0023451979316437307,-0.0027107348973976104,-0.005471789948081223,-0.0026965264061297196,0.007144202915469038,-0.0026811103093410853,0.007144202915469058,-0.0026645686956686798,0.007144202915468943,-0.003875137391144835,0.007144202915468972,0.006598704054670947,-0.006167404187329935
2020-04-13,0.017059877624534182,0.010048384364261951,0.01715052305565806,0.009716017938258891,0.012538800360639474,0.017306380434277124,0.01243201258257099,0.003758840059903091,0.012361417005680124,-0.003585659299875694,0.012281260685193557,-0.0035856592998757025,0.012192771180050186,-0.0035856592998758474,0.013580194755953573,-0.0035856592998758322,-0.003704358013394934,0.012398624320521707
2020-04-14,0.04264901879549063,0.03947956989529397,0.042712588226272455,0.039666715497503384,0.043523617683249916,0.048624349513531555,0.04352536584753857,0.0439781946523492,0.04352477649458309,0.015034890641507214,0.0435234836973512,0.015034890641507188,0.04352163094601599,0.01503489064150729,0.0445306381060527,0.015034890641507275,0.032418928255347944,0.043547174548104736
2020-04-15,-0.0037683153874016303,-0.003960644899518779,-0.0037692123585649114,-0.0037649257114643884,-0.002149000391767934,-0.009353375562243606,-0.0022162859469221723,-0.022390567531688842,-0.0022512896363256407,-0.03528789315494003,-0.0022869056993161333,-0.035287893154940034,-0.0023229525135668233,-0.03528789315494013,-0.003904474238214152,-0.035287893154940145,-0.01848891408385013,-0.008346328586767659
2020-04-16,0.019659291131829192,0.02591170617528723,0.019707821781958897,0.024936421532068036,0.022553073773788266,0.0289680951223941,0.022488473830056054,0.01249616234030381,0.02245110771134977,-0.008733312294655054,0.02241097006338999,-0.008733312294655049,0.022368452534099234,-0.008733312294655274,0.027536696012066,-0.008733312294655265,0.00392988997526774,0.03175515750265483
2020-04-17,0.0025802695087114628,-0.0016293562603483032,0.0024809335296358272,-0.0005781447837987522,0.0011972125803681498,-0.004008679427458222,0.001185222606407692,0.014923884293693927,0.0011846956896687532,0.055909486591288055,0.0011873600868371739,0.05590948659128811,0.0011929111843105005,0.05590948659128807,-0.0026371730327559985,0.055909486591288096,0.026329073912534626,-0.0021589138288664418
2020-04-20,-0.014503086082515382,-0.011137816031250792,-0.014503021771791063,-0.011603801776297202,-0.01295912849751246,-0.019299793593725398,-0.013033583965646238,-0.02293908767820286,-0.013069062085671787,-0.031019138297077475,-0.013103267468049573,-0.031019138297077482,-0.013136169115242543,-0.031019138297077486,-0.011562798739177095,-0.03101913829707749,-0.019855448033300915,-0.018529964461854117
2020-04-21,-0.027743788603949677,-0.02531506461447875,-0.02774887073916886,-0.02416735143463125,-0.026521460190321068,-0.0405044499360971,-0.026558656161152334,-0.04143288970002713,-0.026584577119254646,-0.039260811021646476,-0.026614849317219996,-0.03926081102164648,-0.026649063740171203,-0.03926081102164637,-0.03279605089456157,-0.0392608110216464,-0.03034281940343379,-0.03003623739106815
2020-04-22,0.027130384850324582,0.01964468772172188,0.02708965067969008,0.019206800103784272,0.020068667688991616,0.03919480741836929,0.02013480803417183,0.04572721424520568,0.020171844045219114,0.03574121357538229,0.020211172193322413,0.035741213575382284,0.020252525463738118,0.03574121357538236,0.02760480810141971,0.03574121357538237,0.02423393995263778,0.02987386708159248
2020-04-23,-0.0008293932816830849,-0.0053194603303180505,-0.0008601704901065061,-0.005296288739538859,-0.000437051192398825,-0.009362191870125975,-0.0005149118098953093,-0.007487929011662869,-0.0005502045861201905,0.006695727716996923,-0.0005830977225679344,0.006695727716996937,-0.000613655413635188,0.006695727716996855,-0.002281058691704096,0.006695727716996865,0.0025103029161286767,-0.014842355218104895
2020-04-24,0.012113813973507845,0.008092876427161754,0.01216612690510833,0.007747661950471687,0.00908023223115409,0.020740816562276145,0.009167881899243615,0.017659103500003652,0.009211888704515843,0.012005828655273656,0.009255917598235585,0.01200582865527365,0.009299884398839756,0.012005828655273646,0.01221824877957445,0.012005828655273644,0.014235846656501284,0.01518642274038344
2020-04-27,-0.007771845850624267,0.0003012105280402287,-0.0077433654478987314,-6.77287761003068e-05,-0.0023281846102903687,0.006231171601021466,-0.002289739536799098,0.014344207991494504,-0.0022623423677175427,0.03697451059433514,-0.0022302888586847257,0.03697451059433518,-0.0021941130674584908,0.03697451059433503,0.0021147332676184497,0.0369745105943351,0.01337603680283541,-0.0024663461852689754
2020-04-28,-0.017283209278840396,-0.01470387018958748,-0.017284745416360943,-0.014036793599652039,-0.017169136378566274,-0.018181130713608717,-0.017155841202845065,-0.01529387365078231,-0.017154809799826795,6.500923716290573e-05,-0.017157262256836305,6.500923716291584e-05,-0.017162963317072705,6.500923716289127e-05,-0.018825795128085562,6.500923716290302e-05,-0.010037676122943389,-0.013806115442293234
2020-04-29,0.0259462592194765,-0.006024197580352193,0.025903144854242312,-0.006136937563030395,0.007676654715683725,0.027188809660880567,0.007746658738190208,0.04570129659671235,0.0077854465062296265,0.041417186176469,0.007826930574736697,0.041417186176469,0.00787105851968305,0.04141718617646924,0.010563276454473252,0.041417186176469216,0.02738240134836111,0.008845185189348747
2020-04-30,0.013303146436570915,-0.006072241949411487,0.013344401886122511,-0.006182355752446422,0.004662087138259347,0.0014679105649547202,0.004613600902208272,-0.010314081650266392,0.004584410400683633,-0.02643040368424518,0.004552913600799702,-0.0264304036842452,0.004519649974102754,-0.0264304036842452,0.0013061635439073041,-0.026430403684245235,-0.0066869804154797265,-0.00577335682292726
2020-05-01,-0.02007618194234913,-0.01308470892656987,-0.020156344178889184,-0.012211901865187976,-0.01974633744229171,-0.021220990625147353,-0.01960443809644367,-0.02592536328776215,-0.019531654471473838,-0.032464326016055395,-0.019458631948525037,-0.03246432601605542,-0.019385870399479838,-0.032464326016055346,-0.02183274729673161,-0.03246432601605535,-0.02235310125846209,-0.009169506636707162
2020-05-04,0.009418297235094564,0.0035563535747464236,0.009465193310236018,0.00328701479647329,0.006065677348616532,0.02124552575019396,0.00610477647940656,0.018361754752215378,0.006123547768202673,0.013980600323431885,0.006142011995005428,0.013980600323431888,0.006160256041745733,0.013980600323431812,0.010611976286629684,0.013980600323431808,0.0063676459549835,0.014973269212733545
2020-05-05,0.00920846337941747,0.009045219015562656,0.00920967575822147,0.00903119126560847,0.008742364282352623,0.011079269116821043,0.008785114112904275,0.01250366472092532,0.008809047756155803,0.005500879555161494,0.008834372761464903,0.0055008795551614795,0.008860881731561833,0.005500879555161574,0.009655071400134219,0.00550087955516156,0.009324467587970947,0.010131539147849932
2020-05-06,0.0007185017019106829,-0.004120871894398202,0.0007850144214360439,-0.004622093887092096,-0.002062482795452066,0.009039304729417646,-0.002041188345559083,0.006436080591229074,-0.0020312298128245566,-0.009702013328939186,-0.0020214537239941115,-0.009702013328939198,-0.002011743767687108,-0.009702013328939161,0.00238828195462791,-0.009702013328939173,-0.004847928837049737,0.0021315245186511607
2020-05-07,0.005736719813100658,-0.0077043622515154805,0.0026459041766975348,-0.007537218861304584,0.0005407976228283427,0.012952496083272452,-0.0034461142754013984,0.023759938081170044,-0.0034556949275710252,0.02451834750353684,-0.0034662522221772453,0.024518347503536837,-0.0034774614221025125,0.024518347503536854,-0.001612913098272288,0.024518347503536878,0.008004280166444062,0.004774175796528252
2020-05-08,0.009105675530413518,0.007583033531330065,0.011692002671912902,0.0077142004562356144,0.011941623957304255,0.0166124361467287,0.011919789847736397,0.02414579135308384,0.011938263414261331,0.027686847884636177,0.011957223549997764,0.027686847884636195,0.011976545997490878,0.02768684788463625,0.01418807537405636,0.027686847884636268,0.017775195831405112,0.016430589450476263
2020-05-11,0.009091656968309906,0.010709298036749422,0.009141182719704818,0.010839695431561684,0.008974710751146982,0.018846051138076636,0.009716248334281622,-0.002369306285753104,0.009722605713578192,-0.009912968902276971,0.00972947235578216,-0.009912968902276966,0.009736841230530629,-0.009912968902277003,0.012201159004357687,-0.009912968902277008,0.002697578888662724,0.019342182019351173
2020-05-12,-0.015931633011350553,-0.009904404713054947,-0.014195447088289662,-0.009037445245754706,-0.01399380080954342,-0.02170802159800548,-0.012743750754938672,-0.02994894221164352,-0.01272511623129947,-0.029751970628530702,-0.01270629500461517,-0.029751970628530702,-0.012687499121858611,-0.029751970628530685,-0.013837268769185725,-0.029751970628530692,-0.01576405805456158,-0.018465027745393273
2020-05-13,-0.010035784618316676,-0.0016501173256388225,-0.0093035257643605,-0.0021760678681737207,-0.006597214843626521,-0.01081528759036465,-0.003416492713513059,-0.01659332404155248,-0.003421420612294277,-0.0235699937055815,-0.0034250633857616977,-0.023569993705581518,-0.003427592542743758,-0.023569993705581584,-0.002099811216114338,-0.023569993705581584,-0.015963099107926693,-0.007223140825391548
2020-05-14,0.004991270801089028,0.002791886449418102,0.0026344541635920345,0.002695471748421996,0.0021095329188028046,0.01191988378545535,0.0046322992789007925,0.027333949087537664,0.004636660626779153,0.029327952006082906,0.0046445924682061,0.029327952006082913,0.004655782698478328,0.029327952006082892,0.00789505735278965,0.029327952006082906,0.015244976480217911,0.008895004237474243
2020-05-15,0.010018814674987133,0.008423248425198234,0.00916564064813006,0.008755225091150584,0.009105433175152649,0.02257922810251942,0.007313123257675591,0.014748732998753549,0.007293388091669922,0.011085826677650065,0.007273227486830985,0.011085826677650075,0.00725272988964467,0.011085826677650082,0.012138572750550818,0.011085826677650108,0.009158091223278956,0.01692268781592882
2020-05-18,0.01524485055229771,0.00975778658886077,0.01229075848198227,0.010062224180405373,0.011107651110895825,0.01983446858381002,0.010010346598678568,0.043883900464169415,0.010022730585610748,0.04992471405793425,0.010033067399034179,0.049924714057934264,0.01004156429069705,0.04992471405793431,0.012458612841682773,0.04992471405793433,0.02567714801522468,0.021156157913414828
2020-05-19,-0.002223419237324927,-0.008560646669448163,-0.004973426436327631,-0.008607697424017662,-0.00795149574335705,-0.000766376482605951,-0.010230894584410854,-0.009884347400700271,-0.01025263739605518,-0.01673686077763878,-0.010277162434600097,-0.0167368607776388,-0.010303911989216489,-0.016736860777638883,-0.008856426646349128,-0.016736860777638904,-0.011911030826699573,-8.738907565904001e-05
2020-05-20,0.019787287756138555,0.0034940179829675423,0.017900366937539255,0.0036902188115744416,0.010039572767349994,0.01867110523890805,0.006253442480954941,0.028397917903077295,0.006240035681705804,0.02914975065632864,0.0062237113106094815,0.029149750656328643,0.006205031477614038,0.029149750656328653,0.006735747238902078,0.02914975065632866,0.018274597822413936,0.012129858413197468
2020-05-21,-0.008456006458734,-0.007980359566525212,-0.008413670084987779,-0.007451011351786999,-0.009769734888985759,-0.012734026694898625,-0.00997892281504366,-0.014211969617952108,-0.00996019023942467,-0.011260338931579558,-0.009940301495764216,-0.011260338931579565,-0.009919510821503016,-0.011260338931579546,-0.010979525709613528,-0.011260338931579543,-0.008172097508262578,-0.0120220887295229
2020-05-22,0.002080082372281992,-0.0034752848788643736,0.00295462983327248,-0.0037827028068629373,0.00017840202513753802,0.011451847471742117,-0.0005713698976604004,0.002458840053180825,-0.0005649803956580694,-7.898045924988311e-05,-0.0005593268073005892,-7.898045924987933e-05,-0.000554343928378641,-7.898045924989753e-05,0.002689675157860073,-7.898045924989528e-05,0.0012454412024666128,0.010450087307258688
2020-05-26,-0.001706860926355289,0.00212204265051889,-0.0035853458958303146,0.0017892771160285298,-0.0021782652000853888,-0.01769698052104005,-0.0014086311090480749,0.01549657691347411,-0.0013983202251062706,0.024084617686729443,-0.0013867498619975415,0.024084617686729426,-0.0013742106086857891,0.02408461768672942,-0.004095278146641269,0.024084617686729412,0.008727713559471547,-0.01032289401334527
2020-05-27,-0.0028112240970797724,-0.0019762351548268248,-0.0005347342454043198,-0.0020693148180547065,0.001173550971129301,-0.0053085186014571635,0.0016888336546484603,-0.001214331159138363,0.0016957912672620177,0.01513621274650149,0.0017037632486740272,0.015136212746501513,0.001712595030759066,0.01513621274650163,-0.0009415832886863758,0.015136212746501673,0.007931067111176068,-0.0052214280436213255
2020-05-28,0.0010498643746378227,0.009655847385136609,0.002523438400583438,0.009412327673328679,0.005961149545432472,-0.0006484639583152523,0.008302707262362617,-0.012805791919721943,0.008317354570919358,-0.02311570992786919,0.008333628819831023,-0.02311570992786922,0.008351106436047733,-0.023115709927869356,0.00808689205486382,-0.023115709927869408,-0.0030942132691711244,0.003235471241146675
2020-05-29,0.0051463103521949185,0.007096620425259315,0.004426974316793785,0.007363699942442488,0.005934278330767816,0.018282448967162596,0.007158898374766697,0.012097040919707008,0.007143971301106073,0.0070765332207831716,0.007131530331876577,0.007076533220783198,0.007121442266496485,0.007076533220783235,0.011201867956568926,0.007076533220783252,0.007178935277858675,0.012694341237386272
2020-06-01,0.005774900466312541,-0.001912604690673484,0.0075256025251866955,-0.0022184520411275286,0.0029389506285310953,0.0014578303144686538,0.0011475453347075313,0.0037653690175352772,0.0011413011464056048,0.007489384287615652,0.0011320582617067854,0.007489384287615657,0.0011202560183248287,0.007489384287615686,0.0004173561274560917,0.007489384287615695,0.0029845569710593043,0.001090850390224112
2020-06-02,0.003461471479622782,0.002004851921725218,0.0031943066065290935,0.001976838407848734,0.003625612885326625,0.0056442498692483,0.004903571915509745,0.00990442911937938,0.0049068269018694545,0.010320397052081562,0.0049126289364696245,0.01032039705208156,0.0049207317841681525,0.010320397052081579,0.003940956083006241,0.010320397052081572,0.0065353885388989225,0.0008698321352237637
2020-06-03,-0.0006658522132725172,0.0019602474247254536,-0.0003935183664224631,0.0019689786927947366,0.0011547569946964349,0.0003532243968637039,0.0031286357641521715,0.014062347271243877,0.0031350591576301753,0.02102905950200211,0.003143522155724017,0.021029059502002116,0.0031538151321485676,0.02102905950200217,0.0021854994087039904,0.02102905950200218,0.00938461479567228,-0.0010529324839083816
2020-06-04,-0.008877397683012588,-0.0027310821867613994,-0.00955821566483285,-0.0025741847315882845,-0.00910377173400606,-0.007555001583791841,-0.007878409344840851,-0.004554736856985167,-0.007875103730876637,0.006674246885131244,-0.007873342793576491,0.00667424688513126,-0.007873033903129134,0.0066742468851313744,-0.006391791233037868,0.006674246885131423,-0.004258544478617042,0.00036698473948831465
2020-06-05,0.014982388150430959,0.0037811426097451384,0.014002604098857077,0.003977357266580988,0.01219026501202213,0.022656958181331743,0.011165966552968398,0.03479675650946273,0.01117311370372078,0.037754715970472544,0.011181116964751431,0.03775471597047255,0.011190049193644726,0.037754715970472565,0.010620754666237582,0.03775471597047255,0.024104721709766297,0.014634568210615921
2020-06-08,0.003775190111991299,-0.0008969329365258883,0.003424205592149553,0.00029206083321603856,0.002840880319292138,0.000958113147852308,0.0020013174798742023,0.009347422286489573,0.00012354024782330902,0.00744357900998079,0.000273763774143058,0.007443579009984017,0.00018127958710938963,0.007443579009980756,0.00011538377407928916,0.007443579009980725,0.00641523332727528,0.0017343841759953856
2020-06-09,0.012540514390292822,0.0031109463233132896,0.012704664052958226,0.003602543609195658,0.01187232442651979,0.01982222289445093,0.007735107359034092,-0.002686566980231775,0.010130366760270975,0.00022635909832335877,0.008378849613754577,0.00022635909832257467,0.00842068115784773,0.00022635909832336657,0.008566520096908756,0.0002263590983233715,0.00029556687772863905,0.0273299643839289
2020-06-10,0.014751393438157673,0.005046093977644533,0.013477341417983568,0.005174701584099103,0.011850047655078902,0.03191518741830706,0.013942618530748675,-0.02230875268157488,0.016545716447562975,-0.017722994056080646,0.011787471541952775,-0.017722994056086204,0.01188022551650863,-0.017722994056080597,0.01217750003833198,-0.01772299405608055,-0.0022855338282662704,0.02439612309372029
2020-06-11,-0.04336242289163503,-0.02792605159494143,-0.03730170602325792,-0.029272903888448613,-0.03473451308687624,-0.053491948288815684,-0.03429383284671548,-0.08197003084443427,-0.035881645677424606,-0.08061916944377101,-0.03619845898977746,-0.0806191694437736,-0.03633406736565194,-0.080619169443771,-0.03677745876104431,-0.08061916944377098,-0.056973709993303756,-0.04620557168635657
2020-06-12,0.010160069713896006,-0.007814114361255528,0.00534119554092675,-0.0069826918054915425,-0.0001419654909407995,0.014472164097059958,-0.0010297346275320541,0.02817692938894909,-0.000423183237654982,0.02768605619829677,-0.0018534794159550234,0.02768605619829804,-0.0017615445094211297,0.027686056198296765,-0.0014641249948591018,0.027686056198296755,0.013124526974607208,0.005452276131015658
2020-06-15,0.004478612962231641,-0.0019685310825692157,0.005065744128543239,-0.0005224371055274623,0.007153934702887344,0.012450928567267006,0.004480512615252942,0.010196965978290484,0.0065257513061849634,0.008606990441889433,0.0023854177906092082,0.008606990441892011,0.0024638896867103695,0.008606990441889405,0.0027058351057235325,0.00860699044188939,0.004048757786533366,0.01512657059207979
2020-06-16,0.0180507974237683,0.01870314528105383,0.01870330366001034,0.018503150045803683,0.01733810309427689,0.014434082959062986,0.0183653199043877,0.01431892661543136,0.015486933230848692,0.0159788144559478,0.01723271598841246,0.015978814455945723,0.01712374970944599,0.015978814455947822,0.016800059168799255,0.015978814455947836,0.01920454584750147,0.011737505520759254
2020-06-17,0.0021944316990412443,-0.0028016847377360645,0.0011018319253631144,-0.0024599334787970594,0.00042534984751486764,0.006604330558590132,5.234039692283e-05,-0.01423318664911812,0.0013497576260189737,-0.011941777436514865,-5.309586180620102e-06,-0.011941777436517174,5.1382469965197174e-05,-0.011941777436514846,0.00022867207374390255,-0.011941777436514827,-0.004723060476711814,0.007610350156131737
2020-06-18,0.002628503513960256,-0.002044469715988095,0.0012184405867118968,-0.0016935379645274765,0.0009162912427171952,0.004432826728075764,0.00018602410180950334,0.0006633587921308528,0.0013630846761424071,0.0015650416231926013,5.593147871944652e-05,0.0015650416231921139,3.078984340137671e-05,0.0015650416231926037,-4.5503423686264256e-05,0.0015650416231926078,0.0015851579071274545,0.0012484746582670217
2020-06-19,0.00140386165862919,0.008954712241611873,0.004350876707263752,0.008076644451136615,0.00222890816145509,-0.0002991010909746499,0.0013155939306194965,-0.001493120459401157,0.0025281138375676283,-0.0030900279698289307,0.00571963153892039,-0.0030900279698230794,0.005714803054472977,-0.003090027969828988,0.005696432698948468,-0.0030900279698290387,-0.003567017277742432,0.0023658750332591757
2020-06-22,0.015732409452855225,0.005715669807358509,0.015902090745637084,0.006002171074399382,0.012149429305720279,0.02726523388599568,0.011353287454917952,0.003209271843447842,0.012221031070747441,0.006970896335663903,0.007476938170583097,0.006970896335659133,0.007558134262864218,0.006970896335663949,0.007813389042758516,0.006970896335663988,0.007208414789310086,0.021174082214673685
2020-06-23,0.011534597391380581,0.0024853053971015146,0.009000757802478632,0.0023320243955632326,0.008391482170419266,0.006426363718324719,0.006479563768943159,0.00038303275305733595,0.004734316987518616,-3.513517353662154e-05,0.004459304079772634,-3.513517353856226e-05,0.0043790259081683235,-3.513517353660267e-05,0.004143891771352558,-3.5135173536587445e-05,0.005806167424617242,0.009744969408296176
2020-06-24,-0.020197118707323828,-0.011918918763713836,-0.016992541090408503,-0.012435958814055837,-0.015848585764415522,-0.020165952097581447,-0.014581348800098655,-0.03447548219697144,-0.014614215691876514,-0.03533021724883513,-0.014247020707196127,-0.03533021724883354,-0.014297767399160149,-0.03533021724883515,-0.014461194257105592,-0.03533021724883516,-0.02426319740911962,-0.016993089663277595
2020-06-25,0.00982871948883177,0.003636079759191473,0.007503828610578554,0.0036409134998769744,0.007645936826014038,0.01726148390509968,0.006641068868712581,0.028593122196270446,0.00873521367420927,0.02646751629676034,0.008456954156933406,0.026467516296763444,0.008541172173279921,0.02646751629676031,0.008804070152197847,0.026467516296760286,0.012354177081931478,0.015831480876793733
2020-06-26,-0.03328124546665851,-0.014962674114626692,-0.031216020289593697,-0.015317874014607772,-0.030535987223693356,-0.028108055588082742,-0.02292973775481667,-0.04437313125748953,-0.020634662599517937,-0.04180058664949126,-0.020466369165060484,-0.04180058664949433,-0.02052917913246933,-0.04180058664949124,-0.020730489644140388,-0.041800586649491205,-0.027527363192080108,-0.027642524559196458
2020-06-29,0.012220245803954257,0.008070801433108407,0.011484758486900747,0.007639494385367645,0.01420178800808309,0.010975555258701855,0.012886017231132214,0.009226100248524176,0.010764127631561713,0.01002399409655842,0.010959328494884858,0.010023994096557846,0.010967118245908049,0.01002399409655843,0.010991962768022102,0.010023994096558433,0.011848370928872832,0.008038262977134713
2020-06-30,0.01845852580432703,0.012072331734482777,0.017755310373993947,0.012430809825321106,0.016607633039065626,0.022497412546948425,0.01458464053372328,0.020804495659626675,0.01620972490911452,0.020610356001098944,0.015203065422659666,0.020610356001101636,0.015245535892684436,0.020610356001098923,0.01538082692471084,0.020610356001098895,0.014949557398160519,0.022134185124566195
2020-07-01,0.016912026600245728,0.009878812470575744,0.015957352197954466,0.010080070532227967,0.014759706697596539,0.00323911452984446,0.009395240895922849,-0.01143428278138282,0.00791070220332242,-0.008733923605475568,0.008306917451155258,-0.00873392360548213,0.008203259569511338,-0.00873392360547551,0.007887393116517394,-0.008733923605475452,0.004278415252820742,0.01421917798052586
2020-07-02,0.004105536502083589,0.0016164556162673587,0.0024253686126289487,0.0013600421003761103,0.0025904124501716815,0.005589497560586549,0.004808500278910733,0.005663557172224047,0.0035608565681259714,0.005753751200335505,0.0037079783402901656,0.005753751200335892,0.0037280626602096897,0.005753751200335501,0.0037912902085870236,0.0057537512003355,0.0032123131963294675,0.0038431339466925714
2020-07-06,0.027044920641033664,0.016742061592722877,0.02485012234981474,0.016619366839660494,0.022955236973330705,0.023743968114584558,0.021142188082065888,0.015259205183519866,0.021395234451000056,0.013775512081245401,0.020017701346648865,0.013775512081246211,0.01995235617368498,0.013775512081245396,0.019766600298942498,0.01377551208124539,0.015570313342310337,0.03346323753124126
2020-07-07,-0.005614338029897009,0.019740609665113425,0.0053976080522481675,0.019151459564526872,0.006730260459601478,-0.004141869841923025,0.006470905048624475,-0.017726891236202916,0.007709102292650703,-0.01675813695115499,0.007675696939261518,-0.016758136951154568,0.007700787490635882,-0.016758136951155,0.007742587041702821,-0.016758136951155002,-0.006275787410320416,-0.004565856066375486
2020-07-08,0.009363121253808166,-0.0020236757023565986,0.008904801123962714,-0.0015124016610970092,0.0086091078301606,0.025889589679866737,0.00738483276516805,0.011681990557602622,0.011100711971123002,0.011867463052083305,0.010939415709109581,0.011867463052083527,0.007616963161928888,0.01186746305208323,0.007880729262059892,0.011867463052083305,0.0074796795717264435,0.02431137831035881
2020-07-09,0.014149669384421847,0.01745116940587841,0.013733586335120477,0.015964504179181348,0.013716356483724908,0.012684920325532196,0.011037920384865525,-0.010075839296301351,0.0155248262612592,-0.010075839296307253,0.015561620345039755,-0.010075839296307197,0.01288541811171098,-0.010075839296307215,0.012919282429243872,-0.010075839296307107,-0.003445583625096002,0.016813188268079614
2020-07-10,0.006099624635910608,0.006959366054299569,0.004419025942074201,0.006859723172945903,0.006671041822570164,-7.122597564006793e-05,0.003950123955792035,0.025018109360288327,0.005066595312766321,0.02501810936027365,0.005047292022431558,0.025018109360273197,0.0053494331393268285,0.025018109360273124,0.005215268730157601,0.025018109360273294,0.012043044026907883,-0.00040483742549530643
2020-07-13,-0.01808062529862509,-0.00644265503414555,-0.014722975003209026,-0.006028898943133548,-0.01044055821006591,-0.027964777019179824,-0.007166036035179536,-0.011362708244593976,-0.012344438691066781,-0.011362708244598882,-0.012386884807244751,-0.011362708244599192,-0.008138719144983259,-0.011362708244599224,-0.008406793023848138,-0.01136270824459916,-0.008029943134616654,-0.020130313946247452
2020-07-14,0.00995809519251206,0.013844587120046638,0.010113701605471391,0.013738949292861938,0.010341177598507438,0.014546810670845824,0.012320779215969975,0.022457031445226122,0.013128522613524424,0.022457031445231423,0.013273108962332754,0.02245703144523166,0.013979229593153175,0.022457031445231684,0.01438034929759659,0.02245703144523158,0.014672823673691035,0.016000969101124755
2020-07-15,-0.001919228240585932,-0.001875779149353053,-0.0016700689387281512,-0.0016602907419470381,-0.003992758682763587,-0.002889901593584162,-0.0017911986592394165,0.005485579038002972,-0.005036396166753149,0.005485579038015019,-0.005036132090130807,0.005485579038015045,-0.003076500118533971,0.005485579038015097,-0.003051087285287469,0.005485579038014927,0.0035102537255769536,-0.006531696204153561
2020-07-16,-0.005713598935415496,-0.0004052952121189336,-0.004796283237311102,-0.0005563974101856971,-0.0033381421576792816,-0.013898048065460782,-0.0037658792797396617,-0.014756445382723948,-0.004029161622011281,-0.014756445382728054,-0.00402392126706305,-0.014756445382728278,-0.0019616679420355115,-0.014756445382728297,-0.0020660350076323786,-0.01475644538272823,-0.005928481526049016,-0.007946810029289849
2020-07-17,-0.002362962663082853,-0.0027334425272839465,-0.002106893434760157,-0.0023046938843749964,-0.002747199334452202,0.0012778559976659243,-0.0018211509297356614,-0.009323983668981517,-0.002233063332561282,-0.009323983668964038,-0.0021695678581506836,-0.009323983668963753,-0.0008640572518583338,-0.00932398366896367,-0.0006851328672114627,-0.009323983668963882,0.00035878921526351565,-0.000755719970579791
2020-07-20,0.027018442163563843,0.012274153805048071,0.023595597320348605,0.012710024475532202,0.022937360824299997,0.03359493617656801,0.017768565889690432,0.009737135152675788,0.022283787707483696,0.009737135152687109,0.022158860926127295,0.009737135152687416,0.01664085559813667,0.009737135152687466,0.016426532616056585,0.009737135152687352,0.008780809229656262,0.034721223446859344
2020-07-21,-0.007894235831180294,-0.003068490350864405,-0.009399834485568654,-0.003965797000639004,-0.005212912366764827,-0.01579678980970207,-0.00698997967326636,0.025619347074976293,-0.0062748606415129445,0.02561934707494844,-0.00628638899573437,0.025619347074948187,-0.005582437211427142,0.02561934707494806,-0.00568344984972114,0.025619347074948347,0.00343817297293453,-0.017097351402504603
2020-07-22,0.0018499656304175713,-0.0004545908402832458,0.0009533457552856471,-0.000319440170698677,0.0025825393725857713,0.008529562727196629,0.0022925766427304155,0.0025777530412727854,0.003017402900777519,0.00257775304128409,0.0030559704218561068,0.0025777530412843105,0.0013961202139943607,0.002577753041284359,0.001604263416298827,0.0025777530412842294,0.0031627396700520866,0.0012168292756125883
2020-07-23,-0.025941174368506827,-0.010623655709353669,-0.024574543151738997,-0.010568450944442124,-0.02097166779012281,-0.03857428536257644,-0.017060106192939253,-0.007248105530720994,-0.02051033645176327,-0.007248105530723646,-0.020487874254260928,-0.007248105530723767,-0.016756659240470314,-0.007248105530723784,-0.016872575758228894,-0.007248105530723771,-0.011077356386155849,-0.031778103477992044
2020-07-24,-0.0032197053493053453,-0.0028516775817093772,-0.0030811951719542366,-0.002829024060310113,-0.002433598372160293,-0.0009934112719139929,-0.0028813654772644115,-0.004267537474257207,-0.0012568378916976704,-0.004267537474260946,-0.001233695445014158,-0.004267537474260955,-0.0019702742896863515,-0.004267537474260978,-0.0019369418086065625,-0.004267537474260922,-0.005244646325293548,0.0018949124340718673
2020-07-27,0.01138917534116014,0.0050562055445390495,0.010443642612325332,0.004659363511693014,0.008565953356951561,0.01916825041501438,0.007035257591364167,0.007753889778057034,0.00921806016089846,0.007753889778055852,0.009261251503823547,0.007753889778056061,0.01062443473043184,0.007753889778056062,0.01078512565928566,0.007753889778056076,0.007114518432995581,0.017940312958415045
2020-07-28,-0.008901088245575582,-0.0018548357436725363,-0.009292738715302869,-0.0023718399803379867,-0.005922837413961365,-0.014658651242054484,-0.0045385181110559085,-0.01037497292482954,-0.005957414508722643,-0.010374972924827898,-0.005997058387201097,-0.010374972924828037,-0.003932954706012662,-0.010374972924828037,-0.004092460561060411,-0.010374972924828044,-0.005892776236104344,-0.01624638491355642
2020-07-29,0.007522846469193444,-0.001792129468656436,0.006930556419921512,-0.0012438269268829024,0.005156441128000838,0.01705626810634313,0.004010394296546017,0.022750101862206353,0.006055707330531695,0.0227501018621973,0.006122594587434239,0.022750101862197194,0.004586229363567157,0.02275010186219715,0.004838126346554014,0.02275010186219726,0.008662186628553581,0.016445062943669153
2020-07-30,0.0008391588285683774,-0.0020517875123628173,0.001976826803137419,-0.001981708499053969,0.005624475863991347,0.008242943056880366,0.003427564019168083,-0.013601853499301068,0.006007011313964701,-0.013601853499292275,0.006052146763600933,-0.013601853499292034,0.005598274847113163,-0.013601853499291999,0.0056935136545190855,-0.013601853499292063,-0.004529706511974654,0.008143274783894957
2020-07-31,0.021798277623988796,0.004155295244235633,0.02235282069872901,0.0038564114011987883,0.014197548891664137,0.03430052439461364,0.016518498868586643,-0.007750310715622506,0.01814080764856756,-0.0077503107156182095,0.018099240746924053,-0.007750310715618193,0.019141597258250747,-0.00775031071561817,0.018920134607207664,-0.00775031071561823,0.006377805652528487,0.03964400274532119
2020-08-03,0.0078233158476901,0.004228877251094615,0.008902542651884482,0.003202618863574957,0.009695304225153125,0.03643086347948974,0.011204728819407069,0.01692935833912145,0.013723843430044297,0.016929358339118725,0.013806943036114103,0.01692935833911892,0.011161353006580783,0.01692935833911891,0.011756375505651315,0.016929358339118922,0.006608427975383622,0.015776022749977824
2020-08-04,0.006431301396983707,0.011863060994075953,0.0033760129436509055,0.010136868258452714,0.008519664684052974,0.003192868219098567,0.007361139508307642,0.012685176107981143,0.01142989340188355,0.012685176107976117,0.0115193728821566,0.01268517610797626,0.01184827617949618,0.012685176107976235,0.011906778617336473,0.01268517610797627,0.00573425627228254,0.007907532634289966
2020-08-05,0.00374834455367773,-0.0010241249812627932,0.00050925433989217,-0.0009931755283086588,0.002719998814486777,0.002750988497722583,0.000988141235512444,0.012926174519104841,0.0027388946334100527,0.012926174519126107,0.002721457077821216,0.012926174519126296,0.0028091332308957015,0.012926174519126381,0.0027348453701047503,0.0129261745191261,0.00946055209347704,0.006770262333332342
2020-08-06,0.022932953735873046,0.00047206757047169766,0.020339158807030768,-0.0005220493584341675,0.008544369769873507,0.014633252172137592,0.006945934785530855,0.01841474900497735,0.007125864327161755,0.003780234068999243,0.004321031973507939,0.0037802340689993487,0.004541699745729947,0.0037802340689993396,0.004556829592212366,0.0037802340689993613,0.009082121993057378,0.012813677750084214
2020-08-07,-0.012423950953584895,-0.001975477638645843,-0.010256910592987254,-0.0009902047711380906,-0.006679759755437183,-0.017561378521325558,-0.007356599845863686,-0.018919227241621143,-0.007343319019584232,0.000999079585131994,-0.005434411552321498,0.0009990795851317767,-0.005444746392418036,0.0009990795851317757,-0.005482348569136361,0.0009990795851317472,-0.0018426424458063595,-0.015394482882273458
2020-08-10,-0.005649567734582711,0.0015253271536081446,-0.0036478468563491667,0.0014795857185017913,0.00019829010028857437,-0.0003824037023113529,0.00015910837970448257,-0.003932901546242962,0.0002111393820579602,0.012805857549387598,0.0021841069308810236,0.012805857549386755,0.0021830204674376202,0.01280585754938677,0.002172664906085843,0.012805857549386668,0.0015347110425963976,0.0010272003859464682
2020-08-11,-0.018907611390626668,-0.0133498128286046,-0.02059734288169722,-0.011668693556323781,-0.017039564337083347,-0.026155825501672884,-0.018748264382423503,-0.02621970792586693,-0.018778519773228843,-0.0030122707223555357,-0.016169952960602814,-0.0030122707223549333,-0.016211333135397184,-0.003012270722354942,-0.016337870572202963,-0.003012270722354866,-0.005486725863518114,-0.023503369434785277
2020-08-12,0.02050282217633759,0.018403235343378937,0.021212523317205106,0.01903389416524752,0.020898976137414895,0.03709060906404308,0.0243127353793895,0.037188106328306894,0.024424698350619594,0.017607919014762326,0.023828309156990298,0.01760791901476172,0.02396030098524336,0.017607919014761733,0.024378481571484124,0.017607919014761657,0.016636752463365725,0.03729855049941203
2020-08-13,0.003393006589013956,-0.0015490369350159904,0.004289904283031364,-0.002071610652779504,0.001609895700097148,0.005031384344372713,0.0009959540807948878,0.005724998002095437,0.001012669220596607,-0.007608484907902261,0.0024675232176747134,-0.007608484907902161,0.0024723418696857512,-0.007608484907902172,0.0024862741070689406,-0.007608484907902155,-0.006038491297251394,0.004396608308275492
2020-08-14,-0.002434870126305427,0.0021437661820977475,-0.0010949983927966897,0.0020310812745202352,-0.0008811801946547201,0.0017669445653918092,0.0009965006351893033,0.0026546261291286594,0.001044846402219157,0.00649585656397386,0.0009016515411282715,0.006495856563973719,0.0009531468919310547,0.006495856563973722,0.0011098817040172762,0.006495856563973704,0.00018984778963630162,0.0020830326420724276
2020-08-17,0.007142134735969771,0.014315205796178739,0.008470739235643438,0.013427463034017774,0.008266042755747298,0.02320829216219457,0.013821831389180046,0.022141390241468887,0.014046886682521955,0.016037522332590246,0.01521489483953078,0.016037522332590076,0.015437095666665566,0.016037522332590072,0.016122681522235754,0.01603752233259006,0.005344266710315497,0.023894047758259505
2020-08-18,0.014578926865791797,0.0050253581451702315,0.013515070515871955,0.005854363023846402,0.0117347110714972,0.013483561438070737,0.008343686241944424,0.0050138454665440806,0.008231918514169614,-0.012109210746070801,0.007157188065075998,-0.012109210746070371,0.007032945807380727,-0.01210921074607037,0.006664315385746626,-0.01210921074607033,0.001200985538283556,0.012181628987569412
2020-08-19,-0.0029818031334522613,-0.006471171987787947,-0.006247935871249866,-0.007624513372075623,-0.0061578885990437315,-0.007931863289556348,-0.006367056057462278,-0.004758495965370901,-0.006363643367580283,-0.007165959010940321,-0.005016598500058211,-0.007165959010939985,-0.005011088730494819,-0.007165959010939993,-0.004992194421136484,-0.00716595901093995,-0.004673130227623793,-0.00685473222681174
2020-08-20,0.018046199068568157,-0.002776033833503577,0.01401032574143914,-0.0025542478102853873,0.009235807743817031,0.012439919492744894,0.007045186763813266,0.017264718318126315,0.0069810261925829925,-0.008650810198349939,0.004414834498585999,-0.008650810198349242,0.00439032308545338,-0.008650810198349254,0.004325073764112045,-0.008650810198349169,0.00395489010015917,0.009176280982446279
2020-08-21,0.00452598006518819,0.005113194026786687,0.005653794926880737,0.004137571056773665,0.009265081091345516,0.026986969097449378,0.013830210344197735,0.02558461980087959,0.01405276579396711,0.012860808060399105,0.014835982035252892,0.012860808060398705,0.015014595469171995,0.01286080806039871,0.015565804704905236,0.012860808060398661,0.0034217303221994342,0.02735681683453231
2020-08-24,0.007242664172450271,0.00015730300582003436,0.0055891881463501535,0.0008522684704951291,0.004283413798261889,0.0068486952562192074,0.0039455231842251,0.006051701943313873,0.003940875930712997,0.018811301977787465,0.004165126571830647,0.018811301977787482,0.004158217531318094,0.018811301977787485,0.004141747370142233,0.01881130197778749,0.009854763342204542,0.006165237391826146
2020-08-25,0.010923636290895402,0.0002186279367248968,0.008932950073703217,5.979006782488957e-05,0.0034862531360936974,0.00308164427745893,0.002213144574939822,0.0038502737363045316,0.002165170915926685,0.0018104820421674223,0.001084864805158526,0.0018104820421677183,0.0010635967303863634,0.0018104820421677005,0.0010023780067619171,0.0018104820421677437,0.0026854874568209477,0.0013045344218284487
2020-08-26,0.03137664315369629,0.004925948940547499,0.02931676872572117,0.005815897008700177,0.010425330066846651,0.015331478216522853,0.007988935250881853,0.02020200353833932,0.007904669388437154,-0.00827160981803135,0.005292334605115457,-0.008271609818030807,0.005238114291145274,-0.008271609818030825,0.005081614983519557,-0.008271609818030757,0.010423256445844378,0.013477793303047016
2020-08-27,-0.00776476442781938,0.01377535338093234,-0.0017655309567336966,0.012974151565518783,0.005579539687532938,-0.00817842137554732,0.005690392830550084,-0.0030581005239802704,0.005613445792484643,0.004230281732601642,0.0032716988816002233,0.00423028173260193,0.003235897975002205,0.004230281732601922,0.003103908149828744,0.004230281732601966,0.001746302210416002,-0.010686765729116152
2020-08-28,0.006611497216949522,0.009831903302991465,0.007692995114246465,0.010599130704485092,0.007067246729161201,0.01304252495605467,0.010320605240528321,0.01613956960736026,0.010458019527198603,0.020606918073956777,0.009186651754238101,0.020606918073957,0.00933294995559285,0.020606918073957002,0.009776861880646621,0.02060691807395703,0.01044582376433204,0.011876374299250703
2020-08-31,0.0009100574186549636,0.00047044239868712537,0.0014655926198095409,0.0012977735449916264,0.001906626555062259,0.018206384341787455,0.004283413555704968,0.010327366391547518,0.004374622610633803,-0.009335651226223944,0.0054659469524464144,-0.009335651226224309,0.0055114549718960045,-0.009335651226224297,0.0056633760823373855,-0.009335651226224352,-0.005306446011819716,0.021381971116288506
2020-09-01,0.016047057772147093,0.01739935141914116,0.023464451557159767,0.01521732755491927,0.01775651504466113,0.027015991046637315,0.019593317420276195,0.027208413899618793,0.01971031727547161,0.006359947171129002,0.017680371318033163,0.006359947171128713,0.017761769014391436,0.006359947171128717,0.017992277132339835,0.006359947171128684,0.005458546303692469,0.022558591834515022
2020-09-02,0.014611409463383398,0.012516302865015368,0.01246341265196791,0.012427653252531503,0.011818503106290892,0.009890199136755035,0.011310117723374626,0.012080822175309524,0.01137870139553997,0.016485802026252327,0.012726980857078341,0.016485802026252154,0.012826310906091216,0.016485802026252147,0.013135332197937506,0.016485802026252137,0.015853243479461085,0.009816864870870278
2020-09-03,-0.048515313379017565,-0.027998207984892845,-0.04646155786148152,-0.0276266101741202,-0.04148734833601081,-0.07193081340023091,-0.045117699991068495,-0.07530564901395609,-0.045292381925553696,-0.03787826368106515,-0.04045017890390205,-0.03787826368106541,-0.040679375130833556,-0.03787826368106541,-0.04140211091884996,-0.037878263681065436,-0.03189699656176918,-0.06795011908083488
2020-09-04,-0.016317830312208778,-0.009123496453016031,-0.014122049613561677,-0.009015360725857671,-0.01119541857382754,-0.021008446416103985,-0.008339077943282718,-0.02002716932740855,-0.01086360280933116,-0.002678567049752917,-0.009659111883678408,-0.002678567049753056,-0.00971467667153373,-0.0026785670497530122,-0.009894560131874057,-0.002678567049753077,-0.008687578260540216,-0.015436812259173305
2020-09-08,-0.0393680747274528,-0.026215412907744245,-0.03834036501600192,-0.026068878217343595,-0.03466504946255287,-0.059624735842243995,-0.033056588540069466,-0.060639835932096514,-0.03651424150277022,-0.04121442377831297,-0.03313887338814249,-0.04121442377831283,-0.03324851225378835,-0.041214423778312886,-0.03358792475633089,-0.041214423778312796,-0.028600947575222347,-0.05203056942891925
2020-09-09,0.024877919549585938,0.019445598437571036,0.024541504346893745,0.01905937319263137,0.025228196522685955,0.04718311370627126,0.0254698871338227,0.047670774589065254,0.03031840821676458,0.027535137964603357,0.027824159962432492,0.02753513796460336,0.027983427069205632,0.027535137964603357,0.028485996420933607,0.027535137964603336,0.019105972280824692,0.045037212275706694
2020-09-10,-0.022455767482738438,-0.02175873258286635,-0.022125506637205573,-0.021432722635472582,-0.021971281928321415,-0.024170859914783335,-0.022126546589457605,-0.024112145593287573,-0.023828661845649534,-0.022903378458053465,-0.022452283824309104,-0.022903378458053448,-0.022490359212008135,-0.022903378458053455,-0.022610221376827607,-0.022903378458053434,-0.018039706837222523,-0.030050580267516523
2020-09-11,-0.00718944243197877,-0.002117706887970607,-0.005435453479899235,-0.0017531228563083803,-0.004076501149539528,-0.012474344532886249,-0.002029609961990763,-0.011272091976467358,-0.004471802554024401,-0.0018780420244186148,-0.002490912777526387,-0.0018780420244186432,-0.0025050898819111243,-0.0018780420244186302,-0.002552467347625896,-0.0018780420244186445,-0.0003276641037136364,-0.013035179335007125
2020-09-14,0.007391878448579789,0.0051631635170039086,0.005587489635385733,0.004375523979841837,0.006421327400601294,0.035296308030343636,0.007397089584859495,0.036397876025541,0.012887081438992289,0.021410459073714527,0.012704117525155233,0.021410459073714548,0.012958773393434314,0.021410459073714534,0.01374295757593867,0.021410459073714527,0.010594042987158244,0.026059624556765554
2020-09-15,0.01002738644665841,0.00456032060658953,0.009641489339679076,0.0049842922859795035,0.007278459449817888,0.012209512232191952,0.005302912949582371,0.01213692876664052,0.006184540881445428,-0.006197085871414091,0.004439016888968873,-0.006197085871414057,0.004427652200711186,-0.006197085871414069,0.004399414948894671,-0.006197085871414048,0.0028335921327072547,0.008839444512540333
2020-09-16,-0.01592061936477983,-0.007561419864049504,-0.016438966163158885,-0.009161318568257203,-0.013195721698613497,-0.03539302456426175,-0.00960752458102615,-0.034707240860491664,-0.0152388662700936,0.002276378321825313,-0.011413128417507086,0.0022763783218253497,-0.011506106893441791,0.0022763783218253345,-0.011797749666800026,0.0022763783218253696,-0.005748021842291072,-0.028517809570650955
2020-09-17,-0.013654567558578443,-0.007069582190938867,-0.013664327457934455,-0.006635227315758184,-0.010934463803016607,-0.009336772476299104,-0.008923406076170167,-0.008126745199426735,-0.009550279758211263,-0.003981719171735707,-0.008205935303227543,-0.003981719171735719,-0.008157026272950287,-0.003981719171735714,-0.00801005048957322,-0.003981719171735723,-0.007870416881267054,-0.01293975079414797
2020-09-18,-0.015728449933538575,-0.005648533546525134,-0.014329748591756425,-0.004903182330325056,-0.011580065154085821,-0.022175612319936665,-0.008662004277690857,-0.021628771080016762,-0.011194007052187321,-0.011695056142217063,-0.009600297468390234,-0.011695056142217065,-0.0096536554982712,-0.011695056142217065,-0.009813266179228668,-0.011695056142217062,-0.009395672162555747,-0.02094820746317147
2020-09-21,0.0021463912457818732,0.00047398536194772327,0.00421164420725429,-0.001294217443721681,0.0029435614667594426,0.022549458609511207,0.0010176939960436261,0.02343419469556146,0.007336279008893243,-0.010270034635463414,0.0026333076708022827,-0.010270034635463481,0.002760993381414001,-0.01027003463546345,0.003136547094642834,-0.010270034635463518,-0.010407811980428231,0.016602942909914518
2020-09-22,0.023499341387104414,0.013643810844262375,0.022682825111404792,0.013814407699563663,0.018598135070538136,0.020321443097671466,0.015797762808433924,0.0170385239498334,0.017182422795369925,-0.004361816765707621,0.014071905431152288,-0.004361816765707494,0.013947900362496211,-0.004361816765707541,0.013573265573176101,-0.00436181676570746,0.007761098570754306,0.024129800898767324
2020-09-23,-0.026408316437450303,-0.01376867964344069,-0.024928494813245754,-0.015947108021699737,-0.021977779600657422,-0.039013333391539076,-0.018437034957483712,-0.038179285042376075,-0.022257935731779692,-0.038157343243155235,-0.019053729532274077,-0.03815734324315521,-0.019117674464066377,-0.03815734324315521,-0.01932320483131077,-0.038157343243155194,-0.02414736994057114,-0.03881392070057559
2020-09-24,0.00688788284099335,0.002876023670054941,0.00723312867469355,0.002263006819745657,0.007087180379754293,0.007559358752975435,0.0067137972335059165,0.008191171182763307,0.007908083619140397,0.007089437327822899,0.007240228911743282,0.0070894373278229195,0.007293766516913525,0.007089437327822909,0.007459314909252831,0.0070894373278229126,0.0028257333993642456,0.0092113057462206
2020-09-25,0.01406597855102127,0.0032805480268412097,0.013766133774365138,0.0054634050719438495,0.012280119933143064,0.034291289321721354,0.01063981752104864,0.034075079946446346,0.015277411971712384,0.015914315716149527,0.012537982282896567,0.0159143157161495,0.012665161740612248,0.015914315716149513,0.01307104039167706,0.015914315716149482,0.012932826584141535,0.03188523345845683
2020-09-28,0.01459932110284017,0.011515820941533621,0.013159993285361417,0.011071056971725233,0.013404134022874145,0.018926897628379222,0.011598524293089149,0.01715662087800081,0.013263588021797567,0.02218344105074089,0.012045796467554869,0.022183441050740882,0.012021754055935243,0.022183441050740885,0.011949570557188607,0.02218344105074088,0.015434903391500767,0.019785456358311658
2020-09-29,-0.00021034746817165254,-0.0012443927327083935,-0.0005299759222247367,-0.0022576642161825826,-0.0026434370842147873,0.0017043225490589657,-0.004344526600103463,0.0015824113504056023,-0.0017411270641714965,-0.008470749648933084,-0.0017470970732435351,-0.008470749648933074,-0.001663949456687729,-0.008470749648933077,-0.001410826952906206,-0.00847074964893308,-0.004288732624835814,-0.0010841163208107304
2020-09-30,0.00790401175102399,0.011373371079154398,0.00901205814779134,0.011353042235599029,0.010441120935603669,0.012232236836002969,0.011942356019133958,0.013591076286068586,0.012956334616407097,0.011945496411845714,0.01282054313072157,0.01194549641184568,0.012898009214078101,0.011945496411845695,0.013133641804616295,0.011945496411845669,0.009134142621412404,0.01260825648183827
2020-10-01,0.01568163418246871,0.010022056507842738,0.0138717940411772,0.009627662485092782,0.010416638954215641,0.012258838495989828,0.00684797959440399,0.010968066741540907,0.009398979326211214,-0.0030585777041587554,0.006358834263979261,-0.003058577704158669,0.006320229789442859,-0.0030585777041587034,0.006193499444647697,-0.003058577704158646,0.0035701494870545762,0.010797737284512263
2020-10-02,-0.021878722311864683,-0.015445271662053324,-0.02160138308874359,-0.015496136096218256,-0.01953730897822024,-0.037165451306715266,-0.01820186064980918,-0.037128317727953906,-0.021275948506599394,-0.008841671429383177,-0.01921832167423245,-0.008841671429383191,-0.019301474249715067,-0.008841671429383184,-0.019563468318567142,-0.00884167142938318,-0.01280870423461249,-0.03198843284430714
2020-10-05,0.017561831375406713,0.013599682818922557,0.017399060404590265,0.014114435422221204,0.01693894871384074,0.029623221522840294,0.015417077917406145,0.029280908738141077,0.01940752904793683,0.026074978069160013,0.017809853727069766,0.02607497806915995,0.017924232886647243,0.026074978069159975,0.018284354021438437,0.026074978069159923,0.01559004575401839,0.031788874003611786
2020-10-06,-0.018194574792698967,-0.011856471032082204,-0.016190880932669315,-0.012537820810325976,-0.015201241683617013,-0.014292642603754225,-0.015035363086445576,-0.013314154306407183,-0.012459237960585656,-0.00438215623293164,-0.01214761472389855,-0.0043821562329316366,-0.012055045116533806,-0.004382156232931608,-0.011780904513205842,-0.004382156232931643,-0.013717329825185315,-0.016997756677161174
2020-10-07,0.012341720307580444,0.010601953236437735,0.012138169707819052,0.01141496401987636,0.01352584701119787,0.02202177781512468,0.013341623757689526,0.020837432592695063,0.013006311047531902,0.019305214039153983,0.012987863857131266,0.019305214039153994,0.01297009002123748,0.019305214039154,0.01292260917847195,0.01930521403915399,0.014855418100307712,0.019598981017833052
2020-10-08,0.006090628873609515,0.004025027184320634,0.00646054786332418,0.004037988516627179,0.00477821340180716,-0.004543727894695407,0.003572286611226815,-0.004025471573124494,0.002364156579579799,0.007985719699829023,0.0023174557967290867,0.007985719699828933,0.00226883347960871,0.00798571969982894,0.0021168538626333403,0.007985719699828963,0.008435733745062159,-0.0031283862898155443
2020-10-09,0.01680992339311937,0.011178483415255527,0.015792087993144573,0.011573162606392053,0.016914939561939922,0.01350203568311835,0.01455442096493264,0.012973637772657299,0.01148217262173994,-0.002989386373532539,0.011377338852886125,-0.0029893863735325067,0.011269296111991556,-0.002989386373532553,0.010939023576723383,-0.0029893863735325145,0.008610918674715383,0.013566423197029017
2020-10-12,0.030357388068564622,0.014759600202183067,0.03144063236447231,0.015232170209733258,0.027309474470268002,0.03912454215203014,0.023230139467653902,0.03695978833862123,0.023933446702930763,0.015851646782705606,0.023973219768967886,0.015851646782705647,0.02401428488152555,0.015851646782705675,0.024143730083768085,0.015851646782705647,0.016039587321139737,0.04442385013933998
2020-10-13,0.000617297428384777,0.004823293840566557,0.0012379962972168142,0.0028827220780924872,-0.002009653977025993,-0.0054604339644599795,-0.0017372424097900243,-0.004821329109236926,-0.002331096136840257,-0.014289171789951174,-0.002346673748239087,-0.014289171789951143,-0.002364854168459123,-0.014289171789951148,-0.0024315253331245183,-0.01428917178995116,-0.0032434055495522075,-0.006203308446407195
2020-10-14,-0.010497747493527105,-0.00999862921373408,-0.009364425627921072,-0.009557494441845841,-0.0077101487176848525,-0.009985771604961002,-0.0076233049839778124,-0.008562390946615529,-0.0077433729007677365,-0.02196078622848135,-0.007720002652162983,-0.021960786228481362,-0.007696190975144247,-0.02196078622848139,-0.00762503296660462,-0.02196078622848134,-0.010468079550295236,-0.01145815221192181
2020-10-15,-0.006376493737014879,-0.0042682091246319795,-0.0050854010155439245,-0.004549596022094685,-0.003743086561939039,-0.007656331891536798,-0.005241751798290579,-0.0074546355451815954,-0.005568045976848252,0.005163887228983752,-0.005576975772801655,0.005163887228983713,-0.005587655641813722,0.005163887228983746,-0.005627329264741918,0.005163887228983714,-0.0023651748937836194,-0.005785385889727883
2020-10-16,-0.001304154435878501,0.005006208042435417,-0.0013375606083985989,0.004290182421484805,-0.0003717278357767116,-0.00857927330488023,-7.087091677158118e-05,-0.006604225206547378,-0.0011414853167780454,-0.0045708767739405754,-0.0011674899904963536,-0.00457087677394058,-0.0011957197437092249,-0.004570876773940592,-0.0012908394850436817,-0.004570876773940584,0.0007536770117784683,-0.013320480381124674
2020-10-19,-0.01925290041233214,-0.016741615306610218,-0.01933292387180016,-0.017416038408853494,-0.020346174681121442,-0.021025316678196557,-0.01925303016701834,-0.02150048365783453,-0.01900142386229141,-0.022154758053266797,-0.01902222358022582,-0.022154758053266797,-0.01904456997164574,-0.022154758053266797,-0.01911780717552574,-0.0221547580532668,-0.018876852696409104,-0.02177897381823283
2020-10-20,0.008865140572884254,0.003973863162311847,0.00877695475377986,0.003664341814636358,0.006368652927892619,0.007171416832871744,0.004263404618630624,0.007066592163744352,0.005160787383614988,0.010294642194102288,0.005198236837815346,0.010294642194102293,0.00523589866746369,0.01029464219410231,0.005347367396572168,0.010294642194102293,0.005687134066671887,0.008766265512041713
2020-10-21,0.00603844082325078,-0.002857880039973175,0.006069329093496879,-0.003257667720572087,0.0008637341845037121,-0.004448465214789027,-0.0018769508569409514,-0.003381685760510742,-0.002813349624756628,-0.0066509231889174915,-0.0028296108212429215,-0.006650923188917468,-0.0028475801875195612,-0.006650923188917496,-0.0029089544974443046,-0.006650923188917483,-0.00029902641523033696,-0.0070823878865882445
2020-10-22,-0.001959705675262548,0.000522363820637962,-0.0026176840789962725,0.000903854235843468,-0.0014900472425720644,-0.014251752420926994,-0.0012197351289725566,-0.013941718668625003,-0.0024495520366038764,0.017360234987724776,-0.0024952661901055466,0.017360234987724682,-0.0025407294539414845,0.01736023498772472,-0.002672953499193368,0.017360234987724703,0.006014348642200864,-0.007723639181753088
2020-10-23,0.0057797295191980656,0.0016555790181378392,0.006427531832318547,0.0021757550353547596,0.0037419512619250874,0.00722850382059519,0.0027894606062446536,0.006970572253395714,0.0037916604244574606,0.0009208957518897728,0.003828715516220995,0.0009208957518898162,0.003868330634575327,0.0009208957518898396,0.003996612815932608,0.0009208957518898014,0.0033053412600022453,0.006147497221563251
2020-10-26,-0.015586272466348215,-0.008980423657118802,-0.013501754967942328,-0.008327165313728103,-0.011262413096174043,-0.01797089045968833,-0.00932955824750274,-0.020897484310295596,-0.009597148739407514,-0.024491279032264935,-0.009709239581309956,-0.024491279032264952,-0.009825087180311286,-0.024491279032264935,-0.010181283374757415,-0.02449127903226495,-0.019249902752631522,-0.010761139037586399
2020-10-27,0.010310326592468682,0.002354949744189481,0.012720131781578421,0.002600079299496916,0.009414442836220274,0.014468045277059863,0.007023310734979608,0.01350462106263678,0.007327470437118965,-0.008948485289640571,0.007349457910253543,-0.008948485289640498,0.0073720204335694225,-0.008948485289640514,0.007442251104699511,-0.008948485289640505,-0.0010348304255517198,0.0176420412273575
2020-10-28,-0.040219704035819766,-0.02452987126617354,-0.03856302353361543,-0.02598292071565258,-0.036101141683971695,-0.04842498811623622,-0.03249468068425104,-0.04962209722133555,-0.03308442923200476,-0.04148211188165901,-0.03319458613764116,-0.04148211188165907,-0.03331013068655686,-0.041482111881659,-0.03367524319539102,-0.041482111881659074,-0.038511319641247516,-0.04444444144736857
2020-10-29,0.019204940179059292,0.0008971890801594484,0.01653433768939627,0.0011528346714622026,0.01010987822009661,0.024790281355846825,0.006323711628823118,0.024271873846856064,0.008361874209663764,0.019557217713690997,0.008481959699592083,0.01955721771369099,0.008605948969818948,0.019557217713691007,0.008989230977730562,0.019557217713691004,0.011775942403657293,0.02506027771085606
2020-10-30,-0.023854224832472078,-0.007789554032282642,-0.022391775299450866,-0.00652500920491045,-0.015954998361605754,-0.04265288970668157,-0.02103811354170295,-0.03830631581317212,-0.023674847291776546,-0.007743927537673387,-0.023712799096034798,-0.00774392753767345,-0.023752875369759865,-0.007743927537673432,-0.023883523495388713,-0.007743927537673457,-0.008998396650317942,-0.04477987652450262
2020-11-02,0.004430196095065697,0.015309092555005111,0.0037580741391596856,0.014767566139142521,0.005815284387643891,-0.0016215541657332822,0.007600139544228725,-0.000647577906073068,0.008143414235163317,0.017828558807876642,0.008149541884619613,0.017828558807876583,0.00815458562287247,0.017828558807876614,0.00816250371542388,0.0178285588078766,0.011566811553772949,-0.0008764522739449453
2020-11-03,0.016990104069009682,0.012339929579097889,0.017049025299336624,0.011789666612970106,0.014963275920251757,0.02265273127115111,0.013722997209767178,0.023216974487024002,0.01506693488721501,0.018226465508928945,0.015148905639966006,0.018226465508929014,0.01523188872115161,0.018226465508929014,0.015479679432334695,0.018226465508928993,0.015947976044602543,0.020994752108882134
2020-11-04,0.034816576215466695,0.019437411234220776,0.03527505972273863,0.019288329008289112,0.02660055887073105,0.058362057560021524,0.025365190316849518,0.05686165755452628,0.02617181118060084,0.009672097499160212,0.026293980617246443,0.009672097499161196,0.02642561545477467,0.009672097499161196,0.026858526911030293,0.009672097499160955,0.027298359060070096,0.04698063245315602
2020-11-05,0.021403102204849735,0.011584340445398592,0.021510268301618448,0.010969036777520678,0.018855885037589087,0.02678595988861083,0.017404489729948555,0.027480480484563592,0.016743320734300387,0.024320132662977424,0.016792944188160065,0.02432013266297763,0.016842292559512237,0.024320132662977625,0.016986490851723268,0.02432013266297757,0.015812849741680655,0.026377764589873686
2020-11-06,0.002130011281198999,0.006157808435816359,0.0020880658860458054,0.006134019049979302,0.004743754818148622,0.006744227414085471,0.004725292460591527,0.007256805307249729,0.007296847654447448,-0.0001702235414071516,0.007394923229540257,-0.00017022354140745397,0.0074967978025468115,-0.00017022354140745652,0.007812448838178417,-0.0001702235414073589,-0.0007772758182486414,0.009351607236883016
2020-11-09,-0.03188192299197011,-0.01793507498865557,-0.031888091506339714,-0.016922315621676183,-0.022608851470478235,-0.044484755076968245,-0.02220047156560075,-0.041804969208717235,-0.02595120366980222,0.06803406957764653,-0.026041610326889987,0.06803406957764757,-0.026130666499306152,0.06803406957764757,-0.026386045228319,0.06803406957764715,0.021607115615189687,-0.04174721563786162
2020-11-10,-0.008255917118037569,0.010233438536049409,-0.008420131984143134,0.010866301594697597,-0.0038358206315172866,-0.03549280571036566,-0.0013025570822825458,-0.03541377997711654,-0.003726666351142653,-0.008997049958349311,-0.003939157957700076,-0.008997049958349955,-0.004161836455763094,-0.008997049958349951,-0.004864098049121253,-0.008997049958349799,0.0005509394417675665,-0.02828487060958721
2020-11-11,0.01969169739062446,0.011471538184354844,0.0198191657851438,0.01112435971525311,0.017549592929169945,0.038155472333434,0.01669947389757159,0.03740797841610818,0.018929685362613503,0.008835691151670263,0.019057743928830015,0.008835691151669725,0.01918909502585358,0.008835691151669722,0.019590580659839235,0.008835691151669892,0.006940505865890913,0.035684662377234826
2020-11-12,-0.001465497138535938,0.0009628219614582017,-0.0015137531899502188,0.0006685082206551925,-0.0005200381768086207,-0.004016631678969997,-0.0019755496572235573,-0.0036651254323776215,-0.0011701077515291463,-0.014011801058044736,-0.0011489307467074873,-0.014011801058044683,-0.001128478194248169,-0.014011801058044683,-0.0010724730792530746,-0.014011801058044674,-0.0082070696640251,-0.002134915012645979
2020-11-13,0.009456700269902094,0.011883770050984926,0.009386591224067252,0.01208164601079207,0.009730044108341584,0.0015443628426941916,0.009618261170065433,0.0014452666076900512,0.008050663007055332,0.01075267164702165,0.007957579874262636,0.010752671647021983,0.007860992564912458,0.010752671647021985,0.0075611280060384495,0.01075267164702187,0.013315850332484275,0.00038049106613721176
2020-11-16,0.0027217682775437057,0.003906509998134163,0.0027572931291764014,0.0023481105279583615,0.0028520809293313834,0.002249208265264858,0.001423604508186237,0.002509838178071223,0.0026721412500212193,0.03291978489547742,0.0027490304174583547,0.03291978489547637,0.0028277736029436594,0.03291978489547635,0.003067208107244787,0.0329197848954766,0.012018647750814626,0.009138947478756572
2020-11-17,-0.006805988166189779,-0.003603761060281705,-0.006796553193126491,-0.003946449843192209,-0.006453098606338483,0.00036904566686303504,-0.0036973153956992477,-0.001053003015370274,-0.0030586093843073506,-0.004233479332675263,-0.003092002251890647,-0.004233479332675017,-0.0031253913772334332,-0.004233479332675019,-0.0032231936918035702,-0.004233479332675088,-0.004330394301157084,-0.006296849214050318
2020-11-18,-0.008799265812863786,-0.004455709952877463,-0.00882176641016403,-0.005899444352444342,-0.009133241680671905,-0.009671736294542101,-0.009552224416953355,-0.010026980574716338,-0.00820894091175738,-0.015740880848565127,-0.00817521754817914,-0.015740880848564655,-0.008141793862936305,-0.015740880848564655,-0.008045652602006906,-0.015740880848564773,-0.012766344945971383,-0.00605376437870087
2020-11-19,0.006500372200697767,0.008492052058986168,0.006489269123911718,0.00736053726373069,0.005776026990813267,0.006710931013091418,0.004828985927905886,0.0069735052363267234,0.004295035030849699,0.004805106470434176,0.004287288563979559,0.00480510647043381,0.004277791790328794,0.004805106470433809,0.004241555551611397,0.004805106470433899,0.0027195745184955024,0.005426500714663563
2020-11-20,-0.00863800682254578,-0.005270371291827957,-0.008645368395704572,-0.0045054803070929145,-0.007908716105311008,-0.013965460044728135,-0.006392725330277849,-0.014355843284162848,-0.00796419986056663,-0.012807176570429697,-0.008052512196622053,-0.012807176570430363,-0.008143361038114838,-0.01280717657043036,-0.00842141212191816,-0.012807176570430175,-0.008107730667292382,-0.014130544910193648
2020-11-23,-0.004193908062564047,0.0019347038478219345,-0.004292224205810578,0.0012968615837035385,-0.00521432419092056,-0.009254742358707897,-0.004957067446361613,-0.009355217329708794,-0.004521353509216385,0.028810340537934766,-0.004528021009406692,0.028810340537934742,-0.004535073292802054,0.02881034053793474,-0.004558183749255219,0.028810340537934683,0.009704331171668608,-0.006298721120204515
2020-11-24,0.010940484561648057,0.005368567436356631,0.010955868464314775,0.0048595292947948635,0.007397062409088082,0.0013134090598096013,0.004832302746728246,0.002463324750627737,0.001667864974423667,0.031498197035407856,0.0016082040865544249,0.03149819703540785,0.0015454626669872524,0.03149819703540784,0.001347580580676026,0.031498197035407814,0.017958158573667095,0.0012355187169474674
2020-11-25,0.005444669535603809,0.005443770907484038,0.005510256543639155,0.005283101942556654,0.005760586670173207,0.0155874217193243,0.005559375254623721,0.013443009471187917,0.0076317387054452126,-0.004299938591030477,0.007668217647741226,-0.0042999385910304395,0.007706107705392296,-0.0042999385910304395,0.00782454522570458,-0.004299938591030421,-0.0009089091119417871,0.015275883773951808
2020-11-27,0.004052467433235073,0.0012740493722248334,0.004061592360753339,0.0014218716322511732,0.0033781749416332855,0.006806434534012466,0.0016399459832791682,0.007119878202128347,0.0011747409099361935,-0.0031743192108381114,0.0011799300218757586,-0.0031743192108382268,0.00118535285601029,-0.003174319210838226,0.0012025911142941994,-0.003174319210838178,0.0012742332074603315,0.0026677374021044573
2020-11-30,0.0006268022712592905,0.004935643952994805,0.0006673532982359857,0.003911866161469584,0.0018532764350170858,0.009553850378558448,0.004703362658513231,0.00986926490193869,0.006377409492672497,-0.0197406470773793,0.006439397613324517,-0.019740647077378895,0.006502109776021812,-0.019740647077378895,0.006688705925362208,-0.01974064707737897,-0.005554255548039132,0.007313501765546835
2020-12-01,0.015779250448188516,0.008355567978619574,0.015856106100452506,0.007863816320370049,0.014461392570038593,0.011059772093985983,0.013552142466532581,0.010416799080381327,0.012565406085629368,0.007022352214681447,0.012529229439992995,0.007022352214681449,0.012492489967197137,0.00702235221468145,0.012382975848051219,0.007022352214681464,0.01099861190347879,0.012834037220393836
2020-12-02,-0.0029160903208231576,-0.005759069139363175,-0.002893955497431539,-0.0050551821485014066,-0.0026198274370099603,0.005148815520974049,-0.003949710633084807,0.005274258156363631,-0.0024612170491169136,0.016027807125993016,-0.0023850458753572456,0.01602780712599261,-0.0023041185885161594,0.01602780712599261,-0.0020444331919660837,0.0160278071259927,0.005726269233082211,0.00088913878029772
2020-12-03,-0.00944810561273186,-0.00999599541048287,-0.009383393874458704,-0.008497111998820112,-0.006369447175520154,-0.002184722622395981,-0.0066576917717742065,-0.0021849492085569537,-0.00718090264935519,-0.004616737283160372,-0.007181473175523503,-0.004616737283160718,-0.0071798148144591525,-0.004616737283160719,-0.007163860584972835,-0.004616737283160615,-0.0035878080685141046,-0.006142758811523068
2020-12-04,-0.000862163847929271,0.003932457068797189,-0.002930945777414288,0.004718261236086202,-0.000977501150975668,-0.0003943892926135563,-0.00017405541314694325,0.0030444811174389127,0.0007463091614334268,0.02043520100062064,0.0008025449191512038,0.02043520100062129,0.0008616897963215579,0.024116889350251046,0.0010469560446980182,0.024620810834628228,0.008451274084921554,-0.00032971660540412025
2020-12-07,0.00218343128970014,-0.005490057751335141,0.0034997546534412285,-0.006422482224231443,-0.0008143370595223619,0.005605642254694022,-5.5747336787941394e-05,0.008579459909629107,0.0008394447844258773,-0.012265519535283067,0.0008657771420068235,-0.012265519535283022,0.0008929399105587694,-0.013482565536866326,0.0009766412661140651,-0.012748876939640821,-0.003004277860675781,0.003680795224249006
2020-12-08,0.004235869278729497,0.01203426399889855,0.004817287109840712,0.011895316070057695,0.007323043324180806,-0.001685455344611951,0.006002550330741088,-0.0014842374002599034,0.005935844810792909,0.0011736693558781542,0.00583906965383851,0.0011736693558780352,0.005738815398573272,0.000877042009924644,0.005428607314507668,-0.0011083362832051318,0.004022583080463353,-0.0012898527532641845
2020-12-09,-0.016291648733203788,-0.0028622996783495,-0.01717104197521542,-0.0026344408460138445,-0.01230803367991721,-0.02492362400841576,-0.013384779118552636,-0.024631436959680588,-0.010824132830396786,-0.008445191490003338,-0.010886029337629086,-0.008445191490003572,-0.010949322595484427,-0.009200133521943552,-0.011142814954317737,-0.011561926266280092,-0.007143411062111405,-0.02316868323843561
2020-12-10,-0.0027254101083587145,-0.005383422977318815,-0.00304689300683262,-0.005388987558091426,-0.0026431232993083874,0.002877422584357841,-0.0017074057147712144,-0.0003053621368600415,-0.0016887333616747804,0.009366529617849222,-0.0016576679862252465,0.009366529617847588,-0.001625538130687404,0.00749067723935644,-0.0015257225006349235,0.008456022138973143,-0.0019200679595194762,0.003752438978167775
2020-12-11,0.0007313404610904853,0.0009598415484740215,0.0012342340935999677,0.0020093051712258268,0.004023680569916344,0.00017051198883259012,0.0038798389317670086,-0.00037471903177682957,0.00239588632347808,-0.011465273144732136,0.0023826937919837125,-0.01146527314473229,0.0023691656785865484,-0.01275802253400907,0.002327791948091648,-0.011851644297624996,0.0035005325897173594,0.00021304272871126007
2020-12-14,-0.0005690409890445924,-0.010667021140109822,0.0010914083904357817,-0.010341110951888163,-0.005003069906660619,0.011380237088009587,-0.0016080330711001334,0.01233433357643746,-0.004833124000815988,-0.015464939650042947,-0.0047674758878113455,-0.015464939650041039,-0.004700202653890901,-0.011078787868497291,-0.0044939057202342285,-0.007754157933402067,-0.006314911236569966,0.008115387145571912
2020-12-15,0.006694352437488228,-0.0015080719233886018,0.005632586880610312,-0.00077338508397837,0.007919807028021976,0.016191011411143257,0.007984105190954943,0.01382961197339977,0.008206406447939497,0.010107710546505829,0.008246265685393602,0.010107710546505534,0.008288352346611908,0.008202555887536486,0.008423500793766098,0.006883882739558103,0.0076707983086602574,0.0167589721850812
2020-12-16,0.004761512208271672,0.0013680669553234554,0.006406310952655072,0.0022241320579155215,0.004373433238153414,0.005878796540039257,0.0037107682426357276,0.004103947615789658,0.00010563392685829275,-0.0010366135664048517,3.070110522007262e-05,-0.0010366135664051763,-4.566007583796687e-05,-0.002547491545918588,-0.0002743659340989906,-0.0037215574710405064,0.0019003112332717188,0.004507931330012315
2020-12-17,0.001512318801225696,0.006936160548958423,0.0011299959977618748,0.007310480554179625,0.004803013053527687,0.004988898516955765,0.006692504835475347,0.007733495807333489,0.006531220277349321,-0.0008389803925321885,0.0065519874797193515,-0.0008389803925309569,0.006574541890631857,0.003709070116681813,0.0066485999552934015,0.005283444981311149,0.0042727057196039605,0.004307107438062054
2020-12-18,-0.005417650519889483,-0.0028325147355419394,-0.004124372956550693,-0.0022945045138810394,-0.004670684894718836,-0.007972056560349723,-0.004327829634568035,-0.002094059259708913,-0.004318994441562788,-0.006265571773006804,-0.004320736438397461,-0.006265571773005607,-0.004322060702782599,-0.003243333782281297,-0.004324885253417215,-0.003269379078377031,-0.002142854691216662,-0.009646936228396803
2020-12-21,0.0009697013871741383,-0.004350296467563793,0.0013390512212805897,-0.004931103107570594,0.0008962862051674922,0.00459840628185975,0.0007576494459582367,0.00419054548036933,-0.0014898589846229259,0.016921530267447728,-0.001455908492766886,0.016921530267444893,-0.0014209737865494702,0.00591150867994573,-0.0013131920918974516,0.0026117081347057556,-0.0023477915532644196,0.0054275936796600345
2020-12-22,-0.003806859564057737,-0.007175264929369005,-0.0009371289392180813,-0.006909225221110418,-0.0006416430792525727,0.008515686094480711,-9.160212065627326e-05,0.011409827561469132,-0.0004993705711267632,-0.016576777592361463,-0.000479838893883795,-0.01657677759236074,-0.000458441009367318,-0.014807525412039602,-0.0003857924006844918,-0.01369092501935988,-0.005506875011301773,0.006185681933523052
2020-12-23,-0.0035807813061650364,-0.002602265598236341,-0.004768483287223841,-0.0024116168546956885,-0.004461204412639204,-0.011598465988474412,-0.006947281236131269,-0.013794193223828868,-0.005036691126096206,0.020834233060258986,-0.005094936614175785,0.020834233060256686,-0.005155403353838884,0.013433506707803761,-0.005343374504677449,0.008613218292928992,0.001712250491642413,-0.010693381987247664
2020-12-24,0.00451713897843874,0.002838725366799491,0.0033553261769391817,0.0025888991138647184,0.004585227564339232,0.00136506906540908,0.004181922972509676,0.004519928344834721,0.003857585624738128,-0.0014217946341522703,0.00385148023146696,-0.0014217946341506052,0.0038443386806761336,0.003570210738586217,0.00381810309073767,0.0038907949828021907,0.0038266579174941165,0.0009397854547332917
2020-12-28,0.02325287935607648,0.012081823787775087,0.021418044703326762,0.01248946648669947,0.01834678858371982,0.018904553051387926,0.015416231228908494,0.009011277242842241,0.014544363269385472,0.004686836012005418,0.014441651854284025,0.004686836012006902,0.01433494210196363,0.008411472875103333,0.014005852692128378,0.00703145244902525,0.012224958546460352,0.020157166287187143
2020-12-29,-0.0008435157902934347,0.0034997570404046844,-0.0011124632516730792,0.0034938042595460232,-0.0010409459749555802,0.0011196417868811314,0.00022540914073777352,-0.0014488587733567648,0.0020063022413337067,-0.002373622936647926,0.0019853408196607884,-0.002373622936647275,0.001965627392436765,-0.0005755145154034845,0.0019136962705725926,2.3030189876213207e-05,-0.00020296617501128992,8.524373610114768e-05
2020-12-30,-0.004665341262181729,0.002737786956033579,-0.007642337857792971,0.0032532933448280645,-0.003543614438418948,-0.0020570369652648246,-0.0007086264233293113,-0.0017505279782921732,-0.0006886711810994831,0.005657412890096605,-0.0006193347885064658,0.0056574128900981355,-0.0005477944412200592,0.010226356656295134,-0.0003286724504305288,0.011510913785383757,0.0011286350200465246,-0.0011329031650498375
2020-12-31,0.0010094479261199521,0.005612901307304012,0.0012677285152090053,0.005383716708127164,0.0023698259198479243,-0.006485515808996546,0.0007088059499917421,-0.002437808506154095,0.0020886402052159745,0.0046915621049452615,0.00206391543588069,0.004691562104945077,0.00203837594625228,0.0027453573701633287,0.0019583590710461514,0.0006909696671391403,0.004227389144038351,-0.006815048235302669
2021-01-04,-0.008696895491100759,0.0006666658786953086,-0.01133373524406102,-0.001788039617160258,-0.008362903606508472,-0.01550216163878745,-0.00632047539148024,-0.01706394872525435,-0.005193226680941996,-0.0062077500880737685,-0.005157717419833827,-0.006207750088074383,-0.0051245838394825185,-0.007372799761752217,-0.005040553145080608,-0.005980373544725907,-0.010869345575649475,-0.011309137069852544
2021-01-05,0.0006652416521872371,0.00016295541001303896,0.0024322382410215887,0.0009928748776294235,0.0037970126734807696,0.013445480309845954,0.005076216670779534,0.010684882796311032,0.005192292893224808,0.010882216854653244,0.00526682087363467,0.010882216854651666,0.005346856544852563,0.007478111471075287,0.00560801458206923,0.00915500422102855,0.00513318207520566,0.013038740938883457
2021-01-06,-0.017041341024356834,-0.004201187620508688,-0.014764219661997384,-0.004346979321231428,-0.01027677162538194,-0.03926840868315223,-0.014859933532713301,0.04086054501719606,-0.010289845860593987,0.04248597870100911,-0.010467815174144222,0.04248597870110979,-0.010651738491848995,0.03317050321907758,-0.011220922337307865,0.022579066556304817,-0.0011388833065087687,-0.034019346128148366
2021-01-07,0.013851151635119845,0.0017614879716429522,0.011849080713666825,0.0014668419624321513,0.009945582754138883,0.0323104050886426,0.012272099666554782,0.017578619539371617,0.01172294613876439,0.018672335527662058,0.011948133237147643,0.018672335527689488,0.01218341861008741,0.01368896723433395,0.012920568104076898,0.016188098715438522,0.01237143861936167,0.026555058587691048
2021-01-08,0.005361610720023405,0.002555004117848926,0.004401672994067255,0.0028298408348917535,0.00448164274070999,0.004566640070768113,0.0026101530403640424,0.00023976320448855363,0.0005195585453647405,0.0013186168911119458,0.0004889407874805662,0.001318616891086656,0.0004561716009195793,0.0033787114643694573,0.0003509612413135363,0.002764304240700912,0.0044394389734572345,0.003015469043160255
2021-01-11,-0.01701808687392627,-0.002299170764392423,-0.016293025446556884,-0.002800185855260391,-0.012368784479498934,-0.007879300568431629,-0.007552113015136764,0.01139394541649464,-0.0035010490971635975,0.009573386552872975,-0.0033596944045197067,0.00957338655293464,-0.0032116589685838547,0.0033950975770530214,-0.0027489627505618954,0.0044993046994839005,-0.0031576401978291456,-0.003953236133125358
2021-01-12,-0.005282788548293482,0.0029733676396213075,-0.003929287946647423,0.0026034334398830233,-0.002392240851464834,-0.0033387561928175857,-0.0021632630665775025,0.014035582297002223,-0.0035902102308486023,0.014250177168507216,-0.0036315073092787007,0.01425017716857672,-0.003676684200264798,0.008073676064822281,-0.0038265001876915793,0.0054978933272069545,-0.0016396483513159278,-0.0017442539550813132
2021-01-13,0.005531670422446181,0.003453635197115797,0.005455644316734839,0.0040874778467850275,0.004988688154560392,0.01032994101405039,0.004751334209110235,-0.001719703672243705,0.0029359614887464235,-0.0007991599459953697,0.002925487621739424,-0.0007991599460210665,0.002914746195202769,0.0010042082121791969,0.0028835123856420014,0.0012600116605872994,0.0026170177122284023,0.010277845217981021
2021-01-14,-0.015097669662358282,-0.001994893186768822,-0.012424281861532584,-0.0017537353941761498,-0.00750200862401674,-0.01738818071454646,-0.0088727564863195,0.012183682827487517,-0.007462274725777937,0.008109466241563399,-0.0075191188352275486,0.008109466241714658,-0.007576277257578498,-0.004262180132799364,-0.00774588587557583,-0.007296205618682628,-0.008417987455852786,-0.015241568118864667
2021-01-15,-0.002968317723994287,-0.007334993244316276,-0.0037761410036878515,-0.007877587055805192,-0.00647828463969818,-0.015211051239450737,-0.008850812998458238,-0.02585523472382665,-0.006894177482457735,-0.025830372061392267,-0.006968240669634883,-0.025830372061425792,-0.007043635512924367,-0.024491200381834454,-0.007271450380424901,-0.025280454099556822,-0.007690945988170271,-0.01402812875439483
2021-01-19,0.007245123995684527,-0.002532650587123642,0.005933469089180084,-0.001084205744211949,0.003582800810875641,0.006745631768877293,0.0011832970663473831,0.004882471038421903,-0.0009054865287042111,0.005233206589409314,-0.0008396433221607019,0.0052332065893991074,-0.000767655071228856,0.007756807431534966,-0.0005271264571145638,0.00947853206287624,0.005462526309384112,0.00484878453059053
2021-01-20,0.0308920173735344,0.013179046692765161,0.026396686326517885,0.012982277664838955,0.022930416075992943,0.03430757222287858,0.019764007095289797,-0.0048726074314171305,0.014675140058275953,-0.0029216708034056228,0.014681611009302497,-0.0029216708034801113,0.014687535945339105,0.005581573452137437,0.014705516638642918,0.009695318222806278,0.012666505220300389,0.031021511284088442
2021-01-21,0.008373583965616549,-0.0020313107210124994,0.008650495136642303,-0.002032630523175852,0.006182016182109563,0.02675607368355339,0.009640942911953287,-0.019761563680043615,0.0075424410936779495,-0.01854276286386433,0.007672178915390687,-0.018542762863903058,0.007805918986128001,-0.017146610723311483,0.0082184020963215,-0.012554217309516684,-0.00028616241781220363,0.022313914175925764
2021-01-22,0.0025094380089458208,0.0033449289505011297,0.003049609053391112,0.003460522442431926,0.0039177165635124085,0.00021887849580036657,0.002484845047173629,-0.004428725731275574,0.001683494082526475,-0.006934098398653769,0.0016621024313483884,-0.006934098398631706,0.001638955480838759,-0.008650605751993577,0.0015629877643504367,-0.008996983220452148,-0.0023844026957216165,-0.0013077717873538456
2021-01-25,0.005730319035178027,0.001592570210405134,0.008434712015893442,0.001988379643160161,0.008927605103133618,0.00738185621405635,0.008586489687993337,-0.010682557238905904,0.0070474870496759585,-0.010106624169385701,0.007036180505285241,-0.010106624169411469,0.0070246253286629125,-0.007488538053270744,0.006989946768762995,-0.00667240439613829,0.0023002213657531017,0.004171142868999261
2021-01-26,0.008558891033166215,0.007561181672902287,0.0086180524620249,0.007689990159355094,0.010271169033615628,-0.0007601837815371582,0.00810044545443288,-0.00978236952651542,0.0052909736150350785,-0.008879484690706586,0.005192441968047104,-0.008879484690715969,0.005090640993321716,-0.008967312474509798,0.0047775281292051185,-0.01015527850198866,7.60598636405032e-05,-0.0010836623455197185
2021-01-27,-0.02476473335199616,-0.02825141180718413,-0.0249500437440933,-0.02842882950580635,-0.02252919484116673,-0.025716486850211887,-0.021440627834587406,-0.026989874828967437,-0.026125168040609104,-0.026864708970346023,-0.02615426716466048,-0.02686470897032313,-0.026185481299273467,-0.02866231354545632,-0.026286155337800342,-0.029686961812089862,-0.026912522651981376,-0.02791138351823238
2021-01-28,0.0006816174037846436,0.004403818256805889,0.0007685811381274706,0.005986895186093001,0.0038573857988727905,-0.005700678184158878,0.002656681103981036,0.018424762675741252,0.0011801561245611072,0.015782450186576476,0.00117885857844616,0.01578245018654883,0.0011798086490955784,0.017835248687043972,0.0011918385222943416,0.0171070387464929,0.010318493673579971,-0.0026654481705093063
2021-01-29,-0.02127289415121016,-0.01999497042987577,-0.02033282165998374,-0.020569928029559766,-0.02191157569922523,-0.017027153164756125,-0.021201812576632794,-0.024981571490973506,-0.01912672500665057,-0.025286975575300057,-0.01910782544836266,-0.02528697557529916,-0.019087756129842575,-0.02800124069684212,-0.019023559499253665,-0.027363774360597382,-0.020781002727580895,-0.01509307788815781
2021-02-01,0.018453831109177234,-0.0006902667852493418,0.01620468193388627,0.0005049095885170981,0.01386942957642613,0.0259030914032385,0.011764665722565936,0.011277163051829187,0.008596949241431187,0.011278353431025071,0.008597308956327094,0.011278353431011816,0.008601300200389198,0.013134073350652913,0.008632843408621577,0.014299168559318898,0.011903750382497195,0.020846781318281035
2021-02-02,0.011953717733736647,0.00841562819201713,0.009224974749379177,0.008492181911749828,0.005920133329931127,0.015655613669732168,0.006796633858479363,0.02570913217408731,0.007459299365016696,0.026189268340209994,0.007511912482278409,0.026189268340179934,0.0075650178880838,0.028000129901115126,0.00772315416931353,0.027337459920862162,0.01500195714920693,0.014387852684289127
2021-02-03,0.006219716395237382,0.003297013302633289,0.006591874694762056,0.0032689447648434206,0.005542139807125653,-0.009523429756272383,-0.0025541290774349266,0.015000411581589835,-0.004716864947650232,0.01483637214159277,-0.004689235140891736,0.014836372141638299,-0.0046624336242228875,0.011619066281706567,-0.004588969091054312,0.010280354374699782,0.0059971317465252845,-0.006351626515920585
2021-02-04,0.00890113572824669,0.007793797985311727,0.004814964028907417,0.008805184951726221,0.00621174568296072,0.013913425701723277,0.0076102004849615875,0.017932584541972836,0.006007121849149534,0.01818544838567689,0.006037179768902059,0.01818544838566526,0.006066852343598578,0.0183962338944039,0.006153023877493696,0.01708341985836318,0.010724856129327739,0.011444982510611965
2021-02-05,0.005209861099219458,0.005878702392040824,0.0051510998819270844,0.006873902564492498,0.006263127111822351,0.0008740463776070217,0.003241716809514686,-0.000424089335515843,0.0034273166711100353,-0.0015535905931093894,0.003384698306745676,-0.0015535905930970022,0.0033412310294226376,-0.0019132692868456171,0.003210051044998341,-0.0027188673974474975,0.004317427938897275,0.00032772611091312485
2021-02-08,0.001098531716034759,0.0012047205502449029,0.0010232541520334335,0.0014766799313896946,0.0012482931725508852,0.016221445249908588,0.006075268062336275,0.02371014598649859,0.006289971633999904,0.018322743816988486,0.0065140181846200405,0.01832274381704972,0.006745646999933248,0.01832274381650842,0.007459345193777259,0.018848562870127948,0.008205819634480279,0.013086317825825429
2021-02-09,0.0008858475421517939,0.0002514106738889577,0.0008264331182541104,-0.00036882141190526995,-0.00026983194095569373,-0.00767634665063736,-0.0015218192677336772,-0.005115403108328376,-0.001555539623755152,-0.005238483910210738,-0.001591505000599362,-0.005238483910196107,-0.0016294465920026968,-0.005238483910378536,-0.0017503951993562057,-0.007385583621953995,-0.002961994882854935,-0.008783011631458148
2021-02-10,-0.003922494055491976,-0.007936230636553708,-0.003919465876272634,-0.007484087497445857,-0.004126549343457481,0.00803251068615035,-0.0012154545776541293,0.006344596947285819,-0.0010774182737983981,0.005821031426027481,-0.0009304897938795047,0.005821031426035878,-0.0007761659049656199,0.0058210314261032715,-0.0002896454745354043,0.009623454357243108,0.00027502215707376587,0.005177364710687851
2021-02-11,-0.0019522309912996872,-0.004772950151713364,-0.0019517870365297714,-0.004164712103698293,-0.0025377648097850937,0.007186144342288653,-0.0005166573074727896,-0.002693612751230554,-0.0003828862844616934,-0.0007774178226721534,-0.00024210499371489437,-0.000777417822743378,-9.55694435862079e-05,-0.0007774178219708233,0.00036038206534581797,0.008537880283743145,0.0010760633983791482,0.006741927608487354
2021-02-12,0.002655647795562821,0.0034008780239750775,0.002663137243131422,0.0030446637687827,0.0018142312045696426,-0.0034285326458106005,-0.00011407088929044919,0.008766774498200663,-0.000187504492475091,0.009918512438813363,-0.00026452589593563074,0.00991851243885521,-0.0003444602426036985,0.00991851243831387,-0.0005920145442175337,0.002664252678482991,0.000532768620464088,-0.0025560273116447224
2021-02-16,0.0017001879850306078,0.0007404987239586281,0.0015739838046140776,0.00037894845312512286,-0.001345046012051111,0.0025140884903432567,-0.00047847697321536727,0.020756187340481076,-0.00040310532503765083,0.02152111175564161,-0.0003254598172603816,0.021521111755697857,-0.0002460545338149339,0.021521111755062806,-5.4556806119202515e-06,0.01688943669708764,0.0026025002238202165,0.0037417501808707115
2021-02-17,0.001777773693204773,0.011805140908739032,0.001708126025314575,0.011372662348749032,0.004428172060044396,-0.009577611782904321,0.0029582087188374465,0.011194581679453683,0.0028177633180564493,0.01000917109416981,0.0026694361376557096,0.010009171094225456,0.002514442890408742,0.010009171093867382,0.002028499582192013,0.004034239953654584,0.0031636838661867994,-0.003352960076460105
2021-02-18,-0.013016689237022679,-0.020179667599268453,-0.012867407171370117,-0.020389942435592986,-0.009191783282382912,-0.0029690511720728754,-0.0091494606080462,-0.005627510195791554,-0.009161835091092729,-0.003447445533005873,-0.009168167424043467,-0.0034474455330225423,-0.009169128991455413,-0.003447445533050859,-0.00914636315056359,-0.004307143819937926,-0.004018414970467141,-0.00407037212671039
2021-02-19,-0.01085217931819824,-0.006766741564298023,-0.010884212736825993,-0.006856193827042994,-0.009790562741401877,-0.00552530966248528,-0.008741056825592498,0.010959765062805403,-0.008655464413755271,0.009041668450242875,-0.00856900483426029,0.009041668450309716,-0.00848203212344737,0.009041668449417822,-0.008225113499220784,0.0015661130174651986,-0.00833409884965561,-0.006615237103820233
2021-02-22,-0.017197609665010025,-0.002742086501573732,-0.01730971576075086,-0.0006472678358463366,-0.014383383229074535,-0.028449167486909867,-0.012342514543947677,0.02064209962840744,-0.012424551021578275,0.0184741554810542,-0.012512096241670465,0.018474155481041688,-0.012604622106785205,0.01847415548142721,-0.012901092047737994,0.016329324442766836,0.000617749416639892,-0.019273911524597127
2021-02-23,-0.003133971174270948,-0.01320529476000775,-0.0030388092396466037,-0.0110469747971236,-0.005407220722254347,-0.0032171201461822134,-0.007208236884510189,0.012127810274926779,-0.007244981976118366,0.01221332459335828,-0.007280409700383031,0.01221332459331377,-0.007314461481697533,0.01221332459387997,-0.00740696307115536,0.01404503994822285,0.002203345579778442,-0.005389432699008474
2021-02-24,-0.0018570638810205804,-0.0015629530567809625,-0.0018904587402910375,-0.00018967406068878768,-0.0012693011617480555,0.004223393934020281,-0.0006698192194821563,0.02383618037258872,-0.000558901902029174,0.02844587226645616,-0.00044053869901859125,0.02844587226640214,-0.0003160937293190391,0.028445872267261935,7.608921286799168e-05,0.03533729324353176,0.00939219297468318,0.0073981299651435
2021-02-25,-0.027349351585991638,-0.011929377194584128,-0.027435509113225953,-0.012662897620604935,-0.01990940134702804,-0.04806483812515407,-0.021535516465620873,-0.013876369651586477,-0.021733893097902746,-0.014041283248644424,-0.021944117227363436,-0.014041283248589283,-0.022164634088796008,-0.014041283249154435,-0.022861243979330443,-0.02512971754763168,-0.021291842291451594,-0.043022604565476165
2021-02-26,0.0019423793426178355,-0.011419234633971922,0.0020434762635993323,-0.010210773906915296,-0.00559653539183447,0.013650554363966111,-0.007895203652446618,-0.026047744447666818,-0.007792587153063396,-0.025235002014834203,-0.007682403887593965,-0.025235002014896164,-0.007565382089932646,-0.025235002014238367,-0.007187811997612911,-0.014625356991134406,-0.0068532929396019696,0.013228328632337043
2021-03-01,0.021007685195503605,0.0066416984444396315,0.02119091225044684,0.008240219896014322,0.01695043495961422,0.026461691733860482,0.012865941251070857,0.025414794580340547,0.012876382601090794,0.024830151083151435,0.012888450893218464,0.024830151083148993,0.012902325860732635,0.02483015108323659,0.012953755167142457,0.024085036111461795,0.018519322961764673,0.018654640086360287
2021-03-02,-0.012577290091159363,-0.007105146154738518,-0.0126485426767059,-0.007469777303731188,-0.009866439389022031,-0.020878564170399325,-0.010416821107937114,-0.0025430691078961016,-0.010483291225154198,-0.002031715689353742,-0.010553772132628333,-0.0020317156893587146,-0.010627860984707978,-0.0020317156892729767,-0.010863310441208696,-0.004245351913631701,-0.006583299676856669,-0.0192457140488882
2021-03-03,-0.023428368649654988,-0.01499735470662195,-0.02348859715749701,-0.01605360327556147,-0.020265015820327786,-0.032047191405767,-0.0180894686347502,0.015815916567234883,-0.018164339875565132,0.015973831947068275,-0.01824514628494313,0.01597383194713033,-0.018331301953310494,0.015973831946412914,-0.018610746749109834,0.004270877876228294,-0.01053822674316276,-0.029039525669818208
2021-03-04,-0.005620951216593161,-0.010228871084109923,-0.005678500256454046,-0.01029651338636408,-0.008079398511664794,-0.016542236543862113,-0.013979632343957927,-0.002023008114551287,-0.01406150554806325,-0.002806896385754491,-0.014148726073990635,-0.002806896385684737,-0.014240377814990098,-0.0028068963860192627,-0.01452938994916442,-0.007557634135525971,-0.007636160851155736,-0.01753027614984066
2021-03-05,0.012846078763601552,0.008295297304932567,0.012849720841810578,0.009381290759448593,0.015214299170666834,0.010845038517169064,0.011862755161555057,0.01819277548589322,0.011861000606511823,0.02040645817812483,0.011860550193452911,0.020406458178089577,0.011861139230949596,0.020406458178968075,0.011867161234625114,0.02695880727990665,0.019349254569068827,0.008723932470753187
2021-03-08,-0.026661596067132688,-0.007251689053447523,-0.02669815124408057,-0.005128097940508392,-0.015595435375252945,-0.04252588259797897,-0.013964406563729655,0.013938869252858128,-0.014168176435910146,0.010560573494100627,-0.014381894742095046,0.010560573494051663,-0.014604268146475223,0.010560573494459102,-0.015298808316942428,0.005408642923859653,-0.0024352504921272187,-0.034215849781007716
2021-03-09,0.02491530162621684,0.010988086114439273,0.025169007714977026,0.008547453963855953,0.025815621485692976,0.022285012250438,0.02562910021517223,-0.011128710822582108,0.019905565091787536,-0.011125624907736126,0.024009694633776283,-0.00799588839754369,0.02404678427109555,-0.007995888397543326,0.024157974136778327,0.004926118284093345,0.010713624763289135,0.012483977713079263
2021-03-10,-0.0014290557872498437,0.014720259573949627,-0.0015159678600974369,0.013430276978157839,0.0004920388712225813,-0.0002568434324096059,0.00045221131629369924,0.023386925252542934,0.002973364581640549,0.023386925252542927,0.002903068920781802,0.021692461692243807,0.0028718509917338916,0.021692461692243245,0.0027825949752058408,0.01750812446081159,0.008416198922903849,-7.494772113875322e-05
2021-03-11,0.022582838978515006,0.0048036364713403565,0.02258723308532348,0.0046723249124090375,0.02057928953681198,0.01984029404142266,0.02067133501702373,-0.003839571437714284,0.01776371794033581,-0.0038395714377142793,0.01852417418550963,-0.0023927772505057863,0.018580395748242134,-0.002392777250504888,0.01874892913027487,0.004790609403975513,0.009241595842774055,0.01765774196303323
2021-03-12,-0.010444026742564155,0.006816725661532195,-0.01042475239893182,0.006206778607587006,-0.007136827525096,-0.0029573851578026697,-0.007123447006792478,0.011271449291010293,-0.004771541293359001,0.011271449291010295,-0.0036753998763634976,0.009760481640794303,-0.003683380301931182,0.009760481640792778,-0.003703587971929876,0.004275789453159684,0.0006132221672618644,-0.0064575631055848294
2021-03-15,0.0065301697568441765,0.003353477747019589,0.006640154403222495,0.002941483581240527,0.00660190953877119,0.014050772994283091,0.006729272824504581,-0.009073451428385483,0.003666810287154663,-0.009073451428385459,0.004227167701645872,-0.006772037644271028,0.004298891463161307,-0.00677203764427062,0.004504823199988092,-0.003162138269733414,0.003928073783971118,0.003373593500845659
2021-03-16,0.008396337469733874,-0.0007808553814605762,0.008403982461623438,-0.0006382341141952472,0.007320358979978565,0.0019634957589437464,0.007260042767191746,-0.013687114606632057,0.0048609637918028605,-0.013687114606632047,0.003422535512679282,-0.011405180906285322,0.0034158697874577394,-0.01140518090628375,0.0033956214188285354,-0.006730819568899979,0.0022100303404351163,0.0006701301897913609
2021-03-17,0.0029337793943562313,-0.006540158372223497,0.002955627543365262,-0.009481922326831413,0.002565410670335726,0.0015614867240835823,0.002555213905275939,0.0070853416147213175,0.0028980018144639475,0.007085341614721322,0.001414185225983733,0.0056778831016614986,0.0014021707163740993,0.005677883101659688,0.0013643070990759004,0.001031056031900834,-0.0014932540574694553,0.004527566053906965
2021-03-18,-0.026834820601429263,-0.013579289949482353,-0.026964070325134534,-0.012685892229355124,-0.0270971724783061,-0.026024813886107497,-0.027160996896407094,-0.0023919476073342282,-0.024123646650365156,-0.0023919476073341697,-0.027008777855504398,-0.0011644184969098574,-0.027041476034225274,-0.0011644184969131065,-0.027134417332226452,-0.016923165545653797,-0.013908818013201053,-0.028584739670534938
2021-03-19,-0.00034010841877380685,0.00907864245687471,-0.00010620147054001482,0.006233158736355871,0.008784820300578006,-0.0012693172768108343,0.008703147743939415,-0.010630676062866226,0.009871107521270524,-0.010630676062866235,0.0063269549783898996,-0.012925685272566921,0.006281457677325441,-0.012925685272568932,0.006147263969854412,-0.012897036285968807,0.0003897006880512017,0.00317902890052588
2021-03-22,0.014521895908582733,0.01083371279205213,0.0146264435317049,0.011854241129860764,0.014530676217756605,0.016894264257757394,0.014619357890337437,-0.018302009489453618,0.013800443863039974,-0.01830200948945363,0.015358855675193791,-0.016745117206521318,0.015396862388191471,-0.016745117206519215,0.015512540057394223,-0.004970493279296435,0.008194792220676183,0.01199177492379639
2021-03-23,-0.002090720712069342,0.005919363995585567,-0.002096483139120505,0.00467172277358615,-0.0007562004669103715,-0.013136735252153758,-0.0009241975396099211,-0.011956482246356502,0.0022863277566608758,-0.011956482246356504,0.0024062036853027104,-0.011595722324529711,0.0022954409805770407,-0.01159572232452918,0.0019738504908582586,-0.011217686719243912,-0.0008926928782239685,-0.005267159318545354
2021-03-24,-0.015735102736595254,-0.0056176759676710925,-0.015822908631709428,-0.006577050895992369,-0.01650886508849479,-0.022189994594689438,-0.01664225924869253,0.012388368557425755,-0.013740818867908615,0.012388368557425745,-0.01404645493200791,0.011593009855890771,-0.014127256865610876,0.011593009855891515,-0.014361679174886144,0.008457695546185723,-0.003983498894469269,-0.01636162918531956
2021-03-25,-0.004374743572112341,0.009639452551216527,-0.004379777310197458,0.008696183566948124,-0.0031895986623802254,0.0043087234982200455,-0.0031457725949322834,0.01079908071949258,0.0012016437890996034,0.0107990807194926,0.0016691280807862438,0.010724353843764958,0.001652395047535897,0.010724353843763235,0.0016035979337179844,0.005310666677031002,0.0036626393588452544,-0.0005070902220347744
2021-03-26,0.009622401254374592,0.01430928463790824,0.009541276515320534,0.013438571472676374,0.007471852632380054,0.009937360313019642,0.007546829061643594,0.022725058129428665,0.0071024834553971095,0.02272505812942866,0.007985305248089823,0.022172712618663857,0.008022497828718042,0.02217271261866435,0.008142862747371388,0.023944800148016324,0.018096677122297976,0.0023022558736078206
2021-03-29,0.006220107925075255,0.00995863925060288,0.00620218524529004,0.008598955722930835,0.0069932785493134276,0.0003093578912765201,0.006935671513618982,-0.009631661335690267,0.0073925891893525395,-0.00963166133569027,0.005237680265171681,-0.00997667248235999,0.005206428581877896,-0.009976672482359937,0.005111856493161515,-0.006230222532392203,0.004011289566858012,0.0028262826262932454
2021-03-30,-0.0073634604468679,-0.009873220817221827,-0.007369755132397222,-0.00766286355723252,-0.006698012623021603,-0.0025762668276623816,-0.00666561502437344,0.00484693804979683,-0.008277524106724674,0.004846938049796853,-0.007846647029879235,0.004786021213997399,-0.007814899280954484,0.0047860212139953125,-0.007725699273526875,-0.0019371703330378015,-0.007284819321828557,-0.0032337744843797785
2021-03-31,0.013234517211021445,0.004221358777504336,0.013329464324596073,0.0042255072026327395,0.013369485222169642,0.014332807065167758,0.013458322794138331,-0.011423481849357696,0.01035468195598051,-0.011423481849357691,0.011772195844094259,-0.010506666695364592,0.011824986226416343,-0.010506666695364162,0.01198309710590554,-0.003635756861527243,0.0030597323731424144,0.008142490820417944
2021-04-01,0.0228972649578568,0.002333797264137359,0.022827759145203658,0.0027376727566766844,0.01938854409602586,0.021807457787008742,0.019492350324091186,0.014662738205650007,0.016302174819567215,0.014662738205649988,0.018510841741251782,0.013904748278189862,0.01858170158485161,0.013904748278190432,0.018795333000373837,0.018532788798179232,0.011050887523037033,0.02305475782470018
2021-04-05,0.022135666461605835,0.01050727105672079,0.02216217252399132,0.008487623352535681,0.02406741159211744,0.010929438610991046,0.023888646787981617,-0.0011234208683971977,0.02391633699963497,-0.001123420868397176,0.021533651187018384,0.0018091590289136818,0.021455844357723335,0.0018091590289151895,0.02122705505414103,0.0042550250827008106,0.011788205165513738,0.014529040248796338
2021-04-06,-0.002462422755438613,-0.001248522802566159,-0.002442685563977089,-0.0007374433456429077,-0.001509142980672186,-0.0002825379299715562,-0.0015250249489958412,-0.005891165293980893,-0.0008340497351038668,-0.005891165293980897,-0.0008229522220779496,-0.005268570220626133,-0.0008338598831615675,-0.005268570220625338,-0.0008696784124186047,-0.003381464734086557,-0.0030569332602501074,0.0004294368760663298
2021-04-07,0.01111857297204195,-0.00034889809561897925,0.011179984191834086,-0.0003570795264570914,0.010268159497957058,0.007596169890822406,0.010234390843738124,0.00963209216875389,0.007304338931926976,0.009632092168753898,0.006967427892139355,0.009596901375488982,0.006963384362364982,0.009596901375488744,0.00694697392227577,0.007747963104822054,0.004960111954437632,0.007092252310117565
2021-04-08,0.006334518657552143,0.0020165816939608566,0.006430408999726102,0.0021460591582340032,0.005172504830503891,0.006205512700454027,0.004732580924461249,-0.006919928459643492,0.003083089910321555,-0.00691992845964097,0.0031097512557885787,-0.007104551771512498,0.003136257546598223,-0.007104551771512901,0.0034703615683040925,-0.007704551771512873,0.002662985132823712,0.0052443918576760284
2021-04-09,0.014577794101628067,0.0006067292253572657,0.015242096282821383,0.0019047407356331657,0.006621980819626203,0.009827294041293351,0.010415935168161854,0.0036413336461636296,0.009385806428611535,0.0036413336461664503,0.00948219590473276,0.003641333646164053,0.009579360957790028,0.0036413336461636023,0.009476367977545171,0.003641333646163633,0.006709716938565285,0.011660183278751299
2021-04-12,-0.0028584633905390814,0.003102080828939797,-0.0014503771450516735,0.0027972671107372397,-0.0013123694869697452,0.013114767173230768,-0.0010686475537120574,-0.003202757152920308,0.000561968847436629,-0.0032027571529154863,0.0005371366600954247,-0.0032027571529195864,0.0005129362226441473,-0.0032027571529203557,0.006925406908029434,-0.0032027571529203267,0.0008644283655452465,0.00164619163944886
2021-04-13,0.0038879251316032443,-0.006569119283666205,0.004197611941755576,-0.006382476992872761,0.0007115929763612198,0.010459843215606012,0.0008864236402732011,-0.007532528095697582,0.0005212224606340156,-0.007532528095704957,0.000571519241774715,-0.007532528095698687,0.000620580886037826,-0.007532528095697506,0.0025214295111171364,-0.007532528095697545,0.0007436099878655212,0.0028682603578028074
2021-04-14,-0.008282962553285924,-0.002439834616688454,-0.010157099607613362,-0.003212131201379206,-0.007948091540077586,-0.011025110576794103,-0.0054074187610698285,0.009320867040059626,-0.005603337988930831,0.009320867040053173,-0.005627715029757498,0.009320867040058658,-0.005650509425038763,0.00932086704005969,-0.006580169141268606,0.009320867040059643,-0.00283533009305458,-0.007657249082834805
2021-04-15,0.018527889964047556,0.009153664686040158,0.017195353611856163,0.008758409887804365,0.012928984663699976,0.015580976253350578,0.015523006083289704,-0.009265737453223462,0.013360966093101943,-0.009265737453224135,0.013430036527266395,-0.009265737453223562,0.013501639313824932,-0.009265737453223455,0.018909723392772693,-0.009265737453223424,0.010746325251423262,0.011188646164126103
2021-04-16,0.003222383615197058,0.006327916776745112,0.004320703699565531,0.006648302523281431,0.004183023116639513,-0.002294480832659246,0.004900367822237432,0.0032730852985470415,0.006570457127648258,0.003273085298551769,0.0065486141311992385,0.00327308529854775,0.006526168638004013,0.003273085298546995,0.003490229261992801,0.0032730852985470285,0.0043013717980041255,0.005707638203171409
2021-04-19,-0.0036650554164562735,-0.001424938191295131,-0.00243245477142643,-0.0015756749823809635,-0.0029852194156142404,-0.009996377124971733,-0.00201237319776568,-0.0017803427720065545,-0.001769413472229159,-0.0017803427720094237,-0.001771550496570491,-0.0017803427720069847,-0.001774897430413652,-0.0017803427720065267,-0.004695998363141803,-0.0017803427720065454,-0.003460117147900221,-0.002232793434073771
2021-04-20,-0.004102160412313155,0.007057067329028011,-0.002273741288159432,0.004997417825196403,5.363900908887716e-05,-0.015781705122710946,0.00173828680427614,-0.02318069152172573,0.0029994360684265477,-0.023180691521728466,0.00297331856308023,-0.023180691521726138,0.0029492299247783167,-0.023180691521725708,0.0012529052206072672,-0.0231806915217257,-0.005058536671623655,-0.011335091067354705
2021-04-21,0.006111933492919301,0.0034232786532835363,0.005840180957220269,0.0037309316126475393,0.0019176311772287266,0.009273265240047492,0.0029674200042651383,0.01282836305475871,0.004094041607208414,0.012828363054758105,0.004108390802390364,0.012828363054758622,0.004122845512039688,0.012828363054758719,0.004465969145521027,0.0128283630547587,0.0069516771419579106,0.006760013432816508
2021-04-22,-0.010838274454028952,-0.009569288136779491,-0.011754329616215649,-0.010086766083847804,-0.012305392596702444,-0.01790221706252205,-0.011169068748413707,-0.014749933341083127,-0.010512156518990562,-0.014749933341081545,-0.010513121223528807,-0.014749933341082891,-0.010513755157094339,-0.014749933341083144,-0.01248128184504141,-0.014749933341083116,-0.010777079200669601,-0.012901514863529575
2021-04-23,0.013245128631944157,0.00391832926918069,0.013446419542075549,0.00466505558169845,0.009630711409276481,0.021762829935155166,0.00912878941057037,0.014376266628212946,0.00651378780950845,0.0143762666282181,0.0065570008681807845,0.01437626662821372,0.006600488972047517,0.014376266628212895,0.008445548870628147,0.014376266628212914,0.009487295316064737,0.01381762092098425
2021-04-26,0.001296181039160212,-0.010363999521470973,0.0012434369284929153,-0.00838307172449453,-0.0016522398266158142,0.0074697328606065224,-0.003380149201229099,0.0030644069857604017,-0.005891063395620774,0.003064406985762449,-0.0058497297732749386,0.0030644069857607087,-0.005809789126254251,0.003064406985760381,-0.003997549278050118,0.00306440698576039,-0.0020549260065829645,0.0011113740491145042
2021-04-27,-0.0009859336375197137,0.0005622028572577426,-0.0006869321396971341,0.0005069044182001541,-0.001252530962871408,0.0011523652627032153,-0.0017818198698684076,0.010048147236169593,-0.0012780932992381721,0.010048147236168623,-0.0012770580422919006,0.010048147236169447,-0.001275851333933976,0.010048147236169603,-0.0019586384980989835,0.010048147236169579,0.0010385769779773391,0.00021483345272958694
2021-04-28,0.003346447512342159,-0.0010847310694433105,0.0020298450013685647,-0.0003728182361021678,0.0006242175470009656,-0.0015650069335233483,-0.0004889033962904138,0.014566956564784846,-0.004633550297121286,0.014566956564778737,-0.004623438753087997,0.01456695656478393,-0.004615771833883864,0.014566956564784907,-0.0011460940960812108,0.014566956564784834,0.0029726622053817,0.0024163978838621434
2021-04-29,0.015174827871706903,0.00982485803653684,0.012018571005162942,0.010255332049411467,0.013774981264024256,0.016109210176098888,0.008389040401908531,0.01980869920021684,0.008566716324383702,0.01980869920021919,0.008556914704966376,0.019808699200217193,0.008546454566893055,0.019808699200216818,0.009530578979475032,0.01980869920021681,0.009399717067949695,0.011031952469608825
2021-04-30,-0.008857213701873923,-0.0011447276711678159,-0.0063786984652562505,-0.0011893475416896054,-0.006259526814176444,-0.01628828475001573,-0.005680291444332532,-0.019135778784068268,-0.003628404377783347,-0.019135778784058047,-0.0036564681400395376,-0.01913577878406674,-0.0036835929942574236,-0.019135778784068372,-0.006820940593611281,-0.019135778784068278,-0.008489126836807956,-0.007214808442702803
2021-05-03,0.0012587859865308432,0.015641350027198422,0.005360604996320427,0.01373677820020471,0.0033893601482327005,-0.0015350329209196515,0.006028299479078812,0.010012178922168574,0.0077958543193781355,0.010012178922160097,0.007782376697377046,0.010012178922167306,0.00776981725980753,0.010012178922168661,0.006316890070285166,0.010012178922168592,0.006418390737445327,0.006870343876847516
2021-05-04,-0.009841685456736464,-0.0008582075189866012,-0.010603017051608212,-0.0007778042551226643,-0.009187743289518583,-0.018486379654232287,-0.00642175591722732,0.009838152751969888,-0.0063281820382486125,0.00983815275197254,-0.006357602133638744,0.009838152751970287,-0.006384388656267181,0.009838152751969864,-0.007538556939140446,0.009838152751969854,-0.006563762501652004,-0.007614380883716712
2021-05-05,-0.004189939370662286,-0.0017425171089845883,-0.0005092468288018927,-0.001435438062552005,-0.0046650063523315825,0.0046331795015644665,-0.003227101163751356,0.018497588345741195,-0.003572246896952646,0.018497588345736067,-0.0035563488014084352,0.018497588345740428,-0.0035402917932633037,0.018497588345741247,-0.00227623784299574,0.01849758834574116,0.001412784984868796,0.0023102295156391638
2021-05-06,0.011831311457043171,0.012839631810754693,0.010956911144347086,0.011777805989371063,0.01175032434988535,0.011260070875085177,0.010706419908716378,0.013440076357191676,0.01092755898419249,0.013440076357199564,0.010924402738095956,0.013440076357192856,0.010921085903088516,0.013440076357191594,0.009692460614658983,0.013440076357191631,0.0103442236638272,0.010994108885187355
2021-05-07,0.0037605678232390137,0.0016223657670008398,0.003710927573308929,0.0017132079117038097,0.003886481440868323,0.009092140409611326,0.004109610494488167,0.00742974155712641,0.003334443504219785,0.007429741557126054,0.0033437846134816446,0.007429741557126364,0.003353742890567077,0.007429741557126422,0.003493935243637229,0.007429741557126421,0.005339144339603876,0.005632398646352876
2021-05-10,-0.015357905569179613,0.0049111295025300716,-0.015528618837792487,0.004443158700958158,-0.0061069741822863234,-0.012322465568386088,-0.006257902390307577,-0.0006500188996915603,-0.002413985301964984,-0.0006500188996915846,-0.00249253879401935,-0.000650018899691595,-0.00257118057615875,-0.0006500188996915943,-0.004374791120168793,-0.0006500188996915836,-0.008315072661323069,-0.006700486242236936
2021-05-11,-0.010428254951612053,-0.009436837864863264,-0.010306892764445658,-0.010093037019520364,-0.009529254286253529,-0.008986775927246069,-0.009526757302064084,-0.020570490154254835,-0.009225614141852035,-0.02057049015425486,-0.009228062319066836,-0.02057049015425488,-0.009230288776326992,-0.02057049015425488,-0.006049306411528444,-0.020570490154254866,-0.00881993706625272,-0.014644285633881832
2021-05-12,-0.02413055255149704,-0.010649392731260098,-0.024068646282174998,-0.011863092303923878,-0.021676300097383198,-0.018466137096656066,-0.021714255640767607,-0.0026418061475900925,-0.01918985610053882,-0.002641806147590068,-0.019215806984366576,-0.0026418061475900136,-0.019241933022088344,-0.0026418061475900166,-0.015916039305161136,-0.0026418061475900457,-0.016251454647644936,-0.021256030076784973
2021-05-13,0.015141573787106455,0.01633861935629015,0.01511224450018516,0.01631819730998775,0.014088685887400861,0.010767187133859565,0.014067625355035494,0.008184824608697783,0.014261161935501388,0.008184824608697693,0.014249675396674622,0.00818482460869765,0.014238053549464643,0.008184824608697655,0.009306205071554802,0.00818482460869769,0.01079189788854595,0.016483505693865818
2021-05-14,0.01521820438644869,0.004512113402930213,0.015329568553349066,0.003844399982544276,0.009740574915302908,0.018472822548241567,0.009803949332444247,0.018443009673496605,0.007429347741224492,0.018443009673496595,0.007468762589611654,0.01844300967349667,0.007509153077267088,0.01844300967349667,0.01120818489833492,0.018443009673496633,0.011760792508536845,0.00750290140300604
2021-05-17,-0.0020919238177477145,1.3645223565787908e-06,-0.0020428738736214683,-0.0004459649565069961,-0.0021382526670678434,0.00018208867077469185,-0.002150112118043141,0.01213259954016421,-0.002985469593296708,0.012132599540164171,-0.002989754067744818,0.012132599540164211,-0.0029949565399747745,0.012132599540164211,-0.0010926634370905584,0.012132599540164197,0.0002719970306432898,-0.0033375132684831887
2021-05-18,-0.009665843504326565,-0.0024637511697800196,-0.009707533118480998,-0.0032985616717891224,-0.0072546381810146224,-0.011704458058951038,-0.007246175334540064,-0.019793264801708708,-0.006419125271219769,-0.019793264801708746,-0.006415674551505065,-0.019793264801708794,-0.006411861955361635,-0.019793264801708794,-0.006052887927181111,-0.019793264801708767,-0.0071556891355694895,-0.007991097925915453
2021-05-19,-0.0002995667610866915,-0.0041185284415168515,-0.0002848743749995766,-0.004276214892738275,-0.0006237156416864587,-0.002814728168184367,-0.0006341300990174374,-0.01364841175781304,-0.0011278010546165794,-0.01364841175781311,-0.0011286183203814905,-0.013648411757813169,-0.0011288272558369048,-0.013648411757813164,-0.0005016665120323204,-0.01364841175781313,-0.0039449658696107635,-0.005016069344602867
2021-05-20,0.008831960586441754,0.007830258625350634,0.008901571362529432,0.007618547622575134,0.009095059535344703,0.011659863149367776,0.009102854814832683,-0.0015993566967707716,0.008843617993643745,-0.001599356696770724,0.0088456357391921,-0.0015993566967707218,0.008847530081349838,-0.0015993566967707257,0.012242844086106073,-0.0015993566967707307,0.009812130859062506,0.010442398617208337
2021-05-21,-0.0035628606562935227,-0.00262581115019321,-0.003650909338604719,-0.0022965227754545604,-0.003887467825595241,0.01560407863680386,-0.003927867799783024,0.008159647098156815,-0.003384172898025112,0.0081596470981568,-0.003399471801458841,0.008159647098156786,-0.0034139520063205912,0.008159647098156789,0.00013303041806936083,0.008159647098156796,-0.000796370111131437,0.001839710240501378
2021-05-24,0.012682401441781597,0.00240457184728786,0.012741700688793442,0.0024739643781227965,0.0089909267387014,0.0167700677080304,0.009007825527598805,0.008185049571773531,0.006335955539679671,0.008185049571773573,0.006356053503259835,0.008185049571773588,0.0063772875717789165,0.008185049571773585,0.009307158609575494,0.008185049571773573,0.01070587481733867,0.009235918270929807
2021-05-25,0.0025390135099682834,-0.0009299675655064991,0.002498516713150459,-0.0007296603579296545,0.002331700498942281,-0.0057092929140795945,0.0023328909655679414,-0.015895752922957314,0.0025973875561004917,-0.015895752922957283,0.002597422878775755,-0.015895752922957317,0.0025978338954183245,-0.015895752922957314,0.0016694301180847052,-0.015895752922957307,-0.0017289110604037684,-0.0013657030984731775
2021-05-26,0.0012967675025426417,-0.0011962552740218692,0.0012930370740499308,-0.0009544924182075228,-9.983166680852405e-07,0.0013492980638821128,8.710835589844017e-06,0.003919382341455024,-0.0007807496013395494,0.003919382341455013,-0.0007738440427833106,0.003919382341455009,-0.00076698746479348,0.00391938234145501,5.3319739674156366e-05,0.003919382341455013,-7.40297355723207e-05,0.0017715330547205628
2021-05-27,-0.0011855409119111058,-0.0066559409637382844,-0.0012426115145397765,-0.006112940583585903,-0.0076786445927247956,0.005716307035108636,-0.007660578551060261,0.005310830859978331,-0.008262660988206523,0.005310830859978252,-0.00825199012653058,0.00531083085997818,-0.008241757672594155,0.005310830859978191,-0.008297146761170245,0.005310830859978229,-0.0037030943887067826,0.00011752750730050811
2021-05-28,-0.002498172266946988,-0.004257301266769521,-0.002530899077018195,-0.0032231297920571576,-0.0009186521289640459,0.0131064347465307,-0.0009425654798664355,-0.0015451140725168022,0.0006217399770053218,-0.0015451140725167498,0.0006030978026232341,-0.0015451140725167172,0.0005844933630506191,-0.0015451140725167237,0.005481051305665055,-0.0015451140725167446,0.0011448988909544865,0.002441037200445347
2021-06-01,-0.002085029757344801,-0.0075216654801111525,-0.0020245156034532684,-0.007326871562928295,-0.008196277374262451,0.007532858144745913,-0.008156523386115729,0.02055451741167666,-0.009317348191541047,0.020554517411676677,-0.009299816563191048,0.020554517411676715,-0.009282825830044649,0.02055451741167672,-0.007073652594040587,0.020554517411676694,-0.0008199181331658378,0.0005255950021977871
2021-06-02,-0.000278651034709622,0.0019188449795554873,-0.00022203918527711022,0.0011932988874492107,0.0011379812861913783,0.008605076818972471,0.0011476012253991033,0.00388031723735114,0.002136302794309905,0.0038803172373511772,0.0021342580913589386,0.0038803172373512275,0.0021317508117528225,0.0038803172373512223,0.00684071803352524,0.003880317237351196,0.004172424355162968,0.00017215296694119754
2021-06-03,-0.006459698171801998,0.008057964515933491,-0.006520182118496083,0.006563545078198424,-0.002623468210976372,0.00663127575869556,-0.00270332034263502,0.0043646724888207035,-0.0011806562332130743,0.004364672488820643,-0.0012168286571089192,0.004364672488820619,-0.001251957178102724,0.004364672488820624,0.001724370887417379,0.004364672488820644,0.00034694151728273517,4.767930311057062e-06
2021-06-04,0.008857232632399093,0.003024329016474725,0.008932749648724054,0.002704459497967622,0.006762780893347318,0.011916883687638009,0.006795987862131706,0.0027493852384608526,0.004700981415254973,0.0027493852384608873,0.0047250725978910625,0.002749385238460903,0.004750064961853632,0.002749385238460899,0.008031661885530209,0.0027493852384608886,0.008486766873302477,0.0077549222386253825
2021-06-07,0.0009717109664850814,-0.005487093325305907,0.0009810659875520709,-0.00451134564092351,-0.0009348839635147423,-0.0018576343647029446,-0.0009663648509445865,-0.005044050492782639,-0.0014304344611191398,-0.0050440504927826415,-0.0014414023906969959,-0.00504405049278265,-0.0014512096263648744,-0.005044050492782649,-0.0026282768997696443,-0.005044050492782645,-0.0016816370519694424,-0.001762338676375075
2021-06-08,0.0009748007994303579,-0.007190137114711119,-0.0002701952500733359,-0.006379769160651582,-0.0017831430818030737,-0.0029953284877325785,-0.002508757654299046,0.0055552515546431185,-0.0021778065654695132,0.005555251554647736,-0.002112952632021711,0.005555251554643602,-0.002048065444505905,0.0033393580284875528,-0.002150968734769568,0.0033393580284875775,-0.0010117308148859304,-0.006046105820605659
2021-06-09,-0.0008579849519351024,0.002501871232683058,0.001754164347494755,0.002469943076250814,0.0032764680165094217,-0.0008231787368760516,0.002423773839201281,-0.005276648903274827,0.00242017832145315,-0.005276648903271031,0.0024163213545500863,-0.005276648903274428,0.0024122491300798297,-0.0060261832406770235,0.0013115876966730182,-0.006026183240677039,0.0002199476371216448,-0.003480575991902558
2021-06-10,0.0046525408674079425,0.007757659517444275,0.00558375177520903,0.007414523400801839,0.008365010951255015,0.0006455415971630387,0.007916880486334679,-0.0037924370353848097,0.0078884171321606,-0.003792437035378595,0.007859465965816322,-0.0037924370353841557,0.00783009047208294,-0.008079207306846624,0.006529738106679742,-0.008079207306846518,0.007932970400322748,0.0010643322146534843
2021-06-11,-0.0001249398086368412,-0.0038172096551899667,-0.0027088246177569683,-0.004045348773505186,-0.0027234647048488257,0.009641256658182017,-0.0018485943485217443,-0.003001858910648263,-0.0018215781084068867,-0.003001858910649485,-0.0017939504106572481,-0.0030018589106483823,-0.001765743121051155,-0.0022165324056428637,0.0006582713271196774,-0.0022165324056428763,0.0007572169351530089,0.003288417913381926
2021-06-14,0.007170879813528719,-0.0005611279344190147,0.0067531016935891445,-0.0004978991655711604,0.007364151015797427,0.01174508394147526,0.0061129649662857045,-0.0055960762732131086,0.006153748652248137,-0.00559607627320712,0.0061951184678527916,-0.005596076273212479,0.006237078405983403,-0.009101127308763817,0.006710666772745198,-0.009101127308763743,0.0030170099229530627,-5.1341385866774577e-05
2021-06-15,-0.005544431959349826,-0.0025802277008433014,-0.004770850065280206,-0.0031791120022476287,-0.0030516328409268497,-0.00820606304359598,-0.002416285034035084,0.016098058437944634,-0.0024163023414564572,0.016098058437961114,-0.002416672563963325,0.016098058437946313,-0.0024173794776173652,0.008748448604109497,-0.0032091737378238147,0.008748448604109579,-0.0015421221030061539,-0.00757880445246772
2021-06-16,-0.002370674873513922,-0.007784307452269677,-0.001513876203598336,-0.006676857755437278,-0.0038888564405846547,0.0005040143159464962,-0.004798802975374122,-0.0004166942655063555,-0.00476366129940926,-0.0004166942655102761,-0.004728728760410428,-0.0004166942655067708,-0.004693941259935608,0.0021304955857678943,-0.00402450560305583,0.002130495585767833,-0.005443668680964491,-0.002088813365145909
2021-06-17,0.005679065376975991,0.003775201679261553,0.006224731406213807,0.0030960628275299835,0.00978946589398303,0.0160864622667811,0.00943253563154903,-0.03299203808335467,0.00943905969146269,-0.03299203808335686,0.009445662119230383,-0.032992038083354845,0.00945239111333179,-0.034022617870248094,0.013354218134879277,-0.034022617870248,0.002826866246393429,0.0032121032791070504
2021-06-18,-0.012796632101397785,-0.015499003864799285,-0.013926535727264608,-0.015227173559212857,-0.013163642824977392,-0.009910586899885575,-0.014084434736663605,-0.02923324014438436,-0.014058058926881901,-0.029233240144386434,-0.014030464420521268,-0.02923324014438455,-0.014001720313344054,-0.026747367077580003,-0.013390043646257278,-0.02674736707758007,-0.013054975670883713,-0.014285366657707615
2021-06-21,0.011126231354050577,0.011212596490501252,0.011309172403528368,0.01090699648631838,0.009956924924291281,0.007578009433104673,0.009644528069050598,0.028871777867163044,0.009657595606388349,0.028871777867169324,0.009672127679246582,0.028871777867163675,0.00968793689174775,0.02640312741471789,0.007022601873525831,0.026403127414717897,0.01275476407600646,0.01014332343156277
2021-06-22,0.007497054496628559,0.0027852222406348566,0.007051104166573266,0.0027657337168933696,0.005110249362415873,0.013119612324163058,0.005111377184368542,0.008255976522664726,0.005143805174411797,0.008255976522669847,0.005177012374112755,0.008255976522665255,0.00521095914989388,0.007303451770260377,0.006907476661405743,0.0073034517702603476,0.007266746182554362,0.007710829159814853
2021-06-23,0.0005722833834013967,-0.0026101737203655427,-0.0015589133233123236,-0.0020638531778755533,-0.0044215531616451096,0.0021575614317693717,-0.005137809839308118,0.004175776674408075,-0.0051279889343019015,0.004175776674407086,-0.005117319454945692,0.004175776674407963,-0.005105859048832851,0.005631749103062578,-0.003933826516156535,0.0056317491030625265,-0.0020114602910039064,0.0032593402521618638
2021-06-24,0.0036112013689296235,0.003932499514396575,0.002558039480073956,0.003679745815984438,0.0014331919704392339,0.0041665871047701425,0.0016458437822617308,0.009291128206289988,0.0016304285884824687,0.009291128206290038,0.00161576956773426,0.009291128206289986,0.0016017536014132066,0.009493379960906165,0.0018440896565734156,0.009493379960906153,0.0047911865553648,0.006593767756569001
2021-06-25,0.00013396663477595544,0.007364439841179074,0.0006722162062436999,0.0066016165737514294,0.002786090118689141,-0.0014448212501650402,0.002497398318768413,0.007913321408874765,0.0024696164247500147,0.007913321408873616,0.0024417933049781263,0.007913321408874642,0.002413885935095143,0.009634185535380986,0.0020194410754411506,0.009634185535380927,0.003281918767319523,0.0037837500075136037
2021-06-28,0.007529759783995858,0.0012471596838246038,0.007876300955183999,0.0013640678398228793,0.004354356671370923,0.018725671228396985,0.004165389239966552,-0.01716055669817486,0.00417560012016445,-0.017160556698184865,0.004186678339656799,-0.01716055669817588,0.004198617508013666,-0.010627439380160093,0.008377445510912958,-0.010627439380160232,0.0012114720146922178,0.010629728121238772
2021-06-29,-0.0014472639339299098,-0.0021076792473727164,0.00023746709745142767,-0.0021188732622676463,0.0002727900671397848,0.0018196137655283066,-0.00034862792095407126,-0.007479872704758652,-0.00032880664227067464,-0.00747987270476195,-0.0003078671834886421,-0.007479872704758978,-0.0002858536111644565,-0.007283811253119099,-0.0011314526244155384,-0.007283811253119059,-0.001189544883200133,-0.002767183090926747
2021-06-30,0.0015574608497970822,0.004709143583995265,0.0011176594357882636,0.004611025511321185,0.0029437823583108903,0.0014054458583438439,0.0036089676496064106,0.00843998471690903,0.0036021786088189928,0.008439984716908691,0.0035947989389133097,0.008439984716908983,0.0035868702650964177,0.008367613823599865,0.0036385901032698533,0.008367613823599868,0.0026207078132143603,0.0020906022985744763
2021-07-01,0.006507921624552384,0.0021355951846874863,0.00641584026222787,0.003054023802155726,0.003342874606516778,0.0054453872398974364,0.002645503923858257,0.00831221590082593,0.0026500696094994137,0.008312215900825095,0.0026550988958733775,0.008312215900825839,0.002660530597218601,0.007485388255333583,0.0035839640614953264,0.007485388255333627,0.005391818356958379,0.0061934095021296395
2021-07-02,0.012941217008438888,0.007593302582514119,0.015291455741174471,0.00790867658855973,0.015161246245901979,0.01591386301434026,0.013047274521924966,-0.0037348204710276243,0.01307872001110331,-0.003734820471029092,0.01311116832074302,-0.003734820471027754,0.013144566486407397,-0.003663192505563276,0.012240597171631427,-0.003663192505563254,0.00867652022635728,0.008116317553250284
2021-07-06,0.0044340601263613555,-0.002548311448314798,0.0051702036551386985,-0.0019629826549108164,0.007543678657763179,0.007121410250502846,0.006119751611266002,-0.023984086440982967,0.006180104583891494,-0.023984086440986763,0.0062393271388066305,-0.02398408644098332,0.006297605344330314,-0.023420524085578355,0.007635644579016677,-0.023420524085578317,-0.0021656672819386014,-0.003185302280243909
2021-07-07,0.003692913362335076,0.007414588786254023,0.005473815938448374,0.00710019396431624,0.007204318939452305,0.0005273655456840434,0.007888612972292982,-0.010029248165534502,0.007902405995324654,-0.010029248165540412,0.007916499998269237,-0.010029248165535095,0.007930886018643253,-0.007755956098782218,0.005222869099035722,-0.007755956098782229,0.002516072184950704,-0.0005247198387538675
2021-07-08,-0.009786988046547974,-0.003088289188321023,-0.010080619228098862,-0.0035616716423235,-0.008650898173133548,-0.021566406038693465,-0.0077061866823987,-0.01137283072250719,-0.006448819659512401,-0.011372830722507088,-0.003472013233538926,-0.011372830722507261,-0.003495553296885098,-0.011764300396506151,-0.0057631238805725266,-0.014185456161729957,-0.006342756447583713,-0.012370163246959366
2021-07-09,0.014242699045908816,0.008739401423036546,0.011869234460558795,0.009313370765008782,0.01067169078024592,0.021949963174224825,0.010955262165229858,0.02268273619934155,0.010183849966708005,0.022682736199340588,0.006551150218851417,0.022682736199341573,0.006603547387639547,0.022682736199341563,0.006901034686597937,0.026217237688890435,0.008904387397436755,0.017104517428697792
2021-07-12,0.00995351039187756,0.00043971614182308424,0.006426778280494485,0.0010446085475507095,0.004981492907348973,0.016792552427031898,0.0036449655181350076,0.006163626779541327,0.0038675666286811933,0.006163626779540482,0.0023149218613342133,0.006163626779541381,0.0023288371347001233,0.006163626779541336,0.004943073192157398,0.008623146883937461,0.0037686104414326937,0.010256798897113709
2021-07-13,-0.003079223804617286,-0.0024263183761419013,-0.0017270551733793282,-0.003725384701703945,-0.0017909153413905002,-0.013698520578786726,-0.0008187228453364799,-0.009602038906970171,0.0008549741611759828,-0.009602038906969625,0.0025864800176573764,-0.009602038906970175,0.0025430697290166606,-0.009602038906970181,-0.00021076499383410573,-0.011905473616100355,0.001131605878928497,-0.008092209838613723
2021-07-14,-0.00020775169359869925,0.004826808517091075,-0.001357226754329278,0.004273998995399802,0.0010537288114082191,-0.013896472065246229,0.0032611053203618024,-0.020176916334321886,0.003953915938002736,-0.02017691633432364,0.007487021163103142,-0.020176916334321844,0.007476159067155087,-0.020176916334321886,0.002479885034485469,-0.017086140903889394,0.002149862063246819,-0.0062049681541138735
2021-07-15,-0.004719265568080068,0.0033225899394623793,-0.0031438252390049146,0.002293008566422909,-0.003969536021142384,-0.01376834805449074,-0.0023149066853270983,-0.004906485404636906,-0.0010030073303923914,-0.00490648540463765,0.0002582289482408178,-0.004906485404636887,0.00024344920942827178,-0.004906485404636905,-0.005155689432862445,-0.0031539597816712716,-0.0026113781270681005,-0.0051192610477907765
2021-07-16,-0.013596930644648822,-0.0022328957204873403,-0.010431023413695954,-0.003365766331259791,-0.00941808182673481,-0.026646037847031043,-0.009420534992031271,-0.02554618233966424,-0.008652818932191301,-0.025546182339664526,-0.004693805349285676,-0.025546182339664242,-0.004775661429089611,-0.02554618233966425,-0.009745858645188333,-0.02482208298481439,-0.008485457914296796,-0.016430615404116458
2021-07-19,-0.021256215070486622,-0.007901591965798833,-0.020320131802353338,-0.008497970801049578,-0.019128136098777296,-0.009250796878516172,-0.018290865611375016,-0.029486423649887197,-0.0163980721125614,-0.02948642364988688,-0.013318695155295813,-0.029486423649887225,-0.0134062418367813,-0.029486423649887208,-0.008483734909006837,-0.030595826242671636,-0.01527333789692669,-0.009429278601260927
2021-07-20,0.015821117386375032,0.003795779739538164,0.014281137345542021,0.005121897914786495,0.01366935539715869,0.010396669676574365,0.012207586718169613,0.01312634285029441,0.011032920892045774,0.01312634285029384,0.007883357913891479,0.013126342850294435,0.007956573339342242,0.013126342850294419,0.007013496532709307,0.015667018523796185,0.009264467850699468,0.010762829910318208
2021-07-21,0.00909724308161279,0.0033861626774362584,0.009268454328335025,0.0037989914805807994,0.008367262770332092,0.02636524643695587,0.00873407381851233,0.028107611198669637,0.00712894098568861,0.02810761119867038,0.004273615291040163,0.02810761119866961,0.004283643164407058,0.028107611198669648,0.0075924237913263925,0.02549919862172282,0.009346158339781625,0.01475161108507285
2021-07-22,0.003705389186358586,-0.00039236283837141726,0.005016092650804885,-0.00036711190004273136,0.003540130404791275,-0.0041601141275146945,0.0024443694841570886,-0.011544245484643117,0.00039248516478749813,-0.011544245484642997,0.0012688216726352746,-0.01154424548464312,0.001291273632912793,-0.011544245484643122,0.0026095970383920716,-0.012065792621985963,0.002708349398291339,-0.0010348019282591257
2021-07-23,0.014456769727788595,0.01018971389554612,0.013886408502754287,0.010104685710237711,0.009002702277889256,0.0003945148102690011,0.005957805747210186,-0.00249318893435742,0.006148574656547966,-0.0024931889343574563,0.008624175179257017,-0.0024931889343574117,0.008597282964491488,-0.00249318893435742,0.007232022516483712,-0.0029584606845589312,0.011591559544195542,0.00679512960767218
2021-07-26,0.007267729541181788,0.0009598574451300098,0.0039856768138023056,0.0014902504297895432,0.003213938427485067,0.002150562257580538,0.002453977632670649,0.018008196062566244,0.0025812759608862678,0.018008196062567428,0.0018018587793821148,0.018008196062566227,0.0018169815642893198,0.018008196062566248,0.0002479224146613605,0.015120950963463498,0.0030442627550051208,0.0013979729467192394
2021-07-27,-0.009259870293414577,0.002350763471237642,-0.008871016009526092,0.001621562283265885,-0.0063357101519100215,-0.004505976592405896,-0.003997406417408498,-0.005656954484091836,-0.002200894710700683,-0.005656954484092294,-0.0012690932950251317,-0.005656954484091819,-0.0013374250208742886,-0.0056569544840918366,-0.002476133788242852,-0.005247147926638689,-0.003252822501527142,-0.0027696706756865047
2021-07-28,0.005063258025625167,-0.004423188640666353,0.003014546390499547,-0.003666414188637659,0.0006289490798588851,0.009467232517736771,-0.0042545394164693285,0.005072734121627715,-0.005296444893575528,0.005072734121628083,-0.0075672380360624555,0.005072734121627704,-0.00755513931080412,0.00507273412162772,-0.004758028266273038,0.004269797838146721,-0.001046247080371541,0.004197491641294908
2021-07-29,-0.002960980447505219,0.0030029698231745236,-0.0013052047477565398,0.0026259956024961783,0.0029814588799797937,0.009111438518588545,0.003959385542455319,0.01296414321396684,0.004048072626559603,0.012964143213967272,0.0031025648186775792,0.012964143213966814,0.003103077118864869,0.012964143213966831,0.0033858211378366095,0.011930544451753913,0.0021303309837147964,0.0073551402972019345
2021-07-30,-0.015253684061096338,0.0029797733645440666,-0.013306637403794508,0.0015586549870927643,-0.012182192494643763,-0.00813505121817631,-0.011224552878690303,-0.01242559656451086,-0.010285208588605883,-0.012425596564511329,-0.006558382995278732,-0.01242559656451086,-0.006666329411865312,-0.012425596564510866,-0.007905574951452861,-0.01253847820360864,-0.006244736340130372,-0.0032993107749670005
2021-08-02,-0.0034784416810559266,-0.0030766449652274612,-0.0019006758603835289,-0.003186555353325775,-0.0005773294836980489,-0.00037740217856498863,-0.001065380077556243,-0.004008465686000041,-0.001580875486105997,-0.004008465686000044,-0.0007540373974369619,-0.0040084656860000425,-0.000747911851811101,-0.004008465686000042,0.0010350026444921798,-0.004458743405430998,-0.004010071641234689,-0.0003240373599157399
2021-08-03,0.006147694375761764,0.010941303998763205,0.009769746813142752,0.01085622719653893,0.011468671233927915,0.009638675193611232,0.01067376076753012,0.011894186000121683,0.009817805413534329,0.011894186000121735,0.00989793742243642,0.011894186000121654,0.009916038438392233,0.011894186000121688,0.01035699123460356,0.012260941421377103,0.006109785799958152,0.010112670801932887
2021-08-04,-0.0015923205442497344,-0.007475152875674693,-0.0014418514741363232,-0.007093745646084515,-0.004619054486582517,0.0011606450975110523,-0.006056849907200958,-0.016993542549064197,-0.007986569739777346,-0.01699354254906483,-0.008366180314862807,-0.016993542549064173,-0.008335031554810165,-0.016993542549064197,-0.003949668900215045,-0.014668645069339155,-0.004769431205147718,-0.0004929247439720072
2021-08-05,0.011488388446077958,0.0072850851016905156,0.0049289786928484,0.007974569876486006,0.003915468343647248,0.0158726991645938,0.003890384748157685,0.011823939501802624,0.0028416642928705787,0.011823939501802543,0.0007437275679068911,0.011823939501802643,0.0007416724370340846,0.01182393950180263,0.0018813690756711164,0.012495358281694123,0.007929188276290881,0.012158794199100318
2021-08-06,0.005088317277569834,-0.0006143967759966116,0.00606628994643825,-0.00042489452855570543,0.002086893167564378,0.00595734871293059,0.002170484867663787,0.017106946648980083,0.0016098322798516916,0.017106946648981852,0.0021690717118199327,0.0171069466489818,0.0018001525358524587,0.020970014021592487,0.0016307418370408032,0.021363485186271913,0.0011826081478070057,0.004096122226520728
2021-08-09,0.0008930096965063921,0.0008858485792353303,-0.0003330080144069386,0.0010155670198418352,-0.000471829013889883,0.002521417526164617,-0.0004858030792165634,-0.004646924977968072,-0.0004946993067125217,-0.004646924977967569,-1.3796123139980649e-05,-0.004646924977967587,-0.0002794896967636323,-0.0015277437364439295,-0.00033771559933686463,-0.0015277437364438463,-0.002015171501234172,0.002204066117772614
2021-08-10,0.001478459617011136,0.004888682620799991,0.0015583078827751985,0.00425880438251763,0.00016644707307174127,9.95220783372628e-06,0.00018201402437045388,0.017448983201522116,-9.627053338651536e-05,0.01744898320152139,0.0010288622939124675,0.01744898320152135,0.0011744642376053853,0.016251537922547552,0.0011576930578962282,0.01625153792254753,0.0021556311648760177,0.004564429200795003
2021-08-11,0.0021499568979868417,0.002093625667733197,6.371140965186531e-05,0.002686792247842803,-0.0009687607574475236,0.00010994543725397476,-0.0009657625529923875,0.008098032566385195,-0.0002284806588904386,0.00809803256638575,-0.0006043768784901775,0.008098032566385752,0.00017122120203529837,0.00897544315223916,0.00015448786285166308,0.00897544315223916,0.0008135097779550459,0.0023788018500258083
2021-08-12,0.00803125527500607,0.004539074962434084,0.006394739096658562,0.00504547074921005,0.006101571943284222,0.006800905680061135,0.0061162237466013975,0.0005300069887081522,0.005849698130125428,0.000530006988708633,0.0048795528751789455,0.0005300069887086443,0.004368774264233527,0.001720171670378026,0.004472727236009145,0.0017201716703780462,0.004035378850237139,0.004461054401203114
2021-08-13,0.00041386947813378216,0.003916453926804938,0.0005762258930667129,0.0034891951573045943,0.0033174505769681477,0.0008417854658133537,0.0032287676308802235,-0.009841292076528625,0.0035640082244651353,-0.00984129207652883,0.0031228268822645865,-0.009841292076528814,0.0032049272940026397,-0.01075374758568509,0.003080678076276131,-0.010753747585685104,0.0025278775157273254,0.0005141217306422112
2021-08-16,0.0013759879433193137,0.008527519297498048,0.005130761551404091,0.007562842801422574,0.006435424175679424,-0.005054621660516029,0.006416217426132187,-0.010552636717246282,0.007160388006405989,-0.010552636717245732,0.006916795621504704,-0.010552636717245715,0.007213616853985964,-0.009825293394801603,0.007202147945959943,-0.009825293394801595,0.0037491883064089656,0.0027218312789934434
2021-08-17,-0.011937603966350312,0.0012476031030301364,-0.007988595201506434,0.000188838536855202,-0.003744859762622665,-0.015081763872344165,-0.0038389030294071758,-0.005263902028989984,-0.003531522926022135,-0.005263902028990955,-0.0033986756109374624,-0.005263902028991,-0.001826672403496882,-0.0073035164169102575,-0.0019787902728160838,-0.0073035164169102775,-0.005922898144547619,-0.008179955942265914
2021-08-18,-0.010408672986455828,-0.012457478114457705,-0.010903333979661702,-0.012074689400498233,-0.012241269497726259,-0.012568560049788947,-0.012279569240926531,-0.017538124332543894,-0.011836825479943159,-0.0175381243325427,-0.012775749254603381,-0.017538124332542673,-0.012996310992282727,-0.013946575159529705,-0.013077369727645968,-0.013946575159529632,-0.012533966075606352,-0.011232781530529198
2021-08-19,-0.0006311323468576172,0.009443916168815056,0.0038829147170859417,0.008631552893374968,0.006885583355957555,0.008477084172453943,0.006782616722661627,-0.02188126505627449,0.008210879017281712,-0.021881265056272588,0.006411448478512015,-0.021881265056272525,0.007597883384667106,-0.01856796012347136,0.007453726552233725,-0.01856796012347131,0.005164351276917399,0.006500754942622127
2021-08-20,0.010816447873437812,0.00502445570068995,0.009839540602961072,0.005822271348096533,0.007328278171660903,0.02059772264387075,0.007305040574166791,0.0017175486332892521,0.0072597995529733485,0.0017175486332894126,0.0036543303240757314,0.0017175486332894198,0.0022541857404763986,0.002266768245719998,0.0023546861897682033,0.0022667682457200126,0.00841502486981455,0.010791369979957631
2021-08-23,0.012528023775932678,-0.00286609591280243,0.009103625601267804,-0.0014319695910018314,0.004825406560885213,0.027337065270514257,0.004954107458019827,0.025366849524930898,0.005014728926505324,0.025366849524929132,0.004461036362207281,0.02536684952492909,0.0016312385478438073,0.022772507324702707,0.0018549095502346643,0.022772507324702675,0.00912087801046845,0.009369777662967356
2021-08-24,0.005142747022191233,-0.0053994780913615365,0.0038444790060663146,-0.004869475865642433,-0.0013598980046106018,0.003609381704411398,-0.0012375762680335608,0.010700060574959033,-0.001901830366780111,0.010700060574958401,-0.0020010591706893562,0.010700060574958363,-0.00393633407264277,0.00964297659140302,-0.0037280644540311084,0.009642976591403004,-0.000156850777386972,0.0017186427131018252
2021-08-25,0.004486248521961602,0.00029456498926438686,0.00321878830651164,0.0005395872766559971,-0.00024770854190792947,0.015317009125366553,-0.00020458091301784682,0.009503243095870176,-0.0009549685910894187,0.009503243095871765,-0.0005331542424479062,0.00950324309587179,-0.0016282379345170773,0.012256248550806195,-0.0015854612589381834,0.012256248550806209,0.0008755786106918206,0.008376071980804756
2021-08-26,-0.004132390518397748,-0.0034050104567603682,-0.0038738740938167203,-0.0032117624706829956,-0.004173033134799254,-0.002020059052666244,-0.004101343210008768,-0.008252711883181165,-0.003284665440106218,-0.00825271188317926,-0.0033107010952622353,-0.008252711883179208,-0.002933360457137818,-0.00460202135147048,-0.002869795440860059,-0.004602021351470442,-0.006298699638379079,-0.0016777970925473272
2021-08-27,0.012011446295826636,0.0005252856559777276,0.010048032043534279,0.0014727098783817493,0.005768500581552288,0.016640279521239133,0.005836937382031279,0.014209226575780456,0.005849590256508278,0.014209226575779586,0.005829766775727451,0.014209226575779567,0.0036007576299727636,0.012895367192427135,0.0037138259326852203,0.012895367192427117,0.007229221802011145,0.009822949991767742
2021-08-30,0.0069306738515841244,0.004179768018411271,0.006594882830863038,0.003718875383121181,0.007741654405317007,-0.00484464914857761,0.007767230765351445,-0.011502586548608109,0.007424207509466004,-0.011502586548608763,0.00708856023217372,-0.011502586548608758,0.007109380733258707,-0.014197190283721052,0.007240939979035015,-0.014197190283721116,0.004357518477028992,4.107984223109158e-05
2021-08-31,0.0002596105012630964,-0.0016459135242669711,-0.001224706232932075,-0.001753062652552912,-0.0010558092131877643,-0.0044325087299500274,-0.0010346055123032802,-0.008077706431805227,-0.000973370163576452,-0.00807770643180452,8.646109433967162e-06,-0.008077706431804502,-0.0005899404018639536,-0.005395519580297775,-0.0006060290035095384,-0.005395519580297719,-0.0031948978680177696,-0.001893083787323549
2021-09-01,0.0017490572160817543,-0.002686922302463734,0.0007378803902617051,-0.0020414310547722616,0.002791099572699263,5.185631771657431e-05,0.0027794103613002987,-0.011580712780785183,0.0032268963340118155,-0.011580712780783747,0.004070286185240055,-0.011580712780783679,0.004918158018566057,-0.009677476399649393,0.004847502165889663,-0.009677476399649389,-0.0012709930325866294,0.0006791946898031699
2021-09-02,-0.004119940473953022,0.00590711796704191,-0.0008177579066539181,0.005329722390286361,0.0021881466138748058,-0.0030980462472097714,0.0021951855127833615,0.014334096397457044,0.0020943031956795594,0.014334096397455682,0.0025197159794607136,0.014334096397455648,0.004078189422426319,0.011081432777741903,0.004110150772141027,0.01108143277774184,0.0011755927102451301,0.0010935502637790528
2021-09-03,0.0005352272917862743,0.0003303685037168488,0.0007416753319024705,0.00029359839905899885,0.00033895156116717484,0.005194661038389513,0.0003452708802456375,-0.0022045127542197635,0.0005694084158951534,-0.0022045127542203126,0.0004776410615817724,-0.0022045127542203403,0.0002088236811573049,-0.0029632392262132824,0.0002235157889251822,-0.002963239226213285,0.0013616738905115348,0.0011145606600806556
2021-09-07,0.0017718649026164592,-0.00837308791261981,0.002068256179804767,-0.00734550735331958,-0.0018205122084662762,0.00014122790416676935,-0.0016472478431045982,-0.0013126648210083113,-0.0032681517318099455,-0.0013126648210084744,-0.0033987621483705854,-0.0013126648210085002,-0.003527478312186246,-0.0007795469398457915,-0.003224834622428129,-0.0007795469398461129,-0.0030063520301574905,-0.00332856135642044
2021-09-08,-0.005292297432545607,0.003892336397872702,-0.005259780587941465,0.0034792796276375214,-0.004095312697279795,-0.009868317450174921,-0.0040862062872345116,-0.009187155092654813,-0.00043857998272572667,-0.009187155092654749,-0.00046110263459642604,-0.009187155092654843,-0.0004829717904217466,-0.008698574019854938,-0.0002402319037000803,-0.008698574019854976,0.0004294674844289007,-0.0006169292496063243
2021-09-09,-0.003467849869805567,-0.00642883045817348,-0.0034682155808011183,-0.006580666750104496,-0.0068051597802227855,-0.0009498294479111859,-0.006762625502581613,0.0005470588912045932,-0.007231216851949213,0.0005470588912046481,-0.007216399147307924,0.0005470588912045559,-0.007203111861557705,0.0022269965438215817,-0.008732377923489057,0.002226996543821266,-0.005415710901193961,0.00030324862023766667
2021-09-10,-0.013218270014138948,-0.004972839480219931,-0.013221131307805962,-0.005060250564921216,-0.013726735153048961,-0.007485131349623459,-0.013789112498892205,-0.006378410245790258,-0.011194000918973495,-0.006378410245790336,-0.0112494720652682,-0.006378410245790221,-0.011306778900948045,-0.008823443352381086,-0.007022930317159452,-0.00882344335238058,-0.00690571379425741,-0.009980339342394992
2021-09-13,0.007254232060621137,0.0016244037055884383,0.007250065110904087,0.0013804889195171632,0.0063248842378603115,0.0053307335796938,0.006341962123607961,0.020238339069293256,0.0034111746849134197,0.020238339069293204,0.003426575915542972,0.020238339069293287,0.003440585267961771,0.019460370489172815,0.0010504997751668158,0.019460370489172922,0.0038933877369797367,0.0037188189003902273
2021-09-14,-0.0029844315082991207,-0.0059878782805768025,-0.0029849129894409287,-0.006286166702669565,-0.003794125256581241,-0.008140082793799129,-0.003810077585405843,-0.01950622279244553,-0.0037162590746589843,-0.019506222792445505,-0.003724755805931392,-0.01950622279244554,-0.0037330057554546318,-0.019383397675834448,-0.001093188372670582,-0.01938339767583444,-0.006001338017602609,-0.00640360865726387
2021-09-15,0.0064707736596111105,0.004433683576651863,0.006516859739175131,0.005173749715239359,0.007520669395036033,0.008255426502848719,0.007569825730625412,0.019428333029799974,0.006808673423501512,0.019428333029799804,0.006839162600269422,0.019428333029800075,0.006870700253289418,0.0165750796989263,0.006920934565925079,0.01657507969892664,0.007746167605811727,0.00579800524152284
2021-09-16,-0.0014274471287838478,-0.0008553613561809579,-0.0014289865204818082,-0.0009019304968872041,-0.0012977374804905332,-0.0007589231960439368,-0.0012830932002004867,-0.0037271692469779383,-0.001459484025185527,-0.0037271692469778924,-0.0014472004524184495,-0.0037271692469779635,-0.0014340255186381476,-0.0019426765881890519,-0.0022575393499129964,-0.0019426765881894617,-0.0012641924242609015,0.00031407024580745995
2021-09-17,-0.010754119521033065,-0.0035119704949625363,-0.010792985558557084,-0.0038123785251393837,-0.008522872429732525,-0.010371566345768034,-0.008591697382518236,-0.005162004948011434,-0.010668705074723867,-0.0051620049480113955,-0.010698850150843984,-0.005162004948011452,-0.010730646360251837,-0.004529918784028676,-0.010907181957202323,-0.00452991878402872,-0.008106781617537737,-0.008279448461743742
2021-09-20,-0.021361615346137234,-0.014327762502881588,-0.02137262371607157,-0.014724828182992845,-0.018733677899062988,-0.02850331433169654,-0.018840626632540124,-0.027423505543770633,-0.016926620392662878,-0.027423505543770675,-0.017000142805971254,-0.027423505543770606,-0.01707407104894368,-0.02931769493989782,-0.01706039066697057,-0.02931769493989745,-0.01746080865156513,-0.02131959486254303
2021-09-21,-0.0007580847937672951,0.0009158390619740637,-0.0007368066146957912,0.0008804448405672504,-0.00044863220495053595,0.0027341646453962185,-0.0004266534277347254,0.00010864566246104919,-0.0003629714701908085,0.00010864566246104856,-0.00034819072171568587,0.00010864566246104843,-0.00033221178829180706,-1.2895388459717582e-05,0.0018966328686724349,-1.2895388459632045e-05,-0.0004499154700884359,-0.0004757741261627918
2021-09-22,0.003546053893795153,0.002752904450815761,0.003644320464972207,0.0037631379911407287,0.007034759413439153,0.022170696584723634,0.007148397590728271,0.027263918172944587,0.008544243066355758,0.02726391817294449,0.008602946799877546,0.02726391817294465,0.008663289436620628,0.02521156046013509,0.010114996402533485,0.025211560460135347,0.006279600226083879,0.008997530842534166
2021-09-23,0.01093175173061236,0.008832002424063998,0.010952940011615397,0.009388282401298775,0.01046658610534914,0.024355866625262217,0.01047236086616022,0.03256131829939866,0.010570124911821252,0.03256131829939869,0.010570171147222873,0.032561318299398644,0.010566482682074968,0.03436458084951769,0.007488128749724321,0.034364580849517226,0.012895192187575717,0.01477648713121722
2021-09-24,0.0044412803255023114,0.0096823119864942,0.004462385850300361,0.009682397633116627,0.0018327175811048858,0.0011634835033580186,0.001879324047207061,0.008691671788420403,0.002206630658122596,0.008691671788420445,0.00222506774240094,0.008691671788420376,0.0022421829768815077,0.009920220309119841,-0.0016501588613740024,0.009920220309119609,0.0037825470524481602,0.01330663589798554
2021-09-27,-0.004339921178359078,-0.004539617992643286,-0.00431241342947267,-0.0037944529825043208,-0.005257862741657358,0.0022590434223546583,-0.005222811856816762,0.026365435018467512,-0.0058972807150203125,0.02636543501846749,-0.005882995166912817,0.02636543501846752,-0.005871836367890897,0.0264868955044345,-0.011216137747887503,0.026486895504434498,-0.0016538579599515485,-0.0026291887830560013
2021-09-28,-0.024111478998787954,-0.012849176207751797,-0.024154784606902256,-0.013465515815927169,-0.01969008781182222,-0.025690134492954077,-0.019820400373134622,0.003040409214659281,-0.019101852797209194,0.003040409214659168,-0.019178958796060023,0.003040409214659347,-0.01925796067139313,0.0012049448252971831,-0.023053602903388863,0.0012049448252974121,-0.017135706347696632,-0.021795100204515094
2021-09-29,-0.0008179261261197151,0.008348261583407263,-0.0008622961429677887,0.007675302640047845,0.0005197054882701713,-0.0066027563581548335,0.0004710489299056282,-0.000991211939375164,0.001035698768867456,-0.0009912119393751606,0.0010117588432071508,-0.0009912119393751596,0.0009904473066367605,-0.00108965889494621,0.001447016298656556,-0.0010896588949461967,0.0027268995753558832,0.00020971160573213108
2021-09-30,-0.011004564988105807,-0.011080132690949148,-0.01095523766164744,-0.010826184637536804,-0.012497864340572405,-0.0042834259704474945,-0.012411827801322198,-0.01644923738245113,-0.010975908648040227,-0.016449237382451097,-0.010935185718795405,-0.01644923738245116,-0.010893285269306718,-0.01553412029944084,-0.007889473109632892,-0.015534120299440974,-0.011246391736647121,-0.00991476937175782
2021-10-01,0.01332180257646592,0.010036002094933853,0.013361051066136498,0.010820147313936372,0.010613914637349418,0.013364547982125392,0.010646554053329054,0.025832001654220463,0.010453962954264892,0.0258320016542204,0.010467508728273425,0.025832001654220497,0.010479163846300554,0.0243574395403025,0.006462347752167713,0.024357439540302648,0.015400352598094986,0.010529280507431796
2021-10-04,-0.020263140479959862,-0.006889562961561916,-0.02025475504318536,-0.007652158574995266,-0.015591477302815493,-0.01924049775548268,-0.015702462838126527,0.006714034052901623,-0.014536232942269514,0.006714034052901524,-0.014613087814956375,0.0067140340529016854,-0.014692925774486762,0.005750915586192391,-0.0195711745889294,0.005750915586192525,-0.014027927898325271,-0.013644476351972551
2021-10-05,0.015359819437783171,0.007212798353112105,0.01536839905187438,0.007818511518299773,0.012862240167010135,0.023960685734539796,0.012911343181073225,0.010504078918440629,0.011562161550214873,0.010504078918440712,0.011595841900790799,0.010504078918440577,0.011629739296136988,0.011592947797565822,0.01330294902424467,0.011592947797565843,0.009544460534173911,0.015820798441636898
2021-10-06,0.00420277572920836,0.00335032926838854,0.004269021881464249,0.004791205482197203,0.004298474826364727,-0.0023731341469556567,0.0077057383676349695,-0.007804667360918856,0.007992624010433384,-0.007804667360918813,0.008016858464526985,-0.0078046673609206444,0.010857572840463537,-0.008193951304677573,0.008666595695758155,-0.0056233184743787025,0.004638785022623352,0.0016784856523152218
2021-10-07,0.007151598920115802,0.010537099571578707,0.007154383844808231,0.009749747041783824,0.009361501780447876,0.004282407196651737,0.010489694574563363,0.0028064649433829077,0.010483980236388109,0.002806464943382922,0.010477191032766522,0.002806464943382236,0.008425722311984253,0.0028064649433000733,0.008634978653471584,0.002643148770577534,0.010679280314664882,0.00856425186039925
2021-10-08,0.0007253608228908586,-0.0031682826175996595,0.000735219018810217,-0.0036289578206243006,8.718532507895522e-05,0.01029753448355155,-0.000722224506662573,0.01581766467599995,-0.0007272888391770465,0.01581766467599989,-0.0007340091172582025,0.015817664676002832,-0.0003096773357953502,0.015817664676354155,0.0013667044024517718,0.01148524366504142,0.0007232789661914434,0.003616990789417054
2021-10-11,-0.008379694171319486,-0.0058333870207943304,-0.008422781125795052,-0.005598077762467522,-0.0073830193126278535,-0.010753830724302714,-0.005702789571954577,-0.011437846916261674,-0.005723733379839412,-0.011437846916261712,-0.005741166667370557,-0.011437846916259826,-0.005145802573051667,-0.011437846916035827,-0.003692102551356128,-0.013941262611958027,-0.007424434823121536,-0.007867358442630546
2021-10-12,-0.007872160330277562,-0.004900978232958303,-0.007890261297843362,-0.005584124749190145,-0.009381616141875207,-0.009295523326680013,-0.007788420556246262,-0.003916072153226906,-0.007786316152386237,-0.00391607215322692,-0.0077812578539749174,-0.003916072153226184,-0.0063238653632364545,-0.003916072153138333,-0.006196664467119808,-0.005489655070668608,-0.0043551134155431544,-0.010197527552142415
2021-10-13,0.0009396327636325595,-0.003980343834390895,0.0008914537031157658,-0.0030529477422703336,0.0018825229817623895,-0.0037345189109673745,0.0035660168316147462,-0.004433723558133545,0.0035449848499590135,-0.00443372355813363,0.003527327791632296,-0.004433723558129328,0.002767918213684606,-0.004433723557617298,0.0055081324584682085,-0.010901603757676565,0.0007794835608224029,-0.0012052524079000102
2021-10-14,0.020193984732374146,0.010526153641286408,0.020217716356598265,0.011039418773450332,0.018920325942624893,0.027306338801215146,0.014939794376967182,0.022363102205284223,0.014946802987523218,0.0223631022052842,0.014951797076719503,0.02236310220528557,0.013482128292983925,0.022363102205449473,0.014044546813508182,0.023538802765570455,0.01612966261400293,0.02279995080688809
2021-10-15,0.00861821341638751,0.006942004686715568,0.008715211794867148,0.007138594431876691,0.010869561046684123,0.013890223698491275,0.007357559367608111,0.015634582424226898,0.007430942633776874,0.015634582424226915,0.007504836049047099,0.015634582424226207,0.008091055363120906,0.0156345824241427,0.007767763219742591,0.018005819955621425,0.00910670070514438,0.007293080711326604
2021-10-18,0.008674576031970702,-0.0016534563925078708,0.008648721605784697,-0.0015614381484987945,0.0038693729311415196,0.0022299688868165175,0.0033709795418347516,-0.0008990720561762796,0.003424323236644009,-0.0008990720561762775,0.003478944825885941,-0.0008990720561763814,0.002410574481137731,-0.0008990720561890071,0.0018719093244015442,-0.0008797952920999164,0.0019776273455308063,0.007939519769878655
2021-10-19,0.007459298419643136,0.010701221338364106,0.007429781020381664,0.009845985525281311,0.009142773047748277,0.007981480367567687,0.010025511226460317,0.012876887974750843,0.010000670463647554,0.012876887974750843,0.009977037719702472,0.012876887974750988,0.009191380504211009,0.01287688797476841,0.007446590774871267,0.01139599001435412,0.009662738994156534,0.00793512499137883
2021-10-20,0.0020497964947524317,0.009186858601699297,0.00201824753446239,0.00700969778155532,0.0015609008960006006,0.0038626231999663386,0.0012314301965084447,0.010858419694745438,0.0011993726705694019,0.010858419694745448,0.0011664284858481087,0.010858419694744931,0.0012511421254079752,0.010858419694684067,-0.00022377436686274454,0.010937547999186954,0.003418741002768848,0.0029197520552991926
2021-10-21,0.0001485466339332729,0.0008722285424826,0.00014671719372616552,0.0005216920656095185,-0.0005486348981237294,-0.007643343239037209,-0.001796450864097508,-0.011655485114662807,-0.0017642626966610662,-0.011655485114662793,-0.0017306253485800517,-0.011655485114663534,-0.0012447048219369494,-0.011655485114752421,-0.0026937429512648276,-0.01071454867613438,0.0014430892900221086,0.00036603501554973816
2021-10-22,-0.012678175696248838,0.0055660465076024694,-0.012649511785558273,0.004795589160243394,-0.006673177497312004,-0.0009897026674144038,-0.007351320156196272,0.010989247045305331,-0.007420282651020864,0.01098924704530534,-0.007488520390622481,0.010989247045304847,-0.006052883460482677,0.010989247045247319,-0.005684571083966736,0.011782255567134277,-0.0005391485336797696,-0.003685729534942036
2021-10-25,-0.0004789424553006749,0.0037652737283100112,-0.000508873792640465,0.0038636210567987088,-0.0014342528878502781,0.004718023153429884,-0.0019332455592713392,0.007771147657225506,-0.0019380642473583846,0.007771147657225459,-0.0019429326385797415,0.007771147657227937,-0.0025048538233228973,0.007771147657523433,0.0007864282929808821,0.004931542237646461,0.004869598173311878,0.005371963716151926
2021-10-26,0.004230383034292896,0.004796437222065795,0.004299452366106397,0.006151960693773622,0.009571201172690997,0.014120067883809116,0.00996020359395633,0.010715741741857493,0.009961182664466606,0.010715741741857465,0.0099621430030394,0.010715741741859032,0.009011787238791702,0.010715741742046349,0.012547684052519999,0.01081475151363609,0.00554603533328757,0.007507417872061643
2021-10-27,0.0085636035033137,-0.005301955932471752,0.008631395434768131,-0.004159622565212296,0.007319688058016104,-0.0007508231588896091,0.008434970858840218,-0.020966657354609616,0.008446412219984198,-0.02096665735460962,0.008454926558632343,-0.020966657354609636,0.010038948135916098,-0.020966657354612728,0.0058833228674632036,-0.021574165784301016,-0.0068285062589360564,0.010394414332659188
2021-10-28,0.010251154976057079,0.016218646923783515,0.01023762128614656,0.014135768427382206,0.007514811875667849,0.0063128612915458425,0.006701409556015588,0.009879671702940577,0.006767483750298392,0.009879671702940598,0.006837225546395008,0.00987967170293958,0.007913999590139678,0.009879671702818274,0.00632314888414213,0.011020803471590932,0.007504949655062397,0.004559549460026609
2021-10-29,0.0018498102335177988,0.004714887809615046,0.0018606323112232205,0.004904507991672025,-0.00041438542492502716,0.004989595714500564,-0.0005271655484483421,0.004103808088724846,-0.0005962085088434646,0.00410380808872482,-0.0006695422452115997,0.004103808088726158,0.0005609407589327378,0.004103808088886435,0.00042710926708267185,0.0011298894652100027,0.0068993069499766035,0.004606934693616232
2021-11-01,-0.005080255828809553,-0.0016988450485435087,-0.005204548973917841,-0.002691306921132525,-0.00698824600984603,-0.00343375530819135,-0.007268832287643457,0.005889229806504908,-0.007327682267110475,0.005889229806504885,-0.007385412252463339,0.005889229806506137,-0.008119894160559964,0.005889229806655931,-0.005885888246837587,0.0057133642194959955,-0.002039434594473799,-0.0067396013377467884
2021-11-02,0.008206150283986207,0.008645444927528658,0.008169700955157597,0.009299588202223586,0.010473387254037774,0.0009265643263432942,0.011110078058143256,-0.004953469778182343,0.011056140537797132,-0.004953469778182309,0.010999818119520513,-0.004953469778184049,0.0075030190702492765,-0.00495346977839167,0.006938642907024586,-0.002941882946957808,0.0038256886802902294,0.009582562192508946
2021-11-03,0.00749521707685709,0.0049670140883508775,0.007510028984364746,0.004770323541291116,0.0057071489453699885,0.0013905581903131373,0.0059410004768809446,-0.0031748721986729566,0.005991807837398721,-0.0031748721986729427,0.006045369821819787,-0.003174872198673629,0.006426712112185327,-0.0031748721987558993,0.0053467259520151396,-0.0016637227154785085,0.004986773835552927,0.005625641760680898
2021-11-04,0.0017669896454277029,0.005921960944605336,1.605727180696928e-05,0.0068226915369515575,-9.92792451996125e-05,0.03245298343298579,-0.0004062063946231802,-0.004206473012776216,0.0010547339300112746,-0.00420647301277553,0.001030063477590427,-0.004206473012776038,0.0007653539769910373,-0.004206473012803589,0.0006927790012830284,-0.007724768344711687,0.01026941434684313,0.01180229499606521
2021-11-05,0.0028046295895530504,-0.016448505577807103,0.0008482636918582117,-0.013848499849735001,5.642078044934224e-05,0.0004601298534627009,8.396947615239777e-05,0.0036673333250071554,0.0016742604400608425,0.003667333325007491,0.00167243918032327,0.0036673333250073583,0.0016712061798615277,0.003667333325007179,0.0016705902926719503,0.0012149608955764027,0.0010350116240486873,-0.007894163618869438
2021-11-08,-0.0005933653026015775,-0.0019481410306742884,0.0022235480051680406,-0.0016575479142817008,-0.00028945943477124943,0.016321134181285196,-0.00027066690318937813,0.007266185930803193,-0.0038569017153897676,0.007266185930803266,-0.0038219253126577355,0.007266185930803231,-0.0037881067965135303,0.007266185930803197,-0.003693647870288925,0.0077535450925089715,0.001207646232011448,0.0035847245769700083
2021-11-09,0.001060601857737042,0.003217628443941479,0.0024551679776813476,0.002022835832055786,0.0015625489777246527,-0.0015008746418644012,0.0015704061947037463,0.0014636539355367207,0.0032571045424874957,0.0014636539355373291,0.003252096383362141,0.0014636539355370602,0.0032463646015072315,0.001463653935536771,0.0032266282540849714,-0.001526952901185193,-0.0002956280062069227,0.0013067353409760055
2021-11-10,-0.011491714194764373,0.0009162699131023348,-0.010086267262817935,0.00039516335881150636,-0.0070007047897396885,-0.017425032595098137,-0.007063876745457743,-0.008550345093994613,-0.006367937600686794,-0.008550345093995106,-0.006411394739240818,-0.008550345093994868,-0.006456072560933725,-0.008550345093994651,-0.0065946241054756815,-0.005551475170233254,-0.005101195446239699,-0.0063763231398422625
2021-11-11,-0.0017626660915591877,-7.662659574474379e-05,-0.0024402411778191376,0.0006858243374689437,-0.0026957225541567142,0.011606260039787182,-0.00263446292746981,0.00223275210011711,-0.003633041921282014,0.002232752100117254,-0.00359297343116443,0.0022327521001171834,-0.003551494447240901,0.0022327521001171183,-0.0034231338716845874,0.002203334317055855,-0.004078822450765354,0.004680356422381791
2021-11-12,0.01081468101238424,0.002436721692850791,0.006887409469662038,0.003446699649701822,0.007944815137063833,-0.003952395976967656,0.007868747619296663,-0.006213217422296821,0.00804160072893272,-0.006213217422296933,0.008018175186904506,-0.0062132174222968625,0.007995190861191912,-0.006213217422296826,0.007930855321074029,-0.007230840520814693,0.006233576800770747,0.001799677613987357
2021-11-15,0.0035108464996033645,-5.8000933044847765e-06,-0.0010183728906951275,-0.0003078381642444087,8.678013089035135e-05,-0.00027433927443182564,0.00013607721498595294,0.010103039674684245,0.0013323177667337624,0.010103039674685033,0.0013431346532061308,0.01010303967468468,0.0013534571392437723,0.010103039674684306,0.0013815669326166053,0.005208801213745422,0.0007147557394333591,0.0005073069673026054
2021-11-16,-0.001075708247503344,0.002698618111443955,-9.28626239738152e-05,0.006295210903561203,-0.0005764414559801771,0.004611111925114363,-0.0005703056561587261,0.0036813658111165973,-0.00017376189011691483,0.003681365811117318,-0.0001657162856371281,0.003681365811117019,-0.00015675228149169152,0.0036813658111166546,-0.00012579351536083812,0.0014528821303689725,0.0036019338416637485,0.0056956937409068245
2021-11-17,-0.0005301976938890475,-0.004899206678934198,-0.00010500515314473228,-0.004136239040896899,0.0005629351208152045,-0.016149105452952055,0.0005322456688759837,-0.008791806763326984,0.0011319578701938773,-0.008791806763327206,0.0011233854803288541,-0.008791806763327116,0.0011164138097085321,-0.008791806763327,0.0011034263157643754,-0.008971150341209003,-0.006223298361612213,-0.007374862415165147
2021-11-18,0.000796460642428061,0.002722171120319044,0.0015999241035349158,0.004708122808466395,0.0008367090093626848,0.02146874983247611,0.0010393278145484856,-0.007875535436568347,0.0021349808273740173,-0.007875535436568309,0.0022543392239083963,-0.007875535436568331,0.0023805343643784876,-0.007875535436568347,0.0027824035047946923,-0.007921527349262915,0.0024271395151541824,0.001306165214279867
2021-11-19,-0.0010015011847396753,-0.007583477834774567,-0.005832162804462581,-0.00522975275836267,-0.002672772909706588,-0.008025528375704334,-0.002761517441607325,-0.027788458153823244,-0.0009905832743155956,-0.027788458153824212,-0.001033201758941699,-0.027788458153823786,-0.0010736248039425707,-0.02778845815382332,-0.001181955142758521,-0.025962546620225627,-0.0042192447799258796,-0.006124272851031733
2021-11-22,5.26231964680492e-05,0.005390920817981823,0.0004947419031765795,0.00282121371232142,-0.0006351826315694545,-0.0011526011694779523,-0.0005694784499310776,0.017461480249186114,-0.002528645576324454,0.017461480249185847,-0.0025077171389244605,0.017461480249185916,-0.0024881822820246257,0.01746148024918609,-0.002438166308933215,0.018150179935214596,-0.002744837670319469,0.006364367948006899
2021-11-23,0.005247399263476029,0.011470230822489937,0.009165381935574033,0.01017853326835181,0.007224933095429403,0.013482662944967484,0.007319813691390089,0.024495170127558304,0.00549252455132474,0.02449517012755833,0.005538599972749882,0.024495170127558318,0.005584010870908616,0.024495170127558308,0.005712953836680259,0.02508132579161889,0.0082171632720119,0.01210343448962637
2021-11-24,0.002027176157764,0.0003165149652229571,0.0017375193033783592,0.00039681413575941505,0.00037678709856689755,0.011485764773781664,0.00039812724375052293,0.003995756889950498,-1.0232754291354955e-05,0.003995756889951285,1.2677832389350156e-05,0.003995756889950966,3.496903027124627e-05,0.003995756889950561,9.793353193530009e-05,0.0008964851471238257,0.0047744808385736534,0.00592435399822158
2021-11-26,-0.02595515738401003,-0.021700333652085936,-0.02581494198267874,-0.021821739245443457,-0.023518131653962302,-0.03576315970685187,-0.02367567545566306,-0.032190538744479726,-0.022020840326868886,-0.03219053874447985,-0.022107851258021612,-0.03219053874447979,-0.022196021800573958,-0.032190538744479726,-0.022460281167352342,-0.03364222350971188,-0.02366071924133752,-0.02508787417432573
2021-11-29,0.014714946225642069,0.0007555349474717375,0.016410354206763227,0.004202825374817892,0.012794143685531657,0.02074165494868117,0.012749348565899933,0.0010092956164205202,0.015384731557071617,0.0010092956164208878,0.01535177431825024,0.0010092956164207292,0.015318870219416298,0.0010092956164205558,0.015223875617361994,-0.0004490951536888521,0.00956141326429375,0.01279174331627359
2021-11-30,-0.014784531978565135,-0.01907251049337799,-0.01266319077061338,-0.02094921096249863,-0.01378553319783965,-0.024682469969051612,-0.013713116574050062,-0.022554514271782417,-0.015296132950029082,-0.022554514271782934,-0.01523253956355657,-0.022554514271782716,-0.015165647748595051,-0.022554514271782462,-0.014954028567918732,-0.022083673109664633,-0.01889461793236584,-0.021354347208254416
2021-12-01,-0.009577921226408164,-0.005627824385052446,-0.004964752880024708,-0.0038618344526434407,-0.003064768764421529,-0.016455331281028503,-0.0032216981354074303,-0.007139351790008368,-0.0022687595138133885,-0.007139351790008437,-0.0023500441306679707,-0.007139351790008413,-0.0024315213679607056,-0.007139351790008369,-0.002671917045728167,-0.006958572853192535,-0.009229427220514785,-0.00983890898491966
2021-12-02,0.008787926060192505,0.004189067632846446,0.009081748553770723,0.0059131570976315865,0.0077205835636115945,0.024091820610479122,0.007839933334119583,0.026378363032978025,0.006740692255327603,0.026378363032978365,0.006786174032596827,0.026378363032978223,0.0068296548226706895,0.02637836303297805,0.006947775494249294,0.025160105936821834,0.012792614412247199,0.010440930955285227
2021-12-03,-0.012399440040527036,0.001116290365465103,-0.009372685834729517,-0.0005282933965939188,-0.008633029649328681,-0.02278222644491717,-0.008780250855781525,-0.012439293253690491,-0.003173306453824911,-0.01243929325369009,-0.0032866661214200504,-0.012439293253690245,-0.0033996740754363044,-0.012439293253690455,-0.0037312312236309486,-0.014793906495572787,-0.005784232256207776,-0.009691357945945488
2021-12-06,0.014709594389548929,0.012615524211931092,0.014466132676399283,0.012697513918651425,0.01428189462312119,-0.00036879132886069886,0.014568842457742934,-0.0023092728735428477,0.014558927437623161,-0.00230927287350375,0.01368749068508427,0.0072036241826874394,0.013687864584010863,-0.001592568339239955,0.015013824716004898,-0.0015976177863290335,0.01537383025626905,0.008258400535738872
2021-12-07,0.02046127848825784,0.008161062777822959,0.020537933436395282,0.008569252835681496,0.020557691926564464,0.0371228293693265,0.01695587171909178,0.048634684399511054,0.01703484937137198,0.0486346843994204,0.016613363829343527,0.045542893827611584,0.016680534950410643,0.04860604227195027,0.015133637047137634,0.047386088865985374,0.015660066717650967,0.019568071004937973
2021-12-08,0.0015577968259143232,-0.0036248188702058953,0.0016038257912533017,-0.002749535294382762,-0.0005756173828064038,-0.004055151049623003,0.0011921462035054506,-0.0022279544385714004,0.0012324121642216957,-0.0022279544385589464,0.0028652902574861127,0.005369756621455706,0.0028973542344780507,-0.0034993082356624375,0.004670080787712872,-0.006319323253688908,0.001078220216930905,-0.009767380553351083
2021-12-09,-0.00261709609001194,0.0020826132686317853,-0.0026405827196164045,0.0009245172268430068,-0.0007073565241216668,-0.012187090878964888,0.00038258855709415044,-0.02369153790189913,0.0003571290215211713,-0.023691537901827344,0.00012610965195288134,-0.022992450958010766,0.00010378005208774204,-0.02577757620888095,-0.001386413428261828,-0.026498100708039207,-0.0012237037363062387,-0.005407580508612899
2021-12-10,0.007648021184613807,0.014651147667878516,0.007648936708550764,0.015165456987055686,0.012187860112490023,-0.00015126833877985714,0.012419788933788903,0.01107524151596616,0.012404511531600167,0.011075241516040292,0.01315243623013648,0.010241313070093098,0.013131680367703019,0.00437526126596012,0.012727458423378208,0.010707293021791336,0.011813745668505767,0.01950845284444708
2021-12-13,-0.013460046292377351,-0.0011462407105635782,-0.013483751597627111,-0.002957462187603962,-0.013313382448157659,-0.03332696684720064,-0.0071022232701622905,-0.023796965267522424,-0.007149217769308257,-0.023796965267459794,-0.003632933733063905,-0.01622667339743745,-0.003697568139778081,-0.0245480018746716,0.0006958871057041937,-0.02336473882880032,-0.006386572682253596,-0.020547350993867203
2021-12-14,-0.006838776191717055,-0.0015734641169665086,-0.006863552113293439,-0.0027218232075456985,-0.009027032075877232,-0.0012500533046503836,-0.007849773884144111,-0.02512917812973334,-0.007856368760623286,-0.025129178129772483,-0.007216159606629304,-0.01939651495303285,-0.00721992715504296,-0.020079968728211755,-0.005404108497253077,-0.020895686963074617,-0.004904516910549877,-0.008299965427244474
2021-12-15,0.014606347629259948,0.014588327665808917,0.014675061291765877,0.013309794271708626,0.020905288650212624,0.026001203835240617,0.018387486228949843,0.03721781253843529,0.018426223373068613,0.037217812538353996,0.018271233598929966,0.039983612649315964,0.018301514140070946,0.03926753791982991,0.014404668567530567,0.041199772644512786,0.01699232413282893,0.0214003196132391
2021-12-16,-0.01430806201383718,-0.00081808375122138,-0.014392701179468831,-0.0020902700218016755,-0.013878911232269213,-0.02159483723346605,-0.011368267439678538,-0.05798472577437071,-0.011431256861825112,-0.05798472577426016,-0.00882042882312666,-0.06084435207366146,-0.0088948795856463,-0.06003757955594591,-0.008553587478737168,-0.06094697539256592,-0.009141588021698021,-0.017087695309215622
2021-12-17,-0.012839993708173614,-0.016151262443725098,-0.012772017077728452,-0.018144926250598815,-0.01016862284815657,-0.02088144706225721,-0.012600174737977114,-0.017188761147750933,-0.012558958716730574,-0.017188761147692633,-0.01164239805952342,-0.012845475296654902,-0.011621869728686555,-0.011047291723527438,-0.013741628684382156,-0.010072585534349757,-0.014620055837687138,-0.01807184831557312
2021-12-20,-0.011149375407413342,-0.0033960990081041047,-0.011144115761899,-0.0035160029863509305,-0.007561766835267104,-0.007123364842517061,-0.0044863384144454965,-0.006038599252362616,-0.00450618575314814,-0.006038599252389575,-0.004027739704976322,-0.0128953538383793,-0.004042871476017488,-0.009855780526113276,-0.004278155871359966,-0.009599022323526014,-0.0067808201184992355,-0.005504509789797088
2021-12-21,0.017446787764687402,0.0056972634873414234,0.017466556492766027,0.00632713533455755,0.013841221980579368,0.02780960204143374,0.010395049113342126,0.025163958527740164,0.010432884874080856,0.025163958527734485,0.009635186191300266,0.02887934875038258,0.00966801399835903,0.02621588676002704,0.008892261034871169,0.024327877056370757,0.013708088176413733,0.014862703854500673
2021-12-22,0.009064613032457352,0.007796329854217335,0.009090961618954275,0.008734752581788654,0.01226368982366448,0.01213955596549919,0.011575691258423022,0.014787916840888211,0.011585022518223454,0.014787916840905042,0.01071013534259507,0.004995111399631359,0.010724713725078142,0.009971802876407174,0.010620129665395455,0.008698268839004705,0.008883685031207818,0.010496783610190035
2021-12-23,0.004351128670525012,0.0026172189950310733,0.004335545742610832,0.0024450290733323233,0.004268288877762505,0.003940278265320132,0.004304917724119306,0.006923863330324055,0.004300563949273978,0.006923863330311154,0.003668887749480076,0.010162055456396393,0.003666142428736552,0.005846843429700593,0.002274951892394066,0.005631675816000219,0.003762344485568594,0.0032480978439472443
2021-12-27,0.01325962588026425,0.011607191914615083,0.013212290244431952,0.013088137887572099,0.012159372215612498,0.02000259878716284,0.012712872558199839,0.021793503042675372,0.012691262369397383,0.02179350304268563,0.011735299744199512,0.02954094850883639,0.01172186821289568,0.015673882886124167,0.010365108058126536,0.017380269116072804,0.012603980760218052,0.019724683181223193
2021-12-28,-0.00026638632181847857,0.0038311628679900548,-0.00028147118560540197,0.0027417496984323804,0.0006397028699681464,-0.00934838631138618,0.0006878856945956007,-0.0131844650533886,0.0006657774005457926,-0.013184465053348998,0.0006913376677215096,-0.01090257050089014,0.0006713819064777516,-0.00943191031208231,0.0008873416043990885,-0.008399765571477903,0.0009542260569418517,-0.0009147044592863587
2021-12-29,-0.0002933205921170124,0.0036747405297676665,-0.00031630564292177757,0.0039849075643053015,0.0022093113908230053,-0.0060239390439011855,0.003570622631702712,-0.003073061482518301,0.0035394130675233016,-0.0030730614824977217,0.002592048766706807,-0.006004781819486174,0.002571154538223558,-0.005801091848297124,0.0018375204469304645,-0.005224959330483362,0.0006005407530029849,0.0017793623819915754
2021-12-30,-0.002969807574763299,-0.002960856882978379,-0.0029848616302546255,-0.003551805620128492,-0.003949716388381132,-0.0070697823173734445,-0.0040573573050211335,-0.0051951977983006135,-0.004059530630231303,-0.005195197798313005,-0.0039778710716874225,-0.002912026911164697,-0.003979064644820295,-0.004792963745305202,-0.003688931851504912,-0.005162909124181572,-0.002083485292195508,-0.005613796118813088
2021-12-31,-0.005133411903495174,6.245424664420629e-05,-0.005163633078266,0.0006725051806284006,-0.003756000512068129,-0.0026574264656498868,-0.0033106042084334445,-0.007250405722830114,-0.003340371064407472,-0.007250405722838974,-0.0039790685894854644,-0.010930835884189166,-0.003995816245927162,-0.00795037184824176,-0.002639121927790253,-0.006355914681600194,-0.0023500879894507646,0.0027032152386545338
2022-01-03,0.010578569827754684,0.00433911029217722,0.010627588360163564,0.004491240779167298,0.0052554974041091355,0.022851257786549575,0.0025962678257306616,0.0056412045899832935,0.0026651544721527417,0.0056412045899343535,0.003942332500495984,0.010272904588228908,0.003995554859334521,0.012550943929144203,0.004715366741557123,0.012280252323664748,0.009120791750220606,0.008368596714213037
2022-01-04,0.0032263049695906987,0.00018697024228319785,0.003103971445912735,0.0035487344559187914,-0.00676289924247399,0.005702265519877678,-0.007908326096814,-0.016728541806340917,-0.007938814173211758,-0.016728541806343738,-0.008867376698468904,-0.0168392705620267,-0.0088782037430477,-0.019271912249679564,-0.0038564814061733455,-0.01930120106042861,-2.0587376945440337e-05,0.005407064014169038
2022-01-05,-0.02693151209269838,-0.006337617579477562,-0.02496091555477092,-0.005710920287030154,-0.018000299783622702,-0.02903507527958018,-0.01566958921771595,-0.05634351815183401,-0.01575604680822788,-0.05322018061895565,-0.012727982383069303,-0.05245860389260637,-0.012822482287344375,-0.05320977024223672,-0.017309386985809302,-0.04694150739703422,-0.012899348290926708,-0.019100828573049688
2022-01-06,0.0016964154742792666,-0.0027128393302771454,-0.005362394721598517,-0.0027436049649915066,-0.0036501086252894023,0.015248106952661784,-0.00431396484120651,0.005207428488379176,-0.004318889084467254,0.012060032670981824,-0.00595582897843778,0.012060032670981755,-0.005964977568417967,0.012060032670981756,-0.0029462863591012923,0.0040223638143578235,0.000746085674623265,0.0002198912175380388
2022-01-07,-0.001554895349466641,0.0003917454913419899,-0.006005702234943193,-0.0008400673217418162,-0.004179558696493825,-0.006862227639823217,-0.0007393971783891009,-0.013447537778547932,-0.0007449710747387462,-0.012413341288711245,0.0005952272428687432,-0.01241334128871122,0.0005848978692614638,-0.01241334128871122,-0.0026007045969902013,-0.01567120668327099,-0.0016204464165967235,-0.011725478854329206
2022-01-10,-0.002945960553202395,-0.0024038845057436442,-0.0010644184036054534,-0.004781235717734126,0.0005883724268273892,0.003008653158623327,0.0005580785721008015,0.014263728344977064,0.0005794419047148946,0.007220370091282739,-0.0013537158656552729,0.007220370091282724,-0.0013338236914548001,0.007220370091282724,9.107846236468904e-05,0.005359843640017151,-0.001182329425290596,-0.006282791782014201
2022-01-11,0.008842440392908551,0.0011161598968921376,0.009844856523957245,0.000927206442914762,0.006701758025077958,0.02006384873248554,0.005328185178396983,0.009415252235022663,0.005374929793221871,0.014321432482718057,0.0029664284683529967,0.014321432482718069,0.0030147650476275954,0.014321432482718067,0.0020872276974037707,0.014705284518182584,0.00731786883996353,0.00819807461675429
2022-01-12,0.0037885442042244538,0.000567324473259788,0.004421548930486413,0.0007335852302068314,0.003374759677962104,0.004006421177836016,0.0028179900571157932,0.008049185633343493,0.002827606393996248,0.002628001875845185,0.002178562372242189,0.0026280018758451876,0.0021932553902361237,0.0026280018758451868,0.003073672477067187,0.003807848308662584,0.0014746992373298306,0.00431276814583575
2022-01-13,-0.017451304128512157,-0.008854197696934667,-0.018975015238478124,-0.008907954024360551,-0.013702422537413102,-0.023644470305351925,-0.013434416942414141,-0.03423894220721423,-0.013475612943924362,-0.03198143119575428,-0.012996223686430405,-0.031981431195754265,-0.013038695889365808,-0.031981431195754265,-0.016066259353613915,-0.03292259987686824,-0.011358264245522547,-0.014323097871669837
2022-01-14,-0.008600379814752587,-0.0044945265464709895,-0.00023236805192050776,-0.001979065826120275,0.001839895354827959,0.009600795887861738,0.007529823938874037,0.009996147693525786,0.00751672783179018,0.011781812935625668,0.006976208919564137,0.011781812935625658,0.006969197300007822,0.011781812935625656,0.007843521444141825,0.005322514745188325,-0.0007101936080568778,-0.01046656816813783
2022-01-18,-0.02699007233992979,-0.01816448184035633,-0.023625750659459484,-0.015950137647170324,-0.017907454150173748,-0.01745296025778206,-0.018582207935186914,-0.025677192831871695,-0.018605220426504712,-0.03007078665170452,-0.01588159071282058,-0.0300707866517045,-0.015907853581215554,-0.030070786651704498,-0.018035229540227557,-0.024678028530025535,-0.015355088076665536,-0.02100306889137953
2022-01-19,-0.008808666018021936,0.002394040926693488,-0.006305565651008624,0.004351512333226365,-0.0074642952542944355,-0.011114381037316916,-0.0006930983300647436,-0.009508558912115534,-0.0007656217916803029,-0.008533413524681266,0.00036691929861888857,-0.008533413524681302,0.0003020706120398864,-0.008533413524681299,-0.0015592317136570452,-0.012303671593487945,-0.004113795258832674,-0.004740375524009151
2022-01-20,-0.01499045324796641,-0.00920059827200709,-0.013594482223870136,-0.00858617135235814,-0.013475609060496184,-0.015820467582026553,-0.009309308282823107,-0.018889219365576568,-0.009344064375416312,-0.018181269994838573,-0.008680797428790422,-0.01818126999483856,-0.008711575896012111,-0.018181269994838555,-0.00947681702013015,-0.024689455144434266,-0.010464511365706877,-0.014713786821272746
2022-01-21,-0.02325861675869037,-0.010601619246341147,-0.021399155053430718,-0.008522963267620002,-0.016822004858122217,-0.022610125846781307,-0.015952725045346682,-0.024563395940642063,-0.016015151725992518,-0.030030294995624807,-0.01339177705141536,-0.030030294995624776,-0.01344963153427753,-0.030030294995624776,-0.010381562120661764,-0.03416545197378454,-0.018519407741345535,-0.011015156678547161
2022-01-24,0.008235495125838046,-0.00024082012759927152,0.008515621232422716,0.0006035752016894365,0.005036307945292378,0.002769397785812821,-0.0009570203271968693,0.012982788315531247,-0.0009345393346340166,0.016821983557833077,-0.0028286574073835675,0.01682198355783303,-0.002806161611214135,0.016821983557833032,-0.004298862622568854,0.017338201979113173,0.00219732453481019,0.010375610937864335
2022-01-25,-0.01398135858881179,-0.005419439760132903,-0.016883272692140704,-0.0033769565449357896,-0.017022980503345674,-0.011530436967836651,-0.016711130778015712,-0.03476392087274983,-0.01674420698231644,-0.03268838299445177,-0.01128885880646083,-0.03268838299445174,-0.011335032150874001,-0.03268838299445174,-0.012841809516635546,-0.03506016560677013,-0.00815152967845342,-0.009855911033407187
2022-01-26,0.005182892027951036,0.0005491716641011893,0.0044264770441600435,0.001193012344530524,0.0006147793105835116,0.00944318679876147,2.2866041142132528e-05,0.01316101300310172,4.417469587039919e-05,-0.000692889629747838,0.002279153883733705,-0.0006928896297478388,0.0023005169215324457,-0.0006928896297478388,0.005505725488231491,0.003782786789589005,0.001409484749556907,0.006299805423716779
2022-01-27,-0.001984616510047289,0.0024254927685851734,0.0012448839884525698,0.004166283857661164,-0.00036778696524505743,-0.008531607788008108,0.0007336493284217493,-0.015030921257319075,0.0007199439074749214,-0.015840720080291287,0.003883831589754993,-0.01584072008029126,0.003868278636115136,-0.01584072008029126,-0.000814823269933322,-0.014100498589855105,0.0015325077649348848,-0.0027268295893151336
2022-01-28,0.029375783785778133,0.014801656784451406,0.029314896259817234,0.015003170234868992,0.03039602723999517,0.023874693380262595,0.02784198167463472,0.040442472693057126,0.02792040907300224,0.041704063121929216,0.026481752487709224,0.0417040631219293,0.026570054931715936,0.04170406312192929,0.027884992972395762,0.03890677192305624,0.025858901698935347,0.019473353800570737
2022-01-31,0.01774241019515323,0.009232959152714293,0.01780647020220868,0.00793941571036314,0.011710677375148523,0.029310958760782446,0.011411326153536398,0.03623948732052362,0.011464089203122937,0.04506172318811015,0.011646390512446961,0.04506172318811012,0.011701343216476898,0.04506172318811012,0.015415703205917768,0.04520264902074657,0.014642493994377151,0.014792465621644515
2022-02-01,0.008981982644196106,0.0013596055612708467,0.005490970077569729,0.0023346381156818725,8.05874514771171e-05,0.028019361267115874,-0.0009624778631860914,0.007281132954956135,-0.0009203809920674534,0.008205291218661813,-0.0012808008944445478,0.008205291218661792,-0.001236669314912988,0.008205291218661792,-0.0016738236109530473,0.006704147724082745,0.008385018436105928,0.009912519589674623
2022-02-02,0.013942997846136965,0.011378708702486957,0.018209770010119794,0.012707492418261945,0.018464695763024255,0.02903993070101408,0.019057755767640558,0.029830458057596057,0.019112550770097155,0.010203151556846406,0.01868593247927241,0.010203151556846403,0.018746448595771587,0.010203151556846401,0.02215704828747347,0.007261114478172937,0.01117765932205622,0.020184496554986026
2022-02-03,-0.054687633163389204,-0.010985180377968515,-0.0503608633634494,-0.01152544647582891,-0.023776414981034742,-0.02981080101493825,-0.019488017942750818,-0.041754056141367034,-0.019579514479913008,-0.10874842430435809,-0.01746787317190019,-0.10874842430435791,-0.01755664786942908,-0.10874842430435791,-0.014569622742200328,-0.05124084170352455,-0.025596325602381294,-0.011195375962335418
2022-02-04,0.001819899064299365,-0.001248981968123915,0.0022251796849567223,-0.004336757972895762,-0.005245271543620695,0.01286071186846826,-0.007337209166780962,0.005215809164148363,-0.007345507312133056,-0.006165045948116367,-0.007099092867826403,-0.00686347555262686,-0.007625511085728116,-0.006863475552611822,-0.008278607014509,-0.011907345730591217,0.00597518987776026,-0.0014931915360234759
2022-02-07,-0.005292899735887611,-0.0010429332839012933,-0.00523337338755333,-0.0006150472971405875,-0.0033155950096622174,0.014661370423279387,-0.0012073862033241082,-0.0028426632905253933,-0.0011967931906877358,-0.0025886530058687415,-0.001187354963340194,-0.001758070471451449,0.002181027971311757,-0.0017580704714579964,-0.0002428827536373262,-0.00890448452658205,-0.0039197321338877746,0.0023270791881695205
2022-02-08,0.007751795253241291,0.0047633190552333286,0.007788167093093135,0.003530013305348321,0.005410735834424908,-0.0057069070058682345,0.007758613535191685,0.012782991965505404,0.007775592684194699,0.005066637614991807,0.007792082761433663,0.006083094970504422,0.008059777392553157,0.006083094970536931,0.007469421216021446,0.005996479856490007,0.00408439661248786,0.0019368291904527841
2022-02-09,0.009181665807951517,0.0009287261355745643,0.00920852239453786,0.0013922679349165044,0.004746968080487902,0.02156424312695169,0.0017572557180094144,0.029268363501535822,0.0017561750112132211,0.030589059410273334,0.001754871648558384,0.029376636913959402,0.00544297831080984,0.029376636913904308,0.006502013184789901,0.01399567224129385,0.011049775289634765,0.006088911577239214
2022-02-10,-0.01876703513338525,-0.013294343739404399,-0.018760063878158578,-0.013089612188805446,-0.016803184277224117,-0.018878012349309095,-0.014719616131125862,-0.03444518670704468,-0.014724183323691709,-0.026894946728900825,-0.014728822366277174,-0.024131704638692433,-0.014976740897976336,-0.02413170463869117,-0.01626878335053969,-0.024077614810802696,-0.01500988816342325,-0.01557652769319404
2022-02-11,-0.01476334248243591,-0.009185286654386997,-0.014773608025408443,-0.008731224278634053,-0.011751406943000798,-0.009884686856830015,-0.012065396288150102,-0.04373364935906324,-0.012067739161988056,-0.03093343070155119,-0.012070634066369119,-0.028702909100553217,-0.016497805432648338,-0.02870290910053116,-0.017565698461226326,-0.015216837354136443,-0.01584461539070685,-0.007574946899361388
2022-02-14,-0.0028567826319659977,-0.004138843772657446,-0.0028937211430251917,-0.003521954516952814,-0.0016913693939356715,-0.006022133065315227,-0.0018469653861636793,0.005361786740973619,-0.0018447637681734581,0.008421484512710796,-0.0018436837100904249,0.008555356258715703,-0.0005947606045246081,0.008555356258697083,-0.0023149792360107066,0.0048649228660977515,-0.0016895100472001535,-0.003968173371738597
2022-02-15,0.009100841718802969,0.005488084318311723,0.009132246915130133,0.005533420946988778,0.005969852005506338,0.022394537574358858,0.008463057975711001,0.038762742992536854,0.008482362370502245,0.037920903508219236,0.008503041940718194,0.039077961323693636,0.015346291069753064,0.039077961323652106,0.015728073662968817,0.017323057003760325,0.0130775797445217,0.007909129250045104
2022-02-16,0.0018128290146175335,0.0010265824638450364,0.0017818501083911589,0.0013572924597276357,0.002425049686991412,0.0020359950366412734,0.0022417554148642803,-0.0005349352449262393,0.0022409582843919986,0.002215340062465431,0.002238914281434672,0.0024518246366832183,0.002451651188272281,0.002451824636673153,0.0007915758158097605,0.0016175095530732047,0.00038974662155328394,0.0035527476435660245
2022-02-17,-0.01489682395059114,-0.0038288150169189005,-0.015059947277407011,-0.004150756402740387,-0.007984772787977944,-0.026700937381466172,-0.0049452314723313654,-0.045386590518166924,-0.004963305403684334,-0.03961260604798215,-0.0049816820362321755,-0.037554885452362546,-0.00905413499213889,-0.03755488545232006,-0.004960000342370608,-0.023316011309335586,-0.013537666685399477,-0.005892546488821114
2022-02-18,-0.005801335760595433,-0.0022062910304548973,-0.00583171399217064,-0.002098564882323261,-0.0028614249752851014,-0.014889638763016756,-0.0031542250942214476,-0.02493698056251436,-0.0031653285472195416,-0.01947367909784486,-0.0031774768069236497,-0.01709928227764725,-0.005538126411178361,-0.017099282277627033,-0.006129270699922077,-0.011691517621183338,-0.006443292566089682,-0.0062320723476734004
2022-02-22,-0.010577255802887422,-0.009507899506723975,-0.010574113076161431,-0.010722485414985397,-0.006711226074150168,-0.010114429895021372,-0.005841681207127509,-0.01181349833255291,-0.005862988880784774,-0.007329454042515806,-0.005886383864285313,-0.008170723079874017,-0.006921236826528036,-0.00817072307989927,-0.009517647554546076,-0.00947548491649401,-0.012366268237161308,-0.010819331922870106
2022-02-23,-0.01230650970414669,-0.008151844396438948,-0.012277833762003124,-0.007710498841422812,-0.010975005286065445,-0.005135403011576946,-0.010227907397313019,-0.028462569086360242,-0.010230019495195928,-0.027935899588444724,-0.010233289101391731,-0.028480793864692818,-0.011629609149383033,-0.02848079386468613,-0.014323166155241249,-0.02283068505959292,-0.014736721585659604,-0.007204839986483785
2022-02-24,0.006872497323835238,-0.010658366343549707,0.0069648549574845425,-0.011496780810452198,0.0016794254101245437,0.012086825035605193,-0.005444934445667949,0.05125167067073812,-0.005455478676686213,0.03488548605409899,-0.005465000883666759,0.028550253592107718,-0.00534753501074326,0.028550253592076826,-0.003290872426859385,0.021651349058391074,0.009148155623079877,-0.005456630712002675
2022-02-25,0.027926186551990476,0.03369679308174639,0.027858514888170836,0.03452551245905375,0.029430614494276013,0.02989966122594214,0.0324593507902169,0.011501709258811776,0.032451618503887225,0.008021725862141674,0.032443482762567054,0.008947436754832954,0.03352875998008845,0.008947436754843368,0.031283534055995266,0.006744596232100764,0.0224840079968621,0.033643738326398345
2022-02-28,0.00016427144422953007,-0.008603677009835928,0.0002497431933773593,-0.007633918385611642,-0.0035023823568901234,0.012828205591632943,-0.00878612335382384,0.005146213605271503,-0.008776574294372296,-0.00774043060368873,-0.008766632204590733,-0.008036343318755277,-0.008531229604051884,-0.008036343318729981,-0.007809755872931916,-0.010080655318294633,-0.0050486982499056594,-0.002028231118878569
2022-03-01,-0.005565922463913316,-0.005731907436126819,-0.0055073062411835514,-0.005064659674516695,-0.003679968349707363,0.003694760504944203,-0.007288909907157402,-0.016037777203804934,-0.00728597803683188,-0.03489543400077557,-0.007283631468086793,-0.035844395807879396,-0.00952420897346069,-0.03584439580781619,-0.009207536869453654,-0.027212943109910938,-0.011074706630519928,-0.002768219831864687
2022-03-02,0.014366952714367661,0.011772490223101721,0.01445309897154224,0.012243779510641402,0.01388250386303554,0.02547420131566188,0.01305118058805769,0.01899685357826007,0.01306218099193436,0.009468311837040715,0.013073449402510713,0.010562885312974404,0.014350894966032087,0.010562885313000656,0.013365029533261342,0.006097649871226194,0.013523566518142327,0.013476275485456055
2022-03-03,-0.00021181709330548573,0.0018823231538642828,-0.00022618533464915632,0.0020885431056096165,-0.00021678482187741403,-7.008854383095216e-05,0.0014886818752156603,-0.015065373016314502,0.0015003750991230153,-0.013337154102632759,0.0015130430397624715,-0.010967259453496437,0.001112617852465136,-0.010967259453472976,0.002765890379881177,-0.007663973204855385,-0.0036209560777910174,0.003709018295021191
2022-03-04,-0.006348053880665464,0.0026711571867906424,-0.0064210746276035825,0.003240330234920246,0.0016694764206954815,0.008593268948996365,0.0023597079666310976,-0.02139484063330762,0.0023506408227727434,-0.030403241823688,0.0023385365997180265,-0.030730170114141322,0.0014750373785497514,-0.030730170114109234,0.003576867455674005,-0.026083438641379096,-0.006328675104465471,0.008285646026896583
2022-03-07,-0.02185463051803633,-0.015199585993267083,-0.021899227429203656,-0.014196640088058418,-0.02070659494506405,-0.005860527657987901,-0.01651384101505915,-0.04142027330405883,-0.016498944473154337,-0.05439545655002213,-0.016480616463597098,-0.05363538678441348,-0.0191322041250175,-0.053635386784335375,-0.02003965880630825,-0.04079220494263883,-0.02475647497391879,-0.006113683310003408
2022-03-08,-0.005147733395270569,-0.015051797089526912,-0.005062111721936182,-0.01227647915788841,-0.02412303970582571,0.015125592696026395,-0.024745581656180463,-0.006956911864371527,-0.024722106532847826,-0.007568110929618926,-0.024699338988191374,-0.007771903627397158,-0.025884032964723313,0.004000460713510131,-0.02314686065634176,-5.5803539344097074e-05,-0.008660269390939862,-0.000828462252998937
2022-03-09,0.02211736110602348,0.006016823154104494,0.022104658757999957,0.004225011532614405,0.01685580000638904,0.010196919256945089,0.012112742761004207,0.04944692614193515,0.012149745891674396,0.046148055935359825,0.012186636199845096,0.046148055935359825,0.011835379417025583,0.05018458755940874,0.018353212611954522,0.04323962656606251,0.02201954747900206,0.004807969516975964
2022-03-10,0.005721840517788927,-0.0002912011284453855,0.005707454853008831,0.0014222803427909538,-0.010293300432230396,0.009555687365256112,-0.008696031675891887,-0.02173654972378848,-0.008675239896524753,0.002656880829961971,-0.008655339465274558,0.0026568808299619728,-0.0068966306471073754,-0.013284077078680994,-0.008848803927376497,-0.015627571264043263,-0.0025340979235873506,0.006987249447492849
2022-03-11,-0.01216090742008671,-0.00519781123536707,-0.012186158782615008,-0.004621655162619219,-0.010254375218540532,-0.010747839708128482,-0.008236643475193407,-0.031919008124058595,-0.008258319931144854,-0.027388429692692284,-0.008279946712321596,-0.027388429692692288,-0.007588638236468512,-0.011503469227043286,-0.01031939078715219,-0.01135981307199483,-0.011529278680750385,-0.005967350776566617
2022-03-14,-0.010038792501940941,0.0045400637136390355,-0.01017693022990085,0.003930521651197904,0.004845312574303595,-0.02220599246041469,0.007836944063922041,-0.02323326640489786,0.007804623937555741,-0.022833475383680916,0.00777235642591115,-0.022833475383680916,0.009677453733389949,-0.004077964533288892,0.00344226581322609,-0.0024220637020188666,-0.002575730751232657,-0.0007738536567169253
2022-03-15,0.020478199733912787,0.01872245831421752,0.020420337139462875,0.015088711191267281,0.02714358819218485,0.011567155250754255,0.025739127455016587,0.04329276577930216,0.025743362276612343,0.04604993561753614,0.02574747710083094,0.04604993561753615,0.023472977896525755,0.04062889931362094,0.029227898559975575,0.031158795975368643,0.021021146771305683,0.01181899968594495
2022-03-16,0.014716744249371867,0.0005265202784679923,0.014787402047971627,-0.0003389893813560866,0.006619516499081721,0.019024637581109956,0.0026144443589092357,0.04584198760211127,0.0026354066484068454,0.048817448454005666,0.0026557966272039253,0.048817448454005666,0.0020802746508445445,0.03979782057126201,0.009322079117642454,0.0323418607089909,0.017983397197473612,0.0025960587334870437
2022-03-17,0.013254025898681139,0.011945518911116743,0.013247595225799928,0.01250966341919364,0.010081827542896608,0.016354007651464445,0.011278249215214208,0.006881220069570387,0.011285450933409494,0.013047323727224124,0.011292185451986006,0.013047323727224126,0.00942930477894938,0.0077212475640649975,0.00881824482686887,0.006807588933940313,0.011260479066180542,0.015237177034334033
2022-03-18,0.012835779561284044,0.004098182059362061,0.012887425375884783,0.004907378265294339,0.008146216160533628,0.027100369715284102,0.0046587032277120854,0.0345315725170681,0.0046707391254101555,0.035909540969904556,0.0046812120909269705,0.035909540969904556,0.003260783810428808,0.033642751440071866,0.010358151360096692,0.024203063566099546,0.011480198628515022,0.010514060085961442
2022-03-21,0.002528794378090617,0.0019039782072156211,0.0025633090822825087,0.0032124973146434956,0.001811508098136259,0.009961637994224209,0.0029667200548517637,0.005497500303295976,0.002965800949156006,0.0033845347556891274,0.002965713279652221,0.0033845347556891287,0.003109544150734149,-0.00265834640165903,0.0036818823937387795,-0.0030753441066077346,-0.0004023091048555292,0.0034526382896621693
2022-03-22,0.01006893341085413,0.003823390641274246,0.0101187742264413,0.0034825482801532697,0.007710630937606183,-0.0016961020949915022,0.005167873898247402,0.014026994745765724,0.005170041263285879,0.014098337169814203,0.005171779535886229,0.014098337169814203,0.003978136419492257,0.005129181708823398,0.0031583152167496326,0.010860321037875252,0.009130537864149187,0.0016765228763791409
2022-03-23,-0.005091133254617997,-0.006248597642308423,-0.0050298020948768025,-0.004467032637131647,-0.006019297506903491,-0.00814985013066687,-0.004718868556759098,-0.03710867200935177,-0.004710639644225966,-0.04227331672221524,-0.004701746051376675,-0.042273316722215244,-0.00511891366805425,-0.020755785956117448,-0.007672264653519132,-0.012398165685865761,-0.01460482346374132,-0.005300444643395149
2022-03-24,0.013640901928989207,0.006621363945186679,0.013638220426312974,0.005986731160574929,0.011556200402497099,0.03275648038533891,0.010368448679969049,0.04434252833120229,0.010389021528642893,0.03798258131941155,0.010409388887035046,0.03798258131941155,0.010266904305560046,0.04167427780439064,0.019842849145583392,0.02657968410599077,0.013583939212622846,0.011198112495252552
2022-03-25,0.003352553651750876,0.007338839313672159,0.0033772442514615917,0.007942269582708817,0.0039706309382792635,0.0014416086332438383,0.005247815390607204,-0.004259786293014429,0.0052356765579118164,-0.0033195666117564198,0.005224288702881576,-0.0033195666117564193,0.006185423492768282,-0.003244687702354422,0.003641472107003789,0.0007561479428644921,0.004674898470096372,0.0051898053524907775
2022-03-28,0.0069099865802198105,0.005348866783204902,0.006895343658899702,0.004582492323882786,0.007903372618297997,0.002787936549273805,0.00589168182615128,0.022313869209241017,0.005890804468215062,0.028480715059777714,0.005889444194256942,0.02848071505977772,0.00605966234436341,0.010690206011994031,0.007730092910001454,0.00789136577487464,0.0060101616012195255,0.003555220027701436
2022-03-29,0.004873668201008196,0.005354627444379885,0.004898517179691466,0.0034179813065124843,0.008619053642575227,0.0029853347879076875,0.0067231689548551635,0.022781899874429037,0.006720468805560411,0.017617614972131303,0.0067174935087542945,0.017617614972131303,0.006728435523685346,0.031149495562499168,0.008314592305623002,0.0318791796975552,0.011229124381091887,0.001708208085776229
2022-03-30,0.002630377157630509,0.00435115070558642,0.0025664776638649337,0.004141025192910016,0.0023925682963608095,-0.0028676927016023004,0.004258555326693623,-0.016633014436367416,0.004271351280275528,-0.019978514991769104,0.004283850439187506,-0.019978514991769104,0.005147626340981994,-0.020596104761041515,0.00036654800414952986,-0.015183955124562321,-0.0029130668444236505,0.006393615810481217
2022-03-31,-0.01514209355785866,-0.009023244825013998,-0.015158942548847719,-0.009067076532287948,-0.010259537035196014,-0.010924209796925734,-0.009873115200677674,-0.014373338625952121,-0.009889962771219691,-0.014999944781440757,-0.009907545416815794,-0.014999944781440759,-0.010498192284205251,-0.013099810517910947,-0.011056443356900666,-0.013736969617492656,-0.01532740297620024,-0.009306965983717304
2022-04-01,0.0035717844130146205,0.00845179987301381,0.003563028511318955,0.008671872689878145,0.007105346277025819,-0.0032540867917492298,0.0072087952062301446,-0.00477418892761778,0.007191115118627414,-0.0032234098296688544,0.007173796655184016,-0.003223409829668856,0.008855979833020456,0.005258169671419784,0.006142933483394457,0.009121815452189883,0.005688228122811361,0.0038641568728864798
2022-04-04,0.009322879568342653,-0.001948353254510879,0.009402590441866414,-0.0020374793343289526,0.0017072724960786397,0.0073703841164760465,-0.0014675900112300193,0.023132915234264733,-0.0014489710259586715,0.024804171220266923,-0.0014306159193095878,0.024804171220266926,-0.001282683821205832,0.013899474492253393,0.0019912071058869945,0.013786397184179379,0.0075873796540130685,-0.0011637473108236404
2022-04-05,-0.005893324628214265,0.00036512381414564236,-0.005987093151435674,0.000724394961957247,-0.00038297937015999687,-0.017930251793204996,0.0018562526585243894,-0.029196449023637716,0.0018542483412803208,-0.03116141755485431,0.0018520808805500128,-0.031161417554854312,0.002139239977818465,-0.02267204669146252,-0.004721963199133188,-0.016014558654727232,-0.00828901342843147,-2.722901527029384e-05
2022-04-06,-0.0017144068699670785,0.01491284599586542,-0.0018706186802076679,0.01613737210646136,0.007652927761200152,-0.006921466762585704,0.014938164564955328,-0.04145093281668414,0.014650837932412463,-0.042323523669504905,0.016269125550350916,-0.03833831526383795,0.0164855613487392,-0.03696051238118793,0.005891623701410716,-0.028903356051099883,-0.0071141057849159976,0.01687834411098791
2022-04-07,0.012032580814429067,0.016767257621686075,0.011945907509732977,0.017780691158713415,0.012656427013842382,0.016242089470429766,0.0113577123416464,0.004608871262940538,0.008271667957470006,0.0033728886753178846,0.00788213628815349,-0.00916571589176583,0.007873515959426983,-0.009165715891765864,0.003858783425957443,-0.007174237448216049,0.005611577241810091,0.023676545490294
2022-04-08,-0.0038634806506425887,0.003236124214647276,-0.0039021296570951585,0.004324729702345456,0.0017177491530316518,-0.01139719421392428,0.003599466518294494,-0.024680129188661123,0.006077588466398539,-0.020680283966666716,0.004849684903303231,-0.01119998048882169,0.004845754866986194,-0.011199980488821685,-0.0013442909964122328,-0.0045847089184327845,0.000549454677279066,0.0026390065116410617
2022-04-11,-0.027150582468498448,-0.016518833596183967,-0.027142364807209482,-0.01785999884054809,-0.019715314453949823,-0.0339290543752063,-0.01664690154101821,-0.03811879344417205,-0.014034017488410978,-0.03480401058724531,-0.013530418267890174,-0.025405340278677226,-0.013539046015180273,-0.025405340278677222,-0.01595020998335919,-0.02011019281242466,-0.019365619388368043,-0.025982469900831088
2022-04-12,-0.0027545138342656796,-0.000437483469035218,-0.002651422954613116,-0.00014023790756519022,0.0011787120029335312,-0.002583945850784387,0.0025050720923597983,-0.015175898857275714,0.002784695807709528,-0.01528686207013585,-0.00031857710745455373,-0.010536588675644018,-0.0003131599040519953,-0.010536588675644108,-0.0006090053608894556,-0.0044630518584530005,-0.004417728882400564,-0.0012815230319968979
2022-04-13,0.008171364321694994,0.0032675613672363346,0.0083163308778436,0.0012373813617265056,0.003370433282236603,0.015305030401890381,0.0017721623838327133,0.02081630739812056,0.000230682161542416,0.016358203998127548,0.0018063771078756742,0.02214266764414343,0.001846483683984595,0.02214266764414345,0.010719755075873043,0.01891007472731076,0.008375951063542062,-0.0020209704985888104
2022-04-14,-0.010133692266310702,0.0006631615271435964,-0.010247566301027737,0.001768294357932345,-0.005013949662318176,-0.011149740911136559,-0.0025201013653977995,-0.031134224071201273,-0.0030958854664330272,-0.02999351922216123,-0.003149444484021277,-0.014178786663745765,-0.003183447861232147,-0.014178786663745696,-0.010652837288271341,-0.011664100155477487,-0.010461337576957028,0.003950276115168302
2022-04-18,-0.0016525766262676647,-0.00820918856037099,-0.0015772284871455253,-0.007112512507978762,-0.005144240054434422,0.005410355797093311,-0.006861634019299517,0.012484631271650852,-0.006322159119779083,0.012086806173297066,-0.008558820938866878,0.006956486349053486,-0.008541970680619505,0.006956486349053514,-0.003597775057443603,0.0017510155333638107,7.780824282980448e-05,-0.005798526201440752
2022-04-19,0.009046552738797191,0.008222308424839208,0.009097857889754915,0.005026502881613211,0.006716979004275841,0.006549828875054024,0.008656605616357727,0.02036113247832974,0.008003388153433376,0.024434904330404475,0.010529899884513938,0.01663194227537477,0.010543102462742452,0.016631942275374782,0.015122616273321097,0.01564461433971131,0.014745781865041158,-0.000903160646412384
2022-04-20,0.001072949058336657,0.008221257246694588,0.0010127693139812166,0.010036474654995697,0.00877704804801748,-0.00357144428981032,0.00872903350910273,-0.01577546706646507,0.01017096745515732,-0.03832089435712021,0.011103295876695299,-0.0057004345006593585,0.011102511845383663,-0.005700434500659376,0.007318712596175986,0.0005475219736190421,-0.0014936902728507246,0.006619606549947339
2022-04-21,-0.017656001344138438,-0.011705104084534748,-0.017751340105477822,-0.011793190016014836,-0.010453287269386262,-0.03666343087456783,-0.008608863443063733,-0.03392313614775041,-0.006435555605757009,-0.046013967607780946,-0.0012687105966646336,-0.021168996543190523,-0.0012908775429148834,-0.0211689965431906,-0.009558419743317123,-0.010043923341366735,-0.01585787849577037,-0.017599960424900384
2022-04-22,-0.028516576779225637,-0.020868156548338547,-0.028506496658823537,-0.02065621638701216,-0.02348850257263089,-0.028932685408648462,-0.021676602492223553,-0.027652798239767226,-0.01862582842129325,-0.024991309236012872,-0.018317428258771584,-0.035102806444836196,-0.018334700717278357,-0.03510280644483624,-0.019553045017798844,-0.03404762631793663,-0.02551677067758543,-0.025863190134352648
2022-04-25,0.00738039819800509,0.003011725535894922,0.007341542968229728,0.001321265458637204,0.005251647978408574,-0.001486129504352445,0.005580248747639993,0.02002348246636422,0.007195504364008967,0.01695954294906731,0.009409520307556124,0.01210990856411831,0.009403641613555397,0.012109908564118336,0.010675826139365274,0.00949116319325272,0.007567585921491258,-0.0035606096231649677
2022-04-26,-0.025097666529982052,-0.01283467727722289,-0.025166334222593647,-0.011769723842096272,-0.01740032318259604,-0.0263269381274681,-0.013884934725589246,-0.04235564761078567,-0.012974147303507825,-0.0409707115044478,-0.013444869678237291,-0.042045759732528255,-0.013477957364355175,-0.04204575973252827,-0.019875470616058728,-0.03831651249418184,-0.0235743119269922,-0.01229756442971451
2022-04-27,0.002274026726531173,0.0006066861667953062,0.0022307667166251515,0.001365372833871605,0.008755784435040093,-0.0054162744281572904,0.0013137759294250208,0.0038888009089279455,0.0008832737734840949,-0.012009547773921365,0.000214105402643055,0.028527519259077018,0.00020349265300626386,0.028527519259077122,-0.00317530304579469,0.03220478036041128,0.0016178953906647083,0.0022421091734103403
2022-04-28,0.02510019412334255,0.01963695952065991,0.025262974157978305,0.01905285202126122,0.01884801469176048,0.03687854071532021,0.017078802252456195,0.04228129289845807,0.018331542032386995,0.08683632564044057,0.01587599909199733,0.050283754264397906,0.015916646389973133,0.05028375426439792,0.025513668974686356,0.044468313128452785,0.03271351031116875,0.016460297119275144
2022-04-29,-0.051800788291228944,-0.035472268250381814,-0.051850821692779436,-0.03817743503693284,-0.038722479549432184,-0.050419498163645916,-0.03540773100690028,-0.04565058992889957,-0.031023135817854923,-0.041235075199453554,-0.029677075234267613,-0.044862107988857335,-0.029666346065264273,-0.044862107988857376,-0.029573445783683837,-0.039696992256697546,-0.03706004228889687,-0.047702232528953024
2022-05-02,0.006707749541610172,-0.004316833518658131,0.006736267119619517,-0.0028125490954887056,-0.0020790633492649775,0.0209576622518524,-0.006047083108422239,0.03422141960585959,-0.007033040032863541,0.04299757693911168,-0.009801893282738939,0.010310254301159219,-0.009800163444871507,0.010310254301159252,-0.004750971232014148,7.111656531193318e-05,0.007271545332314711,0.005818490351044081
2022-05-03,0.0036184197440941967,0.0012704199735580689,0.003645106393780111,0.002416708116576765,0.00233251643842948,0.006881831656475269,0.003137223827450899,-0.0009194056035733932,0.0016022166459032441,0.00160650894474826,0.00018999670991994596,-0.003234688469191319,0.00018875192142531606,-0.0032346884691913705,-0.0008427735773987269,-0.002016667901541534,0.0024609432062215617,0.007696021178511892
2022-05-04,0.027024294498776393,0.023130835030948555,0.02707664553988437,0.022605408074968754,0.028497882101758135,0.031237284345911158,0.02609676943657017,0.035739838043773994,0.02320135062689462,0.04182204693312821,0.021192271569898224,0.03287364675208093,0.021199010623934707,0.03287364675208089,0.023985789486079098,0.03360664642748892,0.028921473647078585,0.025696887472788907
2022-05-05,-0.03594172592956277,-0.02063769942769948,-0.03606029432395697,-0.018715541045271875,-0.02524581749901818,-0.0389128518002315,-0.02246464162522198,-0.055941964475809104,-0.018837733905402766,-0.06284037540658097,-0.018797860276948235,-0.052865298729845196,-0.018843901404922512,-0.05286529872984518,-0.027838566023849636,-0.04935330648437738,-0.03395423846876146,-0.020425581657561354
2022-05-06,0.0004869528219487997,0.002209509391950149,0.0005272299469782596,0.0030689902528665677,0.005763337682825882,0.006479888820753275,0.0029895516483305264,-0.016704835509412392,0.003297955396275409,-0.01610997813838586,0.003374332718815573,-0.017129849689356137,0.00343091459933636,-0.01920671322256376,0.003599851708386846,-0.015059546007662346,-0.00532947454298594,0.004542592049585893
2022-05-09,-0.025014936446332497,-0.013062515643966379,-0.025228200679296743,-0.015519063277384261,-0.0196928023214851,-0.07237325387508396,-0.01186961226764661,-0.0529781751977106,-0.012038478282344372,-0.05297817519771277,-0.012205717260763485,-0.05297817519771063,-0.012371378376621937,-0.054872576708080746,-0.012850849419173225,-0.058693193655987415,-0.02692929662035682,-0.028504322403305672
2022-05-10,0.007501209715109245,6.538285987799185e-05,0.007598169404601457,0.0006542924515634912,0.0041654182291975764,0.016814575630139068,-0.0006669920024100137,0.02805953481881796,-0.0006212692118239202,0.02805953481881927,-0.0005749285457800723,0.02805953481881799,-0.000528010256963557,0.02651266085653871,-0.0003868579614991518,0.012795872345772768,0.0038333531071874432,0.005330167528350721
2022-05-11,-0.01237747481303194,-0.001817733070329576,-0.012509436916698586,-0.0018792404526433823,-0.010812704564448106,-0.008235831145387843,-0.008883017249977043,-0.045618711536811275,-0.008870359286682174,-0.04561871153681059,-0.008860788130862047,-0.045618711536811234,-0.008854189561106065,-0.043637831713163364,-0.008850538949371357,-0.034663506151027666,-0.0131972329863867,-0.0009668119444519804
2022-05-12,-0.005520953787103051,0.005379918423525974,-0.005584301060662613,0.00410452590553349,-0.0046881914727769135,-0.004589232306413869,-0.0030752883834613614,0.00032050589809495475,-0.0030854707921985376,0.00032050589809793154,-0.0030967077338107905,0.0003205058980950724,-0.0031090001836064983,0.004488972646253347,-0.0031510488570265878,-0.011186291458040657,-0.0011565917653170391,0.00584930710867049
2022-05-13,0.018578795296132728,0.009615411321537096,0.018629859777238855,0.010891062717392567,0.01636503824186699,0.04533148708336217,0.013795885465055828,0.05626130672949761,0.013824122820217454,0.056261306729500284,0.013852153185422971,0.05626130672949767,0.013880062094236773,0.0587972335516703,0.013962080591182546,0.053960127643727304,0.02367534372935317,0.013564245021780585
2022-05-16,0.0033364004723490056,0.011527152603132597,0.0033570318418105474,0.011998901917703983,0.007967463033855125,0.00820178014728555,0.007138753796107157,-0.008327857021615087,0.0071756074624198425,-0.008327857021614834,0.007211060937758328,-0.008327857021615067,0.007245141239560187,-0.00924596360165052,0.007338080085136313,-0.009178888880619138,-0.0004058125286695939,0.013635296129585207
2022-05-17,0.006904476819643204,-0.0121308563368027,0.006985768659177872,-0.009491240004913689,0.00468091732157397,0.020639385807512102,-0.010869297014221235,0.027333256951671783,-0.010787936908662577,0.02733325695167199,-0.010705342183872903,0.02733325695167177,-0.01062150001306458,0.028904355387257365,-0.010367576837560023,0.030583629510064797,0.011792015615915176,-0.00017605062065186825
2022-05-18,-0.05329433513469427,-0.04344516238930745,-0.05324638795875879,-0.047589577749837124,-0.04874304100475141,-0.04556338081495711,-0.051310412294849984,-0.0500790299427782,-0.051245608915720255,-0.050079029942777506,-0.05118028368970519,-0.05007902994277816,-0.0511146166388808,-0.05159332608342014,-0.050920349557153806,-0.044080002712083,-0.04355085651579532,-0.04995470909412654
2022-05-19,-0.009388919806591291,-0.013437693957213134,-0.009398133185237535,-0.012928000224261358,-0.010943740255797856,0.0012672111783750646,-0.014194816731316917,-0.003291164621639812,-0.014157121276219119,-0.003291164621637473,-0.014120148595425742,-0.0032911646216397562,-0.014083897267371385,-0.0006342255358991854,-0.013981104191026696,-0.003938885256171103,-0.013343901536339103,-0.009592510752933665
2022-05-20,0.0013292375165511296,0.007413683243179785,0.00126787825214512,0.005046807026319708,0.005113613623556976,-0.004974386017746362,0.008133631570618709,-0.00024720164960488795,0.00812643177220404,-0.00024720164960510653,0.008118927538277084,-0.0002472016496048706,0.008111128634793269,-0.00016848672416031385,0.008086584786398123,-0.00025401847540438416,0.0027505928246254288,-0.00039924789484623247
2022-05-23,0.02166037639849194,0.019830332461830552,0.021711984031929647,0.019084216259007,0.020547702899799188,0.020401240820553578,0.02507061088589765,0.017613218094738363,0.02506829415695999,0.017613218094735893,0.025066409727958153,0.017613218094738297,0.02506496683255596,0.013569716783437573,0.025063207961211302,0.022779207206711147,0.023074547589762864,0.014077977206698507
2022-05-24,0.00034205133868240234,0.010760259328608916,0.000249547648699141,0.011349819401569362,0.006913749472819011,-0.008055582167989399,0.009124172346893961,-0.04414458067441998,0.009086558824157029,-0.044144580674422715,0.009047613145282844,-0.044144580674420064,0.009007405225893491,-0.04543711494489583,0.00888240387101482,-0.04465033603989374,-0.007088901544478216,0.010282863514416464
2022-05-25,0.006492115802464235,-3.626201594282606e-05,0.006525604492358257,0.0028433875418455642,0.00445586168556894,0.02664694409042302,-0.001094395599839453,0.02266075560587118,-0.0010525085588119474,0.022660755605873537,-0.00101147181018901,0.022660755605871226,-0.0009712353234921367,0.02511642778601659,-0.0008568666471297551,0.02316492534369672,0.008434769457055062,0.01015443748473783
2022-05-26,0.014319707155712848,0.005403244827253559,0.014407672010609319,0.007442396211215016,0.007504187537251537,0.02421198643891951,0.009583827672969246,0.03507729661395092,0.00959301028824866,0.03507729661395222,0.009602694450530951,0.035077296613950947,0.009612870100538374,0.03678683547931327,0.00964549859443278,0.034994699103243466,0.017984699540737125,0.012421494222093942
2022-05-27,0.01694116586112397,0.01157430528179046,0.017036166865555532,0.010106663637198551,0.014029595145120555,0.023194665186784084,0.014817553129537742,0.040093910549295286,0.014829709003701255,0.04009391054929522,0.014843298917772111,0.04009391054929527,0.014858265067902285,0.0396814362035658,0.014909622155393432,0.032453536358106425,0.020304626940243077,0.007621309795104141
2022-05-31,-0.011518742985106644,-0.01281064712360648,-0.01148503162568038,-0.013774331930943344,-0.014913346505979048,-0.014160447617621188,-0.012781163670487351,-0.013266974322029407,-0.01279438149618461,-0.013266974322030271,-0.012806617619337574,-0.013266974322029437,-0.012817946858792095,-0.008335324223810184,-0.012846731198842597,-0.004966706761528375,-0.006386145305305711,-0.015768952187943372
2022-06-01,-0.004226327675943398,-0.007738192713571047,-0.004185682097777171,-0.007183279587667504,-0.004751835413483238,0.0009657724290611172,-0.008090775178091866,-0.012279236051802802,-0.008045843257619313,-0.012279236051804051,-0.008001378701921405,-0.012279236051802832,-0.007957353122982982,-0.01096529824118019,-0.007829950517226725,-0.014168343087859598,-0.006842593048088789,-0.005239204851219476
2022-06-02,0.016585572641893476,0.006580820770974753,0.01660644396506093,0.00853055050753912,0.007338911449288515,0.02646447468275984,0.007286772319157848,0.05535114275022115,0.007267188822485499,0.055351142750225374,0.007247953417435726,0.055351142750221266,0.007229094578705267,0.05681499358193937,0.007175794041575601,0.043822104540128984,0.019468476052468698,0.01628079155075766
2022-06-03,-0.014644247949317936,-0.006103321429840427,-0.014669993883721253,-0.005739431238717974,-0.011249660830547148,-0.008593288184553773,-0.012133666269238778,-0.037229216604165526,-0.012113764744469183,-0.03722921660416539,-0.012095398957806851,-0.03722921660416551,-0.012078552429073033,-0.03589210070808325,-0.012037240687930113,-0.033743649942450944,-0.014799046992189667,-0.0034163342983504425
2022-06-06,0.0010895065629085287,-0.0022822239533200387,0.0010799592718320082,-0.002608776044734348,8.400885624435919e-05,-0.001793563519056559,0.0006192551756010669,0.006827575619130628,0.0006214795318518255,0.006827575619130805,0.0006240407177457379,0.006827575619130634,0.000626932687888018,0.008299089663373024,0.0006372468079384085,0.008982222663591622,0.0015773584926262573,-0.0043105732329972385
2022-06-07,0.0162434922849333,0.010589752334593286,0.016200294650562372,0.011308195618731448,0.01569959084268895,0.024722927491061638,0.015539434021699302,0.008873658079246904,0.01563164784007661,0.005492800061673183,0.015723875184268675,0.005492800061668555,0.015816008024875133,0.0005783609569718175,0.01588287003021819,0.0005442035569416454,0.007667549538250856,0.01683694931968831
2022-06-08,-0.0020591662248380625,-0.0052069991635434465,-0.0014585414790436297,-0.004225400153829298,-0.0018502130451855804,0.004205013481883006,-0.0024848778474533084,-0.006500657165360586,-0.002431087662080027,-0.007476028004572305,-0.0023781707093206072,-0.007476028004573879,-0.0023261029278785796,-0.008321945812129554,-0.0031098628382368446,-0.00772947018249753,-0.006551699005616385,0.0004905280600689472
2022-06-09,-0.021056474896368957,-0.018895072335564297,-0.021084384362997952,-0.018791368887729698,-0.022209718977892045,-0.021794026290267735,-0.02185869201890302,-0.03422500614267859,-0.02187363957887619,-0.0347802774362835,-0.021890134245386942,-0.034780277436284944,-0.0219080837301141,-0.041953357250800336,-0.019936148261278663,-0.04506802865730154,-0.022517408936900234,-0.017755282672453822
2022-06-10,-0.02223151353827521,-0.01056183724834416,-0.02138970643500349,-0.010955936475272321,-0.016821030176788723,-0.014596942661612395,-0.012281284465596584,-0.058380843659193556,-0.012336846979658887,-0.06011417473962665,-0.012395297005010315,-0.06011417473962574,-0.012456414251150103,-0.05602588148847271,-0.01199753884021694,-0.05246860454888952,-0.027881541943006866,-0.013963800041529863
2022-06-13,-0.03652001403576856,-0.02428458167872017,-0.03256982042294472,-0.02615549685907561,-0.026753583755476092,-0.037988912246825365,-0.025362603743736785,-0.06351047897268325,-0.025483448723211604,-0.06513569723701451,-0.0256044631696443,-0.06513569723701222,-0.025725556294901933,-0.06477459915831944,-0.026596526654442745,-0.06362428925451845,-0.03433958255320406,-0.033881998357951915
2022-06-14,-0.001191548248516715,-0.011284231856445764,-0.005581581974648078,-0.011205201457217973,-0.00857275405364895,-0.002470878744022837,-0.013191047003322937,0.0026530132781973454,-0.01308956619878149,0.0006738611461084761,-0.012986407328361866,0.0006738611461055071,-0.012881755927735142,-0.0015032003442047067,-0.013040378659279955,-0.0005292385001891622,-0.00643733840214475,-0.0025411850540905277
2022-06-15,0.007373008273136472,0.00192073008363593,0.007983517480260376,0.0007345180096025148,0.0065625582619613775,-0.008489752627341723,0.0017786801284744832,0.03033396271411569,0.0017143821358609804,0.03356180500001362,0.0016533204572662288,0.03356180500001767,0.0015953394987172163,0.04074975642725671,0.0016955597262324129,0.040113604480658725,0.013080340384885052,-0.004843009785121755
2022-06-16,-0.022764983112581974,-0.00876392367469951,-0.02420467988025149,-0.012306994857188586,-0.01876293149136183,-0.024490963085230976,-0.01506723304185739,-0.045219875380563705,-0.015252565869109492,-0.04497905814660457,-0.015439630888700581,-0.0449790581466029,-0.015628089401214122,-0.046145219577323586,-0.01877133718778433,-0.04810859533025345,-0.021724740655999955,-0.01957887354196732
2022-06-17,-0.009852799836343094,-0.010201863177061902,-0.008437821084535523,-0.011774612398799818,-0.009252245202623773,-0.03319269187049825,-0.011537721434793292,0.008345308021171925,-0.011708444149606626,0.00966158491982254,-0.011875114487032715,0.009661584919825768,-0.012037807987845707,0.016950962297401874,-0.012799207320222144,0.018744594528178,-0.0029153091802581747,-0.02413790428348183
2022-06-21,0.04254519490606429,0.03004318015228335,0.03958287678756887,0.03085355531182727,0.032017000539383944,0.04651688587266836,0.03283235802377458,0.00580782942736003,0.03293773845074942,0.004847704991597459,0.033042281167236474,0.004847704991601401,0.03314595410048909,0.008260063462159324,0.03637418804380461,0.0098099900636957,0.025557213420483865,0.04176099594174707
2022-06-22,-0.0014761287864203674,0.004325434268815604,-0.002176375546209303,0.001357773958940275,-0.0018283138106948101,-0.01507658789127291,1.603535922416275e-05,-0.004471571430561229,-0.0002004129422721124,-0.003840434834075173,-0.0004162572619569754,-0.003840434834073809,-0.0006312311345732808,-0.0046328591965788405,-0.002329641384252999,-0.005671318329271329,-0.0017422322542061106,-0.007978879335744973
2022-06-23,0.00778762798287342,0.012975189731655262,0.005241586605173221,0.008714911341123462,0.0059179256679529465,-0.01305736227118487,0.006515328374649395,0.014551577151081097,0.00633449890425335,0.015597535361272681,0.006157589960682502,0.015597535361276218,0.0059845026756622476,0.015812476230011304,0.006419598990720825,0.012909584160906548,0.010462080167054048,-0.0019009961876913794
2022-06-24,0.020334175761099433,0.015602613174417461,0.021076807375329912,0.01643909913079068,0.01955991973718452,0.017908307514041558,0.017365863919676972,0.04949886240793728,0.017383279956160125,0.05062237829252683,0.01740144002044865,0.05062237829252363,0.017420287956905006,0.05188925740251054,0.014227993714049463,0.053285124515194196,0.02638937465537835,0.017448686214329295
2022-06-27,0.006806065338125056,0.0037291792955486125,0.004673607208677564,0.004718169756074248,0.00410489358696701,0.01610545234626719,0.004333449161211943,-0.0108285993044989,0.004417000128804607,-0.01361066858939049,0.004499193461847689,-0.01361066858939354,0.0045800524899523975,-0.015744499785111422,0.0065656990792451395,-0.01453461683460878,-0.0025130929422478585,0.011540232874744375
2022-06-28,-0.010000371958185327,-0.015303426933971312,-0.007811764025244553,-0.012038720754415557,-0.01027272452007188,0.009198501354467963,-0.008444389510221651,-0.046502556104636654,-0.008311033740089464,-0.048664024522953465,-0.00818204684909095,-0.04866402452295404,-0.00805723683121623,-0.05084139380685284,-0.006572462607742772,-0.04999496816597787,-0.020677810324978323,-0.0006450476920947055
2022-06-29,0.0015617875833656768,0.002573936128132789,0.0016287161499046834,0.0027708580629289413,0.0017146315228356859,-0.013083416222284292,0.0009769889782421867,0.0014844571939492846,0.000842028765011021,0.0015973352848560167,0.0007087078043175042,0.0015973352848587176,0.0005771187872057693,0.0028579786611920557,0.0006043413956667808,0.0034240143541104866,0.0022983702755309168,-0.005412379889001785
2022-06-30,-0.01468141855376119,-0.0036531395783038966,-0.012067451534534285,-0.004371151197406982,-0.008338899366513965,-0.016289350714770258,-0.005514506565781773,-0.01610455258839219,-0.0056179513182295256,-0.016789836033848315,-0.005722206760758223,-0.016789836033850047,-0.005827132722622865,-0.020441674727896198,-0.0058633184653832755,-0.021983555032299443,-0.010438493230502794,-0.009250734872260425
2022-07-01,0.010289208338357194,0.012422094826635078,0.011961765143923012,0.012668722043888477,0.014509514674519572,0.012900174174010523,0.015166915492001656,-0.011256633996889562,0.015185902133109958,-0.009718960683248654,0.015205567395036144,-0.009718960683239783,0.015225780695656402,-0.004732901240629167,0.01566490567616803,-0.004519174880653099,0.009771466798854711,0.011345849592033663
2022-07-05,-0.0005643620324987839,-0.0063196072097997475,-0.0036084668647839435,-0.007256872083462874,-0.006376258995347133,-0.016780759571530728,-0.00897816897449277,0.03282124790955641,-0.009043255274250919,0.034524404631342945,-0.009104788128215717,0.03452440463134325,-0.009162875616882225,0.037369236529250824,-0.012179166539743123,0.035515979263100746,0.005338139856377864,-0.010337973559899393
2022-07-06,0.0028200682515953633,0.0013289293158102323,0.0022990190829676642,0.00025024477237836515,-0.0002344040453355911,-0.011565208404770412,-0.0005299396304363247,0.012158857760990415,-0.0005933683500763993,0.011929421272688798,-0.0006546822670774779,0.011929421272687802,-0.0007140004203226348,0.010024030083320886,0.0025305891099312882,0.008625101948033675,0.003931865233680063,-0.006745127639096103
2022-07-07,0.012799074163460059,0.0031534084938564925,0.011467671369084309,0.0038273781821411604,0.007740613250886466,0.014249944955106224,0.006911797531217823,0.027427465536872513,0.007033046420293498,0.02677684328097701,0.007156193191863416,0.02677684328097501,0.007280947806796108,0.0260647264006456,0.007859631884146664,0.025332591192721476,0.013003178704575874,0.008881250793134999
2022-07-08,0.0019619102033302097,0.00036359576577536497,0.0035213436317760374,0.0012671136473750956,0.0027065556793817724,0.001121248680542581,0.003121814598435674,-0.0013848695322899313,0.003101243582081057,-0.0035212822618883636,0.0014778114417714058,-0.005486426396633468,0.001464810425004221,-0.00510214597768512,0.001185136702456004,-0.005041687355314778,-0.00021762542810759922,0.002173209762298821
2022-07-11,-0.005843666467764835,-0.0005439338051821752,-0.005940174286896202,-0.0018068181503752743,-0.005512279457372071,-0.003759201471584662,-0.004846439535971179,-0.037757123943098395,-0.004874306397496279,-0.034187194987531616,-0.0036072695278063604,-0.03823559380160522,-0.0036452130877491777,-0.03823559380155322,-0.0037631441987617848,-0.03653003729157849,-0.009611476074274915,-0.0011850843909987992
2022-07-12,-0.010480864206687033,-0.010686115671207247,-0.00895735026861243,-0.010323730884890674,-0.010202271680788987,-0.011481215791067876,-0.007243028265649279,-0.004278879431351301,-0.007258898561525721,-0.008830689664341205,-0.007749359991716974,-0.009703352989127664,-0.0077608899245646115,-0.009703352989154503,-0.007789524815618292,-0.007869728389374374,-0.008745420062433952,-0.010222467862022225
2022-07-13,-0.008008243432548396,-0.0015038877032472692,-0.006408113919350811,-0.001507551379209903,-0.005234348996880956,-0.003973321484591157,-0.004428444112109436,-0.00523559016685778,-0.004410041644136376,-0.0031796625499310753,-0.0005119434261169827,0.00431779437375881,-0.0005149218484081909,0.004317794373729508,-0.000523982601932473,0.005434369157235184,-0.0028995626928887573,-0.002492679849020773
2022-07-14,0.0002556160257221338,2.639110970852858e-05,0.002597506454875011,-6.215727830626754e-05,0.0018636823989976717,-0.010827660372287884,-0.0008485635836450111,-0.0064754278764883955,-0.0009078924740239989,-0.005930011192813623,-0.0016110003042235773,-0.004968011009690989,-0.0016630380100926675,-0.004968011009674742,-0.0018068871497497097,-0.004728915923301884,-0.0011106916927817111,-0.0019543379418331965
2022-07-15,0.017553130731880116,0.011038990356505074,0.015554215948467908,0.011001073716908826,0.015928569160366612,0.02060419772296563,0.01661331290493248,0.025211491686018953,0.016607320814359873,0.027061589872725764,0.009889840717520753,0.03000222450487529,0.00992004475675958,0.030002224504851058,0.010008345327844382,0.030471984846225018,0.02149680877291446,0.016236234993051032
2022-07-18,-0.01642643510078927,-0.015141624033598172,-0.019575309207445407,-0.01384585831712178,-0.015087328329982145,-0.0001263611740287985,-0.01200817124950376,0.001622304200533258,-0.011861348538603211,0.004946001854723419,-0.010824304557110975,0.010396548548260158,-0.010681762412124499,0.010396548548212566,-0.010258951727832146,0.011146315508879467,-0.007236581028276845,-0.009961393041015293
2022-07-19,0.020011880557977875,0.004765265673793978,0.017037553349148842,0.007976618691119406,0.013918327050962815,0.021424015970846418,0.014549083203413216,0.04776415195511537,0.014670892303446108,0.04639753908409821,0.012139414875566766,0.047032783824137114,0.012278940547833411,0.04703278382410878,0.012701997148999312,0.046505565029861716,0.02419966136442276,0.014514727871508837
2022-07-20,-0.0071662100729106976,-0.007543964578755981,-0.009665349811013565,-0.0067695574578854854,-0.005380397221016641,0.0005312603083765305,-0.00522349572548623,0.028453138933593924,-0.005101129330564036,0.03751047554218521,-0.004000321080839647,0.041959681443911004,-0.0038766852252303265,0.04195968144389681,-0.003497091175845713,0.0386990047648619,0.006340711808826609,-0.00549196759567094
2022-07-21,0.0036776207825715552,0.0018691017866807585,0.004551891290576268,0.0010062296894639178,0.0031188722034625072,-0.006604659626074549,0.00030075611767857555,0.006893243133526959,0.00025204404164862974,0.010155595373237894,-0.0003599035333013826,0.01061814452917446,-0.00040292942736424827,0.010618144529191033,-0.0005224636873433039,0.010425602065580752,0.0065807100226995575,-0.0015106524159723257
2022-07-22,-0.008718614014609964,0.0013578737713720193,-0.006524406738768997,0.0011796128441040397,-0.0011368516739503345,-0.0035263630826687384,-0.00020664138875762703,-0.052623305854124024,-0.00026679706503160276,-0.04569056022544716,0.0019081693557820966,-0.04194935854693995,0.001832601748548112,-0.04194935854688769,0.001603144263048087,-0.041111305604993334,-0.01041163877574823,-0.0005830181465450079
2022-07-25,0.006995120615596241,0.007382842388762462,0.003782315254582073,0.008804333275109037,0.006884468176256515,0.023998480677731884,0.011104460808911358,-0.011577685210895285,0.011194341882843033,-0.01753466948703268,0.010232301852040932,-0.015363441980907616,0.010324953667465773,-0.015363441980927364,0.01059124015266608,-0.012794235697232715,0.0015974891105418679,0.015348885697851408
2022-07-26,-0.0027507034759647014,0.0006556442328852121,-0.00015547697230309187,0.001154651640312177,0.0012524165084055704,-0.0018120601404815638,0.0036131404797032237,-0.02998469259204628,0.0035394964196045916,-0.03419028920561505,0.003200770419616098,-0.04107005429022598,0.003125232424881338,-0.041070054290207714,0.0028913348142010414,-0.03868116158759531,-0.01608832631236812,-0.0007755418752295227
2022-07-27,0.02182907111843166,0.004665775393106654,0.019363281700077468,0.0048348502509982915,0.012378367699202952,0.011568767264328804,0.007653342014941708,0.06886035020394604,0.007763340057855592,0.060819951206492126,0.008353216551192815,0.06213074860594777,0.00846687551864881,0.062130748605891975,0.008821958742390864,0.05914901781787026,0.023894613278656707,0.007105841618928074
2022-07-28,0.006989721768399569,0.006818051900302459,0.008722675495623172,0.007403965105018542,0.0104586344235182,0.004284908251875328,0.008637987228514723,-0.008967466158808756,0.008636552009769002,-0.0031888411267721167,0.009134682316679398,-0.006424644459019597,0.00913020892470389,-0.006424644458948541,0.009117011690421816,-0.006479636017796089,0.0086481008042583,0.0038839390795321364
2022-07-29,0.01101631815760834,0.00972306379745487,0.0016650719777243908,0.010562805520590857,0.010519380631374631,0.028259131878652654,0.014143764962835707,0.008757050119869198,0.01445198073316119,0.00672258063624053,0.0067554911248387745,0.032687142627843765,0.007122905460855895,0.03268714262780946,0.008233663686092248,0.03142670225149505,0.011290129318389248,0.013182756069410655
2022-08-01,-0.010471521946886804,-0.004793527615588307,-0.0062339376064145195,-0.004883811482258432,-0.006476171324643102,-0.02173329185765376,-0.008191064348299054,0.0017760328753263577,-0.00827692834205386,0.0056112115498740955,-0.0031946309199304946,0.007371474776281287,-0.003309761900226812,0.007371474776270736,-0.0036473951170997825,0.006216314072299431,-0.0018674494252278518,-0.013187911412721944
2022-08-02,-0.006390927193663375,-0.006982988237660863,-0.006448459997880095,-0.006750707698847717,-0.006915580237446797,-0.0034837720140019333,-0.006169804463619403,0.001646960785776941,-0.00617389759118972,0.0012809188785821812,-0.006984462377744453,-0.0011298372578514393,-0.006985319915298874,-0.0011298372578548493,-0.006990147662332778,-0.0012914090096946382,-0.007521842119224021,-0.005515232452314199
2022-08-03,0.010776594852020998,0.001549390840288994,0.013918086947661664,0.0008910297035167073,0.009825141591537322,-0.014152658756670915,0.003380447238267746,0.0335793331345965,0.0032609886472650916,0.03529925520374154,0.004558838630105022,0.03760971258091951,0.004436508852021813,0.03760971258091521,0.004092252828215641,0.035520264421773994,0.014571082113297856,-0.004959348256948585
2022-08-04,-0.008199686330245927,-0.014601437706706574,-0.005833187404510092,-0.0141255175229991,-0.009891911853599382,-0.02689274641592142,-0.014837842121698381,0.008345590705827141,-0.014931712077007851,0.012627162863808428,-0.013614406684514463,0.016242094557305825,-0.013715336036603467,0.01624209455730163,-0.014009112799884876,0.015364845809699445,-0.004544284384129753,-0.017451755193106044
2022-08-05,0.00021506914491291782,0.0002714521762405276,-0.0025931616525325138,0.00016470144111780077,-0.0014323902193019435,0.00764280556580191,0.00045387370943876336,-0.011580383990679961,0.0005361187381653183,-0.008244454492092993,0.0003931344678993893,-0.012678888427749101,0.0004777097650327276,-0.012678888427708486,0.0007314417448007934,-0.012934033128993645,0.000889614914703243,0.002896871876337839
2022-08-08,0.00031058200198818013,0.0004974960898329178,0.0008333077119133081,0.001128741676268029,-0.0008416600131128491,0.0017437766341914193,0.00021606144400428213,-0.017015395302440974,0.00022923830951633546,-0.017043608773055403,1.2604363013609234e-06,-0.016646738373549342,-0.0014944834775105853,-0.016646738373548856,0.0004133595518255124,-0.01679205223339456,-0.0021714296193844447,0.004278420074194957
2022-08-09,0.0029427618054846468,0.00425136797941016,0.002496358389335255,0.00379852911184255,0.0034284469729398553,0.008689450308795041,0.004176372699404013,-0.01892234409920914,0.004238713776218723,-0.018922344098802932,0.004301877046378192,-0.018922344098804895,0.0041477385346257774,-0.01892234409880338,0.004112028957979089,-0.018320837620653275,-0.0029530150962872354,0.006559532479580089
2022-08-10,0.015071120110160215,0.0048390100079147465,0.011357473395776762,0.005245876861748611,0.010303458985219118,0.004642712640964644,0.008040556856159198,0.048424508766093374,0.008060547643619494,0.04842450876468106,0.008082609331767496,0.048424508764684356,0.008654033435867028,0.048424508764681816,0.009180815268225373,0.04841172487542311,0.019387165195264126,0.00420563411219682
2022-08-11,0.002294633590702656,-0.002080710668134529,-0.004243112422661475,-6.051088182408722e-05,-0.003148195704375985,0.011871589530439309,0.0005032712558350032,-0.009027838742618305,0.0006550969354472372,-0.009027838742712015,0.000809144484278814,-0.009027838742712277,-0.0008708220910578733,-0.009027838742712072,0.001613542005289593,-0.008752552203317733,0.0007871839992940185,0.009557386982367565
2022-08-12,0.014349177812665911,0.005216435430752487,0.015628810730872248,0.00626715953034724,0.009469820055576781,0.010084055497925664,0.007855583078972606,0.026509394866674047,0.007872757919312563,0.02650939486668994,0.007889634428162332,0.026509394866690336,0.008636387605554923,0.026509394866690024,0.006745978530262344,0.026262177268228985,0.01494189752342943,0.008562651149427261
2022-08-15,-0.002562091585310163,0.0014078245036406973,0.004607127107411063,0.0006247045232983103,0.003464779453616033,-0.00895864684109008,0.0006925768229908186,0.005382934072599488,0.0005886793595113575,0.005382934072243099,0.0004831590537827433,0.005382934072243414,0.0022074787289634995,0.00538293407224317,0.0013995006635207099,0.0056875680915657815,0.004964382763628148,-0.006116181421289512
2022-08-16,-0.0004453676368348567,0.0075585713645831155,0.001968853581324249,0.006619279356938313,0.0024995718673911324,-0.0014125012116640375,0.0023947763949652406,-0.0017255026080933795,0.002336329252277778,-0.0017255026083385567,0.0022767936957253706,-0.0017255026083383513,0.0031169259394566344,-0.0017255026083385068,0.0028154639478031275,-0.0015065964721171768,0.005674671427884146,0.00035079131787667424
2022-08-17,-0.00247098021498133,0.0006088585472719383,-0.002042697652219167,0.0004669040425323989,-1.76889520703044e-05,0.004882982757868269,0.0012270657492590448,-0.023687244255495822,0.0012776251891488083,-0.023687244257052622,0.0013300930954121045,-0.023687244257053517,0.0017532325399258533,-0.023687244257052813,0.001228527044793674,-0.021042153917403814,-0.006296571786202573,0.002243769288760019
2022-08-18,0.004389952729615974,0.0022988503969415697,0.0010779557086081587,0.0035001451793065606,0.0018072560198906758,0.01330821542359118,0.004251370520756373,0.00778157109345653,0.004340285006791609,0.007781571093831469,0.0044301517229556955,0.007781571093831852,0.005072972782169867,0.007781571093831575,0.005147020512219998,0.007033779962843192,0.005340576201273444,0.008882752228011737
2022-08-19,-0.009039780143031166,0.0023596344689024943,-0.003919685606461544,0.0007937340747635135,-0.00048012113019991,-0.002903438064950208,-7.670054513194509e-07,-0.03731769041281819,-6.023658465205303e-05,-0.037317690412703754,-0.00012203352391888789,-0.03731769041270564,-0.0006952078071448806,-0.03731769041270418,-0.0010694487073045766,-0.03636469381296483,-0.012887439896292631,-0.0016947079431383623
2022-08-22,-0.016415954476528154,-0.00924402796003876,-0.015551789882897208,-0.009173512110288539,-0.012032456072143384,-0.005411460428044208,-0.009417935164027717,-0.0358751647917571,-0.009403169065999905,-0.03587516479125487,-0.009389268029345489,-0.03587516479125644,-0.008405514758434752,-0.035875164791255236,-0.008830172922213738,-0.035644218884967216,-0.019411650321305145,-0.007511487834969027
2022-08-23,0.0035455488520100146,-0.00010834547137923223,-0.005451962976128078,0.0008835475296061603,-0.0007052366150815746,0.017010379807210242,0.003578638185080376,-0.0004124662579253871,0.0037670969953966117,-0.0004124662582166075,0.003959429150166409,-0.0004124662582161733,0.0029204789527074947,-0.0004124662582165035,0.004258971071687253,-0.000282703260293412,-0.003401964591645896,0.009514652806094894
2022-08-24,0.000315612533326673,0.0009135175121442519,-0.0003593749701772055,0.0010060029506277536,0.0001512090768439236,0.0045795193900486746,0.0012430111314631512,0.004974154780185797,0.0012742245239298245,0.0049741547795256955,0.0013059553930409424,0.004974154779526662,0.0017669134598026887,0.004974154779525916,0.00077077634403701,0.005302839750313655,0.0011132194391932247,0.0019049983623895955
2022-08-25,0.013337940464353324,0.006348971855054951,0.009081769021538568,0.005754653567567927,0.007950392013701657,0.008428363834968042,0.007715095340216114,0.03258663366265487,0.007723135011576389,0.03258663366305216,0.007732067466455604,0.03258663366305313,0.0063901245317425056,0.03258663366305237,0.006543819880862303,0.03147535192308118,0.012344838669991387,0.007789834547638576
2022-08-26,-0.029419297615041095,-0.018548992352423382,-0.028094514624026234,-0.018878370459474228,-0.02446601320092872,-0.016163909270458555,-0.021090278214569935,-0.059805513395189004,-0.0210555497835649,-0.05980551339603091,-0.021021147198595765,-0.05980551339603176,-0.02123429738541937,-0.05980551339603109,-0.02097803975683886,-0.0581660805336114,-0.03309815319837507,-0.01673648879130965
2022-08-29,-0.00208501088699766,-0.004545996686605497,-0.0076921486916241965,-0.003713773945595296,-0.0032997349572117343,0.009288480181654787,-0.001215151742481043,-0.0163450027201334,-0.001132263134173842,-0.016345002719229833,-0.001049544467568881,-0.01634500271923103,-0.0009158890739969852,-0.01634500271923011,-0.0013395874945912717,-0.01688027554444369,-0.005432348208849507,0.0024435589415976538
2022-08-30,-0.013508714469391826,-0.008816431614626374,-0.008613061012340514,-0.00987880688043297,-0.011356319621475307,-0.023951048642002808,-0.013252232683334354,-0.012999555977715127,-0.013367059172219638,-0.01299955597635121,-0.013483733157013907,-0.012999555976352495,-0.014733658205119744,-0.012999555976351516,-0.01366483663959097,-0.01409142670373066,-0.009513362389098758,-0.01618406823329169
2022-08-31,-0.009234831253359025,-0.008823812821810849,-0.008157872306291981,-0.009466501099846486,-0.00700089345927793,-0.009427404661656267,-0.008123836544429039,-0.001468076881861405,-0.008146769426333572,-0.0014680768819013582,-0.008170640726828328,-0.0014680768819005916,-0.009165251567708723,-0.0014680768819011873,-0.009376208233236764,-0.0018706397688062397,-0.007634923078944713,-0.010096881964613077
2022-09-01,0.004595682062019307,0.01244885723627166,0.011104068711682092,0.010999492651459233,0.008765809777801632,-0.006129181021832327,0.007238449810110778,-0.014632172180537042,0.007088973938889513,-0.014632172177991355,0.006936891689576054,-0.014632172177995638,0.0047130672107819375,-0.014632172177992371,0.006727956331055187,-0.015566037989843467,0.0044870026112085355,0.0039410114864458345
2022-09-02,-0.007093610673489705,-0.009206761850235917,-0.014203502249646331,-0.008151313781530865,-0.011244165668377954,0.00367152081422709,-0.007659644518650345,-0.01783582815665011,-0.007527248880073602,-0.01783582815687881,-0.007392611742018607,-0.017835828156878904,-0.00752772674805682,-0.017835828156878827,-0.007262554122855782,-0.01747466830814592,-0.010631114737310208,-0.001917431039546078
2022-09-06,-0.0039866891630797015,-0.0006552949176059723,-0.0022681921793476587,-0.0013718600851875355,-0.0018210453081404254,-0.0026636607825142934,-0.0012084118229758953,-0.011589984885532622,-0.0012433109769080194,-0.011589984885513337,-0.0012795598112672214,-0.01158998488551363,-0.003829182670055223,-0.011589984885513403,-0.0030596935265931055,-0.011447218677811337,-0.004128464697655287,-0.0004041795263745892
2022-09-07,0.008730098765832413,0.007529209627180696,0.008937766872070154,0.007967103986184243,0.007085661660737653,-0.00378226036118739,0.0071082843596895545,0.017777952132885244,0.007020034611359483,0.01952421451283823,0.00693050847307604,0.019524214512837257,0.00660373917988967,0.019524214512838,0.007451198674529909,0.017976490192351615,0.014718437152809297,-0.0015035923923896939
2022-09-08,0.003441604357649908,0.00485445242190528,0.0026349740538631618,0.004828797057359808,0.0035678865224669167,0.009110590047084744,0.003566934547631505,0.008987176968479336,0.00356427719368182,0.008971364326751574,0.003560359964002368,0.008971364326754886,0.0035553183653790673,0.008971364326752362,0.002393919633435066,0.008987176968478094,0.00604058249227466,0.008136443821405015
2022-09-09,0.015629187968589312,0.006831453489664572,0.0106122836659939,0.007930112648134275,0.008324257382079566,0.01439136364685588,0.00847112062548919,0.03149455568257028,0.008548937207322579,0.0317050542850352,0.008629317988530878,0.03170505428503709,0.00871195634109087,0.03170505428503565,0.011074316126432244,0.031494555682569536,0.014525848030441794,0.013750097115213748
2022-09-12,0.014531570714836775,0.005865727811522464,0.011736880276554559,0.006395063163502693,0.010587923535306468,0.011252803978529857,0.010707948563622822,0.013132789432450661,0.010772906848920993,0.009471790212479425,0.010840898802800236,0.009471790212480792,0.010911653483615625,0.00947179021247974,0.010546108722572101,0.013132789432452484,0.008841831175757545,0.010340074031187927
2022-09-13,-0.04145240076499551,-0.026435106275054066,-0.03568456845695922,-0.027862606815425305,-0.032110858138379286,-0.023791504004355916,-0.03208920106696507,-0.08356561856074035,-0.032081645071361416,-0.0835969748449575,-0.03207611278847614,-0.08359697484496179,-0.03207246596680605,-0.08359697484495851,-0.030660173103987106,-0.08356561856073899,-0.04454758822541143,-0.025039364567812052
2022-09-14,0.008886693356237377,0.014336742595892588,0.008097439769733917,0.01279769720956866,0.010980036908892819,0.016021895917632263,0.011086699692912302,0.0017273254957707212,0.011143754377148143,0.0014236007104493748,0.011202806439772851,0.0014236007104484704,0.011263524997681486,0.0014236007104491573,0.012614586648988154,0.0017273254957712615,0.004496483297573701,0.015821225482377712
2022-09-15,-0.007524614781414056,-0.004593779807558241,-0.008224670508271375,-0.004648391979475957,-0.005019759691390124,-0.004651595744204705,-0.005227896488896268,-0.015540801450756389,-0.005337958115603345,-0.015638299468444965,-0.005451179870630588,-0.015638299468444073,-0.0055669902931081315,-0.015638299468444767,-0.009767584147823704,-0.015540801450756585,-0.015861190779556274,-0.006146389082351432
2022-09-16,-0.007514063556282159,0.0030108117918934978,-0.0038511566029170163,0.0018773284600275947,-0.0016883848150501392,-0.01001199090446557,-0.0019200015866779347,-0.00792700959237566,-0.002038286396834261,-0.006937838600139724,-0.002157996363240614,-0.006937838600140754,-0.0022788961703420346,-0.0069378386001399716,-0.00148857274918008,-0.007927009592375857,-0.00425793931920849,-0.007753187222325271
2022-09-19,0.0037448052501312537,-0.001388790457414496,0.005184638276325353,-2.2707044373571506e-05,0.003977397876523486,-0.001599091234985528,0.004019094320425059,0.012982759871214482,0.004042308476437157,0.010737095571945117,0.004066952366073601,0.010737095571946575,0.004092891364960011,0.010737095571945458,0.003350805502026104,0.012982759871215426,0.0041409469817531835,-0.0016371245957676713
2022-09-20,-0.005400350305861031,-0.00493047592882662,-0.0013909203255197751,-0.004563935528683177,-0.0015893934347199759,-0.005646705482160109,-0.0015828072658965928,-0.012907448788193412,-0.0015772190917211614,-0.016346523247544573,-0.001570199504416045,-0.016346523247544112,-0.0015618475091286922,-0.01634652324754447,-0.0017820004747900403,-0.012907448788191458,-0.009261689624178077,-0.005830407312298524
2022-09-21,-0.01663437710687184,-0.00853079850961164,-0.012105785104826607,-0.007976436818782004,-0.011718220015115457,-0.012413687222827843,-0.01176691442409238,-0.017205338353010347,-0.011792097276353743,-0.017017573808863182,-0.011817808575797726,-0.017017573808862943,-0.01184399890113046,-0.01701757380886312,-0.011055265140573487,-0.01720533835301052,-0.01618428963257688,-0.011743335261436413
2022-09-22,0.004470239554608705,0.010353070655861937,0.0034883065192013963,0.008742830943860528,0.00483014928035929,0.005338017454759725,0.004715520190985362,-0.018108596937955294,0.004656134051952497,-0.016604897367872108,0.004595619181217124,-0.016604897367876598,0.0045341730179299196,-0.016604897367873173,0.0035449496155487356,-0.01810859693795465,-0.0034647113820610543,0.00559830138398533
2022-09-23,-0.022453115752130246,-0.014162713520326806,-0.017799094801275173,-0.015447244524336446,-0.016210057065824558,-0.03620576356504739,-0.016633058854970975,-0.016676823945266532,-0.016848523988102142,-0.016562448163033008,-0.01706611412317694,-0.016562448163033473,-0.017285368810730294,-0.01656244816303312,-0.017558090635376982,-0.016676823945266452,-0.01660272144676618,-0.03372637037403988
2022-09-26,-0.00856463750440968,-0.00945113426090943,-0.00969979505480692,-0.010341301396603175,-0.01022704002803604,-0.01898925633341839,-0.010323154430121335,-0.01169676332329557,-0.010370235850742062,-0.012500078770978031,-0.010416700869860506,-0.01250007877097921,-0.010462554644486359,-0.012500078770978312,-0.009259479531183331,-0.011696763323294593,-0.009329737499708935,-0.01640522120751067
2022-09-27,0.001925854067246936,-0.006397021137064399,-0.003254106303357063,-0.005514497078390353,-0.0028651255564451843,0.007500243057820688,-0.0026803835481160223,-0.0010663679041288726,-0.0025843693029336326,-0.0024054987279642707,-0.0024862154537647935,-0.002405498727963491,-0.002386194837030713,-0.002405498727964088,-0.005351379651877452,-0.0010663679041282511,-0.0053687507341988235,0.006175835121587724
2022-09-28,0.019453480000462986,0.01658517194126055,0.016017340386444336,0.01915273479115997,0.014790810577158564,0.028235274821066247,0.014911355995225965,0.032074655541478765,0.014968747325245467,0.035955242416665964,0.015024309388367855,0.03595524241666766,0.015078108759991082,0.035955242416666366,0.013900200174801392,0.03207465554147577,0.02030173730544743,0.027453244575993862
2022-09-29,-0.018368848650345222,-0.009038977240236277,-0.014402602222094057,-0.009746006273848784,-0.013860476781389977,-0.007580933412044201,-0.013865893819132636,-0.03624286169925395,-0.013874847641415607,-0.03395965558795686,-0.013887645004363697,-0.03395965558795823,-0.013904000087226523,-0.03395965558795718,-0.015731319825544286,-0.03624286169925509,-0.01636198393650519,-0.00795893779591575
2022-09-30,-0.02342390137660289,-0.01603713801143721,-0.021769385961901717,-0.020541819464314576,-0.019684329680594855,-0.0255470866791885,-0.01963886368125899,-0.011301838263392336,-0.01961958641780795,-0.010114770936396057,-0.019602664855695645,-0.010114770936394634,-0.019588058982282556,-0.010114770936395713,-0.020881962785119522,-0.011301838263393628,-0.015949627062850445,-0.02625079072607968
2022-10-03,0.034652143324605825,0.01927499491665549,0.028775941416128277,0.023694302134702992,0.02458010022622286,0.043930431751577105,0.024907289115170195,0.026417982901104482,0.025074931430369547,0.026468689388842895,0.025245002779628566,0.02646868938884203,0.025417181156507523,0.02646868938884269,0.0255771133516296,0.02641798290110481,0.026204315738644145,0.04112925012357889
2022-10-04,0.03023203410647876,0.018094573279239835,0.022019876808731853,0.0198578603306197,0.020126770564442228,0.032044581438145925,0.020312199945069394,0.0353697709939272,0.02040881658762641,0.03584882982569783,0.020507748694935882,0.03584882982569878,0.02060871961360309,0.035848829825698064,0.020593257781692773,0.03536977099392665,0.026626517129711376,0.030443365080984577
2022-10-05,0.007841975153474965,-0.0013758675860022346,0.0046674587766733855,-0.00012736621135457624,0.004416813212425533,0.017412971727865288,0.004637951544960443,-0.001964781540842252,0.004749817775592093,-0.0023767163386189142,0.004862334315893037,-0.002376716338618962,0.004975302439479377,-0.002376716338618929,0.0036082117891730265,-0.001964781540842013,0.00040098661646045916,0.015503681151978435
2022-10-06,-0.0030128466843954925,-0.012106990310253614,-0.008319916894860254,-0.011842579674062178,-0.008904924699807868,0.0073126313473966436,-0.008546036968729269,-0.0039150547623002605,-0.008363192269004161,-0.003262492420376229,-0.00817861732123199,-0.0032624924205178966,-0.007992768873812272,-0.0032624924203836403,-0.007674469638010241,-0.003915054762300401,-0.007493223236113894,-0.00017567838800993757
2022-10-07,-0.026722176217347748,-0.009074482780036903,-0.019593291422451087,-0.00941192741075108,-0.01489240453424036,-0.014953734583952875,-0.014918568840107739,-0.05419183307530132,-0.014934603363272366,-0.053221599990039205,-0.014952611753890399,-0.053221599991247,-0.014972521891941419,-0.05322159999009698,-0.015041270349001181,-0.054191833075299914,-0.024593887024253806,-0.01509824537209948
2022-10-10,-0.010840691349171854,0.0016271297329003443,-0.007532467083320229,-0.0005963889669922218,-0.005654695191514315,-0.01580460385967094,-0.005793416769128801,-0.011416844504602588,-0.005861610584636435,-0.012483382839133597,-0.005929002993080968,-0.01248338283934466,-0.005995563961806541,-0.012483382839143591,-0.006186831756258096,-0.011416844504601736,-0.006758504735102088,-0.012919093897150562
2022-10-11,-0.002316891390720633,0.010312970899510773,0.0025260596114890107,0.010559665819610731,0.004123907621191458,0.00039266795140176615,0.003979409172938226,-0.018810332992927194,0.0039034307495611612,-0.018479693459677413,0.0038253695244496962,-0.018479693460130855,0.0037455327471466594,-0.01847969345970241,0.003502350343097331,-0.018810332992926573,-0.005304206970155738,0.005007746944723086
2022-10-12,-0.0003108018766035496,0.004374674517205864,0.005273176915918151,0.00648406834302424,0.006443234423859293,0.0012223670941589623,0.00637866949617432,-0.0032697325267183972,0.0063450993858169755,-0.002418204122458308,0.006310496816907494,-0.0024182041227245378,0.006274835091976891,-0.0024182041224720106,0.006163777065783177,-0.0032697325267183773,0.00040180775158820986,-0.0015032798742416183
2022-10-13,0.028282515598083327,0.024697218162704832,0.030250939657366898,0.026961265234047273,0.027425014512224316,0.03413365690042997,0.027582414914066117,0.020942784186428327,0.02766388882980323,0.019119013482919195,0.02774700490263706,0.019119013483267118,0.027831560323910112,0.019119013482927313,0.028087395429701494,0.02094278418642893,0.02744760073737531,0.031264086346830366
2022-10-14,-0.020188873922907143,-0.012564200504958305,-0.01584919871781627,-0.01372693581617708,-0.015315255581413275,-0.015313602416127689,-0.015483476966324374,-0.04474766475162048,-0.015574249297438256,-0.04404737090771654,-0.015668737459590628,-0.044047370908509055,-0.015766421697909337,-0.044047370907758815,-0.016068799456650382,-0.044747664751619426,-0.018502699232367695,-0.0096999138422791
2022-10-17,0.025247341707343402,0.01263914452204865,0.017811781987404345,0.01221506478497033,0.014845899112192846,0.01266093748304498,0.014857780931998387,0.05714023042561221,0.014866261496086027,0.057759413813298285,0.014876312547584446,0.05775941381407323,0.014887819883427019,0.05775941381334745,0.014929107623355132,0.057140230425610374,0.027006258572737682,0.013055153105962692
2022-10-18,0.006207081555807426,0.005746600180682742,0.004373793281186003,0.006042519388899478,0.005691174347006929,0.0034802140851478754,0.005691925677950217,0.0069350267421232105,0.00569341097895125,0.006794328878335929,0.005695529518393665,0.006794328878159415,0.0056982099499162655,0.0067943288783326485,0.005708799434232426,0.006935026742123405,0.010339766282956379,0.0021690969406623424
2022-10-19,0.0016209201138868115,-0.002493958860993204,0.0006870422701095215,-0.0015975696262294314,0.0011035368204808129,0.01653109293436867,0.001410824546740953,-0.00017226688200391556,0.0015672466181568838,-0.0013800847408920417,0.0017250423913175196,-0.0013800847400217834,0.001883840378564738,-0.0013800847408703772,0.0023549399501258846,-0.00017226688200403575,-0.002887120860984185,0.008608141318789715
2022-10-20,0.0006527653359864467,-0.0018037986175396248,-0.0011438105995216388,-0.0019216385036702718,-0.003026183108116463,0.00230189632651584,-0.0029623791110351644,-0.00012549289295042286,-0.002930289704447749,0.000542481666063405,-0.002898065050128812,0.0005424816660032214,-0.002865725556562603,0.000542481666057687,-0.0027699564133608946,-0.00012549289295058397,-0.003124778732011659,0.0009814464596821198
2022-10-21,0.024661265805251496,0.021699654173127945,0.022243699569341725,0.02117004569935098,0.021108168382195213,0.02337231821235139,0.0211317952182679,0.01652512897840476,0.021144280084420448,0.014979566919213852,0.02115731834082083,0.014979566919380235,0.02117093387210838,0.014979566919220384,0.021214373163456028,0.01652512897840528,0.022777120810028226,0.024190125594109792
2022-10-24,0.013737893906505042,0.016911244409525267,0.016328325020202896,0.01745836469085621,0.01723124161985453,0.009021076754110274,0.017088648681763678,0.005268991278503501,0.017015666893459607,0.005163168256770653,0.01694177542366399,0.005163168256629792,0.016867151951768605,0.005163168256752374,0.016644342762057826,0.005268991278504121,0.014099774704154057,0.014009964225484296
2022-10-25,0.00597887732197511,0.0040226432087778485,0.0031949448823743645,0.0028521463618735097,0.004968184711237881,-0.0003807574636063905,0.004955240071404226,0.037665504092093696,0.0049521464204593645,0.03764361704248718,0.004951064981182238,0.03764361704335507,0.0049518199584930025,0.03764361704252835,0.004963184090579459,0.037665504092092364,0.014338064690374195,-0.003563296904035353
2022-10-26,-0.01975116152700764,0.009393253910625062,-0.0033018282538423327,0.00986703973097786,0.006118689486921249,0.010708152265975364,0.006102332793426708,-0.03928543729758778,0.006089097134639418,-0.046463261554937664,0.006072767042579083,-0.046463261551960865,0.006053581662814597,-0.0464632615548444,0.005982663634689011,-0.03928543729758721,-0.00547355253481224,0.011943544534991538
2022-10-27,-0.011744817426136998,0.0032295983070543596,-0.004473086745783502,0.002874414679423099,-0.0019185687622780426,0.002412767696563631,-0.0019431563460581432,-0.08239512465656865,-0.0019609779220511065,-0.0822033082817223,-0.001982221511731285,-0.0822033082837662,-0.0020066410438473853,-0.08220330828183658,-0.0020947108526638853,-0.08239512465656525,-0.012487031148417552,0.0029155397523837247
2022-10-28,0.014951185580463844,0.008767756753610193,0.019656766485934188,0.006060401002322028,0.018037772872313212,0.013683970295460396,0.018244099798040706,0.005983868944151852,0.018360858880752697,0.002841967668609371,0.01848547401099297,0.002841967666537035,0.018617045757365166,0.0028419676685228334,0.019037828615489527,0.005983868944155881,0.018921463704545977,0.003470096535331043
2022-10-31,-0.006492741447703375,-0.0031938808639400836,-0.004520782889034843,-0.0032411063280319056,-0.004637755834363787,0.0031396939489466663,-0.004581598686386232,-0.029929267744766393,-0.004555953672529602,-0.030236834427472062,-0.004531795018770427,-0.030236834428028558,-0.004509027856826158,-0.030236834427498062,-0.00444912055698193,-0.02992926774476542,-0.00927107521383237,0.0004712192763238771
2022-11-01,-0.013791211345855025,-0.0030128899314111517,-0.005112408948100698,-0.0017766400773153465,-0.003430219766346365,0.0012790112791088977,-0.003353913125657444,-0.010708766347040957,-0.003317033872700565,-0.013229172516243328,-0.003281085888551553,-0.013229172514519154,-0.0032461012060843205,-0.013229172516181099,-0.003148576352068143,-0.010708766347041676,-0.004389383665146895,0.0008461922341986603
2022-11-02,-0.02640660732838379,-0.01386862402028046,-0.020021033204849298,-0.014660543207671607,-0.01768180553922206,-0.016043877772282444,-0.017760657022636808,-0.04006716158742689,-0.017805205986843604,-0.04020534971537761,-0.017852818930008715,-0.04020534971554736,-0.017903202914696763,-0.04020534971538178,-0.01806523465191456,-0.04006716158742666,-0.02437746662312169,-0.015429018336346021
2022-11-03,-0.013111563687642297,0.0015508781715963544,-0.005324807534154906,0.0019084727000010003,-0.002243457635608487,0.008528508593209994,-0.002195831698366116,-0.014240764220134445,-0.002179155978250423,-0.01407064189342638,-0.0021670217368023573,-0.014070641892395503,-0.0021591913961899697,-0.014070641893369727,-0.002158568273203191,-0.014240764220136273,-0.0123748946186988,0.005683020854431965
2022-11-04,0.009831492617924414,0.0060887241980571594,0.005575145116037044,0.006193069692642917,0.003198010852559921,0.007432624091845635,0.003207674901191211,0.02803899208190251,0.003903126268342264,0.027855010753940233,0.0039258593380771456,0.032025414551464626,0.003948393882315693,0.03202541455142015,0.004013256181297464,0.028038992081904864,0.013794926922123259,0.00821505497540252
2022-11-07,0.013220510694336676,0.010458555125081327,0.012408175817723901,0.011152046745085381,0.009578172262702734,0.014230666322113755,0.009577331401954773,0.02157399637000437,0.00861990988770425,0.021573996371439395,0.008630591064351064,0.023389764011377014,0.00864081320476778,0.023389764011377576,0.008668492853371196,0.021573996370005854,0.014766203647701823,0.013694531257931802
2022-11-08,0.004799468643551035,0.004486904308520212,0.006502373037244307,0.003934885401749106,0.0060791323168638296,0.002858316558424953,0.006077697369549031,0.004133664807067704,0.005641891124898421,0.004133664807064354,0.005625995098399131,0.004179500665562375,0.005609713643022662,0.004179500665562183,0.005560133789361722,0.0041336648070677,0.004142173291316982,0.0030474047490836784
2022-11-09,-0.021688208113172652,-0.013473976424725946,-0.016456341073142228,-0.014627910993527777,-0.01635599057519853,-0.0294935360375317,-0.016568436227997675,-0.017543201639759986,-0.02051844312072816,-0.017543201638489374,-0.020656230263536756,-0.016001485518535575,-0.020795310046269572,-0.016001485518534826,-0.021209959751836868,-0.01754320163975867,-0.02260033160774515,-0.02607230130533942
2022-11-10,0.04442391914119213,0.014453939713694384,0.02735619334639238,0.014088052406571593,0.023354331936684233,0.0150067101582891,0.023482364878772193,0.11916675188901855,0.024175128382370237,0.11916675189147036,0.024245173860151622,0.1178506331220021,0.024321385514113503,0.11785063312201985,0.02457652819161507,0.11916675188902108,0.05308096664723127,0.014614388050221406
2022-11-11,0.0025801949789290538,-0.012000580591412714,-0.010535440389855159,-0.01022817168909524,-0.01015426466223606,0.014727026839150451,-0.00986552784169463,0.028916595244030688,-0.0071201265631411735,0.028916595244814138,-0.00689354809296114,0.029619048282990224,-0.006663700090319518,0.029619048282991625,-0.0059730882218686715,0.028916595244031496,0.007423708301480162,0.012464540721500746
2022-11-14,-0.003836659722534614,0.006735129932275534,0.0007841778519820687,0.006164247784479611,0.0015947355575678186,0.0025818336200229227,0.001567803343973728,-0.005197279847082939,0.0003331355165649714,-0.0051972798467346745,0.0003246492793198344,-0.004985139469265388,0.00031574562038246207,-0.004985139469264384,0.0002872302887651284,-0.005197279847082582,-0.0050981060838041796,0.005722621463956523
2022-11-15,0.004302471397900277,0.006512757598267669,0.0004640766086114654,0.00673825157679531,0.00013892810010429903,0.0049030295308924,0.0001838544087185552,0.01689976798307635,2.9232043889926436e-05,0.016899767983484842,7.677661666564365e-05,0.01857592888056916,0.0001259707080089285,0.01857592888056491,0.0002784124177539199,0.01689976798307677,0.010241000956476566,0.005777634289496891
2022-11-16,-0.0005169118147496745,-0.0001683318574553504,0.0017429754761386891,-0.0006637496688856395,0.0010426945743958285,-0.00869045883986359,0.0009556351865478964,-0.029825126695269148,9.100355129450661e-05,-0.0298251266970146,9.269833723531031e-06,-0.028575516145968958,-7.370791412074091e-05,-0.028575516145982784,-0.0003233452761412553,-0.02982512669527095,-0.005600934545474074,-0.008743193049080257
2022-11-17,0.0021748728249405143,0.00807136523189797,0.00847461945506615,0.007362056536861464,0.00858842378711681,0.0025621555755829762,0.00858436023486255,-0.014824366464374503,0.008776499768397285,-0.014824366466631695,0.008760945252801102,-0.01661720506079098,0.008745771212957179,-0.016617205060795906,0.008703290463217064,-0.01482436646437684,-8.989143068537661e-05,0.004333037345506815
2022-11-18,0.00614121849870088,0.008952202092608608,0.010134802672799873,0.008272453588705604,0.01069632362063615,0.004017701090314237,0.010592010178369405,-0.005380843871306019,0.007744242182532378,-0.005380843872050085,0.007670804688058067,-0.0067045258556809855,0.007596425293569768,-0.006704525855679826,0.007373772441953277,-0.005380843871306788,0.004363086611435647,0.0038490174170230447
2022-11-21,-0.007044215530775921,0.007490544179669448,0.001007935050252145,0.00735789184584944,0.0023313346888091495,-0.004133964572625226,0.002169805240612782,-0.015176400502969154,-0.0006125682831953263,-0.015176400502441002,-0.0007070289364347854,-0.014886648912645895,-0.000803094377481094,-0.014886648912644247,-0.0010935473151494177,-0.015176400502968606,-0.0014481287945765993,0.0005166570060911825
2022-11-22,0.013422209927487917,0.010389858447908535,0.011678658687898545,0.010938366359034342,0.010930880337160599,0.022633161043743088,0.011059162247507418,0.022303240391126477,0.011973311980826053,0.022303240391747053,0.01206732047111585,0.022353851821384586,0.012161720851759893,0.02235385182138762,0.01244070429463265,0.022303240391127122,0.014418224754175193,0.021453494835719324
2022-11-23,0.005309752285439237,-0.0009092033772399085,0.0028165878408208888,-0.0013617136493059346,0.0022381479602683824,-0.003645846374221578,0.002212858205489352,0.014737299792310171,0.0015661239080490203,0.014737299793025673,0.0015327545228210257,0.01559751711011639,0.0014994295463183652,0.015597517110116838,0.0014020484102139836,0.014737299792310908,0.006520012894996303,-0.004301441243350373
2022-11-25,-0.0017911808742958036,0.0007444211817123679,-0.00021669498404418177,-7.971571436079204e-05,-0.00017294742048739806,-9.486262379684775e-06,-0.00023666731630891664,-0.01099463834745323,-0.0007665116010236839,-0.010994638346754924,-0.0008082511967678913,-0.01005090019443753,-0.0008520865976315643,-0.010050900194437483,-0.0009912180456333466,-0.010994638347452505,-0.0005441441782542221,-0.0008461867633796081
2022-11-28,-0.01237577051745345,-0.004266063396280967,-0.009372787713027854,-0.0059984731530899026,-0.007149965029699803,-0.02096214713434451,-0.007337040870646304,-0.016142483720155438,-0.009785030532906492,-0.016142483719333505,-0.00991841658930916,-0.014962813134804699,-0.010053517070735834,-0.014962813134804907,-0.010458662892393888,-0.01614248372015459,-0.013138212885768117,-0.01794146856400935
2022-11-29,-0.007459139003694276,-0.0005250886015720304,-0.005244459541458649,-0.0006417517452503208,-0.004873582510965885,0.0052474779467485445,-0.004847274702253209,-0.008688602408413099,-0.003077540330153273,-0.008688602407401286,-0.0030365035172615325,-0.007469144324484036,-0.002996880311384039,-0.007469144324483408,-0.002887913173402336,-0.008688602408412054,-0.003649697079057055,0.005173286959508635
2022-11-30,0.033650297617019966,0.01283615961785103,0.025280157474127027,0.01279444777627944,0.02172564984151176,0.015343013707927736,0.0217390407820078,0.06662681787559858,0.021093262641670253,0.06662681787706297,0.021090473791152253,0.06786050775953319,0.021089710440218096,0.06786050775953612,0.021098249152083314,0.06662681787560008,0.032810022147860544,0.01328924874449586
2022-12-01,-0.003018982290004278,0.002016534299814161,-0.001086833266902147,0.002361444865973399,-0.0006060839609271444,-0.00394010719572209,-0.0006485173832684477,0.006659587474410259,-0.0015100356635013106,0.006659587474797453,-0.001532050902899887,0.006470429165409297,-0.001553381388395808,0.006470429165412028,-0.0016127636793266675,0.006659587474410661,-0.002475272275732201,-0.0018613755953424138
2022-12-02,-0.0005611603181056243,0.0011530291022434505,0.0010512373608915103,0.0007712289743785317,0.0019107828997220948,-0.0010092715331010372,0.0018311195117749048,-0.0015782173581321752,-0.0006094998074995358,-0.0015782173579865504,-0.000656173493987288,-0.001785677154446686,-0.0007032762959547468,-0.0017856771544451397,-0.0008436179363806643,-0.0015782173581320243,-0.001401208791412012,-0.0006197070419129893
2022-12-05,-0.009740145756686273,-0.007238022395907816,-0.007603561425945294,-0.007970826786321319,-0.007562777342508009,-0.015322737848414125,-0.007673821674191878,-0.018045715386734537,-0.010751744222180807,-0.018045715387551692,-0.010824923720589727,-0.018203211115948414,-0.010898089138542882,-0.018203211115952068,-0.011112504812600418,-0.018045715386735384,-0.015899090758030858,-0.014606835478478799
2022-12-06,-0.014679015437655665,-0.012448542537515922,-0.01073513659855248,-0.011682347447389232,-0.00950886200557281,-0.019806738982817124,-0.009652877804101716,-0.043361697780173576,-0.009950310578236624,-0.04188151972999187,-0.010029496409006976,-0.04188721916342261,-0.010110684738181346,-0.041887219163422314,-0.010362145325112515,-0.04188151973002796,-0.018830312652708826,-0.0123853958800061
2022-12-07,0.00045814408382033756,0.005651709215283752,0.0029440450729044682,0.005606323070666181,0.003306620129489953,0.00444628397892328,0.0032057436535760826,0.0013317473007745321,0.0031512583651278174,0.0013603860164847258,0.003094518809243981,0.0013603860164845083,0.003035838752584735,0.0013603860164844688,0.0028540703604838587,0.001360386016484439,-0.0006734756313073831,0.005766688086840842
2022-12-08,0.005986537793770869,0.004006672339340987,0.006451900139947166,0.004649369247154488,0.006315445348137225,0.006430063402724076,0.00635774369671738,0.03083185972531828,0.006379753606810218,0.031424616930385216,0.006402243173922892,0.031424616930385035,0.006425139002514398,0.031424616930385,0.006494402642607359,0.03142461693038499,0.009359734367104435,0.005794675715059889
2022-12-09,-0.014677748147205202,-0.015955223331366418,-0.011755494366202426,-0.016052064663510165,-0.010943517769331031,-0.01947266787923593,-0.010907162270203476,-0.005980140436708078,-0.010886483379055525,-0.0062199577377401605,-0.010864452711659783,-0.006219957737740157,-0.010841274149390227,-0.006219957737740157,-0.010767829615183654,-0.0062199577377401605,-0.008478326620483116,-0.014475976107942462
2022-12-12,0.01345604320712626,0.010096712567374013,0.01426072879487979,0.010318200518988815,0.011779988944040344,0.012423522298538027,0.011872990502252002,0.01289807729201123,0.011921272595044947,0.013536503088642345,0.011970487305845242,0.013536503088642477,0.012020454678405358,0.013536503088642503,0.012170754998920225,0.013536503088642533,0.015117362548423944,0.01338508001407047
2022-12-13,0.009276903199128515,0.009735241519887042,0.00523139749968419,0.008540426862007011,0.0033521924151844315,0.014980971435691277,0.0033843673983849076,0.030520140524308192,0.0034013291550803633,0.031110457546991745,0.0034187870805292807,0.03111045754699149,0.0034366742507504896,0.031110457546991446,0.0034913506101978777,0.031110457546991408,0.008415342520425827,0.007690674221138896
2022-12-14,-0.0015287336270921065,0.0031374454917461442,0.00018339484334454472,0.002489661017835343,-0.0005469232839882797,-0.0005116193088553385,-0.0006519235517721293,-0.007516652960274493,-0.0007081166642880438,-0.006704743915506158,-0.0007663493884777111,-0.006704743915506173,-0.0008263235627748327,-0.006704743915506172,-0.0010108910997191187,-0.006704743915506179,-0.003506025623834046,0.0016478173784548354
2022-12-15,-0.022386252911818345,-0.01306181729281081,-0.019313733683807968,-0.013055898433267495,-0.017974274132155396,-0.011351244693065012,-0.01805415622090175,-0.04061619834802369,-0.018099136532689672,-0.03922861272862866,-0.018147075164400586,-0.03922861272862859,-0.018197662891128077,-0.03922861272862856,-0.018359553473503796,-0.039228612728628556,-0.024875877631096,-0.012615892175698524
2022-12-16,-0.010637248280936307,-0.008966578018114563,-0.009951210098074443,-0.008818305338401382,-0.007860457958548358,-0.008957790473586,-0.007880066319436977,-0.0017298271559078196,-0.007890998677897089,0.0027185017827936033,-0.007902637829451586,0.00271850178279399,-0.007914933774177076,0.0027185017827940704,-0.007954503033782352,0.002718501782794116,-0.005596400601171752,-0.008671739339166096
2022-12-19,-0.003175181671498668,0.0019754363458205546,-0.0018066966585303004,0.002766131384304607,0.0005856812948287486,0.004698041491765223,0.0005420169568770688,-0.029802645065234678,0.0005169503704615159,-0.031100533651500024,0.0004899987204222279,-0.031100533651500003,0.00046136406694996697,-0.031100533651499996,0.00036886817230501407,-0.031100533651499992,-0.009505114335900604,0.004037577999585758
2022-12-20,0.003156064984126887,0.0034815693106560563,0.0007616622455833904,0.0031031213756257917,0.000274293503202291,0.009439610036067586,0.00034420465041318476,0.00462134090633851,0.00037983197028704967,0.007551710196038576,0.0004157337652772277,0.00755171019603888,0.00045179688697097537,0.007551710196038943,0.0005582528321040636,0.007551710196038982,0.004270546729710371,0.0033060080140979945
2022-12-21,0.012899144320364583,0.012179562296946205,0.013833552575081964,0.011971771909773285,0.013269286384724233,0.012222417679035605,0.01331180160387843,0.022544596312666396,0.013335019664705749,0.02109795064299026,0.013359382469921858,0.0210979506429901,0.013384763373486621,0.02109795064299006,0.013464429101415192,0.021097950642990044,0.012031734743042564,0.012334250302461292
2022-12-22,-0.010215488649678086,-0.004398025740401988,-0.007624787381316538,-0.004222430004147735,-0.006268573795999764,-0.009546801393374492,-0.006417284567842585,-0.04041943834711658,-0.006496380288350765,-0.03946584163132542,-0.006578041976015368,-0.03946584163132508,-0.006661859389774009,-0.039465841631325,-0.006918298256486346,-0.039465841631324966,-0.013405329745383334,-0.0044617266871736574
2022-12-23,0.009604598939059177,0.00779668666169975,0.00558137348898701,0.008039623141328188,0.0062238227611740755,0.018776185405256482,0.0063101741448086815,0.004702846787214134,0.006352589782583337,0.005556196945694223,0.006394383283093709,0.005556196945694223,0.006435491916166686,0.005556196945694225,0.006552410404428472,0.005556196945694225,0.007305504455031567,0.010050956050543222
2022-12-27,-0.0011020172317632467,0.0033131055180754022,0.00035946996903980614,0.0037087176276951275,0.0016815795887508622,0.008569195211143401,0.0016891873833415737,-0.0335191037634134,0.0016906186854706332,-0.033124036784342524,0.0016905695616362556,-0.03312403678434221,0.0016891323473206712,-0.03312403678434214,0.0016777392632003165,-0.03312403678434211,-0.004769050210164045,0.005274281716459219
2022-12-28,-0.012751387935939924,-0.009175000744105832,-0.010701108841908476,-0.00944050281739693,-0.010537365705096394,-0.012602600912750297,-0.010657014049993892,-0.012515944724230317,-0.010720877748228443,-0.011464788869819357,-0.010787032663174384,-0.01146478886981949,-0.010855177719540508,-0.011464788869819508,-0.011065175991259545,-0.011464788869819527,-0.01107048600238544,-0.010106120810867418
2022-12-29,0.010965984917763967,0.0031846537661859077,0.008343257838207895,0.002941474386392456,0.005758044359147087,0.004042360201569275,0.0058578051519833155,0.03564381142967745,0.0059125497468163896,0.03562867929967225,0.005970073538723903,0.03562867929967216,0.006030037165805211,0.035628679299672145,0.006218206829083953,0.035628679299672124,0.015187980007839235,0.002775481993935381
2022-12-30,0.0006621903118809806,-0.0012396214021561953,-0.0013645784245401803,-0.001192328126685203,-0.001611487061755202,0.004758044297767132,-0.0015193305280766455,3.100698154615572e-05,-0.0014723300776005696,-0.0005269542257694264,-0.0014248685171676558,-0.0005269542257694597,-0.0013770627832728009,-0.0005269542257694685,-0.0012350260228400976,-0.0005269542257694737,-0.0013925135218243146,0.0010891022442464193
2023-01-03,-0.01246794790985064,-0.0018900036682437163,-0.009184082949542224,-0.0035062310814746003,-0.01032009708561017,-0.018510822927054294,-0.010607532125366302,0.007590497314497746,-0.010757347327378203,0.011446876378858826,-0.010910437687555301,0.01144687637885867,-0.011066233209385538,0.011446876378858651,-0.011536796946965338,0.011446876378858623,-0.0010817149932622618,-0.009402648868470411
2023-01-04,-0.006833607278398561,0.005146556191328083,-0.002338790579436401,0.004408086228089286,0.0015422602267177636,0.0010272994213475226,0.001540348988323025,0.014074840984345777,0.0015414122570833922,0.01437608742951631,0.0015437170489627067,0.014376087429516297,0.0015471756222562058,0.014376087429516283,0.0015632502573367597,0.014376087429516285,0.005479798750120879,0.005783045050895076
2023-01-05,-0.004130329238501579,0.003188330680586802,-0.006358825093077433,0.003693477767430384,-0.004442015582284108,0.016168193358935802,-0.00433567483086397,-0.01903568203979602,-0.004283517368988827,-0.0217741805890309,-0.0042320163261800525,-0.021774180589031137,-0.004181175860860632,-0.02177418058903119,-0.004035111680974659,-0.02177418058903123,-0.009647904586717236,0.00937682206108667
2023-01-06,0.01227592582091209,0.012302356745617951,0.01239144674902328,0.01346889046537579,0.01642931031180206,0.010907857981429105,0.01570882626291575,0.03151258771946799,0.015744763754193175,0.031696701141328984,0.015783058093593826,0.03169670114132866,0.01582345377248339,0.03169670114132871,0.015952596135070943,0.031696701141328575,0.022464966253006608,0.012967822997108613
2023-01-09,-0.015834707221294216,-0.02535196547354445,-0.015697191701465593,-0.025086422437303496,-0.018370801896597545,-0.022523121700227643,-0.01715836632122157,0.02149170602062551,-0.017087555788252246,0.021491706020652417,-0.01701363650896664,0.02149170602065252,-0.01693710262015856,0.02149170602065251,-0.016700065649158408,0.02149170602065257,-0.002207785172502037,-0.02734712756527049
2023-01-10,0.0005910017656326613,-0.0003489643622503002,0.0006965957561133372,-0.0008675062471502506,-0.0009873876662014462,0.005872348673652214,-0.002297139999690768,0.021210927884263885,-0.002234900162709242,0.021210927884208156,-0.0021719422014202933,0.021210927884207583,-0.002108430095028021,0.021210927884207663,-0.0019192444403617094,0.021210927884207458,0.00474739103248182,0.002183552229239108
2023-01-11,0.005814016630960013,-0.0003302059930713007,0.005907164261845479,-0.0007437562300440082,0.0010134350008932757,0.0012132531302293317,0.0034126070753928567,0.020183321333281344,0.0034938630511024645,0.020183321333255014,0.003577195213049148,0.020183321333254876,0.003662245312828015,0.020183321333254893,0.003920188115488091,0.020183321333254844,0.010228800715136434,-0.0008364860053211298
2023-01-12,0.00142381827033859,-0.001916932630873786,0.001552127238458178,-0.002827975421232293,-0.00334289754140936,0.007864534944289321,-0.0036911448636875476,0.0192229195314294,-0.0036182911275806193,0.019222919531413567,-0.0035452551559231444,0.019222919531413286,-0.0034721831951423886,0.019222919531413328,-0.0032576089736213315,0.019222919531413238,0.003552301774402573,0.0008119567919513647
2023-01-13,0.0013745082824695057,0.0018118769247877898,0.0014108048410278165,0.0023603356817300724,0.002613743266640303,0.002822735423812391,0.0008994142518103425,0.016570433618495046,0.0009103833760487827,0.016570433618466465,0.0009221238577706877,0.01657043361846615,0.0009346028374493222,0.016570433618466197,0.000975261609505383,0.016570433618466083,0.0050644026467430115,0.003923271376409566
2023-01-17,-0.00260416369246255,-0.005535382107563305,-0.00248872361265452,-0.005250465094632885,-0.0002164823473938932,-0.0009449041235268217,-0.002886244596404066,0.004378308984847351,-0.002855024984578745,0.004378308984846113,-0.0028219638616027486,0.0043783089848460285,-0.002787326550795811,0.004378308984846043,-0.002678114737842652,0.004378308984846013,-0.002380333910973427,-0.005893203336263862
2023-01-18,-0.01689318210363471,-0.018970267805798535,-0.016886894414596558,-0.01964056869263744,-0.019451918964027735,-0.0184657771925526,-0.019387046541365846,-0.013428179866333224,-0.019356351616569758,-0.013428179866327538,-0.019324283254147447,-0.01342817986632746,-0.01929099149338046,-0.013428179866327468,-0.019187025632743472,-0.013428179866327439,-0.017593737241587783,-0.019519077166176305
2023-01-19,0.0030631094414478475,0.0022598709133681933,0.0030889554981278814,0.0016443805436768982,0.0007974309472987422,0.0076544443024791076,0.0017988560632333187,-0.008743290207168266,0.0018204564434891103,-0.008743290207155027,0.001841543307446023,-0.008743290207154811,0.0018621533840487482,-0.008743290207154832,0.0019204299649428964,-0.008743290207154749,-0.005065708804245848,0.00467733531799441
2023-01-20,0.009182171828338108,0.0027017480876981538,0.00933200534641515,0.003627624018092386,0.006152932506847019,0.009355961871708366,0.005714359924577732,0.041789848091255404,0.005791525902845188,0.04178984809125352,0.0058702699091688956,0.04178984809125349,0.005950324718162326,0.041789848091253495,0.00619182823030671,0.0417898480912535,0.019291769834581255,0.007981630711291439
2023-01-23,0.0010714189349040645,-0.0005399551309441678,0.0011249389713196482,-0.0011688979469789695,0.00020412403442783837,-0.0028185210094187297,0.00020460368388500552,0.03441131444020831,0.0002477751441848832,0.03441131444020522,0.000293566428946118,0.034411314440205024,0.0003416799355340338,0.03441131444020505,0.0004945330758508952,0.034411314440204996,0.010526939956110306,-0.003978392096815592
2023-01-24,0.0005688522336934876,-0.0024602470559898088,0.0006332570497418837,-0.0023388671674507205,0.0016324030187828244,-0.0012161825293980685,0.002986968069757664,-0.003841276657551707,0.0030339954519100973,-0.003841276657560289,0.003082465741514313,-0.0038412766575604018,0.00313208880594819,-0.0038412766575603788,0.003282947672506718,-0.0038412766575604343,0.001118732304254695,-0.0025890541204313844
2023-01-25,-0.0009115768354283609,0.0018379551345259983,-0.0010028763664148683,0.0013606325279833325,0.001024050466976803,-0.004223667043168416,0.002110648879632012,-0.0007271659591625707,0.0020684724742116795,-0.0007271659591715998,0.00202571372966675,-0.0007271659591717482,0.001982471040169535,-0.0007271659591717267,0.0018529938501413148,-0.000727165959171785,0.00012715670881670708,-0.001674217244760343
2023-01-26,0.00995374988692809,-8.606397563174422e-07,0.010288879440493557,-4.513658780011531e-05,0.0060135526122819605,0.021632780118189063,0.0013144657019711816,0.028167034262803592,0.0014659930071798657,0.02816703426280202,0.0016198480400046859,0.02816703426280189,0.0017755133649589765,0.028167034262801906,0.002241030911360223,0.02816703426280187,0.010372302486250541,0.009888531080221395
2023-01-27,-0.0103279291781186,-0.010437712115833948,-0.010414251237877734,-0.010675766843063013,-0.00973190334212564,-0.023743103794927722,-0.0065883403619125145,0.02804015327561881,-0.006576183068125355,0.02804015327560353,-0.006561506947713744,0.02804015327560325,-0.006544567044214064,0.028040153275603295,-0.006483609214552762,0.028040153275603205,0.003100233712125306,-0.015227298328583388
2023-01-30,-0.014996537173144054,-0.013027705269959467,-0.014995709339064819,-0.009728380728001675,-0.011799408482302064,-0.012505887414956656,-0.008790268230308124,-0.03389962559101632,-0.008823847659913744,-0.033899625590997844,-0.00885981637380947,-0.033899625590997566,-0.008897836316749959,-0.033899625590997615,-0.009019220674683146,-0.03389962559099753,-0.013604324258492676,-0.007737422114906671
2023-01-31,0.014065278120890782,0.010824580047471177,0.014062069484477902,0.011363279442134458,0.010733024333238347,0.011336810311499721,0.013927370357252132,0.01936919179549342,0.013950736110037807,0.019369191795497474,0.013973490145719795,0.01936919179549747,0.013995643236118958,0.019369191795497467,0.014057624609661801,0.019369191795497474,0.013287336950140923,0.014706161463150964
2023-02-01,-0.0004108400187140613,-0.0004272759456355063,-0.0004891910691593004,-0.0017608925397607058,-0.001619817464684232,-0.009849253741626662,-0.0005984763520262001,0.039490076737542096,-0.0006154436650909372,0.039490076737559936,-0.0006311246323182533,0.03949007673755987,-0.0006456372193765088,0.03949007673755988,-0.0006825937099329401,0.03949007673755988,0.009402674477995579,-0.007652319146501559
2023-02-02,-0.008653039708745253,-0.014916838904550348,-0.00862213192535053,-0.016584899286757653,-0.00997836190123938,-0.02457210640232145,-0.014465095039981075,0.10512410585170617,-0.014419606351049375,0.10512410585157955,-0.014367468633126192,0.105124105851578,-0.014309364649335323,0.1051241058515782,-0.01410912968952895,0.10512410585157768,0.017525060820925527,-0.023732921740501987
2023-02-03,-6.636903264507516e-05,-0.004198681541324879,3.226967490149832e-05,-0.003437446585391952,0.0006510605821491995,0.0016000432200963199,0.0008453921457494205,-0.04055915637518133,0.0009297756573213222,-0.04055915637518088,0.001016760488415043,-0.04055915637518073,0.0011059911862579747,-0.04055915637518073,0.0013791910870909003,-0.040559156375180726,-0.010241265899749306,0.001342360664221481
2023-02-06,-0.0014859133517990564,0.0009135355617806337,-0.0015061131663400772,0.002458624311630836,0.0012272627766264602,0.00287969571996716,0.0017831030978667087,-0.00550409840100019,0.0017317415272441808,-0.005504098401007377,0.0016777370126404884,-0.005504098401007472,0.0016214068134803754,-0.005504098401007468,0.0014444475967976859,-0.005504098401007498,-0.0035799258379845557,0.0021593498799394365
2023-02-07,0.016380246971038123,0.00862873452774491,0.014254984535420524,0.008842813625921387,0.009925853562064262,0.02610444908704888,0.010120649980455174,0.02637600789803801,0.010213879935209877,0.02637600789804088,0.007735868540205159,0.02637600789804084,0.00781505427432158,0.02637600789804086,0.006273119666305369,0.026376007898040853,0.0128247541174023,0.01737806920184143
2023-02-08,-0.003525177108418858,-0.0010326765000432548,-0.0025595064246752564,-0.0012197636967182287,-0.0032963618602917487,-0.006788989217623228,-0.0034400592370433716,-0.019864121136781467,-0.0035164389607001967,-0.019864121136781567,-0.0015137118960334237,-0.019864121136781356,-0.0015752797969168977,-0.019864121136781366,-0.004492008541595755,-0.01986412113678135,-0.011855219006296961,-0.004510880719408043
2023-02-09,0.0021071734438980706,-0.003185669239860289,-0.002487586884431244,0.000379910738016452,-0.0014568698100634581,-0.0008010670585604572,-0.0014549149682507585,-0.013329481826623218,-0.0014562195860118045,-0.01332948182662329,0.002881756802399561,-0.01332948182662314,0.002873003787927602,-0.013329481826623132,0.0009619858656485171,-0.013329481826623123,-0.006747840634671545,0.005909559299942167
2023-02-10,0.014211054972912696,0.012411417542001438,0.015033595890891186,0.015392295776962734,0.014981001552126581,0.019333728874558816,0.015106762405681214,-0.02396087867784891,0.015165296761048727,-0.0239608786778489,0.015493464431107207,-0.02396087867784884,0.01553724510909503,-0.023960878677848848,0.014646350217890822,-0.023960878677848844,0.0020219645128532805,0.026264595829887636
2023-02-13,0.008770210210793238,0.007397727191384172,0.007793851202753939,0.007210334748267096,0.006575848325791732,0.0023259063845071327,0.006532099154172819,0.023486633337080967,0.006513251119700705,0.023486633337080995,0.008308728446295603,0.023486633337080925,0.008302630557811146,0.023486633337080898,0.00954335324730202,0.023486633337080894,0.011251420457164252,0.003589969515773975
2023-02-14,-0.003293042792129229,-0.006177582971603746,-0.004691392793102465,-0.00641599253371114,-0.007016892708288527,0.0019950870606029805,-0.006985829263951227,0.017627975548918165,-0.006970417776445461,0.017627975548918158,-0.008549580885336463,0.0176279755489181,-0.008547399515498886,0.017627975548918106,-0.008594418541951353,0.017627975548918103,-0.0009284563939718188,-0.006133431711344865
2023-02-15,-0.004532361611650232,-0.00870569189071218,-0.005079816256457182,-0.00782327556153289,-0.003928928500460502,-0.007888975554285717,-0.0038500039685033993,-0.0027068335425758814,-0.0038062576276401273,-0.002706833542575821,-0.003778259192422747,-0.0027068335425759252,-0.003723007111682503,-0.0027068335425759317,-0.0034420971512353488,-0.0027068335425759382,0.0009557339914048635,-0.007044691359884226
2023-02-16,-0.011875245281410287,-0.009508728471473077,-0.009811232431738374,-0.00915918124071873,-0.0077124203102449905,-0.011816850979954645,-0.0077176667902179134,-0.029828761562959834,-0.007720141539808654,-0.029828761562959775,-0.007300261660424359,-0.029828761562959823,-0.007295702388414748,-0.02982876156295984,-0.00788708459249499,-0.029828761562959844,-0.011739702987029196,-0.009136155942502895
2023-02-17,-0.00043585145473715517,0.014644135143840258,0.0028126530126775344,0.012382874986406691,0.005362494843333675,-0.012547887323731972,0.004979751710728976,-0.01278594645898715,0.004783685968781785,-0.012785946458987035,0.00826065020619739,-0.012785946458987209,0.008086628293839049,-0.012785946458987238,0.0072313955173708665,-0.012785946458987245,-0.0019757263424681473,-0.0034503898530516934
2023-02-21,-0.010256678382160284,-0.006893879535643315,-0.01126388688291411,-0.005125303509312405,-0.009552423824820876,-0.0083645790530378,-0.009588154136407935,-0.02260043475195633,-0.00961050009260969,-0.02260043475195627,-0.007775285547601389,-0.022600434751956378,-0.0078057729762797765,-0.022600434751956375,-0.006194485714164568,-0.022600434751956378,-0.016565045114234272,-0.0020992561200410117
2023-02-22,-0.0040923729680382645,-0.0028998144435638954,-0.0026415958285235333,-0.003372602333076292,-0.0018086453894100188,-0.0043701589900516785,-0.0018604060399267284,0.004184931819351921,-0.0018853508519277836,0.0041849318193519,-0.0025000449803871385,0.004184931819351934,-0.002518544306781832,0.00418493181935194,-0.0015107911480677129,0.004184931819351945,-0.0027263457828076375,-0.007017824382378744
2023-02-23,0.008725485766662027,0.004619862226647557,0.006456855752590946,0.005253979217680828,0.005306618927104939,0.02366870225433737,0.005335552618188508,0.04328348172417519,0.0053479870604067874,0.043283481724175336,0.005355204376512553,0.04328348172417493,0.005359488755519863,0.043283481724174865,0.004328862875035982,0.043283481724174844,0.0077795522615985305,0.009286367845742806
2023-02-24,-0.007364851308272087,-0.005191240368021504,-0.008736851412960517,-0.004071643906804347,-0.0067661196374888405,-0.0025798285725474853,-0.006752549654288302,-0.022563661278385817,-0.006748583712059091,-0.022563661278385452,-0.006473270170886281,-0.02256366127838615,-0.006485172955194702,-0.022563661278386264,-0.00545975453454014,-0.0225636612783863,-0.010913379421012014,-0.0004579361353031778
2023-02-27,0.00223919162281945,-0.0021864840381674512,-6.794743323193292e-05,-0.0015615673740283196,-0.0003954065628318784,-0.00030798682176851055,-0.0003549024401834814,0.0026629270904295174,-0.00033231207312430725,0.0026629270904295027,0.0006516944820280375,0.0026629270904295244,0.0006694981556126522,0.0026629270904295348,0.0008645010018377261,0.002662927090429535,0.0018553318746652669,4.565746542507278e-05
2023-02-28,-0.010115685401278982,-0.014385548606506371,-0.013324683585606227,-0.014474534137746317,-0.013040915975925849,-0.01528567141892526,-0.012953794162487271,0.007926601130814916,-0.012905733160347172,0.007926601130814894,-0.011644807204081967,0.007926601130814902,-0.011597662516188188,0.0079266011308149,-0.011001006042123541,0.0079266011308149,-0.0035894247010907067,-0.012485394552243036
2023-03-01,-0.00027492617073793246,-0.0015266665720874285,-0.003266942220997161,-0.0009621526616091771,-0.0032224862996202254,0.003990026113536999,-0.003171239991880995,-0.016034646080892424,-0.0031495709025930424,-0.016034646080892462,-0.002869834402006697,-0.016034646080892362,-0.0028676439148588393,-0.016034646080892334,-0.0026033656504777128,-0.01603464608089233,-0.0062791395105673995,0.006107057249978294
2023-03-02,0.00423160405987875,0.0031915265212309534,0.006994852280111836,0.003965379284178163,0.006750392953971881,0.006050553474152198,0.006724950857487455,0.013061177223018607,0.006711911813249591,0.0130611772230185,0.005596701687779054,0.013061177223018713,0.005591732961682,0.013061177223018758,0.006888127524748393,0.013061177223018767,0.007373097544956786,0.0018882378091357465
2023-03-03,0.01280716603701868,0.005328465068598232,0.009763213200937442,0.005042362496104557,0.007453745195956465,0.010332317487839426,0.007618446832876518,0.038018746713189985,0.0077079381122397315,0.03801874671318996,0.007449114152172199,0.03801874671318996,0.007536103775283436,0.03801874671318996,0.008439159281869477,0.03801874671318996,0.015239319527481907,0.007904428811189449
2023-03-06,0.012593871125007667,0.017500896904027643,0.01287366803297043,0.016026937142341054,0.013843942303693901,0.015298492778952623,0.013799341196591708,-0.007555326055928262,0.01377516116201134,-0.0075553260559283126,0.012206308946541691,-0.007555326055928184,0.012193787431723868,-0.0075553260559281556,0.011098536729654274,-0.0075553260559281495,0.005349260441707147,0.01466102201161094
2023-03-07,-0.011937067109114735,-0.006824046614904196,-0.00968965764015895,-0.006862481701529485,-0.009278893076515343,-0.010316090479654354,-0.009376083539157051,-0.005250107998030004,-0.009427041075394577,-0.0052501079980300305,-0.009798845425386293,-0.005250107998030005,-0.009845448340157086,-0.005250107998029999,-0.010644987471833279,-0.005250107998029996,-0.012549439751254284,-0.010784903835475063
2023-03-08,-0.010619627119435333,-0.012891152767121182,-0.007233043571791878,-0.013249113411197482,-0.006701611700825564,-0.010510354617097461,-0.006668644991915395,0.013739856455335424,-0.006646126403254151,0.013739856455335455,-0.008445168966609221,0.013739856455335363,-0.00841105781826806,0.013739856455335353,-0.007469950173352476,0.01373985645533535,-0.001520298564100666,-0.01808308191380462
2023-03-09,-0.015220871984721801,-0.011324197263408636,-0.015133566867749864,-0.010505568039023949,-0.010006041183879452,-0.01580659899626047,-0.0100217780439124,-0.02213802743110951,-0.010648866665341488,-0.02213802743110951,-0.010449646106210218,-0.022138027431109507,-0.01046118542498862,-0.0221380274311095,-0.009836950640773941,-0.02213802743110951,-0.01723140889170802,-0.008440760005603391
2023-03-10,-0.0054258869093393135,0.000613922760002085,-0.005526428863668434,0.0008911032785842525,-0.00536413666034378,-0.01068935889738258,-0.005444381543044065,-0.01725230726936566,-0.001681175047572371,-0.01725230726936562,-0.001728714204641238,-0.01725230726936572,-0.0017770976666854192,-0.01725230726936567,-0.003223068454273407,-0.01725230726936574,-0.008146955975267602,-0.006010504797571788
2023-03-13,-0.002536101808395032,-0.0022422481633758715,-0.00257443306358956,-0.002626107021104332,0.0017280118116566388,-0.008124095938825798,0.0017058027082539839,0.006429628379672072,0.004262733887966898,0.0064296283796721546,0.004262841831106013,0.006429628379671946,0.004267417475193805,0.006429628379672054,0.0033853324932383976,0.006429628379671904,-0.0009821938574881188,-0.007815324765351857
2023-03-14,0.015781402553597154,0.009888613730653435,0.015808376090624996,0.00954406610947195,0.008147810245943039,0.028337560839823583,0.008163185044965469,0.04683373965671057,0.00744771045419884,0.04683373965671054,0.007455782909516747,0.04683373965671045,0.007463961422626338,0.0468337396567105,0.007492428207189133,0.046833739656710435,0.017589801818142608,0.009931325641703294
2023-03-15,-0.007298530682867382,-0.002278861133075941,-0.007464522071760566,-0.00030111983232705003,-0.0010796677217089629,-0.00909376761076414,-0.001272603661859864,0.012082222459412205,-7.435625543900874e-05,0.012082222459412326,-0.00016496661975464746,0.012082222459412154,-0.00025363088481927657,0.012082222459412208,0.0010184046248931681,0.012082222459412125,-0.0005577735548987574,-0.010461406494259504
2023-03-16,0.008220772716582827,-0.0007148040126173512,0.008217594074656496,-0.0010164063860069006,0.0036010977124908312,0.01733870032072953,0.0036434473335249244,0.04502476643796352,0.004039002162259723,0.045024766437963444,0.004066657730738323,0.04502476643796361,0.004096826376209144,0.04502476643796352,0.004143708064454023,0.04502476643796365,0.015531237354575502,-0.0017651318754317935
2023-03-17,-0.010712413974321676,-0.01545272194913238,-0.01068124441183244,-0.01592673993913649,-0.010064753512812996,-0.014975593119358258,-0.010048513706430182,-0.013378345035374896,-0.010733222044252318,-0.01337834503537483,-0.010715039352007702,-0.013378345035374706,-0.010694296935576952,-0.01337834503537481,-0.00974978090257407,-0.013378345035374679,-0.007028881771116843,-0.014659178314784208
2023-03-20,0.008200294431046331,0.013766118735781792,0.00822864768150691,0.01504120235873462,0.013726974569531918,0.016051313631420438,0.013787452267044734,0.0029789161493034696,0.014762390139709487,0.002978916149303382,0.014786339857410381,0.0029789161493035225,0.01480915452362871,0.0029789161493034835,0.015227160307355646,0.0029789161493035524,0.00777016765133232,0.016803121271652725
2023-03-21,0.013405849650030183,0.004961265883970354,0.01352231065724952,0.006217197872006065,0.007878176559098064,0.01822452582292745,0.008059776226585824,0.022089510324915795,0.006694133318848856,0.022089510324915847,0.006782565621710706,0.022089510324915865,0.006870159085363732,0.022089510324915816,0.005762165901597023,0.02208951032491587,0.013264707857066646,0.015998365334670143
2023-03-22,-0.012308552732995873,-0.014106829099310731,-0.012332402653998856,-0.01376888058549899,-0.011371849718492777,-0.00818928566741362,-0.011401349266075176,-0.00944535371007637,-0.012693335488880676,-0.00944535371007631,-0.012705368788348518,-0.009445353710076518,-0.012717176285363693,-0.009445353710076407,-0.010502931962584039,-0.009445353710076564,-0.014146800885961234,-0.013519148685840476
2023-03-23,0.002831050544629679,-0.0015897554846663671,0.0028411269198078755,-0.0017703298068425836,-0.0016466195321160415,0.006558819534165175,-0.0016550721864687142,0.01695201014240991,-0.0016620003740455002,0.016952010142409928,-0.001659745119444688,0.016952010142409935,-0.0016553797427278799,0.016952010142409914,-0.0030123474023838344,0.01695201014240994,0.004356779456122487,-0.0030758487622212696
2023-03-24,0.0027750002327090384,0.008099562211245968,0.002721195948748651,0.008968209071814457,0.008944780897355764,-0.0017100946582789748,0.008899001476892507,-0.002152539002251352,0.01159194933017187,-0.0021525390022514206,0.01156693817194393,-0.002152539002251238,0.011542377478643406,-0.0021525390022513135,0.011832669946809767,-0.0021525390022512003,0.005141562908894591,0.005525181200777521
2023-03-27,0.00769366179663503,0.012473162330311486,0.007702372670641805,0.01208884151927219,0.0076046574536157,0.008358216093825735,0.007590535923542143,-0.0081523887912939,0.006781900942240681,-0.00815238879129405,0.006761511906006875,-0.008152388791293904,0.0067364032467011606,-0.008152388791293938,0.00634277839686538,-0.00815238879129388,0.00393244945682687,0.013698136506103908
2023-03-28,-0.0023148092217306895,-0.005209585476372548,-0.0022908535493361996,-0.004440516931295305,-0.0052918834566004274,-0.0026180660583017563,-0.005232454128117792,-0.006943917947866246,-0.0039108157462180455,-0.006943917947866324,-0.003883715597235599,-0.006943917947866207,-0.0038565905741064603,-0.006943917947866245,-0.003948254868842442,-0.0069439179478661866,-0.00407808524426236,-0.001375351612886694
2023-03-29,0.009743942387945872,0.004776927068802732,0.009802002815038131,0.004346771945958821,0.006415951439376448,0.01226628820658972,0.006490657273948454,0.024330459664505057,0.004842946711691998,0.024330459664504953,0.004891393249534979,0.024330459664504984,0.0049428262824146845,0.024330459664505005,0.005638131133004827,0.02433045966450499,0.011009362714494809,0.0073012056560986995
2023-03-30,0.0036752011870316036,0.004467117793416698,0.003700712867707774,0.004539342035801191,0.0035740644104031195,0.009967159478586205,0.003612153519921191,0.014033171813481841,0.004001199914847878,0.01403317181348174,0.004017888007848339,0.014033171813481784,0.004034408119550694,0.0140331718134818,0.004644229374955311,0.014033171813481793,0.004842180337762589,0.0039018463167443435
2023-03-31,0.010005176250845937,0.0072563539738058685,0.009998151696927627,0.00724704698687179,0.007646177136596053,0.008086233748111852,0.007654134252539671,0.014937340231615758,0.007159612183291397,0.014937340231615873,0.007169852023618233,0.014937340231615736,0.007181890187789109,0.014937340231615774,0.00714154574530773,0.014937340231615713,0.01249607560711109,0.006026276372031929
2023-04-03,0.013049155098669347,0.017645737863649282,0.013226653002588172,0.017472630159405714,0.019994821365761216,0.027256961949028873,0.02014707255238241,-0.0002986330007963892,0.01912745622722617,-0.0002986330007962922,0.019189105314005337,-0.00029863300079646784,0.019246062487071516,-0.00029863300079639135,0.01921907673129364,-0.00029863300079650086,0.009508971173250893,0.027488545748217012
2023-04-04,-0.0050968943490649595,9.504596680888521e-05,-0.005105470345965367,-0.0013773996833773825,-0.001682493645969735,-0.007695977960283125,-0.001734486376631508,0.0026757223276623054,-0.0015792274705971597,0.002675722327662266,-0.0016014078657714506,0.0026757223276623727,-0.0016226056844373447,0.0026757223276623176,-0.0006441974439294585,0.0026757223276623956,-0.002551321814963532,-0.004723813928434074
2023-04-05,0.006185951579238916,0.025840189941093848,0.006175606953891731,0.02267301166577415,0.017689654992719267,0.005868965467651445,0.017554472710393842,-0.019815224130735835,0.017828669459311858,-0.019815224130735765,0.017754669864795788,-0.01981522413073575,0.017677733452864445,-0.019815224130735786,0.017451210783688127,-0.019815224130735748,0.002222166054917718,0.01624784025773362
2023-04-06,0.0009430194094287709,-0.0005798027935439416,0.0008850635678838947,0.00039976985256041844,-0.0005529825736154332,7.667609266764981e-05,-0.0005870873214457354,0.010771731929451989,0.0009767477869090525,0.010771731929452232,0.0009592082801527731,0.010771731929451933,0.0009423598740694788,0.010771731929452012,0.0011091129775710955,0.010771731929451878,0.002449538406720761,-0.00436712489482268
2023-04-10,-0.005361181919729222,-0.0033956418531745688,-0.0030315256220997478,-0.0034900176979318427,-0.0043000386526717855,0.004769331770315154,-0.004533448407607726,0.0032955085254934794,-0.004558524651438905,0.003295508525493188,-0.004580764763057666,0.003295508525493222,-0.00460525903147176,0.003295508525493346,-0.00445183189170878,0.0032955085254931945,-0.0007562263337761963,-0.0030901834910742297
2023-04-11,-0.00243923276508802,-0.0002932994080210586,-1.1970875958800025e-05,-0.0001307536939704375,-0.001725214892910109,-0.0030771844396495825,0.00033901660153478794,-0.013689946377103652,0.00034707513061727467,-0.013689946377103655,0.00035372874756846924,-0.013689946377103654,0.0003590711837285578,-0.01368994637710363,0.0003681105336039901,-0.013689946377103657,-0.0010749115421212004,0.0010861747499786964
2023-04-12,0.000522484627845988,0.0017717174183758478,0.0011356724146046769,0.0017170357688128246,0.0009145620118004716,-0.004323932337797296,0.0009717917946833031,-0.013835628580169509,0.0009588949251750163,-0.013835628580169323,0.0009447285262784453,-0.013835628580169332,0.000929496047023252,-0.013835628580169415,0.0008799198683641115,-0.013835628580169314,-0.0049412305406657175,0.002396991448640411
2023-04-13,0.018009512479431996,0.00990213041390091,0.0162158670820073,0.010451854134187193,0.014303030238077125,0.008837173577660897,0.01237441990833909,0.02496247862377122,0.012395869245026564,0.024962478623771205,0.012419340749372579,0.024962478623771205,0.012444670801656496,0.0249624786237712,0.012528564964984397,0.024962478623771215,0.015612625879292956,0.010104932923603004
2023-04-14,-0.0005267516183276716,-0.002103815919672699,-0.005217342261662855,-0.002697302075001389,-0.005938565962379389,0.0038863731207210046,-0.005125284682344157,0.005371713669276698,-0.005110763729000134,0.005371713669276631,-0.005095095740111071,0.005371713669276635,-0.005078376483958023,0.005371713669276679,-0.005023892820993363,0.005371713669276628,0.002417158091645369,-0.0017664805603431174
2023-04-17,-0.0033067318064604343,-0.00036645543676181965,-0.0025316417002788126,-0.0006002849147049486,-0.0006494641753373798,-0.002722138279060527,-0.001595452691023246,-0.0005383301604652276,-0.0016278770537015875,-0.0005383301604652838,-0.0016596217336210996,-0.0005383301604652837,-0.001690700123717717,-0.0005383301604652681,-0.0017786192725080647,-0.0005383301604652902,0.0003482853728994553,-0.0026969457033071617
2023-04-18,0.001433455765910742,-0.005948579826245386,0.002418021578902024,-0.003675344104665676,-0.0011672881413291678,0.012334463032399965,-0.0006586408546832379,0.004676073362226119,-0.0005795138147388279,0.004676073362226019,-0.0005013117033941779,0.004676073362226024,-0.00042396019121231706,0.00467607336222606,-0.00020045755055739104,0.004676073362226016,0.0012638169661977818,0.005899364051746142
2023-04-19,-0.0013032783559027332,0.0016051962674478101,-0.005658723794295155,0.0006626492963746228,-0.0031075756886608475,-0.0009205192429019462,-0.003057533093425218,0.006390466762267934,-0.0030589317981622854,0.0063904667622679484,-0.0030567482982830838,0.0063904667622679216,-0.0030513338782388695,0.006390466762267921,-0.0030195752691675893,0.006390466762267942,-0.003537990033440885,-0.0028156162632693126
2023-04-20,-0.0002976052446018576,0.0028174646620656727,-0.000948544584793632,0.0021151162947413813,2.4778399283881402e-05,-0.0123901632904993,0.0011746530284079037,-0.01391039221016766,0.0011337572793574295,-0.013910392210167396,0.0010925782129351579,-0.013910392210167424,0.001051164424819437,-0.013910392210167514,0.0009281999595009925,-0.013910392210167396,-0.0015130170817600997,-0.0012284101455363
2023-04-21,0.0001540886159757701,0.0050490798198608855,-0.0009409289667182943,0.004539291802642724,-0.0008010447726493595,0.0041946047719486615,0.00351980743670332,0.008334620957663737,0.00349888531775119,0.00833462095766346,0.0034779671101011116,0.008334620957663474,0.0034571289887058466,0.008334620957663616,0.003396647755752559,0.00833462095766345,0.003291115412679826,0.005216026587329042
2023-04-24,0.002740458904845885,0.005571143212693885,0.003583836925666316,0.0059356963187066885,0.0034674521467977296,0.006246699636075357,0.005075474089273621,-0.003183733979076497,0.005110766283051709,-0.0031837339790764564,0.005145379664132981,-0.003183733979076455,0.0051793169614760175,-0.0031837339790764716,0.0052755412931967845,-0.003183733979076456,0.002766669227241252,0.007790515398380095
2023-04-25,-0.0055803797040285975,0.0011913653699852566,-0.003007992463966876,0.005452216990341888,0.0008954267290957511,-0.014086004268812225,0.0029602830498838507,-0.02860908774387893,0.0028830594326497445,-0.02860908774387879,0.0028034542328180933,-0.02860908774387879,0.002721794715596002,-0.028609087743878846,0.0024718714634992377,-0.02860908774387879,-0.011618649380156753,0.0033869359017034465
2023-04-26,-0.000664441780401166,-0.013757899192925218,-0.0027794232290858766,-0.013892543705997342,-0.0032422048297986892,-0.0016701211854503158,-0.011715615152823433,0.01613032989247689,-0.011692082596719715,0.01613032989247627,-0.011666318382121274,0.016130329892476303,-0.011638626240359067,0.016130329892476616,-0.011548180822127437,0.01613032989247626,-0.0053330953514377204,-0.01316102039265946
2023-04-27,0.016355441387858626,0.007396284602722425,0.01452223997269931,0.0050815905230422245,0.013137939851001647,0.02509190777790248,0.011271313530476426,0.06091526947500828,0.011316403328658008,0.060915269475007534,0.011362665883065438,0.060915269475007625,0.01141000029200957,0.06091526947500794,0.01155471116979586,0.06091526947500759,0.01724630873448699,0.010901687307854652
2023-04-28,0.007619154760640409,0.004383352213286872,0.007938939530264625,0.005175149511871826,0.006324242577556978,0.011185661487842233,0.005369772679073833,-0.002308430283081386,0.005391834177146598,-0.002308430283081046,0.0054138537727551825,-0.002308430283081058,0.005435799818493732,-0.0023084302830812444,0.005499837982099555,-0.0023084302830810306,0.007895654361297619,0.007012362311631362
2023-05-01,-0.0031524450174813504,-0.0011908061035385594,-0.002080818439703277,-0.0002540078619737876,-0.0011959593641077111,0.0066984430551860884,-0.0006521181431733377,0.005545975332800517,-0.0007312462255388728,0.005545975332800243,-0.0008110775709407529,0.005545975332800263,-0.0008913907456043811,0.005545975332800405,-0.0011292885507160465,0.005545975332800244,-0.0003341486747382527,-0.004883815789833042
2023-05-02,-0.011578439565160963,-0.0002719505536008049,-0.010305514008489754,-0.0005480394360838177,-0.0026239792878102568,-0.01684320727338023,-0.0028820069900996866,-0.008947036018158213,-0.002992818102816368,-0.008947036018158314,-0.0031042417327916847,-0.008947036018158314,-0.0032159983304203173,-0.008947036018158258,-0.0035453352294538944,-0.008947036018158322,-0.010953871855793806,-0.007854455665131729
2023-05-03,-0.005482543911901049,-0.007083054374802155,-0.006437626536002606,-0.006018911279266017,-0.006408214545712062,-0.010335648459285026,-0.006162369689850066,-0.013402272623849963,-0.006197916626073318,-0.013402272623850882,-0.006234388279401158,-0.013402272623850816,-0.006271564367390315,-0.013402272623850272,-0.006383670921977815,-0.013402272623850908,-0.009581553826010709,-0.005907776253364317
2023-05-04,-0.003940314583916661,-0.004924675135155206,-0.0038488284554802086,-0.004207161354915783,-0.0037746926255796177,-0.011481017939016031,-0.004698599518295038,-0.00874771135983339,-0.004748366757923599,-0.008747711359833727,-0.004798928763796448,-0.008747711359833706,-0.004850158728970788,-0.008747711359833498,-0.005003974332092301,-0.008747711359833741,-0.008424121661225184,-0.006099405735061925
2023-05-05,0.01835283907459822,0.00640778475985514,0.0188541422013252,0.006659625786982105,0.013475311846439367,0.020113345324618236,0.012132805046168394,0.01974973554426632,0.012241582048067341,0.019749735544266657,0.012354042997863943,0.019749735544266615,0.012469702494046789,0.019749735544266414,0.012825143741537518,0.019749735544266657,0.01724513783738049,0.010222565597763961
2023-05-08,0.0014579745289548,0.0008959165152806562,-0.0008280498449272135,0.0003774386651039109,-0.0010507374089169575,0.008108685193709124,-0.0009189834968651929,0.0047952751031005835,-0.0009040021004909644,0.004795275103100272,-0.0008895834662340522,0.0047952751031002895,-0.0008756437867634986,0.004795275103100479,-0.0008367620638826019,0.004795275103100261,0.001588329939698841,0.0016876048243359022
2023-05-09,-0.0035580158711699473,-0.004467208374826312,-0.0031191061830819077,-0.0024591211290837947,-0.006095908510098331,-0.008611093915471334,-0.00637005819293266,-0.004197328118110046,-0.0064537348015575174,-0.004197328118110006,-0.0080031305382718,-0.004197328118110069,-0.008077618101090096,-0.004045027624494989,-0.008297635185973422,-0.0040450276244949806,-0.003064292104854706,-0.004685450929548701
2023-05-10,0.008674363378160651,-8.857005635408683e-06,0.005359153264952301,-0.00019182107931067414,0.004400496766501141,0.00284214107575025,0.0022923267413547696,0.017067940454891805,0.0023439645301183394,0.01706794045489149,0.0035975256220129354,0.017067940454892797,0.00364157399250233,0.013369005690401437,0.003773958276426545,0.013369005690401399,0.0024947296516561837,0.0002516722151013745
2023-05-11,0.002369249062526391,-0.0014629736381954902,0.0015550896870746094,-0.0009143165879673189,-0.0008050685619540793,-0.0024008955908356817,-2.8490955079975115e-05,0.010030705414256597,-7.995981579601033e-05,0.010030705414256212,5.7698415198289557e-05,0.010030705414258032,7.207592379297539e-06,0.0050082394634333866,-0.00013823008576474354,0.005008239463433336,-0.002324073628175509,-0.005027557967669498
2023-05-12,-0.00405258736888804,0.0008491684399422901,-0.0016606749327546127,0.0006611537223428412,-0.0010595591018609854,-0.006073367386682204,-0.000302392824659651,-0.009345785098663987,-0.0003492938758911582,-0.009345785098664301,0.0006607122571174935,-0.009345785098663356,0.0006089688447198299,-0.011946756498510533,0.00045645182788906717,-0.011946756498510557,-0.0015265500387441565,-0.0012957098558355235
2023-05-15,0.0007746368327896528,-0.004927337657617816,-0.00157495784984948,-0.005597552616165903,-0.001468894440972428,0.011187327557823597,-0.0018059393641130011,0.014675207250223508,-0.0016888553147414813,0.014675207250224032,-0.0022060748651164712,0.014675207250222772,-0.0020886820052461955,0.01857284628518878,-0.0017492605175676126,0.018572846285188824,0.0031144137647559768,-0.000664326762443454
2023-05-16,-0.00019993646609274708,-0.007587859648405928,-0.002503099810359057,-0.007262084165014787,-0.002431366733716257,-0.0005308375606889349,-0.00573960559965093,0.01115391810069977,-0.0056748777445020555,0.011153918100699661,-0.004627993933438575,0.011153918100700471,-0.004570126151621996,0.00841703232365434,-0.004398966365974342,0.008417032323654297,-0.006105352448145136,-0.006133706621924532
2023-05-17,0.010257125851310632,-0.0012647686595842079,0.006686435471300772,-0.002339626298179289,0.002136969008031544,0.013352233065073712,0.0015247459201748498,0.02118856418108119,0.0016867525476026695,0.02118856418108137,0.00026191625801061987,0.02118856418108082,0.0004294888487896408,0.023413755645337434,0.0009170913258916783,0.023413755645337483,0.01259777339813614,0.005114801365721472
2023-05-18,0.008671953658791531,-0.0015880656620160562,0.005701271068444277,-0.001144718425418966,0.005140495624526939,0.019225173307513364,0.004172316281796558,0.028835536502505893,0.004415493202157976,0.02883553650250618,0.0021739787126274232,0.02883553650250552,0.0024240655195940054,0.02825426216987167,0.0031516731343183913,0.028254262169871598,0.007233218984372155,0.007567073133733243
2023-05-19,0.0008385956672070827,0.0033870286463979983,0.002279488831052651,0.004230754158393928,0.0013151948050659096,-0.001006916297314664,0.0026082178880732746,-0.010272589658869905,0.002538681222239024,-0.010272589658870021,0.0030921833234065937,-0.010272589658869518,0.0030196871427811416,-0.007213637118177282,0.0028070506791024723,-0.007213637118177129,-0.0010517008260518606,0.0032466502844221493
2023-05-22,-0.0038010208149589584,-0.012863315478473,-0.007166640058279193,-0.014140436353411548,-0.00993851130439664,-0.0013829471649377323,-0.010741965276786565,0.0010941210680423534,-0.010677076878382008,0.0010941210680422435,-0.012718908792906582,0.0010941210680432106,-0.012642517232262614,-0.0005558241111677737,-0.012416726976289786,-0.0005558241111677599,-0.005041478814468633,-0.013883626512903908
2023-05-23,-0.012118879346189914,-0.003814713937969425,-0.011495196090108704,-0.004618023738607426,-0.010716889902924727,-0.00843932193241313,-0.010722318037423656,-0.008648184857314264,-0.010769983827227575,-0.008648184857314035,-0.008772585203968761,-0.008648184857314655,-0.008831858596933731,-0.007095067555545634,-0.009005898544056484,-0.007095067555545624,-0.006534762234415067,-0.003601764809734277
2023-05-24,-0.0012876510809988998,-0.0020143892962907347,-0.0034212632412875055,-0.001805407415992564,-0.0037780788751067486,0.003529210042587855,-0.004400955539380186,0.004774056111376771,-0.0043971246939744,0.004774056111377166,-0.004188051414855941,0.004774056111376184,-0.004185145410844282,0.004870455377961233,-0.004173326348338538,0.004870455377961158,-0.004536300326485017,0.0008099662015676613
2023-05-25,0.003593852264249086,-0.01075404772593268,0.0035867858348369638,-0.010045302672240223,0.01993323580493701,0.07207127917406406,0.01586454726345807,0.07493541329786212,0.01695833239183068,0.07493541329786331,0.016620748461459143,0.0749354132978604,0.017678151396148756,0.07999190620898713,0.020719673066845863,0.07999190620898708,0.011005057910443594,0.03061885760538695
2023-05-26,0.008957466639372642,-0.002771173055198521,0.004486346453481005,-0.003180506805918691,0.004748176772419129,0.014791985439995985,0.0017984588519639457,0.032976411510709146,0.0019281764300653238,0.03297641151070976,0.0012391159978616477,0.03297641151070847,0.001373418291286579,0.038011905112209345,0.0017719605438411474,0.038011905112209435,0.012171478083113271,-0.0006979903376807809
2023-05-30,-0.004549425026415341,-0.008244675305325766,-0.006890920940340169,-0.009643241706761702,-0.003717215791488406,0.0035055207658969013,-0.003708637120678061,0.012640523117184142,-0.003522848532324997,0.01264052311718462,-0.003458602451484587,0.01264052311718353,-0.0032747203306842908,0.013833021084722438,-0.0027319411028021465,0.0138330210847224,-0.002534168524504783,-0.005477317069532755
2023-05-31,-0.004617420569314129,0.0021220974584937246,-0.0028552209005741503,0.003421308585669873,-0.003371580443901987,-0.012896316614510218,-0.0016550997087263746,-0.017826148329428124,-0.0019144539662120943,-0.017826148329428224,-0.002443976307132681,-0.01782614832942761,-0.0026934131358573917,-0.01704023631667658,-0.0034141870478184497,-0.017040236316676505,-0.004961070043450788,-0.008672615891552486
2023-06-01,0.013403228338938545,0.003351331842308392,0.011794542745123987,0.00354899789113018,0.01226298481762592,0.026860648421715653,0.0072256228672823155,0.03043331600897854,0.007423029124510709,0.030433316008979056,0.006028999466928184,0.03043331600897779,0.006231594344415521,0.0318861437700541,0.006823949370803236,0.031886143770054054,0.01102873657185084,0.01447798688794438
2023-06-02,0.012745212503156557,0.015542737147230801,0.012350716820839746,0.014427734251464805,0.010293921718545459,0.0032801779141543655,0.012082770769707709,0.001042624366461208,0.011967546518478612,0.0010426243664609972,0.01275943745111539,0.001042624366461343,0.012642176481281187,0.002529001091815542,0.012299630474468033,0.002529001091815628,0.013919737352206144,0.010873699012564563
2023-06-05,-0.0010536982467944942,0.0020124676286913117,-0.001542269610259505,0.002181042423065056,-0.0009198372243577027,-0.0014038898039062235,-0.0011475054359694299,0.0010774841286554095,-0.001174336792152092,0.001077484128655283,-0.0006810996322120405,0.00107748412865581,-0.0007123940368607165,-0.0004992293230713148,-0.0008080208964467367,-0.0004992293230713363,-0.0010893669937447781,8.506407252837774e-05
2023-06-06,-0.0018043690343307493,-0.007660684395393717,-0.004870317158582101,-0.010551495071749094,-0.008433054856620275,-0.011663365325136232,-0.008892565444472728,-8.988937648247628e-05,-0.008906219077898209,-8.988937648278344e-05,-0.010771456782272737,-8.98893764822125e-05,-0.010767527606612329,-0.0014186604099954898,-0.010744516749691822,-0.0014186604099954959,-0.0007271795072592326,-0.012800437133737607
2023-06-07,-0.012762165701526839,-0.0005532984678949092,-0.009551550129634444,-0.002655531214643789,-0.0111138764508378,-0.019017015656227168,-0.006999296108871242,-0.03396734717651864,-0.007106337195676719,-0.033967347176518746,-0.0054377725592406325,-0.033967347176518975,-0.005549364085228761,-0.033554909236487546,-0.005869154026091178,-0.033554909236487546,-0.007458389530863783,-0.00626347629229861
2023-06-08,0.00885390841306807,0.00793611081388243,0.01023426555546991,0.009640338841084435,0.011960457070684225,0.011891458485649629,0.012480164181190636,0.016527752895883718,0.012558599593352184,0.02158006261299261,0.012860903119427905,0.021580062612992414,0.012932655111401431,0.021772379230156985,0.0131340041870387,0.021772379230158182,0.00767264541835486,0.015953891362763407
2023-06-09,0.0013529867483002233,0.0012731266413012672,0.0032588262873922743,0.0015481626970420045,0.00279300490931744,0.004072149763190407,0.002413072696693966,0.0005388290660952918,0.0024370081690178284,0.003874912995122386,0.002460122197811623,0.0038749129951221708,0.0024824725366375455,0.0038749129951210787,0.0025443936552077074,0.00387491299512224,0.0016617397161490196,0.004445955244189902
2023-06-12,0.006210634333516403,-0.0010350786037684394,0.005576533211868636,-0.0011921141519239758,0.003820922634880942,0.018625382105755307,0.0014160200071833245,0.021201735286383493,0.0015132324689101217,0.024592240007816804,0.0016100815870365973,0.02459224000781669,0.0017064060329824698,0.024592240007815895,0.0019862345202752143,0.02459224000781674,0.007458575586354345,0.004116700632744867
2023-06-13,0.003153857632296644,0.0037212531586147454,0.005139715666190107,0.002939116448629476,0.005962935892633635,0.013945154114922385,0.005134782386535483,0.012367410325253844,0.005282620316542264,0.013132338057803844,0.005425980112135797,0.013132338057803835,0.005565037458500412,0.013132338057803927,0.00595178829602902,0.013132338057803826,0.0034588305850005653,0.011395925842255275
2023-06-14,0.0002611248750171031,0.004337330303767268,0.006506083182041107,0.004423705528685159,0.009077112775574192,0.019774306557713412,0.009511322282896062,0.015990368678773386,0.009673916917806245,0.01623232207643235,0.009831682033563726,0.01623232207643239,0.009984788351915366,0.01623232207643286,0.010410920162899094,0.016232322076432357,-0.00024199271891275562,0.013370966577058649
2023-06-15,0.011240804440205934,0.01121938921671319,0.01142581701464408,0.010377963806913129,0.011492307403871601,0.01759536518333639,0.009475511089473894,0.009692164491499814,0.009389414783250154,0.01091710778277901,0.009305876999370273,0.010917107782778893,0.009224774930588599,0.010917107782778435,0.008998704085690763,0.010917107782778922,0.011304335874606676,0.004642437983310578
2023-06-16,-0.008197947627978975,-0.0002446048045112914,-0.005577029499387852,-0.0010195570495553563,-0.002546870461010527,-0.006167992895331111,7.807157541105704e-05,-0.005679835382752837,6.18205048705215e-05,-0.003562923275687268,4.562542409113414e-05,-0.0035629232756873514,2.9472253499205858e-05,-0.0035629232756878276,-1.79185790469526e-05,-0.0035629232756873262,-0.0030254137452170983,-0.004252980823317132
2023-06-20,-0.004835274660034786,-0.005059229081406308,-0.0013654049777455377,-0.004411189349120117,-0.0006999690468480425,0.0076952419957130504,-0.00024239078486112302,0.01174255942815745,-0.00011794127496979551,0.010208503974380735,3.3899045677749772e-06,0.010208503974380908,0.00012169211563046729,0.010208503974381892,0.0004538495583774431,0.010208503974380846,-0.004232928127362108,0.005211805885621437
2023-06-21,-0.0024589325119231853,0.002247865026220649,-0.003978075071311543,0.002342245676085687,-0.0019162969631351977,-0.012615333862126446,0.00036440979249566924,-0.012400530067642865,0.00028161295569590413,-0.012053814543289361,0.00019989881809603309,-0.012053814543289309,0.00011933924422691407,-0.01205381454328916,-0.00011111278309264522,-0.012053814543289328,-0.0030211484840532822,-0.0008287527801295871
2023-06-22,0.012445390358562323,0.009080557515456,0.010603824736455505,0.009569335653174322,0.011944729179768793,0.01049556238889773,0.010134331742470748,0.01825395756106243,0.010100525124244994,0.01611812028637084,0.010068094108396935,0.016118120286371006,0.010036986553957487,0.016118120286371603,0.00995237227512713,0.01611812028637098,0.005789876821610055,0.010754983717511801
2023-06-23,-0.0038135290732916683,-0.004331444354161984,-0.004733053849633417,-0.0037331591473743317,-0.005127672062361959,-0.0059482813907900485,-0.004954319175865327,-0.004183254279601556,-0.005003255139266035,-0.0020304740550065033,-0.005050772143557397,-0.0020304740550066034,-0.005096895483076068,-0.002030474055007229,-0.005225185689797398,-0.002030474055006566,-0.003856113109260866,-0.0031197910269894313
2023-06-26,-0.008307067979404344,-0.0038371836328027218,-0.012094006299376025,-0.004872217739244324,-0.010622282150127999,-0.028373088496453876,-0.008619086171071743,-0.029777813972955872,-0.008750692571599557,-0.0275830882562356,-0.008878715894275439,-0.027583088256235667,-0.009003275621907052,-0.027583088256236288,-0.00935163619596174,-0.027583088256235636,-0.005484940965492595,-0.01475246097596935
2023-06-27,0.005558071390275971,0.000714639305858855,0.007240484747190379,0.0019033861860847856,0.006577167384288006,0.025384519907677792,0.00606089306897107,0.022778490187223735,0.006180647676501814,0.024822345896319292,0.006298430211966709,0.024822345896319292,0.006414204201215481,0.02482234589631935,0.00674383279905905,0.024822345896319285,0.008020172477222158,0.008432020554216471
2023-06-28,0.0027464540892538246,-0.0029587139112852955,-0.001741348612664053,-0.0037655329602103945,-0.004317076059078233,-0.005496365269079904,-0.004719094148958784,-0.006038617680618475,-0.004754484985587753,-0.009000036250400613,-0.00478696599030146,-0.009000036250400582,-0.004816780160585255,-0.009000036250400299,-0.004891246938598496,-0.009000036250400592,-0.00295114948470967,-0.006411238031044333
2023-06-29,0.0044558931068496045,0.00035645544468713704,0.0032907603071058895,0.001385312006925972,-0.0003026501217944777,-0.006641266245914299,-0.000619931143391777,-0.009655211380819699,-0.0006448842727512596,-0.008478815996820812,-0.0006690752648612901,-0.008478815996820882,-0.0006925328538886439,-0.00847881599682129,-0.00075772862183072,-0.008478815996820863,0.004272107928791158,-0.0007564248055411428
2023-06-30,0.015225541604876519,0.01046547558564297,0.01595465593679484,0.011532602521928548,0.014881865189824001,0.02390996510152649,0.015155200803826901,0.02295800402419615,0.015275184561736436,0.023533263980316865,0.015393167961918992,0.02353326398031693,0.01550914486080204,0.023533263980317316,0.015839541342268136,0.023533263980316906,0.012461265506253474,0.020393024249567546
2023-07-03,-0.0011133487462979914,-0.0005802645219575047,-0.000673185242247314,-0.0005166225500037263,-0.002523194274957342,-0.003241255373832446,-0.0010529915706788192,-0.0003715124012931267,-0.0010458995086255576,-0.0013116185308692007,-0.0010402227840029972,-0.0013116185308691506,-0.0010358040351821085,-0.0013116185308689131,-0.0010288438190491343,-0.0013116185308691668,0.0007690343535036036,-3.573375984377228e-05
2023-07-05,-0.0014120659604447586,0.0005047017102066472,-0.00011925704393105291,0.0006352628352346384,-0.000254559644299901,0.007633925594935257,-0.0005746008178690029,0.009990632752317551,-0.0005979897434766369,0.008870168313118586,-0.0006216803959424776,0.008870168313118598,-0.0006455960406259612,0.008870168313118789,-0.0007168209132330021,0.008870168313118591,0.0012952182512165364,-0.0008977501722577803
2023-07-06,-0.010301803240198025,-0.00977027394866603,-0.004789278388112031,-0.008861211593379591,-0.00435282962800629,-0.0009237270476329506,-0.0053960089678055725,-0.009937613731783566,-0.005393337880452355,-0.00981580218289667,-0.005389739519783601,-0.009815802182896698,-0.005385336535594705,-0.00981580218289662,-0.005368624879361673,-0.009815802182896703,-0.009827520738292874,-0.009320006497774405
2023-07-07,-0.00824143206987963,-0.015837525202549,-0.011529974041767862,-0.01689225333954526,-0.014056432991478013,-0.0027992529668473577,-0.014868866885833458,0.004144403906307507,-0.014755860404046008,0.005495865949141029,-0.014643825654113174,0.005495865949141048,-0.014532929442422116,0.005495865949140909,-0.014213586578288893,0.005495865949141059,-0.006449077700947364,-0.014423231408329833
2023-07-10,-0.002597775124019757,0.003325307902963043,-0.0017489174470384792,0.005307687642730328,-0.00114773081151349,-0.004474176160909364,0.00046718158141948114,-0.0072552637788083005,0.00042483378216038166,-0.002436002766999399,0.0003810502345005397,-0.0024360027669995798,0.0003361181546639998,-0.0024360027670005825,0.00019908447423627802,-0.0024360027669995273,0.0019152262919514926,0.005144972777476662
2023-07-11,0.0059833217916799115,-0.0010341646657184584,0.0024732229558496366,-0.001192318949659392,0.0007990575853022553,0.010059612139762357,-0.0026198165078202117,0.011643220005486671,-0.0025932063627326367,0.011427405823605418,-0.002567868487681777,0.011427405823605434,-0.0025437271880522977,0.011427405823605078,-0.0024778020526543955,0.011427405823605425,0.0067330152951256255,-0.0004092839063209133
2023-07-12,0.008516363887853358,-3.6605121246897226e-05,0.00622541966097265,7.416066861839891e-05,0.005447985491390071,0.02415988666154939,0.003659681445225464,0.02482991494575381,0.003798101942941291,0.02692889836097745,0.00393268319475917,0.02692889836097747,0.004063538177997042,0.026928898360978854,0.004428951518420722,0.026928898360977484,0.006057825357858952,0.009379927229900473
2023-07-13,0.0077593891062766075,0.001985951475950803,0.0025623928374323,0.0037383790264094384,0.009238754143748359,0.02439783015364695,0.008154966060355066,0.026667918096188466,0.008288403715993278,0.028109144144957195,0.008415113241285369,0.028109144144957153,0.008535556253349822,0.028109144144957705,0.008858257473107508,0.02810914414495714,0.007434720954306222,0.0061255545454740505
2023-07-14,-0.0008242132553375652,0.003461900011703705,-0.0010133035407738037,0.0008514938692102008,0.0028895604951870925,-0.009002620310127914,0.00422663036037378,-0.00879841006775859,0.004156984224609719,-0.0072852610171396295,0.004089598979362231,-0.007285261017139643,0.004024373449689856,-0.007285261017139811,0.003843650757215453,-0.007285261017139633,0.0011569944204708848,-0.003841816177016128
2023-07-17,0.00548434907773998,-0.0038918755038217095,0.005622839856923755,-0.005190015156103298,0.003238059925533534,0.014153521751018031,-0.0014412994447480045,0.011591359029442631,-0.0013186360474176611,0.007142785791213878,-0.0011969342777191205,0.007142785791213891,-0.0010763947613369024,0.007142785791213477,-0.0007289729403683676,0.007142785791213871,0.001072907780664982,0.001795997989420115
2023-07-18,0.0010287233758414444,-0.0009035445661570011,0.004379679741131975,-0.0013099325884489564,0.004011635739434705,0.013796453315393408,0.0010117609004606936,0.013383934713262517,0.0011074263182516858,0.008371266685268688,0.0011994774747326141,0.008371266685268695,0.0012881214088840635,0.008371266685267994,0.0015315161370194764,0.008371266685268667,0.005925989598600255,0.006063942669197336
2023-07-19,0.0015345521637155548,0.00510680392577022,0.000490327810302992,0.003973281349790436,0.001116665744820056,-0.0009718469667720261,0.004391935985081731,0.00022563818976534516,0.0043249965996988845,0.005936449453404403,0.004260857620891315,0.0059364494534044345,0.004199333154060508,0.005936449453405406,0.0040315471951777445,0.005936449453404463,0.005387476472512676,-0.0004828399053404272
2023-07-20,-0.004620269061171812,0.0214279411597557,0.0022456189938825557,0.02049510875672228,0.002001958017830122,-0.029594156218885392,0.013988006358125327,-0.032573745357602976,0.013751656578321938,-0.03664860388852762,0.013520785824096448,-0.03664860388852761,0.013295305609525012,-0.036648603888528725,0.012660584136676424,-0.03664860388852762,0.0005231209742838381,0.002569683086926705
2023-07-21,-0.001039168397459823,0.007138466760983335,-0.0009084656031089272,0.006945348411657766,-0.0013225255592983088,-0.014844139745241534,0.003799169446748257,-0.014197219744043142,0.003665214869189003,-0.015431902190496656,0.0035348199859985153,-0.01543190219049668,0.003407897051904427,-0.015431902190498078,0.003052802350171969,-0.015431902190496687,0.002212623466424364,-0.0013191629329033817
2023-07-24,0.0076796302877525854,0.0034152512457685156,0.0052577275759473395,0.0033110076415778468,0.004057831682756104,0.0018651273014609912,0.001773225766195226,0.0005200470139473915,0.0017882423324437704,-0.0027216406563477396,0.001803056887377201,-0.002721640656347766,0.0018176436767971872,-0.002721640656348374,0.0018592028148021985,-0.0027216406563477687,0.005968979430867169,4.788401693430096e-05
2023-07-25,0.0012982672269583992,0.0004142838246756622,0.0005485776897661554,0.0002581449863474424,0.0013468119180978114,0.011416455203889184,0.0024674922247436516,0.011221318777937857,0.0025518463740526838,0.011168691647955361,0.0026333662518971263,0.011168691647955361,0.0027121711426574876,0.011168691647955888,0.0029299285631428636,0.011168691647955354,0.0009126975733997923,0.0032356084774570887
2023-07-26,0.00048431860561879965,0.001368659594384122,-0.005200367788322608,0.00019596413222414653,-0.003982199210885169,-0.0030210684429808825,0.0023594630597668833,-0.004234505864191353,0.00232345502935142,-0.001644542499177091,0.002289425527377587,-0.0016445424991771633,0.002257214064293396,-0.0016445424991759824,0.0021714951681857273,-0.001644542499177115,0.0010753922471869127,-0.001038031564027274
2023-07-27,-0.006647410487345461,-0.005671555884140321,-0.008474633303862899,-0.005582778691418252,-0.01032890841836562,0.015163644918680634,-0.006766657736056215,0.015899772678281427,-0.006696226949677239,0.016281295672733686,-0.006627721865190674,0.016281295672733724,-0.0065610943160837425,0.016281295672734813,-0.006374974869559359,0.016281295672733717,-0.002523431880849776,-0.00025721038806260626
2023-07-28,0.01076036393909453,0.007116934977587089,0.008296022512932742,0.008481610888495077,0.010823454364965415,0.028856018266724705,0.010799994685239438,0.030592965367780483,0.010838144734220847,0.03097040082901761,0.010875279384488155,0.030970400829017624,0.01091142797380887,0.030970400829017752,0.011012598768260556,0.030970400829017617,0.009554256781195121,0.01078155352849923
2023-07-31,0.006161499394461329,-0.007330294756408774,0.005220796580926783,-0.006011075095719965,-0.0006205211737434882,0.003653754059205346,-0.008059631730952506,0.004449002069018256,-0.007986720423694933,0.0001304697844919285,-0.007914742167404867,0.0001304697844919096,-0.007843730893277468,0.0001304697844898687,-0.007640168881419825,0.00013046978449188402,0.0028445014787855127,0.0024635030684290672
2023-08-01,-0.0033420945909863604,-0.0009685061486789683,-0.003411273996209163,-0.0024455551496483743,-0.003256829714747783,0.0036266996387737606,-0.002944464426544088,0.0025656798798957933,-0.002965117427840644,-0.0014844881626371793,-0.002984945085414263,-0.001484488162637162,-0.003004013628080011,-0.0014844881626375982,-0.003056338461694253,-0.0014844881626371793,-0.0022165825255289033,-0.006036884860128209
2023-08-02,-0.014262449567717267,0.0008573386807696537,-0.012054348509077833,0.0003326982607567225,-0.009793101988609618,-0.034065723077896716,-0.0032688644236641036,-0.03515930429842473,-0.003481737417974652,-0.03359687244705234,-0.003688926986086468,-0.03359687244705234,-0.0038905931319719858,-0.03359687244705232,-0.004454868614028369,-0.03359687244705231,-0.011990399243180114,-0.014041339986416023
2023-08-03,0.0028612322266831514,0.0016681609427433278,0.002610706283557052,0.0015691390514482413,-0.00027870324140750303,-0.0038338646065678122,-0.0009478270032827523,-0.0025557381119955844,-0.0009219785096912139,0.0010027357259001306,-0.0008977209447621629,0.0010027357259001274,-0.0008749212422015001,0.0010027357259009707,-0.0008150783138636483,0.0010027357259001408,0.0015110514732395376,0.003234487596806323
2023-08-04,0.00039667683030060745,-0.008053287627875104,-0.007348312468706159,-0.007472409216508517,-0.0092974904334356,-0.004259394302147171,-0.013475190902959963,0.00881197086923381,-0.013430991071735952,0.024159262990639235,-0.013393760332471413,0.024159262990639273,-0.013362735958756913,0.02415926299064042,-0.013301343283574676,0.024159262990639262,-0.002660594064057218,-0.0029054719005673774
2023-08-07,0.00695312840250407,0.012587129918337978,0.005186406211477862,0.012339137065797976,0.00724839768783066,0.010474590528127636,0.00989542015600276,0.014098634779261434,0.009890879662460977,0.016814172503972526,0.009882307510228894,0.016814172503972515,0.009870211462529007,0.016814172503973226,0.009818003287013686,0.01681417250397252,0.010855890456802806,0.01199471273568729
2023-08-08,-0.003728909873692098,-0.0021881028200685685,-0.0028099233555962636,-0.003112863806906245,-0.005530802848080185,-0.013328202954973287,-0.002704741958678478,-0.015462527491588267,-0.0027431967010804435,-0.015221784817630266,-0.002778264844580894,-0.01522178481763028,-0.002810258451571226,-0.015221784817630157,-0.0028892621316292406,-0.015221784817630268,-0.005141330414024558,-0.0033614004093340246
2023-08-09,-0.004397921500187113,5.889273743257676e-05,-0.007537315603557108,-0.00048582635858863325,-0.008987026342389407,-0.027234426550244436,-0.005965994219136287,-0.026734016868792995,-0.006160490641123521,-0.02710883669379694,-0.006348615574149392,-0.027108836693796934,-0.006530621816067139,-0.02710883669379705,-0.007034256748297418,-0.02710883669379695,-0.005717113636124719,-0.010126118932119553
2023-08-10,0.001420405419785139,-0.001664205297961936,-0.000598878136715652,-0.0014061364744904345,-0.0021048281185274747,-0.0006990677308658582,-0.003011590943066737,0.0010626260452143497,-0.0030151841780594367,0.0012947166573020188,-0.003018700724597164,0.001294716657302017,-0.0030221377882983275,0.0012947166573020062,-0.003031806299092328,0.001294716657302018,0.0033420431584840456,-0.0018102980831934744
2023-08-11,0.0026117392111860774,0.00806696198626763,0.0029546690530686814,0.00727203606784789,0.001689258502509467,-0.014564682596850497,0.0023912098924119465,-0.019273052143954465,0.0022218023820890966,-0.016628146413376968,0.002058023161662133,-0.01662814641337696,0.0018996593147901843,-0.016628146413376985,0.0014619853586973497,-0.01662814641337697,0.000812618586163385,0.0016558343671076795
2023-08-14,0.005909141865945738,-0.0011490659820807257,0.010051548656822831,-5.722465355399169e-06,0.008768214882304807,0.029141094491298834,0.0062353428571505385,0.03550828363105103,0.006550559060328495,0.033201193171894954,0.00685535392528417,0.03320119317189493,0.00715015097721037,0.03320119317189499,0.007965487434727306,0.033201193171894954,0.006458161664362385,0.014578294570680793
2023-08-15,-0.014220845699191765,-0.007849067277881686,-0.010749868513216184,-0.00818720090837192,-0.007911215062583788,-0.011188896447914246,-0.005651003828723803,-0.006974305101393713,-0.005606570727094437,-0.009740878624630113,-0.005563946907866461,-0.009740878624630113,-0.005523037168710322,-0.00974087862463013,-0.005411487574942725,-0.00974087862463012,-0.011014039974793938,-0.006646687428869001
2023-08-16,-0.00614582811332718,-0.004411808431786685,-0.004873471990022678,-0.004422267921608733,-0.002661473612297583,-0.012794898647898853,-0.0032278390812481624,-0.01503378261886342,-0.003259117567072311,-0.017187620196142415,-0.0032898511342929954,-0.01718762019614241,-0.0033200240506348,-0.017187620196142464,-0.0034056973227817866,-0.017187620196142422,-0.006482769280691425,-0.0053575769258027905
2023-08-17,-0.007030758993481349,-0.004469428326833365,-0.005148279358504637,-0.00618792193000949,-0.008340602305605817,-0.014022353720251124,-0.006235754855620962,-0.012809506665871068,-0.006227869939199044,-0.013327279463065046,-0.006219720613629565,-0.013327279463065056,-0.006211388952178662,-0.013327279463065098,-0.0061862951154735965,-0.013327279463065068,-0.004883729024764353,-0.009221488989250891
2023-08-18,0.002814380630759202,0.004357499386064772,0.003157224642533296,0.0043177493800882335,0.00132460958060271,-0.002253239730356029,0.0022523862119217092,-0.004890423047712018,0.002239731049876773,-0.004641204925746564,0.0022273247976074685,-0.004641204925746552,0.002215192290835178,-0.004641204925746545,0.0021811058939811795,-0.00464120492574655,0.00044097836216443935,0.005529746702548259
2023-08-21,0.004092153602182569,-0.0076003136682263935,0.009085988471975427,-0.005062989969058225,0.005663695615015811,0.03591270401616244,0.0025406314657991343,0.04083861040912992,0.0029355814931621912,0.0381734493670562,0.0033173379885013286,0.0381734493670562,0.0036864704186977716,0.03817344936705629,0.00470703111496718,0.03817344936705622,0.0046432305508927515,0.01526372873552492
2023-08-22,-0.0016814960326033157,-0.00705461792010419,-0.007495686149122419,-0.008376669308491517,-0.009441694244531486,-0.017089115093375327,-0.007788342649039664,-0.01156730721196429,-0.007877019763576236,-0.011825425355220305,-0.007961033899212206,-0.0118254253552203,-0.008040688592005308,-0.011825425355220362,-0.00825291060955452,-0.011825425355220319,-0.00584887623186026,-0.014511267550139744
2023-08-23,0.009977767426371128,0.0061021173333842445,0.016341303242338526,0.007450742930190677,0.014592449275539817,0.02062925194348599,0.013593492974298956,0.023869885064180873,0.013710193284700845,0.021438313515193343,0.013823229181272455,0.02143831351519333,0.01393278432150062,0.021438313515193343,0.014237211974921147,0.02143831351519333,0.009223172084211924,0.02056496294547226
2023-08-24,-0.01426584745531048,-0.005796530536035891,-0.012836575372248284,-0.006094291864235835,-0.009019579415417917,-0.011066845137533279,-0.007183107803127347,-0.020386250637096717,-0.007175452529254018,-0.018928299422309298,-0.007169564522542377,-0.01892829942230928,-0.007165306493131772,-0.01892829942230922,-0.007160974749560288,-0.01892829942230928,-0.012059375556775529,-0.010328641417485932
2023-08-25,0.008596426302048092,0.008683076832196029,0.005173298683106247,0.007958503862395659,0.005900062547069896,-0.006493097232758262,0.005845084358211104,-0.00011980886648851104,0.00571197992184847,-0.0028951411260115644,0.005583778720729765,-0.002895141126011583,0.005460250117600138,-0.002895141126011701,0.005120965989366106,-0.002895141126011591,0.0061376401649374706,0.0008732738188837403
2023-08-28,0.00536015403129304,0.00014146691260722165,0.004186414972272243,0.0010131724802057629,0.0015562293072481608,0.012294059690169262,0.0016902871379230553,0.013014818994210154,0.0017619222759552168,0.01098351582789664,0.0018315048047451027,0.01098351582789663,0.001899100010352566,0.01098351582789665,0.0020875548787920284,0.010983515827896638,0.005590438070038561,0.0035245292447670337
2023-08-29,0.012507039764492271,0.004822793274140405,0.015047618043654397,0.005977085081448554,0.011865971048021505,0.024922905517522555,0.009209763595629082,0.027832115977097657,0.009379397270398803,0.026471493765973977,0.009544051367853476,0.02647149376597396,0.009703904650408771,0.026471493765974005,0.010149149519861523,0.026471493765973974,0.010659737053722553,0.01558716675875007
2023-08-30,0.006026134889336296,0.0021448129823286657,0.006467189972331523,0.0027903508633689185,0.0037153625355957915,-0.0002815414680124122,0.004019221361461558,0.0028192496177803935,0.004063576352112335,0.0012842549459941598,0.0041075842316566,0.0012842549459941477,0.004151204365133806,0.001284254945994117,0.004277280755292505,0.0012842549459941442,0.0029466504521013133,0.0037093746236936762
2023-08-31,0.0017833543682635716,-0.0037553253861227305,-0.0014072133955253942,-0.003014446444514478,-0.005059380262125775,0.0002152984761973173,-0.004183750288130232,0.011224257080837522,-0.004151934646495712,0.010450632136533158,-0.004120954598018397,0.010450632136533123,-0.004090766031750924,0.010450632136533088,-0.004005995139658277,0.010450632136533144,-0.0008355645014579818,-0.000841377265607264
2023-09-01,0.004314857554768389,-0.0006608689539675394,0.00286454997057524,-0.0006094955164349411,-0.0029938063720216794,-0.00294912415489529,-0.004566271741392422,-0.002490169886781618,-0.004599021335283492,-0.0037145321784065742,-0.004628966570859566,-0.0037145321784065786,-0.004656308587059361,-0.003714532178406624,-0.004723603727169339,-0.0037145321784065825,0.001387427251529383,-0.00027498075277515794
2023-09-05,-0.002949035110861061,-0.006934582400322286,-0.003950094513275462,-0.007760059151220977,-0.004310339259194931,0.001043568719617472,-0.0071488487600686,0.00433138113901296,-0.007113931896042913,0.0025075574161476074,-0.0070795122029953805,0.002507557416147616,-0.0070456329145646215,0.0025075574161476065,-0.006949083542541696,0.002507557416147606,-0.003771420502142937,-0.008136571366653732
2023-09-06,-0.004348736280044851,-0.0022079171247625434,-0.007421513501818543,-0.0016550525646880957,-0.009381258681566524,-0.011160695584028532,-0.009141796582040122,-0.013097181609348767,-0.009272393740739926,-0.014839093701187047,-0.009401758064018512,-0.014839093701187042,-0.009529726692148731,-0.014839093701187096,-0.009897953261519486,-0.014839093701187052,-0.0051837824272004205,-0.005146663030526364
2023-09-07,-0.0014942417910381483,0.008540293154362836,-0.002991555590114134,0.009144136695988916,-4.273465487661705e-05,-0.008558313774261571,0.0016036112914486903,-0.0046792664976252375,0.001493576544721888,-0.00047344070955260303,0.0013836200384944768,-0.00047344070955260856,0.0012739853817737064,-0.0004734407095525982,0.0009542768813175312,-0.00047344070955260124,0.0015267950498035086,0.003974212357183293
2023-09-08,0.004083589065452882,0.001039245855435091,0.0033290167234583706,0.00121609422400695,0.0007289319374435056,-0.004452341352555765,-0.0005114254389713259,-0.004945561723348173,-0.0005526144328677225,-0.005313437900341843,-0.0005346089918509116,-0.004350851161507471,-0.0005677762784413222,-0.004350851161507458,-0.0006627527734697395,-0.004350851161507465,0.002406852487427146,9.000046966572007e-05
2023-09-11,0.004555651825544812,0.005061732315118089,0.002320753052162587,0.004360108760729245,0.004915874774592196,0.01045916158229856,0.004747663448606968,0.012884343303782304,0.004677037398160439,0.012884343303782068,0.005424117167072676,0.018452959040650738,0.005360361447414926,0.018452959040650748,0.005185151578171032,0.018452959040650748,0.005638593546029563,-0.0011664679643053253
2023-09-12,-0.002224837423817824,-0.0017291613549046765,-0.0036076292293668673,-0.00074996154213108,-0.006908072092368675,-0.021471828961723803,-0.006153575804609797,-0.020952815407855995,-0.006135886948757066,-0.020952815407856075,-0.00352406830107974,-0.015669140328833087,-0.003517921905230821,-0.015669140328833087,-0.0034973098280576403,-0.01566914032883309,-0.002646395302367716,2.210310819764148e-05
2023-09-13,0.004043207546321154,0.0010153773671551648,0.0009667358960876288,0.0016089563973357257,0.002442890744831017,0.015066076797533167,0.0014537184685408067,0.01633619154963268,0.0014852286856542963,0.016336191549632586,0.0030338286845380197,0.017276035371540086,0.003052846360547541,0.01727603537154009,0.003100959554770938,0.017276035371540092,0.0034949349725073957,0.0009692046537096754
2023-09-14,0.004181054820613806,0.005363388713641553,0.004136314935655949,0.006898661801255662,0.0036533112420867233,0.007209602549659034,0.003847587089676135,0.006334274813112324,0.0038333651044352096,0.006334274813112405,0.002637545968073265,0.006660597765673364,0.0026316789657198844,0.0066605977656733605,0.0026171357013722923,0.006660597765673359,0.00675468296003455,0.007753612066263871
2023-09-15,-0.012935055326503166,-0.008089044864985817,-0.009135844093771722,-0.008863465792889838,-0.010641099833088731,-0.03719166612301323,-0.009234652003128951,-0.03767995554994423,-0.009339449094257286,-0.03767995554994431,-0.010583065911213482,-0.03523522538284964,-0.010667456194384476,-0.035235225382849636,-0.010898204543621668,-0.03523522538284964,-0.011988264842384688,-0.016312248272731887
2023-09-18,0.006249408534073291,0.002312024276904847,0.003930015231926539,0.0018264003320242776,0.002994364083351491,0.004339675524043489,0.0041118905950883545,0.004398910488960849,0.0041029949976398895,0.004398910488960922,0.003039015070984828,0.002479958977261051,0.0030356409115694515,0.0024799589772610494,0.0030273907179122596,0.0024799589772610507,0.0031374790001435613,0.0002678972864141821
2023-09-19,-0.003150905667637433,-0.002639576669439101,-0.00176506682786947,-0.0027098086776133415,-0.002853524797514008,0.004554357050152706,-0.0029766400272093294,0.0030001361901554682,-0.0030075080919781554,0.0030001361901556755,-0.0038320932837106647,-0.0038396940878134573,-0.003855220012131458,-0.003839694087813463,-0.003918149192545401,-0.003839694087813461,-0.00384223793675889,-0.0037626969802568395
2023-09-20,-0.01619655758342286,0.0010387255317785555,-0.011787310408311772,-0.0010870989713347573,-0.00817766529036133,-0.019811498287765742,-0.005083903911631233,-0.01911400649983481,-0.005182505299630955,-0.019114006499834826,-0.0025919963289283746,-0.020332394726451482,-0.0026852432565040874,-0.02033239472645148,-0.0029380134330563887,-0.020332394726451486,-0.006349137963355145,-0.00859652343366919
2023-09-21,-0.017671664386683918,-0.01107191051200142,-0.013204623480991915,-0.012083465152555227,-0.013056584846024745,-0.025272625605480027,-0.01446910323965209,-0.029291414995238213,-0.014520556375239744,-0.029291414995238043,-0.014323217866552575,-0.0299270998681113,-0.014366610995331468,-0.02992709986811131,-0.014481987075547873,-0.029927099868111318,-0.014661699097344534,-0.01451727750527821
2023-09-22,-0.0018339165099276872,-0.0005811845239837986,-0.0014848666754062965,-0.0008909367623671338,-0.0003863664106214147,0.006374860267840624,0.0007277492403170466,0.007001132466239529,0.0007765117851142885,0.007001132466239617,-0.0005769120734627216,0.007057775848093341,-0.0005304850445026394,0.007057775848093336,-0.0004053962014706343,0.007057775848093337,-0.0009647762325831002,0.004236909790710319
2023-09-25,0.00564586509693131,-0.0005339280148591613,0.0025613876058385703,0.0009400838299909516,-0.00010137804588822069,0.005574570555423117,-0.0015521011101261462,0.0070725140522853985,-0.001486837372952735,0.007072514052285296,-0.002323583387003635,0.010909692342209542,-0.002265359133553853,0.010909692342209544,-0.002107104069007013,0.010909692342209546,0.002722921263689746,0.00509652189847027
2023-09-26,-0.0161704358903061,-0.006953291139728075,-0.012182053672558429,-0.006564381837508622,-0.010947694731544695,-0.008883128399721494,-0.009933798010384976,-0.011212394949043952,-0.009920389405344402,-0.01121239494904364,-0.008237779493928234,-0.017200181984419756,-0.00823227654558208,-0.017200181984419766,-0.008216121167894783,-0.017200181984419766,-0.011756398933356775,-0.004697855707639902
2023-09-27,0.0067103479797491344,-0.005619277752111746,-0.00046576826022534743,-0.004682862572677869,-0.00639816679297895,0.0007786534920753643,-0.007563996450457649,0.0005704011021457985,-0.007482023803655168,0.0005704011021458052,-0.007790144793572937,0.0020319779453853,-0.007720302044352048,0.0020319779453853003,-0.007531724125420355,0.0020319779453853003,0.0006367109785152494,-0.0006308766962868197
2023-09-28,0.005792044020288618,0.0018682770435097817,0.007230521679030216,0.0016460316766357048,0.0031731448844154408,0.012161454640247388,0.0025740796485975983,0.011889680562010639,0.002631790082241012,0.011889680562010767,0.0023138558644455335,0.011065960984183032,0.0023640798485785337,0.011065960984183025,0.0025009193630617585,0.011065960984183028,0.005028667901764874,0.007286462005065181
2023-09-29,-0.004023794122896412,-0.008756975765811059,-0.0068525073005823375,-0.009926774025354405,-0.003372497142634858,0.0029350654949769407,-0.003355577656178802,0.0031672264124835434,-0.0033199613779489297,0.0031672264124834827,-0.00441522669546196,0.0029044027436422046,-0.004381120280148131,0.002904402743642209,-0.004289763907864157,0.002904402743642209,-0.00491121433752896,-0.00813879513566434
2023-10-02,0.009078253821836312,-0.0005622927087494127,0.008328662644185513,-0.0008194288644677238,0.006000813469817868,0.023977140087390707,0.002869832938468409,0.023901864994963752,0.0029776858763733826,0.02390186499496381,0.0010425105746989043,0.023178642273288717,0.0011406682361117216,0.023178642273288714,0.0014063774261942983,0.02317864227328872,0.004417756967069106,0.007428829027400033
2023-10-03,-0.01438917333780296,-0.004936809330855478,-0.01219655879449422,-0.004850050200686062,-0.010536385967454941,-0.024954101101638863,-0.009226515983262077,-0.026002053939406584,-0.009304712115316192,-0.026002053939406473,-0.008260878314503435,-0.02791346720684842,-0.008331606322225557,-0.02791346720684842,-0.008523675367251326,-0.027913467206848425,-0.013160180741175309,-0.01294684451779461
2023-10-04,0.006066680453118128,0.0033524160942751116,0.010729289475647922,0.003098564980784615,0.008922311425549619,0.016754434665701888,0.007228168580828488,0.016805198007948188,0.007248380277548181,0.01680519800794817,0.006515662780835353,0.01596856132981391,0.0065349410673580495,0.01596856132981391,0.006585618802956467,0.01596856132981392,0.004738263619480274,0.006953944962062506
2023-10-05,0.0007011829859180727,-0.007256458251446489,0.00400458150643116,-0.006901447583168512,-0.00607282114187794,0.002611302385051348,-0.012357854286039045,0.0016670085424662984,-0.012193231938316536,0.0016670085424664062,-0.011194837901176218,0.0007930637343710774,-0.011057217802300786,0.0007930637343710725,-0.01067262288054192,0.0007930637343710732,-0.0030773742533124707,0.0032764145634059066
2023-10-06,0.01197793256789018,0.0004672557085123159,0.0089045260595074,-0.0013601290563521377,0.005849387683772761,0.026104950774857787,0.005398350736160995,0.025219047856495952,0.005466827662979141,0.025219047856496056,0.0043083372536389395,0.024429052265860368,0.004371864938310514,0.02442905226586036,0.004546395177547331,0.024429052265860365,0.00811813015201762,0.0038049027182618608
2023-10-09,6.651178312690078e-05,0.0016198976890424556,-0.00011008495721807746,0.0017040305619154188,-0.001328597442105383,0.0014417684584897353,-0.001683723809554861,0.0016202792386460789,-0.001896452886676499,0.0012602810135321709,-0.003075912034598726,0.0008926316089595706,-0.0030303690608445154,0.0007351725534090023,-0.003085721150328949,0.0007351725534090154,0.0056544508783693305,-0.0007819077603831874
2023-10-10,0.004723053707410389,0.004723646802489619,0.004751444029544728,0.004315766699313881,0.006319305365589935,0.008442224359544778,0.0063903268073882595,0.008268715245686833,0.0056632910156306695,0.009653489684655245,0.009614050365203136,0.009653489684655249,0.011967345036686464,0.010259804287030317,0.011976706188339917,0.010259804287030294,0.005862756325609286,0.004604128028345275
2023-10-11,0.009031513150796141,-0.005271956131158637,0.009266025681480274,-0.004163196838748887,0.0018981228571465084,0.023661195880576844,0.0020876058492251804,0.023084806453908202,0.0011342908651488094,0.0236725818894771,-0.0023357866549975066,0.023672581889477115,-0.0031022028134186632,0.020848822675321153,-0.0028954210483483948,0.020848822675321274,0.0007366121020681286,0.008946432942612301
2023-10-12,0.0014614370346980935,0.0012690258336795243,0.00150618003073516,0.0022057453496587315,0.0025483813480288884,0.0017200192849912655,0.0025478443900217185,0.002465154987015208,0.0021137890591453926,0.003223453162212128,0.00021213740017403637,0.0032234531622121285,-0.003624438034445938,0.0004468701880652585,-0.003615382177081533,0.0004468701880653875,-0.002010435772242056,0.0005997428778678715
2023-10-13,-0.0061726612219072845,0.0062186618580208405,-0.006527907644309819,0.005223176463961451,-0.0033664340236937863,-0.02523322178522655,-0.00364925236541182,-0.025110437033984415,-0.00214782421012082,-0.02599414389509058,-0.00108428795025113,-0.02599414389509059,0.0004590969157559524,-0.025948336624624785,0.00016972396323725828,-0.025948336624624795,-0.0005156153059557903,-0.008910841393246412
2023-10-16,0.007236501662795309,0.0062102299355553565,0.007300653178228843,0.005938875030700027,0.008830236238729182,0.012691435267043015,0.008893484093669544,0.012922890858354737,0.009043466907841899,0.01355121475140325,0.008947187316528347,0.013551214751403234,0.008890436404504966,0.01708263432605831,0.00893024852502595,0.017082634326058208,0.008215515472871209,0.008284595692292132
2023-10-17,-0.0018627968887558477,0.0010014720757042517,-0.0023510564047184513,0.0006182336434717051,-0.005021170862139336,-0.005837155697456139,-0.00540858130141951,-0.006457284479502847,-0.0045612596453926315,-0.007097686503228881,-0.004093362724275245,-0.007097686503228877,-0.004304886121730154,-0.012122707934474642,-0.00466347997932801,-0.012122707934474482,0.0012492426009919374,-0.010489450926654674
2023-10-18,-0.013656595453181772,0.0005118704542222608,-0.01388778367428446,-0.0001267243479039265,-0.0064072289710689085,-0.02085210516908443,-0.006831898951897637,-0.020179709029584793,-0.008732751234938904,-0.022132950159553105,-0.008378856221384538,-0.02213295015955309,-0.006843300493586979,-0.026421210580082448,-0.0072257034611549,-0.026421210580082323,-0.007980648122834288,-0.020082306218255387
2023-10-19,-0.005728743729324554,-0.0070332190186616,-0.005635588512463672,-0.008314748668252249,-0.006411299931983092,-0.005910240857907222,-0.0064104674082255085,-0.005391452066312299,-0.007953785933341994,-0.0055472922902117805,-0.005836029141442665,-0.005547292290211797,-0.005945245700278375,-0.004362241965637806,-0.005935748502947931,-0.0043622419656378225,-0.0071886283045884715,-0.00903725507928409
2023-10-20,-0.013282531458384443,-0.0027738451339246106,-0.013380204799296691,-0.003243462714934775,-0.009142292972541743,-0.018616780772746894,-0.009204304069486817,-0.0184594486743663,-0.00479316985185284,-0.019571554991905972,-0.004789419363376971,-0.01957155499190596,-0.004387059278928802,-0.01928367847195033,-0.004475144794444604,-0.019283678471950387,-0.009457828454666167,-0.0029590234856151426
2023-10-23,0.000965854230270181,-0.0018945715198875313,0.0014161630625060366,-0.0007018618950850323,0.003828384223692832,0.017079305504334886,0.004124939678833577,0.01722679410023196,0.004970917939546088,0.017526066449490937,0.0008884348801966998,0.01752606644949095,0.002656477635787197,0.0199504052252534,0.0029051761834014062,0.019950405225253317,-0.002168945289297381,0.016078079650704596
2023-10-24,0.007283042682939204,0.00782852847494573,0.0073351223179119,0.007156226671804009,0.010844168161707602,0.004628373222667088,0.010904579869112788,0.0033035195463248738,0.010133197515933938,0.004516372821017618,0.01340301404967306,0.004516372821017592,0.013140191332025479,0.007991496090231632,0.013166444323641321,0.007991496090231545,0.004652085542415914,0.0060240827687121695
2023-10-25,-0.014173772392996031,-0.00012218127790501537,-0.014509676789187104,-0.0021539013821282645,-0.0024982104312939344,-0.04519295461770643,-0.0028667601896522777,-0.032615775176042305,-0.0008415969414803142,-0.041260732757359635,-0.003446698966209003,-0.0412607327573596,-0.002131043143618833,-0.045587275650252904,-0.0024632309460359686,-0.04558727565025282,-0.011010728440217573,-0.0162879952442651
2023-10-26,-0.02686584878080365,-0.007234919851481562,-0.026928439813084196,-0.0066615643054132945,-0.02455373384057275,-0.0282309978927336,-0.024753567771837244,-0.029331346664209668,-0.019600627925070134,-0.027079225514310322,-0.02031733244648585,-0.02707922551431034,-0.018707884011068057,-0.02744514040522534,-0.018922627226847562,-0.0274451404052253,-0.01320464872822051,-0.00959640394815802
2023-10-27,-0.005842704956916486,-0.015761259836460713,-0.005680935929024103,-0.017107199628646347,-0.0021295139547468085,0.006329627724289375,-0.0020639866833251272,0.007005132952154736,-0.006022576003206565,0.013252393753915487,-0.007403304842743288,0.013252393753915365,-0.00907451432153555,0.029313621247749905,-0.00895131384938707,0.02931362124774953,-0.008915279240332316,-0.007394984352286649
2023-10-30,0.0194880226910701,0.011220842477696377,0.019486951409198806,0.011151066648556439,0.014397620892784006,0.023877691072551485,0.014436547814837303,0.02427728259777244,0.012764124218402801,0.025893974660587116,0.01355673176561611,0.02589397466058709,0.01549131657169596,0.026267717756123046,0.015518194656505892,0.02626771775612309,0.0164063458403876,0.010439421288992255
2023-10-31,0.0053790984822214795,0.004255945427527336,0.00520072990324027,0.0034370435750813366,0.00464285155970266,-0.0015451172316111584,0.004531669540756239,-0.0010026264171036363,0.004124724831175987,-0.0009534711037256049,0.005539387926853255,-0.0009534711037256127,0.004955288100380096,-0.002324102893102356,0.004854000490561073,-0.0023241028931022963,0.0047239581715160205,-0.0019024088224159712
2023-11-01,0.015562336313820195,0.002879913693693514,0.015868895262342825,0.004111921174335209,0.011836525552397887,0.03082562402257544,0.012096262419683285,0.0312698196426418,0.010226262797065941,0.03185343880189842,0.007664258842667941,0.03185343880189842,0.008799776572359908,0.033053002380070355,0.009073514579861292,0.033053002380070334,0.008932489843922035,0.017128405359588057
2023-11-02,0.016828456888144695,0.010215122722953447,0.01695726138772776,0.010299819237266961,0.013757168124623458,0.016079784225271863,0.013906218084034626,0.01590749272968805,0.011550509957954102,0.01603835058142205,0.013385024409088874,0.016038350581422063,0.013575035370412885,0.012380929597282556,0.013725534768760022,0.01238092959728267,0.015469856351893383,0.00908814671625429
2023-11-03,0.008770604801643872,-0.00267869122832878,0.009050175533363446,-0.0019924906096450918,0.003906651614228498,0.01785683622008287,0.004251843725861127,0.01788016648248014,0.005585327902334687,0.016977855346482655,0.0038010011015659445,0.016977855346482686,0.00331451708635086,0.015973658670868526,0.0036204994165352352,0.015973658670868536,0.004719764370839742,0.011377523957888347
2023-11-06,0.006829938130815527,0.0033738719711785136,0.0069726177484568325,0.00336829496508297,0.0061274744499712494,0.007960584149785465,0.006199088984598275,0.00812706267679697,0.005704443213008134,0.007892311943997844,0.004222285449022558,0.00789231194399784,0.0035573460732525957,0.008902184089628803,0.003652880940282458,0.008902184089628775,0.003165775765529175,0.008354960237504342
2023-11-07,0.012426683757140896,0.001159254203494444,0.012417216818335394,0.0011826276536434947,0.004873407401891402,0.015587344329472562,0.0048859673331218,0.016574454147338984,0.004663209962810268,0.016774158424933305,0.003463725498244669,0.013651052743523498,0.002591556312344318,0.014035177078701774,0.00259541296002459,0.014035177078701947,0.003814396613862822,0.0032163159279260615
2023-11-08,0.003323930557946142,-0.002580952791829816,0.003429460724222732,-0.002494207329613747,0.0008179307519189437,0.00574118080691941,0.0009655451619532372,0.004559157535183954,0.0010351759395309558,0.004559157535183954,0.00024391248363868638,0.003638652359179781,-0.00029253927440610507,0.0036386523591798187,-0.000247238474126155,0.0036386523591797697,-0.0007770387065770556,0.0014594479968529164
2023-11-09,-0.006382338108113064,-0.005596959089634008,-0.006204734424867167,-0.005835346069139876,-0.0038277090615309517,-0.0014267535028067114,-0.003679836219396885,-0.0017773498074805313,-0.0036079542612945615,-0.0017773498074805396,-0.004156311794053243,-0.0012740111088596251,-0.004174624533541258,-0.0012740111088595835,-0.0041654919895097895,-0.0012740111088596594,-0.00515836196806534,-0.001203680058382175
2023-11-10,0.02286999075618298,0.007927189516277904,0.02299929563684921,0.008725614846555414,0.01769077411126769,0.029147826276914594,0.01787649442948792,0.028763405725703337,0.017965298043628196,0.02876340572570333,0.015221742423414689,0.026230408505648888,0.012999038092561819,0.026230408505648856,0.011779643758278883,0.02623040850564891,0.011694665404005008,0.015370601736831874
2023-11-13,-0.0048990500980951295,0.0043470211508450955,-0.004796200422950261,0.00458529364118839,-0.00010346590150486703,-0.0021126661814889315,-3.578904440649372e-05,-0.0019794970551754317,-2.0229365135410486e-06,-0.0019794970551754347,0.0014825743724288108,-0.0010268602486228826,0.002963862994238757,-0.00102686024862284,0.004033161870782806,-0.0010268602486229132,0.0006884030233473616,0.006117964143057479
2023-11-14,0.015521644077741672,0.002588624434059767,0.015650237006850694,0.0031987264944249335,0.010214023328393846,0.020969533885365117,0.01044797185226659,0.022241683917716394,0.010560140558370665,0.02224168391771639,0.009273062682225759,0.02200447493648478,0.008457079789936654,0.022004474936484754,0.006664245249441365,0.022004474936484785,0.013219858153243549,0.009351610921351321
2023-11-15,-0.0034637568709031934,5.3679491468764745e-05,-0.0036750091352937874,-0.00024475012512648834,3.188328964205027e-05,-0.012288202100281049,-0.0002214925332142856,-0.014112068744758847,-0.0003442571923328631,-0.01411206874475884,-0.0005719952463640258,-0.014693476134014926,-0.0013859048051291134,-0.01469347613401487,-0.0009462825258135764,-0.014693476134014925,0.0012279217552802456,-0.00491867055100366
2023-11-16,0.008617911935247411,-0.01755029593286768,0.008664631387066047,-0.0208689909898523,-0.018247437230682822,0.010127183070192464,-0.01779968630102822,0.008110481438544957,-0.0175809425832318,0.008110481438544946,-0.017963903418275615,0.005326002402574344,-0.018832186015414677,0.005326002402574326,-0.005720232207708328,0.005326002402574359,-0.004908210348092785,-0.012699699480414007
2023-11-17,-0.0011762299683286555,-0.004199974998096763,-0.0012030535057141404,-0.0035103083439994793,-0.00469447920022149,-0.0017216463269447537,-0.004601653813980642,0.0016037510626743011,-0.004556175529182944,0.0016037510626742948,-0.004120320891946778,0.004695055846007653,-0.0029183020183054654,0.004695055846007598,-0.0024076993521388954,0.0046950558460076425,0.0010816394783023761,-0.002855186035953358
2023-11-20,0.01118010644521153,0.0024644613771895403,0.011361146756464277,0.0022417862980752016,0.007809232540417223,0.018225363683237905,0.008028017025886543,0.016827561833671192,0.008132002913457288,0.016827561833671185,0.007384828548967775,0.01480439054933453,0.005013495077307618,0.014804390549334537,0.0051142967015219256,0.014804390549334533,0.005950739063345111,0.00897123870331253
2023-11-21,-0.003583029117200615,0.00015857846584079848,-0.0037431473892004536,-0.0005725484026716974,-0.0037221426103294366,-0.007400887336282547,-0.003803824489252402,-0.007769150000178439,-0.00384269732562982,-0.007769150000178435,-0.0018537044894409431,-0.010263049608680349,0.0003070975610238744,-0.010263049608680328,0.002235095873513492,-0.010263049608680321,-0.0011621897256098948,-0.004756247236874773
2023-11-22,0.008084991510260639,0.002824713773971352,0.00786281420893074,0.0018788254283158261,0.002821851324747073,0.0022064815890147317,0.0026221923184063982,0.0028779922062929036,0.0025300891283945187,0.0028779922062929057,0.0028802022296220866,0.0039258492126329906,0.0024256646457309653,0.003925849212632918,0.001350798370016994,0.00392584921263302,0.004290605062120067,-0.0015007911621241913
2023-11-24,-0.004709139492398104,0.003640656369230862,-0.00488895416425673,0.002987127401968798,-0.0009529053149243228,-0.008904098631464031,-0.0012102942367282592,-0.008772494827933016,-0.0013334727508780432,-0.008772494827933016,-0.0003418222547928757,-0.008638015919094053,-0.00026687262241145205,-0.008638015919094105,9.521123867083331e-05,-0.008638015919094027,0.0012724604374265524,-0.0035215654343124236
2023-11-27,0.00042450961020215985,-0.0021350256896108186,0.0004577868616728861,-0.0015406009920115671,-0.0005511169605552828,3.0310846043202374e-05,-0.0005352330200960706,0.0003923427801032304,-0.0005296580498586738,0.00039234278010323066,-0.0006580313008121962,0.0017933064838639484,-0.0017521927491547615,0.0017933064838639285,-0.0016680756019409168,0.0017933064838639421,-0.0020971833474088177,-0.0012309453958155086
2023-11-28,0.002618763236070624,0.002900248070765234,0.0026221124402749543,0.00248122744152132,0.004092087282828041,0.0042695057197411936,0.003996927536453688,0.0027153844112628184,0.0039537523579975245,0.002715384411262819,0.003729559429397168,0.0004597260192705094,0.002869658757176088,0.00045972601927051377,0.0032625928118971545,0.00045972601927052635,0.0003004845084407039,0.0040361103861404
2023-11-29,-0.006243353193454149,-0.006261314116472851,-0.006275362689514041,-0.005838524160201378,-0.005537584674946355,-0.007867914693967092,-0.005489271773911276,-0.007344800287723244,-0.0054695747726433205,-0.007344800287723242,-0.005525602325219883,-0.006407865842929065,-0.0055980563858726625,-0.006407865842929069,-0.005649722386836863,-0.006407865842929073,-0.0035193985297202707,-0.008064013288821201
2023-11-30,-0.004633138292966091,0.010245776504027866,-0.004979235832749453,0.008880999826571638,0.0005017553229310482,-0.01618240299031396,6.483814884914189e-05,-0.016355445970763608,-0.00014516465630671084,-0.016355445970763605,0.0008127011483994314,-0.014603073951687683,0.0023434666089169167,-0.01460307395168773,0.0030762815952125283,-0.014603073951687667,0.005292867173999901,-0.005711112936723554
2023-12-01,-0.001078055877780787,-0.0011588005502700602,-0.0011042213191489248,-0.001855650136936052,-0.0032922421432147477,-0.002613107888940599,-0.0032879807385931964,-0.0008084130655849865,-0.0032879526836179463,-0.0008084130655849865,-0.003500337416759287,5.838027066712242e-07,-0.0018903722740173817,5.838027066390532e-07,0.000791242373148721,5.838027066790846e-07,0.0029828052504003114,-0.003370348006511435
2023-12-04,-0.013835613664086994,-0.001863534329494903,-0.013987740392596305,-0.001923921816438228,-0.009623329972040432,-0.017792581758492635,-0.009857545710859126,-0.017848218952651918,-0.00996933278983586,-0.017848218952651918,-0.008988596019775814,-0.01824423116885462,-0.007095442873657607,-0.01824423116885464,-0.005969139105800307,-0.0182442311688546,-0.004436404696610681,-0.007191456713302546
2023-12-05,0.008757057575852215,-0.005559075139068473,0.008836279318148715,-0.0051197289132739535,0.0010731841227337722,0.00512092866123022,0.0012521809001241175,0.005613733250431719,0.0013320984373128139,0.005613733250431723,-0.0007068180396887194,0.009204772129633386,-0.002423609217904896,0.009204772129633412,-0.0020882043807327172,0.009204772129633346,0.00039002712697227475,0.0014721473706116827
2023-12-06,-0.008393474913964007,-0.004562233193552614,-0.008536649686385787,-0.00419088136872738,-0.006776310304665088,-0.011886721091196796,-0.006904564169019874,-0.012494863115124905,-0.006964040273106398,-0.012494863115124901,-0.0063804133496940954,-0.013543063499702052,-0.005590128113971675,-0.013543063499702038,-0.006607590396695715,-0.013543063499702041,-0.004301726799672135,-0.008221294158097003
2023-12-07,0.018218239367722596,-0.0001516597589276369,0.01838195715152823,0.0009056892763185345,0.007339797797408549,0.023840710249550198,0.007667669405908896,0.024040976699661005,0.007826556576344136,0.022790951038866074,0.007615202613044264,0.025838776854376817,0.007443071535011155,0.02583877685436304,0.006803907884372087,0.02925705024311608,0.007091568733297407,0.01443960153623532
2023-12-08,0.004585553178765065,-0.0012993408839181034,0.00482500952236162,-3.6479029354261596e-05,0.0027474978793087085,0.01249117236541624,0.0030279931189129295,0.012491172365416338,0.003163146320352887,0.013007758937004791,0.0020180025687083964,0.011203558589917218,0.0021555800326502144,0.011203558589923899,0.0003633654919842404,0.003395329414820881,0.002880382848915955,0.011642391738790744
2023-12-11,-0.005981197941799827,0.0012821125174345932,-0.006199053849764649,0.0016756469918450022,-0.0022255031811058003,-0.005853117670219874,-0.002494207628154806,-0.005853117670219825,-0.002625217273944745,-0.005598213346014217,-0.0008253152427182349,-0.01665855268447065,-0.0010541067846256535,-0.016658552684469533,0.0015969380842749859,-0.01440934321875908,0.0017211857089404646,-0.008644551609461305
2023-12-12,0.010950019051020653,0.004294393933196335,0.01113431639537152,0.005856775316633403,0.00987915575039042,0.020021606296379307,0.01014773652094587,0.020021606296379404,0.010278427455590697,0.019761257227457474,0.010879960549795835,0.017564157999846248,0.01027493090022107,0.017564157999849898,0.01005775061719677,0.010611242405628659,0.004611394073046981,0.01644614458586666
2023-12-13,0.005151463520583617,0.011330674777535616,0.0051063259804633625,0.011544470240893358,0.01245931564322924,-0.0003483065842694786,0.012352526739407583,-0.0003483065842695811,0.01229987294907095,-0.0012731384539543735,0.013216951365928358,0.005984061327189238,0.01299651167514974,0.005984061327192115,0.013411086527796032,0.003343726034961754,0.011922331247439386,0.005174755398258237
2023-12-14,-0.014278403646342707,-0.01245155805688011,-0.014124756769299248,-0.011115414324217754,-0.01238254195764129,-0.019766789821705728,-0.012149967838167217,-0.019766789821705832,-0.012039638247279064,-0.02106719962814547,-0.011049073555087593,-0.0031099588279550625,-0.01103970896337076,-0.003109958827956057,-0.013432145620929287,-0.007949317111474107,-0.0027133137951326617,-0.009670575077781853
2023-12-15,0.004716669999886004,-0.002902802256436161,0.004839193974129299,-0.0011227478187211216,0.007967717218539096,0.006676675585880405,0.008035401486516072,0.006676675585880279,0.008065005926925745,0.006258667313442865,0.006546310320056518,0.010615889568152652,0.005520701594578174,0.010615889568153281,0.0048916835213856005,0.009577473579900684,0.00169337963845098,0.008268267237510863
2023-12-18,0.012464542966924326,0.007510589542171809,0.012747976899129945,0.008483045273817092,0.013540141699496293,0.0261204997192062,0.013832742865769555,0.026120499719206172,0.01397590738737637,0.02390448319798202,0.01509829306134892,0.026587258244668906,0.014310882440055607,0.026587258244666852,0.016744221871521105,0.02464804089755371,0.008986139107339955,0.01778943428374412
2023-12-19,0.004707445179038514,0.001901897871115548,0.0046323520790664,0.0024135068072850623,0.0023853999728342505,0.004740439527531963,0.002353445028353745,0.004740439527532036,0.0023409803921815363,0.0050858877939033,0.0024218697771522853,0.0022438312178429017,0.0016587421197748605,0.002243831217846615,0.0003363306749191948,0.0064929643633278526,0.003571856441671896,0.003585472438591669
2023-12-20,-0.008696886876633995,-0.014671358109300483,-0.008851284945049272,-0.01456338442132989,-0.014056731915124038,-0.015297240150118876,-0.014170988948911906,-0.015297240150118924,-0.014223329034156275,-0.014918632516693791,-0.015051691305872649,-0.011975211500423438,-0.015956754192007934,-0.011975211500428566,-0.016288669394529758,-0.001179556555126491,-0.013295336880561302,-0.015219511617638995
2023-12-21,0.009136366101062136,0.006945688573556775,0.009237784472146154,0.007254081657786201,0.007425941227469738,0.012796566342485563,0.007607144738510475,0.012796566342485572,0.007694689140524448,0.012453768689842073,0.00799928945325967,0.014508003382321243,0.00771887341647883,0.014508003382318337,0.008851842110881726,0.012821947397718322,0.007284964275222001,0.011278180520043193
2023-12-22,-0.0014563500121833153,0.0046655797227720345,-0.0014574509302445907,0.0049578613334642415,0.0024676764828269852,-0.0025406489219942595,0.0023914344226677394,-0.0025406489219942582,0.002354776971660865,-0.0019892418938994194,0.002160656239029301,-0.0016298145494498789,0.002662264837678974,-0.0016298145494541285,0.003651776269406985,0.0011524007738482225,0.002771546351181602,-0.00028142583473417796
2023-12-26,0.0010754701947687717,0.0023295008604611233,0.0011481899929258559,0.0023217396179753386,0.002363474894208133,0.0037289222506409997,0.0024627140971073555,0.0037289222506410413,0.0025108531614456493,0.003756805249420482,0.0023783248156772456,0.003982594101766422,0.0030715222346383653,0.003982594101765129,0.004309885832146355,0.0012877965293993624,0.0026675598401649215,0.004120813901784198
2023-12-27,-0.0006901000471171735,0.002587446627644142,-0.0006126220855675826,0.0030980494623529123,0.0037027668854629583,0.0022377898873148236,0.003746345268653093,0.002237789887314854,0.0037676989462914643,0.0021259480150893307,0.004110142824625209,0.002427092816558539,0.0042215825387190535,0.002427092816561548,0.004526480951176431,-0.00019571887293914764,0.0011709783882218085,0.0058421180372157655
2023-12-28,0.002038526482449245,0.0007945702471267192,0.0020101282470149466,0.0007729778780350041,0.0004952203362675012,0.0007925242125737423,0.0005110401800341889,0.0007925242125737485,0.0005185992648654365,0.0010898890383179926,0.0007406384914770266,0.001026793159448712,0.000270529469844055,0.00102679315944861,4.843965771360065e-05,0.0005133155666652466,-0.00015943608397972942,0.0016529626621217645
2023-12-29,-0.0030704003531332666,0.0016178041362925363,-0.003104847721170638,0.001165070007373305,-0.0013900631933543217,-0.0040452307998546135,-0.0014550024247813008,-0.004045230799854552,-0.0014870795810906687,-0.0029038701811678913,-0.0016735080982616078,-0.006852040877553877,-0.0013350243866350848,-0.006852040877557228,-0.000472344198265084,-0.007419681277834233,-0.0011228786231602017,-0.003528894678936959
2024-01-02,-0.018571250948491654,0.012648686874765171,-0.018739841502528994,0.011220801646498274,-0.009914709066581012,-0.024338109954154516,-0.010143086200929645,-0.02433810995415464,-0.010249823453958183,-0.024390062834150537,-0.010082889423199508,-0.019759928470314762,-0.006769966931915464,-0.01975992847031141,-0.0008447019533360169,-0.015108589845871918,0.0014848251890882836,-0.008994166921489813
2024-01-03,-0.005379475187402817,0.0006780114378157074,-0.005465065387022163,-0.00010471742016117574,-0.005294174940128135,-0.010563487154403995,-0.0053724834909402745,-0.010563487154404003,-0.005409687923811363,-0.009662511629618597,-0.006211819723410283,-0.0076859848352128874,-0.004960410213021414,-0.0076859848352145085,-0.004120757638712495,-0.0029424475978236495,-0.0011428676370115996,-0.005481148387802105
2024-01-04,-0.006436759005720044,0.0014725631859674867,-0.006325505027916969,0.0027561793823731823,0.00022746111423437964,-0.00010021268873333631,0.00041550551351642734,-0.00010021268873304078,0.0005080509567962161,0.0018088295597713676,0.0016835320296738998,-0.004688063527692786,0.0010123845008271116,-0.004688063527694915,0.0015108058258488247,-0.011753785555673458,-0.0020866769360920845,0.006331584814067199
2024-01-05,0.0017527388433734746,-0.002768162288332359,0.0020067237786450245,-0.0012783102023526066,0.002359085718677785,0.01021056698787919,0.0026920113005475493,0.010210566987879248,0.002851858300262739,0.009695484274354875,0.0029491349952441483,0.011949728481798658,0.0029845267024508713,0.011949728481799822,0.0019150461759716924,0.004061256136344268,0.0017597852151657542,0.007403441049103835
2024-01-08,0.023731739469776233,0.006911067292045069,0.024140994910374556,0.007362469980145372,0.018537919302636267,0.03613657374210993,0.01900889537243132,0.03613657374211003,0.01923192124324265,0.0353660506684317,0.018102306610924934,0.03526819972990428,0.018188641602124366,0.03526819972989329,0.015947679242981547,0.022453723110297856,0.010131764333375383,0.02126706809631045
2024-01-09,0.006546296543713858,0.0017154879707100795,0.0057509477309108745,0.0022685304916578775,0.004402442716302144,0.009195504853289956,0.004498994410177712,0.00919550485328992,0.004543488466113199,0.00935076969216255,0.004795029978775556,0.009739481309248212,0.004197298209120046,0.00973948130923865,0.0031331942780209072,0.008357984032043993,-0.000623301722900938,0.005345104939796496
2024-01-10,0.014071825557618982,0.006015406150748756,0.013224494877935204,0.007618474230364543,0.012698567873547971,0.023277059389470493,0.012922593987295974,0.023277059389470653,0.013028917682353548,0.023396694213311447,0.010913090738103634,0.02216568326703733,0.009173671935418752,0.022165683267047633,0.00840377788779283,0.020310251200205305,0.00790380751791904,0.015856890605563303
2024-01-11,0.002902230020066722,-0.0005270093142494687,0.0013343671798935548,-0.0010578268058448691,0.001061047451417972,0.00588015439422571,0.0011248482830758073,0.005880154394225649,0.0011545507026649857,0.004646607621540223,0.0009249214549082486,0.0024790946632236178,-0.00041306193818208155,0.0024790946632127437,-0.0005446578013813075,0.0022460895727066774,-0.0001682125072703533,0.0012855526000496267
2024-01-12,0.005262492801545705,0.00012178368556785832,0.0049879457712009795,0.0013916729176039393,0.004662891531022366,0.0020570821887112133,0.004644974444570732,0.0020570821887112532,0.004636204799493971,0.0026172630550364596,0.0039185885700897035,0.004141363122568155,0.003980096008983138,0.004141363122580262,0.004535018361479552,0.005030903341574132,0.0020717925207894175,0.0006606961369798876
2024-01-16,-0.0023414739738035987,-0.004569317406830059,-0.0013423831823581108,-0.003293155191424373,0.00013153308153288112,0.000895021152093211,0.00035969766711543334,0.0008950211520931987,0.00046577639493982395,0.0005917496911944228,0.002224396713610587,0.0022559055855304287,0.0009857533991531834,0.0022559055855486637,0.001856632244250447,-0.008337549437026543,-0.002981410607820223,-0.00017690416856975047
2024-01-17,-0.002885149055522064,-0.00035128465508880644,-0.001519984710241101,0.00024330957795236672,-0.00047653926921317974,-0.004112095312332187,-0.0004997614566743533,-0.004112095312332203,-0.0005105048136513514,-0.004563574674696625,-0.001032680971589753,-0.004101809407245436,-0.0008109450068593252,-0.004101809407237018,-6.839567542046279e-05,-0.004449693383791377,-0.003315840879986003,0.0022225551611471652
2024-01-18,0.014040161649813466,0.004705251310454661,0.014388367171429715,0.005553007874097777,0.011889901720283884,0.015097831609724817,0.01195817173946911,0.015097831609725023,0.011989343688165831,0.016921243114539363,0.010625836433471115,0.017403087970530424,0.009574763688326491,0.017403087970539202,0.006397855819033607,0.015251485706956445,0.006519232548884321,0.007642244986727894
2024-01-19,0.018262957838608096,0.001114267837049525,0.01601038134131795,0.0036454425145219784,0.011112254169777116,0.024964908176338712,0.011449178662268009,0.024964908176338646,0.011605517418361282,0.02397950993025193,0.01136514287337269,0.025624453673195276,0.00926609202480466,0.0256244536732166,0.0067047398837582145,0.01671665088454526,0.008927294617888113,0.012848581722851696
2024-01-22,-0.0016156745841361454,0.003158457323355203,-3.2361274414479595e-05,0.002132827746361042,0.0007966160205200585,-0.002867653589581182,0.0007698257027552038,-0.002867653589581068,0.000756817509913983,-0.0018324539965700582,0.0020019921718388537,-0.0016442674380199118,0.0019821992947736526,-0.0016442674380168557,8.75911294233661e-05,-0.003729068284042996,0.001481170825502627,0.0021557917893050864
2024-01-23,0.002528935164071051,0.008192610205085663,0.0034810812714116133,0.006639034164148728,0.008103104751429394,0.00513021099911391,0.008053200065235478,0.00513021099911408,0.008031978611989387,0.006911423223147753,0.006615132864249121,0.006747596817878983,0.0064047115099281765,0.006747596817877052,0.007420061897510561,0.00785128703582199,0.0028564751544505732,0.0025607130667823575
2024-01-24,0.007247410620532244,-0.004866037879751241,0.005713957545367992,-0.004167327146720264,0.000752677238313662,0.014935966923345707,0.001060142934207626,0.014935966923345695,0.0012035811329264882,0.01450758793594614,-4.617766056613643e-05,0.015675872582419828,-0.002926667857321534,0.01567587258243581,-0.003741507856403845,0.010222220058857086,0.0006553859673884509,0.005045015405438226
2024-01-25,0.005634720914504115,0.005157102190055597,0.0033573808418481317,0.004605773956503108,0.005988925628986767,0.007488543914298287,0.0059760219355616696,0.007488543914298075,0.005972458398808401,0.006965682199613447,0.004628982478340215,0.010107342594156207,0.004452808107463139,0.010107342594163212,0.005309744321102215,0.010556419784986495,0.008353025455847294,-0.0051838044536607
2024-01-26,-0.0008085153764932796,0.0025663014708331767,-0.002559664340234322,0.001465269062058303,-0.0016471822703792967,-0.0009045959388821752,-0.0016849766300608313,-0.0009045959388820318,-0.0017019983099480023,0.0006955023039209857,-0.0014345405365391401,-0.0006199876577752837,-0.0007309317267455407,-0.0006199876577898343,0.001177590817230422,0.0037378525011105327,0.0017436626104625089,0.004272557759132382
2024-01-29,0.012066271728367446,0.004923558389195499,0.012510913483924685,0.006347204212498893,0.010346264571422382,0.01897531454468759,0.01054055507672085,0.0189753145446875,0.010631826137032296,0.017187615550376782,0.009333878813194632,0.016232472101324755,0.008458503879875219,0.016232472101329068,0.009153226380717477,0.0133068384408261,0.007487621284857919,0.011486359044129178
2024-01-30,-0.00537690464014909,0.002020462810850976,-0.002293516147474397,0.004151188493805166,0.0022423711292872115,-0.0037987197209040304,0.002301478490568407,-0.0037987197209040286,0.0023300675004995636,-0.004773958567673448,0.0038255608828358374,-0.00464187480726983,0.004438947519580185,-0.004641874807255194,0.007666428467873883,-0.00920459263101983,0.0034509780982891415,0.004156153589847441
2024-01-31,-0.025632622504074082,-0.007746024562939826,-0.024527629721982122,-0.007987222112517671,-0.01376325489592982,-0.022189270411478577,-0.013852524144121092,-0.022189270411478643,-0.013893493494715673,-0.028068475273982943,-0.01002615296227476,-0.0382892492292814,-0.007825918427665625,-0.0382892492293039,-0.006441271421374331,-0.039804332206414654,-0.014448492795766944,-0.00975028909480218
2024-02-01,0.01586297849769227,0.013993710157364647,0.01554973080986895,0.014949888430423146,0.015560391075052913,0.020408141873087038,0.015633792366355096,0.02040814187308708,0.01566804202237935,0.019525026713350147,0.017379649889562518,0.015780528244019532,0.01860562435554586,0.01578052824400311,0.019310057295400605,0.015283864167664899,0.012478026683084533,0.01336445999233466
2024-02-02,0.036938133982517635,0.007058166851583611,0.03423253929239865,0.010658859915398602,0.026355814103155874,0.10055643168598824,0.027530497025336803,0.1005564316859892,0.02809180804677986,0.10032977050710705,0.007975551890583755,0.08632500281666719,0.005119526080209758,0.08632500281667924,0.00558747162724091,0.08898821433312669,0.01533463996048951,0.05657188592550807
2024-02-05,-1.1128168215531191e-05,-0.00302343590582158,-0.00011106202153238258,-0.0014848805380283144,0.0001773743724298946,0.0012528471076213258,0.0004795615635337395,0.0012528471076214136,0.0006182075806470794,0.0028369964697199162,0.002985158386023943,0.006409167470174359,0.0035611780047801926,0.006409167470198034,0.0027734811855716288,-0.011074772284304738,-0.002757497176518058,0.002023789541728853
2024-02-06,-0.0051613024188791375,0.005431649644771385,-0.000634502504325775,0.004389393013804768,0.0007322457479424244,-0.013609566423693252,0.0004959463234036578,-0.013609566423692984,0.000384935220983793,-0.009612247794738247,0.0022559537569418254,-0.007665371809175288,0.0019328384125885524,-0.007665371809176637,0.001110856880899948,-0.004268401936154929,0.002600471313840495,-0.001581809230125183
2024-02-07,0.014184706799066405,0.005674892832616525,0.013604110327440981,0.007430396332262989,0.011193476574181958,0.021941933807719714,0.01147675300442921,0.021941933807719787,0.011609630812621756,0.021506657950594452,0.008649475707569822,0.02187358958882144,0.006400734790581357,0.02187358958884289,0.0065121679462088865,0.017366884465273208,0.007483800181714812,0.01958611572853458
2024-02-08,-0.000526937818768529,-0.0023417878961231476,-0.0024921270113319395,-0.0019751125674009246,-0.0025693030207565044,-0.0029884724319024056,-0.0025846429695646853,-0.0025274174247283954,-0.003786612870024572,-0.0024787827445148175,-0.0035655189652736155,-0.0024787827445148258,-0.003863660018536806,-0.0024787827445148275,-0.0015402228345640862,-0.0028884030918469765,0.004411097217114712,-0.0017690558167327314
2024-02-09,0.0126980181516151,-0.0006871959564824656,0.0106377564121841,-4.5742020899339195e-05,0.004554696372368176,0.019514534229987064,0.004802527478559619,0.017771809295952404,0.00511566364679619,0.016612639632464975,0.005231031309591991,0.016612639632464985,0.003023452859472159,0.016612639632464978,-0.0014148033402092107,0.016612639632464978,-0.000105945982839048,0.0030330497800355118
2024-02-12,-0.008424079482674707,0.000997418665824647,-0.006196516509803241,0.0002856398188181915,-0.0026644111332410907,-0.005094480378354988,-0.002584222266222121,-0.007576516483686392,-0.002403106572993215,-0.007624881145556033,-0.002374146508480022,-0.007624881145556048,-0.0006423810707527679,-0.007624881145556046,0.0024873685479969063,-0.007624881145556042,0.0002971729879536863,-0.0009462300518908158
2024-02-13,-0.015077087349164398,-0.006179527061774958,-0.01180194729526278,-0.00597063713914167,-0.008742595199693714,-0.01418268692140562,-0.008700384415183216,-0.013141340766288182,-0.006175968876120024,-0.013147294294559691,-0.00614417093719572,-0.013147294294559707,-0.004426259624380544,-0.013147294294559709,-0.004338170589576468,-0.013147294294559709,-0.008763041347221973,-0.005712013244847897
2024-02-14,0.009953197800745453,0.0010061421204525939,0.010108992943120444,0.0030911566534744597,0.007019502372822123,0.0205735552817745,0.0073124173811637,0.018718837452594485,0.005850088234922388,0.018297815467295166,0.005940646104061207,0.018297815467295163,0.004759867027040771,0.01829781546729516,0.004492276277556832,0.018297815467295152,0.005708425605548428,0.012139618617883007
2024-02-15,-0.005591922082157796,0.007543063630997853,-0.0008430678634233468,0.00721955994518786,0.003465142646201782,-0.002649939608150869,0.003372416868616547,-0.0059731299829229425,0.0026696983044326465,-0.0059985250414661215,0.0026022842667860415,-0.005998525041466138,0.0034592749777400903,-0.005998525041466141,0.0036429516605380376,-0.005998525041466133,0.0053931343418869085,0.005134208544457287
2024-02-16,-0.014234135574935561,0.0013278969972746377,-0.007606503538282415,0.0012313538054512735,-0.003927967517785137,-0.014751050714175172,-0.00396632330948352,-0.029239090780131073,-0.0026117214023451234,-0.02968321198155234,-0.002598388827860804,-0.029683211981552337,-0.0018922874540005647,-0.029683211981552316,-0.0020344348377869872,-0.029683211981552278,-0.0059736630601661565,-0.0003107562657857794
2024-02-20,-0.006488879689228531,0.003210271586383215,-0.007717593730593729,0.0021692218832175024,-0.0015455037054631412,-0.019224212269005277,-0.001966386983351356,-0.018094959486689547,-0.006237623077567729,-0.016975730947141925,-0.00639849178701316,-0.01697573094714191,-0.0032919438948787257,-0.0169757309471419,-0.0014909236339846188,-0.016975730947141884,-0.0033673024882940935,-0.007437789963839933
2024-02-21,-0.0014389305254894082,0.0027184311082492857,-3.107649793368972e-05,0.0006613903704422045,-0.00275828394705343,-0.008516854591642887,-0.003037930164324047,-0.011575478557070105,-0.00046746259010161024,-0.012630678672156271,-0.0005861086929491862,-0.01263067867215627,0.0005818008670233931,-0.012630678672156264,-3.1687136497571245e-05,-0.012630678672156248,0.001538122719517676,-0.007253187540672795
2024-02-22,0.02967391826215414,0.015595344068400765,0.03343597948974767,0.018609481958949545,0.03129946366284924,0.07128703005272162,0.032646402306836506,0.06382820322724317,0.032281238513200305,0.06262988002346627,0.03283667822330973,0.06262988002346626,0.03012184025053491,0.06262988002346623,0.02942913931878767,0.06262988002346623,0.016957238759249725,0.040884307934626864
2024-02-23,0.0017511815675333798,0.001912539300750711,-0.0012366093148532121,0.002418859078126589,-0.0005866262534955673,0.003426491934215585,-0.0005365505839730737,0.008861134482083477,0.00040495898065401884,0.008308040547700938,0.000432290526517271,0.008308040547700936,0.0008978213272192215,0.008308040547700927,0.002995611609472231,0.008308040547700908,0.0026412707349990814,0.002997894997306825
2024-02-26,-0.0046141438881750485,-1.1941172535481787e-05,-0.005055789328089162,0.001317811082348031,0.0016579808738349103,0.0004537300829518542,0.0016838942155939969,0.003294981007736752,0.002373104740973385,0.0027612261348850895,0.0023983334302146754,0.0027612261348850843,0.002072730510137364,0.002761226134885081,0.0019395034221590564,0.0027612261348850535,-0.0027425962564393428,0.003462347472150991
2024-02-27,0.0006759034630972581,-0.003816480471923671,0.0013227001925008716,-0.0031913919928930785,8.374870124343552e-05,-0.0016451074142159723,6.936165962635259e-05,-0.003134127277876065,-0.0009200113037263829,-0.0024678086936656485,-0.0009434287288796112,-0.0024678086936656502,-0.0017165231522645716,-0.0024678086936656476,-0.0027057670237178523,-0.002467808693665639,-0.00017776785070178677,0.0006670646620676078
2024-02-28,-0.004283911458137797,-0.0024162989179753657,-0.002452531855588436,-0.001801126053030845,-4.505632438966088e-05,-0.006601182437879855,-0.0001809833229876642,-0.006405787143282127,0.001395840876190478,-0.006127941445402947,0.0013469793221926787,-0.006127941445402941,0.0013153097935241099,-0.006127941445402939,0.0010966134935181714,-0.006127941445402941,-0.0016341587389649215,-0.004541415472138947
2024-02-29,0.00901173309486318,-0.00416561850701521,0.005279442303513289,-0.004095245253186663,-0.0013427096304402595,0.0171543440063987,-0.0011070603159780124,0.016062575678442517,-0.003165380060443979,0.015435571124766932,-0.003089957087885558,0.015435571124766942,-0.005286015566521778,0.015435571124766935,-0.004899918895244304,0.015435571124766935,0.0020115993535563437,-0.001188538817778518
2024-03-01,0.008258079025601082,0.0036264877969395216,0.006600201465264207,0.0051817645546071295,0.007577085963055616,0.02383731364850352,0.007993542393207605,0.02598700586619771,0.0061552907964770275,0.025610683169619626,0.006306884878764935,0.02561068316961961,0.0048281903009944295,0.02561068316961959,0.005233591198020084,0.02561068316961957,0.0047016391824239445,0.0154669745241802
2024-03-04,-0.004300713354889286,-0.003858720455209538,-0.004688202186380365,-0.0010509864713750215,0.0017383055528019675,0.006729582773752648,0.0020866772168350485,0.00640038506686591,0.0008844896580997121,0.00661991250796151,0.0010557063137451024,0.006619912507961511,0.0019943756222569695,0.006619912507961512,0.005700335526311716,0.006619912507961498,-0.0031066390687739575,0.002579559864755814
2024-03-05,-0.016965242945496627,-0.0015999147415812257,-0.012314455995863257,1.6951241452733303e-05,-0.0066882242831277465,-0.01213896263160838,-0.006512696149430064,-0.016376773360901455,-0.004979999806822905,-0.017385553883644773,-0.0048849728892293685,-0.017385553883644808,-0.0021325790942616123,-0.0173855538836448,-0.0012811972627428782,-0.017385553883644798,-0.005884113072405515,0.001193520376288078
2024-03-06,0.003628968562113373,0.004111104863901756,0.004581126832210266,0.006324521227633049,0.007713558848016368,0.011768210227770456,0.008016555894623804,0.01182648676081911,0.007913643059498248,0.01203772419598374,0.0080384249149026,0.012037724195983722,0.008230621938125517,0.012037724195983722,0.009755092676612169,0.01203772419598371,0.002850033638056062,0.014769112798467935
2024-03-07,0.01913644048882057,0.004532433548680676,0.014435807319634238,0.005380719032464336,0.010909732822118223,0.03126758061555718,0.011351410504979636,0.03222121242648994,0.007154672830854244,0.0320668813318095,0.007312327890683518,0.0320668813318095,0.005241840967078717,0.03206688133180949,0.005741912638047216,0.03206688133180948,0.006943721317546018,0.015172055549073023
2024-03-08,-0.019110383525134826,-0.0030722006577524517,-0.015895554040857306,-0.009531966657374592,-0.016385726849806576,-0.02357437862144879,-0.016914202168438554,-0.023476296389258956,-0.015127113062596021,-0.023358620229626162,-0.015371256352982176,-0.023358620229626148,-0.014403870277749899,-0.023358620229626134,-0.015958139754555428,-0.023358620229626127,-0.005409723704781502,-0.02959418474647904
2024-03-11,-0.005962471515383307,0.00608528079712485,-0.007006152259564261,0.004347297520833784,-0.0046384735747808485,-0.02357087646178145,-0.005005029220845279,-0.02389519212282196,-0.0067723753496370135,-0.02408743578249311,-0.005074350126388339,-0.024087435782492506,0.0008132547570561913,-0.024087435782493657,0.00030513193376825677,-0.015052163783450881,0.002872720633900084,-0.0071012250320830455
2024-03-12,0.02498965193446981,0.009828532149653934,0.022505331479868138,0.011611256160217515,0.021624328603652473,0.04082082579834945,0.022236255847015215,0.04082082579834942,0.02304003352076406,0.04082082579834927,0.020587141674313678,0.04082082579834942,0.01769445996576444,0.0408208257983494,0.018928001076080943,0.04417754519551035,0.011560466041653497,0.022352474094286034
2024-03-13,-0.0034474917715899083,-0.0008430558247964692,-0.0015707614954703223,-0.001016217006505498,-0.0032034553426921026,-0.004818751956193049,-0.0033061491147450177,-0.004818751956193029,-0.0011756176253518674,-0.004818751956192808,-0.0025966581268190283,-0.0048187519561930315,-0.0004909441576364472,-0.004818751956192741,-0.0004292294381167194,-0.00879379302304923,0.0008720601392081528,-0.003130998502315799
2024-03-14,0.0056287068829085265,-0.0013464976392030428,0.0060017630100869055,-0.0012626270595695527,-0.00021163230765636876,-0.008800911226141921,-0.0006394493871879401,-0.008800911226141924,-0.0011114554686782675,-0.008800911226141316,-0.002684770750542905,-0.008800911226141923,-0.0023656511096724316,-0.008800911226141692,-0.005214975339986419,-0.01116506511820785,-0.00017314533824501336,-0.006398259412588048
2024-03-15,-0.02517388468503713,-0.005219040338724447,-0.0122222313608228,-0.005779541146591794,-0.008085954463751318,-0.026018881847777606,-0.008028621561920728,-0.02601888184777757,-0.008637849661126311,-0.026018881847774494,-0.006546751375720318,-0.026018881847777557,-0.00613452975972637,-0.026018881847773307,-0.006578213470010892,-0.04816457968875919,-0.011762951147273716,-0.006476333824714202
2024-03-18,0.01590328115066358,0.0003028708714749778,0.011769088289093286,0.00156633422891514,0.006606096297496548,0.014541329336693255,0.006703482428112519,0.01454132933669324,0.0067618831889518175,0.014541329336692244,0.0072692392835898584,0.014541329336693234,0.005081979875552949,0.01454132933669226,0.0033376319363221723,0.023345327446105908,0.009762511161011572,0.007644489835165117
2024-03-19,0.006452658995801461,0.004669172927352134,0.00600203785062242,0.004667588858133925,0.005607492009888537,0.006619575112910249,0.005609365401428492,0.006619575112910245,0.005307345107981773,0.006619575112910098,0.005784916528835918,0.0066195751129102445,0.005966670565805173,0.006619575112909912,0.004060582469395262,0.008011006623647775,0.005829195803838187,0.0038101579344722776
2024-03-20,0.01094410329688944,0.0032828562958455857,0.011613861682822309,0.002742423298055468,0.00924976653155821,0.01232278619546435,0.009309127203452543,0.012322786195464359,0.008585154802777498,0.012322786195464727,0.009283613486286243,0.012322786195464362,0.00834482446635559,0.012322786195464943,0.0063935459531152955,0.008605217516719242,0.006718054057695668,0.00520082847183065
2024-03-21,-0.0060559982679508,0.002306151148225463,-0.003123246148317443,0.0037831354979288613,-0.001079432852337108,0.003338190665010558,-0.0009038223089667236,0.0033381906650105523,0.004161782281907825,0.0033381906650111295,-0.0016370345740681022,0.0033381906650105458,-0.0024865546658628104,0.0033381906650112184,0.002118725589766471,0.00127212205753252,0.0019480318118079423,0.0059095382092819535
2024-03-22,0.0022329207897907686,-0.002198382030207166,0.00020846618519967984,-0.0027599275957815366,-0.002723087418726676,0.009357463266885448,-0.002379616984622996,0.009357463266885453,-0.004605214253915769,0.009357463266886102,-0.003609710256454607,0.009357463266885465,-0.0035664958572662964,0.009357463266886648,-0.004141394139217875,0.0034095209632782767,-0.002704843929302578,0.0008791397654303488
2024-03-25,-0.0034938805329246202,-0.0027225361194960283,-0.005823223416779174,-0.0031558475437593663,-0.006908671265425235,0.0013588622814113154,-0.006759215788925042,0.0013588622814113345,-0.007124553306967879,0.0013588622814106482,-0.006472061610273774,0.0013588622814113334,-0.005149879563628028,0.0013588622814106968,-0.004065451272408664,0.0016655124786355232,-0.0010439690013777844,-0.0044239190645623035
2024-03-26,-0.005230313658957046,0.00048406350871135366,-0.005512592510315752,-5.694038347092441e-05,-0.0050832231255982805,-0.014241371832521676,-0.005325840549723534,-0.01424137183252168,-0.004420838074827066,-0.014241371832521827,-0.004977773900982701,-0.014241371832521683,-0.0033267755330049424,-0.014241371832522064,-0.002373043499880026,-0.012027851625588459,-0.0015209923839987957,-0.004167472545859422
2024-03-27,0.001977142623205648,0.00856488278708897,0.001043683653646031,0.007375898685518275,0.0014880658033402654,-0.006774483917352221,0.0011696589084340438,-0.006774483917352199,-0.0011979760024955104,-0.006774483917352059,0.0011995169349583426,-0.006774483917352196,0.0023894265205905963,-0.0067744839173521304,0.001423158543828853,-0.01066179367868326,0.007181326844251123,0.0022462673144607245
2024-03-28,-0.003029621764758743,0.0004728984178717571,-0.002776488226609853,0.0005019383620278446,-0.004415127160859022,-0.003720137133349164,-0.004385818495722536,-0.0037201371333491526,-0.002140138478867216,-0.0037201371333492254,-0.003172464292038367,-0.003720137133349157,-0.0011538702698016313,-0.0037201371333492697,0.00022897556289099634,-0.0047268343090176215,0.0014001581127898134,-0.0022819957564387903
2024-04-01,0.002054604033339351,-0.004621923379159933,0.0019433984369972347,-0.0041624068265014086,-0.0032549284996871734,0.004071856908500645,-0.003216506678003414,0.004071856908500638,-0.0029989456942527103,0.004071856908500993,-0.004935998811328406,0.004071856908500641,-0.006897932383234596,0.00407185690850114,-0.006183010257108903,0.0030108460355362833,-0.0036485332699040243,-0.003302017717841249
2024-04-02,-0.005595795678255272,-0.008271700994013831,-0.004434917382149175,-0.006399368076418174,-0.005290033885208869,-0.0003866319957217292,-0.0052909570988230355,-0.00038663199572171696,-0.004150728004341062,-0.0003866319957217254,-0.004136756493197037,-0.000386631995721719,-0.006301147920635946,-0.00038663199572158387,-0.005599349312525827,-0.0018069011784367585,-0.005487567571411826,-0.004422896908683261
2024-04-03,0.0015508304716985845,-0.009950891244654512,0.0009248083086360215,-0.0094851638304172,-0.0036978826704051823,0.006430047467670779,-0.003647154497001491,0.006430047467670796,-0.004677571508624099,0.006430047467670903,-0.003787244257213552,0.006430047467670801,-0.006096483866077149,0.006430047467671118,-0.009107921933271961,0.0024580387791731007,-0.004491550943632867,-0.0042817185349823495
2024-04-04,-0.010623551795896934,-0.01016164596418678,-0.009959923883634253,-0.011933476656344689,-0.006094595460797823,-0.01379626079288662,-0.006329991076378283,-0.013796260792886624,-0.007836191192310401,-0.013796260792886313,-0.007782147954475448,-0.013796260792886622,-0.009579448081989673,-0.013796260792886431,-0.01055440819813691,-0.014427746817979814,-0.011260824427503677,-0.013656664361226518
2024-04-05,0.015121318188792296,0.0070642901259081025,0.016507494428972157,0.00836052569271043,0.012886804087445847,0.0250271172523937,0.013081134770730753,0.02502711725239373,0.014526918102458802,0.025027117252394333,0.013040976278130839,0.025027117252393722,0.010139395448513321,0.025027117252394697,0.009634494733977626,0.017588329119810175,0.009461167237305328,0.013987130327408635
2024-04-08,-0.0024291896834194686,-0.0023792019642103713,-0.0017984743833580155,-0.001958035980594743,-0.0037123184404803406,-0.007563673444349636,-0.00381922413433273,-0.007563673444349627,-0.002436664161374168,-0.007563673444349655,-0.0030193871296813057,-0.007563673444349629,-0.00204559984300657,-0.007563673444349683,-0.002009630776504247,-0.00832304402176752,-0.0012713382530960971,-0.003587990485544346
2024-04-09,0.00485554360942175,0.002430245310052763,0.0018754252492012033,0.001270767126994896,0.0002893890382828192,-0.004997605381610564,6.464591927846993e-05,-0.004997605381610573,-0.0026624366500388294,-0.004997605381610948,-0.0023243310058686894,-0.004997605381610569,-0.0009644896875779427,-0.004997605381611254,-0.0013643302442836178,-0.0019617697071648626,0.0036899553675720665,-0.0022951093868146767
2024-04-10,-0.0018669438613630911,-0.0027711643474775728,-0.0015953100923632101,-0.0015935748914796012,0.0022043261866969126,0.007004811607132485,0.0008047616585436175,0.006952327028508982,0.00114515187732829,0.006952327028509469,0.0025677750919216673,0.006952327028508952,0.00035387148017688416,0.006952327028531043,-0.0018068998736643915,0.0036193046090782083,-0.005551553425962669,0.0015868737745058873
2024-04-11,0.017810479550809173,-0.002590255238609025,0.01799604743746843,-0.0020421976076454946,0.0057071945024810495,0.019231614085952472,0.005144950349273815,0.018648654601660753,0.005307982294272701,0.01864865460166196,0.004899165915042547,0.018648654601660708,0.004658661246803799,0.018648654601719834,0.002336571349308615,0.01354377812993703,0.0027788705468122033,0.005903675933949685
2024-04-12,-0.018339274975595315,-0.013182810281386384,-0.018374797558720762,-0.0168310020093864,-0.01504354038989404,-0.025603304827282437,-0.013496070760337065,-0.021239691547953476,-0.013552200690719265,-0.021239691547953153,-0.014317136739601147,-0.021239691547953472,-0.013565025596813997,-0.02123969154793631,-0.014530872552767284,-0.02222340693692367,-0.013393397744431112,-0.027030413356140183
2024-04-15,-0.01617092305598578,-0.003029213353961815,-0.016321556534631628,-0.004028429209857348,-0.01195954040117132,-0.018263265698174606,-0.011161619315212453,-0.019159577558503123,-0.011220335442802001,-0.019159577558503817,-0.011467505527450636,-0.019159577558503105,-0.00934264198510142,-0.019159577558538064,-0.007326699552761755,-0.01875503115914002,-0.008444939159109098,-0.008595277837226092
2024-04-16,-0.004418357608170172,-0.0016615919127781443,-0.004123887606543711,-0.00222929301253863,0.00015989164732349754,0.0030178272208627854,0.00044232826126095056,0.005462449057188895,0.0005165967911028546,0.0054624490571882674,0.00023632335333241382,0.005462449057188909,0.0002462042822474884,0.005462449057157088,-0.00176359027478041,0.008783522862409387,-0.0014321609327185671,-0.003544959386001861
2024-04-17,-0.007160115946911387,0.0004799995049369164,-0.007507159129745959,-0.0005499517702042046,-0.004982238982327478,-0.018692183465539705,-0.004119941154408351,-0.018665634692542885,-0.004278147051018165,-0.018665634692543277,-0.004816840833176032,-0.018665634692542867,-0.0028450310672834584,-0.018665634692560166,-0.0027988971650427068,-0.016731454001409147,-0.000524309461376622,-0.006632294037802774
2024-04-18,-0.002212086478008453,0.002591242642958348,-0.002046868079464015,0.0011796218534852274,-0.0002660907727531581,0.004143080476806772,-0.0030137151374799954,0.0032256943552083847,-0.0029537557913483455,0.003225694355207763,0.0006108786993688222,0.0032256943552083743,4.62591114818667e-05,0.003225694355173478,0.0015883893534625187,0.004261316176211265,0.0023963141368907783,0.0019493348971172807
2024-04-19,-0.01489659295296972,0.005058963594828539,-0.0160398502972274,0.004331935763452901,-0.011518323504228099,-0.04758006814179611,-0.008313601144824639,-0.05181492221296932,-0.008740940378116428,-0.05181492221296971,-0.011814544106869985,-0.05181492221296928,-0.005400705342517264,-0.05181492221298153,-0.004243204321791219,-0.048854538668509834,-0.001646012796653764,-0.006636242617675782
2024-04-22,0.01228508818320051,0.00854554679660815,0.01257096590083312,0.010174253283326336,0.013495386268081116,0.019884076017586017,0.013635191759532289,0.018343276132290743,0.013780378181681143,0.01834327613229101,0.01369553527323904,0.01834327613229072,0.0141119887393093,0.018343276132301883,0.014352867409476673,0.015141989315756417,0.008435518194621835,0.015115101272662251
2024-04-23,0.015445585027768114,0.003135314108130925,0.01575251416724202,0.00419216731834342,0.01081500305618854,0.02526023439038094,0.009740677027831282,0.02510613613880376,0.009861064371676298,0.025106136138804136,0.011171556019938753,0.025106136138803747,0.008358363474122254,0.025106136138820963,0.007799288564494874,0.025419005012797924,0.007551350184486972,0.011987592930207493
2024-04-24,-0.00046761822527871224,0.0023689271160977693,-0.0008938654063615917,0.0018015891079503248,0.0009158047404994,-0.016007111008968417,0.0008415741682336159,-0.015603945511779111,0.0006784801574605352,-0.015603945511779769,-0.0003569043292682831,-0.01560394551177907,0.0018337537270966243,-0.015603945511808721,0.00046635039894389607,-0.008524396639965723,0.00121348061109543,-0.002082973114028867
2024-04-25,-0.014120773036663908,-0.0004341228963892622,-0.014087171286841626,-3.3062473016013446e-05,-0.008369717759112735,-0.025368116429368825,0.001826990142161162,-0.026289626077803337,0.0020138211514344685,-0.026289626077804412,-0.005441984347726206,-0.026289626077803305,0.005349424831967874,-0.02628962607785741,0.004428539537836351,-0.02532108377134206,-0.004622882214893132,-0.004081801131051669
2024-04-26,0.023754099237377542,4.282857702324035e-05,0.02429732966331812,-0.00044763766633078446,0.008305405633090058,0.030165114285482356,0.008356658325777578,0.030973279390050946,0.008597016438673822,0.030973279390051744,0.007287176239301949,0.0309732793900509,0.007001454929817158,0.030973279390089575,0.005820229676213636,0.024260002781321944,0.006175864344494525,0.007554590066368895
2024-04-29,-0.003694282626132498,0.00041588560831299303,-0.0038398619175271506,0.00010899370908802395,-0.004999221177216462,-0.00501625311539585,-0.004044312011661903,-0.005847913059156115,-0.004021641541398382,-0.00584791305915607,-0.0053022800898471865,-0.005847913059156119,-0.0022134705464023296,-0.005847913059155133,-0.0011463217467861642,-0.010968047730038871,-0.0022626219854841255,-0.0023892556340275625
2024-04-30,-0.016985662099017383,-0.010736728915060102,-0.016961888293668802,-0.010786387612599323,-0.009929288677512221,-0.017008484078008586,-0.010732014668123896,-0.018376303113153716,-0.010737420885264219,-0.01837630311315414,-0.007866843349430445,-0.018376303113153726,-0.0076829046415782965,-0.018376303113177433,-0.009012009369624518,-0.016036759974713908,-0.012408572576766757,-0.009538723675592041
2024-05-01,0.0037226531807458903,0.005335943136741574,0.0034052636088961344,0.002321817847830398,-0.001829320625962744,0.0015403826822592327,-0.006627789464642115,0.0028951763301169426,-0.0067996043669974185,0.0028951763301167527,-0.006571443875975033,0.0028951763301169635,-0.0082161928824603,0.002895176330109849,-0.0029207439645422537,0.0003137177422315233,-0.0003475979563170116,-0.002576334585163393
2024-05-02,0.01466778227694136,0.005358224756017689,0.014872236475556699,0.005025892750833638,0.008896068911265933,0.02121199507232402,0.008102693547289293,0.022845877860881294,0.008219855428317895,0.022845877860881054,0.008155121585984913,0.022845877860881277,0.007640419666499771,0.02284587786086672,0.00521906680253909,0.017052843359904053,0.008021440577344472,0.008703231355550522
2024-05-03,0.019536889494990405,0.003405669909060863,0.019655205254180682,0.0034175682696302597,0.010661512827812664,0.01919181924431253,0.009196089125414909,0.02180833055015709,0.009304195957490036,0.021808330550157226,0.009322599104431839,0.021808330550157094,0.007361182525840347,0.02180833055016329,0.005276398144635737,0.025638402199768588,0.010132014917700221,0.007329146743131935
2024-05-06,0.012444526468947493,0.0043372712116353275,0.012848372288777915,0.005371609088390396,0.014078726625428462,0.025223051937788007,0.012793446974676423,0.025965075607263965,0.012908100996284727,0.025965075607264222,0.014257359429349047,0.02596507560726395,0.011459558642944612,0.0259650756072753,0.009163724839895105,0.026693580101305535,0.00847825255705819,0.012640649579526216
2024-05-07,0.0033921858598592422,0.0024083796175744677,0.0032072622683770938,0.0023739213589011885,0.004993818039476024,-0.003549517182927466,0.005103880764188643,-0.003686728109711842,0.005013578553637597,-0.0036867281097122005,0.006676581140790443,-0.003686728109711845,0.006333693620035201,-0.003686728109731038,0.0038689725092943294,-0.005332601647654716,0.0006570332736643803,0.004723919891692567
2024-05-08,0.0015601293407816134,0.0008983622896173904,0.001492450763083158,0.0010678856186537445,0.00144794594138991,0.0031491095334315634,0.0009902131256778327,0.00026810028833603973,0.0009764958305929861,0.0002681002883367149,0.0015675332915690418,0.00026810028833602754,0.001088903499587141,0.0002681002883702109,0.0024514230171886475,7.495266047372447e-05,-0.0004388607579871671,0.0032324620019817036
2024-05-09,0.007416341252132373,0.006295207499141078,0.007110322917684012,0.006508514096658621,0.004754757847310154,-0.0012472977781157457,0.0047544308740040345,-0.002507001260033212,0.004649361393086694,-0.002507001260033293,0.0043492612989668635,-0.0025070012600331834,0.003937836925268192,-0.002507001260038952,0.0034428512045725167,-0.007381619238449729,0.005960582984274033,0.008606050880490913
2024-05-10,0.0015409377123346774,0.0023102605761460126,0.001627608290582639,0.002780184012664509,0.006306559105492529,0.0003466893189999264,0.006366249046955897,0.0010428865969686868,0.006393553995202638,0.0010428865969686924,0.006419368425785593,0.0010428865969686887,0.006463639982316713,0.0010428865969686844,0.006520257983983588,0.005524215545821009,0.0024624210881056376,0.004897752533797681
2024-05-13,-0.0017175972088509031,-0.0003493281505790608,-0.0017080537394084804,-0.0009150039726933011,-0.0031300841507337774,-0.0045861177439407205,-0.003046657879114089,-0.004706648496649873,-0.0030051673863688002,-0.004706648496649884,-0.002963931871491636,-0.004706648496649883,-0.0019511813566271648,-0.004706648496649866,-0.0018272096944530628,-0.00020851658968115032,-0.0009515451953034137,-0.004404875943136792
2024-05-14,0.0073695862670274375,0.0004896662190682639,0.007379883801552859,0.0014720788975889799,0.0008982166876735343,0.007150801869233824,0.000977279444515517,0.00495926249227638,0.0010148143190377888,0.00495926249227642,0.0010511773651993227,0.004959262492276406,-0.0006220419798980448,0.004959262492276347,-0.0005299509335442805,0.0016095264710990747,0.0006953743568553698,0.0068052023486748926
2024-05-15,0.01170861526365983,0.00789455011363948,0.011995618245467568,0.007880920657636407,0.010777703726965229,0.01645428075354203,0.011006468571756533,0.017155346545300015,0.01111329823480695,0.017155346545300005,0.01121552943382243,0.01715534654530001,0.009299788750874657,0.017155346545300022,0.009544288771766645,0.023975211529530215,0.009368755635371992,0.010525163616943948
2024-05-16,-0.0013696514808393544,0.010724921579173815,-0.0014277755221257299,0.011392195039919735,0.010321938170311478,-0.008874973598436642,0.010221420802412796,-0.010351925267563507,0.010174367656766345,-0.010351925267563504,0.01012927632943663,-0.010351925267563488,0.01079455858299157,-0.010351925267563495,0.010638145195758082,-0.005593589827018373,0.002109600001824252,0.004442503983499073
2024-05-17,0.00245971734487848,0.0037088368901892705,0.0021975161779485743,0.004969588503200213,0.0014411225307223484,-0.003986555898925758,0.0012450892093558664,-0.004952003832585701,0.0011536907577010009,-0.004952003832585702,0.0010663460082234793,-0.0049520038325856965,0.0005588435562039437,-0.0049520038325856905,0.00033544017521380316,-0.0064702437064954365,0.002452874137691365,0.005259376903729032
2024-05-20,-0.004612313759576925,-0.007288377962537307,-0.00416804070204751,-0.009311214419190198,-0.004587531589662665,0.00411710857003732,-0.004319028065563724,0.0038892571433474573,-0.004195533785136275,0.003889257143347452,-0.004078695299904785,0.0038892571433474595,-0.006106971408990097,0.0038892571433474556,-0.005799687481591147,0.011258254039446745,-0.0063203484460459735,-0.014140928721392802
2024-05-21,0.007134474740425966,0.004012197495750751,0.007029890769410005,0.0048487647753933,0.006779252938734234,-0.0008875691328762872,0.006772010139314487,-0.001999155612654695,0.006769527658837003,-0.001999155612654671,0.006767780559593846,-0.001999155612654678,0.006389613619046974,-0.0019991556126547007,0.006392895753984313,0.0018719779133445473,0.0024227695700907766,0.009062411099457197
2024-05-22,-0.0019965609042118396,-0.0014865569823403406,-0.0019948484728985593,-0.002824751328564088,-0.0017937924297853837,-0.00019669487775312344,-0.0018248127207815244,0.0010615182943972854,-0.0018402959065244625,0.0010615182943972754,-0.0018557547154782461,0.0010615182943972748,-0.0020296817781277135,0.0010615182943972891,-0.0020531731125878446,0.0016365575922413487,-0.002313860813672801,-0.003929076287320908
2024-05-23,-0.0036624253129547875,-0.008510549194207124,-0.0025607869045386625,-0.007037509740956159,0.0011649891763002458,0.02166440391519576,0.0020361338505292376,0.02314076234639726,0.0024462181019263888,0.023140762346397264,0.0028408310058337586,0.023140762346397253,0.002316224990993084,0.02314076234639723,0.0032207670860337117,0.024694216975939532,-0.0071566633318142295,0.0015204423192897794
2024-05-24,0.014298070517555616,-0.0003767133676778596,0.014397016895507707,0.001624676660514222,0.00890198155329692,0.016061834821616883,0.009060808229034746,0.013601672730452175,0.009135527466621711,0.013601672730452222,0.009207509115162667,0.013601672730452208,0.008140265184181924,0.013601672730452125,0.008294376560813464,0.007716441354339907,0.0026871125096949514,0.012954621884245976
2024-05-28,0.006496749986760137,-0.004615093037919917,0.00726739906373121,-0.0029110428543122954,0.0003008051327111881,0.025137157959563637,0.0009539512844621448,0.02496240174136313,0.001260514993249547,0.02496240174136313,0.0015549950999913693,0.024962401741363122,0.001477707275217522,0.024962401741363095,0.002178385263790425,0.02330145077970234,-0.0006898709219568301,0.005668377902718971
2024-05-29,-0.0035513370988147054,-0.007459679681671372,-0.0034312176132474206,-0.007360109587939261,-0.004796348591209363,-0.0015394627505285316,-0.004676148081062972,-0.0014294711336381716,-0.004619070398470081,-0.001429471133638175,-0.004563868055633165,-0.0014294711336381755,-0.004368157445304502,-0.0014294711336381742,-0.004223044330040874,-4.703510238691623e-05,-0.006960729490756358,-0.0062137007460646085
2024-05-30,-0.009454957630082167,-0.00028365388407632357,-0.009884729053742065,-0.00013918032887216993,-0.0033381590358581743,-0.02252754507330209,-0.003631225229766632,-0.027016569064826565,-0.003771017977959361,-0.027016569064826496,-0.003906455005357571,-0.027016569064826496,0.00020875732161562623,-0.027016569064826638,-0.000194334941443974,-0.04290759820897487,-0.00477415776920838,-0.001843773921719191
2024-05-31,0.0004596714654810357,0.012767816412573307,0.0002764755345260512,0.013157813075399968,0.006108502323608611,-0.007086753256800036,0.005979787385919806,-0.007562297184873072,0.005921743571766299,-0.007562297184873063,0.005867434827635968,-0.007562297184873066,0.00753501406007604,-0.007562297184873061,0.007417533646754766,-0.0028149683681796813,0.011057749528485955,0.00685329935319113
2024-06-03,0.008251284082436765,0.0027815687242033526,0.008781207116945682,0.0016696333108964388,0.002542630450533762,0.025155648454647572,0.002983761372335076,0.023476656049922447,0.003190043050094019,0.023476656049922478,0.0033877357729082264,0.02347665604992247,0.003984126977542086,0.023476656049922384,0.004433622358442433,0.011934463655667237,1.8185235279650352e-05,0.006098546995062964
2024-06-04,0.002986674657237047,0.0050331533996199815,0.0031459081418689105,0.004210682950667484,0.007146377007524799,0.005474732347464439,0.007200173124577463,0.0072464493367580774,0.007222517146170878,0.007246449336758042,0.00724214585252127,0.007246449336758056,0.008500019254667462,0.0072464493367581,0.008543180170449149,0.011883177519463762,0.005795472175100187,0.0014154916703029228
2024-06-05,0.012896235199994662,0.0021022732979093925,0.013453561192784916,0.0029547677281190404,0.008667410652355075,0.031009224308761074,0.009064694417138305,0.03173417830846227,0.009250693308827702,0.03173417830846227,0.00942896377609308,0.031734178308462264,0.007366439407104832,0.03173417830846225,0.00780502228761006,0.02995146896537612,0.005372904433700123,0.008093990526843215
2024-06-06,0.002552734058742332,0.004464761387451993,0.002457140134090738,0.004656431301547253,0.004102840934896721,0.0025877504640684935,0.003955268250683669,0.0023464134914574285,0.003883974268201011,0.0023464134914574224,0.0038142499116073977,0.0023464134914574293,0.003983654351377047,0.002346413491457435,0.0037984987973561602,-0.0019014019000730621,0.0036609394250603972,0.0032055073910123516
2024-06-07,0.00267385400495293,-0.004968616885331466,0.002521785788575534,-0.004220622217092596,-0.00038103232193774486,-0.0031783005194523373,-0.00038698210460538156,-0.00030042536472259116,-0.00038894565286393416,-0.0003004253647226221,-0.00039022771410632045,-0.000300425364722624,-0.0006862210783611888,-0.00030042536472256687,-0.0006937059074278583,0.0038721194148372386,-0.0012643375156345502,0.002146123830832262
2024-06-10,0.0033852709152442056,0.0017019606316721377,0.0002512819233957078,0.001920767197274841,0.002158144090812274,0.009945052943698424,0.0022123499790389703,0.01272821910317067,0.00223726006659137,0.01272821910317067,0.00031816806488111726,0.012728219103171436,0.0005686604279738754,0.013246296931932884,0.0006317546026377955,0.012535468103608578,0.0019561012814017804,0.004231059852355934
2024-06-11,0.009367657466293434,-0.00013816128722934738,0.0072788508056931146,-0.0036908086078949716,-0.003084452560759836,0.0011976146503817067,-0.003128473415294015,0.0019562848099603206,-0.00314985120608259,0.0019562848099603245,-0.004403836034402101,0.0019562848099597243,-0.004413339134251452,0.0021605084880552457,-0.0044393785306271714,0.0021605084880552566,0.0005271341542620394,-0.008428307084444609
2024-06-12,0.0077057189961452464,-0.00589747224939283,0.004020858525079305,-0.006249113944280205,-0.0031088948853631,0.010742740617861134,-0.0027714718436300722,0.011571868527307055,-0.002612805294675716,0.011571868527307055,-0.0058140134492759826,0.011571868527307454,-0.0056645709235342385,0.012846194969388477,-0.005259391869446387,0.012846194969388502,-0.0010696417766489087,-0.0026150301605801984
2024-06-13,0.0007623902156627191,0.0041896617380000915,0.003066633632342387,0.004581060114457677,0.007502711449214554,0.005480550430044508,0.007747507358810963,0.0013812637446015093,0.007863302850338795,0.0013812637446015026,0.007934495601580127,0.0013812637446028394,0.008029905186134834,0.0029784222039909466,0.00828803713808181,0.0029784222039909406,0.0005526521035542366,0.00790478701708853
2024-06-14,0.0034004383559618776,0.0009321833280606655,0.0020744909573126614,0.0020351576401041512,0.004013550170881453,0.008938731020700343,0.004141628241538492,0.0062409506799113255,0.0042011568812754625,0.0062409506799113255,0.00403651875488421,0.006240950679911072,0.004084907231430136,0.005534573177489634,0.004213500407637761,0.005534573177489503,0.007525645773844895,0.006816908557268766
2024-06-17,0.00846527246508863,0.0005917262181749665,0.00767076034582407,0.0012220379787334665,0.006007074827472673,0.003931612174389108,0.005897267614440735,0.0003303521647288761,0.005845560589664136,0.00033035216472887525,0.004387854083425124,0.00033035216472869635,0.004348073932349388,0.0013863364263965493,0.0042361526133832626,0.0013863364263965764,0.003779697139947964,0.004621298903397793
2024-06-18,-0.0007478025018615587,0.0047064140628384895,0.0024815210128036496,0.005899045315702062,0.007724726583069563,0.006610651491568296,0.007968925770340638,0.003057615782134622,0.008084029300345921,0.0030576157821346145,0.008559986755400156,0.0030576157821358705,0.008650277021511815,0.003817913904961125,0.00889180904868149,0.0038179139049610983,0.0027029609426206134,0.010113809263867166
2024-06-20,-0.0028751484681754373,0.0029782289226962314,-0.0016422995072920927,0.002709479756907436,-0.0013857082340571342,-0.010357088844261248,-0.0016929795030207408,-0.0032035503952241545,-0.0018370979660126056,-0.00320355039522415,-0.0027518104874798806,-0.0032035503952249876,-0.0028741423704099827,-0.004037996451212084,-0.003213018634188122,-0.0040379964512120645,0.003366166172776768,-0.0031270573518493933
2024-06-21,-0.004497972804572021,-0.0023077801800460386,-0.007342402476948148,-0.0036805327641996287,-0.0055007012000814854,-0.01710926465409097,-0.005751269657968143,-0.0071027170874479705,-0.00586807822205602,-0.0071027170874479574,-0.005647326519132076,-0.007102717087450113,-0.005735168704093967,-0.00807613457099618,-0.005962108374129042,-0.008076134570996173,-0.0004954452132888718,-0.011699190337833591
2024-06-24,-0.004785475782280727,0.005424777427051469,-0.004321104545671816,0.004943648806697598,-0.002340663435321727,-0.01945737006605354,-0.002905671056682131,-0.02334530823598328,-0.0031719677916768755,-0.023345308235983277,-0.0004491159636206696,-0.023345308235985004,-0.0006779194335813641,-0.023586189195663188,-0.001289623693844317,-0.023586189195663167,0.0025516736444297595,-0.0014914511627324358
2024-06-25,0.013023183335522975,-0.0018903492824137009,0.00837982853109533,-0.0008310791470112291,0.0021980165497252112,0.030313255468062024,0.002777819099981204,0.031227200400017557,0.0030518560553491987,0.03122720040001757,0.002272158493293456,0.03122720040001791,0.002510392030244496,0.029276045741946293,0.0031646504216774674,0.029276045741946262,0.00029209798708138506,0.006784884464017373
2024-06-26,0.007990126765285661,0.0020680297330257003,0.007470094972714215,0.0015921735468405265,0.001559380042790232,0.006586014015807128,0.0015698924134046903,0.013841104078963789,0.0015733023294461413,0.013841104078963783,0.0016802554161761325,0.013841104078964987,0.0016818870112210883,0.014190920490814775,0.001683441031780977,0.01419092049081479,0.0016570858343148923,0.001361627063245999
2024-06-27,0.0041916636559439936,-0.006603192732157854,-0.0017081694325987483,-0.006456483504801363,-0.009452830518638827,-0.0019425423413405685,-0.009535703987390919,0.005447256108504912,-0.009574863269008638,0.0054472561085049135,-0.009861252766211963,0.005447256108504671,-0.009887883387962374,0.0047677979063999254,-0.009954142020295301,0.004767797906399918,-2.8728969527707033e-05,-0.004936900438186569
2024-06-28,-0.009347982558625812,-0.006152683892998565,-0.009663508716959961,-0.0038692013563032383,-0.004485433418282274,-0.01249343962707413,-0.004461799961320576,-0.018679565786104656,-0.004449895215359998,-0.01867956578610466,-0.003457692052937271,-0.01867956578610474,-0.0034524011384710423,-0.018224146807979673,-0.0034345255689133534,-0.01822414680797972,-0.00405381623709081,-0.0004622249878739614
2024-07-01,0.012526093159221121,-0.00016897971527266237,0.011474953616183147,-0.0004118347288534622,0.0014654197877986977,0.002638458907415237,0.0014931485485122342,0.008712377881639833,0.001506969061767841,0.008712377881639838,-0.0016199345902646713,0.00871237788164017,-0.001594320122850009,0.010439362044618369,-0.001525878025880383,0.010439362044618405,0.001238630564263609,0.0032736604894490944
2024-07-02,0.011218020190080604,0.003395924977215829,0.012146833466158417,0.0033027608915077618,0.010359404558249193,0.005207566590887911,0.010154303961228413,0.004420354259470975,0.010057893531809504,0.004420354259470978,0.00885400007470592,0.004420354259470328,0.008768437636756016,0.0037490867324653445,0.008524851519757938,0.0037490867324653358,0.0052008083894407075,0.005083153949588692
2024-07-03,0.004294822483944723,0.0024164378676708714,0.004652186470543865,0.0029064228388537674,0.006931106962348668,0.013937589573775885,0.007277935905960245,0.010688688293065159,0.007441734814308725,0.010688688293065157,0.0075015105938696135,0.010688688293065777,0.007639528854198728,0.010700013391596304,0.008016059653838111,0.010700013391596283,0.0007947115816364734,0.005629080921245267
2024-07-05,0.015394720816199546,0.004404725667928804,0.012322642640239315,0.003883297937419938,0.007110800627782272,0.021111094792938035,0.006892890476210637,0.018120872327048832,0.006787270902026712,0.01812087232704884,0.005801630685441775,0.018120872327048208,0.005712289550032942,0.017022099508907495,0.005459621921190816,0.017022099508907502,0.007429692041153362,0.006704455731431906
2024-07-08,-0.0017006079509855618,-0.002740220130849378,-0.003148185112850601,-0.0029324119821157813,-0.0015246290816253606,-0.0022249135594926035,-0.001344329496292819,-0.0021225856305550216,-0.0012591532623659248,-0.0021225856305550255,-0.002447818755494981,-0.00212258563055452,-0.0023757273961740157,-0.0015811782868056653,-0.0021858302090931544,-0.0015811782868056738,-0.003251893932287051,0.0007039099221985898
2024-07-09,0.0034513450838163035,0.001288453012327361,0.0028183863789150703,0.0023769737338008965,0.00201218934928952,0.009898931747602426,0.002231418095818805,0.007875757952088489,0.002334375243166204,0.007875757952088483,0.0034080535820897877,0.007875757952089158,0.0034844735704843777,0.006465179629033645,0.003688836266798135,0.006465179629033621,0.0006415815551774792,0.00832213002374397
2024-07-10,0.008858604095192233,0.008294653926060555,0.005633803827269271,0.006963769797738393,0.0013438072532215145,0.010081795984435319,0.0015623293074550318,0.012556643935812618,0.0016632242968936917,0.01255664393581262,0.0004667563624380603,0.012556643935812685,0.0005587482130179058,0.012852672074690338,0.0008070474860558691,0.012852672074690352,0.007075604351474194,0.005906582305894407
2024-07-11,-0.02779936483530184,-0.005022115158042209,-0.028498040979781085,-0.007345310392803483,-0.01507562922610401,-0.044989218343082636,-0.015387676776603808,-0.03910141962299633,-0.015531589423103688,-0.039101419622994765,-0.011938198295347027,-0.03910141962299516,-0.011211269722607886,-0.038644566370129925,-0.011547203154775684,-0.03864456637012994,-0.007174952335963855,-0.017427505001838043
2024-07-12,-0.003241376109947684,0.0031877117699148335,-0.0030777575148520243,0.0016257716061303885,-0.00044326561683489347,-0.0053366847257665245,-0.00035592793537425203,-0.004890386197718158,-0.0003162254834091552,-0.004890386197717844,0.0010689953229328696,-0.004890386197717922,0.003736780584055659,-0.004873867699450253,0.003773678005779161,-0.004873867699450255,0.0025116667575917568,-0.002178330915015152
2024-07-15,0.006505988644172987,0.001940559279950413,0.006281034402209201,0.0036950580916080946,0.004192671870684617,-0.0006228596164600218,0.004104203770244919,-0.005428052431175489,0.0040624716328269425,-0.005428052431173572,0.004967560779808337,-0.005428052431174295,0.0013465975021110716,-0.006126527376622713,0.0012857846366097951,-0.0061265273766227145,0.003086847963329103,0.007237277822230038
2024-07-16,-0.0017866273551331606,0.009282672582791047,-0.0020298608098940703,0.008994663583033276,0.00036060887491561316,-0.009388023918148204,0.00015626465620431672,-0.009642123489088878,5.675278736184605e-05,-0.009642123489089507,0.0009139586411014309,-0.009642123489089077,0.0005486948452770074,-0.009220941162051884,0.0003043038754000581,-0.009220941162051879,0.007231936677237653,0.006310955874832866
2024-07-17,-0.018615326005808498,0.0091129513039383,-0.019297570357871024,0.007767794250285046,-0.0004834446084182647,-0.04005963809016919,-0.001052811661443235,-0.046387450740260114,-0.0013213108059519799,-0.04638745074025571,0.002033228236068436,-0.04638745074025739,0.0018113698683311311,-0.04614544179524368,0.001167752893190984,-0.04614544179524372,0.0031072232012293584,0.0003584194131788491
2024-07-18,-0.01034070804247875,-0.003961461440054492,-0.00981899395049304,-0.005685075184702683,-0.007927795271140563,0.012593145855066068,-0.0076346040951406876,0.008369985359672401,-0.007497297925712573,0.008369985359668552,-0.0071260848382737356,0.008369985359670158,-0.003212207195562938,0.009499341885889072,-0.0029570820158066643,0.009499341885889094,-0.007433682797732819,-0.008829122223689173
2024-07-19,-0.0035812776238336647,-0.004433804142456876,-0.003826715180614483,-0.004233353159276334,-0.0038483938245084896,-0.0076962552755925635,-0.003988944558608473,-0.008265316339098707,-0.0040530512110981895,-0.008265316339097542,-0.004640449481382996,-0.008265316339098097,-0.004339465091083284,-0.008988722077384395,-0.004469622094693265,-0.008988722077384397,-0.005384191190774517,-0.004091466513126426
2024-07-22,0.011596763427601364,0.00050521854175105,0.012063857864748898,0.0016213420795610062,0.008603026664405095,0.026529409260557663,0.008912701176889182,0.022253997843876425,0.00905772911144015,0.022253997843876473,0.008806358063869221,0.02225399784387628,0.0075466288077938246,0.021330654960728165,0.007880219997350094,0.021330654960728175,0.0019092449963114917,0.00845953825163006
2024-07-23,0.004379452952818125,-0.007418909397745804,0.004256746913753599,-0.005836839694980879,-0.00322470582372884,0.0002133706590019982,-0.0032668140665228955,0.004896530236245574,-0.0032873951999760134,0.004896530236244968,-0.005484409931899471,0.004896530236245107,-0.005074320349776881,0.005261680760433848,-0.005093597882792671,0.005261680760433839,-0.005527400371987401,-0.0012328379251271941
2024-07-24,-0.03376898122408358,-0.0003064683937919491,-0.03428479333168118,-0.00262359588755097,-0.01812828889601665,-0.04977647000325126,-0.01846442642122758,-0.051261186023423194,-0.018619237791943445,-0.051261186023423076,-0.017151089742092503,-0.051261186023422875,-0.014458953616468614,-0.04980790284617007,-0.0148250384700997,-0.049807902846170087,-0.012257360792605747,-0.015339048093302972
2024-07-25,-0.01398736069769388,0.0010617017462733812,-0.01409010098873573,-1.5316381907668928e-05,-0.00907927647333324,-0.018753377848787323,-0.009134189352328155,-0.015009782089214652,-0.009159294995008881,-0.015009782089216954,-0.007143538051763696,-0.015009782089215704,-0.006634903323793028,-0.014358786893007288,-0.006713196652365592,-0.014358786893007259,-0.0011106363996745163,-0.006006647140346808
2024-07-26,0.010573678005138917,0.006796704764222626,0.010529586713338125,0.00691236627296773,0.00928696841017128,0.01108300016168485,0.009197441789433264,0.014468724178702423,0.009153549181657318,0.014468724178700102,0.009632174627402918,0.014468724178701244,0.00938074183423987,0.016278082133549573,0.009286212306964865,0.016278082133549563,0.010353234529870695,0.005924121946860964
2024-07-29,0.0003853908110569718,-0.0011653962269253674,0.00027513680058233343,-0.0021282728248447286,0.0020283464286992062,-0.0031276763305294114,0.001935319386208169,-0.001228460091676849,0.0018938335447655616,-0.0012284600916744942,0.0023216607893096416,-0.0012284600916756888,0.0025929539910046775,-0.0024001139262691544,0.002495607611498805,-0.0024001139262691644,-0.0002630068302732181,-0.004122617378498278
2024-07-30,-0.004825697600837129,-0.014758805760069067,-0.005620735243793041,-0.010362413226757307,-0.024979246438823835,-0.02434015092201427,-0.025574640557943434,-0.024745929927250748,-0.025864913832089095,-0.02474592992724655,-0.023137948518431126,-0.024745929927248254,-0.0239425969601989,-0.026087080678410375,-0.024606981445581873,-0.026087080678410382,-0.002383319105186285,-0.008902728837160041
2024-07-31,0.01683149624946721,0.00359337739219159,0.018186320470047125,0.004032122869754704,0.008962504215619584,0.05114253119693182,0.009941936273503834,0.055410006308395966,0.010399672889187073,0.055410006308389055,0.016541240808612554,0.05541000630839196,0.01629122987101599,0.053595404922776035,0.017213790735480024,0.05359540492277614,0.00769057620058229,0.01404078048336146
2024-08-01,-0.010341122848845415,0.0022824777946502902,-0.010836668316303347,-0.000621380809116913,-0.0030071321244791367,-0.007867181764672491,-0.0035445324539382485,-0.010671117275073168,-0.0037974110974881986,-0.010671117275072283,-0.004059164463150452,-0.010671117275072712,0.0007545342187367468,-0.0105128277098747,0.00012201601215178153,-0.010512827709874722,-0.004594849753158904,-0.009871422134587067
2024-08-02,-0.023875918784493858,0.006035109406571324,-0.023828684427163016,0.0011110455513137288,-0.005378368818664516,-0.011610381513407758,-0.005441879160905862,-0.0398705370637132,-0.00547029405763496,-0.039870537063710916,-0.003219325142477085,-0.039870537063711894,0.004351788495503329,-0.03953611865628425,0.004164283444476587,-0.03953611865628428,-0.010629806914845616,-0.012004238775819768
2024-08-05,-0.03555661792810934,-0.024239897098679446,-0.03589653937222144,-0.024650498725740135,-0.02754768470293009,-0.038536153207883526,-0.02784169264749251,-0.04343940588590681,-0.027980221631627163,-0.043439405885906966,-0.02952275264835133,-0.04343940588590677,-0.029105056590667342,-0.042258896745692574,-0.029409969184565204,-0.04225889674569259,-0.029086687428166325,-0.028139605593559897
2024-08-06,0.01415009157239575,0.0011839450408854626,0.014412266541237485,0.004009312593942535,0.01091786072342552,0.027954943479490645,0.011100520705589322,0.02401949999809418,0.011184160303643643,0.024019499998089857,0.011653617157148766,0.02401949999809178,0.00823126205193926,0.025751004194599414,0.008446795529881364,0.02575100419459942,0.006625230318154166,0.013034392261486347
2024-08-07,-0.0036282082264094276,-0.0017403701807562346,-0.004184789752843412,-0.0023480287438634377,-0.005691731909116526,-0.020511903819376287,-0.006056674525228576,-0.016539123366745036,-0.006226233845194431,-0.016539123366742067,-0.005586659239743584,-0.016539123366743316,-0.004955070905256065,-0.017245067420730235,-0.005326746731291181,-0.01724506742073025,-0.0038648027459007757,-0.006942521232437945
2024-08-08,0.02522106952940192,0.013676205021004927,0.025682632597477845,0.015453759324813713,0.019553557894834643,0.04381696983171365,0.019926045667453963,0.03861661398543868,0.020100818372464618,0.03861661398543593,0.020448127532426672,0.03861661398543713,0.018750024056375745,0.03774169697992429,0.0191400884832407,0.03774169697992434,0.01730709722269713,0.02478178957339623
2024-08-09,0.010252706376925491,0.0019557346110348497,0.010294041462005613,0.002450475232309371,0.004264274706490489,0.010280078486023648,0.0033240298170219475,0.0071675108013331545,0.0033050719402889597,0.007167510801333266,0.003525687823831396,0.007167510801333199,0.0035206641538424004,0.0069814594565071495,0.002742354625742766,0.006981459456507155,0.003885982529386727,0.0038089114941184474
2024-08-12,0.003317293228536097,0.0009138573831842017,0.0032908950896229634,0.0017823741239463874,0.0026477006398197655,0.014395947496995914,0.0025256825084118946,0.010079845205200891,0.0027161693926537863,0.010079845205200784,0.002900329093773258,0.010079845205200865,0.0030784058782983873,0.011117553107150633,0.0027905257175640918,0.011117553107150636,-0.0005451325035582854,0.007439817783025019
2024-08-13,0.01034248615559913,0.005159856290160117,0.010367346776455415,0.006197827913853059,0.009072292522684669,0.028196138204277906,0.008539088806590281,0.03423447620073279,0.0088093401254928,0.03423447620073267,0.009072036183319579,0.03423447620073276,0.009327302148469089,0.03485210167217995,0.007898508663248437,0.034852101672179954,0.008789769651265595,0.010081344432445948
2024-08-14,0.0009444745604776325,0.005995807902952619,0.0008867407856131304,0.005946229199500044,0.006353541972413889,0.004375022826316951,0.005823902206464484,0.0014630625314076611,0.005874580402372065,0.0014630625314075037,0.005923131676013846,0.0014630625314076215,0.0059696449965547585,0.0044601846553113,0.004849933802128203,0.004460184655311302,0.004294528650212435,0.006458099198313107
2024-08-15,0.023564666513013824,0.014129986036501733,0.023502628948532375,0.013261539460080338,0.018580990510373287,0.023878172842157964,0.01962510240930852,0.03195394089533945,0.019734826409344132,0.03195394089533929,0.019839331458316883,0.03195394089533939,0.019938925313520192,0.032556398074271915,0.019877747526291015,0.03255639807427191,0.0167948856943261,0.01730824318024479
2024-08-16,0.0006075168214434213,0.0031341169368144426,0.0005483846951211385,0.003153861001748785,0.0031642017080318785,-0.002500594589127955,0.003975555743174874,-0.001199217884686387,0.004015659946424247,-0.001199217884686318,0.004054540038187681,-0.0011992178846863656,0.004092215009725716,-0.0028363815701637845,0.003071101606778635,-0.002836381570163787,0.0025424531319680147,0.003040328274238974
2024-08-19,0.006092724413472962,0.005355354941299295,0.006098526746894775,0.005809433981349312,0.0057977079520725285,0.01540800358805618,0.004800727792393487,0.018351892497871444,0.004989185359471635,0.018351892497871482,0.005171332070676271,0.01835189249787144,0.005347380529811165,0.016806489253147813,0.005193588119909313,0.016806489253147816,0.007521647221658157,0.008709522846293359
2024-08-20,0.003430956890586428,-0.0009558630541254757,0.003392189834436491,-0.0015231053500909643,0.003789980049201113,-0.006899139264313343,0.003167350161977734,-0.006374522943851121,0.0030513528609876347,-0.006374522943851066,0.0029388902953458628,-0.006374522943851102,0.0028298636798893013,-0.0059047565318081155,0.003419053041251268,-0.005904756531808118,-0.0007120885730669624,-0.00308779725570052
2024-08-21,0.0032978823428595166,0.0025863139203581124,0.003334028905460974,0.0025147442328891352,0.00294220954277319,0.009572800192112041,0.0028719936725659233,0.009015578274060241,0.0029069547701687957,0.009015578274060139,0.0029406972443934884,0.009015578274060208,0.002973278705146949,0.009655739699808222,0.003967013624032066,0.009655739699808222,0.0030816150574018847,0.003712006311086682
2024-08-22,-0.0066296180055199095,-0.001373747227491785,-0.0066080753828486475,-0.0019073186029314054,-0.005040859368026351,-0.013291332994473798,-0.002771577717933916,-0.020788866287005575,-0.0029360296789368375,-0.020788866287005534,-0.0030965646014535827,-0.02078886628700556,-0.003253187393239721,-0.021578073029152912,-0.00410862551927174,-0.02157807302915292,-0.004174604717119363,-0.003630758915053928
2024-08-23,0.004423771497232747,0.008345060933869004,0.004390590087839332,0.008793591769326954,0.005612832664467806,0.012772753470402824,0.004993233710933899,0.014094295953256985,0.005184000932651395,0.014094295953256975,0.005369303987809591,0.014094295953256984,0.005549263785136276,0.013281568670723973,0.0064521700512319684,0.013281568670723979,0.0075324491681793716,0.010164231615238706
2024-08-26,0.0007302299961452735,0.005811733083686591,0.0007302304464033309,0.00571477598849252,0.003589357784589126,-0.005725107596535883,0.00477862600290557,-0.012940766087532094,0.00464764253353795,-0.012940766087532004,0.004521056059183571,-0.012940766087532066,0.004398743787257196,-0.014058574969964687,0.00393263666292124,-0.014058574969964694,0.002157918475038567,0.005234601750704766
2024-08-27,0.001399270598917287,0.0004018199265936614,0.0014084612185364912,0.001439029034375487,0.006113458105488776,0.009172194386589255,0.007744928590438595,-0.0017569299387749917,0.007780189927479572,-0.0017569299387750442,0.007815127734399517,-0.001756929938775007,0.007849714521527761,-0.0007815553494927899,0.007074218649476594,-0.0007815553494927951,0.00024969857255476843,0.00529309296957457
2024-08-28,-0.007520785256434014,-0.0020840529796553506,-0.007544630935553185,-0.0025466537052963823,-0.005508009912632294,-0.01400862783852255,-0.0055861846503936965,-0.012762328062805103,-0.005672612393870397,-0.012762328062805096,-0.005756458694481241,-0.012762328062805094,-0.005837814189619532,-0.012434002497557755,-0.00592074306392628,-0.012434002497557757,-0.005750859267502104,-0.0065034553213054016
2024-08-29,0.004190694224379508,0.0017048116150457605,0.0041539056419318595,0.0008376722186540001,4.612414324946723e-06,-0.018382556629210137,0.000996809989638902,-0.01665720408123662,0.0006825731510519046,-0.016657204081236575,0.00037797803868770696,-0.016657204081236592,8.274821709846778e-05,-0.01538641532967505,-0.0010080336468777527,-0.015386415329675057,0.0024934501275821618,-0.004621102562242432
2024-08-30,0.01052509694553679,0.006183824876345765,0.010503638010846432,0.006414292606513992,0.009159708429451333,0.009441262613463453,0.008675441020578859,0.018439280183390003,0.008706898355475669,0.01843928018338996,0.008736989883543218,0.018439280183389976,0.008765783612094534,0.01842334291343098,0.008646326085619452,0.018423342913430982,0.007801531372271602,0.007207179040900081
2024-09-03,-0.017983663077113153,-0.007720932938207972,-0.01800979300185934,-0.009344333937778547,-0.010446150633608957,-0.04071526403582851,-0.009463051192979677,-0.04153699837985241,-0.00988408109232752,-0.04153699837985241,-0.010291331591247939,-0.04153699837985241,-0.010685286223438107,-0.03969819637503943,-0.008464766065700076,-0.039698196375039456,-0.010328272360307257,-0.015273567987336532
2024-09-04,-0.002125165028312714,-0.002581487987207801,-0.0020840136683162687,-0.002930702991052423,0.0007700241763945456,-0.0009282572746138725,0.0010198024483683403,-0.009946216807892391,0.0009451843959867393,-0.009946216807892372,0.0008724144567628185,-0.00994621680789239,0.0008014900570477059,-0.009499829756901399,0.0012576971758763485,-0.009499829756901404,-0.0021788327353598996,-0.0020924412759323525
2024-09-05,0.002373936529008602,-0.0057127604016168985,0.0023798414266924953,-0.006421935389917493,-0.00531437010729457,0.0030982749880431046,-0.006435688096824508,0.013632530725403819,-0.0063516681074021804,0.013632530725403777,-0.006271172238233437,0.013632530725403809,-0.006194030340065504,0.01300283598430423,-0.006759162337667681,0.013002835984304234,-0.003446806057005492,-0.008589006428162179
2024-09-06,-0.01943029809566395,-0.006265649951077289,-0.0194949299860179,-0.007254529750316008,-0.009888181478895253,-0.027410231269038125,-0.008574521558277398,-0.036866735240200135,-0.008733590352774302,-0.036866735240200184,-0.008886678945225698,-0.036866735240200135,-0.009034065194987766,-0.034485540866841594,-0.007076659022230534,-0.0344855408668416,-0.01211087485121717,-0.010589443245307395
2024-09-09,0.010846729116364497,0.009222792246910423,0.01084433845193276,0.010676372751034818,0.015612578384066277,0.02215640795397155,0.017408485116905643,0.019015461016519776,0.01749884833286098,0.019015461016519578,0.017586582209343324,0.01901546101651971,0.017671758093872256,0.021349819030302343,0.017089160349682882,0.021349819030302346,0.01084428984789784,0.017179105848539475
2024-09-10,-0.0010385350422141273,-0.0018964549222599074,-0.0013560138940285058,-0.0038747556508156107,-0.00024031806680120186,-0.0013622117385198936,-0.002078212242203376,0.011233511791642607,-0.0019863338114454497,0.011233511791642618,-0.0018950482051776573,0.013569016656366072,-0.0018046209072579385,0.013758559869783428,-0.003541343595677484,0.013758559869783485,0.0008279608761386937,-0.0068620284009154155
2024-09-11,0.009883942418954938,-0.0025490841846183927,0.008904600443497505,-0.0011119116824948004,0.0066361795527210225,0.031495609228164356,0.0030260258729332135,0.03762083530179469,0.0034220827713934564,0.03762083530179471,0.00380673277318666,0.03907185437362332,0.004180181339804027,0.03907185437362347,0.005206138907886892,0.03907185437362332,0.0031687760423822152,0.004388552833611353
2024-09-12,0.007690653452712798,0.00426011952765095,0.008244350075859554,0.004017445723367163,0.006269029391148229,0.018389937330603245,0.0051307743845187635,0.019476376533130793,0.005202026726423703,0.01947637653313079,0.0052708343321866075,0.018787613243667112,0.005337302296634311,0.01878761324366718,0.005254330536645671,0.018787613243667105,0.007838552728162309,0.005298459693755228
2024-09-13,0.00045778197304812535,0.004745242938040651,0.002331696988696958,0.004023294761887038,0.003959067242413046,-0.001445553842471615,0.003572791169139527,-0.0013721598648557662,0.0035493499406294053,-0.0013721598648557727,0.003527375048506902,-0.0006374188457250023,0.003506747272569935,-0.0006374188457250764,0.0023573280798505868,-0.0006374188457250521,0.0008249027055652251,0.0022052952475331783
2024-09-16,-0.0003183417938525192,0.005859414559269098,0.00017485882278272602,0.005915038979907144,0.005013049469831131,-0.0015307764785422039,0.005591006124777417,-0.004062126409350496,0.005463107020510392,-0.0040621264093504885,0.00533926886237227,-0.003000391187200691,0.005219360787525022,-0.0030003911872007283,0.005995102891137097,-0.0030003911872007022,0.004408725168841356,0.0038886057083528614
2024-09-17,0.0002314466228645559,-0.004272986537216316,-0.0017152331820856719,-0.004142862302438315,-0.004703116091895212,-0.004180874456895125,-0.005632247212952972,0.000714483687949981,-0.005655026841325754,0.0007144836879500009,-0.0056756967009262025,0.0027653313635031995,-0.005694447850720031,0.0027653313635031583,-0.002054180174872745,0.0027653313635032013,-0.0002976283946166448,-0.007559005469066473
2024-09-18,6.637352894208783e-05,-7.563356615498219e-05,-0.00025091242123332,-0.0008006692601450465,-0.006871994458091842,-0.007260176536647106,-0.006493316073568077,-0.006101806272949593,-0.006562682842391983,-0.006101806272949591,-0.006630966864745878,-0.0065697593828668785,-0.006698075570885229,-0.006569759382866848,-0.009019780266655165,-0.006569759382866888,-0.002223871804620869,-0.0031492131596617835
2024-09-19,0.017763630632724414,6.388778468009563e-05,0.010697832765774037,0.0007090548164996117,0.0011201463027678603,0.027887113421395767,-0.0015143886485855095,0.030159251056011537,-0.0012988756069055927,0.030159251056011548,-0.0010906051266125762,0.031067385618989217,-0.0008893223051508635,0.031067385618989328,0.0007206283810983767,0.031067385618989234,0.009114159082342184,0.003468490674147299
2024-09-20,0.0013935631041108215,0.0035562727154017475,0.005340497707470136,0.0035336358760448376,0.004744598310678104,-0.0011840539183566733,0.004795403286428848,-0.00012593233349602565,0.004684272443926615,-0.00012593233349603074,0.004574798115665503,-0.0015983041657901854,0.004467122338745018,-0.0015983041657901442,0.002537039627346672,-0.0015983041657902008,0.00022636868416773485,0.0053632861990353725
2024-09-23,0.003082205083280349,0.0012448659629335167,0.004205535829491614,0.001094173667985926,0.004977608390756765,0.005814366314793039,0.004595284202777656,0.006991302080213699,0.004582162533432653,0.006991302080213689,0.004568723947398885,0.005473365444940877,0.004555079852551267,0.00547336544494095,0.0036887501503373383,0.00547336544494088,0.0026374645582425815,0.004458772929596846
2024-09-24,-0.003829176436404245,0.0011485075775732577,-0.003425894470094856,0.0009407600328312891,-0.007871155980599771,0.00630910911249822,-0.006420237297863953,0.0097510008077754,-0.006188121420127804,0.00975100080777542,-0.005965127147386603,0.010444381422917154,-0.005750901438938182,0.010444381422917324,-0.008015904801661151,0.010444381422917157,-0.0025906176148985916,0.00025539315726181774
2024-09-25,0.0012070278335792623,-0.002027811919059832,0.0019740730380554245,-0.0015787870281026074,0.001807162030616529,0.010832351935348412,-0.00047861840655931214,0.00775590898024755,-0.0003702617658918108,0.007755908980247542,-0.0002663309871399435,0.007677807791830834,-0.0001665991918969517,0.007677807791830837,-0.0004510858104876474,0.00767780779183083,-0.002915087992735548,0.002182247221013417
2024-09-26,-0.0035772866935702874,-0.002834989893431427,-0.004210169862536662,-0.002814944261399496,-0.001660792590673468,-0.0014609307150503003,-0.0007393636959025237,-0.001863854747692139,-0.0007110508022742524,-0.0018638547476921292,-0.0006813997110515097,-0.0012806240153132135,-0.0006506891866907263,-0.0012806240153132036,0.0020401421602969684,-0.0012806240153132148,-0.0009345019499118122,-0.003559422469941748
2024-09-27,-0.005219531882606012,0.004668909720098054,-0.0036637702921239476,0.003791788251341409,-0.0018727949911936956,-0.011560362584834838,-0.0012192835483126312,-0.013399914483422811,-0.0013257199297063568,-0.013399914483422795,-0.0014278314527001652,-0.012407733728718047,-0.001525839653728623,-0.012407733728718076,-0.0009981803762797465,-0.012407733728718043,0.002934746952402012,-0.00023633440142649354
2024-09-30,0.006595454682085908,0.005626684205350478,0.005564703559025575,0.005122140467711905,0.0022719392083779947,0.0032609001514261942,0.002142360484562493,0.0002691937030035619,0.002132882167785024,0.00026919370300356046,0.0021231001172195836,0.0007002555595536363,0.002113083286851397,0.0007002555595536026,0.000681619403670024,0.0007002555595536343,0.0052543098025308235,0.004390434228587401
2024-10-01,-0.011487992916325018,-0.003105508549649944,-0.009792800405718139,-0.004519333025751752,-0.007622484997653681,-0.013761089418775276,-0.0053861663742061075,-0.011819516482358003,-0.005545089663400027,-0.011819516482358,-0.005698569394795093,-0.01302184177477538,-0.005846793496312553,-0.013021841774775311,-0.0063632001668337095,-0.013021841774775403,-0.004023262185523588,-0.008118795143574612
2024-10-02,-0.002696064315555931,-0.0017423318230547417,-0.0041903488073410785,-0.001907323275802255,-0.0032603164458661947,0.003352959396697302,-0.002680379255174706,0.0023704465453498235,-0.002582585771443206,0.0023704465453498217,-0.0024874168958688415,0.0013931359346417396,-0.0023948434626705796,0.0013931359346418199,-0.001106281396380707,0.0013931359346417416,-0.0007044894434489992,-0.00103254255358624
2024-10-03,-0.0027563669056762095,-0.002303339647505259,-0.0037443312919599853,-0.0027988490887972447,-0.0015476941479760109,0.01334268365858084,-0.001500952615798291,0.010441146310913587,-0.0013213978679694552,0.010441146310913592,-0.0011459348412039708,0.010625253799508618,-0.000974622074597166,0.01062525379950872,-0.0006344028981817377,0.01062525379950862,-0.001486106850262066,-0.0017543671868632956
2024-10-04,0.014665233315699893,0.004723319882855072,0.010675270327490051,0.005707297403899052,0.006441824832530531,0.017932975978683707,0.006445557954256544,0.02018596840095439,0.006500951898899282,0.020185968400954393,0.006552731183274485,0.019221099421452472,0.006601210463667962,0.019221099421452635,0.006628166292748362,0.019221099421452472,0.006571927394215069,0.009793713715747858
2024-10-07,-0.0152772520086182,-0.0108576522366001,-0.01669687698383672,-0.010168463100258597,-0.010188424749186159,-0.0022650662701466646,-0.008496457496279159,-0.009156234122825013,-0.008333819041017355,-0.00915623412282502,-0.008175149176779058,-0.009645302238096901,-0.008020477446064215,-0.009645302238096854,-0.006437778484748713,-0.009645302238096913,-0.011441654700550986,-0.009117804257222403
2024-10-08,0.010038471709328357,0.0029344835770667545,0.00991554689282644,0.003580306832238469,0.009962079215269133,0.02199852505430238,0.008871200183915611,0.021416639387466054,0.009034581656353496,0.021416639387466043,0.009193208219634142,0.02075249457030241,0.00934716812721575,0.020752494570302468,0.010258946812368691,0.02075249457030241,0.006571758427240005,0.007448788883451601
2024-10-09,0.010786356588658716,0.006675613510974323,0.010254906403266935,0.0068243079778910415,0.0082203259648462,0.004929419009070505,0.008161338473718202,0.004297532712630185,0.008109523829363568,0.0026883626058636506,0.00805825153239509,0.0028659990758141927,0.007212181306597498,0.0028659990758141845,0.005926581179042181,0.0028659990758141936,0.007354734765371704,0.0052475487332467215
2024-10-10,-0.005733698115606171,-0.0010122892484291579,-0.005592657911267892,-0.0011408391219469652,-0.004148039787353428,-0.004161091005266273,-0.003175995222581267,0.002187444261541332,-0.003068995133627384,0.003501058980256118,-0.002963517339541913,0.0035010589802561124,-0.002616912847133929,0.0035010589802561116,-5.974857989756409e-05,0.003501058980256119,-0.0007881402117039649,-0.0027269807064451866
2024-10-11,0.013441924805056071,0.007147308473626195,0.008042128874394055,0.007744327934716933,0.009220831342004715,0.006531944562613378,0.009064207289198479,0.006095601363698812,0.009023393698099508,0.006725794330779361,0.008982412472699786,0.006725794330779351,0.004449304079635829,0.006725794330779356,0.00622346797867682,0.006725794330779362,0.007533338549216153,0.011293076238872964
2024-10-14,0.0022947617885950736,0.007888877670862382,0.004193080476038658,0.007790914568573277,0.0069397999645093135,0.007667479687421724,0.007555605457319105,0.005564854090100416,0.007640278887354244,0.0061600884935192664,0.007723741434954143,0.006160088493519273,0.008268295480733323,0.006160088493519269,0.009210756246993516,0.006160088493519265,0.0067777450523072375,0.007390010385724491
2024-10-15,0.0051233695506285,-0.00661529103714366,0.0041217459136894,-0.006157628855631877,2.8619518002599926e-05,-0.01398265200472256,-0.001019971858000226,-0.015381648340085142,-0.0012628315603725139,-0.01602216263620351,-0.0015006351629914378,-0.0160221626362035,-0.00027364666240729026,-0.016022162636203496,-0.0016531819932640082,-0.01602216263620352,-0.005526875038365837,-0.003922579319749876
2024-10-16,-0.0032046517235648168,0.0037344525127425343,-0.004067260359943615,0.0033982168375345113,0.002353094447821451,0.0036826862379808582,0.007076784387564191,0.0024541548581930002,0.007216411241175105,0.002636649547679678,0.007356316115373015,0.0026366495476796733,0.006920731314444649,0.0026366495476796707,0.007192829250632137,0.0026366495476796855,0.004771737226058242,0.003712454787648414
2024-10-17,-0.0001634579844615053,-0.0033455898538517935,-0.0013830134206399293,-0.0033808948799027502,-0.0011123128237547101,0.0015735934873608822,0.0001313463556939907,0.003539248064744569,0.00019231104023342344,0.003918961412490285,0.00025312409370850805,0.0039189614124902775,5.7407048910205734e-05,0.0039189614124902844,0.0006337849407607881,0.003918961412490286,-0.0014220018453357363,-0.00365355045737913
2024-10-18,0.004076580147943652,0.003443960368746499,0.005848730098644065,0.0038226957548821525,0.0047294447710337344,0.0028947812287229277,0.0044060599853458235,0.004923015534918073,0.004418650559231274,0.004786233402659159,0.0044304949936528,0.0047862334026591525,0.004406144060918089,0.004786233402659157,0.004122358581910976,0.004786233402659158,0.0024878478037059586,0.003952462933141089
2024-10-21,-0.0034023976633767113,-0.00554474875324539,-0.0043131152763209646,-0.0051248416421392825,-0.0026248543165175724,0.009467114589868063,-0.003862818503387756,0.011544666691959714,-0.0036146763094580415,0.012006591997816339,-0.003372859938296125,0.01200659199781633,-0.0036027078855831373,0.01200659199781633,-0.002626110457358803,0.012006591997816339,-0.0035909105743056505,-0.004282225787959525
2024-10-22,0.009403890701596297,0.0025928280107925987,0.007302583152143515,0.0033350602755789754,0.005380410881920974,0.0068889563977496985,0.001978797210129334,0.005079838202849735,0.0019623858384724894,0.006406644472467423,0.0019446887193645926,0.0064066444724674146,0.0018042829555540933,0.006406644472467436,0.000431940616331865,0.006406644472467418,0.002720805933601533,0.0058026715608704245
2024-10-23,-0.006605837992204011,-0.008236028281030185,-0.010035147601778656,-0.008477154182206691,-0.004257655533391654,-0.01586115938667193,-0.004110822712634065,-0.025118515550252855,-0.0042153622418876525,-0.026434897597379308,-0.004316930061455363,-0.02643489759737929,-0.0021626237971005434,-0.02643489759737929,-0.004118257393935214,-0.026434897597379305,-0.007268484719133927,-0.008646081813060742
2024-10-24,0.002064039036011273,-0.0038428332149118317,-0.0007438073549785788,-0.0036862104890731575,-0.0021332375882848467,0.002817618228479709,-0.0022632433698334007,0.006076729949415475,-0.002208591396024297,0.006746812696111553,-0.002155338423675134,0.006746812696111543,-0.004549817461005439,0.006746812696111548,-0.004186311821089795,0.0067468126961115526,-0.0011365896648674757,-0.0013307857217507758
2024-10-25,-0.0016336770008571096,-0.004844162403281572,-0.000639093452694728,-0.004894830114286296,-0.0037570341885399075,0.0027838525122464235,-0.0051558771554931,0.007392227206104658,-0.005086972726592046,0.008443685792238134,-0.005019709710432385,0.008443685792238122,-0.005664459158709157,0.00844368579223813,-0.005435113807705106,0.008443685792238129,-0.002601975173525291,-0.00504046656399338
2024-10-28,0.006008191318600141,0.0018634896731591355,0.0030568477003632853,0.0017267648672016293,0.0015032658006800368,0.0020626956258754524,0.0029185599712774676,0.0012728124523716361,0.0028760063042899964,0.0009376320086645295,0.0028350064445671064,0.000937632008664528,0.0016628720470163805,0.0009376320086645246,0.0002178744480648043,0.0009376320086645288,0.002951875120792771,0.002366242948772226
2024-10-29,0.0013661933757703382,-0.008990422127806815,-0.0014882973070702399,-0.00881219086830363,-0.006519311037222657,0.007856159228564866,-0.008738626174770907,0.012844107096963195,-0.008654979615134449,0.014546182235850028,-0.008572713873203412,0.014546182235850011,-0.008237853903972709,0.014546182235850021,-0.0091226071047632,0.014546182235850021,-0.002468126313876065,-0.008195589003097935
2024-10-30,-0.0023814428881748055,-0.0006239814399424557,-0.0006553374164282432,0.00040494194267543665,0.00013914198353178484,-0.007994156979074804,0.0035115695866898403,-0.0027086770320271045,0.0034289172404916085,-0.0016837608134995566,0.0033521468417679907,-0.0016837608134995618,0.0028589566928546375,-0.0016837608134995577,0.002739163899359244,-0.0016837608134995603,0.0034895089335144694,0.0025205645854816674
2024-10-31,-0.02076262541797038,-0.009165570046029376,-0.019587425389901766,-0.010051374075445933,-0.018194826488820422,-0.029278374418624537,-0.011563910396101698,-0.036856357733896665,-0.01175578515226739,-0.04235058584435626,-0.011943516874095964,-0.04235058584435623,-0.011329196574102494,-0.042350585844356275,-0.01119794199827699,-0.04235058584435625,-0.012416686094601798,-0.010131327713475738
2024-11-01,0.00778139125014267,-0.0011224779211001222,0.00650859068303731,-0.0011459596066373831,0.005774593276215333,0.007074355799810569,0.0051547933174381265,0.02479188692229093,0.005246365272370077,0.025289780146516342,0.005336737707178514,0.02528978014651631,0.005062161073228554,0.025289780146516325,0.004350322741100291,0.02528978014651634,0.0052814572882721135,0.0007690648958255627
2024-11-04,-0.004645956086576151,0.0012357252831784065,-0.0029360245420027155,0.0005350565789747081,-0.0006140402122231238,-2.1576418592510627e-05,0.0004569169388930933,-0.004247607923383943,0.0004761373329274396,-0.0057115562358207046,0.0004948638827979762,-0.005711556235820695,0.0006702999351150394,-0.005711556235820701,0.00010444164584541928,-0.005711556235820704,-0.0016345528685233694,-0.0002786858601898975
2024-11-05,0.011112256859547259,0.007985328840457113,0.009629783489489945,0.008066628765644668,0.007915508246647572,0.01751748281560688,0.007850178503721777,0.020961606455214103,0.007960610021637393,0.021233368216226314,0.008067714040303535,0.021233368216226296,0.007290673801690569,0.021233368216226296,0.008088535488337606,0.021233368216226314,0.008198375858338434,0.010747334326319467
2024-11-06,0.033173389527998975,0.0029339862481059273,0.01704680629209653,0.005947241755602369,0.016719635437982095,0.023511913407104207,0.020574969866830408,0.02445651738014126,0.020749864629443365,0.025555768867669696,0.020923761136407714,0.02555576886766969,0.007161463030114606,0.025555768867669693,0.004327676718188289,0.0255557688676697,0.019791213146829283,0.011314767248951432
2024-11-07,0.005144961449184661,0.002957622894608914,0.004742532824681705,0.001421968417614286,-0.0003082037970122438,0.00202361391169874,7.722731072328049e-05,0.023478969279522387,-0.0003981848748089308,0.0234788696571153,-0.000326972014290036,0.023478869657115285,-0.00023977817184752195,0.02251745095313878,-0.0003039112126926982,0.020474411101749048,0.004725860173226212,-0.0030921185556762967
2024-11-08,0.0050582329815594155,0.005472424557455133,0.005107157389836211,0.004445065004904064,0.011925483237962078,-0.0021498501877358885,0.011750336986649587,-0.007714043214575934,0.00971363753198146,-0.00771404321457595,0.009646185510936784,-0.007714043214575915,0.009580533261132226,-0.007065564958905164,0.009397187688707795,-0.006284217347488318,0.003837092634858688,0.003495565370619548
2024-11-11,-0.0037784005524892435,-0.009197434875406484,-0.003705405793658574,-0.01011588326731695,-0.00265577944890677,-0.002927532145482901,-0.0027806767482333604,-0.008766518628641482,-0.004421455884995278,-0.00876651862864145,-0.0044671555681901915,-0.008766518628641543,-0.004511276387837306,-0.010959987908078055,-0.0046326305224662495,-0.010161921571141598,-0.0049874627891016,-0.02752514528899763
2024-11-12,0.003923093542724228,-0.001916335233288386,0.003879116637127284,-0.0014805015814326613,0.0020380662309075403,0.006967572206059167,0.0022438662259658005,0.010813028034602138,0.0005195059264309648,0.010813028034602134,0.0006266219640820823,0.010813028034602143,0.0007306314265409357,0.011309757222031456,0.0010203705799101037,0.009335694664364106,0.0001227209068406188,0.0005577743390806914
2024-11-13,0.005204542263776024,0.001238803317070096,0.005160232095607411,0.000851782627886898,-0.001354708926406872,-0.004533692941710431,-0.0014293613556046903,-0.0006148024725523078,-0.0007992680934961182,-0.0006148024725523347,-0.0008370176797200348,-0.0006148024725522658,-0.0008731456919335195,0.0014068162008036155,-0.0009709540155992266,0.003102620043735523,0.0028118204903143473,-0.00020476703921013025
2024-11-14,-0.0021964719175541453,-0.0008362127747504726,-0.002232968697770563,-0.001725719276734365,-0.003726150327957824,0.00048459490867849234,-0.003641356796400195,-0.005980052781057366,-0.004244491599211465,-0.005980052781057388,-0.004199853024784996,-0.005980052781057323,-0.004156151864494192,-0.003737776629472592,-0.004032727229797254,-0.0021947009833122068,-0.0012909179922107798,-0.003745450276681761
2024-11-15,-0.013083232009465855,-0.0037093570516102733,-0.012989980591037453,-0.002391487644229017,-0.002733073978852381,-0.015649031352658917,-0.0029848818787187714,-0.03611026968909309,-0.0018370377701995913,-0.03611026968909307,-0.0019609423858212723,-0.03611026968909312,-0.0020810359540564664,-0.037135639624013915,-0.0024143383164771095,-0.03458526107039048,-0.009529397951721289,-0.00967997469966319
2024-11-18,0.002997940912855845,0.0021519835624003287,0.002976870751136201,0.002290568849447102,0.0024468900660713495,-0.0041000214687376855,0.002296870042972768,-0.0034117984233666488,0.001844392003134657,-0.0034117984233666175,0.0017784099982332219,-0.0034117984233666978,0.0017144000964262613,-0.004857751385161931,0.0015364920184716023,-0.004433818022806968,0.0018773578685676237,0.0004012661260955086
2024-11-19,0.007704655378733348,0.0026880410285280826,0.007680385058139999,0.004477904981233531,0.00957183925335317,0.015265598027692426,0.00995115177851493,0.024241235499193395,0.008728634485356433,0.02424123549919339,0.008910823782681392,0.02424123549919341,0.009087105623712536,0.02312084295480707,0.009574806883519702,0.021910990572395952,0.0017911819592516581,0.013332766219446483
2024-11-20,-0.002021917887775064,0.004545373611780103,-0.002016245502228954,0.0034316013782660568,-0.003751144795065702,-0.003521847066448732,-0.0038041468791643277,-0.003654864025522395,-0.00193636948956743,-0.0036548640255224104,-0.001973957736617969,-0.003654864025522369,-0.002010452616519245,-0.003003951162732835,-0.0021121687796759824,-0.0013694508346729615,0.001933101664880539,0.0014158358663461006
2024-11-21,0.005505167331378669,0.010340880570892934,0.005586377123135335,0.010061749125999194,0.0128202403693543,0.006142173883542681,0.012787172527805552,-0.011084150261516702,0.013714019008655343,-0.011084150261516771,0.013692800509367558,-0.011084150261516589,0.013672597249211308,-0.006770995233891802,0.013618572643806162,-0.006153369144199661,0.006223097440901379,0.0141784533451013
2024-11-22,0.008714306988872475,0.006457446568885626,0.008703687552851776,0.0062141226931019585,0.0076424383669435655,-0.005951142691527771,0.007293769441726258,-0.015376389925607423,0.00679735463784945,-0.015376389925607439,0.006639715282602343,-0.01537638992560741,0.00648694384417369,-0.012663957948895212,0.006063459576486189,-0.013212624158109846,0.0053777880416428885,0.011694622383353875
2024-11-25,0.005883782529814364,0.0005507667704793666,0.005882185177456142,-0.00021942072924251353,0.0002884381139521773,-0.006165445502578284,-0.0001622892373586329,-0.0009855139566307591,-0.0011923905431029727,-0.0009855139566307314,-0.001391687025023537,-0.0009855139566308114,-0.0015846073326810583,-0.0023103007720334193,-0.002118719988575805,-0.003971407394441459,0.005345691085561448,-0.004196706981419173
2024-11-26,0.014155473082676815,0.004663324151603342,0.014081590894805504,0.005230240237012193,0.006094056221697987,0.006602979022693179,0.006116485146477127,0.016882886253485115,0.006623351464530594,0.016882886253485108,0.006628415489686305,0.016882886253485135,0.006632827355581787,0.01820285013988132,0.006642645567706663,0.017359256647457723,0.007449204502496727,0.011316278735108778
2024-11-27,-0.004140816823890825,0.0022260042055578387,-0.004119417080599352,0.001968664986908012,0.00035577181056639824,-0.0059060748112443875,0.00021821440570287797,-0.008726595871618573,-0.00026456826873002496,-0.008726595871618559,-0.0003258521731254912,-0.008726595871618593,-0.0003857920244794053,-0.009959907976298522,-0.0005549016123604124,-0.009050076313770384,-0.0002738984619018095,0.0013456663489231698
2024-11-29,0.0052794779174992566,0.003080251917290775,0.005270623748952662,0.0030851975254077,0.004531309273892029,0.008520604807854125,0.004708723205871702,0.012118477827528756,0.004297302169686531,0.012118477827528739,0.0043815368337789635,0.012118477827528796,0.004463129441908398,0.01239505885029918,0.004689360570896976,0.012172913984010415,0.0025560778821683353,0.004562018270756562
2024-12-02,0.00596268561572625,-0.0003537276225174227,0.005912437592014767,-0.000857494879773873,-0.0012204693095422545,0.005335433610448847,-0.0011912654830735447,0.016066232778551365,-0.0019683532841351563,0.01606623277855137,-0.0019512478932259803,0.016066232778551362,-0.00193539204652682,0.016338676425740363,-0.001895151669484465,0.014735735894362726,0.0017546456233862257,-0.0028003203212756253
2024-12-03,0.00744158929305936,-0.003449732917096159,0.007474205096581079,-0.003447073538099396,-0.0039323486395264114,0.011853448653276373,-0.0037587227335628007,0.017862626629664237,-0.004264418579651779,0.017862626629664213,-0.004181150091336886,0.017862626629664285,-0.004100239244812993,0.0180011509296966,-0.003874315800631929,0.017771341733811945,0.0003979359019895721,0.0026236599909816374
2024-12-04,0.005595389459106049,-0.0045324702595701035,0.005511409857046515,-0.004477644177614856,-0.0012318570026934646,0.007800035077440075,-0.0007962804002618997,0.018903843522478578,-0.0009450281448446392,0.01890384352247858,-0.0007451137495487672,0.01890384352247857,-0.0005517035384212715,0.018577908245503677,-1.6571229162799144e-05,0.014912100958237447,-3.681075814649466e-05,-0.0032406130481858076
2024-12-05,0.0049326761512703396,0.0011288624059065328,0.004891855146485872,0.0016142035883541855,0.004019679114898296,0.0014071905940304821,0.003955955825938006,-0.0002207024766108737,0.003413606720625731,-0.00022070247661089095,0.0033891355839658186,-0.00022070247661084522,0.0033657862419577116,0.001960223664434523,0.003302886274404025,0.0014093654160333697,0.000988102243705327,0.004999893408894321
2024-12-06,0.008714094231420076,-0.0051255920638950125,0.008767828188671247,-0.004345238096371571,0.00026129229389799236,0.0042116987240004775,0.00011217033350334875,0.011906093487373953,-0.0009224738769090011,0.011906093487373962,-0.0009845581377737774,0.011906093487373951,-0.0010447016953022508,0.010921708962411961,-0.0012110038379391328,0.008140088964032607,0.00015086080204165217,-5.4697571097407735e-05
