,VIX,EPU,s,activacion,regimen
2015-01-02,17.79,117.16063,0.5,0.0,normal
2015-01-05,19.92,117.16063,0.5,0.0,normal
2015-01-06,21.12,117.16063,0.5,0.0,normal
2015-01-07,19.31,117.16063,0.5,0.0,normal
2015-01-08,17.01,117.16063,0.5,0.0,normal
2015-01-09,17.55,117.16063,0.5,0.0,normal
2015-01-12,19.6,117.16063,0.5,0.0,normal
2015-01-13,20.56,117.16063,0.5,0.0,normal
2015-01-14,21.48,117.16063,0.5,0.0,normal
2015-01-15,22.39,117.16063,0.5,0.0,normal
2015-01-16,20.95,117.16063,0.5,0.0,normal
2015-01-20,19.89,117.16063,0.5,0.0,normal
2015-01-21,18.85,117.16063,0.5,0.0,normal
2015-01-22,16.4,117.16063,0.5,0.0,normal
2015-01-23,16.66,117.16063,0.5,0.0,normal
2015-01-26,15.52,117.16063,0.5,0.0,normal
2015-01-27,17.22,117.16063,0.5,0.0,normal
2015-01-28,20.44,117.16063,0.5,0.0,normal
2015-01-29,18.76,117.16063,0.5,0.0,normal
2015-01-30,20.97,117.16063,0.6363084891916895,0.19179664264819876,estres
2015-02-02,19.43,117.16063,0.5240130658699351,0.0,normal
2015-02-03,17.33,117.16063,0.3690032576172614,0.0,normal
2015-02-04,18.33,117.16063,0.44328572143275957,0.0,normal
2015-02-05,16.85,117.16063,0.3450325094397789,0.0,calma
2015-02-06,17.29,117.16063,0.37724709736581313,0.0,normal
2015-02-09,18.55,117.16063,0.4745184739613008,0.0,normal
2015-02-10,17.23,117.16063,0.37561976747685555,0.0,normal
2015-02-11,16.96,117.16063,0.3616920418526567,0.0,normal
2015-02-12,15.34,117.16063,0.2873262840789758,0.0,calma
2015-02-13,14.69,117.16063,0.2750425302628639,0.0,calma
2015-02-17,15.8,117.16063,0.3271278781062834,0.0,calma
2015-02-18,15.45,117.16063,0.31689194548985006,0.0,calma
2015-02-19,15.29,117.16063,0.31605131119437624,0.0,calma
2015-02-20,14.3,117.16063,0.2858459355376671,0.0,calma
2015-02-23,14.56,117.16063,0.30233062706770397,0.0,calma
2015-02-24,13.69,117.16063,0.2810992317180205,0.0,calma
2015-02-25,13.84,117.16063,0.29319779804153795,0.0,calma
2015-02-26,13.91,117.16063,0.30209467190526385,0.0,calma
2015-02-27,13.34,117.16063,0.29041262529338224,0.0,calma
2015-03-02,13.04,100.31974,0.0892016159303188,0.0,calma
2015-03-03,13.86,100.31974,0.12568546340114248,0.0,calma
2015-03-04,14.23,100.31974,0.15001263909135262,0.0,calma
2015-03-05,14.04,100.31974,0.15241099800916572,0.0,calma
2015-03-06,15.2,100.31974,0.21351765723108698,0.0,calma
2015-03-09,15.06,100.31974,0.21430766490282888,0.0,calma
2015-03-10,16.69,100.31974,0.31002719212278346,0.0,calma
2015-03-11,16.87,100.31974,0.3259653165431016,0.0,calma
2015-03-12,15.42,100.31974,0.24845613150538606,0.0,calma
2015-03-13,16.0,100.31974,0.2861776742779372,0.0,calma
2015-03-16,15.61,100.31974,0.2689751628045569,0.0,calma
2015-03-17,15.66,100.31974,0.27658814265173953,0.0,calma
2015-03-18,13.97,100.31974,0.1975444635155708,0.0,calma
2015-03-19,14.07,100.31974,0.2080558590893437,0.0,calma
2015-03-20,13.02,100.31974,0.1735561190893209,0.0,calma
2015-03-23,13.41,100.31974,0.19443693294723774,0.0,calma
2015-03-24,13.62,100.31974,0.2086318336894839,0.0,calma
2015-03-25,15.44,100.31974,0.30246193952483985,0.0,calma
2015-03-26,15.8,100.31974,0.3261129047228021,0.0,calma
2015-03-27,15.07,100.31974,0.2877544387542222,0.0,calma
2015-03-30,14.51,100.31974,0.261663374711379,0.0,calma
2015-03-31,15.29,100.31974,0.3069043522916714,0.0,calma
2015-04-01,15.11,105.21813,0.3452253391535208,0.0,calma
2015-04-02,14.67,105.21813,0.3229786146280941,0.0,calma
2015-04-06,14.74,105.21813,0.32865762644069096,0.0,calma
2015-04-07,14.78,105.21813,0.33264832020860197,0.0,calma
2015-04-08,13.98,105.21813,0.29356303955698204,0.0,calma
2015-04-09,13.09,105.21813,0.25759383440910594,0.0,calma
2015-04-10,12.58,105.21813,0.2422899260535873,0.0,calma
2015-04-13,13.94,105.21813,0.3023371863397026,0.0,calma
2015-04-14,13.67,105.21813,0.29184557010797274,0.0,calma
2015-04-15,12.84,105.21813,0.2593706463416236,0.0,calma
2015-04-16,12.6,105.21813,0.25362416776330066,0.0,calma
2015-04-17,13.89,105.21813,0.3119811892278074,0.0,calma
2015-04-20,13.3,105.21813,0.28658107774437885,0.0,calma
2015-04-21,13.25,105.21813,0.28679619134448237,0.0,calma
2015-04-22,12.71,105.21813,0.26691809613538886,0.0,calma
2015-04-23,12.48,105.21813,0.26101321343250805,0.0,calma
2015-04-24,12.29,105.21813,0.2570464124431414,0.0,calma
2015-04-27,13.12,105.21813,0.29306291216834035,0.0,calma
2015-04-28,12.41,105.21813,0.2663714724340563,0.0,calma
2015-04-29,13.39,105.21813,0.3103830728510145,0.0,calma
2015-04-30,14.55,105.21813,0.3714959419234102,0.0,normal
2015-05-01,12.7,109.64379,0.33991811902266944,0.0,calma
2015-05-04,12.85,109.64379,0.3480341963358753,0.0,calma
2015-05-05,14.31,109.64379,0.4209968632710358,0.0,normal
2015-05-06,15.15,109.64379,0.4690864329124993,0.0,normal
2015-05-07,15.13,109.64379,0.4681016454995055,0.0,normal
2015-05-08,12.86,109.64379,0.3494352024224294,0.0,calma
2015-05-11,13.85,109.64379,0.39855246928210886,0.0,normal
2015-05-12,13.86,109.64379,0.39985826690309156,0.0,normal
2015-05-13,13.76,109.64379,0.3953827422169268,0.0,normal
2015-05-14,12.74,109.64379,0.34731353814384214,0.0,calma
2015-05-15,12.38,109.64379,0.33373754992617255,0.0,calma
2015-05-18,12.73,109.64379,0.35026608156285466,0.0,normal
2015-05-19,12.85,109.64379,0.35705174594530886,0.0,normal
2015-05-20,12.88,109.64379,0.3597209785192035,0.0,normal
2015-05-21,12.11,109.64379,0.3283353804823632,0.0,calma
2015-05-22,12.13,109.64379,0.3309266675822322,0.0,calma
2015-05-26,14.06,109.64379,0.42511271490627484,0.0,normal
2015-05-27,13.27,109.64379,0.38387379713835224,0.0,normal
2015-05-28,13.31,109.64379,0.3867467751843574,0.0,normal
2015-05-29,13.84,109.64379,0.41545189671768423,0.0,normal
2015-06-01,13.97,101.01894,0.3100623687184025,0.0,calma
2015-06-02,14.24,101.01894,0.32687724342163427,0.0,calma
2015-06-03,13.66,101.01894,0.2958685277968572,0.0,calma
2015-06-04,14.71,101.01894,0.3576437217632673,0.0,normal
2015-06-05,14.21,101.01894,0.32931572162903966,0.0,calma
2015-06-08,15.29,101.01894,0.3954254345519276,0.0,normal
2015-06-09,14.47,101.01894,0.34660634229640125,0.0,calma
2015-06-10,13.22,101.01894,0.2775076956308893,0.0,calma
2015-06-11,12.85,101.01894,0.26064532204376156,0.0,calma
2015-06-12,13.78,101.01894,0.31154072624522566,0.0,calma
2015-06-15,15.39,101.01894,0.409786380571072,0.0,normal
2015-06-16,14.81,101.01894,0.37465968200344346,0.0,normal
2015-06-17,14.5,101.01894,0.3565250653369325,0.0,normal
2015-06-18,13.19,101.01894,0.2822958368618957,0.0,calma
2015-06-19,13.96,101.01894,0.3268210566263883,0.0,calma
2015-06-22,12.74,101.01894,0.26193707964830326,0.0,calma
2015-06-23,12.11,101.01894,0.23490815338547502,0.0,calma
2015-06-24,13.26,101.01894,0.2926996514171718,0.0,calma
2015-06-25,14.01,101.01894,0.33677801491048537,0.0,calma
2015-06-26,14.02,101.01894,0.3383904775215787,0.0,calma
2015-06-29,18.85,101.01894,0.601904194883491,0.1153426552966466,estres
2015-06-30,18.23,101.01894,0.5769721259920182,0.05993805776004033,estres
2015-07-01,16.09,108.95279,0.5720256835871622,0.04894596352702705,estres
2015-07-02,16.79,108.95279,0.6123783783867255,0.13861861863716765,estres
2015-07-06,17.01,108.95279,0.6238604550117682,0.164134344470596,estres
2015-07-07,16.09,108.95279,0.5701382121506289,0.04475158255695296,estres
2015-07-08,19.66,108.95279,0.7321996881046603,0.40488819578813395,estres
2015-07-09,19.97,108.95279,0.7383677827208603,0.41859507271302293,estres
2015-07-10,16.83,108.95279,0.6071825084691966,0.1270722410426591,estres
2015-07-13,13.9,108.95279,0.4304112831049688,0.0,normal
2015-07-14,13.37,108.95279,0.4013390248000787,0.0,normal
2015-07-15,13.23,108.95279,0.39448125241596993,0.0,normal
2015-07-16,12.11,108.95279,0.34225881709592054,0.0,calma
2015-07-17,11.95,108.95279,0.33692196748985404,0.0,calma
2015-07-20,12.25,108.95279,0.3507957400704782,0.0,normal
2015-07-21,12.22,108.95279,0.3505788009969184,0.0,normal
2015-07-22,12.12,108.95279,0.3473588802542993,0.0,calma
2015-07-23,12.64,108.95279,0.3720151105941516,0.0,normal
2015-07-24,13.74,108.95279,0.43087007049052994,0.0,normal
2015-07-27,15.6,108.95279,0.5440892848919903,0.0,normal
2015-07-28,13.44,108.95279,0.41377027882083783,0.0,normal
2015-07-29,12.5,108.95279,0.36593783383148715,0.0,normal
2015-07-30,12.13,108.95279,0.35002589665650186,0.0,normal
2015-07-31,12.12,108.95279,0.35062452332164484,0.0,normal
2015-08-03,12.56,98.91843,0.23618896046251722,0.0,calma
2015-08-04,13.0,98.91843,0.26003372550612436,0.0,calma
2015-08-05,12.51,98.91843,0.2369521561233418,0.0,calma
2015-08-06,13.77,98.91843,0.30610040464606764,0.0,calma
2015-08-07,13.39,98.91843,0.2855186279946769,0.0,calma
2015-08-10,12.23,98.91843,0.22758224929152876,0.0,calma
2015-08-11,13.71,98.91843,0.3070232500327379,0.0,calma
2015-08-12,13.61,98.91843,0.30231513029052637,0.0,calma
2015-08-13,13.49,98.91843,0.2965221772089105,0.0,calma
2015-08-14,12.83,98.91843,0.26151937615210696,0.0,calma
2015-08-17,13.02,98.91843,0.27295202473717906,0.0,calma
2015-08-18,13.79,98.91843,0.3180686878716428,0.0,calma
2015-08-19,15.25,98.91843,0.40982485193020823,0.0,normal
2015-08-20,19.14,98.91843,0.6001753778719253,0.11150083971538952,estres
2015-08-21,28.03,98.91843,0.6836287859897225,0.2969528577549389,estres
2015-08-24,40.74,98.91843,0.6879474932157394,0.30654998492386537,estres
2015-08-25,36.02,98.91843,0.6868477586655992,0.3041061303679982,estres
2015-08-26,30.32,98.91843,0.677801619325495,0.2840035985010999,estres
2015-08-27,26.1,98.91843,0.653687359218647,0.23041635381921538,estres
2015-08-28,26.05,98.91843,0.6515079519714189,0.22557322660315296,estres
2015-08-31,28.43,98.91843,0.6667844667312183,0.25952103718048497,estres
2015-09-01,31.4,129.69532,0.9708880179270158,0.9353067065044797,crisis
2015-09-02,26.09,129.69532,0.9339504143868683,0.8532231430819296,crisis
2015-09-03,25.61,129.69532,0.9249305576429843,0.8331790169844094,crisis
2015-09-04,27.8,129.69532,0.9422178105901553,0.8715951346447895,crisis
2015-09-08,24.9,129.69532,0.9076467438562607,0.7947705419028014,crisis
2015-09-09,26.23,129.69532,0.9206385698617086,0.8236412663593523,crisis
2015-09-10,24.37,129.69532,0.8926472237924721,0.7614382750943823,crisis
2015-09-11,23.2,129.69532,0.8697361753842037,0.7105248341871192,crisis
2015-09-14,24.25,129.69532,0.8849799077370918,0.744399794971315,crisis
2015-09-15,22.54,129.69532,0.8509068026323219,0.668681783627382,crisis
2015-09-16,21.35,129.69532,0.8220555765706159,0.6045679479347019,crisis
2015-09-17,21.14,129.69532,0.8148027480079145,0.5884505511286989,crisis
2015-09-18,22.28,129.69532,0.8387919707620286,0.6417599350267302,crisis
2015-09-21,20.14,129.69532,0.7845190068592929,0.5211533485762063,crisis
2015-09-22,22.44,129.69532,0.8381642179296815,0.6403649287326256,crisis
2015-09-23,22.13,129.69532,0.8291700653571696,0.6203779230159325,crisis
2015-09-24,23.47,129.69532,0.8541774824162398,0.6759499609249773,crisis
2015-09-25,23.62,129.69532,0.8544800860310597,0.676622413402355,crisis
2015-09-28,27.63,129.69532,0.9070538457432669,0.793452990540593,crisis
2015-09-29,26.83,129.69532,0.8954056143883355,0.767568031974079,crisis
2015-09-30,24.5,129.69532,0.8599785752524294,0.6888412783387319,crisis
2015-10-01,22.55,138.72169,0.8454357032484974,0.6565237849966608,crisis
2015-10-02,20.94,138.72169,0.8054586666670283,0.5676859259267294,crisis
2015-10-05,19.54,138.72169,0.7659319628072672,0.47984880623837145,crisis
2015-10-06,19.4,138.72169,0.7602631337951794,0.467251408433732,crisis
2015-10-07,18.4,138.72169,0.729255996902458,0.39834665978323996,estres
2015-10-08,17.42,138.72169,0.6977808718268848,0.32840193739307716,estres
2015-10-09,17.08,138.72169,0.6858041976713662,0.30178710593636937,estres
2015-10-12,16.17,138.72169,0.6559855537381355,0.23552345275141215,estres
2015-10-13,17.67,138.72169,0.701656950973915,0.3370154466086999,estres
2015-10-14,18.03,138.72169,0.7114348636459151,0.35874414143536687,estres
2015-10-15,16.05,138.72169,0.6479587800865076,0.2176861779700169,estres
2015-10-16,15.05,138.72169,0.6156272418601911,0.1458383152448691,estres
2015-10-19,14.98,138.72169,0.6123958519579641,0.13865744879547567,estres
2015-10-20,15.75,138.72169,0.6353227971464953,0.1896062158811006,estres
2015-10-21,16.7,138.72169,0.6643681886180368,0.25415153026230397,estres
2015-10-22,14.45,138.72169,0.5926879229590591,0.09486205102013134,estres
2015-10-23,14.46,138.72169,0.5920514405257709,0.09344764561282404,estres
2015-10-26,15.29,138.72169,0.6167747553159462,0.14838834514654695,estres
2015-10-27,15.43,138.72169,0.6201998576986483,0.15599968377477386,estres
2015-10-28,14.33,138.72169,0.5850790632388065,0.07795347386401444,estres
2015-10-29,14.61,138.72169,0.5927839422226937,0.09507542716154148,estres
2015-10-30,15.07,138.72169,0.6062448966959777,0.12498865932439479,estres
2015-11-02,14.15,102.89402,0.350329332492865,0.0,normal
2015-11-03,14.54,102.89402,0.3627211605561119,0.0,normal
2015-11-04,15.51,102.89402,0.39375263478397116,0.0,normal
2015-11-05,15.05,102.89402,0.3793926427569334,0.0,normal
2015-11-06,14.33,102.89402,0.35722854148181704,0.0,normal
2015-11-09,16.52,102.89402,0.4278544763601212,0.0,normal
2015-11-10,15.29,102.89402,0.3880484984090028,0.0,normal
2015-11-11,16.06,102.89402,0.41342187452487167,0.0,normal
2015-11-12,18.37,102.89402,0.4888553512420108,0.0,normal
2015-11-13,20.08,102.89402,0.5404209104357537,0.0,normal
2015-11-16,18.16,102.89402,0.48201566945225227,0.0,normal
2015-11-17,18.84,102.89402,0.5035599597282784,0.0,normal
2015-11-18,16.85,102.89402,0.43924538331104784,0.0,normal
2015-11-19,16.99,102.89402,0.4440849055524137,0.0,normal
2015-11-20,15.47,102.89402,0.39389460458995607,0.0,normal
2015-11-23,15.62,102.89402,0.3991309201548672,0.0,normal
2015-11-24,15.93,102.89402,0.409692506231071,0.0,normal
2015-11-25,15.19,102.89402,0.38549948265045286,0.0,normal
2015-11-27,15.12,102.89402,0.383525852715522,0.0,normal
2015-11-30,16.13,102.89402,0.41739705278074085,0.0,normal
2015-12-01,14.67,92.10044,0.3065515737284117,0.0,calma
2015-12-02,15.91,92.10044,0.3483280612810947,0.0,calma
2015-12-03,18.11,92.10044,0.4228416569543446,0.0,normal
2015-12-04,14.81,92.10044,0.3128534087514215,0.0,calma
2015-12-07,15.84,92.10044,0.34789989323717807,0.0,calma
2015-12-08,17.6,92.10044,0.40822662112193253,0.0,normal
2015-12-09,19.61,92.10044,0.47330410209550994,0.0,normal
2015-12-10,19.34,92.10044,0.4653845658053193,0.0,normal
2015-12-11,24.39,92.10044,0.5866770436676673,0.08150454148370494,estres
2015-12-14,22.73,92.10044,0.5544444666399317,0.009876592533181554,estres
2015-12-15,20.95,92.10044,0.5111271025149307,0.0,normal
2015-12-16,17.86,92.10044,0.4169091109716505,0.0,normal
2015-12-17,18.94,92.10044,0.45263220712885516,0.0,normal
2015-12-18,20.7,92.10044,0.50555608333217,0.0,normal
2015-12-21,18.7,92.10044,0.4453606244294919,0.0,normal
2015-12-22,16.6,92.10044,0.37529034048233023,0.0,normal
2015-12-23,15.57,92.10044,0.3408105760601175,0.0,calma
2015-12-24,15.74,92.10044,0.3471719377965876,0.0,calma
2015-12-28,16.91,92.10044,0.3878164751241618,0.0,normal
2015-12-29,16.08,92.10044,0.3597983396891938,0.0,normal
2015-12-30,17.29,92.10044,0.40199880524632864,0.0,normal
2015-12-31,18.21,92.10044,0.43371426747112096,0.0,normal
2016-01-04,20.7,99.34261,0.5528057121954083,0.006234915989796136,estres
2016-01-05,19.34,99.34261,0.5127232842907541,0.0,normal
2016-01-06,20.59,99.34261,0.5509254715841684,0.00205660352037408,estres
2016-01-07,24.99,99.34261,0.6465466139915426,0.21454803109231674,estres
2016-01-08,27.01,99.34261,0.6718296171325866,0.27073248251685905,estres
2016-01-11,24.3,99.34261,0.6327873140514715,0.18397180900326987,estres
2016-01-12,22.47,99.34261,0.5955505503193831,0.10122344515418455,estres
2016-01-13,25.22,99.34261,0.6474148987994385,0.21647755288764098,estres
2016-01-14,23.95,99.34261,0.6256964642246325,0.1682143649436278,estres
2016-01-15,27.02,99.34261,0.6707455521849224,0.26832344929982743,estres
2016-01-19,26.05,99.34261,0.6580926850879718,0.2402059668621595,estres
2016-01-20,27.59,99.34261,0.6755143154744775,0.27892070105439437,estres
2016-01-21,26.69,99.34261,0.6643022562171225,0.25400501381582763,estres
2016-01-22,22.34,99.34261,0.5868326063044101,0.08185023623202245,estres
2016-01-25,24.15,99.34261,0.6241708091497103,0.16482402033268959,estres
2016-01-26,22.5,99.34261,0.5892666380936111,0.0872591957635802,estres
2016-01-27,23.11,99.34261,0.6024086504868796,0.11646366774862132,estres
2016-01-28,22.42,99.34261,0.5870316397752912,0.08229253283398026,estres
2016-01-29,20.2,99.34261,0.5294641912391477,0.0,normal
2016-02-01,19.98,119.01519,0.665494900018285,0.2566553333739667,estres
2016-02-02,21.98,119.01519,0.7186162068735911,0.3747026819413134,estres
2016-02-03,21.65,119.01519,0.7096765295575731,0.3548367323501624,estres
2016-02-04,21.84,119.01519,0.713795148312398,0.36398921847199545,estres
2016-02-05,23.38,119.01519,0.7479881424109744,0.43997364980216536,estres
2016-02-08,26.0,119.01519,0.7928607399360861,0.5396905331913023,crisis
2016-02-09,26.54,119.01519,0.7990029157509619,0.5533398127799154,crisis
2016-02-10,26.29,119.01519,0.7940380380930747,0.5423067513179438,crisis
2016-02-11,28.14,119.01519,0.8151972350700833,0.5893271890446297,crisis
2016-02-12,25.4,119.01519,0.7769290302621217,0.5042867339158259,crisis
2016-02-16,24.11,119.01519,0.7525164710217676,0.4500366022705945,crisis
2016-02-17,22.31,119.01519,0.7125744547603337,0.3612765661340747,estres
2016-02-18,21.64,119.01519,0.6953051640222379,0.32290036449386184,estres
2016-02-19,20.53,119.01519,0.665330131775571,0.256289181723491,estres
2016-02-22,19.38,119.01519,0.6321230330466463,0.18249562899254726,estres
2016-02-23,20.98,119.01519,0.6761443890995578,0.28032086466568384,estres
2016-02-24,20.72,119.01519,0.6683265652571606,0.26294792279369017,estres
2016-02-25,19.11,119.01519,0.6218413921056262,0.1596475380125025,estres
2016-02-26,19.81,119.01519,0.6415363661484794,0.20341414699662086,estres
2016-02-29,20.55,119.01519,0.6616143555222713,0.24803190116060286,estres
2016-03-01,17.7,114.62456,0.5467139826134776,0.0,normal
2016-03-02,17.09,114.62456,0.527370693571556,0.0,normal
2016-03-03,16.7,114.62456,0.5148402268398976,0.0,normal
2016-03-04,16.86,114.62456,0.5189371306453663,0.0,normal
2016-03-07,17.35,114.62456,0.5331997726765029,0.0,normal
2016-03-08,18.67,114.62456,0.5725618158310996,0.050137368513554464,estres
2016-03-09,18.34,114.62456,0.5619801785142494,0.026622618920554165,estres
2016-03-10,18.05,114.62456,0.5526229938417115,0.005828875203803326,estres
2016-03-11,16.5,114.62456,0.5049048754175574,0.0,normal
2016-03-14,16.92,114.62456,0.5171224473934666,0.0,normal
2016-03-15,16.84,114.62456,0.5141482076529649,0.0,normal
2016-03-16,14.99,114.62456,0.45914552265340575,0.0,normal
2016-03-17,14.44,114.62456,0.4432751628935644,0.0,normal
2016-03-18,14.02,114.62456,0.4314831652942452,0.0,normal
2016-03-21,13.79,114.62456,0.42485231641673243,0.0,normal
2016-03-22,14.17,114.62456,0.43448301425938307,0.0,normal
2016-03-23,14.94,114.62456,0.4552590645020521,0.0,normal
2016-03-24,14.74,114.62456,0.4493222961268647,0.0,normal
2016-03-28,15.24,114.62456,0.4632476397014256,0.0,normal
2016-03-29,13.82,114.62456,0.4237335592892949,0.0,normal
2016-03-30,13.56,114.62456,0.4167058774284592,0.0,normal
2016-03-31,13.95,114.62456,0.426762996002846,0.0,normal
2016-04-01,13.1,104.19081,0.32684864111270284,0.0,calma
2016-04-04,14.12,104.19081,0.3534372331247003,0.0,normal
2016-04-05,15.42,104.19081,0.38985361083262093,0.0,normal
2016-04-06,14.09,104.19081,0.3527076350353819,0.0,normal
2016-04-07,16.16,104.19081,0.4115325791056244,0.0,normal
2016-04-08,15.36,104.19081,0.38766647132314414,0.0,normal
2016-04-11,16.26,104.19081,0.4137523412456027,0.0,normal
2016-04-12,14.85,104.19081,0.37242993965418275,0.0,normal
2016-04-13,13.84,104.19081,0.3447760854433729,0.0,calma
2016-04-14,13.72,104.19081,0.34149591288716385,0.0,calma
2016-04-15,13.62,104.19081,0.338735250024642,0.0,calma
2016-04-18,13.35,104.19081,0.3319215565831475,0.0,calma
2016-04-19,13.24,104.19081,0.3291836245533212,0.0,calma
2016-04-20,13.28,104.19081,0.3302222411835951,0.0,calma
2016-04-21,13.95,104.19081,0.3474442659160826,0.0,calma
2016-04-22,13.22,104.19081,0.32841620612160566,0.0,calma
2016-04-25,14.08,104.19081,0.3505410981913677,0.0,normal
2016-04-26,13.96,104.19081,0.3472100606162722,0.0,calma
2016-04-27,13.77,104.19081,0.341956151498897,0.0,calma
2016-04-28,15.22,104.19081,0.3818801491356096,0.0,normal
2016-04-29,15.7,104.19081,0.3958057556265524,0.0,normal
2016-05-02,14.68,84.25134,0.26008631078307065,0.0,calma
2016-05-03,15.6,84.25134,0.2871579703249335,0.0,calma
2016-05-04,16.05,84.25134,0.30128363297475574,0.0,calma
2016-05-05,15.91,84.25134,0.29792681243129315,0.0,calma
2016-05-06,14.72,84.25134,0.26427626416459615,0.0,calma
2016-05-09,14.57,84.25134,0.2607089384585246,0.0,calma
2016-05-10,13.63,84.25134,0.23626914338469804,0.0,calma
2016-05-11,14.69,84.25134,0.2658204804380575,0.0,calma
2016-05-12,14.41,84.25134,0.25880949812354825,0.0,calma
2016-05-13,15.04,84.25134,0.2771086614488125,0.0,calma
2016-05-16,14.68,84.25134,0.2673532969889447,0.0,calma
2016-05-17,15.57,84.25134,0.293535342089679,0.0,calma
2016-05-18,15.95,84.25134,0.3053008989335824,0.0,calma
2016-05-19,16.33,84.25134,0.31720826484010867,0.0,calma
2016-05-20,15.2,84.25134,0.28373366493395175,0.0,calma
2016-05-23,15.82,84.25134,0.3023808980262567,0.0,calma
2016-05-24,14.42,84.25134,0.26252311092878805,0.0,calma
2016-05-25,13.9,84.25134,0.24907998858450808,0.0,calma
2016-05-26,13.43,84.25134,0.23758924328910572,0.0,calma
2016-05-27,13.12,84.25134,0.2307169868120944,0.0,calma
2016-05-31,14.19,84.25134,0.25931832523638754,0.0,calma
2016-06-01,14.2,82.04127,0.2523940207513249,0.0,calma
2016-06-02,13.63,82.04127,0.237898558794804,0.0,calma
2016-06-03,13.47,82.04127,0.23469918710197935,0.0,calma
2016-06-06,13.65,82.04127,0.24019497296402864,0.0,calma
2016-06-07,14.05,82.04127,0.2517530479258634,0.0,calma
2016-06-08,14.08,82.04127,0.25334643979381294,0.0,calma
2016-06-09,14.64,82.04127,0.2692966620350333,0.0,calma
2016-06-10,17.03,82.04127,0.3411039500762225,0.0,calma
2016-06-13,20.97,82.04127,0.46161956540209026,0.0,normal
2016-06-14,20.5,82.04127,0.44818832809868436,0.0,normal
2016-06-15,20.14,82.04127,0.4376498447164295,0.0,normal
2016-06-16,19.37,82.04127,0.41442345708680717,0.0,normal
2016-06-17,19.41,82.04127,0.4156567632069725,0.0,normal
2016-06-20,18.37,82.04127,0.38329176197287446,0.0,normal
2016-06-21,18.48,82.04127,0.38675486576724727,0.0,normal
2016-06-22,21.17,82.04127,0.4682656913573951,0.0,normal
2016-06-23,17.25,82.04127,0.3473889903991096,0.0,calma
2016-06-24,25.76,82.04127,0.574145595009736,0.05365687779941336,estres
2016-06-27,23.85,82.04127,0.5358011805357479,0.0,normal
2016-06-28,18.75,82.04127,0.39422191098307324,0.0,normal
2016-06-29,16.64,82.04127,0.3286130561184206,0.0,calma
2016-06-30,15.63,82.04127,0.29882563752022595,0.0,calma
2016-07-01,14.77,162.62912,0.584675257598111,0.07705612799580215,estres
2016-07-05,15.58,162.62912,0.6070585872447258,0.1267968605438351,estres
2016-07-06,14.96,162.62912,0.5880997629528976,0.08466613989532783,estres
2016-07-07,14.76,162.62912,0.5819008332693758,0.0708907405986128,estres
2016-07-08,13.2,162.62912,0.5404697616270727,0.0,normal
2016-07-11,13.54,162.62912,0.5483145170521609,0.0,normal
2016-07-12,13.55,162.62912,0.5474556479319357,0.0,normal
2016-07-13,13.04,162.62912,0.5336766232014443,0.0,normal
2016-07-14,12.82,162.62912,0.5273126771960149,0.0,normal
2016-07-15,12.67,162.62912,0.5224926898051822,0.0,normal
2016-07-18,12.44,162.62912,0.5159181986847398,0.0,normal
2016-07-19,11.97,162.62912,0.5044071805569125,0.0,normal
2016-07-20,11.77,162.62912,0.4990860351773557,0.0,normal
2016-07-21,12.74,162.62912,0.5193905677964987,0.0,normal
2016-07-22,12.02,162.62912,0.5021154775702382,0.0,normal
2016-07-25,12.87,162.62912,0.5204704327807672,0.0,normal
2016-07-26,13.05,162.62912,0.5240984305206924,0.0,normal
2016-07-27,12.83,162.62912,0.5178115403093064,0.0,normal
2016-07-28,12.72,162.62912,0.5140474889112975,0.0,normal
2016-07-29,11.87,162.62912,0.4939638195234496,0.0,normal
2016-08-01,12.44,121.96465,0.39202879027628657,0.0,normal
2016-08-02,13.37,121.96465,0.4137051048631193,0.0,normal
2016-08-03,12.86,121.96465,0.4009084207203247,0.0,normal
2016-08-04,12.42,121.96465,0.39032265996458104,0.0,normal
2016-08-05,11.39,121.96465,0.3683934552539634,0.0,normal
2016-08-08,11.5,121.96465,0.3706367959295009,0.0,normal
2016-08-09,11.66,121.96465,0.37368102096590317,0.0,normal
2016-08-10,12.05,121.96465,0.3819406576610239,0.0,normal
2016-08-11,11.68,121.96465,0.37406555795348395,0.0,normal
2016-08-12,11.55,121.96465,0.37139363770312017,0.0,normal
2016-08-15,11.81,121.96465,0.37666123013766023,0.0,normal
2016-08-16,12.64,121.96465,0.39481392147904143,0.0,normal
2016-08-17,12.19,121.96465,0.3845371464422455,0.0,normal
2016-08-18,11.43,121.96465,0.36873736913068306,0.0,normal
2016-08-19,11.34,121.96465,0.36763425995567856,0.0,normal
2016-08-22,12.27,121.96465,0.3876949249433064,0.0,normal
2016-08-23,12.38,121.96465,0.38689995859870363,0.0,normal
2016-08-24,13.45,121.96465,0.41220483279418485,0.0,normal
2016-08-25,13.63,121.96465,0.41697224558012863,0.0,normal
2016-08-26,13.65,121.96465,0.417900227094093,0.0,normal
2016-08-29,12.94,121.96465,0.39890131786032534,0.0,normal
2016-08-30,13.12,121.96465,0.4037370921170469,0.0,normal
2016-08-31,13.42,121.96465,0.4120592328350299,0.0,normal
2016-09-01,13.48,91.8289,0.28749839618035256,0.0,calma
2016-09-02,11.98,91.8289,0.24851875042749283,0.0,calma
2016-09-06,12.02,91.8289,0.2503961319972631,0.0,calma
2016-09-07,11.94,91.8289,0.24976673492318383,0.0,calma
2016-09-08,12.51,91.8289,0.265723358417009,0.0,calma
2016-09-09,17.5,91.8289,0.43413018561311323,0.0,normal
2016-09-12,15.16,91.8289,0.3508928432822628,0.0,normal
2016-09-13,17.85,91.8289,0.4504423697942198,0.0,normal
2016-09-14,18.14,91.8289,0.4623847011376063,0.0,normal
2016-09-15,16.3,91.8289,0.395516805414655,0.0,normal
2016-09-16,15.37,91.8289,0.36280667670979905,0.0,normal
2016-09-19,15.53,91.8289,0.3699541382779603,0.0,normal
2016-09-20,15.92,91.8289,0.3853969737975642,0.0,normal
2016-09-21,13.3,91.8289,0.29667170369661067,0.0,calma
2016-09-22,12.02,91.8289,0.2612763596819718,0.0,calma
2016-09-23,12.29,91.8289,0.2700373491386328,0.0,calma
2016-09-26,14.5,91.8289,0.34126084515846294,0.0,calma
2016-09-27,13.1,91.8289,0.2956852988030859,0.0,calma
2016-09-28,12.39,91.8289,0.2750951210440179,0.0,calma
2016-09-29,14.02,91.8289,0.3288097164965551,0.0,calma
2016-09-30,13.29,91.8289,0.3053930107494653,0.0,calma
2016-10-03,13.57,79.80896,0.2751431422070923,0.0,calma
2016-10-04,13.63,79.80896,0.27867271523580484,0.0,calma
2016-10-05,12.99,79.80896,0.25893448820861875,0.0,calma
2016-10-06,12.84,79.80896,0.25566229039703614,0.0,calma
2016-10-07,13.48,79.80896,0.2780147455056631,0.0,calma
2016-10-10,13.38,79.80896,0.27591510108394457,0.0,calma
2016-10-11,15.36,79.80896,0.3488521359374208,0.0,calma
2016-10-12,15.91,79.80896,0.3711446933709066,0.0,normal
2016-10-13,16.69,79.80896,0.4026048131633338,0.0,normal
2016-10-14,16.12,79.80896,0.3808633127485137,0.0,normal
2016-10-17,16.21,79.80896,0.3848555671675762,0.0,normal
2016-10-18,15.28,79.80896,0.3492137662394288,0.0,calma
2016-10-19,14.41,79.80896,0.31729973427382585,0.0,calma
2016-10-20,13.75,79.80896,0.294750411418055,0.0,calma
2016-10-21,13.34,79.80896,0.2815379967978108,0.0,calma
2016-10-24,13.02,79.80896,0.2718667333357665,0.0,calma
2016-10-25,13.46,79.80896,0.287470474612528,0.0,calma
2016-10-26,14.24,79.80896,0.31573448661544024,0.0,calma
2016-10-27,15.36,79.80896,0.35814315191777496,0.0,normal
2016-10-28,16.19,79.80896,0.39074857219760095,0.0,normal
2016-10-31,17.06,79.80896,0.4250207262105816,0.0,normal
2016-11-01,18.56,92.51785,0.530027582687493,0.0,normal
2016-11-02,19.32,92.51785,0.5562011556274022,0.013780345838671555,estres
2016-11-03,22.08,92.51785,0.6352175057863709,0.1893722350808242,estres
2016-11-04,22.51,92.51785,0.644005194876031,0.20890043305784664,estres
2016-11-07,18.71,92.51785,0.532170706802894,0.0,normal
2016-11-08,18.74,92.51785,0.5330757994271564,0.0,normal
2016-11-09,14.38,92.51785,0.3688168361454184,0.0,normal
2016-11-10,14.74,92.51785,0.3823462759250146,0.0,normal
2016-11-11,14.17,92.51785,0.3625435710049292,0.0,normal
2016-11-14,14.48,92.51785,0.37458967704742746,0.0,normal
2016-11-15,13.37,92.51785,0.336795954787707,0.0,calma
2016-11-16,13.72,92.51785,0.3495482781381942,0.0,calma
2016-11-17,13.35,92.51785,0.3378098932497962,0.0,calma
2016-11-18,12.85,92.51785,0.32248071027544584,0.0,calma
2016-11-21,12.42,92.51785,0.31000036761005273,0.0,calma
2016-11-22,12.41,92.51785,0.31051546501634053,0.0,calma
2016-11-23,12.43,92.51785,0.3119692160004836,0.0,calma
2016-11-25,12.34,92.51785,0.31002994653700133,0.0,calma
2016-11-28,13.15,92.51785,0.33593509604432237,0.0,calma
2016-11-29,12.9,92.51785,0.32864607137762614,0.0,calma
2016-11-30,13.33,92.51785,0.3428789998268907,0.0,calma
2016-12-01,14.07,169.37782,0.5966877849469806,0.10375063321551237,estres
2016-12-02,14.12,169.37782,0.597833433008012,0.10629651779558202,estres
2016-12-05,12.14,169.37782,0.5327591859430381,0.0,normal
2016-12-06,11.79,169.37782,0.5223073535178344,0.0,normal
2016-12-07,12.22,169.37782,0.5343569524129568,0.0,normal
2016-12-08,12.64,169.37782,0.5467978495711858,0.0,normal
2016-12-09,11.75,169.37782,0.5202515714704604,0.0,normal
2016-12-12,12.64,169.37782,0.5462004729082346,0.0,normal
2016-12-13,12.72,169.37782,0.548379205409985,0.0,normal
2016-12-14,13.19,169.37782,0.5634539869457104,0.02989774876824515,estres
2016-12-15,12.79,169.37782,0.54984046474176,0.0,normal
2016-12-16,12.2,169.37782,0.531048743299907,0.0,normal
2016-12-19,11.71,169.37782,0.5163553747132923,0.0,normal
2016-12-20,11.45,169.37782,0.5088502634380497,0.0,normal
2016-12-21,11.27,169.37782,0.5036711528661016,0.0,normal
2016-12-22,11.43,169.37782,0.5077629472379424,0.0,normal
2016-12-23,11.44,169.37782,0.5077279013858841,0.0,normal
2016-12-27,11.99,169.37782,0.5234052638960246,0.0,normal
2016-12-28,12.95,169.37782,0.5532202197015819,0.007156043781292927,estres
2016-12-29,13.37,169.37782,0.5669001068015326,0.03755579289229452,estres
2016-12-30,14.04,169.37782,0.5899787363168645,0.08884163625969876,estres
2017-01-03,12.85,115.15205,0.41129631523624666,0.0,normal
2017-01-04,11.85,115.15205,0.3804828780594924,0.0,normal
2017-01-05,11.67,115.15205,0.37586765301070224,0.0,normal
2017-01-06,11.32,115.15205,0.36602834816686675,0.0,normal
2017-01-09,11.56,115.15205,0.3727948700526903,0.0,normal
2017-01-10,11.49,115.15205,0.3710454333453811,0.0,normal
2017-01-11,11.26,115.15205,0.3648511113360263,0.0,normal
2017-01-12,11.54,115.15205,0.3733116859664192,0.0,normal
2017-01-13,11.23,115.15205,0.36431317268997854,0.0,normal
2017-01-17,11.87,115.15205,0.38388220223218794,0.0,normal
2017-01-18,12.48,115.15205,0.4047061991506038,0.0,normal
2017-01-19,12.78,115.15205,0.41546564508089745,0.0,normal
2017-01-20,11.54,115.15205,0.37127623323125186,0.0,normal
2017-01-23,11.77,115.15205,0.3794831740622188,0.0,normal
2017-01-24,11.07,115.15205,0.3564543291742211,0.0,normal
2017-01-25,10.81,115.15205,0.34876255177823484,0.0,calma
2017-01-26,10.63,115.15205,0.3435339658047457,0.0,calma
2017-01-27,10.58,115.15205,0.3423863937432442,0.0,calma
2017-01-30,11.88,115.15205,0.3864459038565531,0.0,normal
2017-01-31,11.99,115.15205,0.39143092672146707,0.0,normal
2017-02-01,11.81,134.86953,0.45058727349463734,0.0,normal
2017-02-02,11.93,134.86953,0.4554867924364864,0.0,normal
2017-02-03,10.97,134.86953,0.4216264555374175,0.0,normal
2017-02-06,11.37,134.86953,0.4354105824597273,0.0,normal
2017-02-07,11.29,134.86953,0.4315782930672606,0.0,normal
2017-02-08,11.45,134.86953,0.43618861599432185,0.0,normal
2017-02-09,10.88,134.86953,0.41383713926083465,0.0,normal
2017-02-10,10.85,134.86953,0.40971919524335765,0.0,normal
2017-02-13,11.07,134.86953,0.41623988901346687,0.0,normal
2017-02-14,10.74,134.86953,0.40281509707694163,0.0,normal
2017-02-15,11.97,134.86953,0.45343046537518006,0.0,normal
2017-02-16,11.76,134.86953,0.4438029581242485,0.0,normal
2017-02-17,11.49,134.86953,0.4319688294944286,0.0,normal
2017-02-21,11.57,134.86953,0.435961376774496,0.0,normal
2017-02-22,11.74,134.86953,0.4438220324283408,0.0,normal
2017-02-23,11.71,134.86953,0.4425402011082694,0.0,normal
2017-02-24,11.47,134.86953,0.43186618798394005,0.0,normal
2017-02-27,12.09,134.86953,0.4622019278214109,0.0,normal
2017-02-28,12.92,134.86953,0.507813895655005,0.0,normal
2017-03-01,12.54,133.33148,0.48224562700330864,0.0,normal
2017-03-02,11.81,133.33148,0.4441874186813983,0.0,normal
2017-03-03,10.96,133.33148,0.40544655239233157,0.0,normal
2017-03-06,11.24,133.33148,0.41846635662823045,0.0,normal
2017-03-07,11.45,133.33148,0.4288549778577323,0.0,normal
2017-03-08,11.86,133.33148,0.4496351148395842,0.0,normal
2017-03-09,12.3,133.33148,0.4737073099687541,0.0,normal
2017-03-10,11.66,133.33148,0.440246924435877,0.0,normal
2017-03-13,11.35,133.33148,0.42560417415936214,0.0,normal
2017-03-14,12.3,133.33148,0.4758296138408027,0.0,normal
2017-03-15,11.63,133.33148,0.4404144125298201,0.0,normal
2017-03-16,11.21,133.33148,0.4203734044733418,0.0,normal
2017-03-17,11.28,133.33148,0.4242658519244993,0.0,normal
2017-03-20,11.34,133.33148,0.42763428759598193,0.0,normal
2017-03-21,12.47,133.33148,0.4881381928111159,0.0,normal
2017-03-22,12.81,133.33148,0.5081325635412013,0.0,normal
2017-03-23,13.12,133.33148,0.5269384128486001,0.0,normal
2017-03-24,12.96,133.33148,0.5173897253714144,0.0,normal
2017-03-27,12.5,133.33148,0.490480434578739,0.0,normal
2017-03-28,11.53,133.33148,0.437821838774198,0.0,normal
2017-03-29,11.42,133.33148,0.4326321342165802,0.0,normal
2017-03-30,11.54,133.33148,0.43905353780913525,0.0,normal
2017-03-31,12.37,133.33148,0.4838821467144647,0.0,normal
2017-04-03,12.38,119.77617,0.44073361223845076,0.0,normal
2017-04-04,11.79,119.77617,0.4087004235051841,0.0,normal
2017-04-05,12.89,119.77617,0.4714086765693195,0.0,normal
2017-04-06,12.39,119.77617,0.4425606450542883,0.0,normal
2017-04-07,12.87,119.77617,0.4711795042077249,0.0,normal
2017-04-10,14.05,119.77617,0.5438057331257543,0.0,normal
2017-04-11,15.07,119.77617,0.6040665791585249,0.12014795368561082,estres
2017-04-12,15.77,119.77617,0.6411159290949788,0.2024798424332862,estres
2017-04-13,15.96,119.77617,0.6498321564072657,0.22184923646059027,estres
2017-04-17,14.66,119.77617,0.5782739759882141,0.0628310577515867,estres
2017-04-18,14.42,119.77617,0.5635249266816481,0.03005539262588459,estres
2017-04-19,14.93,119.77617,0.5929102102382254,0.09535602275161198,estres
2017-04-20,14.15,119.77617,0.5461521457346609,0.0,normal
2017-04-21,14.63,119.77617,0.5746135643189452,0.05469680959765584,estres
2017-04-24,10.84,119.77617,0.360202499980792,0.0,normal
2017-04-25,10.76,119.77617,0.3573736502506525,0.0,normal
2017-04-26,10.85,119.77617,0.36204042532959746,0.0,normal
2017-04-27,10.36,119.77617,0.3419458671455541,0.0,calma
2017-04-28,10.82,119.77617,0.36232004595722145,0.0,normal
2017-05-01,10.11,121.57059,0.3398553983352764,0.0,calma
2017-05-02,10.59,121.57059,0.35992255432613723,0.0,normal
2017-05-03,10.68,121.57059,0.36439657273462156,0.0,normal
2017-05-04,10.46,121.57059,0.3555444234682761,0.0,normal
2017-05-05,10.57,121.57059,0.3608121900418335,0.0,normal
2017-05-08,9.77,121.57059,0.3298650668164958,0.0,calma
2017-05-09,9.96,121.57059,0.33759240293381093,0.0,calma
2017-05-10,10.21,121.57059,0.34789369946479765,0.0,calma
2017-05-11,10.6,121.57059,0.36483113561694847,0.0,normal
2017-05-12,10.4,121.57059,0.3567362458004446,0.0,normal
2017-05-15,10.42,121.57059,0.35814032626281517,0.0,normal
2017-05-16,10.65,121.57059,0.36864273485764165,0.0,normal
2017-05-17,15.59,121.57059,0.638159909544098,0.19591091009799538,estres
2017-05-18,14.66,121.57059,0.5892393263265785,0.08719850294795212,estres
2017-05-19,12.04,121.57059,0.43803418509586517,0.0,normal
2017-05-22,10.93,121.57059,0.38110825890245936,0.0,normal
2017-05-23,10.72,121.57059,0.37177786011335057,0.0,normal
2017-05-24,10.02,121.57059,0.342372143713341,0.0,calma
2017-05-25,9.99,121.57059,0.3417316368851856,0.0,calma
2017-05-26,9.81,121.57059,0.3352704751810096,0.0,calma
2017-05-30,10.38,121.57059,0.35876814324820605,0.0,normal
2017-05-31,10.41,121.57059,0.36049649055456934,0.0,normal
2017-06-01,9.89,104.17097,0.2780366630820138,0.0,calma
2017-06-02,9.75,104.17097,0.2732464947762232,0.0,calma
2017-06-05,10.07,104.17097,0.2863614015748598,0.0,calma
2017-06-06,10.45,104.17097,0.30290170453049536,0.0,calma
2017-06-07,10.39,104.17097,0.30070436227433245,0.0,calma
2017-06-08,10.16,104.17097,0.2913594789293292,0.0,calma
2017-06-09,10.7,104.17097,0.3155984352721013,0.0,calma
2017-06-12,11.46,104.17097,0.35334849301905213,0.0,normal
2017-06-13,10.42,104.17097,0.3024654040054555,0.0,calma
2017-06-14,10.64,104.17097,0.31225284899877603,0.0,calma
2017-06-15,10.9,104.17097,0.32475735447208465,0.0,calma
2017-06-16,10.38,104.17097,0.29943971299215333,0.0,calma
2017-06-19,10.37,104.17097,0.2987767967247925,0.0,calma
2017-06-20,10.86,104.17097,0.32316063797375494,0.0,calma
2017-06-21,10.75,104.17097,0.31756105989182304,0.0,calma
2017-06-22,10.48,104.17097,0.30287864004989534,0.0,calma
2017-06-23,10.02,104.17097,0.2810976020496823,0.0,calma
2017-06-26,9.9,104.17097,0.2698813353282047,0.0,calma
2017-06-27,11.06,104.17097,0.32857521119495403,0.0,calma
2017-06-28,10.03,104.17097,0.27043761145286055,0.0,calma
2017-06-29,11.44,104.17097,0.35394321967660036,0.0,normal
2017-06-30,11.18,104.17097,0.3369913181183992,0.0,calma
2017-07-03,11.22,98.75896,0.3226207018535656,0.0,calma
2017-07-05,11.07,98.75896,0.31421835149267485,0.0,calma
2017-07-06,12.54,98.75896,0.4197863473650783,0.0,normal
2017-07-07,11.19,98.75896,0.32435656923831446,0.0,calma
2017-07-10,11.11,98.75896,0.32022932312910113,0.0,calma
2017-07-11,10.89,98.75896,0.3073374169856191,0.0,calma
2017-07-12,10.3,98.75896,0.27376306580916976,0.0,calma
2017-07-13,9.9,98.75896,0.2542349385458369,0.0,calma
2017-07-14,9.51,98.75896,0.23747407764447306,0.0,calma
2017-07-17,9.82,98.75896,0.2535586477939571,0.0,calma
2017-07-18,9.89,98.75896,0.25849447137809745,0.0,calma
2017-07-19,9.79,98.75896,0.25492122780960036,0.0,calma
2017-07-20,9.58,98.75896,0.24635902884582733,0.0,calma
2017-07-21,9.36,98.75896,0.2382257087650027,0.0,calma
2017-07-24,9.43,98.75896,0.24282494784797456,0.0,calma
2017-07-25,9.43,98.75896,0.24449419893211766,0.0,calma
2017-07-26,9.6,98.75896,0.2538828080522616,0.0,calma
2017-07-27,10.11,98.75896,0.2809435020795099,0.0,calma
2017-07-28,10.29,98.75896,0.29211048254624816,0.0,calma
2017-07-31,10.26,98.75896,0.2915263738166711,0.0,calma
2017-08-01,10.09,110.7536,0.3321043126761363,0.0,calma
2017-08-02,10.28,110.7536,0.3435816516155417,0.0,calma
2017-08-03,10.44,110.7536,0.35363500757197514,0.0,normal
2017-08-04,10.03,110.7536,0.33180580943023835,0.0,calma
2017-08-07,9.93,110.7536,0.32731077367196976,0.0,calma
2017-08-08,10.96,110.7536,0.38746881000803607,0.0,normal
2017-08-09,11.11,110.7536,0.39747635445124274,0.0,normal
2017-08-10,16.04,110.7536,0.6909393116188788,0.313198470264175,estres
2017-08-11,15.51,110.7536,0.669137560596174,0.26475013465816444,estres
2017-08-14,12.33,110.7536,0.47933540940253405,0.0,normal
2017-08-15,12.04,110.7536,0.45925974837035244,0.0,normal
2017-08-16,11.74,110.7536,0.43902430045837665,0.0,normal
2017-08-17,15.55,110.7536,0.6704617455773473,0.26769276794966057,estres
2017-08-18,14.26,110.7536,0.6050909111909267,0.1224242470909482,estres
2017-08-21,13.19,110.7536,0.5373839744261765,0.0,normal
2017-08-22,11.35,110.7536,0.4120740884909765,0.0,normal
2017-08-23,12.25,110.7536,0.47338110810482803,0.0,normal
2017-08-24,12.23,110.7536,0.47251354704612936,0.0,normal
2017-08-25,11.28,110.7536,0.4089860387870879,0.0,normal
2017-08-28,11.32,110.7536,0.4123755815315504,0.0,normal
2017-08-29,11.7,110.7536,0.4382546817598177,0.0,normal
2017-08-30,11.22,110.7536,0.4070756939505664,0.0,normal
2017-08-31,10.59,110.7536,0.368932424238153,0.0,normal
2017-09-01,10.13,109.17827,0.33675087043726704,0.0,calma
2017-09-05,12.23,109.17827,0.4698381792902224,0.0,normal
2017-09-06,11.63,109.17827,0.4284767038364402,0.0,normal
2017-09-07,11.55,109.17827,0.4228730944353909,0.0,normal
2017-09-08,12.12,109.17827,0.4615419280132367,0.0,normal
2017-09-11,10.73,109.17827,0.3703628395026104,0.0,normal
2017-09-12,10.58,109.17827,0.36179545580338524,0.0,normal
2017-09-13,10.5,109.17827,0.35712405924163737,0.0,normal
2017-09-14,10.44,109.17827,0.35349451039107627,0.0,normal
2017-09-15,10.17,109.17827,0.33804533731824926,0.0,calma
2017-09-18,10.15,109.17827,0.33741806339837077,0.0,calma
2017-09-19,10.18,109.17827,0.3396391538242939,0.0,calma
2017-09-20,9.78,109.17827,0.317799878203106,0.0,calma
2017-09-21,9.67,109.17827,0.31268190881762986,0.0,calma
2017-09-22,9.59,109.17827,0.3090810566386024,0.0,calma
2017-09-25,10.21,109.17827,0.3436429290565881,0.0,calma
2017-09-26,10.17,109.17827,0.34182764546317046,0.0,calma
2017-09-27,9.87,109.17827,0.3252606487475683,0.0,calma
2017-09-28,9.55,109.17827,0.30883103091596287,0.0,calma
2017-09-29,9.51,109.17827,0.30749747719063003,0.0,calma
2017-10-02,9.45,96.75077,0.2541157912449673,0.0,calma
2017-10-03,9.51,96.75077,0.25768276678689406,0.0,calma
2017-10-04,9.63,96.75077,0.2644034936281176,0.0,calma
2017-10-05,9.19,96.75077,0.24298325197246873,0.0,calma
2017-10-06,9.65,96.75077,0.26652840859019644,0.0,calma
2017-10-09,10.33,96.75077,0.30596066499039976,0.0,calma
2017-10-10,10.08,96.75077,0.2911774268791646,0.0,calma
2017-10-11,9.85,96.75077,0.27821019988763607,0.0,calma
2017-10-12,9.91,96.75077,0.2818175386622028,0.0,calma
2017-10-13,9.61,96.75077,0.264978635747286,0.0,calma
2017-10-16,9.91,96.75077,0.2820542185354583,0.0,calma
2017-10-17,10.31,96.75077,0.3067839119917696,0.0,calma
2017-10-18,10.07,96.75077,0.291892813422401,0.0,calma
2017-10-19,10.05,96.75077,0.2909482506302764,0.0,calma
2017-10-20,9.97,96.75077,0.2863231099731604,0.0,calma
2017-10-23,11.07,96.75077,0.36033776618877006,0.0,normal
2017-10-24,11.16,96.75077,0.36677514830295843,0.0,normal
2017-10-25,11.23,96.75077,0.37188112312655486,0.0,normal
2017-10-26,11.3,96.75077,0.3771786467035224,0.0,normal
2017-10-27,9.8,96.75077,0.2753857140797007,0.0,calma
2017-10-30,10.5,96.75077,0.32074757747796095,0.0,calma
2017-10-31,10.18,96.75077,0.2989459255718847,0.0,calma
2017-11-01,10.2,102.16057,0.32198943122148427,0.0,calma
2017-11-02,9.93,102.16057,0.30259097131911444,0.0,calma
2017-11-03,9.14,102.16057,0.2487683548477541,0.0,calma
2017-11-06,9.4,102.16057,0.25581333298496756,0.0,calma
2017-11-07,9.89,102.16057,0.28690527793763365,0.0,calma
2017-11-08,9.78,102.16057,0.2754328703127481,0.0,calma
2017-11-09,10.5,102.16057,0.3372352503028152,0.0,calma
2017-11-10,11.29,102.16057,0.4171365971017996,0.0,normal
2017-11-13,11.5,102.16057,0.44001235817376044,0.0,normal
2017-11-14,11.59,102.16057,0.45060025588654584,0.0,normal
2017-11-15,13.13,102.16057,0.5932855122824173,0.09619002729426064,estres
2017-11-16,11.76,102.16057,0.4690622709701082,0.0,normal
2017-11-17,11.43,102.16057,0.4345577316611027,0.0,normal
2017-11-20,10.65,102.16057,0.35267101198119816,0.0,normal
2017-11-21,9.73,102.16057,0.26987300619634147,0.0,calma
2017-11-22,9.88,102.16057,0.2826465954903766,0.0,calma
2017-11-24,9.67,102.16057,0.26653084530599175,0.0,calma
2017-11-27,9.87,102.16057,0.283235080243538,0.0,calma
2017-11-28,10.03,102.16057,0.29751770477088774,0.0,calma
2017-11-29,10.7,102.16057,0.362410354521268,0.0,normal
2017-11-30,11.28,102.16057,0.42455138617656163,0.0,normal
2017-12-01,11.43,94.48961,0.4113682799910321,0.0,normal
2017-12-04,11.68,94.48961,0.4398278205581147,0.0,normal
2017-12-05,11.33,94.48961,0.40216693357988903,0.0,normal
2017-12-06,11.02,94.48961,0.3684875120858402,0.0,normal
2017-12-07,10.16,94.48961,0.2804981553823686,0.0,calma
2017-12-08,9.58,94.48961,0.23144363854965802,0.0,calma
2017-12-11,9.34,94.48961,0.2146771812098504,0.0,calma
2017-12-12,9.92,94.48961,0.2616929702253413,0.0,calma
2017-12-13,10.18,94.48961,0.28633565743064515,0.0,calma
2017-12-14,10.49,94.48961,0.3178093046485385,0.0,calma
2017-12-15,9.42,94.48961,0.22234508361897592,0.0,calma
2017-12-18,9.53,94.48961,0.23146477622153785,0.0,calma
2017-12-19,10.03,94.48961,0.274749967557501,0.0,calma
2017-12-20,9.72,94.48961,0.24752491641063704,0.0,calma
2017-12-21,9.62,94.48961,0.23946340938040128,0.0,calma
2017-12-22,9.9,94.48961,0.26349043370030156,0.0,calma
2017-12-26,10.25,94.48961,0.2962374694387129,0.0,calma
2017-12-27,10.47,94.48961,0.31809496744960847,0.0,calma
2017-12-28,10.18,94.48961,0.28870612770587956,0.0,calma
2017-12-29,11.04,94.48961,0.3787448023584048,0.0,normal
2018-01-02,9.77,111.49723,0.36293708759742027,0.0,normal
2018-01-03,9.15,111.49723,0.3152989367246556,0.0,calma
2018-01-04,9.22,111.49723,0.3215049486318013,0.0,calma
2018-01-05,9.22,111.49723,0.32274279634182507,0.0,calma
2018-01-08,9.52,111.49723,0.3468174198270721,0.0,calma
2018-01-09,10.08,111.49723,0.3978229533202627,0.0,normal
2018-01-10,9.82,111.49723,0.37423651915801665,0.0,normal
2018-01-11,9.88,111.49723,0.380485803204314,0.0,normal
2018-01-12,10.16,111.49723,0.4080390116984973,0.0,normal
2018-01-16,11.66,111.49723,0.5678347236145593,0.03963271914346509,estres
2018-01-17,11.91,111.49723,0.5932360475440303,0.09608010565340047,estres
2018-01-18,12.22,111.49723,0.6229328293109764,0.16207295402439187,estres
2018-01-19,11.27,111.49723,0.5275364438223469,0.0,normal
2018-01-22,11.03,111.49723,0.5016058886499752,0.0,normal
2018-01-23,11.1,111.49723,0.5096995357411009,0.0,normal
2018-01-24,11.47,111.49723,0.549816601634355,0.0,normal
2018-01-25,11.58,111.49723,0.5612546172620441,0.025010260582320046,estres
2018-01-26,11.08,111.49723,0.5071328332687776,0.0,normal
2018-01-29,13.84,111.49723,0.7312889664269349,0.40286436983763296,estres
2018-01-30,14.79,111.49723,0.7620558724011677,0.4712352720025948,crisis
2018-01-31,13.54,111.49723,0.7136057014269204,0.3635682253931563,estres
2018-02-01,13.47,123.65156,0.7972459186360628,0.549435374746806,crisis
2018-02-02,17.31,123.65156,0.8812287617613386,0.7360639150251969,crisis
2018-02-05,37.32,123.65156,0.8902431152037924,0.7560958115639831,crisis
2018-02-06,29.98,123.65156,0.8905769733694883,0.7568377185988628,crisis
2018-02-07,27.73,123.65156,0.8901900911977566,0.7559779804394591,crisis
2018-02-08,33.46,123.65156,0.8918401073114859,0.759644682914413,crisis
2018-02-09,29.06,123.65156,0.8903263342096572,0.7562807426881272,crisis
2018-02-12,25.61,123.65156,0.8846863862312079,0.7437475249582397,crisis
2018-02-13,24.97,123.65156,0.8819954232258668,0.7377676071685928,crisis
2018-02-14,19.26,123.65156,0.8342890511983876,0.6317534471075279,crisis
2018-02-15,19.13,123.65156,0.8313968228422999,0.6253262729828886,crisis
2018-02-16,19.46,123.65156,0.8357039523294081,0.6348976718431291,crisis
2018-02-20,20.6,123.65156,0.8501052913995826,0.6669006475546279,crisis
2018-02-21,20.02,123.65156,0.8417184461820153,0.6482632137378117,crisis
2018-02-22,18.72,123.65156,0.8200184024158631,0.6000408942574735,crisis
2018-02-23,16.49,123.65156,0.7683061574313396,0.48512479429186567,crisis
2018-02-26,15.8,123.65156,0.7480512454788582,0.44011387884190695,estres
2018-02-27,18.59,123.65156,0.8170974505134248,0.5935498900298327,crisis
2018-02-28,19.85,123.65156,0.8380327353509973,0.6400727452244385,crisis
2018-03-01,22.47,94.00742,0.6426844724766128,0.20596549439247272,estres
2018-03-02,19.59,94.00742,0.6064871853348941,0.1255270785219868,estres
2018-03-05,18.73,94.00742,0.5901407542850446,0.08920167618898801,estres
2018-03-06,18.36,94.00742,0.5818217286243255,0.07071495249850093,estres
2018-03-07,17.76,94.00742,0.5678316537984288,0.03962589732984172,estres
2018-03-08,16.54,94.00742,0.5360968980148304,0.0,normal
2018-03-09,14.64,94.00742,0.47652510140789983,0.0,normal
2018-03-12,15.78,94.00742,0.5135178246338867,0.0,normal
2018-03-13,16.35,94.00742,0.5300850827864148,0.0,normal
2018-03-14,17.23,94.00742,0.5534994579017395,0.007776573114976544,estres
2018-03-15,16.59,94.00742,0.5358604163962986,0.0,normal
2018-03-16,15.8,94.00742,0.5122328237155087,0.0,normal
2018-03-19,19.02,94.00742,0.5919886664954912,0.09330814776775813,estres
2018-03-20,18.2,94.00742,0.5740341686281542,0.05340926361812024,estres
2018-03-21,17.86,94.00742,0.5655118490087792,0.03447077557506469,estres
2018-03-22,23.34,94.00742,0.6470087283528768,0.21557495189528172,estres
2018-03-23,24.87,94.00742,0.656685577672285,0.23707906149396651,estres
2018-03-26,21.03,94.00742,0.6177677653620769,0.15059503413794856,estres
2018-03-27,22.5,94.00742,0.6345513193960871,0.1878918208801935,estres
2018-03-28,22.87,94.00742,0.6369370752267499,0.19319350050388862,estres
2018-03-29,19.97,94.00742,0.5959060940733475,0.10201354238521657,estres
2018-04-02,23.62,136.33432,0.9340492437829067,0.8534427639620148,crisis
2018-04-03,21.1,136.33432,0.9024106362421023,0.7831347472046717,crisis
2018-04-04,20.06,136.33432,0.8832388931778218,0.7405308737284928,crisis
2018-04-05,18.94,136.33432,0.8594615602825044,0.6876923561833431,crisis
2018-04-06,21.49,136.33432,0.9018088556224525,0.7817974569387833,crisis
2018-04-09,21.77,136.33432,0.9032971209924237,0.785104713316497,crisis
2018-04-10,20.47,136.33432,0.881093325669549,0.7357629459323312,crisis
2018-04-11,20.24,136.33432,0.8750483605889934,0.722329690197763,crisis
2018-04-12,18.49,136.33432,0.8381562237894906,0.6403471639766458,crisis
2018-04-13,17.41,136.33432,0.8109325697075045,0.5798501549055655,crisis
2018-04-16,16.56,136.33432,0.7873072731529571,0.5273494958954602,crisis
2018-04-17,15.25,136.33432,0.7482040610195411,0.4404534689323134,estres
2018-04-18,15.6,136.33432,0.757682213712976,0.4615160304732798,crisis
2018-04-19,15.96,136.33432,0.7672308112250523,0.48273513605567175,crisis
2018-04-20,16.88,136.33432,0.7916731697099454,0.537051488244323,crisis
2018-04-23,16.34,136.33432,0.7756565630207045,0.5014590289348989,crisis
2018-04-24,18.02,136.33432,0.8177526909430484,0.5950059798734407,crisis
2018-04-25,17.84,136.33432,0.8116093479913375,0.5813541066474167,crisis
2018-04-26,16.24,136.33432,0.7675958936809755,0.48354643040216766,crisis
2018-04-27,15.41,136.33432,0.7418197995663638,0.42626622125858615,estres
2018-04-30,15.93,136.33432,0.7557799275496206,0.4572887278880458,crisis
2018-05-01,15.49,108.21374,0.5785917698044961,0.0635372662322135,estres
2018-05-02,15.97,108.21374,0.5925771562638027,0.09461590280845035,estres
2018-05-03,15.9,108.21374,0.5903156845692816,0.08959041015395909,estres
2018-05-04,14.77,108.21374,0.5559262153800311,0.013169367511180044,estres
2018-05-07,14.75,108.21374,0.5552228080649242,0.011606240144275878,estres
2018-05-08,14.71,108.21374,0.5538209889185159,0.008491086485590889,estres
2018-05-09,13.42,108.21374,0.5125444910918135,0.0,normal
2018-05-10,13.23,108.21374,0.5064266795012597,0.0,normal
2018-05-11,12.65,108.21374,0.4877438851266224,0.0,normal
2018-05-14,12.93,108.21374,0.4969504527068873,0.0,normal
2018-05-15,14.63,108.21374,0.5517267861169888,0.003837302482197183,estres
2018-05-16,13.42,108.21374,0.5128826811573256,0.0,normal
2018-05-17,13.43,108.21374,0.5139366939844392,0.0,normal
2018-05-18,13.42,108.21374,0.514219396468339,0.0,normal
2018-05-21,13.08,108.21374,0.5034520679039928,0.0,normal
2018-05-22,13.22,108.21374,0.5081727921755534,0.0,normal
2018-05-23,12.58,108.21374,0.4875157298698666,0.0,normal
2018-05-24,12.53,108.21374,0.48600460305767906,0.0,normal
2018-05-25,13.22,108.21374,0.5085621697729763,0.0,normal
2018-05-29,17.02,108.21374,0.6252869480258278,0.16730432894628403,estres
2018-05-30,14.94,108.21374,0.5634901819085234,0.0299781820189408,estres
2018-05-31,15.43,108.21374,0.5786278933211783,0.06361754071372937,estres
2018-06-01,13.46,124.93665,0.6336402498442562,0.1858672218761247,estres
2018-06-04,12.74,124.93665,0.6088891630972583,0.13086480688279606,estres
2018-06-05,12.4,124.93665,0.5966945998600804,0.10376577746684534,estres
2018-06-06,11.64,124.93665,0.5712499453748261,0.047222100832946784,estres
2018-06-07,12.13,124.93665,0.5859694786037849,0.07993217467507746,estres
2018-06-08,12.18,124.93665,0.5865362887166323,0.0811917527036273,estres
2018-06-11,12.35,124.93665,0.591071359941309,0.09126968875846433,estres
2018-06-12,12.34,124.93665,0.589870649876985,0.08860144417107771,estres
2018-06-13,12.94,124.93665,0.6084258657779836,0.12983525728440798,estres
2018-06-14,12.12,124.93665,0.5806688503222863,0.06815300071619174,estres
2018-06-15,11.98,124.93665,0.5752461781582145,0.056102618129365574,estres
2018-06-18,12.31,124.93665,0.5849474635584824,0.07766103012996074,estres
2018-06-19,13.35,124.93665,0.6180016585720856,0.15111479682685672,estres
2018-06-20,12.79,124.93665,0.5985534345715712,0.10789652127015807,estres
2018-06-21,14.64,124.93665,0.6581025197630679,0.24022782169570633,estres
2018-06-22,13.77,124.93665,0.628525547876048,0.17450121750232875,estres
2018-06-25,17.33,124.93665,0.7367105649498235,0.41491236655516317,estres
2018-06-26,15.92,124.93665,0.6943300626716417,0.32073347260364804,estres
2018-06-27,17.91,124.93665,0.7493587831451727,0.4430195181003837,estres
2018-06-28,16.85,124.93665,0.718823086022014,0.37516241338225315,estres
2018-06-29,16.09,124.93665,0.6950705336005281,0.32237896355672896,estres
2018-07-02,15.6,108.6274,0.5647344748758447,0.032743277501877055,estres
2018-07-03,16.14,108.6274,0.580445422962992,0.06765649547331536,estres
2018-07-05,14.97,108.6274,0.5430084456701377,0.0,normal
2018-07-06,13.37,108.6274,0.4901807260778276,0.0,normal
2018-07-09,12.69,108.6274,0.46728027215095214,0.0,normal
2018-07-10,12.64,108.6274,0.46511265221775644,0.0,normal
2018-07-11,13.63,108.6274,0.4970589877885471,0.0,normal
2018-07-12,12.58,108.6274,0.46180997572038135,0.0,normal
2018-07-13,12.18,108.6274,0.4481256869309213,0.0,normal
2018-07-16,12.83,108.6274,0.4685763889272181,0.0,normal
2018-07-17,12.06,108.6274,0.44276065374423557,0.0,normal
2018-07-18,12.1,108.6274,0.4433931364487757,0.0,normal
2018-07-19,12.87,108.6274,0.4678523394712211,0.0,normal
2018-07-20,12.86,108.6274,0.466727299640925,0.0,normal
2018-07-23,12.62,108.6274,0.45798778138610435,0.0,normal
2018-07-24,12.41,108.6274,0.45029716726601937,0.0,normal
2018-07-25,12.29,108.6274,0.4455924901418446,0.0,normal
2018-07-26,12.14,108.6274,0.4399632471808534,0.0,normal
2018-07-27,13.03,108.6274,0.4686460783440405,0.0,normal
2018-07-30,14.26,108.6274,0.5090768964759378,0.0,normal
2018-07-31,12.83,108.6274,0.46037736790133577,0.0,normal
2018-08-01,13.15,133.08625,0.6273395273692255,0.17186561637605657,estres
2018-08-02,12.19,133.08625,0.5942099939958733,0.0982444311019405,estres
2018-08-03,11.64,133.08625,0.575277292976946,0.05617176217099094,estres
2018-08-06,11.27,133.08625,0.5624364766448874,0.027636614766416313,estres
2018-08-07,10.93,133.08625,0.5508122736498832,0.0018050525552958264,estres
2018-08-08,10.85,133.08625,0.547491149173492,0.0,normal
2018-08-09,11.27,133.08625,0.5595759371907078,0.021279860423794903,estres
2018-08-10,13.16,133.08625,0.6209733527375865,0.15771856163908096,estres
2018-08-13,14.78,133.08625,0.6748333541431493,0.27740745365144276,estres
2018-08-14,13.31,133.08625,0.6242618483480492,0.1650263296623315,estres
2018-08-15,14.64,133.08625,0.6679701220945193,0.2621558268767096,estres
2018-08-16,13.45,133.08625,0.6267044762077544,0.17045439157278744,estres
2018-08-17,12.64,133.08625,0.5989825535094347,0.1088501189098549,estres
2018-08-20,12.49,133.08625,0.5933879669162903,0.09641770425842269,estres
2018-08-21,12.86,133.08625,0.6049668180518613,0.12214848455969159,estres
2018-08-22,12.25,133.08625,0.5836999456545123,0.07488876812113843,estres
2018-08-23,12.41,133.08625,0.5881521815135451,0.08478262558565566,estres
2018-08-24,11.99,133.08625,0.573554862262664,0.05234413836147534,estres
2018-08-27,12.16,133.08625,0.5781859119017939,0.06263535978176415,estres
2018-08-28,12.5,133.08625,0.5884609735697462,0.08546883015499157,estres
2018-08-29,12.25,133.08625,0.5793035922312202,0.06511909384715588,estres
2018-08-30,13.53,133.08625,0.6211650167761256,0.1581444817247234,estres
2018-08-31,12.86,133.08625,0.5974086253100198,0.10535250068893283,estres
2018-09-04,13.16,99.13562,0.3944082328252499,0.0,normal
2018-09-05,13.91,99.13562,0.42001419988153615,0.0,normal
2018-09-06,14.65,99.13562,0.4450474513944631,0.0,normal
2018-09-07,14.88,99.13562,0.45269540146404247,0.0,normal
2018-09-10,14.16,99.13562,0.4284334529640381,0.0,normal
2018-09-11,13.22,99.13562,0.39644058496089707,0.0,normal
2018-09-12,13.14,99.13562,0.3937018246468032,0.0,normal
2018-09-13,12.37,99.13562,0.3678676701989512,0.0,normal
2018-09-14,12.07,99.13562,0.3580323736996571,0.0,normal
2018-09-17,13.68,99.13562,0.4121412334307669,0.0,normal
2018-09-18,12.79,99.13562,0.38178020894675274,0.0,normal
2018-09-19,11.75,99.13562,0.347376732827143,0.0,calma
2018-09-20,11.8,99.13562,0.3489874409739553,0.0,calma
2018-09-21,11.68,99.13562,0.34508219543347407,0.0,calma
2018-09-24,12.2,99.13562,0.3620142726825005,0.0,normal
2018-09-25,12.42,99.13562,0.3693320741421565,0.0,normal
2018-09-26,12.89,99.13562,0.3851363106444216,0.0,normal
2018-09-27,12.41,99.13562,0.36881626313815197,0.0,normal
2018-09-28,12.12,99.13562,0.35902894529718365,0.0,normal
2018-10-01,12.0,102.6602,0.3763606298013271,0.0,normal
2018-10-02,12.05,102.6602,0.3773420723104773,0.0,normal
2018-10-03,11.61,102.6602,0.3623221236701643,0.0,normal
2018-10-04,14.22,102.6602,0.4504302835432288,0.0,normal
2018-10-05,14.82,102.6602,0.47035116440144664,0.0,normal
2018-10-08,15.69,102.6602,0.4991831790296545,0.0,normal
2018-10-09,15.95,102.6602,0.5070045861393553,0.0,normal
2018-10-10,22.96,102.6602,0.6730592606968798,0.273465023770844,estres
2018-10-11,24.98,102.6602,0.6946756106107497,0.321501356912777,estres
2018-10-12,21.31,102.6602,0.6420851520257813,0.20463367116840284,estres
2018-10-15,21.3,102.6602,0.6403906786318677,0.20086817473748372,estres
2018-10-16,17.62,102.6602,0.5494182810359045,0.0,normal
2018-10-17,17.4,102.6602,0.5418006430789093,0.0,normal
2018-10-18,20.06,102.6602,0.6116141912940135,0.13692042509780772,estres
2018-10-19,19.89,102.6602,0.606354270703209,0.12523171267379773,estres
2018-10-22,19.64,102.6602,0.5990908734054616,0.10909082978991465,estres
2018-10-23,20.71,102.6602,0.6221188738637384,0.16026416414164088,estres
2018-10-24,25.23,102.6602,0.6891408405274587,0.3092018678387971,estres
2018-10-25,24.22,102.6602,0.6759512774830996,0.2798917277402212,estres
2018-10-26,24.16,102.6602,0.6733583317523347,0.2741296261162993,estres
2018-10-29,24.7,102.6602,0.6781379287685411,0.28475095281898005,estres
2018-10-30,23.35,102.6602,0.6584858732622437,0.24107971836054154,estres
2018-10-31,21.23,102.6602,0.6195237501280315,0.15449722250673661,estres
2018-11-01,19.34,111.51257,0.6354756095457241,0.189945798990498,estres
2018-11-02,19.51,111.51257,0.6386205924780675,0.19693464995126095,estres
2018-11-05,19.96,111.51257,0.6485999122541843,0.21911091612040956,estres
2018-11-06,19.91,111.51257,0.6461406161009279,0.21364581355761744,estres
2018-11-07,16.36,111.51257,0.5429170543536692,0.0,normal
2018-11-08,16.72,111.51257,0.553364492424993,0.007476649833317615,estres
2018-11-09,17.36,111.51257,0.5723629706896363,0.04969549042141382,estres
2018-11-12,20.45,111.51257,0.655835075511944,0.23518905669320878,estres
2018-11-13,20.02,111.51257,0.6441897865558306,0.20931063679073456,estres
2018-11-14,21.25,111.51257,0.6712605223845356,0.26946782752119014,estres
2018-11-15,19.98,111.51257,0.6404924582763091,0.20109435172513118,estres
2018-11-16,18.14,111.51257,0.5891594351288685,0.08702096695304098,estres
2018-11-19,20.1,111.51257,0.6413682878731334,0.2030406397180741,estres
2018-11-20,22.48,111.51257,0.6914163540132173,0.3142585644738162,estres
2018-11-21,20.8,111.51257,0.6551142668323905,0.23358725962753435,estres
2018-11-23,21.52,111.51257,0.6697720643507679,0.26616014300170626,estres
2018-11-26,18.9,111.51257,0.6034681438022158,0.11881809733825727,estres
2018-11-27,19.02,111.51257,0.6057156369357848,0.1238125265239661,estres
2018-11-28,18.49,111.51257,0.5894111421566706,0.08758031590371228,estres
2018-11-29,18.79,111.51257,0.59703392592918,0.10451983539817776,estres
2018-11-30,18.07,111.51257,0.5747226982894176,0.05493932953203897,estres
2018-12-03,16.44,130.22387,0.6430700457228835,0.20682232382862994,estres
2018-12-04,20.74,130.22387,0.7662922693326765,0.48064948740594765,crisis
2018-12-06,21.19,130.22387,0.7751620172266832,0.5003600382815182,crisis
2018-12-07,23.23,130.22387,0.8145179431780031,0.5878176515066734,crisis
2018-12-10,22.64,130.22387,0.8017946924962335,0.559543761102741,crisis
2018-12-11,21.76,130.22387,0.7820231740569055,0.5156070534597899,crisis
2018-12-12,21.46,130.22387,0.7736989857515852,0.49710885722574494,crisis
2018-12-13,20.65,130.22387,0.7527386207354703,0.450530268301045,crisis
2018-12-14,21.63,130.22387,0.7743890666626163,0.49864237036136955,crisis
2018-12-17,24.52,130.22387,0.8264633379896671,0.6143629733103713,crisis
2018-12-18,25.58,130.22387,0.8391997760967694,0.642666169103932,crisis
2018-12-19,25.58,130.22387,0.8371818449769989,0.6381818777266641,crisis
2018-12-20,28.38,130.22387,0.8639758148422079,0.6977240329826842,crisis
2018-12-21,30.11,130.22387,0.8738399138123387,0.7196442529163083,crisis
2018-12-24,36.07,130.22387,0.8935250418852423,0.7633889819672051,crisis
2018-12-26,30.41,130.22387,0.8696284551682747,0.7102854559294993,crisis
2018-12-27,29.96,130.22387,0.8643643990593026,0.6985875534651169,crisis
2018-12-28,28.34,130.22387,0.8488129856569322,0.6640288570154048,crisis
2018-12-31,25.42,130.22387,0.8114564141096514,0.5810142535770031,crisis
2019-01-02,23.22,166.28681,0.8607072682480486,0.6904605961067746,crisis
2019-01-03,25.45,166.28681,0.8974428685502863,0.7720952634450807,crisis
2019-01-04,21.38,166.28681,0.8153935779948618,0.5897635066552483,crisis
2019-01-07,21.4,166.28681,0.8138739441880363,0.5863865426400806,crisis
2019-01-08,20.47,166.28681,0.788437282655281,0.5298606281228466,crisis
2019-01-09,19.98,166.28681,0.7733782291519875,0.4963960647821944,crisis
2019-01-10,19.5,166.28681,0.7581502311788022,0.46255606928622706,crisis
2019-01-11,18.19,166.28681,0.7183774883051501,0.37417219623366693,estres
2019-01-14,19.07,166.28681,0.7420433412558305,0.42676298056851214,estres
2019-01-15,18.6,166.28681,0.7263327766893428,0.3918506148652062,estres
2019-01-16,19.04,166.28681,0.7372864083008446,0.4161920184463212,estres
2019-01-17,18.06,166.28681,0.7063959883001554,0.3475466406670119,estres
2019-01-18,17.8,166.28681,0.6967318663058035,0.32607081401289667,estres
2019-01-22,20.8,166.28681,0.7810837173521987,0.513519371893775,crisis
2019-01-23,19.52,166.28681,0.7435350082413874,0.43007779609197194,estres
2019-01-24,18.89,166.28681,0.7231129794342017,0.38469550985378154,estres
2019-01-25,17.42,166.28681,0.6766688804093853,0.28148640090974514,estres
2019-01-28,18.87,166.28681,0.7188412809756803,0.37520284661262293,estres
2019-01-29,19.13,166.28681,0.7246440606260012,0.38809791250222475,estres
2019-01-30,17.66,166.28681,0.6782573323122345,0.2850162940271877,estres
2019-01-31,16.57,166.28681,0.643221668776845,0.20715926394854425,estres
2019-02-01,16.14,201.03201,0.6559514393218759,0.235447642937502,estres
2019-02-04,15.73,201.03201,0.6421912644944732,0.20486947665438474,estres
2019-02-05,15.57,201.03201,0.636559330690452,0.19235406820100437,estres
2019-02-06,15.38,201.03201,0.6304197740015919,0.17871060889242632,estres
2019-02-07,16.37,201.03201,0.6616916461913256,0.24820365820294568,estres
2019-02-08,15.72,201.03201,0.6407814253809827,0.20173650084662814,estres
2019-02-11,15.97,201.03201,0.6489923366570698,0.2199829703490439,estres
2019-02-12,15.43,201.03201,0.6310505568900908,0.18011234864464618,estres
2019-02-13,15.65,201.03201,0.6381925541662641,0.19598345370280898,estres
2019-02-14,16.22,201.03201,0.6574221011264878,0.23871578028108392,estres
2019-02-15,14.91,201.03201,0.6125231683822204,0.138940374182712,estres
2019-02-19,14.88,201.03201,0.6109053308677365,0.13534517970608095,estres
2019-02-20,14.02,201.03201,0.5828682609508893,0.07304057989086499,estres
2019-02-21,14.46,201.03201,0.5963199668369128,0.1029332596375839,estres
2019-02-22,13.51,201.03201,0.5663648908952027,0.03636642421156146,estres
2019-02-25,14.85,201.03201,0.6080203885719342,0.12893419682652033,estres
2019-02-26,15.17,201.03201,0.6176719930216248,0.15038220671472166,estres
2019-02-27,14.7,201.03201,0.6010933039956492,0.11354067554588702,estres
2019-02-28,14.78,201.03201,0.6030480044130024,0.11788445425111643,estres
2019-03-01,13.57,106.90066,0.33030668816572417,0.0,calma
2019-03-04,14.63,106.90066,0.364307986581688,0.0,normal
2019-03-05,14.74,106.90066,0.36828289868791164,0.0,normal
2019-03-06,15.74,106.90066,0.40221948406041264,0.0,normal
2019-03-07,16.59,106.90066,0.43170501383689963,0.0,normal
2019-03-08,16.05,106.90066,0.4128930506036115,0.0,normal
2019-03-11,14.33,106.90066,0.3549838013536477,0.0,normal
2019-03-12,13.77,106.90066,0.3371059985383694,0.0,calma
2019-03-13,13.41,106.90066,0.3262019571097297,0.0,calma
2019-03-14,13.5,106.90066,0.32912206676866856,0.0,calma
2019-03-15,12.88,106.90066,0.31114887068212554,0.0,calma
2019-03-18,13.1,106.90066,0.3178456812696696,0.0,calma
2019-03-19,13.56,106.90066,0.33175729741723625,0.0,calma
2019-03-20,13.91,106.90066,0.34300331101493986,0.0,calma
2019-03-21,13.63,106.90066,0.3346438283415001,0.0,calma
2019-03-22,16.48,106.90066,0.42936752073225537,0.0,normal
2019-03-25,16.33,106.90066,0.42483433796353987,0.0,normal
2019-03-26,14.68,106.90066,0.36910353756589004,0.0,normal
2019-03-27,15.15,106.90066,0.3854325384152233,0.0,normal
2019-03-28,14.43,106.90066,0.36171953133797874,0.0,normal
2019-03-29,13.71,106.90066,0.33885211375183977,0.0,calma
2019-04-01,13.4,140.24737,0.44476713517795263,0.0,normal
2019-04-02,13.36,140.24737,0.4442764657998238,0.0,normal
2019-04-03,13.74,140.24737,0.45711154872805837,0.0,normal
2019-04-04,13.58,140.24737,0.4526549252131635,0.0,normal
2019-04-05,12.82,140.24737,0.42971381258505514,0.0,normal
2019-04-08,13.18,140.24737,0.44153358928944375,0.0,normal
2019-04-09,14.28,140.24737,0.47813736380605376,0.0,normal
2019-04-10,13.3,140.24737,0.4466471984122514,0.0,normal
2019-04-11,13.02,140.24737,0.4385905422266831,0.0,normal
2019-04-12,12.01,140.24737,0.40934534861354577,0.0,normal
2019-04-15,12.32,140.24737,0.418963489185436,0.0,normal
2019-04-16,12.18,140.24737,0.415527044498859,0.0,normal
2019-04-17,12.6,140.24737,0.4283158959211304,0.0,normal
2019-04-18,12.09,140.24737,0.4138647152176192,0.0,normal
2019-04-22,12.42,140.24737,0.4239961277261689,0.0,normal
2019-04-23,12.28,140.24737,0.42051473352061286,0.0,normal
2019-04-24,13.14,140.24737,0.44712189091605925,0.0,normal
2019-04-25,13.25,140.24737,0.4511890842376485,0.0,normal
2019-04-26,12.73,140.24737,0.4355838034451158,0.0,normal
2019-04-29,13.11,140.24737,0.44781455540214465,0.0,normal
2019-04-30,13.12,140.24737,0.44843415492646876,0.0,normal
2019-05-01,14.8,98.7367,0.3658120694623327,0.0,normal
2019-05-02,14.42,98.7367,0.3530812048504407,0.0,normal
2019-05-03,12.87,98.7367,0.30302882660496333,0.0,calma
2019-05-06,15.44,98.7367,0.38943354496014126,0.0,normal
2019-05-07,19.32,98.7367,0.5200176680514941,0.0,normal
2019-05-08,19.4,98.7367,0.5219559525751202,0.0,normal
2019-05-09,19.1,98.7367,0.5123682645239583,0.0,normal
2019-05-10,16.04,98.7367,0.4090743168337395,0.0,normal
2019-05-13,20.55,98.7367,0.5535872197228532,0.007971599384118093,estres
2019-05-14,18.06,98.7367,0.4775031117477143,0.0,normal
2019-05-15,16.44,98.7367,0.4214546728862741,0.0,normal
2019-05-16,15.29,98.7367,0.3811334205869172,0.0,normal
2019-05-17,15.96,98.7367,0.4044823151954553,0.0,normal
2019-05-20,16.31,98.7367,0.41660965239837255,0.0,normal
2019-05-21,14.95,98.7367,0.3688326945026493,0.0,normal
2019-05-22,14.75,98.7367,0.36184762714689556,0.0,normal
2019-05-23,16.92,98.7367,0.4377131872317307,0.0,normal
2019-05-24,15.85,98.7367,0.39967094592962865,0.0,normal
2019-05-28,17.5,98.7367,0.45725769121055415,0.0,normal
2019-05-29,17.9,98.7367,0.47057487837821066,0.0,normal
2019-05-30,17.3,98.7367,0.45002186710255254,0.0,normal
2019-05-31,18.71,98.7367,0.4973671465355223,0.0,normal
2019-06-03,18.86,122.53876,0.5776723443353318,0.06149409852295939,estres
2019-06-04,16.97,122.53876,0.5131225999869633,0.0,normal
2019-06-05,16.09,122.53876,0.4815382809703379,0.0,normal
2019-06-06,15.93,122.53876,0.4753789081972601,0.0,normal
2019-06-07,16.3,122.53876,0.4879104534614043,0.0,normal
2019-06-10,15.94,122.53876,0.4745529696073532,0.0,normal
2019-06-11,15.99,122.53876,0.4758087340424353,0.0,normal
2019-06-12,15.91,122.53876,0.4724538284042511,0.0,normal
2019-06-13,15.82,122.53876,0.4687440357379384,0.0,normal
2019-06-14,15.28,122.53876,0.44918681486341017,0.0,normal
2019-06-17,15.35,122.53876,0.45117591554925357,0.0,normal
2019-06-18,15.15,122.53876,0.4435985512988245,0.0,normal
2019-06-19,14.33,122.53876,0.41478848540647906,0.0,normal
2019-06-20,14.75,122.53876,0.4290457276482921,0.0,normal
2019-06-21,15.4,122.53876,0.4515903048529948,0.0,normal
2019-06-24,15.26,122.53876,0.44653851005313594,0.0,normal
2019-06-25,16.28,122.53876,0.48291338981728377,0.0,normal
2019-06-26,16.21,122.53876,0.4805694416264614,0.0,normal
2019-06-27,15.82,122.53876,0.4665053980069426,0.0,normal
2019-06-28,15.08,122.53876,0.44046242459796847,0.0,normal
2019-07-01,14.06,150.11678,0.4966842419892965,0.0,normal
2019-07-02,12.93,150.11678,0.4604975093875744,0.0,normal
2019-07-03,12.57,150.11678,0.4496724514676381,0.0,normal
2019-07-05,13.28,150.11678,0.4713384269324621,0.0,normal
2019-07-08,13.96,150.11678,0.4930662235162788,0.0,normal
2019-07-09,14.09,150.11678,0.4967623971599745,0.0,normal
2019-07-10,13.03,150.11678,0.46192502692897897,0.0,normal
2019-07-11,12.93,150.11678,0.4582686448124137,0.0,normal
2019-07-12,12.39,150.11678,0.44188803059616166,0.0,normal
2019-07-15,12.68,150.11678,0.4498976844048103,0.0,normal
2019-07-16,12.86,150.11678,0.4546696109032173,0.0,normal
2019-07-17,13.97,150.11678,0.48940069509207196,0.0,normal
2019-07-18,13.53,150.11678,0.4741532668380054,0.0,normal
2019-07-19,14.45,150.11678,0.5039133692112068,0.0,normal
2019-07-22,13.53,150.11678,0.47255201933442104,0.0,normal
2019-07-23,12.61,150.11678,0.44353356761134954,0.0,normal
2019-07-24,12.07,150.11678,0.4275629329942221,0.0,normal
2019-07-25,12.74,150.11678,0.44646111653689224,0.0,normal
2019-07-26,12.16,150.11678,0.429046340990488,0.0,normal
2019-07-29,12.83,150.11678,0.4480553641738223,0.0,normal
2019-07-30,13.94,150.11678,0.4827987401489765,0.0,normal
2019-07-31,16.12,150.11678,0.5586820625268145,0.01929347228180994,estres
2019-08-01,17.87,149.9729,0.6200553383895864,0.1556785297546363,estres
2019-08-02,17.61,149.9729,0.6100032807977875,0.13334062399508334,estres
2019-08-05,24.59,149.9729,0.7924876148083502,0.5388613662407781,crisis
2019-08-06,20.17,149.9729,0.6912332249773807,0.31385161106084597,estres
2019-08-07,19.49,149.9729,0.6691023173545649,0.2646718163434776,estres
2019-08-08,16.91,149.9729,0.5787229480778983,0.06382877350644048,estres
2019-08-09,17.97,149.9729,0.6157700288989025,0.1461556197753389,estres
2019-08-12,21.09,149.9729,0.7143317083113034,0.3651815740251187,estres
2019-08-13,17.52,149.9729,0.5971660057929584,0.10481334620657418,estres
2019-08-14,22.1,149.9729,0.7385705564452014,0.4190456809893364,estres
2019-08-15,21.18,149.9729,0.713553699783759,0.36345266618613115,estres
2019-08-16,18.47,149.9729,0.6273573135199116,0.17190514115535913,estres
2019-08-19,16.88,149.9729,0.5695200457186915,0.04337787937486996,estres
2019-08-20,17.5,149.9729,0.5911984481922741,0.09155210709394229,estres
2019-08-21,15.8,149.9729,0.5283673274535505,0.0,normal
2019-08-22,16.68,149.9729,0.5596838848528841,0.021519744117520164,estres
2019-08-23,19.87,149.9729,0.6707170903019226,0.2682602006709391,estres
2019-08-26,19.32,149.9729,0.6516303211442337,0.22584515809829703,estres
2019-08-27,20.31,149.9729,0.6824883816916003,0.29441862598133395,estres
2019-08-28,19.35,149.9729,0.6503392587874826,0.22297613063885005,estres
2019-08-29,17.88,149.9729,0.5975020059484717,0.1055600132188259,estres
2019-08-30,18.98,149.9729,0.6358106896111835,0.19069042135818542,estres
2019-09-03,19.66,190.46323,0.7483064437871806,0.4406809861937346,estres
2019-09-04,17.33,190.46323,0.6636174076897149,0.25248312819936636,estres
2019-09-05,16.27,190.46323,0.6227328011082388,0.16162844690719727,estres
2019-09-06,15.0,190.46323,0.5755990036678589,0.05688667481746408,estres
2019-09-09,15.27,190.46323,0.5840977254067994,0.07577272312622076,estres
2019-09-10,15.2,190.46323,0.5806074808658157,0.06801662414625703,estres
2019-09-11,14.61,190.46323,0.5589929578804305,0.01998435084540093,estres
2019-09-12,14.22,190.46323,0.5447057234425992,0.0,normal
2019-09-13,13.74,190.46323,0.5280437813531518,0.0,normal
2019-09-16,14.67,190.46323,0.5574957966360224,0.01665732585782756,estres
2019-09-17,14.44,190.46323,0.5482276411557483,0.0,normal
2019-09-18,13.95,190.46323,0.5310086075255023,0.0,normal
2019-09-19,14.05,190.46323,0.5331121178267805,0.0,normal
2019-09-20,15.32,190.46323,0.5753209167092996,0.05626870379844354,estres
2019-09-23,14.91,190.46323,0.5592067430367903,0.020459428970645014,estres
2019-09-24,17.05,190.46323,0.6366032019019963,0.19245155978221384,estres
2019-09-25,15.96,190.46323,0.5939366380906715,0.09763697353482556,estres
2019-09-26,16.07,190.46323,0.5965554959843369,0.10345665774297076,estres
2019-09-27,17.22,190.46323,0.638778541428835,0.19728564761963313,estres
2019-09-30,16.24,190.46323,0.5998872278019427,0.11086050622653924,estres
2019-10-01,18.56,134.36178,0.540624192588778,0.0,normal
2019-10-02,20.56,134.36178,0.6092915172353188,0.1317589271895973,estres
2019-10-03,19.12,134.36178,0.5584832500846401,0.018851666854755592,estres
2019-10-04,17.04,134.36178,0.47804992433462945,0.0,normal
2019-10-07,17.86,134.36178,0.5089263371103165,0.0,normal
2019-10-08,20.28,134.36178,0.5963778419495016,0.10306187099889237,estres
2019-10-09,18.64,134.36178,0.5366437297758003,0.0,normal
2019-10-10,17.57,134.36178,0.4948222648262106,0.0,normal
2019-10-11,15.58,134.36178,0.4188615951376762,0.0,normal
2019-10-14,14.57,134.36178,0.38284636307405684,0.0,normal
2019-10-15,13.54,134.36178,0.3491372131610133,0.0,calma
2019-10-16,13.68,134.36178,0.35403463297732785,0.0,normal
2019-10-17,13.79,134.36178,0.35780358159403536,0.0,normal
2019-10-18,14.25,134.36178,0.37322729018346096,0.0,normal
2019-10-21,14.0,134.36178,0.3651635379073106,0.0,normal
2019-10-22,14.46,134.36178,0.3811480980684236,0.0,normal
2019-10-23,14.01,134.36178,0.3660803711651443,0.0,normal
2019-10-24,13.71,134.36178,0.3565809874553241,0.0,normal
2019-10-25,12.65,134.36178,0.32421573303175377,0.0,calma
2019-10-28,13.11,134.36178,0.3382026573304334,0.0,calma
2019-10-29,13.2,134.36178,0.34126998305723977,0.0,calma
2019-10-30,12.33,134.36178,0.31547950078322107,0.0,calma
2019-10-31,13.22,134.36178,0.34264569705040004,0.0,calma
2019-11-01,12.3,118.48822,0.2659163856835972,0.0,calma
2019-11-04,12.83,118.48822,0.28246284112876924,0.0,calma
2019-11-05,13.1,118.48822,0.2917102838075705,0.0,calma
2019-11-06,12.62,118.48822,0.2776668057367023,0.0,calma
2019-11-07,12.73,118.48822,0.28184665537899073,0.0,calma
2019-11-08,12.07,118.48822,0.26317795292949,0.0,calma
2019-11-11,12.69,118.48822,0.2819989036648039,0.0,calma
2019-11-12,12.68,118.48822,0.2823859484055277,0.0,calma
2019-11-13,13.0,118.48822,0.2931695726481738,0.0,calma
2019-11-14,13.05,118.48822,0.29554194993509714,0.0,calma
2019-11-15,12.05,118.48822,0.26608252009925104,0.0,calma
2019-11-18,12.46,118.48822,0.278945470784584,0.0,calma
2019-11-19,12.86,118.48822,0.29205844511809675,0.0,calma
2019-11-20,12.78,118.48822,0.2903125157173475,0.0,calma
2019-11-21,13.13,118.48822,0.3023211528619668,0.0,calma
2019-11-22,12.34,118.48822,0.278124033127177,0.0,calma
2019-11-25,11.87,118.48822,0.26517546227436517,0.0,calma
2019-11-26,11.54,118.48822,0.25693818752642605,0.0,calma
2019-11-27,11.75,118.48822,0.2636795902854113,0.0,calma
2019-11-29,12.62,118.48822,0.29051397020960096,0.0,calma
2019-12-02,14.91,131.75071,0.4135386306267076,0.0,normal
2019-12-03,15.96,131.75071,0.4548165752010649,0.0,normal
2019-12-04,14.8,131.75071,0.4095175918086731,0.0,normal
2019-12-05,14.52,131.75071,0.3995929957909149,0.0,normal
2019-12-06,13.62,131.75071,0.3672626184656138,0.0,normal
2019-12-09,15.86,131.75071,0.45420788803030276,0.0,normal
2019-12-10,15.68,131.75071,0.4479457314245984,0.0,normal
2019-12-11,14.99,131.75071,0.4211316535670751,0.0,normal
2019-12-12,13.94,131.75071,0.3812494752741782,0.0,normal
2019-12-13,12.63,131.75071,0.33565749338613005,0.0,calma
2019-12-16,12.14,131.75071,0.32071985900160205,0.0,calma
2019-12-17,12.29,131.75071,0.3259646124076705,0.0,calma
2019-12-18,12.58,131.75071,0.33583645164462916,0.0,calma
2019-12-19,12.5,131.75071,0.3333728566870867,0.0,calma
2019-12-20,12.51,131.75071,0.333128991164939,0.0,calma
2019-12-23,12.61,131.75071,0.33529339691929066,0.0,calma
2019-12-24,12.67,131.75071,0.33204102514004796,0.0,calma
2019-12-26,12.65,131.75071,0.3286455716607124,0.0,calma
2019-12-27,13.43,131.75071,0.360216484859481,0.0,normal
2019-12-30,14.82,131.75071,0.4315402695522992,0.0,normal
2019-12-31,13.78,131.75071,0.37601065814967616,0.0,normal
2020-01-02,12.47,143.46725,0.3530596236407735,0.0,normal
2020-01-03,14.02,143.46725,0.43031813913124695,0.0,normal
2020-01-06,13.85,143.46725,0.42186630350488846,0.0,normal
2020-01-07,13.79,143.46725,0.41954461105402097,0.0,normal
2020-01-08,13.45,143.46725,0.4017542445867879,0.0,normal
2020-01-09,12.54,143.46725,0.35664946017567567,0.0,normal
2020-01-10,12.56,143.46725,0.3586989600249514,0.0,normal
2020-01-13,12.32,143.46725,0.34891956105661415,0.0,calma
2020-01-14,12.39,143.46725,0.35329879549601634,0.0,normal
2020-01-15,12.42,143.46725,0.3559356356472592,0.0,normal
2020-01-16,12.32,143.46725,0.3524829270705417,0.0,normal
2020-01-17,12.1,143.46725,0.34391595495902394,0.0,calma
2020-01-21,12.85,143.46725,0.3811163054768919,0.0,normal
2020-01-22,12.91,143.46725,0.3850655094635613,0.0,normal
2020-01-23,12.98,143.46725,0.38987564812140796,0.0,normal
2020-01-24,14.56,143.46725,0.48607801131730755,0.0,normal
2020-01-27,18.23,143.46725,0.6941332602846808,0.3202961339659573,estres
2020-01-28,16.28,143.46725,0.5966606221833705,0.10369027151860093,estres
2020-01-29,16.39,143.46725,0.6046803734949986,0.12151194109999679,estres
2020-01-30,15.49,143.46725,0.5497029768270564,0.0,normal
2020-01-31,18.84,143.46725,0.7201571165628202,0.378126925695156,estres
2020-02-03,17.97,131.39109,0.6444482344780396,0.2098849655067545,estres
2020-02-04,16.05,131.39109,0.543102356516961,0.0,normal
2020-02-05,15.15,131.39109,0.48666595335591745,0.0,normal
2020-02-06,14.96,131.39109,0.4751154862258585,0.0,normal
2020-02-07,15.47,131.39109,0.5091737001498586,0.0,normal
2020-02-10,15.04,131.39109,0.48220325876345865,0.0,normal
2020-02-11,15.18,131.39109,0.49227738371167185,0.0,normal
2020-02-12,13.74,131.39109,0.4011233807534683,0.0,normal
2020-02-13,14.15,131.39109,0.42786850962076484,0.0,normal
2020-02-14,13.68,131.39109,0.399982579036529,0.0,normal
2020-02-18,14.83,131.39109,0.47406119670985625,0.0,normal
2020-02-19,14.38,131.39109,0.4457756043821423,0.0,normal
2020-02-20,15.56,131.39109,0.5227667253590108,0.0,normal
2020-02-21,17.08,131.39109,0.612515896330854,0.1389242140685644,estres
2020-02-24,25.03,131.39109,0.7727306671515941,0.4949570381146535,crisis
2020-02-25,27.85,131.39109,0.7786366678391943,0.5080814840870983,crisis
2020-02-26,27.56,131.39109,0.7779653278383291,0.5065896174185089,crisis
2020-02-27,39.16,131.39109,0.7838923752942173,0.5197608339871495,crisis
2020-02-28,40.11,131.39109,0.7846466707405801,0.521437046090178,crisis
2020-03-02,33.42,160.51565,0.8986099221618877,0.7746887159153061,crisis
2020-03-03,36.82,160.51565,0.899613994821808,0.7769199884929068,crisis
2020-03-04,31.99,160.51565,0.8918274138641549,0.7596164752536775,crisis
2020-03-05,39.62,160.51565,0.8984941258215992,0.7744313907146647,crisis
2020-03-06,41.94,160.51565,0.8980665986348232,0.7734813302996071,crisis
2020-03-09,54.46,160.51565,0.8990178302233729,0.7755951782741619,crisis
2020-03-10,47.3,160.51565,0.8966211119286757,0.7702691376192792,crisis
2020-03-11,53.9,160.51565,0.8969575266700075,0.77101672593335,crisis
2020-03-12,75.47,160.51565,0.8973404707764423,0.7718677128365384,crisis
2020-03-13,57.83,160.51565,0.8943276406814511,0.7651725348476691,crisis
2020-03-16,82.69,160.51565,0.8959585998402031,0.7687968885337846,crisis
2020-03-17,75.91,160.51565,0.8944984785535735,0.7655521745634966,crisis
2020-03-18,76.45,160.51565,0.8933083577946634,0.7629074617659187,crisis
2020-03-19,72.0,160.51565,0.8907977911603258,0.7573284248007239,crisis
2020-03-20,66.04,160.51565,0.8861933181107686,0.7470962624683747,crisis
2020-03-23,61.59,160.51565,0.8803381993393957,0.7340848874208794,crisis
2020-03-24,61.67,160.51565,0.878218524677925,0.7293744992842779,crisis
2020-03-25,63.95,160.51565,0.8785267929868177,0.7300595399707059,crisis
2020-03-26,61.0,160.51565,0.8726110193279328,0.7169133762842952,crisis
2020-03-27,65.54,160.51565,0.8760464815730061,0.7245477368289025,crisis
2020-03-30,57.08,160.51565,0.8603716897648823,0.6897148661441829,crisis
2020-03-31,53.54,160.51565,0.849371457987833,0.6652699066396288,crisis
2020-04-01,57.06,283.14721,0.9658206588252505,0.9240459085005566,crisis
2020-04-02,50.91,283.14721,0.9458203608628979,0.8796008019175509,crisis
2020-04-03,46.8,283.14721,0.9270477618332138,0.8378839151849196,crisis
2020-04-06,45.24,283.14721,0.917379467621709,0.816398816937131,crisis
2020-04-07,46.7,283.14721,0.922188415266379,0.8270853672586199,crisis
2020-04-08,43.35,283.14721,0.9026550781401439,0.7836779514225419,crisis
2020-04-09,41.67,283.14721,0.8905455859776521,0.7567679688392268,crisis
2020-04-13,41.17,283.14721,0.885220166649858,0.7449337036663511,crisis
2020-04-14,37.76,283.14721,0.8597376873160578,0.6883059718134618,crisis
2020-04-15,40.84,283.14721,0.8788712465407577,0.7308249923127947,crisis
2020-04-16,40.11,283.14721,0.8717918049195773,0.7150928998212829,crisis
2020-04-17,38.15,283.14721,0.8558193301029269,0.6795985113398375,crisis
2020-04-20,43.83,283.14721,0.8905105257678584,0.7566900572619075,crisis
2020-04-21,45.41,283.14721,0.8967575420601638,0.7705723156892528,crisis
2020-04-22,41.98,283.14721,0.8742946222408946,0.7206547160908768,crisis
2020-04-23,41.38,283.14721,0.8680743784016927,0.7068319520037615,crisis
2020-04-24,35.93,283.14721,0.8261580687898615,0.6136845973108034,crisis
2020-04-27,33.29,283.14721,0.8019651993206294,0.5599226651569541,crisis
2020-04-28,33.57,283.14721,0.8024232949382,0.5609406554182221,crisis
2020-04-29,31.23,283.14721,0.7795161145085128,0.5100358100189172,crisis
2020-04-30,34.15,283.14721,0.8036821790529565,0.5637381756732366,crisis
2020-05-01,37.19,268.61639,0.8193180244464768,0.5984844987699485,crisis
2020-05-04,35.97,268.61639,0.8075855936845946,0.5724124304102102,crisis
2020-05-05,33.61,268.61639,0.785790620404289,0.5239791564539756,crisis
2020-05-06,34.12,268.61639,0.7884923093931839,0.529982909762631,crisis
2020-05-07,31.44,268.61639,0.7629041870295572,0.4731204156212382,crisis
2020-05-08,27.98,268.61639,0.7283584236937911,0.3963520526528691,estres
2020-05-11,27.57,268.61639,0.7227956025824396,0.38399022796097676,estres
2020-05-12,33.04,268.61639,0.7729601839661173,0.49546707548026064,crisis
2020-05-13,35.28,268.61639,0.7905874474504009,0.534638772112002,crisis
2020-05-14,32.61,268.61639,0.7656152273791013,0.4791449497313361,crisis
2020-05-15,31.89,268.61639,0.7573850201334349,0.46085560029652195,crisis
2020-05-18,29.3,268.61639,0.7313958024531515,0.4031017832292255,estres
2020-05-19,30.53,268.61639,0.7416066142034292,0.42579247600762044,estres
2020-05-20,27.99,268.61639,0.715512429643538,0.36780539920786215,estres
2020-05-21,29.53,268.61639,0.7290109947640733,0.3978022105868294,estres
2020-05-22,28.16,268.61639,0.7142056385962825,0.36490141910284996,estres
2020-05-26,28.01,268.61639,0.7112817547740323,0.35840389949784957,estres
2020-05-27,27.62,268.61639,0.7060496656428576,0.3467770347619058,estres
2020-05-28,28.59,268.61639,0.7142660201203954,0.36503560026754533,estres
2020-05-29,27.51,268.61639,0.7022253870450166,0.33827863787781454,estres
2020-06-01,28.23,350.45982,0.7451702253887459,0.4337116119749908,estres
2020-06-02,26.84,350.45982,0.7298615567470048,0.3996923483266773,estres
2020-06-03,25.66,350.45982,0.7164534847123647,0.3698966326941437,estres
2020-06-04,25.81,350.45982,0.7164432937901599,0.36987398620035533,estres
2020-06-05,24.52,350.45982,0.7017921893401535,0.3373159763114522,estres
2020-06-08,25.81,350.45982,0.7134104150251964,0.36313425561154755,estres
2020-06-09,27.57,350.45982,0.7295454722205837,0.3989899382679638,estres
2020-06-10,27.57,350.45982,0.7279241620132744,0.3953870266961652,estres
2020-06-11,40.79,350.45982,0.8418114178644918,0.6484698174766483,crisis
2020-06-12,36.09,350.45982,0.8030210315502638,0.5622689590005863,crisis
2020-06-15,34.4,350.45982,0.7865068804186115,0.5255708453746921,crisis
2020-06-16,33.67,350.45982,0.7781187659201285,0.5069305909336189,crisis
2020-06-17,33.47,350.45982,0.7744511168550688,0.4987802596779307,crisis
2020-06-18,32.94,350.45982,0.7677613069042307,0.48391401534273487,crisis
2020-06-19,35.12,350.45982,0.7853960163089876,0.5231022584644168,crisis
2020-06-22,31.77,350.45982,0.753135597960881,0.4514124399130689,crisis
2020-06-23,31.37,350.45982,0.7475968116416419,0.43910402587031533,estres
2020-06-24,33.84,350.45982,0.7687468020924216,0.4861040046498258,crisis
2020-06-25,32.22,350.45982,0.752058884374035,0.4490197430534111,crisis
2020-06-26,34.73,350.45982,0.7731763336190254,0.49594740804227855,crisis
2020-06-29,31.78,350.45982,0.7442980225585052,0.4317733834633448,estres
2020-06-30,30.43,350.45982,0.7296012622348595,0.3991139160774656,estres
2020-07-01,28.62,231.2598,0.609640979558854,0.13253551013078657,estres
2020-07-02,27.68,231.2598,0.5992409072925682,0.1094242384279292,estres
2020-07-06,27.94,231.2598,0.600885718880559,0.11307937529013096,estres
2020-07-07,29.43,231.2598,0.614774849148326,0.1439441092185022,estres
2020-07-08,28.08,231.2598,0.6003331803231512,0.11185151182922479,estres
2020-07-09,29.26,231.2598,0.6111383600319271,0.1358630222931713,estres
2020-07-10,27.29,231.2598,0.59033576188391,0.08963502640868884,estres
2020-07-13,32.19,231.2598,0.6377672208780581,0.1950382686179069,estres
2020-07-14,29.52,231.2598,0.6106028445069696,0.13467298779326559,estres
2020-07-15,27.76,231.2598,0.5918769343192015,0.09305985404266995,estres
2020-07-16,28.0,231.2598,0.5933680551089335,0.09637345579762999,estres
2020-07-17,25.68,231.2598,0.5686868447839943,0.04152632174220955,estres
2020-07-20,24.46,231.2598,0.5552595124950286,0.011687805544507868,estres
2020-07-21,24.84,231.2598,0.5583125624891485,0.018472361086996597,estres
2020-07-22,24.32,231.2598,0.5520275965275918,0.004505770061315042,estres
2020-07-23,26.08,231.2598,0.5692970584720808,0.04288235216017943,estres
2020-07-24,25.84,231.2598,0.5658714166149913,0.03526981469998056,estres
2020-07-27,24.74,231.2598,0.5535037823626465,0.007786183028103288,estres
2020-07-28,25.44,231.2598,0.5598676897430803,0.021928199429067284,estres
2020-07-29,24.1,231.2598,0.5450538185167622,0.0,normal
2020-07-30,24.76,231.2598,0.5511714292056722,0.0026031760126047727,estres
2020-07-31,24.46,231.2598,0.547350333083672,0.0,normal
2020-08-03,24.28,305.96355,0.6227081099530558,0.16157357767345729,estres
2020-08-04,23.76,305.96355,0.6164525373598042,0.14767230524400926,estres
2020-08-05,22.99,305.96355,0.6074543885886143,0.12767641908580954,estres
2020-08-06,22.65,305.96355,0.6029376573016731,0.11763923844816246,estres
2020-08-07,22.21,305.96355,0.597299061984354,0.10510902663189771,estres
2020-08-10,22.13,305.96355,0.5954543688910805,0.10100970864684547,estres
2020-08-11,24.03,305.96355,0.6142990268460619,0.14288672632458183,estres
2020-08-12,22.28,305.96355,0.5950282394181239,0.10006275426249743,estres
2020-08-13,22.13,305.96355,0.5926575391822226,0.09479453151605022,estres
2020-08-14,22.05,305.96355,0.5909831352236072,0.09107363383023821,estres
2020-08-17,21.35,305.96355,0.5828206043738442,0.07293467638632035,estres
2020-08-18,21.51,305.96355,0.5834642385722637,0.07436497460503036,estres
2020-08-19,22.54,305.96355,0.5931258666490488,0.09583525922010827,estres
2020-08-20,22.72,305.96355,0.5939083557625153,0.09757412391670064,estres
2020-08-21,22.54,305.96355,0.5909937981953572,0.09109732932301601,estres
2020-08-24,22.37,305.96355,0.588340922378882,0.08520204973084886,estres
2020-08-25,22.03,305.96355,0.5839190669751295,0.07537570438917662,estres
2020-08-26,23.27,305.96355,0.59595676979597,0.10212615510215549,estres
2020-08-27,24.47,305.96355,0.60757053410439,0.12793452023197768,estres
2020-08-28,22.96,305.96355,0.5907610055229919,0.09058001227331532,estres
2020-08-31,26.41,305.96355,0.625959512714551,0.16879891714344653,estres
2020-09-01,26.12,224.42637,0.5329043595404603,0.0,normal
2020-09-02,26.57,224.42637,0.5370879993764256,0.0,normal
2020-09-03,33.6,224.42637,0.6080514927302997,0.12900331717844365,estres
2020-09-04,30.75,224.42637,0.5788678911637682,0.06415086925281822,estres
2020-09-08,31.46,224.42637,0.585297565150738,0.07843903366830669,estres
2020-09-09,28.81,224.42637,0.5573354621007013,0.016301026890447202,estres
2020-09-10,29.71,224.42637,0.5659442738990378,0.03543171977563943,estres
2020-09-11,26.87,224.42637,0.535483880719481,0.0,normal
2020-09-14,25.85,224.42637,0.5240046968396281,0.0,normal
2020-09-15,25.59,224.42637,0.520611343576243,0.0,normal
2020-09-16,26.04,224.42637,0.5247314487258167,0.0,normal
2020-09-17,26.46,224.42637,0.5285050921046037,0.0,normal
2020-09-18,25.83,224.42637,0.5211236980740187,0.0,normal
2020-09-21,27.78,224.42637,0.5412185948734072,0.0,normal
2020-09-22,26.86,224.42637,0.5307488676832887,0.0,normal
2020-09-23,28.58,224.42637,0.5484317394995557,0.0,normal
2020-09-24,28.51,224.42637,0.5470118184529345,0.0,normal
2020-09-25,26.38,224.42637,0.5236491157447856,0.0,normal
2020-09-28,26.19,224.42637,0.5210580639140067,0.0,normal
2020-09-29,26.27,224.42637,0.5213170890672767,0.0,normal
2020-09-30,26.37,224.42637,0.5216381992429167,0.0,normal
2020-10-01,26.7,218.05829,0.5163485306001562,0.0,normal
2020-10-02,27.63,218.05829,0.5255755880463948,0.0,normal
2020-10-05,27.96,218.05829,0.5282580504048429,0.0,normal
2020-10-06,29.48,218.05829,0.5436302412991899,0.0,normal
2020-10-07,28.06,218.05829,0.5277027889575158,0.0,normal
2020-10-08,26.36,218.05829,0.508656108401892,0.0,normal
2020-10-09,25.0,218.05829,0.4932637096241186,0.0,normal
2020-10-12,25.07,218.05829,0.4931766026237163,0.0,normal
2020-10-13,26.07,218.05829,0.5030470372806661,0.0,normal
2020-10-14,26.4,218.05829,0.5056413987785429,0.0,normal
2020-10-15,26.97,218.05829,0.5108335846032116,0.0,normal
2020-10-16,27.41,218.05829,0.5146146384696084,0.0,normal
2020-10-19,29.18,218.05829,0.5327869411004895,0.0,normal
2020-10-20,29.35,218.05829,0.5335868048644358,0.0,normal
2020-10-21,28.65,218.05829,0.5249803238775538,0.0,normal
2020-10-22,28.11,218.05829,0.5180739855875767,0.0,normal
2020-10-23,27.55,218.05829,0.5109243948895162,0.0,normal
2020-10-26,32.46,218.05829,0.5629086360910975,0.02868585798021665,estres
2020-10-27,33.35,218.05829,0.5711120516061176,0.04691567023581669,estres
2020-10-28,40.28,218.05829,0.6371827558155654,0.193739457367923,estres
2020-10-29,37.59,218.05829,0.6110482892673162,0.13566286503848046,estres
2020-10-30,38.02,218.05829,0.6138915650141676,0.1419812555870391,estres
2020-11-02,37.13,249.17362,0.6452172864514032,0.21159396989200702,estres
2020-11-03,35.55,249.17362,0.6280975940718294,0.17355020904850973,estres
2020-11-04,29.57,249.17362,0.5629036960306024,0.02867488006800528,estres
2020-11-05,27.58,249.17362,0.5396234686740725,0.0,normal
2020-11-06,24.86,249.17362,0.5083288586181276,0.0,normal
2020-11-09,25.75,249.17362,0.5169522345867736,0.0,normal
2020-11-10,24.8,249.17362,0.5052654355311679,0.0,normal
2020-11-11,23.45,249.17362,0.4893085989390342,0.0,normal
2020-11-12,25.35,249.17362,0.5090935245057171,0.0,normal
2020-11-13,23.1,249.17362,0.48316952555863,0.0,normal
2020-11-16,22.45,249.17362,0.47496137450303216,0.0,normal
2020-11-17,22.71,249.17362,0.47663074953804463,0.0,normal
2020-11-18,23.84,249.17362,0.4878544989877148,0.0,normal
2020-11-19,23.11,249.17362,0.4786655146196345,0.0,normal
2020-11-20,23.7,249.17362,0.48401398282349306,0.0,normal
2020-11-23,22.66,249.17362,0.47139618488129814,0.0,normal
2020-11-24,21.64,249.17362,0.4591654538537733,0.0,normal
2020-11-25,21.25,249.17362,0.45379426096153397,0.0,normal
2020-11-27,20.84,249.17362,0.44826387196522544,0.0,normal
2020-11-30,20.57,249.17362,0.444309717023661,0.0,normal
2020-12-01,20.77,246.7071,0.44200970415013374,0.0,normal
2020-12-02,21.17,246.7071,0.4454037468279952,0.0,normal
2020-12-03,21.28,246.7071,0.4456279420102678,0.0,normal
2020-12-04,20.79,246.7071,0.43943812306380825,0.0,normal
2020-12-07,21.3,246.7071,0.44384436669183497,0.0,normal
2020-12-08,20.68,246.7071,0.436350128885272,0.0,normal
2020-12-09,22.27,246.7071,0.4525798290965789,0.0,normal
2020-12-10,22.52,246.7071,0.4543145819728749,0.0,normal
2020-12-11,23.31,246.7071,0.46198780436888176,0.0,normal
2020-12-14,24.72,246.7071,0.4767346041196706,0.0,normal
2020-12-15,22.89,246.7071,0.454724969179245,0.0,normal
2020-12-16,22.5,246.7071,0.4491365565706408,0.0,normal
2020-12-17,21.93,246.7071,0.44162466381175036,0.0,normal
2020-12-18,21.57,246.7071,0.4364711968117402,0.0,normal
2020-12-21,25.16,246.7071,0.47584134032857606,0.0,normal
2020-12-22,24.23,246.7071,0.4637337130866564,0.0,normal
2020-12-23,23.31,246.7071,0.4518914241467189,0.0,normal
2020-12-24,21.53,246.7071,0.43072147917360526,0.0,normal
2020-12-28,21.7,246.7071,0.4314162093097219,0.0,normal
2020-12-29,23.08,246.7071,0.4457740095388971,0.0,normal
2020-12-30,22.77,246.7071,0.44103142955667285,0.0,normal
2020-12-31,22.75,246.7071,0.4395326299089848,0.0,normal
2021-01-04,26.97,246.1261,0.48705593630320254,0.0,normal
2021-01-05,25.34,246.1261,0.46617693649460334,0.0,normal
2021-01-06,25.07,246.1261,0.4616809269796893,0.0,normal
2021-01-07,22.37,246.1261,0.4290199953233711,0.0,normal
2021-01-08,21.56,246.1261,0.41865655010851627,0.0,normal
2021-01-11,24.08,246.1261,0.4462039574809325,0.0,normal
2021-01-12,23.33,246.1261,0.4360376648294423,0.0,normal
2021-01-13,22.21,246.1261,0.42180542064005233,0.0,normal
2021-01-14,23.25,246.1261,0.43240418652025137,0.0,normal
2021-01-15,24.34,246.1261,0.44384837874528604,0.0,normal
2021-01-19,23.24,246.1261,0.429377147880589,0.0,normal
2021-01-20,21.58,246.1261,0.4089718707558221,0.0,normal
2021-01-21,21.32,246.1261,0.4047468075371997,0.0,normal
2021-01-22,21.91,246.1261,0.41006810509567315,0.0,normal
2021-01-25,23.19,246.1261,0.4236391496385873,0.0,normal
2021-01-26,23.02,246.1261,0.42064526423691745,0.0,normal
2021-01-27,37.21,246.1261,0.5958031169005278,0.10178470422339499,estres
2021-01-28,30.21,246.1261,0.5072539302406658,0.0,normal
2021-01-29,33.09,246.1261,0.5427008191556022,0.0,normal
2021-02-01,30.24,207.91242,0.439136961449371,0.0,normal
2021-02-02,25.56,207.91242,0.3779264702861126,0.0,normal
2021-02-03,22.91,207.91242,0.34435364435084115,0.0,calma
2021-02-04,21.77,207.91242,0.3296885516727748,0.0,calma
2021-02-05,20.87,207.91242,0.3181325147677534,0.0,calma
2021-02-08,21.24,207.91242,0.32082197150296055,0.0,calma
2021-02-09,21.63,207.91242,0.32370882970043363,0.0,calma
2021-02-10,21.99,207.91242,0.32627937295742593,0.0,calma
2021-02-11,21.25,207.91242,0.3161905724666312,0.0,calma
2021-02-12,19.97,207.91242,0.3005347186859765,0.0,calma
2021-02-16,21.46,207.91242,0.3152890115162015,0.0,calma
2021-02-17,21.5,207.91242,0.314099245679494,0.0,calma
2021-02-18,22.49,207.91242,0.32378732650200637,0.0,calma
2021-02-19,22.05,207.91242,0.3169812633170792,0.0,calma
2021-02-22,23.45,207.91242,0.3319700580521605,0.0,calma
2021-02-23,23.11,207.91242,0.3268186700917963,0.0,calma
2021-02-24,21.34,207.91242,0.3053482371844613,0.0,calma
2021-02-25,28.89,207.91242,0.39861943595727833,0.0,normal
2021-02-26,27.95,207.91242,0.38545316349166114,0.0,normal
2021-03-01,23.35,151.93288,0.2547398692482631,0.0,calma
2021-03-02,24.1,151.93288,0.2645789088750349,0.0,calma
2021-03-03,26.67,151.93288,0.2979537600346994,0.0,calma
2021-03-04,28.57,151.93288,0.3233511334171213,0.0,calma
2021-03-05,24.66,151.93288,0.27332434207468115,0.0,calma
2021-03-08,25.47,151.93288,0.2844873787884572,0.0,calma
2021-03-09,24.03,151.93288,0.26723184298663377,0.0,calma
2021-03-10,22.56,151.93288,0.25005651370026,0.0,calma
2021-03-11,21.91,151.93288,0.24307973543532627,0.0,calma
2021-03-12,20.69,151.93288,0.22768883321648925,0.0,calma
2021-03-15,20.03,151.93288,0.22039227634889696,0.0,calma
2021-03-16,19.79,151.93288,0.2146455464142529,0.0,calma
2021-03-17,19.23,151.93288,0.20547803112233265,0.0,calma
2021-03-18,21.58,151.93288,0.23383732657183426,0.0,calma
2021-03-19,20.95,151.93288,0.22285707130181676,0.0,calma
2021-03-22,18.88,151.93288,0.1925372509998865,0.0,calma
2021-03-23,20.3,151.93288,0.21101484625685668,0.0,calma
2021-03-24,21.2,151.93288,0.22353533810649728,0.0,calma
2021-03-25,19.81,151.93288,0.19975085970372158,0.0,calma
2021-03-26,18.86,151.93288,0.1833985048879316,0.0,calma
2021-03-29,20.74,151.93288,0.20919676020551414,0.0,calma
2021-03-30,19.61,151.93288,0.18820770031374395,0.0,calma
2021-03-31,19.4,151.93288,0.18324663603207206,0.0,calma
2021-04-01,17.33,139.8012,0.1402665081142895,0.0,calma
2021-04-05,17.91,139.8012,0.14783296437327376,0.0,calma
2021-04-06,18.12,139.8012,0.15130482885209015,0.0,calma
2021-04-07,17.16,139.8012,0.13802817536465017,0.0,calma
2021-04-08,16.95,139.8012,0.13531171808848688,0.0,calma
2021-04-09,16.69,139.8012,0.13273887153570485,0.0,calma
2021-04-12,16.91,139.8012,0.13691892340173414,0.0,calma
2021-04-13,16.65,139.8012,0.1346412370438298,0.0,calma
2021-04-14,16.99,139.8012,0.141157893995435,0.0,calma
2021-04-15,16.57,139.8012,0.13655889343651836,0.0,calma
2021-04-16,16.25,139.8012,0.1336454566560415,0.0,calma
2021-04-19,17.29,139.8012,0.15003935307508384,0.0,calma
2021-04-20,18.68,139.8012,0.17357266691128673,0.0,calma
2021-04-21,17.5,139.8012,0.1529483557165991,0.0,calma
2021-04-22,18.71,139.8012,0.1745680918290166,0.0,calma
2021-04-23,17.33,139.8012,0.1510430482162934,0.0,calma
2021-04-26,17.64,139.8012,0.15784385397957637,0.0,calma
2021-04-27,17.56,139.8012,0.15851983111573945,0.0,calma
2021-04-28,17.28,139.8012,0.1558694766161683,0.0,calma
2021-04-29,17.61,139.8012,0.16357189599941863,0.0,calma
2021-04-30,18.61,139.8012,0.1838490440529481,0.0,calma
2021-05-03,18.31,124.88952,0.16696559405413902,0.0,calma
2021-05-04,19.48,124.88952,0.19279816121829169,0.0,calma
2021-05-05,19.15,124.88952,0.18741115471225583,0.0,calma
2021-05-06,18.39,124.88952,0.17344778409042963,0.0,calma
2021-05-07,16.69,124.88952,0.14521851154000925,0.0,calma
2021-05-10,19.66,124.88952,0.2054453221550169,0.0,calma
2021-05-11,21.84,124.88952,0.2632585272400669,0.0,calma
2021-05-12,27.59,124.88952,0.43826216968842296,0.0,normal
2021-05-13,23.13,124.88952,0.3040395241893075,0.0,calma
2021-05-14,18.81,124.88952,0.191444720298249,0.0,calma
2021-05-17,19.72,124.88952,0.214089111428704,0.0,calma
2021-05-18,21.34,124.88952,0.25801554259087833,0.0,calma
2021-05-19,22.18,124.88952,0.2838428403684834,0.0,calma
2021-05-20,20.67,124.88952,0.24308041027091518,0.0,calma
2021-05-21,20.15,124.88952,0.23135680610058035,0.0,calma
2021-05-24,18.4,124.88952,0.19247188928617404,0.0,calma
2021-05-25,18.84,124.88952,0.2040159196304877,0.0,calma
2021-05-26,17.36,124.88952,0.1757265311140353,0.0,calma
2021-05-27,16.74,124.88952,0.16675365632409667,0.0,calma
2021-05-28,16.76,124.88952,0.1692957362563245,0.0,calma
2021-06-01,17.9,147.01584,0.21461379113486367,0.0,calma
2021-06-02,17.48,147.01584,0.20790040382677516,0.0,calma
2021-06-03,18.04,147.01584,0.22068927100941294,0.0,calma
2021-06-04,16.42,147.01584,0.19175384512547583,0.0,calma
2021-06-07,16.42,147.01584,0.1934140525722463,0.0,calma
2021-06-08,17.07,147.01584,0.2066688037421835,0.0,calma
2021-06-09,17.89,147.01584,0.22435997514612493,0.0,calma
2021-06-10,16.1,147.01584,0.19263430475490168,0.0,calma
2021-06-11,15.65,147.01584,0.1850125341381379,0.0,calma
2021-06-14,16.39,147.01584,0.1981440247660769,0.0,calma
2021-06-15,17.02,147.01584,0.21080729320553687,0.0,calma
2021-06-16,18.15,147.01584,0.23544515710665032,0.0,calma
2021-06-17,17.75,147.01584,0.22765702161884208,0.0,calma
2021-06-18,20.7,147.01584,0.30329500355518824,0.0,calma
2021-06-21,17.89,147.01584,0.23192351697314642,0.0,calma
2021-06-22,16.66,147.01584,0.2074749798320456,0.0,calma
2021-06-23,16.32,147.01584,0.20227714114208337,0.0,calma
2021-06-24,15.97,147.01584,0.19676951641421153,0.0,calma
2021-06-25,15.62,147.01584,0.19177006512053074,0.0,calma
2021-06-28,15.76,147.01584,0.19482671947382663,0.0,calma
2021-06-29,16.02,147.01584,0.20060447727240233,0.0,calma
2021-06-30,15.83,147.01584,0.19833229768412752,0.0,calma
2021-07-01,15.48,133.57887,0.1767036695145034,0.0,calma
2021-07-02,15.07,133.57887,0.1718709269338739,0.0,calma
2021-07-06,16.44,133.57887,0.19893497226581436,0.0,calma
2021-07-07,16.2,133.57887,0.1959974904198747,0.0,calma
2021-07-08,19.0,133.57887,0.26328757533911207,0.0,calma
2021-07-09,16.18,133.57887,0.19877160046278952,0.0,calma
2021-07-12,16.17,133.57887,0.20050225517705633,0.0,calma
2021-07-13,17.12,133.57887,0.22215960419275588,0.0,calma
2021-07-14,16.33,133.57887,0.20678292429876494,0.0,calma
2021-07-15,17.01,133.57887,0.22330311745660372,0.0,calma
2021-07-16,18.45,133.57887,0.2603349846440225,0.0,calma
2021-07-19,22.5,133.57887,0.38397898877631115,0.0,normal
2021-07-20,19.73,133.57887,0.2984927138215219,0.0,calma
2021-07-21,17.91,133.57887,0.2501275895654931,0.0,calma
2021-07-22,17.69,133.57887,0.2462057427828706,0.0,calma
2021-07-23,17.2,133.57887,0.23608017075037319,0.0,calma
2021-07-26,17.58,133.57887,0.24688477744028148,0.0,calma
2021-07-27,19.36,133.57887,0.29595120637371614,0.0,calma
2021-07-28,18.31,133.57887,0.26837711801253833,0.0,calma
2021-07-29,17.7,133.57887,0.25415152265033836,0.0,calma
2021-07-30,18.24,133.57887,0.2695534708211217,0.0,calma
2021-08-02,19.46,152.91092,0.33179665664354274,0.0,calma
2021-08-03,18.04,152.91092,0.29384385541290875,0.0,calma
2021-08-04,17.97,152.91092,0.2932982770855733,0.0,calma
2021-08-05,17.28,152.91092,0.2773039890705796,0.0,calma
2021-08-06,16.15,152.91092,0.2530084954304883,0.0,calma
2021-08-09,16.72,152.91092,0.26696666765418164,0.0,calma
2021-08-10,16.79,152.91092,0.26988637309541763,0.0,calma
2021-08-11,16.06,152.91092,0.2552496590198137,0.0,calma
2021-08-12,15.59,152.91092,0.24703436384675165,0.0,calma
2021-08-13,15.45,152.91092,0.24575805413926285,0.0,calma
2021-08-16,16.12,152.91092,0.26102087499689275,0.0,calma
2021-08-17,17.91,152.91092,0.30454999961143997,0.0,calma
2021-08-18,21.57,152.91092,0.41121839970787155,0.0,normal
2021-08-19,21.67,152.91092,0.4148866759861267,0.0,normal
2021-08-20,18.56,152.91092,0.32382740348565525,0.0,calma
2021-08-23,17.15,152.91092,0.28871819829659484,0.0,calma
2021-08-24,17.22,152.91092,0.29158796659955877,0.0,calma
2021-08-25,16.79,152.91092,0.2825294498642796,0.0,calma
2021-08-26,18.84,152.91092,0.3361430941598477,0.0,calma
2021-08-27,16.39,152.91092,0.27568704755219686,0.0,calma
2021-08-30,16.19,152.91092,0.2725797226903196,0.0,calma
2021-08-31,16.48,152.91092,0.28048465652663335,0.0,calma
2021-09-01,16.11,133.81455,0.24060557614778336,0.0,calma
2021-09-02,16.41,133.81455,0.2489870163971516,0.0,calma
2021-09-03,16.41,133.81455,0.2500711141461489,0.0,calma
2021-09-07,18.14,133.81455,0.29493724602941923,0.0,calma
2021-09-08,17.96,133.81455,0.29146633964660607,0.0,calma
2021-09-09,18.8,133.81455,0.31637676910735635,0.0,calma
2021-09-10,20.95,133.81455,0.38311112925459695,0.0,normal
2021-09-13,19.37,133.81455,0.3357753946689119,0.0,calma
2021-09-14,19.46,133.81455,0.3398093562114122,0.0,calma
2021-09-15,18.18,133.81455,0.30383868423227195,0.0,calma
2021-09-16,18.69,133.81455,0.319813318238928,0.0,calma
2021-09-17,20.81,133.81455,0.38601563480240225,0.0,normal
2021-09-20,25.71,133.81455,0.5341728204935668,0.0,normal
2021-09-21,24.36,133.81455,0.4981240912247053,0.0,normal
2021-09-22,20.87,133.81455,0.39089059667132064,0.0,normal
2021-09-23,18.63,133.81455,0.3231419275698743,0.0,calma
2021-09-24,17.75,133.81455,0.2993797498488612,0.0,calma
2021-09-27,18.76,133.81455,0.32999687253445487,0.0,calma
2021-09-28,23.25,133.81455,0.4732926594016283,0.0,normal
2021-09-29,22.56,133.81455,0.45278351500304614,0.0,normal
2021-09-30,23.14,133.81455,0.47219458444768125,0.0,normal
2021-10-01,21.15,142.06763,0.42412770936681543,0.0,normal
2021-10-04,22.96,142.06763,0.4838245238058282,0.0,normal
2021-10-05,21.3,142.06763,0.43157926440075634,0.0,normal
2021-10-06,21.0,142.06763,0.42332238804576805,0.0,normal
2021-10-07,19.54,142.06763,0.37698118958250737,0.0,normal
2021-10-08,18.77,142.06763,0.35390898576950724,0.0,normal
2021-10-11,20.0,142.06763,0.3944904863377572,0.0,normal
2021-10-12,19.85,142.06763,0.39072090484496114,0.0,normal
2021-10-13,18.64,142.06763,0.3532784444674629,0.0,normal
2021-10-14,16.86,142.06763,0.3025796121804586,0.0,calma
2021-10-15,16.3,142.06763,0.28918455601685744,0.0,calma
2021-10-18,16.31,142.06763,0.2908669336158478,0.0,calma
2021-10-19,15.7,142.06763,0.276792543319037,0.0,calma
2021-10-20,15.49,142.06763,0.2729785121915851,0.0,calma
2021-10-21,15.01,142.06763,0.2631107945771822,0.0,calma
2021-10-22,15.43,142.06763,0.2743762700103256,0.0,calma
2021-10-25,15.24,142.06763,0.27126104587603245,0.0,calma
2021-10-26,15.98,142.06763,0.2904861522180807,0.0,calma
2021-10-27,16.98,142.06763,0.3190772735826562,0.0,calma
2021-10-28,16.53,142.06763,0.3043357870246065,0.0,calma
2021-10-29,16.26,142.06763,0.2953689301047272,0.0,calma
2021-11-01,16.41,121.9515,0.2624890467406824,0.0,calma
2021-11-02,16.03,121.9515,0.24929431012930742,0.0,calma
2021-11-03,15.1,121.9515,0.22136877930641807,0.0,calma
2021-11-04,15.44,121.9515,0.23142312452175468,0.0,calma
2021-11-05,16.48,121.9515,0.2649194956879688,0.0,calma
2021-11-08,17.22,121.9515,0.292537448087217,0.0,calma
2021-11-09,17.78,121.9515,0.31534476025496005,0.0,calma
2021-11-10,18.73,121.9515,0.3556672067277566,0.0,normal
2021-11-11,17.66,121.9515,0.3130873605557213,0.0,calma
2021-11-12,16.29,121.9515,0.26420544292565074,0.0,calma
2021-11-15,16.49,121.9515,0.27251646609870506,0.0,calma
2021-11-16,16.37,121.9515,0.2697974979962119,0.0,calma
2021-11-17,17.11,121.9515,0.297861474755846,0.0,calma
2021-11-18,17.59,121.9515,0.31778707933245454,0.0,calma
2021-11-19,17.91,121.9515,0.3319479714084985,0.0,calma
2021-11-22,19.17,121.9515,0.38681478737771074,0.0,normal
2021-11-23,19.38,121.9515,0.397077385793018,0.0,normal
2021-11-24,18.58,121.9515,0.36314324640979223,0.0,normal
2021-11-26,28.62,121.9515,0.6700245838042733,0.2667212973428295,estres
2021-11-29,22.96,121.9515,0.543914414908493,0.0,normal
2021-11-30,27.19,121.9515,0.6497388715275039,0.2216419367277863,estres
2021-12-01,31.12,151.28684,0.7527573992530495,0.45057199834010997,crisis
2021-12-02,27.95,151.28684,0.7209223437835995,0.3798274306302211,estres
2021-12-03,30.67,151.28684,0.7484195063794833,0.4409322363988517,estres
2021-12-06,27.18,151.28684,0.706180267599717,0.3470672613327043,estres
2021-12-07,21.89,151.28684,0.5593345651065975,0.020743478014661046,estres
2021-12-08,19.9,151.28684,0.4810055015931662,0.0,normal
2021-12-09,21.58,151.28684,0.5492130413553908,0.0,normal
2021-12-10,18.69,151.28684,0.4342207391647712,0.0,normal
2021-12-13,20.31,151.28684,0.5012700735595712,0.0,normal
2021-12-14,21.89,151.28684,0.5652863007851314,0.033969557300291955,estres
2021-12-15,19.29,151.28684,0.4621333373023762,0.0,normal
2021-12-16,20.57,151.28684,0.5157474010079047,0.0,normal
2021-12-17,21.57,151.28684,0.55652721665025,0.01450492588944425,estres
2021-12-20,22.87,151.28684,0.605056018213601,0.12234670714133547,estres
2021-12-21,21.01,151.28684,0.5367339825832472,0.0,normal
2021-12-22,18.63,151.28684,0.4410175267728344,0.0,normal
2021-12-23,17.96,151.28684,0.4160607407965309,0.0,normal
2021-12-27,17.68,151.28684,0.40676865742141544,0.0,normal
2021-12-28,17.54,151.28684,0.40302383178308965,0.0,normal
2021-12-29,16.95,151.28684,0.3830293607604386,0.0,normal
2021-12-30,17.33,151.28684,0.3987127644561801,0.0,normal
2021-12-31,17.22,151.28684,0.3964072408232576,0.0,normal
2022-01-03,16.6,166.24265,0.42061341380637235,0.0,normal
2022-01-04,16.91,166.24265,0.4340982421437902,0.0,normal
2022-01-05,19.73,166.24265,0.550012288172341,2.73070496466706e-05,estres
2022-01-06,19.61,166.24265,0.5471033106639572,0.0,normal
2022-01-07,18.76,166.24265,0.5135644968627053,0.0,normal
2022-01-10,19.4,166.24265,0.5430601075629082,0.0,normal
2022-01-11,18.41,166.24265,0.5041252278957258,0.0,normal
2022-01-12,17.62,166.24265,0.47473720669292674,0.0,normal
2022-01-13,20.31,166.24265,0.5897494784464656,0.0883321743254791,estres
2022-01-14,19.19,166.24265,0.5452899023918196,0.0,normal
2022-01-18,22.79,166.24265,0.6917306795728159,0.31495706571736853,estres
2022-01-19,23.85,166.24265,0.727534193390893,0.39452042975753987,estres
2022-01-20,25.59,166.24265,0.77351026331349,0.4966894740299778,crisis
2022-01-21,28.85,166.24265,0.8256131706550749,0.612473712566833,crisis
2022-01-24,29.9,166.24265,0.8370555520624838,0.6379012268055196,crisis
2022-01-25,31.16,166.24265,0.8479598280888538,0.6621329513085641,crisis
2022-01-26,31.96,166.24265,0.8577741844250204,0.6839426320556009,crisis
2022-01-27,30.49,166.24265,0.8525543413540059,0.6723429807866796,crisis
2022-01-28,27.66,166.24265,0.8293800147567318,0.6208444772371818,crisis
2022-01-31,24.83,166.24265,0.7787482305176402,0.5083294011503114,crisis
2022-02-01,21.96,139.23758,0.5651815942634877,0.03373687614108365,estres
2022-02-02,22.09,139.23758,0.5709539767614757,0.04656439280327934,estres
2022-02-03,24.35,139.23758,0.6446606337084775,0.21035696379661656,estres
2022-02-04,23.22,139.23758,0.6108172306993562,0.13514940155412486,estres
2022-02-07,22.86,139.23758,0.5990542411588379,0.10900942479741742,estres
2022-02-08,21.44,139.23758,0.5470041314273247,0.0,normal
2022-02-09,19.96,139.23758,0.4867252176218282,0.0,normal
2022-02-10,23.91,139.23758,0.6344384855927316,0.1876410790949591,estres
2022-02-11,27.36,139.23758,0.7088696899797357,0.3530437555105236,estres
2022-02-14,28.33,139.23758,0.7211728397156991,0.3803840882571091,estres
2022-02-15,25.7,139.23758,0.6769390436916067,0.282086763759126,estres
2022-02-16,24.29,139.23758,0.6422188725707475,0.20493082793499437,estres
2022-02-17,28.11,139.23758,0.7180563683237356,0.373458596274968,estres
2022-02-18,27.75,139.23758,0.7126865137533716,0.3615255861186034,estres
2022-02-22,28.81,139.23758,0.7258218135604928,0.3907151412455395,estres
2022-02-23,31.02,139.23758,0.7450296141080243,0.43339914246227607,estres
2022-02-24,30.32,139.23758,0.7399278078445053,0.4220617952100117,estres
2022-02-25,27.59,139.23758,0.7086030996811397,0.35245133262475475,estres
2022-02-28,30.15,139.23758,0.7382300827000999,0.4182890726668887,estres
2022-03-01,33.32,138.05353,0.7479019203908783,0.4397820453130629,estres
2022-03-02,30.74,138.05353,0.7312141510838955,0.4026981135197678,estres
2022-03-03,30.48,138.05353,0.7288524032239982,0.3974497849422183,estres
2022-03-04,31.98,138.05353,0.7393244004056332,0.4207208897902959,estres
2022-03-07,36.45,138.05353,0.7570186999934226,0.4600415555409391,crisis
2022-03-08,35.13,138.05353,0.7519655010428425,0.44881222453965003,crisis
2022-03-09,32.45,138.05353,0.737110150849723,0.4158003352216066,estres
2022-03-10,30.23,138.05353,0.7165902159889427,0.3702004799754281,estres
2022-03-11,30.75,138.05353,0.7207582231660626,0.3794627181468058,estres
2022-03-14,31.77,138.05353,0.7288033137382657,0.3973406971961459,estres
2022-03-15,29.83,138.05353,0.7076293917564663,0.3502875372365918,estres
2022-03-16,26.67,138.05353,0.6556538229477107,0.23478627321713477,estres
2022-03-17,25.67,138.05353,0.6335094845641155,0.185576632364701,estres
2022-03-18,23.87,138.05353,0.5873024595391767,0.08289435453150369,estres
2022-03-21,23.53,138.05353,0.5774676093607651,0.061039131912811316,estres
2022-03-22,22.94,138.05353,0.5601870967739162,0.022637992830924804,estres
2022-03-23,23.57,138.05353,0.5787182073699362,0.06381823859985808,estres
2022-03-24,21.67,138.05353,0.5210368579138471,0.0,normal
2022-03-25,20.81,138.05353,0.4934446294809866,0.0,normal
2022-03-28,19.63,138.05353,0.455444545477941,0.0,normal
2022-03-29,18.9,138.05353,0.4323327273371415,0.0,normal
2022-03-30,19.33,138.05353,0.446639137812944,0.0,normal
2022-03-31,20.56,138.05353,0.48644850575531556,0.0,normal
2022-04-01,19.63,190.01241,0.6737996355158185,0.27511030114626317,estres
2022-04-04,18.57,190.01241,0.6385368089874384,0.19674846441652963,estres
2022-04-05,21.03,190.01241,0.7169679954732607,0.37103998994057935,estres
2022-04-06,22.1,190.01241,0.749607421799216,0.4435720484427022,estres
2022-04-07,21.55,190.01241,0.7303943975868604,0.400876439081912,estres
2022-04-08,21.16,190.01241,0.7161080551925963,0.36912901153910294,estres
2022-04-11,24.37,190.01241,0.8114881767350397,0.5810848371889771,crisis
2022-04-12,24.26,190.01241,0.806485473973933,0.5699677199420733,crisis
2022-04-13,21.82,190.01241,0.7314003250534107,0.40311183345202367,estres
2022-04-14,22.7,190.01241,0.7572397415312743,0.4605327589583872,crisis
2022-04-18,22.17,190.01241,0.7388605121070411,0.41969002690453566,estres
2022-04-19,21.37,190.01241,0.711544159913506,0.35898702203001315,estres
2022-04-20,20.32,190.01241,0.6754694616594246,0.27882102590983227,estres
2022-04-21,22.68,190.01241,0.7501816719415093,0.44484815987002063,crisis
2022-04-22,28.21,190.01241,0.8834171096046821,0.7409269102326269,crisis
2022-04-25,27.02,190.01241,0.8585543791880472,0.6856763981956605,crisis
2022-04-26,33.52,190.01241,0.9395536555333598,0.8656747900741328,crisis
2022-04-27,31.6,190.01241,0.9202614266377732,0.8228031703061627,crisis
2022-04-28,29.99,190.01241,0.8983977298761052,0.774217177502456,crisis
2022-04-29,33.4,190.01241,0.9309773017334455,0.8466162260743233,crisis
2022-05-02,32.34,154.66196,0.8021288282368506,0.560286284970779,crisis
2022-05-03,29.25,154.66196,0.7615503798931573,0.47011195531812733,crisis
2022-05-04,25.42,154.66196,0.6821894500596462,0.29375433346588026,estres
2022-05-05,31.2,154.66196,0.7852225959302364,0.5227168798449696,crisis
2022-05-06,30.19,154.66196,0.7701320164872509,0.4891822588605576,crisis
2022-05-09,34.75,154.66196,0.8136758222147142,0.5859462715882539,crisis
2022-05-10,32.99,154.66196,0.7973676455210386,0.5497058789356412,crisis
2022-05-11,32.56,154.66196,0.7916398979976437,0.5369775511058748,crisis
2022-05-12,31.77,154.66196,0.7811117484776012,0.5135816632835583,crisis
2022-05-13,28.87,154.66196,0.7375127396809414,0.4166949770687587,estres
2022-05-16,27.47,154.66196,0.7094574543239807,0.35434989849773474,estres
2022-05-17,26.1,154.66196,0.6782258757525392,0.28494639056119825,estres
2022-05-18,30.96,154.66196,0.7653243862024255,0.47849863600538994,crisis
2022-05-19,29.35,154.66196,0.7394219799500719,0.42093773322238187,estres
2022-05-20,29.43,154.66196,0.738992450384917,0.4199832230775933,estres
2022-05-23,28.48,154.66196,0.7206234444516846,0.37916320989263236,estres
2022-05-24,29.45,154.66196,0.7359418685262085,0.4132041522804632,estres
2022-05-25,28.37,154.66196,0.7150436102503426,0.36676357833409456,estres
2022-05-26,27.5,154.66196,0.6962075112389923,0.32490558053109386,estres
2022-05-27,25.72,154.66196,0.654743094387003,0.2327624319711176,estres
2022-05-31,26.19,154.66196,0.6649133042007669,0.2553628982239263,estres
2022-06-01,25.69,168.00083,0.7182799273145399,0.37395539403231093,estres
2022-06-02,24.72,168.00083,0.6926405911162299,0.31697909136939967,estres
2022-06-03,24.79,168.00083,0.6930931561684737,0.31798479148549696,estres
2022-06-06,25.07,168.00083,0.6989073101029913,0.3309051335622029,estres
2022-06-07,24.02,168.00083,0.6700965013966175,0.2668811142147054,estres
2022-06-08,23.96,168.00083,0.6672827381740314,0.260628307053403,estres
2022-06-09,26.09,168.00083,0.7204747252127162,0.37883272269492474,estres
2022-06-10,27.75,168.00083,0.7563537352382879,0.4585638560850841,crisis
2022-06-13,34.02,168.00083,0.8476401523795951,0.6614225608435447,crisis
2022-06-14,32.69,168.00083,0.831456059216706,0.6254579093704576,crisis
2022-06-15,29.62,168.00083,0.7850166431073875,0.5222592069053055,crisis
2022-06-16,32.95,168.00083,0.8308960967210638,0.6242135482690306,crisis
2022-06-17,31.13,168.00083,0.8050680516736968,0.566817892608215,crisis
2022-06-21,30.19,168.00083,0.788486131531586,0.5299691811813021,crisis
2022-06-22,28.95,168.00083,0.7646713334164332,0.4770474075920738,crisis
2022-06-23,29.05,168.00083,0.7649680883772509,0.4777068630605576,crisis
2022-06-24,27.23,168.00083,0.7257160564526499,0.39048012545033306,estres
2022-06-27,26.95,168.00083,0.717928882366248,0.3731752941472176,estres
2022-06-28,28.36,168.00083,0.7472293981389957,0.4382875514199904,estres
2022-06-29,28.16,168.00083,0.7415658225439077,0.4257018278753503,estres
2022-06-30,28.71,168.00083,0.7513841861789581,0.4475204137310179,crisis
2022-07-01,26.7,145.97594,0.5907398656868291,0.09053303485962019,estres
2022-07-05,27.54,145.97594,0.6090260616084375,0.13116902579652776,estres
2022-07-06,26.73,145.97594,0.5890396000832423,0.08675466685164947,estres
2022-07-07,26.08,145.97594,0.5719892951014468,0.04886510022543725,estres
2022-07-08,24.64,145.97594,0.5337062381811186,0.0,normal
2022-07-11,26.17,145.97594,0.5723152635362447,0.0495894745249882,estres
2022-07-12,27.29,145.97594,0.598305282723349,0.10734507271855334,estres
2022-07-13,26.82,145.97594,0.5859661197114461,0.07992471046988008,estres
2022-07-14,26.4,145.97594,0.5744936666057887,0.05443037023508593,estres
2022-07-15,24.23,145.97594,0.5162567124485784,0.0,normal
2022-07-18,25.3,145.97594,0.5442257605428289,0.0,normal
2022-07-19,24.5,145.97594,0.5220999812215146,0.0,normal
2022-07-20,23.88,145.97594,0.5042781270482224,0.0,normal
2022-07-21,23.11,145.97594,0.4819497341705846,0.0,normal
2022-07-22,23.03,145.97594,0.4788038937762007,0.0,normal
2022-07-25,23.36,145.97594,0.48707157173677096,0.0,normal
2022-07-26,24.69,145.97594,0.5230600409279647,0.0,normal
2022-07-27,23.24,145.97594,0.4818518509399867,0.0,normal
2022-07-28,22.33,145.97594,0.4554389997686453,0.0,normal
2022-07-29,21.33,145.97594,0.42681258348015183,0.0,normal
2022-08-01,22.84,186.92141,0.6494659797757142,0.2210355106126981,estres
2022-08-02,23.93,186.92141,0.6787963291065593,0.28621406468124283,estres
2022-08-03,21.95,186.92141,0.6213480316170461,0.1585511813712135,estres
2022-08-04,21.44,186.92141,0.6056762350971376,0.123724966882528,estres
2022-08-05,21.15,186.92141,0.5961463073147424,0.10254734958831632,estres
2022-08-08,21.29,186.92141,0.5982847223411826,0.10729938298040563,estres
2022-08-09,21.77,186.92141,0.6100189176148356,0.1333753724774124,estres
2022-08-10,19.74,186.92141,0.5535747196302623,0.007943821400582746,estres
2022-08-11,20.2,186.92141,0.5639490960057849,0.030997991123966374,estres
2022-08-12,19.53,186.92141,0.5448719578350085,0.0,normal
2022-08-15,19.95,186.92141,0.553993068954441,0.008873486565424355,estres
2022-08-16,19.69,186.92141,0.5456626478789364,0.0,normal
2022-08-17,19.9,186.92141,0.5498760250069157,0.0,normal
2022-08-18,19.56,186.92141,0.540428302644779,0.0,normal
2022-08-19,20.6,186.92141,0.5671811604851188,0.03818035663359723,estres
2022-08-22,23.8,186.92141,0.6571645870252341,0.23814352672274228,estres
2022-08-23,24.11,186.92141,0.664538277942784,0.2545295065395199,estres
2022-08-24,22.82,186.92141,0.6252724616101244,0.16727213691138745,estres
2022-08-25,21.78,186.92141,0.5935170001932248,0.0967044448738329,estres
2022-08-26,25.56,186.92141,0.7018650075547438,0.3374777945660972,estres
2022-08-29,26.21,186.92141,0.7182260707143923,0.3738357126986494,estres
2022-08-30,26.21,186.92141,0.7165364208137524,0.37008093514167184,estres
2022-08-31,25.87,186.92141,0.7053964874513926,0.34532552766976127,estres
2022-09-01,25.56,163.23982,0.6071560876474995,0.12701352810555439,estres
2022-09-02,25.47,163.23982,0.6032523413874312,0.11833853641651375,estres
2022-09-06,26.91,163.23982,0.6422832219597387,0.20507382657719714,estres
2022-09-07,24.64,163.23982,0.5760900236750912,0.05797783038909149,estres
2022-09-08,23.61,163.23982,0.5439498980276443,0.0,normal
2022-09-09,22.79,163.23982,0.5182114100131877,0.0,normal
2022-09-12,23.87,163.23982,0.5500279413610716,6.209191349230518e-05,estres
2022-09-13,27.27,163.23982,0.6474055564499414,0.2164567921109807,estres
2022-09-14,26.16,163.23982,0.6154556132427507,0.14545691831722363,estres
2022-09-15,26.27,163.23982,0.617342153840827,0.1496492307573933,estres
2022-09-16,26.3,163.23982,0.6169658798717166,0.14881306638159233,estres
2022-09-19,25.76,163.23982,0.6002689779621921,0.11170883991598245,estres
2022-09-20,27.16,163.23982,0.6393309140896108,0.19851314242135737,estres
2022-09-21,27.99,163.23982,0.6603156118213719,0.245145804047493,estres
2022-09-22,27.35,163.23982,0.6422697329357206,0.20504385096826802,estres
2022-09-23,29.92,163.23982,0.7031634163886057,0.3403631475302348,estres
2022-09-26,32.26,163.23982,0.7452562032186626,0.43390267381925013,estres
2022-09-27,32.6,163.23982,0.7487890718419665,0.4417534929821478,estres
2022-09-28,30.18,163.23982,0.7030713095716483,0.340158465714774,estres
2022-09-29,31.84,163.23982,0.7332210675317407,0.4071579278483125,estres
2022-09-30,31.62,163.23982,0.7276584024998948,0.3947964499997661,estres
2022-10-03,30.1,174.18347,0.7463806667102166,0.43640148157825914,estres
2022-10-04,29.07,174.18347,0.7217077816372827,0.3815728480828503,estres
2022-10-05,28.55,174.18347,0.7076761076639695,0.3503913503643766,estres
2022-10-06,30.52,174.18347,0.7509634240705977,0.44658538682355037,crisis
2022-10-07,31.36,174.18347,0.7658185777481887,0.47959683944041936,crisis
2022-10-10,32.45,174.18347,0.7832810846992171,0.5184024104427046,crisis
2022-10-11,33.63,174.18347,0.7994205402225663,0.5542678671612583,crisis
2022-10-12,33.57,174.18347,0.7965813526907812,0.5479585615350694,crisis
2022-10-13,31.94,174.18347,0.7684009251474648,0.4853353892165885,crisis
2022-10-14,32.02,174.18347,0.7682287053692822,0.4849526785984049,crisis
2022-10-17,31.37,174.18347,0.7545495141838282,0.4545544759640626,crisis
2022-10-18,30.5,174.18347,0.7352432103740786,0.4116515786090635,estres
2022-10-19,30.76,174.18347,0.7394088391108083,0.42090853135735184,estres
2022-10-20,29.98,174.18347,0.7208523153301684,0.3796718118448185,estres
2022-10-21,29.69,174.18347,0.7127770479983903,0.36172677332975606,estres
2022-10-24,29.85,174.18347,0.7152630367462741,0.36725119276949797,estres
2022-10-25,28.46,174.18347,0.6789277046608562,0.2865060103574581,estres
2022-10-26,27.28,174.18347,0.6448017875499664,0.2106706389999253,estres
2022-10-27,27.39,174.18347,0.6465448268070686,0.21454405957126346,estres
2022-10-28,25.75,174.18347,0.5963312347117439,0.10295829935943074,estres
2022-10-31,25.88,174.18347,0.5987207379118942,0.10826830647087586,estres
2022-11-01,25.81,177.42313,0.6087125218727021,0.13047227082822677,estres
2022-11-02,25.86,177.42313,0.608690177430079,0.13042261651128664,estres
2022-11-03,25.3,177.42313,0.5894801569321496,0.0877336820714435,estres
2022-11-04,24.55,177.42313,0.5640706471565202,0.03126810479226706,estres
2022-11-07,24.35,177.42313,0.5560862720260552,0.013525048946789249,estres
2022-11-08,25.54,177.42313,0.5925386506427819,0.09453033476173743,estres
2022-11-09,26.09,177.42313,0.6087860535120062,0.1306356744711248,estres
2022-11-10,23.53,177.42313,0.525525968697458,0.0,normal
2022-11-11,22.52,177.42313,0.49342336259113423,0.0,normal
2022-11-14,23.73,177.42313,0.5286480650572538,0.0,normal
2022-11-15,24.54,177.42313,0.5529769270852652,0.00661539352281156,estres
2022-11-16,24.11,177.42313,0.5371654069361944,0.0,normal
2022-11-17,23.93,177.42313,0.5296535218920092,0.0,normal
2022-11-18,23.12,177.42313,0.5022456460151535,0.0,normal
2022-11-21,22.36,177.42313,0.47760889873737966,0.0,normal
2022-11-22,21.29,177.42313,0.4462844156191792,0.0,normal
2022-11-23,20.35,177.42313,0.42151824123102,0.0,normal
2022-11-25,20.5,177.42313,0.42431656023104414,0.0,normal
2022-11-28,22.21,177.42313,0.4712061418039211,0.0,normal
2022-11-29,21.89,177.42313,0.4617098688103166,0.0,normal
2022-11-30,20.58,177.42313,0.4270221603580874,0.0,normal
2022-12-01,19.84,171.73726,0.37973043619375146,0.0,normal
2022-12-02,19.06,171.73726,0.3634468534309833,0.0,normal
2022-12-05,20.75,171.73726,0.40338382524034344,0.0,normal
2022-12-06,22.17,171.73726,0.44317126638147447,0.0,normal
2022-12-07,22.68,171.73726,0.4580539243833158,0.0,normal
2022-12-08,22.29,171.73726,0.4452663196215123,0.0,normal
2022-12-09,22.83,171.73726,0.46115574599713777,0.0,normal
2022-12-12,25.0,171.73726,0.5312026778157857,0.0,normal
2022-12-13,22.55,171.73726,0.4500064434094663,0.0,normal
2022-12-14,21.14,171.73726,0.40890780882740857,0.0,normal
2022-12-15,22.83,171.73726,0.4572649765045541,0.0,normal
2022-12-16,22.62,171.73726,0.44989521487701045,0.0,normal
2022-12-19,22.42,171.73726,0.44316378853331195,0.0,normal
2022-12-20,21.48,171.73726,0.4154725976493869,0.0,normal
2022-12-21,20.07,171.73726,0.37861483800723483,0.0,normal
2022-12-22,21.97,171.73726,0.42811593336764775,0.0,normal
2022-12-23,20.87,171.73726,0.3962758309537934,0.0,normal
2022-12-27,21.65,171.73726,0.4162496269335795,0.0,normal
2022-12-28,22.14,171.73726,0.42903765676027916,0.0,normal
2022-12-29,21.44,171.73726,0.4070641418089627,0.0,normal
2022-12-30,21.67,171.73726,0.41201992824632755,0.0,normal
2023-01-03,22.9,136.43315,0.26810694589005124,0.0,calma
2023-01-04,22.01,136.43315,0.23984613240989203,0.0,calma
2023-01-05,22.46,136.43315,0.25303719364716054,0.0,calma
2023-01-06,21.13,136.43315,0.21450527381427412,0.0,calma
2023-01-09,21.97,136.43315,0.23881396814018213,0.0,calma
2023-01-10,20.58,136.43315,0.2006233148927659,0.0,calma
2023-01-11,21.09,136.43315,0.21441104292641444,0.0,calma
2023-01-12,18.83,136.43315,0.1624979771193546,0.0,calma
2023-01-13,18.35,136.43315,0.15412076037432665,0.0,calma
2023-01-17,19.36,136.43315,0.1749501863097972,0.0,calma
2023-01-18,20.34,136.43315,0.19788212930696203,0.0,calma
2023-01-19,20.52,136.43315,0.2036791574868048,0.0,calma
2023-01-20,19.85,136.43315,0.18920885983995628,0.0,calma
2023-01-23,19.81,136.43315,0.19014708866198676,0.0,calma
2023-01-24,19.2,136.43315,0.17888471860983288,0.0,calma
2023-01-25,19.08,136.43315,0.17842914765536136,0.0,calma
2023-01-26,18.73,136.43315,0.17335024222018852,0.0,calma
2023-01-27,18.51,136.43315,0.1709791699594042,0.0,calma
2023-01-30,19.94,136.43315,0.20362294087979865,0.0,calma
2023-01-31,19.4,136.43315,0.19309348975589186,0.0,calma
2023-02-01,17.87,139.12464,0.17431266137290863,0.0,calma
2023-02-02,18.73,139.12464,0.19133943529210912,0.0,calma
2023-02-03,18.33,139.12464,0.1843264699638527,0.0,calma
2023-02-06,19.43,139.12464,0.20817868762857528,0.0,calma
2023-02-07,18.66,139.12464,0.19265023162253297,0.0,calma
2023-02-08,19.63,139.12464,0.21443747175156244,0.0,calma
2023-02-09,20.71,139.12464,0.24159666862244672,0.0,calma
2023-02-10,20.53,139.12464,0.23671532769238923,0.0,calma
2023-02-13,20.34,139.12464,0.232479211237272,0.0,calma
2023-02-14,18.91,139.12464,0.20034329109699886,0.0,calma
2023-02-15,18.23,139.12464,0.18795596722370422,0.0,calma
2023-02-16,20.17,139.12464,0.23193265144477876,0.0,calma
2023-02-17,20.02,139.12464,0.2289508526267544,0.0,calma
2023-02-21,22.87,139.12464,0.31150965153581833,0.0,calma
2023-02-22,22.29,139.12464,0.29384998558728104,0.0,calma
2023-02-23,21.14,139.12464,0.2606191153505319,0.0,calma
2023-02-24,21.67,139.12464,0.2768207157081427,0.0,calma
2023-02-27,20.95,139.12464,0.2569555626049428,0.0,calma
2023-02-28,20.7,139.12464,0.2509410447428082,0.0,calma
2023-03-01,20.58,120.13662,0.19771389495371522,0.0,calma
2023-03-02,19.59,120.13662,0.17372577866269212,0.0,calma
2023-03-03,18.49,120.13662,0.15056004966094316,0.0,calma
2023-03-06,18.61,120.13662,0.15487619517817383,0.0,calma
2023-03-07,19.59,120.13662,0.17907389626318082,0.0,calma
2023-03-08,19.11,120.13662,0.16827166808523197,0.0,calma
2023-03-09,22.61,120.13662,0.2705124359549084,0.0,calma
2023-03-10,24.8,120.13662,0.3488125124661663,0.0,calma
2023-03-13,26.52,120.13662,0.4105353712413336,0.0,normal
2023-03-14,23.73,120.13662,0.3131814243845887,0.0,calma
2023-03-15,26.14,120.13662,0.40104072322464046,0.0,normal
2023-03-16,22.99,120.13662,0.28956485098180823,0.0,calma
2023-03-17,25.51,120.13662,0.38126327056894127,0.0,normal
2023-03-20,24.15,120.13662,0.33279231743296744,0.0,calma
2023-03-21,21.38,120.13662,0.23805859635995968,0.0,calma
2023-03-22,22.26,120.13662,0.26775258237234767,0.0,calma
2023-03-23,22.61,120.13662,0.280389726992503,0.0,calma
2023-03-24,21.74,120.13662,0.2520305776157069,0.0,calma
2023-03-27,20.6,120.13662,0.21742846608388558,0.0,calma
2023-03-28,19.97,120.13662,0.20032391394658897,0.0,calma
2023-03-29,19.12,120.13662,0.17897067033530134,0.0,calma
2023-03-30,19.02,120.13662,0.17709228426453544,0.0,calma
2023-03-31,18.7,120.13662,0.170268112912754,0.0,calma
2023-04-03,18.55,147.9425,0.2576452031825148,0.0,calma
2023-04-04,19.0,147.9425,0.26889044275258833,0.0,calma
2023-04-05,19.08,147.9425,0.271251817387262,0.0,calma
2023-04-06,18.4,147.9425,0.25657860088094375,0.0,calma
2023-04-10,18.97,147.9425,0.2709840810457369,0.0,calma
2023-04-11,19.1,147.9425,0.27523644202428954,0.0,calma
2023-04-12,19.09,147.9425,0.27600960798015606,0.0,calma
2023-04-13,17.8,147.9425,0.24882645118224583,0.0,calma
2023-04-14,17.07,147.9425,0.23661306405762433,0.0,calma
2023-04-17,16.95,147.9425,0.23605052558214035,0.0,calma
2023-04-18,16.83,147.9425,0.23565306181955667,0.0,calma
2023-04-19,16.46,147.9425,0.23102951599607865,0.0,calma
2023-04-20,17.17,147.9425,0.24512529304327899,0.0,calma
2023-04-21,16.77,147.9425,0.2391913648926441,0.0,calma
2023-04-24,16.89,147.9425,0.2430428458084002,0.0,calma
2023-04-25,18.76,147.9425,0.2838378884047339,0.0,calma
2023-04-26,18.84,147.9425,0.28737599027424066,0.0,calma
2023-04-27,17.03,147.9425,0.2498111015273362,0.0,calma
2023-04-28,15.78,147.9425,0.2299981285045697,0.0,calma
2023-05-01,16.08,127.42137,0.1555697278296496,0.0,calma
2023-05-02,17.78,127.42137,0.1892589795624459,0.0,calma
2023-05-03,18.34,127.42137,0.20339657269053682,0.0,calma
2023-05-04,20.09,127.42137,0.2509262475356389,0.0,calma
2023-05-05,17.19,127.42137,0.18145401073124304,0.0,calma
2023-05-08,16.98,127.42137,0.17895427743168835,0.0,calma
2023-05-09,17.71,127.42137,0.1960008072724892,0.0,calma
2023-05-10,16.94,127.42137,0.1807905276089315,0.0,calma
2023-05-11,16.93,127.42137,0.18194546543919599,0.0,calma
2023-05-12,17.03,127.42137,0.18539099234151202,0.0,calma
2023-05-15,17.12,127.42137,0.1887789184588624,0.0,calma
2023-05-16,17.99,127.42137,0.21018987568784792,0.0,calma
2023-05-17,16.87,127.42137,0.18705869746586082,0.0,calma
2023-05-18,16.05,127.42137,0.17314256939238543,0.0,calma
2023-05-19,16.81,127.42137,0.18957182168483286,0.0,calma
2023-05-22,17.21,127.42137,0.19987971158349155,0.0,calma
2023-05-23,18.53,127.42137,0.2335458455098342,0.0,calma
2023-05-24,20.03,127.42137,0.2780960621605143,0.0,calma
2023-05-25,19.14,127.42137,0.25318399816837484,0.0,calma
2023-05-26,17.95,127.42137,0.2229134313431333,0.0,calma
2023-05-30,17.46,127.42137,0.21273131400553708,0.0,calma
2023-05-31,17.94,127.42137,0.2261398531071627,0.0,calma
2023-06-01,15.65,156.19287,0.2984961600943693,0.0,calma
2023-06-02,14.6,156.19287,0.28259350835863106,0.0,calma
2023-06-05,14.73,156.19287,0.28635083236734143,0.0,calma
2023-06-06,13.96,156.19287,0.2766054804741522,0.0,calma
2023-06-07,13.94,156.19287,0.27811722490122115,0.0,calma
2023-06-08,13.65,156.19287,0.2758787993810031,0.0,calma
2023-06-09,13.83,156.19287,0.2801645132725231,0.0,calma
2023-06-12,15.01,156.19287,0.300444407237915,0.0,calma
2023-06-13,14.61,156.19287,0.2952316348680093,0.0,calma
2023-06-14,13.88,156.19287,0.28450303373287467,0.0,calma
2023-06-15,14.5,156.19287,0.2951253693195668,0.0,calma
2023-06-16,13.54,156.19287,0.28178650407949213,0.0,calma
2023-06-20,13.88,156.19287,0.28768669117828494,0.0,calma
2023-06-21,13.2,156.19287,0.2790354963460147,0.0,calma
2023-06-22,12.91,156.19287,0.27651170578851775,0.0,calma
2023-06-23,13.44,156.19287,0.28545417753171204,0.0,calma
2023-06-26,14.25,156.19287,0.29969484761763704,0.0,calma
2023-06-27,13.74,156.19287,0.29292934724133507,0.0,calma
2023-06-28,13.43,156.19287,0.2897640444937549,0.0,calma
2023-06-29,13.54,156.19287,0.2929647640428337,0.0,calma
2023-06-30,13.59,156.19287,0.29525933154910344,0.0,calma
2023-07-03,13.57,141.05706,0.22549998542327565,0.0,calma
2023-07-05,14.18,141.05706,0.23720449834323823,0.0,calma
2023-07-06,15.44,141.05706,0.2629657267561576,0.0,calma
2023-07-07,14.83,141.05706,0.25175375218359464,0.0,calma
2023-07-10,15.07,141.05706,0.257868994547372,0.0,calma
2023-07-11,14.84,141.05706,0.2545391877449684,0.0,calma
2023-07-12,13.54,141.05706,0.23216981159261163,0.0,calma
2023-07-13,13.61,141.05706,0.2347202875841431,0.0,calma
2023-07-14,13.34,141.05706,0.2316140919646716,0.0,calma
2023-07-17,13.48,141.05706,0.23537883908655616,0.0,calma
2023-07-18,13.3,141.05706,0.2338435956142643,0.0,calma
2023-07-19,13.76,141.05706,0.2432113441103745,0.0,calma
2023-07-20,13.99,141.05706,0.2487948169409028,0.0,calma
2023-07-21,13.6,141.05706,0.24312119796577025,0.0,calma
2023-07-24,13.91,141.05706,0.2501149561212566,0.0,calma
2023-07-25,13.86,141.05706,0.2505331848656766,0.0,calma
2023-07-26,13.19,141.05706,0.2400425804635213,0.0,calma
2023-07-27,14.41,141.05706,0.2639864882764743,0.0,calma
2023-07-28,13.33,141.05706,0.24503067855876304,0.0,calma
2023-07-31,13.63,141.05706,0.2517514257110933,0.0,calma
2023-08-01,13.93,113.79255,0.16949771734311558,0.0,calma
2023-08-02,16.09,113.79255,0.2182167053579571,0.0,calma
2023-08-03,15.92,113.79255,0.21580575824245674,0.0,calma
2023-08-04,17.1,113.79255,0.24707982390958194,0.0,calma
2023-08-07,15.77,113.79255,0.21513883189375704,0.0,calma
2023-08-08,15.99,113.79255,0.2218956997029342,0.0,calma
2023-08-09,15.96,113.79255,0.22264915023733,0.0,calma
2023-08-10,15.85,113.79255,0.22152188122998767,0.0,calma
2023-08-11,14.84,113.79255,0.1999251821241813,0.0,calma
2023-08-14,14.82,113.79255,0.20102871057474236,0.0,calma
2023-08-15,16.46,113.79255,0.24081068590847293,0.0,calma
2023-08-16,16.78,113.79255,0.25016088080344767,0.0,calma
2023-08-17,17.89,113.79255,0.28099897495815657,0.0,calma
2023-08-18,17.3,113.79255,0.2658800158763299,0.0,calma
2023-08-21,17.13,113.79255,0.26234765017147094,0.0,calma
2023-08-22,16.97,113.79255,0.25926151566611777,0.0,calma
2023-08-23,15.98,113.79255,0.23566502913925402,0.0,calma
2023-08-24,17.2,113.79255,0.26829877380282047,0.0,calma
2023-08-25,15.68,113.79255,0.23120288303705194,0.0,calma
2023-08-28,15.08,113.79255,0.21875840949718123,0.0,calma
2023-08-29,14.45,113.79255,0.20661309288494673,0.0,calma
2023-08-30,13.88,113.79255,0.1965268319958538,0.0,calma
2023-08-31,13.57,113.79255,0.1920998744445739,0.0,calma
2023-09-01,13.09,84.49314,0.13643367605434864,0.0,calma
2023-09-05,14.01,84.49314,0.15667977121465185,0.0,calma
2023-09-06,14.45,84.49314,0.16819462134435026,0.0,calma
2023-09-07,14.4,84.49314,0.16924695923927993,0.0,calma
2023-09-08,13.84,84.49314,0.15964121238163012,0.0,calma
2023-09-11,13.8,84.49314,0.16106085095662803,0.0,calma
2023-09-12,14.23,84.49314,0.1722849423001498,0.0,calma
2023-09-13,13.48,84.49314,0.15895367480239808,0.0,calma
2023-09-14,12.82,84.49314,0.14841267389471033,0.0,calma
2023-09-15,13.79,84.49314,0.16976001598135657,0.0,calma
2023-09-18,14.0,84.49314,0.17633626086364318,0.0,calma
2023-09-19,14.11,84.49314,0.18082036346725883,0.0,calma
2023-09-20,15.14,84.49314,0.20652508949797904,0.0,calma
2023-09-21,17.54,84.49314,0.27166800501410737,0.0,calma
2023-09-22,17.2,84.49314,0.264087968712999,0.0,calma
2023-09-25,16.9,84.49314,0.25768043840407606,0.0,calma
2023-09-26,18.94,84.49314,0.3189536624897913,0.0,calma
2023-09-27,18.22,84.49314,0.2997103693206541,0.0,calma
2023-09-28,17.34,84.49314,0.2756645662626689,0.0,calma
2023-09-29,17.52,84.49314,0.28301950126081427,0.0,calma
2023-10-02,17.61,108.39746,0.3357116811763523,0.0,calma
2023-10-03,19.78,108.39746,0.4061993507720894,0.0,normal
2023-10-04,18.58,108.39746,0.3696216617854465,0.0,normal
2023-10-05,18.49,108.39746,0.3685200446317516,0.0,normal
2023-10-06,17.45,108.39746,0.33674788174303816,0.0,calma
2023-10-09,17.7,108.39746,0.34645995405189334,0.0,calma
2023-10-10,17.03,108.39746,0.32642965920639355,0.0,calma
2023-10-11,16.09,108.39746,0.29807137288429086,0.0,calma
2023-10-12,16.69,108.39746,0.3181409120840262,0.0,calma
2023-10-13,19.32,108.39746,0.4121212570018584,0.0,normal
2023-10-16,17.21,108.39746,0.33820491660504765,0.0,calma
2023-10-17,17.88,108.39746,0.364256292093843,0.0,normal
2023-10-18,19.22,108.39746,0.41738615973217863,0.0,normal
2023-10-19,21.4,108.39746,0.5008765659046712,0.0,normal
2023-10-20,21.71,108.39746,0.5152211056002223,0.0,normal
2023-10-23,20.37,108.39746,0.4701549696431655,0.0,normal
2023-10-24,18.97,108.39746,0.4172447047756526,0.0,normal
2023-10-25,20.19,108.39746,0.4699715860508629,0.0,normal
2023-10-26,20.68,108.39746,0.4922569596685245,0.0,normal
2023-10-27,21.27,108.39746,0.5172350780515802,0.0,normal
2023-10-30,19.75,108.39746,0.45954695586313554,0.0,normal
2023-10-31,18.14,108.39746,0.39147652582015835,0.0,normal
2023-11-01,16.87,117.69793,0.3682778796026248,0.0,normal
2023-11-02,15.66,117.69793,0.3206329440645984,0.0,calma
2023-11-03,14.91,117.69793,0.29422685995107056,0.0,calma
2023-11-06,14.89,117.69793,0.2947076556016695,0.0,calma
2023-11-07,14.81,117.69793,0.2931733212061952,0.0,calma
2023-11-08,14.45,117.69793,0.28210107684790275,0.0,calma
2023-11-09,15.29,117.69793,0.31343044034240675,0.0,calma
2023-11-10,14.17,117.69793,0.27451608339543954,0.0,calma
2023-11-13,14.76,117.69793,0.2962655958348595,0.0,calma
2023-11-14,14.16,117.69793,0.2769435318533342,0.0,calma
2023-11-15,14.18,117.69793,0.27897600929452304,0.0,calma
2023-11-16,14.32,117.69793,0.28494707939086206,0.0,calma
2023-11-17,13.8,117.69793,0.2689601378314369,0.0,calma
2023-11-20,13.41,117.69793,0.25828030300619975,0.0,calma
2023-11-21,13.35,117.69793,0.25799414200991666,0.0,calma
2023-11-22,12.85,117.69793,0.24548021834483044,0.0,calma
2023-11-24,12.46,117.69793,0.23718075720581233,0.0,calma
2023-11-27,12.69,117.69793,0.24498564635815695,0.0,calma
2023-11-28,12.69,117.69793,0.24683807579370964,0.0,calma
2023-11-29,12.98,117.69793,0.2564958667808103,0.0,calma
2023-11-30,12.92,117.69793,0.2564690975754541,0.0,calma
2023-12-01,12.63,125.4752,0.28372315571123297,0.0,calma
2023-12-04,13.08,125.4752,0.29834918873037997,0.0,calma
2023-12-05,12.85,125.4752,0.29356966016530783,0.0,calma
2023-12-06,12.97,125.4752,0.29891266963844476,0.0,calma
2023-12-07,13.06,125.4752,0.30331777719425784,0.0,calma
2023-12-08,12.35,125.4752,0.28509447392492737,0.0,calma
2023-12-11,12.63,125.4752,0.29448158559457993,0.0,calma
2023-12-12,12.07,125.4752,0.281342374757969,0.0,calma
2023-12-13,12.19,125.4752,0.2856400935133018,0.0,calma
2023-12-14,12.48,125.4752,0.2952330100161599,0.0,calma
2023-12-15,12.28,125.4752,0.2916984669987624,0.0,calma
2023-12-18,12.56,125.4752,0.30121266883673325,0.0,calma
2023-12-19,12.53,125.4752,0.3020775779097022,0.0,calma
2023-12-20,13.67,125.4752,0.3405525511845754,0.0,calma
2023-12-21,13.65,125.4752,0.3415889415434379,0.0,calma
2023-12-22,13.03,125.4752,0.3223677193145883,0.0,calma
2023-12-26,12.99,125.4752,0.3228680957516491,0.0,calma
2023-12-27,12.43,125.4752,0.3076084906191688,0.0,calma
2023-12-28,12.47,125.4752,0.3107110060285173,0.0,calma
2023-12-29,12.45,125.4752,0.3119765628720308,0.0,calma
2024-01-02,13.2,105.77133,0.2425459170161786,0.0,calma
2024-01-03,14.04,105.77133,0.2746556603087922,0.0,calma
2024-01-04,14.13,105.77133,0.2796051233078519,0.0,calma
2024-01-05,13.35,105.77133,0.2513613040901827,0.0,calma
2024-01-08,13.08,105.77133,0.24323454523894247,0.0,calma
2024-01-09,12.76,105.77133,0.23401668315339497,0.0,calma
2024-01-10,12.69,105.77133,0.2332182473494878,0.0,calma
2024-01-11,12.44,105.77133,0.22687546776115097,0.0,calma
2024-01-12,12.7,105.77133,0.23689825117596827,0.0,calma
2024-01-16,13.84,105.77133,0.2803100987599444,0.0,calma
2024-01-17,14.79,105.77133,0.3219956868018429,0.0,calma
2024-01-18,14.13,105.77133,0.2948189568897776,0.0,calma
2024-01-19,13.3,105.77133,0.26345239361405226,0.0,calma
2024-01-22,13.19,105.77133,0.2609088354418271,0.0,calma
2024-01-23,12.55,105.77133,0.24010464426374808,0.0,calma
2024-01-24,13.14,105.77133,0.2624012721130633,0.0,calma
2024-01-25,13.45,105.77133,0.2756794072453178,0.0,calma
2024-01-26,13.26,105.77133,0.26991208954355694,0.0,calma
2024-01-29,13.6,105.77133,0.284619441696643,0.0,calma
2024-01-30,13.31,105.77133,0.2747389662925285,0.0,calma
2024-01-31,14.35,105.77133,0.3190726297520231,0.0,calma
2024-02-01,13.88,121.96395,0.3791407161240649,0.0,normal
2024-02-02,13.85,121.96395,0.3789759729326504,0.0,normal
2024-02-05,13.67,121.96395,0.37272315108163667,0.0,normal
2024-02-06,13.06,121.96395,0.35004060576186913,0.0,normal
2024-02-07,12.83,121.96395,0.3428735672250609,0.0,calma
2024-02-08,12.79,121.96395,0.3427640799107415,0.0,calma
2024-02-09,12.93,121.96395,0.3492201998868165,0.0,calma
2024-02-12,13.93,121.96395,0.39051033783314504,0.0,normal
2024-02-13,15.85,121.96395,0.4808844282779117,0.0,normal
2024-02-14,14.38,121.96395,0.41234952021893,0.0,normal
2024-02-15,14.01,121.96395,0.3969874371919916,0.0,normal
2024-02-16,14.24,121.96395,0.4082480650362038,0.0,normal
2024-02-20,15.42,121.96395,0.46493883821177384,0.0,normal
2024-02-21,15.34,121.96395,0.46219341079720944,0.0,normal
2024-02-22,14.54,121.96395,0.4251437966893765,0.0,normal
2024-02-23,13.75,121.96395,0.3903248554965,0.0,normal
2024-02-26,13.74,121.96395,0.3910604123560514,0.0,normal
2024-02-27,13.43,121.96395,0.3787107027349321,0.0,normal
2024-02-28,13.84,121.96395,0.39796465882778587,0.0,normal
2024-02-29,13.4,121.96395,0.37966571568230545,0.0,normal
2024-03-01,13.11,87.23672,0.22259847897839055,0.0,calma
2024-03-04,13.49,87.23672,0.24072265228823275,0.0,calma
2024-03-05,14.46,87.23672,0.28779039598398765,0.0,calma
2024-03-06,14.5,87.23672,0.29137954945574923,0.0,calma
2024-03-07,14.44,87.23672,0.2901297152226382,0.0,calma
2024-03-08,14.74,87.23672,0.3067670390491916,0.0,calma
2024-03-11,15.22,87.23672,0.3334809676515998,0.0,calma
2024-03-12,13.84,87.23672,0.26519184348497293,0.0,calma
2024-03-13,13.75,87.23672,0.26142845976078855,0.0,calma
2024-03-14,14.4,87.23672,0.29643885838861667,0.0,calma
2024-03-15,14.41,87.23672,0.29839858035466715,0.0,calma
2024-03-18,14.33,87.23672,0.2956426772179941,0.0,calma
2024-03-19,13.82,87.23672,0.2682163293703043,0.0,calma
2024-03-20,13.04,87.23672,0.22791651862773737,0.0,calma
2024-03-21,12.92,87.23672,0.22323095499654438,0.0,calma
2024-03-22,13.06,87.23672,0.2311143033292119,0.0,calma
2024-03-25,13.19,87.23672,0.23863511146314698,0.0,calma
2024-03-26,13.24,87.23672,0.2423741605102835,0.0,calma
2024-03-27,12.78,87.23672,0.21950644814238812,0.0,calma
2024-03-28,13.01,87.23672,0.23285755634388738,0.0,calma
2024-04-01,13.65,93.20401,0.2887823822006803,0.0,calma
2024-04-02,14.61,93.20401,0.35185564162397664,0.0,normal
2024-04-03,14.33,93.20401,0.3347015259178363,0.0,calma
2024-04-04,16.35,93.20401,0.4721223421560282,0.0,normal
2024-04-05,16.03,93.20401,0.45315882268649954,0.0,normal
2024-04-08,15.19,93.20401,0.3976477469187313,0.0,normal
2024-04-09,14.98,93.20401,0.38455904143690445,0.0,normal
2024-04-10,15.8,93.20401,0.443399782498096,0.0,normal
2024-04-11,14.91,93.20401,0.38284867622268026,0.0,normal
2024-04-12,17.31,93.20401,0.5413086856936749,0.0,normal
2024-04-15,19.23,93.20401,0.6214993343364777,0.15888740963661713,estres
2024-04-16,18.4,93.20401,0.5923804227929477,0.09417871731766139,estres
2024-04-17,18.21,93.20401,0.5845559642496418,0.07679103166587067,estres
2024-04-18,18.0,93.20401,0.575413146420739,0.05647365871275333,estres
2024-04-19,18.71,93.20401,0.6040509411953309,0.12011320265629073,estres
2024-04-22,16.94,93.20401,0.5205599318831846,0.0,normal
2024-04-23,15.69,93.20401,0.44119806036184595,0.0,normal
2024-04-24,15.97,93.20401,0.4611656471444332,0.0,normal
2024-04-25,15.37,93.20401,0.4215230547849462,0.0,normal
2024-04-26,15.03,93.20401,0.39915739635650827,0.0,normal
2024-04-29,14.67,93.20401,0.3747836206364413,0.0,normal
2024-04-30,15.65,93.20401,0.44494116648486187,0.0,normal
2024-05-01,15.39,106.48626,0.4839394680813043,0.0,normal
2024-05-02,14.68,106.48626,0.4345456163867867,0.0,normal
2024-05-03,13.49,106.48626,0.3550265511234646,0.0,normal
2024-05-06,13.49,106.48626,0.3560267531752097,0.0,normal
2024-05-07,13.23,106.48626,0.3409673156401368,0.0,calma
2024-05-08,13.0,106.48626,0.32844100111901686,0.0,calma
2024-05-09,12.69,106.48626,0.3121290398551594,0.0,calma
2024-05-10,12.55,106.48626,0.30593073491061074,0.0,calma
2024-05-13,13.6,106.48626,0.37017583884694594,0.0,normal
2024-05-14,13.42,106.48626,0.3596044361993131,0.0,normal
2024-05-15,12.45,106.48626,0.30394206247291305,0.0,calma
2024-05-16,12.42,106.48626,0.3036600404190889,0.0,calma
2024-05-17,11.99,106.48626,0.2837711909489361,0.0,calma
2024-05-20,12.15,106.48626,0.2929605905136864,0.0,calma
2024-05-21,11.86,106.48626,0.2807384267451343,0.0,calma
2024-05-22,12.29,106.48626,0.30307114765964194,0.0,calma
2024-05-23,12.77,106.48626,0.33063523752151447,0.0,calma
2024-05-24,11.93,106.48626,0.2867053669962718,0.0,calma
2024-05-28,12.92,106.48626,0.34185558523441173,0.0,calma
2024-05-29,14.28,106.48626,0.43666979282515594,0.0,normal
2024-05-30,14.47,106.48626,0.45199955234059597,0.0,normal
2024-05-31,12.92,106.48626,0.34447534742297786,0.0,calma
2024-06-03,13.11,103.8162,0.34517784266938534,0.0,calma
2024-06-04,13.16,103.8162,0.3495378475117925,0.0,calma
2024-06-05,12.63,103.8162,0.31760991141741624,0.0,calma
2024-06-06,12.58,103.8162,0.31580061661023673,0.0,calma
2024-06-07,12.22,103.8162,0.2968834061192017,0.0,calma
2024-06-10,12.74,103.8162,0.3276400230367583,0.0,calma
2024-06-11,12.85,103.8162,0.3353912087076828,0.0,calma
2024-06-12,12.04,103.8162,0.29099937031497153,0.0,calma
2024-06-13,11.94,103.8162,0.2875316844819693,0.0,calma
2024-06-14,12.66,103.8162,0.3282035772684395,0.0,calma
2024-06-17,12.75,103.8162,0.3348687705851877,0.0,calma
2024-06-18,12.3,103.8162,0.3098735975717729,0.0,calma
2024-06-20,13.28,103.8162,0.37083778156364056,0.0,normal
2024-06-21,13.2,103.8162,0.3661614328693366,0.0,normal
2024-06-24,13.33,103.8162,0.3753421267300586,0.0,normal
2024-06-25,12.84,103.8162,0.3444413511239164,0.0,calma
2024-06-26,12.55,103.8162,0.32823016569431773,0.0,calma
2024-06-27,12.24,103.8162,0.31200541403184834,0.0,calma
2024-06-28,12.44,103.8162,0.32423939081098824,0.0,calma
2024-07-01,12.22,115.8524,0.3889864663672862,0.0,normal
2024-07-02,12.03,115.8524,0.38130004532232753,0.0,normal
2024-07-03,12.09,115.8524,0.38600048627857125,0.0,normal
2024-07-05,12.48,115.8524,0.4090746389447119,0.0,normal
2024-07-08,12.37,115.8524,0.4047126754040582,0.0,normal
2024-07-09,12.51,115.8524,0.41449299064951295,0.0,normal
2024-07-10,12.85,115.8524,0.43667315644583626,0.0,normal
2024-07-11,12.92,115.8524,0.4427165580727651,0.0,normal
2024-07-12,12.46,115.8524,0.4164398662742962,0.0,normal
2024-07-15,13.12,115.8524,0.4583376480124289,0.0,normal
2024-07-16,13.19,115.8524,0.46412106685773724,0.0,normal
2024-07-17,14.48,115.8524,0.5551833768754999,0.011518615278888571,estres
2024-07-18,15.93,115.8524,0.6559766873181805,0.23550374959595655,estres
2024-07-19,16.52,115.8524,0.6921397283411835,0.3158660629804078,estres
2024-07-22,14.91,115.8524,0.5879110725923327,0.08424682798296138,estres
2024-07-23,14.72,115.8524,0.5753291169537336,0.05628692656385228,estres
2024-07-24,18.04,115.8524,0.7663329232514513,0.4807398294476695,crisis
2024-07-25,18.46,115.8524,0.7810307997049721,0.5134017771221603,crisis
2024-07-26,16.39,115.8524,0.6866527324876408,0.30367273886142393,estres
2024-07-29,16.6,115.8524,0.6995230769743256,0.3322735043873901,estres
2024-07-30,17.69,115.8524,0.7539248231710446,0.4531662737134324,crisis
2024-07-31,16.36,115.8524,0.6865046744494046,0.30334372099867674,estres
2024-08-01,18.59,116.29613,0.7902035793253241,0.5337857318340536,crisis
2024-08-02,23.39,116.29613,0.8593711314832686,0.6874914032961524,crisis
2024-08-05,38.57,116.29613,0.8703337231974637,0.711852718216586,crisis
2024-08-06,27.71,116.29613,0.864580344500707,0.6990674322237933,crisis
2024-08-07,27.85,116.29613,0.8635145288269594,0.6966989529487988,crisis
2024-08-08,23.79,116.29613,0.8422619880585591,0.6494710845745758,crisis
2024-08-09,20.37,116.29613,0.7885036459742287,0.5300081021649526,crisis
2024-08-12,20.71,116.29613,0.7947447277192896,0.5438771727095324,crisis
2024-08-13,18.12,116.29613,0.717084138430532,0.37129808540118214,estres
2024-08-14,16.19,116.29613,0.6334691398229262,0.18548697738428033,estres
2024-08-15,15.23,116.29613,0.5867851615349933,0.08174480341109606,estres
2024-08-16,14.8,116.29613,0.5656683340539084,0.03481852011979629,estres
2024-08-19,14.65,116.29613,0.5587119932011283,0.019359984891396124,estres
2024-08-20,15.88,116.29613,0.6199038180853272,0.1553418179673938,estres
2024-08-21,16.27,116.29613,0.6387292190718927,0.19717604238198377,estres
2024-08-22,17.55,116.29613,0.6954035016321585,0.32311889251590764,estres
2024-08-23,15.86,116.29613,0.6187120741804506,0.15269349817877903,estres
2024-08-26,16.15,116.29613,0.632846799756211,0.1841039994582467,estres
2024-08-27,15.43,116.29613,0.5976597696292638,0.10591059917614172,estres
2024-08-28,17.11,116.29613,0.6762328404266758,0.28051742317039047,estres
2024-08-29,15.65,116.29613,0.6076502997794644,0.12811177728769854,estres
2024-08-30,15.0,116.29613,0.5750473372562925,0.05566074945842776,estres
2024-09-03,20.72,112.31229,0.7629990732984595,0.47333127399657665,crisis
2024-09-04,21.32,112.31229,0.7730402469714688,0.49564499326993056,crisis
2024-09-05,19.9,112.31229,0.7385457306277176,0.41899051250603897,estres
2024-09-06,22.38,112.31229,0.7869394852929276,0.5265321895398389,crisis
2024-09-09,19.45,112.31229,0.720891025312483,0.3797578340277398,estres
2024-09-10,19.08,112.31229,0.7076496204865417,0.35033248997009253,estres
2024-09-11,17.69,112.31229,0.6556499319305975,0.23477762651243883,estres
2024-09-12,17.07,112.31229,0.6285025587839522,0.17445013063100487,estres
2024-09-13,16.56,112.31229,0.6046786374074911,0.12150808312775782,estres
2024-09-16,17.14,112.31229,0.6289890287501942,0.17553117500043158,estres
2024-09-17,17.61,112.31229,0.6473957997840031,0.21643511063111787,estres
2024-09-18,18.23,112.31229,0.6703119910407955,0.26735998009065665,estres
2024-09-19,16.33,112.31229,0.5887073979606091,0.0860164399124646,estres
2024-09-20,16.15,112.31229,0.5794836335034731,0.06551918556327345,estres
2024-09-23,15.89,112.31229,0.5669499903536488,0.03766664523033055,estres
2024-09-24,15.39,112.31229,0.5428226493911918,0.0,normal
2024-09-25,15.41,112.31229,0.5433748770864516,0.0,normal
2024-09-26,15.37,112.31229,0.5414706675083772,0.0,normal
2024-09-27,16.96,112.31229,0.615059327643777,0.14457628365283773,estres
2024-09-30,16.73,112.31229,0.6042293834323493,0.12050974096077621,estres
2024-10-01,19.26,105.89523,0.6416255629835341,0.2036123621856313,estres
2024-10-02,18.9,105.89523,0.6295355267286726,0.17674561495260577,estres
2024-10-03,20.49,105.89523,0.6757801339020453,0.27951140867121166,estres
2024-10-04,19.21,105.89523,0.6394524083725323,0.19878312971673825,estres
2024-10-07,22.64,105.89523,0.7160323030141194,0.3689606733647096,estres
2024-10-08,21.42,105.89523,0.6938908160827152,0.31975736907270036,estres
2024-10-09,20.86,105.89523,0.6809623680055814,0.2910274844568475,estres
2024-10-10,20.93,105.89523,0.6815512284705564,0.292336063267903,estres
2024-10-11,20.46,105.89523,0.6692217908196446,0.2649373129325435,estres
2024-10-14,19.7,105.89523,0.647675239091581,0.21705608687017988,estres
2024-10-15,20.64,105.89523,0.6727006131157878,0.272668029146195,estres
2024-10-16,19.58,105.89523,0.6431523286074342,0.20700517468318705,estres
2024-10-17,19.11,105.89523,0.6280825888142986,0.17351686403177452,estres
2024-10-18,18.03,105.89523,0.5900442632174442,0.08898725159432033,estres
2024-10-21,18.37,105.89523,0.6039645510681476,0.1199212245958835,estres
2024-10-22,18.2,105.89523,0.5989876994281618,0.10886155428480385,estres
2024-10-23,19.24,105.89523,0.6357901507540547,0.1906447794534547,estres
2024-10-24,19.08,105.89523,0.630651043647262,0.1792245414383599,estres
2024-10-25,20.33,105.89523,0.6675369285337762,0.26119317451950264,estres
2024-10-28,19.8,105.89523,0.6533991894928728,0.22977597665082836,estres
2024-10-29,19.34,105.89523,0.6403442448765625,0.20076498861458325,estres
2024-10-30,20.35,105.89523,0.6691640640999768,0.2648090313332816,estres
2024-10-31,23.16,105.89523,0.7214565089659221,0.3810144643687156,estres
2024-11-01,21.88,95.29997,0.6171894147639999,0.1493098105866664,estres
2024-11-04,21.98,95.29997,0.6182711059887803,0.15171356886395618,estres
2024-11-05,20.49,95.29997,0.5851866854927702,0.07819263442837812,estres
2024-11-06,16.27,95.29997,0.4335124434789792,0.0,normal
2024-11-07,15.2,95.29997,0.3859688467319189,0.0,normal
2024-11-08,14.94,95.29997,0.37481404149277514,0.0,normal
2024-11-11,14.97,95.29997,0.3769468346176543,0.0,normal
2024-11-12,14.71,95.29997,0.36580932382634135,0.0,normal
2024-11-13,14.02,95.29997,0.3359416437737807,0.0,calma
2024-11-14,14.31,95.29997,0.34941797724177814,0.0,calma
2024-11-15,16.14,95.29997,0.43228936192129724,0.0,normal
2024-11-18,15.58,95.29997,0.40756156792302617,0.0,normal
2024-11-19,16.35,95.29997,0.4423496868845387,0.0,normal
2024-11-20,17.16,95.29997,0.47738991554109406,0.0,normal
2024-11-21,16.87,95.29997,0.4651741989570587,0.0,normal
2024-11-22,15.24,95.29997,0.3926767675312981,0.0,normal
2024-11-25,14.6,95.29997,0.36396186127063596,0.0,normal
2024-11-26,14.1,95.29997,0.342080477260929,0.0,calma
2024-11-27,14.1,95.29997,0.3424483454639546,0.0,calma
2024-11-29,13.51,95.29997,0.31751575961090595,0.0,calma
2024-12-02,13.34,160.52062,0.6071174876660302,0.126927750368956,estres
2024-12-03,13.3,160.52062,0.6045490331445545,0.12122007365456558,estres
2024-12-04,13.45,160.52062,0.609943219927841,0.13320715539520203,estres
2024-12-05,13.54,160.52062,0.6127585956931573,0.13946354598479385,estres
2024-12-06,12.77,160.52062,0.580449091597753,0.06766464799500667,estres
2024-12-09,14.19,160.52062,0.639034119563018,0.19785359902892888,estres
2024-12-10,14.18,160.52062,0.6372808680648204,0.19395748458848977,estres
2024-12-11,13.58,160.52062,0.6100232859806378,0.13338507995697285,estres
2024-12-12,13.92,160.52062,0.6233109095291975,0.16291313228710558,estres
2024-12-13,13.81,160.52062,0.6171738549716124,0.14927523327024964,estres
2024-12-16,14.69,160.52062,0.6549574150944846,0.23323870020996565,estres
2024-12-17,15.87,160.52062,0.7075233233851994,0.3500518297448875,estres
2024-12-18,27.62,160.52062,0.9698570464743906,0.9330156588319792,crisis
2024-12-19,24.09,160.52062,0.9403669127089405,0.8674820282420899,crisis
2024-12-20,18.36,160.52062,0.801934465112897,0.5598543669175489,crisis
2024-12-23,16.78,160.52062,0.7364679505724285,0.41437322349428557,estres
2024-12-24,14.27,160.52062,0.6249340328225446,0.16652007293898782,estres
2024-12-26,14.73,160.52062,0.6435304826682304,0.207845517040512,estres
2024-12-27,15.95,160.52062,0.696016024323049,0.3244800540512199,estres
2024-12-30,17.4,160.52062,0.7569740944319876,0.4599424320710835,crisis
2024-12-31,17.35,160.52062,0.7531434652887206,0.4514299228638234,crisis
