,VIX,EPU,s,activacion,regimen
2015-01-02,17.79,117.16063,0.5,0.0,normal
2015-01-05,19.92,117.16063,0.5,0.0,normal
2015-01-07,19.31,117.16063,0.5,0.0,normal
2015-01-08,17.01,117.16063,0.5,0.0,normal
2015-01-09,17.55,117.16063,0.5,0.0,normal
2015-01-13,20.56,117.16063,0.5,0.0,normal
2015-01-15,22.39,117.16063,0.5,0.0,normal
2015-01-16,20.95,117.16063,0.5,0.0,normal
2015-01-20,19.89,117.16063,0.5,0.0,normal
2015-01-21,18.85,117.16063,0.5,0.0,normal
2015-01-22,16.4,117.16063,0.5,0.0,normal
2015-01-23,16.66,117.16063,0.5,0.0,normal
2015-01-26,15.52,117.16063,0.5,0.0,normal
2015-01-27,17.22,117.16063,0.5,0.0,normal
2015-01-28,20.44,117.16063,0.5,0.0,normal
2015-01-29,18.76,117.16063,0.5,0.0,normal
2015-01-30,20.97,117.16063,0.5,0.0,normal
2015-02-02,19.43,117.16063,0.5,0.0,normal
2015-02-04,18.33,117.16063,0.5,0.0,normal
2015-02-05,16.85,117.16063,0.3552004756386482,0.0,normal
2015-02-06,17.29,117.16063,0.3890644665018173,0.0,normal
2015-02-09,18.55,117.16063,0.490039604019733,0.0,normal
2015-02-10,17.23,117.16063,0.3865263527947126,0.0,normal
2015-02-11,16.96,117.16063,0.37154318595413155,0.0,normal
2015-02-12,15.34,117.16063,0.29223073523975573,0.0,calma
2015-02-13,14.69,117.16063,0.2795301860946643,0.0,calma
2015-02-16,14.69,117.16063,0.2900723751409687,0.0,calma
2015-02-17,15.8,117.16063,0.3469483340124163,0.0,calma
2015-02-18,15.45,117.16063,0.33436823609478195,0.0,calma
2015-02-19,15.29,117.16063,0.3322162030030734,0.0,calma
2015-02-20,14.3,117.16063,0.29739430480305956,0.0,calma
2015-02-23,14.56,117.16063,0.3146839412485001,0.0,calma
2015-02-24,13.69,117.16063,0.2901604767355808,0.0,calma
2015-02-25,13.84,117.16063,0.30271466035719224,0.0,calma
2015-02-26,13.91,117.16063,0.31174455043604776,0.0,calma
2015-02-27,13.34,117.16063,0.29822328461183173,0.0,calma
2015-03-02,13.04,100.31974,0.09642914987545126,0.0,calma
2015-03-04,14.23,100.31974,0.15093505917769073,0.0,calma
2015-03-05,14.04,100.31974,0.15310032386321976,0.0,calma
2015-03-06,15.2,100.31974,0.2185006546147384,0.0,calma
2015-03-09,15.06,100.31974,0.21945677093730798,0.0,calma
2015-03-10,16.69,100.31974,0.32139078013628797,0.0,calma
2015-03-11,16.87,100.31974,0.33833720581163196,0.0,calma
2015-03-12,15.42,100.31974,0.25611827704742174,0.0,calma
2015-03-13,16.0,100.31974,0.2964541754514597,0.0,calma
2015-03-16,15.61,100.31974,0.27802456646403,0.0,calma
2015-03-17,15.66,100.31974,0.2861069414735707,0.0,calma
2015-03-18,13.97,100.31974,0.20104224137724178,0.0,calma
2015-03-19,14.07,100.31974,0.21223339117217999,0.0,calma
2015-03-20,13.02,100.31974,0.17533081887545332,0.0,calma
2015-03-24,13.62,100.31974,0.20622850366823808,0.0,calma
2015-03-26,15.8,100.31974,0.32840049524827447,0.0,calma
2015-03-27,15.07,100.31974,0.2878269417680126,0.0,calma
2015-03-30,14.51,100.31974,0.2603190912086573,0.0,calma
2015-04-01,15.11,105.21813,0.3426684157114974,0.0,calma
2015-04-02,14.67,105.21813,0.31932039201931994,0.0,calma
2015-04-06,14.74,105.21813,0.325523925371225,0.0,calma
2015-04-08,13.98,105.21813,0.28714649039754214,0.0,calma
2015-04-09,13.09,105.21813,0.25015863556639156,0.0,calma
2015-04-10,12.58,105.21813,0.234919515131825,0.0,calma
2015-04-13,13.94,105.21813,0.29777079557545283,0.0,calma
2015-04-14,13.67,105.21813,0.28705182860214395,0.0,calma
2015-04-15,12.84,105.21813,0.25353907705625184,0.0,calma
2015-04-16,12.6,105.21813,0.2479810245977048,0.0,calma
2015-04-17,13.89,105.21813,0.3092146449105053,0.0,calma
2015-04-20,13.3,105.21813,0.282781968077913,0.0,calma
2015-04-21,13.25,105.21813,0.28322950063767593,0.0,calma
2015-04-22,12.71,105.21813,0.26270363908065053,0.0,calma
2015-04-23,12.48,105.21813,0.25682895101842645,0.0,calma
2015-04-24,12.29,105.21813,0.2529819277922655,0.0,calma
2015-04-27,13.12,105.21813,0.2908388386781674,0.0,calma
2015-04-29,13.39,105.21813,0.30596835114008347,0.0,calma
2015-04-30,14.55,105.21813,0.3702959419590707,0.0,normal
2015-05-01,12.7,109.64379,0.3345563945501261,0.0,calma
2015-05-05,14.31,109.64379,0.41758490053286296,0.0,normal
2015-05-06,15.15,109.64379,0.4682163888776541,0.0,normal
2015-05-07,15.13,109.64379,0.46719784766824524,0.0,normal
2015-05-08,12.86,109.64379,0.3428238803986113,0.0,calma
2015-05-11,13.85,109.64379,0.39427070693406524,0.0,normal
2015-05-13,13.76,109.64379,0.3902659419148867,0.0,normal
2015-05-14,12.74,109.64379,0.34049312452141023,0.0,calma
2015-05-15,12.38,109.64379,0.32677153725537844,0.0,calma
2015-05-19,12.85,109.64379,0.34956602900668965,0.0,calma
2015-05-21,12.11,109.64379,0.31934245308228304,0.0,calma
2015-05-22,12.13,109.64379,0.3223630299813761,0.0,calma
2015-05-25,12.13,109.64379,0.32449149428093416,0.0,calma
2015-05-26,14.06,109.64379,0.42218019421036257,0.0,normal
2015-05-27,13.27,109.64379,0.37934641484867593,0.0,normal
2015-05-28,13.31,109.64379,0.38244280745642434,0.0,normal
2015-05-29,13.84,109.64379,0.41242097731704463,0.0,normal
2015-06-01,13.97,101.01894,0.30858525737843395,0.0,calma
2015-06-03,13.66,101.01894,0.29265402427598736,0.0,calma
2015-06-04,14.71,101.01894,0.357149317237522,0.0,normal
2015-06-05,14.21,101.01894,0.32780894975926744,0.0,calma
2015-06-09,14.47,101.01894,0.34526459279733357,0.0,calma
2015-06-11,12.85,101.01894,0.25471090733726504,0.0,calma
2015-06-12,13.78,101.01894,0.3075226130845255,0.0,calma
2015-06-16,14.81,101.01894,0.3724969322834112,0.0,normal
2015-06-18,13.19,101.01894,0.27668672578560644,0.0,calma
2015-06-19,13.96,101.01894,0.322741493338514,0.0,calma
2015-06-23,12.11,101.01894,0.2271390828589947,0.0,calma
2015-06-24,13.26,101.01894,0.286499253730072,0.0,calma
2015-06-25,14.01,101.01894,0.3320345345491349,0.0,calma
2015-06-26,14.02,101.01894,0.3339212604307526,0.0,calma
2015-06-30,18.23,101.01894,0.5785297232153027,0.06339938492289483,estres
2015-07-02,16.79,108.95279,0.6118254253522805,0.13738983411617872,estres
2015-07-03,16.79,108.95279,0.6110950936426247,0.13576687476138816,estres
2015-07-06,17.01,108.95279,0.6225987049670546,0.16133045548234348,estres
2015-07-08,19.66,108.95279,0.7296558106546683,0.3992351347881518,estres
2015-07-09,19.97,108.95279,0.7350578825137437,0.4112397389194304,estres
2015-07-10,16.83,108.95279,0.6043131006313119,0.12069577918069312,estres
2015-07-13,13.9,108.95279,0.42395477296287193,0.0,normal
2015-07-14,13.37,108.95279,0.39429814680372355,0.0,normal
2015-07-15,13.23,108.95279,0.3874041874296732,0.0,normal
2015-07-16,12.11,108.95279,0.3343066591038839,0.0,calma
2015-07-17,11.95,108.95279,0.32912377974501167,0.0,calma
2015-07-21,12.22,108.95279,0.34215208755970794,0.0,calma
2015-07-22,12.12,108.95279,0.33911655412938124,0.0,calma
2015-07-23,12.64,108.95279,0.3644025437678229,0.0,normal
2015-07-24,13.74,108.95279,0.4246960551114563,0.0,normal
2015-07-27,15.6,108.95279,0.5406500903983079,0.0,normal
2015-07-28,13.44,108.95279,0.40718250137776335,0.0,normal
2015-07-29,12.5,108.95279,0.3583835150765248,0.0,normal
2015-07-30,12.13,108.95279,0.3423420560926641,0.0,calma
2015-07-31,12.12,108.95279,0.3431455317340121,0.0,calma
2015-08-03,12.56,98.91843,0.23180911512283425,0.0,calma
2015-08-05,12.51,98.91843,0.2314636463074331,0.0,calma
2015-08-06,13.77,98.91843,0.30247678866378064,0.0,calma
2015-08-07,13.39,98.91843,0.28164771913639824,0.0,calma
2015-08-10,12.23,98.91843,0.2227162704143091,0.0,calma
2015-08-11,13.71,98.91843,0.3042949016057682,0.0,calma
2015-08-12,13.61,98.91843,0.2996835616735949,0.0,calma
2015-08-13,13.49,98.91843,0.2939533340822596,0.0,calma
2015-08-14,12.83,98.91843,0.2582790225180825,0.0,calma
2015-08-18,13.79,98.91843,0.3151173273106132,0.0,calma
2015-08-20,19.14,98.91843,0.5991992278779595,0.10933161750657666,estres
2015-08-21,28.03,98.91843,0.6791843634438658,0.2870763632085906,estres
2015-08-24,40.74,98.91843,0.6835598569729427,0.2967996821620949,estres
2015-08-26,30.32,98.91843,0.6757170868941038,0.2793713042091195,estres
2015-08-27,26.1,98.91843,0.6545218350089502,0.23227074446433377,estres
2015-08-28,26.05,98.91843,0.6520861594174052,0.2268581320386782,estres
2015-08-31,28.43,98.91843,0.6655407171595963,0.2567571492435472,estres
2015-09-02,26.09,129.69532,0.9430990310510187,0.873553402335597,crisis
2015-09-03,25.61,129.69532,0.9337855154912481,0.8528567010916625,crisis
2015-09-04,27.8,129.69532,0.9481550456220824,0.8847889902712942,crisis
2015-09-07,27.8,129.69532,0.9435344949438029,0.8745210998751176,crisis
2015-09-09,26.23,129.69532,0.9250857293910801,0.8335238430912891,crisis
2015-09-10,24.37,129.69532,0.897389180723895,0.771975957164211,crisis
2015-09-11,23.2,129.69532,0.874287626347207,0.72063916966046,crisis
2015-09-14,24.25,129.69532,0.8886178198578905,0.7524840441286454,crisis
2015-09-15,22.54,129.69532,0.8543933183414436,0.6764295963143191,crisis
2015-09-16,21.35,129.69532,0.8250728253359041,0.6112729451908979,crisis
2015-09-17,21.14,129.69532,0.8173907119565578,0.5942015821256839,crisis
2015-09-18,22.28,129.69532,0.841085488851068,0.6468566418912622,crisis
2015-09-21,20.14,129.69532,0.7860030064025678,0.5244511253390396,crisis
2015-09-23,22.13,129.69532,0.8331070676437067,0.6291268169860148,crisis
2015-09-24,23.47,129.69532,0.8575164052821704,0.6833697895159343,crisis
2015-09-25,23.62,129.69532,0.857321454804683,0.6829365662326289,crisis
2015-09-28,27.63,129.69532,0.9081545455765017,0.7958989901700037,crisis
2015-09-29,26.83,129.69532,0.8962178956413767,0.7693731014252815,crisis
2015-09-30,24.5,129.69532,0.8608138760210537,0.6906975022690083,crisis
2015-10-01,22.55,138.72169,0.8471705467578187,0.6603789927951526,crisis
2015-10-02,20.94,138.72169,0.8065371164147798,0.5700824809217327,crisis
2015-10-05,19.54,138.72169,0.7661819082072553,0.4804042404605673,crisis
2015-10-07,18.4,138.72169,0.7303661786428193,0.4008137303173761,estres
2015-10-08,17.42,138.72169,0.6980912089168236,0.32909157537071915,estres
2015-10-09,17.08,138.72169,0.685678450510371,0.30150766780082444,estres
2015-10-13,17.67,138.72169,0.7028259127088431,0.3396131393529846,estres
2015-10-15,16.05,138.72169,0.6494896804019286,0.2210881786709523,estres
2015-10-16,15.05,138.72169,0.6164184550145873,0.1475965666990827,estres
2015-10-19,14.98,138.72169,0.6129510059720563,0.1398911243823473,estres
2015-10-21,16.7,138.72169,0.6667014371571978,0.25933652701599497,estres
2015-10-22,14.45,138.72169,0.5937173613515885,0.09714969189241876,estres
2015-10-23,14.46,138.72169,0.5929005516765173,0.09533455928114956,estres
2015-10-26,15.29,138.72169,0.6178489930372117,0.1507755400826927,estres
2015-10-27,15.43,138.72169,0.6211598353252601,0.15813296738946678,estres
2015-10-28,14.33,138.72169,0.58529158238422,0.07842573863159984,estres
2015-10-29,14.61,138.72169,0.5929841039767845,0.09552023105952095,estres
2015-10-30,15.07,138.72169,0.6065399763891985,0.12564439197599667,estres
2015-11-03,14.54,102.89402,0.3587045097657432,0.0,normal
2015-11-05,15.05,102.89402,0.37543943723221207,0.0,normal
2015-11-06,14.33,102.89402,0.35305177372446034,0.0,normal
2015-11-09,16.52,102.89402,0.4248167359104334,0.0,normal
2015-11-10,15.29,102.89402,0.3844584576886646,0.0,normal
2015-11-11,16.06,102.89402,0.4103094385107896,0.0,normal
2015-11-12,18.37,102.89402,0.48696161903046553,0.0,normal
2015-11-13,20.08,102.89402,0.5391575944573523,0.0,normal
2015-11-17,18.84,102.89402,0.5017210253308041,0.0,normal
2015-11-19,16.99,102.89402,0.4412722569567956,0.0,normal
2015-11-20,15.47,102.89402,0.3904813608711288,0.0,normal
2015-11-23,15.62,102.89402,0.3958606166330184,0.0,normal
2015-11-24,15.93,102.89402,0.4066380926497909,0.0,normal
2015-11-25,15.19,102.89402,0.38216087845244456,0.0,normal
2015-11-26,15.19,102.89402,0.38255491367052646,0.0,normal
2015-11-27,15.12,102.89402,0.38061496943763434,0.0,normal
2015-11-30,16.13,102.89402,0.41514953937262156,0.0,normal
2015-12-01,14.67,92.10044,0.30412985867885695,0.0,calma
2015-12-02,15.91,92.10044,0.3468240489876745,0.0,calma
2015-12-03,18.11,92.10044,0.4227770823692915,0.0,normal
2015-12-04,14.81,92.10044,0.31088551297861533,0.0,calma
2015-12-07,15.84,92.10044,0.34674664015046663,0.0,calma
2015-12-09,19.61,92.10044,0.4736948917966503,0.0,normal
2015-12-10,19.34,92.10044,0.4657605507665672,0.0,normal
2015-12-11,24.39,92.10044,0.5872201111397446,0.08271135808832122,estres
2015-12-14,22.73,92.10044,0.5551156035251132,0.011368007833584888,estres
2015-12-15,20.95,92.10044,0.5116987035324054,0.0,normal
2015-12-16,17.86,92.10044,0.41650806576237553,0.0,normal
2015-12-17,18.94,92.10044,0.452806138297344,0.0,normal
2015-12-18,20.7,92.10044,0.5063267534157357,0.0,normal
2015-12-21,18.7,92.10044,0.4455147997555362,0.0,normal
2015-12-22,16.6,92.10044,0.3744246120458393,0.0,normal
2015-12-23,15.57,92.10044,0.33945488675801944,0.0,calma
2015-12-24,15.74,92.10044,0.346028635331415,0.0,calma
2015-12-25,15.74,92.10044,0.346732092292485,0.0,calma
2015-12-28,16.91,92.10044,0.38827251362796866,0.0,normal
2015-12-30,17.29,92.10044,0.4021564421955399,0.0,normal
2015-12-31,18.21,92.10044,0.43449176185351956,0.0,normal
2016-01-04,20.7,99.34261,0.5542925917198848,0.009539092710854933,estres
2016-01-05,19.34,99.34261,0.5130250588346683,0.0,normal
2016-01-06,20.59,99.34261,0.551012560319669,0.0022501340437089093,estres
2016-01-07,24.99,99.34261,0.6468810550684757,0.2152912334855015,estres
2016-01-08,27.01,99.34261,0.67170705737757,0.27046012750571097,estres
2016-01-12,22.47,99.34261,0.5956899970744697,0.10153332683215475,estres
2016-01-14,23.95,99.34261,0.6258947930074679,0.16865509557215072,estres
2016-01-15,27.02,99.34261,0.6697266474360104,0.2660592165244675,estres
2016-01-18,27.02,99.34261,0.668383641680093,0.2630747592890955,estres
2016-01-19,26.05,99.34261,0.6550991268933093,0.23355361531846502,estres
2016-01-20,27.59,99.34261,0.6722400049489182,0.2716444554420404,estres
2016-01-21,26.69,99.34261,0.6606418903021469,0.2458708673381042,estres
2016-01-22,22.34,99.34261,0.5815345110465813,0.07007669121462495,estres
2016-01-25,24.15,99.34261,0.61976952364113,0.15504338586917776,estres
2016-01-26,22.5,99.34261,0.5840536339672746,0.07567474214949904,estres
2016-01-27,23.11,99.34261,0.597488073618221,0.10552905248493542,estres
2016-01-28,22.42,99.34261,0.5811774879483687,0.06928330655193025,estres
2016-01-29,20.2,99.34261,0.5213347709014634,0.0,normal
2016-02-01,19.98,119.01519,0.6599428654870372,0.24431747886008254,estres
2016-02-02,21.98,119.01519,0.7149030177362201,0.36645115052493354,estres
2016-02-03,21.65,119.01519,0.7056877894011367,0.34597286533585936,estres
2016-02-04,21.84,119.01519,0.7099338239773023,0.3554084977273384,estres
2016-02-05,23.38,119.01519,0.7455930434943745,0.4346512077652766,estres
2016-02-08,26.0,119.01519,0.791774912079664,0.5372775823992533,crisis
2016-02-09,26.54,119.01519,0.7979783353785206,0.5510629675078235,crisis
2016-02-10,26.29,119.01519,0.7930119816133286,0.5400266258073969,crisis
2016-02-11,28.14,119.01519,0.8143993008510164,0.5875540018911476,crisis
2016-02-12,25.4,119.01519,0.7758183939889882,0.5018186533088627,crisis
2016-02-15,25.4,119.01519,0.774581814897595,0.49907069977243335,crisis
2016-02-16,24.11,119.01519,0.7496361477340798,0.44363588385351066,estres
2016-02-17,22.31,119.01519,0.7082807241009887,0.3517349424466416,estres
2016-02-18,21.64,119.01519,0.6904704081551516,0.31215646256700347,estres
2016-02-19,20.53,119.01519,0.6592323452273972,0.24273854494977137,estres
2016-02-22,19.38,119.01519,0.6245609752864626,0.165691056192139,estres
2016-02-24,20.72,119.01519,0.6640089641859472,0.2533532537465493,estres
2016-02-25,19.11,119.01519,0.6154442897321936,0.14543175496043007,estres
2016-02-26,19.81,119.01519,0.6368754731576145,0.19305660701692104,estres
2016-02-29,20.55,119.01519,0.6585463415792323,0.24121409239829394,estres
2016-03-02,17.09,114.62456,0.519048822270737,0.0,normal
2016-03-03,16.7,114.62456,0.5068851379718036,0.0,normal
2016-03-04,16.86,114.62456,0.5124848697974268,0.0,normal
2016-03-07,17.35,114.62456,0.5287870138823048,0.0,normal
2016-03-08,18.67,114.62456,0.571250396265586,0.04722310281241334,estres
2016-03-09,18.34,114.62456,0.5610882700267232,0.02464060005938487,estres
2016-03-10,18.05,114.62456,0.5520374517041406,0.004527670453645784,estres
2016-03-11,16.5,114.62456,0.5026341241101389,0.0,normal
2016-03-14,16.92,114.62456,0.5160281465359309,0.0,normal
2016-03-15,16.84,114.62456,0.5133955289513811,0.0,normal
2016-03-16,14.99,114.62456,0.4565104289297185,0.0,normal
2016-03-17,14.44,114.62456,0.44122083908017007,0.0,normal
2016-03-18,14.02,114.62456,0.43003373459082317,0.0,normal
2016-03-22,14.17,114.62456,0.43509011249457963,0.0,normal
2016-03-24,14.74,114.62456,0.4521965548632171,0.0,normal
2016-03-29,13.82,114.62456,0.42665543354254487,0.0,normal
2016-03-31,13.95,114.62456,0.4307765224412553,0.0,normal
2016-04-01,13.1,104.19081,0.3273480257982154,0.0,calma
2016-04-04,14.12,104.19081,0.35596838684909937,0.0,normal
2016-04-06,14.09,104.19081,0.35594095146347315,0.0,normal
2016-04-07,16.16,104.19081,0.41834800621512536,0.0,normal
2016-04-08,15.36,104.19081,0.39405187890723725,0.0,normal
2016-04-11,16.26,104.19081,0.42201207311607025,0.0,normal
2016-04-13,13.84,104.19081,0.35047456465631877,0.0,normal
2016-04-14,13.72,104.19081,0.3478701877680958,0.0,calma
2016-04-15,13.62,104.19081,0.3458082495648104,0.0,calma
2016-04-18,13.35,104.19081,0.33924029822208174,0.0,calma
2016-04-19,13.24,104.19081,0.3368891355220661,0.0,calma
2016-04-20,13.28,104.19081,0.33853868081747795,0.0,calma
2016-04-21,13.95,104.19081,0.35706889773749395,0.0,normal
2016-04-22,13.22,104.19081,0.33777384920053266,0.0,calma
2016-04-25,14.08,104.19081,0.36154029363625845,0.0,normal
2016-04-26,13.96,104.19081,0.3584473220888727,0.0,normal
2016-04-27,13.77,104.19081,0.35291148276521245,0.0,normal
2016-04-28,15.22,104.19081,0.39450229013813654,0.0,normal
2016-04-29,15.7,104.19081,0.40872168668532494,0.0,normal
2016-05-02,14.68,84.25134,0.26580060891834306,0.0,calma
2016-05-04,16.05,84.25134,0.3079153522544607,0.0,calma
2016-05-05,15.91,84.25134,0.30445325107644094,0.0,calma
2016-05-06,14.72,84.25134,0.26956972874405283,0.0,calma
2016-05-10,13.63,84.25134,0.23975867819844038,0.0,calma
2016-05-12,14.41,84.25134,0.26260545106058747,0.0,calma
2016-05-13,15.04,84.25134,0.28191301486240444,0.0,calma
2016-05-16,14.68,84.25134,0.2721726945888891,0.0,calma
2016-05-17,15.57,84.25134,0.299320389319517,0.0,calma
2016-05-18,15.95,84.25134,0.3114857449325078,0.0,calma
2016-05-19,16.33,84.25134,0.3235935085225451,0.0,calma
2016-05-20,15.2,84.25134,0.28929223814637717,0.0,calma
2016-05-23,15.82,84.25134,0.3089386138294371,0.0,calma
2016-05-24,14.42,84.25134,0.26783001618421776,0.0,calma
2016-05-25,13.9,84.25134,0.2539209853014782,0.0,calma
2016-05-26,13.43,84.25134,0.24219958792666157,0.0,calma
2016-05-27,13.12,84.25134,0.23509635887608218,0.0,calma
2016-05-31,14.19,84.25134,0.2651546095470959,0.0,calma
2016-06-02,13.63,82.04127,0.2426696886070332,0.0,calma
2016-06-03,13.47,82.04127,0.2391584564636475,0.0,calma
2016-06-07,14.05,82.04127,0.25571257273189796,0.0,calma
2016-06-09,14.64,82.04127,0.27337906810062346,0.0,calma
2016-06-10,17.03,82.04127,0.347261988674625,0.0,calma
2016-06-13,20.97,82.04127,0.46722835932716117,0.0,normal
2016-06-15,20.14,82.04127,0.44365923757628345,0.0,normal
2016-06-16,19.37,82.04127,0.4208030419694748,0.0,normal
2016-06-17,19.41,82.04127,0.42219175314370216,0.0,normal
2016-06-20,18.37,82.04127,0.39001023329167184,0.0,normal
2016-06-22,21.17,82.04127,0.4739331964943975,0.0,normal
2016-06-23,17.25,82.04127,0.354252210097143,0.0,normal
2016-06-24,25.76,82.04127,0.5750619160545897,0.05569314678797695,estres
2016-06-27,23.85,82.04127,0.5390028369949058,0.0,normal
2016-06-28,18.75,82.04127,0.4006850886166111,0.0,normal
2016-06-29,16.64,82.04127,0.33411392961437564,0.0,calma
2016-06-30,15.63,82.04127,0.3031176128497203,0.0,calma
2016-07-01,14.77,162.62912,0.5978483634297652,0.10632969651058928,estres
2016-07-05,15.58,162.62912,0.6207862903030377,0.1573028673400836,estres
2016-07-06,14.96,162.62912,0.6011223261694857,0.11360516926552366,estres
2016-07-07,14.76,162.62912,0.5937978334226485,0.0973285187169965,estres
2016-07-08,13.2,162.62912,0.5500037206612116,8.268136025711848e-06,estres
2016-07-11,13.54,162.62912,0.5577302933822179,0.01717842973826193,estres
2016-07-13,13.04,162.62912,0.5435834156118846,0.0,normal
2016-07-14,12.82,162.62912,0.5368287734496109,0.0,normal
2016-07-15,12.67,162.62912,0.5320171816970147,0.0,normal
2016-07-18,12.44,162.62912,0.5252491434107879,0.0,normal
2016-07-19,11.97,162.62912,0.5132572668254788,0.0,normal
2016-07-20,11.77,162.62912,0.5077200210009787,0.0,normal
2016-07-21,12.74,162.62912,0.5293156688596773,0.0,normal
2016-07-22,12.02,162.62912,0.5114540480531177,0.0,normal
2016-07-25,12.87,162.62912,0.5305281024151991,0.0,normal
2016-07-26,13.05,162.62912,0.5340199762941805,0.0,normal
2016-07-27,12.83,162.62912,0.5275686437768032,0.0,normal
2016-07-28,12.72,162.62912,0.5238808473644097,0.0,normal
2016-07-29,11.87,162.62912,0.503424310464735,0.0,normal
2016-08-01,12.44,121.96465,0.4013659390294315,0.0,normal
2016-08-02,13.37,121.96465,0.42432020446449115,0.0,normal
2016-08-03,12.86,121.96465,0.4110009685605115,0.0,normal
2016-08-04,12.42,121.96465,0.4002386749511609,0.0,normal
2016-08-05,11.39,121.96465,0.3774917173738893,0.0,normal
2016-08-08,11.5,121.96465,0.37980433721701573,0.0,normal
2016-08-09,11.66,121.96465,0.3833358265390268,0.0,normal
2016-08-10,12.05,121.96465,0.39166136739486135,0.0,normal
2016-08-11,11.68,121.96465,0.3833708913244036,0.0,normal
2016-08-12,11.55,121.96465,0.38066953948142784,0.0,normal
2016-08-16,12.64,121.96465,0.4054868525841562,0.0,normal
2016-08-18,11.43,121.96465,0.3786249355053395,0.0,normal
2016-08-19,11.34,121.96465,0.37736073849802765,0.0,normal
2016-08-22,12.27,121.96465,0.39848590357682684,0.0,normal
2016-08-24,13.45,121.96465,0.4279846941401999,0.0,normal
2016-08-25,13.63,121.96465,0.43319961214123115,0.0,normal
2016-08-26,13.65,121.96465,0.4342259220047918,0.0,normal
2016-08-29,12.94,121.96465,0.41620673541036224,0.0,normal
2016-08-30,13.12,121.96465,0.4206471967670569,0.0,normal
2016-08-31,13.42,121.96465,0.42813379626236525,0.0,normal
2016-09-01,13.48,91.8289,0.2968804132598165,0.0,calma
2016-09-02,11.98,91.8289,0.26042014400920255,0.0,calma
2016-09-05,11.98,91.8289,0.2607933076766718,0.0,calma
2016-09-07,11.94,91.8289,0.26031734173741655,0.0,calma
2016-09-08,12.51,91.8289,0.27396089346028846,0.0,calma
2016-09-09,17.5,91.8289,0.4160722268831176,0.0,normal
2016-09-12,15.16,91.8289,0.34502847163709677,0.0,calma
2016-09-13,17.85,91.8289,0.42722579109719605,0.0,normal
2016-09-14,18.14,91.8289,0.43602386892570466,0.0,normal
2016-09-15,16.3,91.8289,0.378891401328027,0.0,normal
2016-09-16,15.37,91.8289,0.3506793694386747,0.0,normal
2016-09-19,15.53,91.8289,0.35527326440641177,0.0,normal
2016-09-21,13.3,91.8289,0.2927382178228173,0.0,calma
2016-09-22,12.02,91.8289,0.26185365139180355,0.0,calma
2016-09-23,12.29,91.8289,0.26855035391681803,0.0,calma
2016-09-26,14.5,91.8289,0.32597359606824383,0.0,calma
2016-09-27,13.1,91.8289,0.288322041345471,0.0,calma
2016-09-28,12.39,91.8289,0.2713121462520922,0.0,calma
2016-09-29,14.02,91.8289,0.31312969523386275,0.0,calma
2016-09-30,13.29,91.8289,0.29391258605989484,0.0,calma
2016-10-03,13.57,79.80896,0.2614458099522081,0.0,calma
2016-10-04,13.63,79.80896,0.26357310082360236,0.0,calma
2016-10-05,12.99,79.80896,0.24832550741444231,0.0,calma
2016-10-06,12.84,79.80896,0.2456865938459714,0.0,calma
2016-10-07,13.48,79.80896,0.26046737013610594,0.0,calma
2016-10-10,13.38,79.80896,0.25843763161623523,0.0,calma
2016-10-11,15.36,79.80896,0.31942562038899003,0.0,calma
2016-10-12,15.91,79.80896,0.33888036891753465,0.0,calma
2016-10-13,16.69,79.80896,0.3669854526456973,0.0,normal
2016-10-14,16.12,79.80896,0.3492971985207088,0.0,calma
2016-10-18,15.28,79.80896,0.3225597006770718,0.0,calma
2016-10-20,13.75,79.80896,0.2749113034596118,0.0,calma
2016-10-21,13.34,79.80896,0.2637812285038947,0.0,calma
2016-10-24,13.02,79.80896,0.2557157949731424,0.0,calma
2016-10-26,14.24,79.80896,0.2950452153324541,0.0,calma
2016-10-27,15.36,79.80896,0.33479784603679236,0.0,calma
2016-10-28,16.19,79.80896,0.3662878157007535,0.0,normal
2016-10-31,17.06,79.80896,0.39975293224061825,0.0,normal
2016-11-01,18.56,92.51785,0.4991709176892422,0.0,normal
2016-11-02,19.32,92.51785,0.5262534526171413,0.0,normal
2016-11-03,22.08,92.51785,0.6080731164764406,0.12905136994764566,estres
2016-11-04,22.51,92.51785,0.6183702335149184,0.1519338522553741,estres
2016-11-08,18.74,92.51785,0.5081383108925258,0.0,normal
2016-11-09,14.38,92.51785,0.35189321649036476,0.0,normal
2016-11-10,14.74,92.51785,0.3657404493167669,0.0,normal
2016-11-11,14.17,92.51785,0.3471366594531988,0.0,calma
2016-11-15,13.37,92.51785,0.32146765423167056,0.0,calma
2016-11-16,13.72,92.51785,0.3343223466321686,0.0,calma
2016-11-17,13.35,92.51785,0.3233696377569733,0.0,calma
2016-11-18,12.85,92.51785,0.3087750377703872,0.0,calma
2016-11-21,12.42,92.51785,0.29713130826238504,0.0,calma
2016-11-22,12.41,92.51785,0.29829689627730793,0.0,calma
2016-11-23,12.43,92.51785,0.3002822113798417,0.0,calma
2016-11-24,12.43,92.51785,0.3016335376323196,0.0,calma
2016-11-25,12.34,92.51785,0.300360147655666,0.0,calma
2016-11-28,13.15,92.51785,0.32672323815315424,0.0,calma
2016-11-29,12.9,92.51785,0.3196484161012695,0.0,calma
2016-11-30,13.33,92.51785,0.3344920025096772,0.0,calma
2016-12-01,14.07,169.37782,0.5941462035325822,0.0981026745168492,estres
2016-12-02,14.12,169.37782,0.5951725758728417,0.10038350193964807,estres
2016-12-05,12.14,169.37782,0.5305626562322667,0.0,normal
2016-12-06,11.79,169.37782,0.5204909599739597,0.0,normal
2016-12-07,12.22,169.37782,0.5326399549250533,0.0,normal
2016-12-09,11.75,169.37782,0.518950686811948,0.0,normal
2016-12-12,12.64,169.37782,0.544684381611213,0.0,normal
2016-12-13,12.72,169.37782,0.5468259281809927,0.0,normal
2016-12-14,13.19,169.37782,0.5609290416162086,0.02428675914713013,estres
2016-12-15,12.79,169.37782,0.547358137362673,0.0,normal
2016-12-16,12.2,169.37782,0.5286726786602571,0.0,normal
2016-12-19,11.71,169.37782,0.5143663122074965,0.0,normal
2016-12-20,11.45,169.37782,0.5068842172916266,0.0,normal
2016-12-21,11.27,169.37782,0.501858431038126,0.0,normal
2016-12-22,11.43,169.37782,0.5059824924058067,0.0,normal
2016-12-23,11.44,169.37782,0.5061528221268287,0.0,normal
2016-12-26,11.44,169.37782,0.5060521777443321,0.0,normal
2016-12-27,11.99,169.37782,0.521184178796827,0.0,normal
2016-12-28,12.95,169.37782,0.5499035861216901,0.0,normal
2016-12-29,13.37,169.37782,0.5629201437951777,0.02871143065595044,estres
2017-01-02,14.04,115.15205,0.44816934263670277,0.0,normal
2017-01-03,12.85,115.15205,0.40860230068844894,0.0,normal
2017-01-04,11.85,115.15205,0.37878027229747663,0.0,normal
2017-01-05,11.67,115.15205,0.3741548755080198,0.0,normal
2017-01-06,11.32,115.15205,0.36521325499134616,0.0,normal
2017-01-10,11.49,115.15205,0.3701442527598673,0.0,normal
2017-01-11,11.26,115.15205,0.36442220769449174,0.0,normal
2017-01-12,11.54,115.15205,0.37267068517657387,0.0,normal
2017-01-13,11.23,115.15205,0.36460006805826106,0.0,normal
2017-01-16,11.23,115.15205,0.3650985890747885,0.0,normal
2017-01-17,11.87,115.15205,0.3835170767824151,0.0,normal
2017-01-18,12.48,115.15205,0.4022792047771675,0.0,normal
2017-01-19,12.78,115.15205,0.41210206401297267,0.0,normal
2017-01-20,11.54,115.15205,0.37515314832284885,0.0,normal
2017-01-23,11.77,115.15205,0.3823756954448845,0.0,normal
2017-01-24,11.07,115.15205,0.3633164737740593,0.0,normal
2017-01-25,10.81,115.15205,0.35712444418726924,0.0,normal
2017-01-26,10.63,115.15205,0.35315676319175177,0.0,normal
2017-01-27,10.58,115.15205,0.35262268208591313,0.0,normal
2017-01-30,11.88,115.15205,0.3893008035033314,0.0,normal
2017-01-31,11.99,115.15205,0.39290168775282835,0.0,normal
2017-02-01,11.81,134.86953,0.4546639920352348,0.0,normal
2017-02-02,11.93,134.86953,0.4583360841849995,0.0,normal
2017-02-03,10.97,134.86953,0.4311038884041148,0.0,normal
2017-02-06,11.37,134.86953,0.44256655315657134,0.0,normal
2017-02-07,11.29,134.86953,0.440654785626326,0.0,normal
2017-02-08,11.45,134.86953,0.44564065734650415,0.0,normal
2017-02-09,10.88,134.86953,0.4300870732275054,0.0,normal
2017-02-10,10.85,134.86953,0.4297241280560812,0.0,normal
2017-02-13,11.07,134.86953,0.43581871169092634,0.0,normal
2017-02-14,10.74,134.86953,0.42615914600957605,0.0,normal
2017-02-15,11.97,134.86953,0.4630147547600013,0.0,normal
2017-02-16,11.76,134.86953,0.4565333967529165,0.0,normal
2017-02-17,11.49,134.86953,0.447701045380135,0.0,normal
2017-02-20,11.49,134.86953,0.4472272460290171,0.0,normal
2017-02-21,11.57,134.86953,0.4494895220731785,0.0,normal
2017-02-22,11.74,134.86953,0.45444108617336776,0.0,normal
2017-02-23,11.71,134.86953,0.452921238813156,0.0,normal
2017-02-24,11.47,134.86953,0.44497368534900417,0.0,normal
2017-02-27,12.09,134.86953,0.4667083977671631,0.0,normal
2017-02-28,12.92,134.86953,0.49865091677263895,0.0,normal
2017-03-01,12.54,133.33148,0.4791840222767814,0.0,normal
2017-03-02,11.81,133.33148,0.4518225079426894,0.0,normal
2017-03-03,10.96,133.33148,0.42252049379905,0.0,normal
2017-03-06,11.24,133.33148,0.4326346751064052,0.0,normal
2017-03-07,11.45,133.33148,0.4404451112925687,0.0,normal
2017-03-08,11.86,133.33148,0.4560699856293441,0.0,normal
2017-03-09,12.3,133.33148,0.4737708044853894,0.0,normal
2017-03-10,11.66,133.33148,0.4489975712375024,0.0,normal
2017-03-13,11.35,133.33148,0.43671104172651165,0.0,normal
2017-03-14,12.3,133.33148,0.47430979951448526,0.0,normal
2017-03-15,11.63,133.33148,0.44561978532969965,0.0,normal
2017-03-16,11.21,133.33148,0.4265432217598312,0.0,normal
2017-03-17,11.28,133.33148,0.42819055349832724,0.0,normal
2017-03-21,12.47,133.33148,0.48158529838864716,0.0,normal
2017-03-22,12.81,133.33148,0.49920554485594604,0.0,normal
2017-03-23,13.12,133.33148,0.5165870976172453,0.0,normal
2017-03-24,12.96,133.33148,0.5086157648243208,0.0,normal
2017-03-27,12.5,133.33148,0.48419471382779966,0.0,normal
2017-03-28,11.53,133.33148,0.43533734874185276,0.0,normal
2017-03-29,11.42,133.33148,0.430201506608497,0.0,normal
2017-03-30,11.54,133.33148,0.43641864912351636,0.0,normal
2017-03-31,12.37,133.33148,0.4802532323832436,0.0,normal
2017-04-03,12.38,119.77617,0.4354059086144147,0.0,normal
2017-04-04,11.79,119.77617,0.40397996841174794,0.0,normal
2017-04-05,12.89,119.77617,0.4667375404173243,0.0,normal
2017-04-06,12.39,119.77617,0.4382234322045171,0.0,normal
2017-04-07,12.87,119.77617,0.4671808261028324,0.0,normal
2017-04-10,14.05,119.77617,0.5408430281080452,0.0,normal
2017-04-11,15.07,119.77617,0.6031656184426487,0.11814581876144149,estres
2017-04-12,15.77,119.77617,0.6423902626655762,0.20531169481239148,estres
2017-04-17,14.66,119.77617,0.5804202370545858,0.06760052678796832,estres
2017-04-18,14.42,119.77617,0.5665340953356459,0.03674243407921305,estres
2017-04-19,14.93,119.77617,0.597875470681811,0.10638993484846884,estres
2017-04-20,14.15,119.77617,0.5504252884319791,0.0009450854043979718,estres
2017-04-21,14.63,119.77617,0.5799820331461096,0.06662674032468797,estres
2017-04-24,10.84,119.77617,0.35815141848818305,0.0,normal
2017-04-25,10.76,119.77617,0.3553773199306478,0.0,normal
2017-04-26,10.85,119.77617,0.360412756743709,0.0,normal
2017-04-27,10.36,119.77617,0.3398428306280781,0.0,calma
2017-04-28,10.82,119.77617,0.360846482332652,0.0,normal
2017-05-02,10.59,121.57059,0.3573667428818334,0.0,normal
2017-05-03,10.68,121.57059,0.3620826757018609,0.0,normal
2017-05-04,10.46,121.57059,0.35319361805433536,0.0,normal
2017-05-05,10.57,121.57059,0.3587741479888747,0.0,normal
2017-05-08,9.77,121.57059,0.3275766996195187,0.0,calma
2017-05-09,9.96,121.57059,0.33560575145431815,0.0,calma
2017-05-10,10.21,121.57059,0.3463751400590938,0.0,calma
2017-05-11,10.6,121.57059,0.36383371263292635,0.0,normal
2017-05-12,10.4,121.57059,0.3557065937412536,0.0,normal
2017-05-16,10.65,121.57059,0.3673698916581935,0.0,normal
2017-05-17,15.59,121.57059,0.6452129998423124,0.21158444409402746,estres
2017-05-18,14.66,121.57059,0.5944883532206452,0.09886300715698923,estres
2017-05-19,12.04,121.57059,0.43828842277241586,0.0,normal
2017-05-22,10.93,121.57059,0.38019832197639786,0.0,normal
2017-05-23,10.72,121.57059,0.3709224672777559,0.0,normal
2017-05-24,10.02,121.57059,0.34163578198952194,0.0,calma
2017-05-25,9.99,121.57059,0.34126933693971384,0.0,calma
2017-05-26,9.81,121.57059,0.3352269911692937,0.0,calma
2017-05-30,10.38,121.57059,0.3592916388255555,0.0,normal
2017-05-31,10.41,121.57059,0.3611174667747172,0.0,normal
2017-06-01,9.89,104.17097,0.2787001301616208,0.0,calma
2017-06-02,9.75,104.17097,0.2740334715553298,0.0,calma
2017-06-05,10.07,104.17097,0.28749034685257574,0.0,calma
2017-06-06,10.45,104.17097,0.3043836360155562,0.0,calma
2017-06-07,10.39,104.17097,0.30227299686161435,0.0,calma
2017-06-08,10.16,104.17097,0.29292038443689156,0.0,calma
2017-06-09,10.7,104.17097,0.3177341518729993,0.0,calma
2017-06-12,11.46,104.17097,0.3565068301133779,0.0,normal
2017-06-13,10.42,104.17097,0.30557661207426345,0.0,calma
2017-06-14,10.64,104.17097,0.31629766601775366,0.0,calma
2017-06-15,10.9,104.17097,0.32940474828751865,0.0,calma
2017-06-16,10.38,104.17097,0.30517409544633006,0.0,calma
2017-06-20,10.86,104.17097,0.32847100944745333,0.0,calma
2017-06-21,10.75,104.17097,0.3234051009000437,0.0,calma
2017-06-22,10.48,104.17097,0.31085988907632545,0.0,calma
2017-06-23,10.02,104.17097,0.29073807859998235,0.0,calma
2017-06-27,11.06,104.17097,0.3401479838108393,0.0,calma
2017-06-28,10.03,104.17097,0.29184755089185843,0.0,calma
2017-06-29,11.44,104.17097,0.36073642472727785,0.0,normal
2017-06-30,11.18,104.17097,0.3470868578473637,0.0,calma
2017-07-04,11.22,98.75896,0.33111349770031895,0.0,calma
2017-07-06,12.54,98.75896,0.4058178108221755,0.0,normal
2017-07-07,11.19,98.75896,0.3295006071541132,0.0,calma
2017-07-10,11.11,98.75896,0.3252023421128508,0.0,calma
2017-07-11,10.89,98.75896,0.31346948288403886,0.0,calma
2017-07-12,10.3,98.75896,0.2832786360391565,0.0,calma
2017-07-13,9.9,98.75896,0.2646048181760895,0.0,calma
2017-07-14,9.51,98.75896,0.24628269653622342,0.0,calma
2017-07-17,9.82,98.75896,0.260092679220985,0.0,calma
2017-07-18,9.89,98.75896,0.2573297026337441,0.0,calma
2017-07-19,9.79,98.75896,0.24767246879995544,0.0,calma
2017-07-21,9.36,98.75896,0.22748427428154122,0.0,calma
2017-07-24,9.43,98.75896,0.23082288646184362,0.0,calma
2017-07-25,9.43,98.75896,0.2314254310601318,0.0,calma
2017-07-26,9.6,98.75896,0.24088723250319855,0.0,calma
2017-07-27,10.11,98.75896,0.2683014840641418,0.0,calma
2017-07-28,10.29,98.75896,0.279896877320806,0.0,calma
2017-07-31,10.26,98.75896,0.2796585522822236,0.0,calma
2017-08-01,10.09,110.7536,0.3159426277055319,0.0,calma
2017-08-02,10.28,110.7536,0.3282605007959746,0.0,calma
2017-08-03,10.44,110.7536,0.33916788534422476,0.0,calma
2017-08-04,10.03,110.7536,0.31710458665093255,0.0,calma
2017-08-08,10.96,110.7536,0.3750427471975117,0.0,normal
2017-08-09,11.11,110.7536,0.38623936615619947,0.0,normal
2017-08-10,16.04,110.7536,0.6907368251531298,0.31274850034028845,estres
2017-08-11,15.51,110.7536,0.669695435296242,0.265989856213871,estres
2017-08-14,12.33,110.7536,0.4743961984594257,0.0,normal
2017-08-15,12.04,110.7536,0.4537493035472524,0.0,normal
2017-08-16,11.74,110.7536,0.43293660070357676,0.0,normal
2017-08-17,15.55,110.7536,0.6733230270876525,0.2740511713058943,estres
2017-08-18,14.26,110.7536,0.6082050331658769,0.12934451814639308,estres
2017-08-22,11.35,110.7536,0.40713566566811255,0.0,normal
2017-08-23,12.25,110.7536,0.4722075830471893,0.0,normal
2017-08-24,12.23,110.7536,0.4710005623641343,0.0,normal
2017-08-25,11.28,110.7536,0.40394764574824016,0.0,normal
2017-08-28,11.32,110.7536,0.4073354525878025,0.0,normal
2017-08-29,11.7,110.7536,0.43444312126664864,0.0,normal
2017-08-30,11.22,110.7536,0.4011414803067692,0.0,normal
2017-08-31,10.59,110.7536,0.36075812430248044,0.0,normal
2017-09-04,10.13,109.17827,0.327678163423424,0.0,calma
2017-09-05,12.23,109.17827,0.46748343157785877,0.0,normal
2017-09-06,11.63,109.17827,0.42444478107399486,0.0,normal
2017-09-07,11.55,109.17827,0.4190121395130585,0.0,normal
2017-09-08,12.12,109.17827,0.4603035089225824,0.0,normal
2017-09-11,10.73,109.17827,0.3648217276709591,0.0,normal
2017-09-12,10.58,109.17827,0.355993229036071,0.0,normal
2017-09-13,10.5,109.17827,0.3519320453901694,0.0,normal
2017-09-14,10.44,109.17827,0.3493699135149686,0.0,calma
2017-09-15,10.17,109.17827,0.33481287408379473,0.0,calma
2017-09-18,10.15,109.17827,0.33482923742374826,0.0,calma
2017-09-19,10.18,109.17827,0.3375809357629309,0.0,calma
2017-09-20,9.78,109.17827,0.317057682479124,0.0,calma
2017-09-21,9.67,109.17827,0.3127075543636244,0.0,calma
2017-09-22,9.59,109.17827,0.3094338742245484,0.0,calma
2017-09-25,10.21,109.17827,0.34297946966445847,0.0,calma
2017-09-26,10.17,109.17827,0.3409540439237807,0.0,calma
2017-09-27,9.87,109.17827,0.3247394203562942,0.0,calma
2017-09-28,9.55,109.17827,0.30890518474488604,0.0,calma
2017-09-29,9.51,109.17827,0.30687688476275216,0.0,calma
2017-10-02,9.45,96.75077,0.25288496146070283,0.0,calma
2017-10-03,9.51,96.75077,0.25579818408887833,0.0,calma
2017-10-04,9.63,96.75077,0.26171300194490504,0.0,calma
2017-10-05,9.19,96.75077,0.24037165879747355,0.0,calma
2017-10-06,9.65,96.75077,0.26425673860434845,0.0,calma
2017-10-09,10.33,96.75077,0.3047472047062902,0.0,calma
2017-10-10,10.08,96.75077,0.290019912420833,0.0,calma
2017-10-11,9.85,96.75077,0.27710929649582894,0.0,calma
2017-10-12,9.91,96.75077,0.28122496250856455,0.0,calma
2017-10-13,9.61,96.75077,0.26522012332661216,0.0,calma
2017-10-17,10.31,96.75077,0.3072290734765719,0.0,calma
2017-10-18,10.07,96.75077,0.2928869559650603,0.0,calma
2017-10-19,10.05,96.75077,0.2924351375960301,0.0,calma
2017-10-20,9.97,96.75077,0.28836228857407775,0.0,calma
2017-10-23,11.07,96.75077,0.3612583505978722,0.0,normal
2017-10-24,11.16,96.75077,0.36782823706390466,0.0,normal
2017-10-25,11.23,96.75077,0.3728485927479689,0.0,normal
2017-10-26,11.3,96.75077,0.3778420921976604,0.0,normal
2017-10-27,9.8,96.75077,0.2781492121489131,0.0,calma
2017-10-30,10.5,96.75077,0.32226587484178454,0.0,calma
2017-10-31,10.18,96.75077,0.30163915945054876,0.0,calma
2017-11-01,10.2,102.16057,0.3249957132740524,0.0,calma
2017-11-02,9.93,102.16057,0.30778701062317215,0.0,calma
2017-11-03,9.14,102.16057,0.2631662006462705,0.0,calma
2017-11-07,9.89,102.16057,0.3057193818598377,0.0,calma
2017-11-08,9.78,102.16057,0.2991663113526294,0.0,calma
2017-11-09,10.5,102.16057,0.34670711753043404,0.0,calma
2017-11-10,11.29,102.16057,0.40485351013176607,0.0,normal
2017-11-14,11.59,102.16057,0.42799101805625006,0.0,normal
2017-11-15,13.13,102.16057,0.5425077064177717,0.0,normal
2017-11-16,11.76,102.16057,0.44191934082287376,0.0,normal
2017-11-17,11.43,102.16057,0.41672369302025725,0.0,normal
2017-11-20,10.65,102.16057,0.35598658752888274,0.0,normal
2017-11-21,9.73,102.16057,0.28841836538047083,0.0,calma
2017-11-22,9.88,102.16057,0.2929810310237117,0.0,calma
2017-11-23,9.88,102.16057,0.28476308316144394,0.0,calma
2017-11-24,9.67,102.16057,0.26517270813549093,0.0,calma
2017-11-27,9.87,102.16057,0.2809931947040816,0.0,calma
2017-11-28,10.03,102.16057,0.2945096412301447,0.0,calma
2017-11-29,10.7,102.16057,0.3587146762790815,0.0,normal
2017-11-30,11.28,102.16057,0.42124260459544527,0.0,normal
2017-12-01,11.43,94.48961,0.40743495980088595,0.0,normal
2017-12-04,11.68,94.48961,0.43559601305729523,0.0,normal
2017-12-05,11.33,94.48961,0.3976839457958421,0.0,normal
2017-12-06,11.02,94.48961,0.3639343417396796,0.0,normal
2017-12-07,10.16,94.48961,0.2763826561395016,0.0,calma
2017-12-12,9.92,94.48961,0.255717532196148,0.0,calma
2017-12-13,10.18,94.48961,0.2799570664342491,0.0,calma
2017-12-15,9.42,94.48961,0.21799997285787454,0.0,calma
2017-12-18,9.53,94.48961,0.22699525481608304,0.0,calma
2017-12-19,10.03,94.48961,0.26939193617390433,0.0,calma
2017-12-20,9.72,94.48961,0.2434202697942941,0.0,calma
2017-12-21,9.62,94.48961,0.23611856273719511,0.0,calma
2017-12-22,9.9,94.48961,0.26043914468547075,0.0,calma
2017-12-26,10.25,94.48961,0.2943594327785425,0.0,calma
2017-12-27,10.47,94.48961,0.3174510691581997,0.0,calma
2017-12-28,10.18,94.48961,0.28882067204357553,0.0,calma
2018-01-02,9.77,111.49723,0.33391121981115696,0.0,calma
2018-01-03,9.15,111.49723,0.2886902997634308,0.0,calma
2018-01-05,9.22,111.49723,0.29551069409547515,0.0,calma
2018-01-09,10.08,111.49723,0.36871381147099336,0.0,normal
2018-01-10,9.82,111.49723,0.3464575884183413,0.0,calma
2018-01-11,9.88,111.49723,0.35376725890368693,0.0,normal
2018-01-15,10.16,111.49723,0.3822058539859372,0.0,normal
2018-01-16,11.66,111.49723,0.5467014006451707,0.0,normal
2018-01-19,11.27,111.49723,0.5048267906620687,0.0,normal
2018-01-22,11.03,111.49723,0.4792178784264254,0.0,normal
2018-01-23,11.1,111.49723,0.4884607747272949,0.0,normal
2018-01-24,11.47,111.49723,0.5310830949210303,0.0,normal
2018-01-25,11.58,111.49723,0.5447191080527136,0.0,normal
2018-01-26,11.08,111.49723,0.4913034438761035,0.0,normal
2018-01-29,13.84,111.49723,0.7267957011804091,0.39287933595646474,estres
2018-01-30,14.79,111.49723,0.7589096814116392,0.4642437364703092,crisis
2018-01-31,13.54,111.49723,0.710786998964449,0.3573044421432199,estres
2018-02-01,13.47,123.65156,0.79624573304049,0.5472127400899777,crisis
2018-02-02,17.31,123.65156,0.8776538894112564,0.7281197542472365,crisis
2018-02-05,37.32,123.65156,0.8846290598727542,0.7436201330505648,crisis
2018-02-06,29.98,123.65156,0.8839943302197762,0.7422096227106139,crisis
2018-02-07,27.73,123.65156,0.882657237240178,0.7392383049781732,crisis
2018-02-08,33.46,123.65156,0.8832409655681002,0.7405354790402225,crisis
2018-02-09,29.06,123.65156,0.8807843494306129,0.7350763320680287,crisis
2018-02-12,25.61,123.65156,0.8742397838589258,0.7205328530198349,crisis
2018-02-13,24.97,123.65156,0.8705619118604992,0.7123598041344428,crisis
2018-02-14,19.26,123.65156,0.8219905667068618,0.6044234815708039,crisis
2018-02-15,19.13,123.65156,0.8181165022926644,0.5958144495392542,crisis
2018-02-16,19.46,123.65156,0.8213654892242621,0.6030344204983602,crisis
2018-02-19,19.46,123.65156,0.8194491606527134,0.5987759125615854,crisis
2018-02-20,20.6,123.65156,0.833039591451167,0.6289768698914823,crisis
2018-02-21,20.02,123.65156,0.8234428842975579,0.607650853994573,crisis
2018-02-22,18.72,123.65156,0.8002893895593239,0.5561986434651642,crisis
2018-02-23,16.49,123.65156,0.7466788328166882,0.43706407292597377,estres
2018-02-26,15.8,123.65156,0.7251380360686159,0.38919563570803534,estres
2018-02-27,18.59,123.65156,0.7940524970207647,0.542338882268366,crisis
2018-02-28,19.85,123.65156,0.8150747234788098,0.5890549410640218,crisis
2018-03-01,22.47,94.00742,0.6404040623163204,0.2008979162584897,estres
2018-03-02,19.59,94.00742,0.6036425430736876,0.11920565127486121,estres
2018-03-05,18.73,94.00742,0.5871678532341184,0.0825952294091518,estres
2018-03-06,18.36,94.00742,0.5788522817161093,0.0641161815913538,estres
2018-03-07,17.76,94.00742,0.5647818195000553,0.03284848777790068,estres
2018-03-08,16.54,94.00742,0.5326464105864854,0.0,normal
2018-03-09,14.64,94.00742,0.4723164017718614,0.0,normal
2018-03-12,15.78,94.00742,0.509822146062483,0.0,normal
2018-03-14,17.23,94.00742,0.5508194382257058,0.0018209738349016392,estres
2018-03-15,16.59,94.00742,0.5331213627062343,0.0,normal
2018-03-20,18.2,94.00742,0.5734276999154898,0.05206155536775504,estres
2018-03-21,17.86,94.00742,0.5649492854202207,0.033220634267157045,estres
2018-03-22,23.34,94.00742,0.6467115615460315,0.21491458121340323,estres
2018-03-23,24.87,94.00742,0.6564495031980733,0.23655445155127386,estres
2018-03-26,21.03,94.00742,0.6177927371999236,0.15065052711094115,estres
2018-03-27,22.5,94.00742,0.6347924619309326,0.18842769317985023,estres
2018-04-02,23.62,136.33432,0.9171226230347143,0.8158280511882539,crisis
2018-04-03,21.1,136.33432,0.8863704438275584,0.7474898751723519,crisis
2018-04-04,20.06,136.33432,0.8682230140903875,0.7071622535341944,crisis
2018-04-05,18.94,136.33432,0.8452621430203161,0.6561380956007025,crisis
2018-04-09,21.77,136.33432,0.8915938672036794,0.7590974826748431,crisis
2018-04-10,20.47,136.33432,0.8704156312641396,0.7120347361425323,crisis
2018-04-11,20.24,136.33432,0.8648855192037844,0.699745598230632,crisis
2018-04-12,18.49,136.33432,0.8283582729485561,0.6185739398856802,crisis
2018-04-13,17.41,136.33432,0.8010137489138727,0.557808330919717,crisis
2018-04-16,16.56,136.33432,0.7771173846851873,0.5047052993004162,crisis
2018-04-17,15.25,136.33432,0.7373288567475509,0.4162863483278908,estres
2018-04-18,15.6,136.33432,0.7474010832425824,0.4386690738724052,estres
2018-04-19,15.96,136.33432,0.7575628057009233,0.461250679335385,crisis
2018-04-23,16.34,136.33432,0.7678840165475677,0.4841867034390392,crisis
2018-04-24,18.02,136.33432,0.8116534905207097,0.5814522011571326,crisis
2018-04-25,17.84,136.33432,0.8060890394414948,0.5690867543144328,crisis
2018-04-26,16.24,136.33432,0.7618580348428867,0.4707956329841927,crisis
2018-04-30,15.93,136.33432,0.7520457555367892,0.4489905678595315,crisis
2018-05-02,15.97,108.21374,0.5820980997464299,0.07132911054762191,estres
2018-05-03,15.9,108.21374,0.5802615789595875,0.06724795324352772,estres
2018-05-07,14.75,108.21374,0.5448796290647957,0.0,normal
2018-05-08,14.71,108.21374,0.5438864004730042,0.0,normal
2018-05-09,13.42,108.21374,0.5019874487233332,0.0,normal
2018-05-10,13.23,108.21374,0.49615151135951263,0.0,normal
2018-05-15,14.63,108.21374,0.5427197170166578,0.0,normal
2018-05-16,13.42,108.21374,0.5031423987619239,0.0,normal
2018-05-17,13.43,108.21374,0.5036256309154076,0.0,normal
2018-05-21,13.08,108.21374,0.49228903403050434,0.0,normal
2018-05-22,13.22,108.21374,0.4972204191630214,0.0,normal
2018-05-23,12.58,108.21374,0.47626308235241044,0.0,normal
2018-05-24,12.53,108.21374,0.47516561790730516,0.0,normal
2018-05-28,13.22,108.21374,0.4988160338467399,0.0,normal
2018-05-29,17.02,108.21374,0.6174983338401402,0.14999629742253368,estres
2018-05-30,14.94,108.21374,0.5557597745061076,0.0127994989024612,estres
2018-05-31,15.43,108.21374,0.5713913393569049,0.04753630968201078,estres
2018-06-05,12.4,124.93665,0.5967232909114436,0.10382953535876348,estres
2018-06-06,11.64,124.93665,0.5716985484717375,0.048218996603861045,estres
2018-06-07,12.13,124.93665,0.5878578616799899,0.08412858151108853,estres
2018-06-08,12.18,124.93665,0.5890478820774008,0.08677307128311275,estres
2018-06-12,12.34,124.93665,0.5938625403523593,0.09747231189413169,estres
2018-06-13,12.94,124.93665,0.6133215546218634,0.14071456582636313,estres
2018-06-14,12.12,124.93665,0.5854700664506409,0.07882236989031308,estres
2018-06-15,11.98,124.93665,0.5803972642114671,0.06754947602548234,estres
2018-06-18,12.31,124.93665,0.5909152921195115,0.09092287137669224,estres
2018-06-19,13.35,124.93665,0.6251490584250994,0.16699790761133187,estres
2018-06-20,12.79,124.93665,0.6058969464342479,0.1242154365205507,estres
2018-06-21,14.64,124.93665,0.6666248559946848,0.25916634665485505,estres
2018-06-22,13.77,124.93665,0.6372801454366659,0.19395587874814635,estres
2018-06-25,17.33,124.93665,0.7456842225863305,0.43485382796962324,estres
2018-06-26,15.92,124.93665,0.7042955730424427,0.3428790512054282,estres
2018-06-27,17.91,124.93665,0.7589884547863635,0.46441878841414097,crisis
2018-06-28,16.85,124.93665,0.7294632409506037,0.3988072021124525,estres
2018-07-03,16.14,108.6274,0.5892087453296463,0.08713054517699166,estres
2018-07-04,16.14,108.6274,0.5895275901038028,0.08783908911956179,estres
2018-07-05,14.97,108.6274,0.5534286611660773,0.007619247035727128,estres
2018-07-06,13.37,108.6274,0.5009437975687352,0.0,normal
2018-07-09,12.69,108.6274,0.4783941267898133,0.0,normal
2018-07-10,12.64,108.6274,0.4768790834009028,0.0,normal
2018-07-11,13.63,108.6274,0.5099415429104098,0.0,normal
2018-07-12,12.58,108.6274,0.4748557062062657,0.0,normal
2018-07-16,12.83,108.6274,0.483218460555219,0.0,normal
2018-07-17,12.06,108.6274,0.4577540295832655,0.0,normal
2018-07-18,12.1,108.6274,0.459254219248989,0.0,normal
2018-07-23,12.62,108.6274,0.4760282776725361,0.0,normal
2018-07-24,12.41,108.6274,0.46847302059426604,0.0,normal
2018-07-25,12.29,108.6274,0.4639978216777871,0.0,normal
2018-07-26,12.14,108.6274,0.458611449207198,0.0,normal
2018-07-30,14.26,108.6274,0.5291986545248795,0.0,normal
2018-07-31,12.83,108.6274,0.48050362999174856,0.0,normal
2018-08-01,13.15,133.08625,0.6466169539188391,0.21470434204186462,estres
2018-08-02,12.19,133.08625,0.6131941272130095,0.14043139380668765,estres
2018-08-06,11.27,133.08625,0.5819010514948633,0.0708912255441405,estres
2018-08-08,10.85,133.08625,0.5675197831429645,0.038932851428809846,estres
2018-08-09,11.27,133.08625,0.5797776331676214,0.06617251815026975,estres
2018-08-13,14.78,133.08625,0.6954556850144479,0.3232348555876619,estres
2018-08-14,13.31,133.08625,0.6447232301132637,0.21049606691836373,estres
2018-08-15,14.64,133.08625,0.6880544234104797,0.30678760757884377,estres
2018-08-16,13.45,133.08625,0.6465878662635107,0.21463970280780154,estres
2018-08-21,12.86,133.08625,0.6251992490793604,0.16710944239857864,estres
2018-08-22,12.25,133.08625,0.6035184917085865,0.1189299815746366,estres
2018-08-23,12.41,133.08625,0.6075753616298998,0.12794524806644386,estres
2018-08-27,12.16,133.08625,0.5981500090358712,0.10700002007971376,estres
2018-08-28,12.5,133.08625,0.60842870823145,0.1298415738476666,estres
2018-08-29,12.25,133.08625,0.598967099867797,0.10881577748399313,estres
2018-08-30,13.53,133.08625,0.6413260594529226,0.20294679878427246,estres
2018-09-03,12.86,99.13562,0.3964206851490283,0.0,normal
2018-09-04,13.16,99.13562,0.4063284056669997,0.0,normal
2018-09-05,13.91,99.13562,0.431489100255891,0.0,normal
2018-09-06,14.65,99.13562,0.4559608159763738,0.0,normal
2018-09-10,14.16,99.13562,0.43884377479052705,0.0,normal
2018-09-11,13.22,99.13562,0.4061874959089121,0.0,normal
2018-09-12,13.14,99.13562,0.4029632322106401,0.0,normal
2018-09-13,12.37,99.13562,0.3763517452974986,0.0,normal
2018-09-17,13.68,99.13562,0.4206014456334771,0.0,normal
2018-09-18,12.79,99.13562,0.38950559093149045,0.0,normal
2018-09-19,11.75,99.13562,0.3540496898798348,0.0,normal
2018-09-20,11.8,99.13562,0.3552895318243887,0.0,normal
2018-09-24,12.2,99.13562,0.3682402883070123,0.0,normal
2018-09-25,12.42,99.13562,0.37532202981371554,0.0,normal
2018-09-26,12.89,99.13562,0.39102339483293014,0.0,normal
2018-09-27,12.41,99.13562,0.37421838548502584,0.0,normal
2018-10-01,12.0,102.6602,0.38361837210919125,0.0,normal
2018-10-03,11.61,102.6602,0.37068094268711566,0.0,normal
2018-10-04,14.22,102.6602,0.4600124286510747,0.0,normal
2018-10-05,14.82,102.6602,0.48035896243387255,0.0,normal
2018-10-10,22.96,102.6602,0.6768734520260368,0.28194100450230386,estres
2018-10-12,21.31,102.6602,0.6506637485044563,0.22369721889879168,estres
2018-10-16,17.62,102.6602,0.5657533211085564,0.035007380241236265,estres
2018-10-18,20.06,102.6602,0.6258362491961755,0.16852499821372333,estres
2018-10-19,19.89,102.6602,0.621303518252259,0.1584522627827978,estres
2018-10-22,19.64,102.6602,0.6149111282435751,0.144246951652389,estres
2018-10-24,25.23,102.6602,0.698103282061041,0.32911840458009106,estres
2018-10-25,24.22,102.6602,0.6866902149272112,0.3037560331715803,estres
2018-10-26,24.16,102.6602,0.6846593986736366,0.29924310816363675,estres
2018-10-29,24.7,102.6602,0.6891154089432562,0.3091453532072359,estres
2018-10-31,21.23,102.6602,0.638201607441189,0.1960035720915311,estres
2018-11-01,19.34,111.51257,0.6623285261062315,0.2496189469027366,estres
2018-11-02,19.51,111.51257,0.6653015859485156,0.2562257465522569,estres
2018-11-06,19.91,111.51257,0.6733726093328067,0.27416135407290376,estres
2018-11-08,16.72,111.51257,0.5885182182118989,0.08559604047088629,estres
2018-11-09,17.36,111.51257,0.6065484018340788,0.12566311518684162,estres
2018-11-13,20.02,111.51257,0.6736688836290092,0.2748197413977982,estres
2018-11-15,19.98,111.51257,0.6716348710687916,0.2702997134862035,estres
2018-11-16,18.14,111.51257,0.6249899591152148,0.1666443535893662,estres
2018-11-19,20.1,111.51257,0.6724735076045243,0.2721633502322761,estres
2018-11-20,22.48,111.51257,0.7168602393401748,0.37080053186705514,estres
2018-11-21,20.8,111.51257,0.6846189342350603,0.29915318718902273,estres
2018-11-22,20.8,111.51257,0.683402035225791,0.2964489671684244,estres
2018-11-23,21.52,111.51257,0.6964010124351729,0.32533558318927314,estres
2018-11-26,18.9,111.51257,0.6368232835323231,0.19294063007182902,estres
2018-11-27,19.02,111.51257,0.6389186733407268,0.19759705186828175,estres
2018-11-28,18.49,111.51257,0.6241740137427829,0.16483114165062862,estres
2018-11-29,18.79,111.51257,0.6311596541715082,0.18035478704779595,estres
2018-11-30,18.07,111.51257,0.6108698911685323,0.13526642481896056,estres
2018-12-03,16.44,130.22387,0.6806381568863173,0.29030701530292735,estres
2018-12-04,20.74,130.22387,0.7929671445087267,0.5399269877971705,crisis
2018-12-05,20.74,130.22387,0.7911426085202071,0.535872463378238,crisis
2018-12-06,21.19,130.22387,0.798792587375535,0.5528724163900778,crisis
2018-12-07,23.23,130.22387,0.833711980137217,0.6304710669715934,crisis
2018-12-10,22.64,130.22387,0.8219493434316059,0.6043318742924574,crisis
2018-12-11,21.76,130.22387,0.8038543081560365,0.5641206847911923,crisis
2018-12-12,21.46,130.22387,0.7960190174260815,0.5467089276135144,crisis
2018-12-13,20.65,130.22387,0.7768336046249009,0.5040746769442243,crisis
2018-12-14,21.63,130.22387,0.7959400684355642,0.5465334854123648,crisis
2018-12-17,24.52,130.22387,0.8423286023742781,0.6496191163872846,crisis
2018-12-18,25.58,130.22387,0.8534322256834173,0.6742938348520383,crisis
2018-12-19,25.58,130.22387,0.8511832606598141,0.6692961347995868,crisis
2018-12-20,28.38,130.22387,0.8753404702009018,0.7229788226686706,crisis
2018-12-21,30.11,130.22387,0.8842262756215006,0.7427250569366679,crisis
2018-12-24,36.07,130.22387,0.9030606530182176,0.7845792289293724,crisis
2018-12-26,30.41,130.22387,0.8796520035154421,0.7325600078120936,crisis
2018-12-27,29.96,130.22387,0.8744179980992318,0.7209288846649595,crisis
2018-12-28,28.34,130.22387,0.8595480844415124,0.6878846320922498,crisis
2019-01-02,23.22,166.28681,0.8699201178356949,0.7109335951904331,crisis
2019-01-03,25.45,166.28681,0.9027299171408033,0.7838442603128962,crisis
2019-01-04,21.38,166.28681,0.8286368386096691,0.6191929746881535,crisis
2019-01-08,20.47,166.28681,0.8061333403432274,0.5691852007627275,crisis
2019-01-09,19.98,166.28681,0.7925245937558818,0.5389435416797372,crisis
2019-01-10,19.5,166.28681,0.7787820957757853,0.5084046572795228,crisis
2019-01-11,18.19,166.28681,0.7429119076944191,0.4286931282098201,estres
2019-01-14,19.07,166.28681,0.7641938226555602,0.4759862725679116,crisis
2019-01-15,18.6,166.28681,0.7500084559616365,0.4444632354703032,crisis
2019-01-16,19.04,166.28681,0.7596807272389856,0.4659571716421902,crisis
2019-01-17,18.06,166.28681,0.7316096909862085,0.40357709108046336,estres
2019-01-18,17.8,166.28681,0.7225643013197081,0.38347622515490676,estres
2019-01-21,17.8,166.28681,0.7205840164099556,0.37907559202212354,estres
2019-01-22,20.8,166.28681,0.7964211395551353,0.547602532344745,crisis
2019-01-23,19.52,166.28681,0.7626048402636647,0.4724552005859215,crisis
2019-01-24,18.89,166.28681,0.7440397134567932,0.43119936323731817,estres
2019-01-25,17.42,166.28681,0.701637076303974,0.3369712806754977,estres
2019-01-28,18.87,166.28681,0.7399438488100012,0.4220974418000026,estres
2019-01-29,19.13,166.28681,0.7451677607988365,0.4337061351085255,estres
2019-01-30,17.66,166.28681,0.7028990462676725,0.33977565837260554,estres
2019-01-31,16.57,166.28681,0.6701555070501388,0.2670122378891973,estres
2019-02-01,16.14,201.03201,0.6822671442634649,0.29392698725214417,estres
2019-02-04,15.73,201.03201,0.6687776576877833,0.26395035041729614,estres
2019-02-05,15.57,201.03201,0.6624334739168574,0.24985216425968296,estres
2019-02-06,15.38,201.03201,0.6552069488703551,0.23379321971190023,estres
2019-02-07,16.37,201.03201,0.6818723214465183,0.2930496032144851,estres
2019-02-08,15.72,201.03201,0.6611533627143376,0.24700747269852782,estres
2019-02-11,15.97,201.03201,0.6665324251485061,0.25896094477445786,estres
2019-02-12,15.43,201.03201,0.6490812865394135,0.22018063675425226,estres
2019-02-13,15.65,201.03201,0.653741971319461,0.23053771404324658,estres
2019-02-14,16.22,201.03201,0.668710381352698,0.2638008474504399,estres
2019-02-15,14.91,201.03201,0.629032984601535,0.17562885467007772,estres
2019-02-18,14.91,201.03201,0.6273912457491904,0.17198054610931185,estres
2019-02-19,14.88,201.03201,0.6248388545258483,0.16630856561299615,estres
2019-02-20,14.02,201.03201,0.5988517440360981,0.10855943119132899,estres
2019-02-21,14.46,201.03201,0.6092912951985772,0.13175843377461582,estres
2019-02-22,13.51,201.03201,0.5813356359879706,0.06963474663993448,estres
2019-02-25,14.85,201.03201,0.6167845391953328,0.14841008710073952,estres
2019-02-26,15.17,201.03201,0.6241102380144226,0.16468941780982782,estres
2019-02-27,14.7,201.03201,0.6085796343383393,0.13017696519630942,estres
2019-02-28,14.78,201.03201,0.6089640849606675,0.13103129991259424,estres
2019-03-01,13.57,106.90066,0.3363981648450659,0.0,calma
2019-03-04,14.63,106.90066,0.36517822970410485,0.0,normal
2019-03-05,14.74,106.90066,0.3673963466681421,0.0,normal
2019-03-06,15.74,106.90066,0.39616033435704545,0.0,normal
2019-03-07,16.59,106.90066,0.42107966038218747,0.0,normal
2019-03-08,16.05,106.90066,0.4036484663754295,0.0,normal
2019-03-11,14.33,106.90066,0.3513219491156533,0.0,normal
2019-03-12,13.77,106.90066,0.33460775372666696,0.0,calma
2019-03-13,13.41,106.90066,0.3240954703178716,0.0,calma
2019-03-14,13.5,106.90066,0.3258936461023251,0.0,calma
2019-03-15,12.88,106.90066,0.3087128267559999,0.0,calma
2019-03-18,13.1,106.90066,0.3139845976156158,0.0,calma
2019-03-19,13.56,106.90066,0.3262052403724284,0.0,calma
2019-03-20,13.91,106.90066,0.33560791062952305,0.0,calma
2019-03-21,13.63,106.90066,0.32730411356052963,0.0,calma
2019-03-22,16.48,106.90066,0.41275928154460395,0.0,normal
2019-03-26,14.68,106.90066,0.3563786953940933,0.0,normal
2019-03-27,15.15,106.90066,0.37011529837251234,0.0,normal
2019-03-28,14.43,106.90066,0.3478737663876543,0.0,calma
2019-03-29,13.71,106.90066,0.3271835592402397,0.0,calma
2019-04-01,13.4,140.24737,0.431115679949464,0.0,normal
2019-04-02,13.36,140.24737,0.4296810994280511,0.0,normal
2019-04-03,13.74,140.24737,0.43995279765469997,0.0,normal
2019-04-04,13.58,140.24737,0.4357650662558026,0.0,normal
2019-04-05,12.82,140.24737,0.4133824354107297,0.0,normal
2019-04-08,13.18,140.24737,0.42322112639331044,0.0,normal
2019-04-09,14.28,140.24737,0.45631664098143104,0.0,normal
2019-04-10,13.3,140.24737,0.4259191560365847,0.0,normal
2019-04-11,13.02,140.24737,0.4176595052970081,0.0,normal
2019-04-12,12.01,140.24737,0.3899647239366748,0.0,normal
2019-04-15,12.32,140.24737,0.3987959390688458,0.0,normal
2019-04-17,12.6,140.24737,0.40734057790103084,0.0,normal
2019-04-22,12.42,140.24737,0.40291347253751514,0.0,normal
2019-04-24,13.14,140.24737,0.424577578149389,0.0,normal
2019-04-25,13.25,140.24737,0.4285077342042626,0.0,normal
2019-04-26,12.73,140.24737,0.41354922161210506,0.0,normal
2019-04-29,13.11,140.24737,0.42553169112849853,0.0,normal
2019-05-02,14.42,98.7367,0.33340295391897207,0.0,calma
2019-05-06,15.44,98.7367,0.36945103066568363,0.0,normal
2019-05-08,19.4,98.7367,0.5081940108583676,0.0,normal
2019-05-09,19.1,98.7367,0.49876839151338637,0.0,normal
2019-05-10,16.04,98.7367,0.3921260860891794,0.0,normal
2019-05-13,20.55,98.7367,0.5450065729952314,0.0,normal
2019-05-15,16.44,98.7367,0.40706698411678144,0.0,normal
2019-05-16,15.29,98.7367,0.3660632553594864,0.0,normal
2019-05-17,15.96,98.7367,0.39031144050814043,0.0,normal
2019-05-20,16.31,98.7367,0.403085593528703,0.0,normal
2019-05-22,14.75,98.7367,0.347547646922748,0.0,calma
2019-05-23,16.92,98.7367,0.424920734180136,0.0,normal
2019-05-24,15.85,98.7367,0.38604445925415976,0.0,normal
2019-05-27,15.85,98.7367,0.38613646815619884,0.0,normal
2019-05-28,17.5,98.7367,0.4455300348978595,0.0,normal
2019-05-29,17.9,98.7367,0.45966816743683325,0.0,normal
2019-05-30,17.3,98.7367,0.4382834982559631,0.0,normal
2019-05-31,18.71,98.7367,0.48851559107735165,0.0,normal
2019-06-04,16.97,122.53876,0.5029280171282261,0.0,normal
2019-06-06,15.93,122.53876,0.4649990901051272,0.0,normal
2019-06-07,16.3,122.53876,0.4790749137046116,0.0,normal
2019-06-11,15.99,122.53876,0.46882733064983984,0.0,normal
2019-06-12,15.91,122.53876,0.46676286973023284,0.0,normal
2019-06-13,15.82,122.53876,0.46419333319904943,0.0,normal
2019-06-14,15.28,122.53876,0.444862865599554,0.0,normal
2019-06-17,15.35,122.53876,0.4484509908401112,0.0,normal
2019-06-18,15.15,122.53876,0.44193613277229016,0.0,normal
2019-06-19,14.33,122.53876,0.4130698554252701,0.0,normal
2019-06-20,14.75,122.53876,0.42893030754913997,0.0,normal
2019-06-21,15.4,122.53876,0.45344006215676824,0.0,normal
2019-06-25,16.28,122.53876,0.48678738232865254,0.0,normal
2019-06-26,16.21,122.53876,0.4841885142649871,0.0,normal
2019-06-27,15.82,122.53876,0.4696293066510847,0.0,normal
2019-06-28,15.08,122.53876,0.44228441464880086,0.0,normal
2019-07-02,12.93,150.11678,0.4599206834542374,0.0,normal
2019-07-04,12.57,150.11678,0.4491678229206235,0.0,normal
2019-07-05,13.28,150.11678,0.47233636697082537,0.0,normal
2019-07-08,13.96,150.11678,0.49562394338752525,0.0,normal
2019-07-09,14.09,150.11678,0.500243337497183,0.0,normal
2019-07-10,13.03,150.11678,0.4642917992607891,0.0,normal
2019-07-11,12.93,150.11678,0.4610515584063277,0.0,normal
2019-07-12,12.39,150.11678,0.4440880721133853,0.0,normal
2019-07-15,12.68,150.11678,0.45291364527052713,0.0,normal
2019-07-16,12.86,150.11678,0.4582070354947282,0.0,normal
2019-07-17,13.97,150.11678,0.4947126999116864,0.0,normal
2019-07-18,13.53,150.11678,0.47927316773916473,0.0,normal
2019-07-19,14.45,150.11678,0.5106889699893111,0.0,normal
2019-07-22,13.53,150.11678,0.47804696890442516,0.0,normal
2019-07-24,12.07,150.11678,0.43149554188349665,0.0,normal
2019-07-25,12.74,150.11678,0.45150086347570983,0.0,normal
2019-07-26,12.16,150.11678,0.43333100056075013,0.0,normal
2019-07-29,12.83,150.11678,0.45336876020083955,0.0,normal
2019-07-31,16.12,150.11678,0.5690444950591769,0.04232110013150406,estres
2019-08-01,17.87,149.9729,0.6323383567953689,0.18297412621193074,estres
2019-08-02,17.61,149.9729,0.6221249525042991,0.16027767223177572,estres
2019-08-05,24.59,149.9729,0.8000025425231162,0.5555612056069248,crisis
2019-08-08,16.91,149.9729,0.5934440113132724,0.09654224736282747,estres
2019-08-09,17.97,149.9729,0.6306590182894427,0.17924226286542816,estres
2019-08-12,21.09,149.9729,0.7268388595334678,0.39297524340770623,estres
2019-08-14,22.1,149.9729,0.750136958078276,0.4447487957295021,crisis
2019-08-15,21.18,149.9729,0.7261288416425038,0.3913974258722306,estres
2019-08-16,18.47,149.9729,0.6418999663388893,0.20422214741975403,estres
2019-08-20,17.5,149.9729,0.6064018139459668,0.12533736432437062,estres
2019-08-22,16.68,149.9729,0.5752067050466141,0.056014900103586764,estres
2019-08-23,19.87,149.9729,0.6851043813726723,0.3002319586059383,estres
2019-08-26,19.32,149.9729,0.666422631434058,0.258716958742351,estres
2019-08-27,20.31,149.9729,0.6961666562276007,0.32481479161689025,estres
2019-08-28,19.35,149.9729,0.6650329131646174,0.255628695921372,estres
2019-08-29,17.88,149.9729,0.6132274280665545,0.14050539570345436,estres
2019-08-30,18.98,149.9729,0.6512209209234732,0.2249353798299403,estres
2019-09-02,18.98,190.46323,0.7416215612451267,0.425825691655837,estres
2019-09-04,17.33,190.46323,0.681996644054808,0.29332587567735097,estres
2019-09-05,16.27,190.46323,0.6417424479972562,0.2038721066605693,estres
2019-09-06,15.0,190.46323,0.594296266751655,0.0984361483370111,estres
2019-09-09,15.27,190.46323,0.6031925714051296,0.11820571423362126,estres
2019-09-10,15.2,190.46323,0.5996252664932943,0.11027836998509832,estres
2019-09-11,14.61,190.46323,0.5773142662332557,0.0606983694072347,estres
2019-09-12,14.22,190.46323,0.5624568478271021,0.027681884060226897,estres
2019-09-13,13.74,190.46323,0.5450306938694162,0.0,normal
2019-09-16,14.67,190.46323,0.5758528511617766,0.057450780359503566,estres
2019-09-17,14.44,190.46323,0.5664534231375348,0.03656316252785496,estres
2019-09-18,13.95,190.46323,0.5484337355718776,0.0,normal
2019-09-19,14.05,190.46323,0.5504814530957153,0.001069895768256076,estres
2019-09-20,15.32,190.46323,0.5940458856530566,0.09787974589568126,estres
2019-09-23,14.91,190.46323,0.5777981224248915,0.061773605388647644,estres
2019-09-25,15.96,190.46323,0.614984896635105,0.14441088141134442,estres
2019-09-26,16.07,190.46323,0.6176023826164632,0.15022751692547362,estres
2019-09-27,17.22,190.46323,0.6593686078659848,0.24304135081329956,estres
2019-09-30,16.24,190.46323,0.6211245967826042,0.1580546595168982,estres
2019-10-01,18.56,134.36178,0.5618158162834657,0.02625736951881249,estres
2019-10-02,20.56,134.36178,0.627014587171067,0.17114352704681537,estres
2019-10-03,19.12,134.36178,0.5796065042114346,0.06579223158096559,estres
2019-10-04,17.04,134.36178,0.5025411884325144,0.0,normal
2019-10-07,17.86,134.36178,0.532638301940884,0.0,normal
2019-10-08,20.28,134.36178,0.6161954863581631,0.14710108079591797,estres
2019-10-09,18.64,134.36178,0.5596881917438548,0.02152931498634381,estres
2019-10-10,17.57,134.36178,0.5191901918297633,0.0,normal
2019-10-11,15.58,134.36178,0.44297701113105625,0.0,normal
2019-10-15,13.54,134.36178,0.3709764328819327,0.0,normal
2019-10-17,13.79,134.36178,0.37895917446820493,0.0,normal
2019-10-18,14.25,134.36178,0.394112455834652,0.0,normal
2019-10-21,14.0,134.36178,0.38516831469791335,0.0,normal
2019-10-23,14.01,134.36178,0.3850670913609259,0.0,normal
2019-10-24,13.71,134.36178,0.3747163634058104,0.0,normal
2019-10-25,12.65,134.36178,0.34151867501109956,0.0,calma
2019-10-28,13.11,134.36178,0.3554642945842925,0.0,normal
2019-10-30,12.33,134.36178,0.33209139938585536,0.0,calma
2019-10-31,13.22,134.36178,0.35808501880119625,0.0,normal
2019-11-05,13.1,118.48822,0.3064267657428032,0.0,calma
2019-11-06,12.62,118.48822,0.29209866694406117,0.0,calma
2019-11-07,12.73,118.48822,0.2953099888412747,0.0,calma
2019-11-08,12.07,118.48822,0.27652840059299544,0.0,calma
2019-11-12,12.68,118.48822,0.2935404099665906,0.0,calma
2019-11-13,13.0,118.48822,0.3026335725540273,0.0,calma
2019-11-14,13.05,118.48822,0.30395870449046525,0.0,calma
2019-11-15,12.05,118.48822,0.274871174004787,0.0,calma
2019-11-18,12.46,118.48822,0.2857380153489545,0.0,calma
2019-11-19,12.86,118.48822,0.2968422444438499,0.0,calma
2019-11-20,12.78,118.48822,0.293941445784642,0.0,calma
2019-11-21,13.13,118.48822,0.30405377562575586,0.0,calma
2019-11-22,12.34,118.48822,0.28043527058127427,0.0,calma
2019-11-25,11.87,118.48822,0.2674038577907266,0.0,calma
2019-11-26,11.54,118.48822,0.2587457290810599,0.0,calma
2019-11-27,11.75,118.48822,0.26376957876356694,0.0,calma
2019-11-28,11.75,118.48822,0.26405365228830857,0.0,calma
2019-12-02,14.91,131.75071,0.40387962230820873,0.0,normal
2019-12-03,15.96,131.75071,0.4434556901346628,0.0,normal
2019-12-04,14.8,131.75071,0.4004594839389158,0.0,normal
2019-12-05,14.52,131.75071,0.39041253870239667,0.0,normal
2019-12-06,13.62,131.75071,0.359813272806752,0.0,normal
2019-12-09,15.86,131.75071,0.4408090612486036,0.0,normal
2019-12-10,15.68,131.75071,0.4340400789953522,0.0,normal
2019-12-11,14.99,131.75071,0.40854431985779216,0.0,normal
2019-12-12,13.94,131.75071,0.3709350915775257,0.0,normal
2019-12-13,12.63,131.75071,0.3282719236663798,0.0,calma
2019-12-16,12.14,131.75071,0.31387014384765566,0.0,calma
2019-12-17,12.29,131.75071,0.3187649986408043,0.0,calma
2019-12-18,12.58,131.75071,0.32818489035551635,0.0,calma
2019-12-19,12.5,131.75071,0.3263613148509392,0.0,calma
2019-12-20,12.51,131.75071,0.3273077407355859,0.0,calma
2019-12-23,12.61,131.75071,0.33084414114232163,0.0,calma
2019-12-24,12.67,131.75071,0.3332053128705823,0.0,calma
2019-12-26,12.65,131.75071,0.33317925231320855,0.0,calma
2019-12-27,13.43,131.75071,0.35946116853120713,0.0,normal
2019-12-30,14.82,131.75071,0.41044339018241904,0.0,normal
2020-01-03,14.02,143.46725,0.42044563332983553,0.0,normal
2020-01-07,13.79,143.46725,0.41254323177105323,0.0,normal
2020-01-08,13.45,143.46725,0.4008838412014022,0.0,normal
2020-01-09,12.54,143.46725,0.3708676860936706,0.0,normal
2020-01-10,12.56,143.46725,0.37196680709993984,0.0,normal
2020-01-13,12.32,143.46725,0.36484793571625407,0.0,normal
2020-01-14,12.39,143.46725,0.3675494037149997,0.0,normal
2020-01-15,12.42,143.46725,0.36896764905115254,0.0,normal
2020-01-16,12.32,143.46725,0.366278852316014,0.0,normal
2020-01-17,12.1,143.46725,0.35989965880151276,0.0,normal
2020-01-20,12.1,143.46725,0.36050411145861894,0.0,normal
2020-01-21,12.85,143.46725,0.3854247588470189,0.0,normal
2020-01-22,12.91,143.46725,0.38813886224480887,0.0,normal
2020-01-23,12.98,143.46725,0.39120893796965356,0.0,normal
2020-01-24,14.56,143.46725,0.4504439988291211,0.0,normal
2020-01-27,18.23,143.46725,0.5963500511877347,0.10300011375052136,estres
2020-01-28,16.28,143.46725,0.5209676389994129,0.0,normal
2020-01-29,16.39,143.46725,0.5261982365434295,0.0,normal
2020-01-30,15.49,143.46725,0.4898532620036412,0.0,normal
2020-01-31,18.84,143.46725,0.6217656208969996,0.15947915754888792,estres
2020-02-03,17.97,131.39109,0.5504445063021702,0.00098779178260042,estres
2020-02-04,16.05,131.39109,0.47468150530706005,0.0,normal
2020-02-05,15.15,131.39109,0.4378430844937705,0.0,normal
2020-02-06,14.96,131.39109,0.4311829734998104,0.0,normal
2020-02-07,15.47,131.39109,0.4561682854074669,0.0,normal
2020-02-10,15.04,131.39109,0.43841155823541095,0.0,normal
2020-02-11,15.18,131.39109,0.44782570439232394,0.0,normal
2020-02-12,13.74,131.39109,0.3726359418338227,0.0,normal
2020-02-13,14.15,131.39109,0.3940453963520206,0.0,normal
2020-02-14,13.68,131.39109,0.3691666624924938,0.0,normal
2020-02-17,13.68,131.39109,0.36931354418915624,0.0,normal
2020-02-18,14.83,131.39109,0.43940647618297635,0.0,normal
2020-02-19,14.38,131.39109,0.4130048092792327,0.0,normal
2020-02-20,15.56,131.39109,0.48910893646096654,0.0,normal
2020-02-21,17.08,131.39109,0.5812613186988562,0.06946959710856929,estres
2020-02-24,25.03,131.39109,0.7531258309440518,0.45139073543122626,crisis
2020-02-25,27.85,131.39109,0.7593463133860708,0.465214029746824,crisis
2020-02-26,27.56,131.39109,0.7582424714180507,0.4627610475956681,crisis
2020-02-27,39.16,131.39109,0.7639266314985791,0.47539251444128683,crisis
2020-02-28,40.11,131.39109,0.7641657170753063,0.47592381572290293,crisis
2020-03-02,33.42,160.51565,0.8608802790172965,0.690845064482881,crisis
2020-03-03,36.82,160.51565,0.8626555807107459,0.6947901793572131,crisis
2020-03-04,31.99,160.51565,0.8558403852797256,0.6796453006216124,crisis
2020-03-05,39.62,160.51565,0.8631117671316315,0.6958039269591811,crisis
2020-03-06,41.94,160.51565,0.863425587021791,0.6965013044928687,crisis
2020-03-09,54.46,160.51565,0.8650371371449292,0.7000825269887316,crisis
2020-03-10,47.3,160.51565,0.863455985209673,0.6965688560214957,crisis
2020-03-11,53.9,160.51565,0.8644910727317083,0.6988690505149073,crisis
2020-03-12,75.47,160.51565,0.8655613775847617,0.7012475057439149,crisis
2020-03-16,82.69,160.51565,0.8656216107313384,0.7013813571807519,crisis
2020-03-17,75.91,160.51565,0.8659687518516883,0.7021527818926406,crisis
2020-03-18,76.45,160.51565,0.8664838566762694,0.7032974592805986,crisis
2020-03-19,72.0,160.51565,0.8658685092424065,0.7019300205386811,crisis
2020-03-20,66.04,160.51565,0.8633475716619388,0.6963279370265305,crisis
2020-03-24,61.67,160.51565,0.8596769023170618,0.6881708940379152,crisis
2020-03-25,63.95,160.51565,0.8613730847252653,0.6919401882783673,crisis
2020-03-26,61.0,160.51565,0.8577897069333287,0.6839771265185082,crisis
2020-03-27,65.54,160.51565,0.8622616935666458,0.6939148745925463,crisis
2020-03-30,57.08,160.51565,0.8499469671144735,0.6665488158099411,crisis
2020-03-31,53.54,160.51565,0.841379571079715,0.6475101579549221,crisis
2020-04-01,57.06,283.14721,0.9690035155659862,0.9311189234799693,crisis
2020-04-02,50.91,283.14721,0.9502703506789582,0.8894896681754626,crisis
2020-04-03,46.8,283.14721,0.9323634753031529,0.8496966117847842,crisis
2020-04-06,45.24,283.14721,0.9230111743582294,0.8289137207960654,crisis
2020-04-07,46.7,283.14721,0.9275575276889699,0.8390167281977109,crisis
2020-04-08,43.35,283.14721,0.90871288508513,0.7971397446336222,crisis
2020-04-13,41.17,283.14721,0.8939572698437432,0.7643494885416516,crisis
2020-04-14,37.76,283.14721,0.8691559700636944,0.709235489030432,crisis
2020-04-15,40.84,283.14721,0.8880264612163846,0.7511699138141881,crisis
2020-04-16,40.11,283.14721,0.8812586354088048,0.736130300908455,crisis
2020-04-17,38.15,283.14721,0.8655663953072831,0.7012586562384068,crisis
2020-04-20,43.83,283.14721,0.8993177571302724,0.7762616825117165,crisis
2020-04-21,45.41,283.14721,0.9052361464796285,0.7894136588436188,crisis
2020-04-22,41.98,283.14721,0.8834600831880639,0.7410224070845864,crisis
2020-04-23,41.38,283.14721,0.8773700812345873,0.7274890694101939,crisis
2020-04-24,35.93,283.14721,0.8361946471350039,0.6359881047444531,crisis
2020-04-27,33.29,283.14721,0.8121677843667305,0.5825950763705122,crisis
2020-04-28,33.57,283.14721,0.8126391633868801,0.583642585304178,crisis
2020-04-29,31.23,283.14721,0.7897457122259706,0.5327682493910456,crisis
2020-04-30,34.15,283.14721,0.8138048956133537,0.5862331013630081,crisis
2020-05-04,35.97,268.61639,0.8199021743749288,0.5997826097220641,crisis
2020-05-05,33.61,268.61639,0.7981171415375601,0.5513714256390223,crisis
2020-05-06,34.12,268.61639,0.8005698108110753,0.5568218018023894,crisis
2020-05-07,31.44,268.61639,0.7747368288633656,0.49941517525192347,crisis
2020-05-08,27.98,268.61639,0.7396129832617775,0.4213621850261721,estres
2020-05-11,27.57,268.61639,0.7339286050816263,0.408730233514725,estres
2020-05-12,33.04,268.61639,0.7843069128736337,0.5206820286080749,crisis
2020-05-13,35.28,268.61639,0.8017526544613164,0.5594503432473696,crisis
2020-05-14,32.61,268.61639,0.776633610988188,0.5036302466404177,crisis
2020-05-15,31.89,268.61639,0.768242417488819,0.4849831499751534,crisis
2020-05-18,29.3,268.61639,0.7418051629763611,0.42623369550302465,estres
2020-05-19,30.53,268.61639,0.7519541678303336,0.44878703962296357,crisis
2020-05-20,27.99,268.61639,0.7253426105007961,0.3896502455573245,estres
2020-05-21,29.53,268.61639,0.7389234915752505,0.4198299812783344,estres
2020-05-22,28.16,268.61639,0.7236541863793433,0.3858981919540962,estres
2020-05-26,28.01,268.61639,0.7204981448223602,0.3788847662719115,estres
2020-05-27,27.62,268.61639,0.714962286884274,0.366582859742831,estres
2020-05-28,28.59,268.61639,0.7230985034221661,0.3846633409381468,estres
2020-05-29,27.51,268.61639,0.7105788949542211,0.35684198878715795,estres
2020-06-01,28.23,350.45982,0.7520348477664395,0.44896632836986544,crisis
2020-06-02,26.84,350.45982,0.7361397989112899,0.41364399758064413,estres
2020-06-04,25.81,350.45982,0.723777290243182,0.38617175609596005,estres
2020-06-05,24.52,350.45982,0.7085852419988303,0.35241164888628956,estres
2020-06-08,25.81,350.45982,0.7204513746116539,0.3787808324703419,estres
2020-06-09,27.57,350.45982,0.7369539733839254,0.4154532741865009,estres
2020-06-10,27.57,350.45982,0.7351897271274145,0.4115327269498099,estres
2020-06-11,40.79,350.45982,0.8503655296794264,0.6674789548431697,crisis
2020-06-12,36.09,350.45982,0.8115365801609269,0.5811924003576153,crisis
2020-06-16,33.67,350.45982,0.7883236698062357,0.5296081551249682,crisis
2020-06-17,33.47,350.45982,0.7847447043201989,0.5216548984893309,crisis
2020-06-18,32.94,350.45982,0.7781166473651944,0.5069258830337652,crisis
2020-06-19,35.12,350.45982,0.7959713144868477,0.5466029210818837,crisis
2020-06-23,31.37,350.45982,0.7596871146535689,0.46597136589681964,crisis
2020-06-24,33.84,350.45982,0.7810984490461043,0.5135521089913427,crisis
2020-06-25,32.22,350.45982,0.7642266641331072,0.47605925362912715,crisis
2020-06-26,34.73,350.45982,0.7855494262037253,0.5234431693416116,crisis
2020-06-30,30.43,350.45982,0.7433323768870845,0.42962750419352114,estres
2020-07-01,28.62,231.2598,0.6284651004589094,0.17436688990868737,estres
2020-07-02,27.68,231.2598,0.617864930933415,0.150810957629811,estres
2020-07-03,27.68,231.2598,0.6168406837016276,0.14853485267028346,estres
2020-07-06,27.94,231.2598,0.6184813570949051,0.15218079354423358,estres
2020-07-07,29.43,231.2598,0.6326181785859959,0.18359595241332413,estres
2020-07-08,28.08,231.2598,0.617911352507242,0.15091411668276003,estres
2020-07-09,29.26,231.2598,0.6289116037667448,0.17535911948165508,estres
2020-07-10,27.29,231.2598,0.6078158544329055,0.12847967651756775,estres
2020-07-13,32.19,231.2598,0.6558725714552419,0.23527238101164863,estres
2020-07-14,29.52,231.2598,0.6284498924142694,0.17433309425393193,estres
2020-07-15,27.76,231.2598,0.6094829090485643,0.13218424233014275,estres
2020-07-16,28.0,231.2598,0.6109700926656151,0.13548909481247787,estres
2020-07-17,25.68,231.2598,0.585871936738721,0.07971541497493537,estres
2020-07-21,24.84,231.2598,0.5761381382465232,0.058084751658940253,estres
2020-07-22,24.32,231.2598,0.5697562849460773,0.043902855435727306,estres
2020-07-23,26.08,231.2598,0.5873768521256564,0.08305967139034742,estres
2020-07-24,25.84,231.2598,0.5839048044734221,0.07534400994093786,estres
2020-07-27,24.74,231.2598,0.5713402903289821,0.04742286739773801,estres
2020-07-28,25.44,231.2598,0.5778009494080278,0.061779887573395115,estres
2020-07-29,24.1,231.2598,0.5627189899612792,0.02826442213617596,estres
2020-07-30,24.76,231.2598,0.5688614228452719,0.04191427298949292,estres
2020-07-31,24.46,231.2598,0.5648191700698431,0.03293148904409559,estres
2020-08-03,24.28,305.96355,0.6395528964112498,0.1990064364694439,estres
2020-08-04,23.76,305.96355,0.6327581558875126,0.18390701308336127,estres
2020-08-05,22.99,305.96355,0.6232175079128672,0.16270557313970488,estres
2020-08-06,22.65,305.96355,0.618252554418692,0.15167234315264877,estres
2020-08-10,22.13,305.96355,0.6114323747106793,0.13651638824595402,estres
2020-08-11,24.03,305.96355,0.6303763135291914,0.17861403006486978,estres
2020-08-12,22.28,305.96355,0.6104435604878322,0.13431902330629372,estres
2020-08-13,22.13,305.96355,0.6075593436524689,0.1279096525610419,estres
2020-08-14,22.05,305.96355,0.605423628062483,0.1231636179166287,estres
2020-08-18,21.51,305.96355,0.5983903925201286,0.10753420560028569,estres
2020-08-19,22.54,305.96355,0.6080796545605422,0.12906589902342713,estres
2020-08-20,22.72,305.96355,0.6087171195728902,0.13048248793975592,estres
2020-08-21,22.54,305.96355,0.6055573226999467,0.1234607171109925,estres
2020-08-25,22.03,305.96355,0.5988631754433642,0.10858483431858704,estres
2020-08-26,23.27,305.96355,0.6109748205386112,0.13549960119691365,estres
2020-08-27,24.47,305.96355,0.6226505194081677,0.16144559868481712,estres
2020-08-28,22.96,305.96355,0.605007862854486,0.12223969523219112,estres
2020-08-31,26.41,305.96355,0.6410183690293496,0.2022630422874435,estres
2020-09-01,26.12,224.42637,0.547300816940965,0.0,normal
2020-09-02,26.57,224.42637,0.5512538819808237,0.0027864044018303486,estres
2020-09-03,33.6,224.42637,0.6237970476908778,0.1639934393130618,estres
2020-09-04,30.75,224.42637,0.593908754743106,0.09757501054023547,estres
2020-09-07,30.75,224.42637,0.5930116839429004,0.09558151987311186,estres
2020-09-08,31.46,224.42637,0.5997143847152804,0.11047641047840076,estres
2020-09-09,28.81,224.42637,0.5709511783120254,0.046558174026722916,estres
2020-09-10,29.71,224.42637,0.5797014730713868,0.06600327349197047,estres
2020-09-11,26.87,224.42637,0.5485256394350488,0.0,normal
2020-09-14,25.85,224.42637,0.5368887586417763,0.0,normal
2020-09-15,25.59,224.42637,0.5334944169888908,0.0,normal
2020-09-16,26.04,224.42637,0.5377110331660861,0.0,normal
2020-09-17,26.46,224.42637,0.5415423267429552,0.0,normal
2020-09-18,25.83,224.42637,0.5339047960185408,0.0,normal
2020-09-21,27.78,224.42637,0.5544524016407701,0.009894225868377998,estres
2020-09-22,26.86,224.42637,0.5437520763602163,0.0,normal
2020-09-23,28.58,224.42637,0.5617107170172391,0.0260238155938645,estres
2020-09-24,28.51,224.42637,0.5602006332033023,0.022668073785116052,estres
2020-09-25,26.38,224.42637,0.5362846994862197,0.0,normal
2020-09-28,26.19,224.42637,0.5335239182548323,0.0,normal
2020-09-29,26.27,224.42637,0.5339037475787032,0.0,normal
2020-09-30,26.37,224.42637,0.5344293954820252,0.0,normal
2020-10-01,26.7,218.05829,0.5288357460639029,0.0,normal
2020-10-02,27.63,218.05829,0.5383431162254646,0.0,normal
2020-10-05,27.96,218.05829,0.5412778040225495,0.0,normal
2020-10-06,29.48,218.05829,0.557083651344807,0.015741447432904287,estres
2020-10-07,28.06,218.05829,0.5409278584696852,0.0,normal
2020-10-08,26.36,218.05829,0.5215565181907903,0.0,normal
2020-10-09,25.0,218.05829,0.5058790852584687,0.0,normal
2020-10-13,26.07,218.05829,0.5170660987322984,0.0,normal
2020-10-14,26.4,218.05829,0.5200537863220228,0.0,normal
2020-10-15,26.97,218.05829,0.5256689716520022,0.0,normal
2020-10-16,27.41,218.05829,0.5298364722759539,0.0,normal
2020-10-19,29.18,218.05829,0.5486913898178944,0.0,normal
2020-10-20,29.35,218.05829,0.5498272170773655,0.0,normal
2020-10-21,28.65,218.05829,0.5414208058019494,0.0,normal
2020-10-22,28.11,218.05829,0.5347670983065576,0.0,normal
2020-10-23,27.55,218.05829,0.5279295965358511,0.0,normal
2020-10-26,32.46,218.05829,0.5809733104634349,0.06882957880763307,estres
2020-10-27,33.35,218.05829,0.5893569314676441,0.08745984770587573,estres
2020-10-28,40.28,218.05829,0.6550195121218687,0.2333766936041526,estres
2020-10-29,37.59,218.05829,0.629313534523271,0.17625229894060213,estres
2020-10-30,38.02,218.05829,0.6321254862594262,0.18250108057650263,estres
2020-11-03,35.55,249.17362,0.6484323428858936,0.2187385397464301,estres
2020-11-04,29.57,249.17362,0.5839075353438885,0.07535007854197437,estres
2020-11-05,27.58,249.17362,0.5608681137856468,0.024151363968103964,estres
2020-11-09,25.75,249.17362,0.5395256494213242,0.0,normal
2020-11-10,24.8,249.17362,0.5279828363371435,0.0,normal
2020-11-11,23.45,249.17362,0.5120045214991,0.0,normal
2020-11-12,25.35,249.17362,0.5320796749308484,0.0,normal
2020-11-13,23.1,249.17362,0.5060851662088074,0.0,normal
2020-11-17,22.71,249.17362,0.5008245396203937,0.0,normal
2020-11-18,23.84,249.17362,0.5123102795820721,0.0,normal
2020-11-19,23.11,249.17362,0.5032031832446766,0.0,normal
2020-11-20,23.7,249.17362,0.5086670780947384,0.0,normal
2020-11-23,22.66,249.17362,0.4960960191256669,0.0,normal
2020-11-24,21.64,249.17362,0.4838654896903704,0.0,normal
2020-11-25,21.25,249.17362,0.4786505964229834,0.0,normal
2020-11-26,21.25,249.17362,0.47762641999394506,0.0,normal
2020-11-27,20.84,249.17362,0.4721522404134444,0.0,normal
2020-11-30,20.57,249.17362,0.4682210424991547,0.0,normal
2020-12-01,20.77,246.7071,0.4659184494854536,0.0,normal
2020-12-02,21.17,246.7071,0.4691865502574836,0.0,normal
2020-12-03,21.28,246.7071,0.46933271513791724,0.0,normal
2020-12-07,21.3,246.7071,0.4684965985110714,0.0,normal
2020-12-09,22.27,246.7071,0.4780356740227849,0.0,normal
2020-12-10,22.52,246.7071,0.4796768769342643,0.0,normal
2020-12-11,23.31,246.7071,0.4874220817865142,0.0,normal
2020-12-14,24.72,246.7071,0.5023497199303663,0.0,normal
2020-12-15,22.89,246.7071,0.4802906352068599,0.0,normal
2020-12-16,22.5,246.7071,0.4747087540586763,0.0,normal
2020-12-17,21.93,246.7071,0.46711510267088874,0.0,normal
2020-12-18,21.57,246.7071,0.46188527352641884,0.0,normal
2020-12-21,25.16,246.7071,0.5016620358501624,0.0,normal
2020-12-22,24.23,246.7071,0.4895082570277809,0.0,normal
2020-12-23,23.31,246.7071,0.47782153176682635,0.0,normal
2020-12-24,21.53,246.7071,0.45672379845017796,0.0,normal
2020-12-28,21.7,246.7071,0.4576397828867368,0.0,normal
2020-12-29,23.08,246.7071,0.4722567084535466,0.0,normal
2020-12-30,22.77,246.7071,0.46757411699558193,0.0,normal
2021-01-04,26.97,246.1261,0.5150652366039402,0.0,normal
2021-01-05,25.34,246.1261,0.49448800549852784,0.0,normal
2021-01-06,25.07,246.1261,0.490149731998224,0.0,normal
2021-01-07,22.37,246.1261,0.4575068603058446,0.0,normal
2021-01-08,21.56,246.1261,0.447133307655676,0.0,normal
2021-01-12,23.33,246.1261,0.4661579014036887,0.0,normal
2021-01-13,22.21,246.1261,0.4519546304655568,0.0,normal
2021-01-14,23.25,246.1261,0.46273176019612655,0.0,normal
2021-01-15,24.34,246.1261,0.47429859672543734,0.0,normal
2021-01-18,24.34,246.1261,0.4729754295927239,0.0,normal
2021-01-19,23.24,246.1261,0.4586252867852496,0.0,normal
2021-01-20,21.58,246.1261,0.4381432243439688,0.0,normal
2021-01-21,21.32,246.1261,0.4339519772178251,0.0,normal
2021-01-22,21.91,246.1261,0.43948834189767727,0.0,normal
2021-01-25,23.19,246.1261,0.45328072008138615,0.0,normal
2021-01-26,23.02,246.1261,0.4500932145341483,0.0,normal
2021-01-27,37.21,246.1261,0.6209888927911665,0.1577530950914811,estres
2021-01-28,30.21,246.1261,0.5357395732631495,0.0,normal
2021-01-29,33.09,246.1261,0.57010963816159,0.04468808480353322,estres
2021-02-02,25.56,207.91242,0.4102903374763703,0.0,normal
2021-02-03,22.91,207.91242,0.37669172738034207,0.0,normal
2021-02-04,21.77,207.91242,0.3619878969762017,0.0,normal
2021-02-05,20.87,207.91242,0.3503899225040088,0.0,normal
2021-02-08,21.24,207.91242,0.3532745928779196,0.0,normal
2021-02-09,21.63,207.91242,0.35639075452776237,0.0,normal
2021-02-10,21.99,207.91242,0.3591817816786882,0.0,normal
2021-02-11,21.25,207.91242,0.34926258221589646,0.0,calma
2021-02-12,19.97,207.91242,0.3335518420130411,0.0,calma
2021-02-15,19.97,207.91242,0.3322978329173256,0.0,calma
2021-02-16,21.46,207.91242,0.34801365317802596,0.0,calma
2021-02-17,21.5,207.91242,0.3475606593439785,0.0,calma
2021-02-18,22.49,207.91242,0.35811363777435967,0.0,normal
2021-02-19,22.05,207.91242,0.3517549913788094,0.0,normal
2021-02-22,23.45,207.91242,0.3673764737935413,0.0,normal
2021-02-23,23.11,207.91242,0.3622059902755426,0.0,normal
2021-02-24,21.34,207.91242,0.33996017805558976,0.0,calma
2021-02-25,28.89,207.91242,0.4336308037637544,0.0,normal
2021-02-26,27.95,207.91242,0.4195485858814987,0.0,normal
2021-03-01,23.35,151.93288,0.28217054320550655,0.0,calma
2021-03-02,24.1,151.93288,0.290545198666418,0.0,calma
2021-03-03,26.67,151.93288,0.32254078464106206,0.0,calma
2021-03-04,28.57,151.93288,0.3466650857029349,0.0,calma
2021-03-05,24.66,151.93288,0.29411347627403733,0.0,calma
2021-03-08,25.47,151.93288,0.3034215571092242,0.0,calma
2021-03-09,24.03,151.93288,0.28378905585696723,0.0,calma
2021-03-10,22.56,151.93288,0.26442216046821443,0.0,calma
2021-03-11,21.91,151.93288,0.2556204772531182,0.0,calma
2021-03-12,20.69,151.93288,0.24038689099979826,0.0,calma
2021-03-15,20.03,151.93288,0.23214083100929495,0.0,calma
2021-03-16,19.79,151.93288,0.22887232205953378,0.0,calma
2021-03-17,19.23,151.93288,0.2227981296483984,0.0,calma
2021-03-18,21.58,151.93288,0.24958673166677314,0.0,calma
2021-03-19,20.95,151.93288,0.2422693324015076,0.0,calma
2021-03-23,20.3,151.93288,0.23531532789970716,0.0,calma
2021-03-24,21.2,151.93288,0.24619652179335194,0.0,calma
2021-03-25,19.81,151.93288,0.23111831782953618,0.0,calma
2021-03-26,18.86,151.93288,0.22170246838077334,0.0,calma
2021-03-29,20.74,151.93288,0.24358691257574241,0.0,calma
2021-03-30,19.61,151.93288,0.23172595979862917,0.0,calma
2021-03-31,19.4,151.93288,0.23041689020152742,0.0,calma
2021-04-05,17.91,139.8012,0.20409302221232167,0.0,calma
2021-04-06,18.12,139.8012,0.20747428331632595,0.0,calma
2021-04-07,17.16,139.8012,0.19819496417567298,0.0,calma
2021-04-08,16.95,139.8012,0.1942541603946108,0.0,calma
2021-04-09,16.69,139.8012,0.18774136637105066,0.0,calma
2021-04-12,16.91,139.8012,0.18721102619017446,0.0,calma
2021-04-13,16.65,139.8012,0.18053462998465317,0.0,calma
2021-04-15,16.57,139.8012,0.17626069058257365,0.0,calma
2021-04-16,16.25,139.8012,0.1701266350668051,0.0,calma
2021-04-19,17.29,139.8012,0.18102929081338184,0.0,calma
2021-04-20,18.68,139.8012,0.19741731061018988,0.0,calma
2021-04-21,17.5,139.8012,0.17877961425226654,0.0,calma
2021-04-22,18.71,139.8012,0.19220648053294273,0.0,calma
2021-04-23,17.33,139.8012,0.16989552171173344,0.0,calma
2021-04-26,17.64,139.8012,0.17286888683634416,0.0,calma
2021-04-27,17.56,139.8012,0.16950585465349924,0.0,calma
2021-04-28,17.28,139.8012,0.16472875408554313,0.0,calma
2021-04-29,17.61,139.8012,0.16991666542642642,0.0,calma
2021-04-30,18.61,139.8012,0.18669567985583854,0.0,calma
2021-05-03,18.31,124.88952,0.16960859304743803,0.0,calma
2021-05-04,19.48,124.88952,0.19166137252634485,0.0,calma
2021-05-05,19.15,124.88952,0.18654209909845587,0.0,calma
2021-05-06,18.39,124.88952,0.17425141012213155,0.0,calma
2021-05-07,16.69,124.88952,0.1478043566199182,0.0,calma
2021-05-10,19.66,124.88952,0.20141887628425129,0.0,calma
2021-05-11,21.84,124.88952,0.25242335919662623,0.0,calma
2021-05-12,27.59,124.88952,0.4114550950819217,0.0,normal
2021-05-13,23.13,124.88952,0.28824347821983215,0.0,calma
2021-05-14,18.81,124.88952,0.1841674851566186,0.0,calma
2021-05-18,21.34,124.88952,0.24322204024167562,0.0,calma
2021-05-19,22.18,124.88952,0.26752434198765224,0.0,calma
2021-05-20,20.67,124.88952,0.2293008116356025,0.0,calma
2021-05-21,20.15,124.88952,0.21829128531493458,0.0,calma
2021-05-24,18.4,124.88952,0.18176738558874536,0.0,calma
2021-05-25,18.84,124.88952,0.1925107610636401,0.0,calma
2021-05-26,17.36,124.88952,0.16522593597581653,0.0,calma
2021-05-27,16.74,124.88952,0.15652978782341054,0.0,calma
2021-05-28,16.76,124.88952,0.1586621047497041,0.0,calma
2021-05-31,16.76,124.88952,0.16075711832710052,0.0,calma
2021-06-01,17.9,147.01584,0.20564866973127208,0.0,calma
2021-06-02,17.48,147.01584,0.1995497941448107,0.0,calma
2021-06-03,18.04,147.01584,0.2120635176653795,0.0,calma
2021-06-04,16.42,147.01584,0.18374940145655422,0.0,calma
2021-06-08,17.07,147.01584,0.19671983387828748,0.0,calma
2021-06-09,17.89,147.01584,0.21421779186507722,0.0,calma
2021-06-10,16.1,147.01584,0.18362682363703015,0.0,calma
2021-06-11,15.65,147.01584,0.17856925553989444,0.0,calma
2021-06-15,17.02,147.01584,0.20368995438026788,0.0,calma
2021-06-16,18.15,147.01584,0.2280792177819408,0.0,calma
2021-06-17,17.75,147.01584,0.22148480314123695,0.0,calma
2021-06-18,20.7,147.01584,0.29403560514801996,0.0,calma
2021-06-21,17.89,147.01584,0.22743796573690653,0.0,calma
2021-06-22,16.66,147.01584,0.20520500836487504,0.0,calma
2021-06-23,16.32,147.01584,0.20110296984245415,0.0,calma
2021-06-24,15.97,147.01584,0.19681902076001526,0.0,calma
2021-06-25,15.62,147.01584,0.19281669104790472,0.0,calma
2021-06-28,15.76,147.01584,0.19681537131398263,0.0,calma
2021-06-29,16.02,147.01584,0.20280673675651795,0.0,calma
2021-06-30,15.83,147.01584,0.2012202424270652,0.0,calma
2021-07-01,15.48,133.57887,0.18139706610159256,0.0,calma
2021-07-02,15.07,133.57887,0.17660883716141876,0.0,calma
2021-07-06,16.44,133.57887,0.19943209213344681,0.0,calma
2021-07-07,16.2,133.57887,0.1955949739160408,0.0,calma
2021-07-08,19.0,133.57887,0.2573156677826053,0.0,calma
2021-07-09,16.18,133.57887,0.19660728288717494,0.0,calma
2021-07-12,16.17,133.57887,0.19742955570839116,0.0,calma
2021-07-13,17.12,133.57887,0.21698594509033448,0.0,calma
2021-07-14,16.33,133.57887,0.20199601553145752,0.0,calma
2021-07-15,17.01,133.57887,0.2165736165703706,0.0,calma
2021-07-16,18.45,133.57887,0.2509275817144926,0.0,calma
2021-07-19,22.5,133.57887,0.3699962570924047,0.0,normal
2021-07-21,17.91,133.57887,0.2383543162461494,0.0,calma
2021-07-22,17.69,133.57887,0.23477093289228612,0.0,calma
2021-07-23,17.2,133.57887,0.22515896705642752,0.0,calma
2021-07-26,17.58,133.57887,0.2356940706287448,0.0,calma
2021-07-27,19.36,133.57887,0.2834935362161438,0.0,calma
2021-07-28,18.31,133.57887,0.2567707073406191,0.0,calma
2021-07-29,17.7,133.57887,0.24312442019198924,0.0,calma
2021-07-30,18.24,133.57887,0.2582835889967639,0.0,calma
2021-08-02,19.46,152.91092,0.32043104590131166,0.0,calma
2021-08-03,18.04,152.91092,0.2829667223961186,0.0,calma
2021-08-04,17.97,152.91092,0.28257483745002376,0.0,calma
2021-08-05,17.28,152.91092,0.26694871150704447,0.0,calma
2021-08-06,16.15,152.91092,0.24312156024758635,0.0,calma
2021-08-09,16.72,152.91092,0.25719923222251295,0.0,calma
2021-08-10,16.79,152.91092,0.2603590979775389,0.0,calma
2021-08-11,16.06,152.91092,0.2459335857438903,0.0,calma
2021-08-12,15.59,152.91092,0.23803665409112257,0.0,calma
2021-08-13,15.45,152.91092,0.23701150868281345,0.0,calma
2021-08-17,17.91,152.91092,0.29476050192619907,0.0,calma
2021-08-18,21.57,152.91092,0.404129977650613,0.0,normal
2021-08-19,21.67,152.91092,0.4081477274019865,0.0,normal
2021-08-20,18.56,152.91092,0.31509320426807363,0.0,calma
2021-08-23,17.15,152.91092,0.2797453288368055,0.0,calma
2021-08-24,17.22,152.91092,0.28285544695405407,0.0,calma
2021-08-25,16.79,152.91092,0.27392405989012875,0.0,calma
2021-08-26,18.84,152.91092,0.32841993431400957,0.0,calma
2021-08-27,16.39,152.91092,0.26707027347110884,0.0,calma
2021-08-30,16.19,152.91092,0.26398658768286826,0.0,calma
2021-08-31,16.48,152.91092,0.2719764517545541,0.0,calma
2021-09-01,16.11,133.81455,0.23527868634061733,0.0,calma
2021-09-02,16.41,133.81455,0.24324128984718468,0.0,calma
2021-09-03,16.41,133.81455,0.2444490118025897,0.0,calma
2021-09-06,16.41,133.81455,0.24558810099713513,0.0,calma
2021-09-07,18.14,133.81455,0.28969551242818303,0.0,calma
2021-09-08,17.96,133.81455,0.28583390354293087,0.0,calma
2021-09-09,18.8,133.81455,0.3096515950981564,0.0,calma
2021-09-10,20.95,133.81455,0.37410311521512146,0.0,normal
2021-09-13,19.37,133.81455,0.32718566429208557,0.0,calma
2021-09-14,19.46,133.81455,0.3306454756972316,0.0,calma
2021-09-15,18.18,133.81455,0.29526053733511454,0.0,calma
2021-09-16,18.69,133.81455,0.3103349355921597,0.0,calma
2021-09-17,20.81,133.81455,0.37461615905142664,0.0,normal
2021-09-20,25.71,133.81455,0.5216586935822013,0.0,normal
2021-09-21,24.36,133.81455,0.4867442606654087,0.0,normal
2021-09-22,20.87,133.81455,0.3803537941161923,0.0,normal
2021-09-23,18.63,133.81455,0.3136439213080827,0.0,calma
2021-09-24,17.75,133.81455,0.2902420765805114,0.0,calma
2021-09-27,18.76,133.81455,0.32049213856785275,0.0,calma
2021-09-28,23.25,133.81455,0.46458532549223397,0.0,normal
2021-09-29,22.56,133.81455,0.443876881661948,0.0,normal
2021-09-30,23.14,133.81455,0.4634557250088332,0.0,normal
2021-10-01,21.15,142.06763,0.41447437817304683,0.0,normal
2021-10-04,22.96,142.06763,0.47442424744451933,0.0,normal
2021-10-05,21.3,142.06763,0.4215605189705343,0.0,normal
2021-10-06,21.0,142.06763,0.4128492723287631,0.0,normal
2021-10-07,19.54,142.06763,0.3668814166615493,0.0,normal
2021-10-08,18.77,142.06763,0.3442043752582589,0.0,calma
2021-10-11,20.0,142.06763,0.3845903583002772,0.0,normal
2021-10-12,19.85,142.06763,0.38114098662934703,0.0,normal
2021-10-13,18.64,142.06763,0.3439619814175997,0.0,calma
2021-10-14,16.86,142.06763,0.2939855307721255,0.0,calma
2021-10-15,16.3,142.06763,0.28094153988668424,0.0,calma
2021-10-19,15.7,142.06763,0.2678252849880335,0.0,calma
2021-10-20,15.49,142.06763,0.2644646146781642,0.0,calma
2021-10-21,15.01,142.06763,0.25516664651109633,0.0,calma
2021-10-22,15.43,142.06763,0.2661360541085118,0.0,calma
2021-10-25,15.24,142.06763,0.2630360602970417,0.0,calma
2021-10-26,15.98,142.06763,0.28228305252051955,0.0,calma
2021-10-27,16.98,142.06763,0.31045900069566523,0.0,calma
2021-10-28,16.53,142.06763,0.2994588536700954,0.0,calma
2021-10-29,16.26,142.06763,0.2936951848053241,0.0,calma
2021-11-02,16.03,121.9515,0.2536261511545146,0.0,calma
2021-11-03,15.1,121.9515,0.23237406423444662,0.0,calma
2021-11-04,15.44,121.9515,0.2420765053572551,0.0,calma
2021-11-05,16.48,121.9515,0.2705761975987284,0.0,calma
2021-11-08,17.22,121.9515,0.2932725278040944,0.0,calma
2021-11-09,17.78,121.9515,0.3119268030202186,0.0,calma
2021-11-10,18.73,121.9515,0.34439222233011824,0.0,calma
2021-11-11,17.66,121.9515,0.31091413193106743,0.0,calma
2021-11-12,16.29,121.9515,0.27059886817348433,0.0,calma
2021-11-16,16.37,121.9515,0.27346456388450696,0.0,calma
2021-11-17,17.11,121.9515,0.2947578882646304,0.0,calma
2021-11-18,17.59,121.9515,0.3107392555795978,0.0,calma
2021-11-19,17.91,121.9515,0.3221807813102039,0.0,calma
2021-11-22,19.17,121.9515,0.3741728962045306,0.0,normal
2021-11-23,19.38,121.9515,0.3850485376724097,0.0,normal
2021-11-24,18.58,121.9515,0.3522096149952404,0.0,normal
2021-11-25,18.58,121.9515,0.3536369213020958,0.0,normal
2021-11-26,28.62,121.9515,0.667317335492041,0.2607051899823132,estres
2021-11-29,22.96,121.9515,0.5382595027668333,0.0,normal
2021-11-30,27.19,121.9515,0.647917905410445,0.21759534535654443,estres
2021-12-01,31.12,151.28684,0.7472210652077529,0.43826903379500637,estres
2021-12-02,27.95,151.28684,0.7154072215024004,0.36757160333866756,estres
2021-12-03,30.67,151.28684,0.7431558663153973,0.4292352584786607,estres
2021-12-06,27.18,151.28684,0.7011346324179811,0.3358547387066247,estres
2021-12-07,21.89,151.28684,0.5517283729072925,0.0038408286828720923,estres
2021-12-09,21.58,151.28684,0.5404309534980669,0.0,normal
2021-12-10,18.69,151.28684,0.4224024201967977,0.0,normal
2021-12-13,20.31,151.28684,0.4904761356559937,0.0,normal
2021-12-14,21.89,151.28684,0.5552148416564577,0.011588537014350427,estres
2021-12-15,19.29,151.28684,0.4494561934323909,0.0,normal
2021-12-16,20.57,151.28684,0.5035723176098065,0.0,normal
2021-12-17,21.57,151.28684,0.5448789232116305,0.0,normal
2021-12-20,22.87,151.28684,0.5943669783797286,0.09859328528828575,estres
2021-12-21,21.01,151.28684,0.523471583592457,0.0,normal
2021-12-22,18.63,151.28684,0.42615357167299694,0.0,normal
2021-12-23,17.96,151.28684,0.4009911018062172,0.0,normal
2021-12-24,17.96,151.28684,0.40242864036799986,0.0,normal
2021-12-27,17.68,151.28684,0.39319840436756026,0.0,normal
2021-12-28,17.54,151.28684,0.38951291529514215,0.0,normal
2021-12-29,16.95,151.28684,0.36940979049278583,0.0,normal
2021-12-30,17.33,151.28684,0.3848788516232423,0.0,normal
2022-01-03,16.6,166.24265,0.40030321883321485,0.0,normal
2022-01-04,16.91,166.24265,0.41312601557532763,0.0,normal
2022-01-05,19.73,166.24265,0.527445882294087,0.0,normal
2022-01-06,19.61,166.24265,0.5243718996880806,0.0,normal
2022-01-07,18.76,166.24265,0.4906508685551939,0.0,normal
2022-01-11,18.41,166.24265,0.477995707864097,0.0,normal
2022-01-12,17.62,166.24265,0.4483613906421996,0.0,normal
2022-01-13,20.31,166.24265,0.561672092874868,0.025937984166373166,estres
2022-01-14,19.19,166.24265,0.5162872455449936,0.0,normal
2022-01-20,25.59,166.24265,0.7436783614226231,0.4303963587169402,estres
2022-01-21,28.85,166.24265,0.7968947247697014,0.5486549439326697,crisis
2022-01-24,29.9,166.24265,0.8074487635445144,0.5721083634322542,crisis
2022-01-25,31.16,166.24265,0.8168480207199239,0.5929956015998309,crisis
2022-01-26,31.96,166.24265,0.8216739795390362,0.6037199545311915,crisis
2022-01-27,30.49,166.24265,0.8118792233112853,0.5819538295806339,crisis
2022-01-28,27.66,166.24265,0.7792735586622745,0.5094967970272767,crisis
2022-01-31,24.83,166.24265,0.7219133101528955,0.3820295781175455,estres
2022-02-01,21.96,139.23758,0.541091448293737,0.0,normal
2022-02-02,22.09,139.23758,0.5468296324520441,0.0,normal
2022-02-03,24.35,139.23758,0.6199662716054233,0.1554806035676072,estres
2022-02-04,23.22,139.23758,0.5859923560049831,0.07998301334440684,estres
2022-02-07,22.86,139.23758,0.5743518241790347,0.054115164842299335,estres
2022-02-08,21.44,139.23758,0.5242899853209018,0.0,normal
2022-02-09,19.96,139.23758,0.4682262690902697,0.0,normal
2022-02-10,23.91,139.23758,0.6096424041794004,0.13253867595422306,estres
2022-02-11,27.36,139.23758,0.6948083622271204,0.3217963605047119,estres
2022-02-14,28.33,139.23758,0.7102340360625463,0.3560756356945473,estres
2022-02-15,25.7,139.23758,0.6679237677363559,0.2620528171919019,estres
2022-02-16,24.29,139.23758,0.6331356219614962,0.18474582658110258,estres
2022-02-17,28.11,139.23758,0.7108546852324338,0.357454856072075,estres
2022-02-18,27.75,139.23758,0.7050296633416305,0.34451036298140114,estres
2022-02-21,27.75,139.23758,0.7042180582052621,0.3427067960116934,estres
2022-02-22,28.81,139.23758,0.7176075631405555,0.37246125142345665,estres
2022-02-23,31.02,139.23758,0.73769407564333,0.4170979458740666,estres
2022-02-24,30.32,139.23758,0.7310590566411412,0.402353459202536,estres
2022-02-25,27.59,139.23758,0.6963724863461107,0.325272191880246,estres
2022-02-28,30.15,139.23758,0.7282346144846554,0.396076921077012,estres
2022-03-01,33.32,138.05353,0.7428391341344165,0.42853140918759214,estres
2022-03-02,30.74,138.05353,0.7239963426348794,0.3866585391886209,estres
2022-03-03,30.48,138.05353,0.720461980040251,0.37880440008944655,estres
2022-03-04,31.98,138.05353,0.7322992217603734,0.40510938168971866,estres
2022-03-07,36.45,138.05353,0.7528282980508721,0.45072955122416025,crisis
2022-03-08,35.13,138.05353,0.7471253925661522,0.43805642792478255,estres
2022-03-09,32.45,138.05353,0.7305213195261846,0.4011584878359657,estres
2022-03-10,30.23,138.05353,0.7080731995541009,0.35127377678689076,estres
2022-03-14,31.77,138.05353,0.7238897628556666,0.3864216952348147,estres
2022-03-15,29.83,138.05353,0.7026920508440239,0.3393156685422752,estres
2022-03-16,26.67,138.05353,0.6494062063877629,0.2209026808616953,estres
2022-03-17,25.67,138.05353,0.6271401777421974,0.1714226172048831,estres
2022-03-18,23.87,138.05353,0.5811441714553046,0.06920926990067683,estres
2022-03-22,22.94,138.05353,0.555398732956255,0.01199718434723317,estres
2022-03-23,23.57,138.05353,0.5747889485551675,0.05508655234481655,estres
2022-03-24,21.67,138.05353,0.5170674111362729,0.0,normal
2022-03-25,20.81,138.05353,0.4897503725361577,0.0,normal
2022-03-28,19.63,138.05353,0.4514118902050537,0.0,normal
2022-03-29,18.9,138.05353,0.42826615301488186,0.0,normal
2022-03-30,19.33,138.05353,0.4429414124057431,0.0,normal
2022-03-31,20.56,138.05353,0.4840723550155563,0.0,normal
2022-04-01,19.63,190.01241,0.6733446174092313,0.2740991497982918,estres
2022-04-05,21.03,190.01241,0.7186085213779012,0.3746856030620026,estres
2022-04-06,22.1,190.01241,0.7523452694499938,0.4496561543333195,crisis
2022-04-07,21.55,190.01241,0.7335449666315444,0.4078777036256543,estres
2022-04-08,21.16,190.01241,0.719649109744259,0.37699802165390883,estres
2022-04-11,24.37,190.01241,0.816103983650847,0.5913421858907711,crisis
2022-04-12,24.26,190.01241,0.8113924201708876,0.5808720448241947,crisis
2022-04-13,21.82,190.01241,0.7364933546782166,0.41442967706270356,estres
2022-04-18,22.17,190.01241,0.7464060481230133,0.43645788471780717,estres
2022-04-19,21.37,190.01241,0.7192959419254445,0.3762132042787656,estres
2022-04-20,20.32,190.01241,0.6834741821070767,0.2966092935712814,estres
2022-04-21,22.68,190.01241,0.7581071601437668,0.46246035587503725,crisis
2022-04-22,28.21,190.01241,0.8898051187573656,0.755122486127479,crisis
2022-04-25,27.02,190.01241,0.8653286833859817,0.7007304075244037,crisis
2022-04-26,33.52,190.01241,0.9444844078012689,0.876632017336153,crisis
2022-04-27,31.6,190.01241,0.9256158450267882,0.8347018778373071,crisis
2022-04-28,29.99,190.01241,0.9041655056412962,0.7870344569806581,crisis
2022-05-02,32.34,154.66196,0.8139813386541435,0.5866251970092077,crisis
2022-05-03,29.25,154.66196,0.7749487379548683,0.4998860843441517,crisis
2022-05-04,25.42,154.66196,0.696778174976086,0.32617372216907986,estres
2022-05-05,31.2,154.66196,0.7981133566115797,0.5513630146923992,crisis
2022-05-06,30.19,154.66196,0.7835462210473214,0.5189916023273808,crisis
2022-05-09,34.75,154.66196,0.8254714699121524,0.6121588220270052,crisis
2022-05-10,32.99,154.66196,0.809867682355319,0.5774837385673756,crisis
2022-05-11,32.56,154.66196,0.8037800212332946,0.5639556027406547,crisis
2022-05-12,31.77,154.66196,0.7934350338249951,0.5409667418333225,crisis
2022-05-13,28.87,154.66196,0.75052321253959,0.44560713897686655,crisis
2022-05-16,27.47,154.66196,0.7226655747881436,0.3837012773069858,estres
2022-05-17,26.1,154.66196,0.6912944400819647,0.3139876446265882,estres
2022-05-18,30.96,154.66196,0.778281985233346,0.5072933005185467,crisis
2022-05-19,29.35,154.66196,0.7524330812864142,0.449851291747587,crisis
2022-05-20,29.43,154.66196,0.7519536725849271,0.44878593907761566,crisis
2022-05-23,28.48,154.66196,0.7335788080567538,0.4079529067927862,estres
2022-05-24,29.45,154.66196,0.748874313936658,0.44194291985924006,estres
2022-05-25,28.37,154.66196,0.7279530666603096,0.3954512592451323,estres
2022-05-26,27.5,154.66196,0.7090960440139122,0.3535467644753605,estres
2022-05-27,25.72,154.66196,0.6676695409352023,0.2614878687448938,estres
2022-05-31,26.19,154.66196,0.6786435313691592,0.2858745141536871,estres
2022-06-01,25.69,168.00083,0.7302031874794314,0.4004515277320696,estres
2022-06-02,24.72,168.00083,0.7043760936223551,0.34305798582745567,estres
2022-06-03,24.79,168.00083,0.7050711013120715,0.3446024473601589,estres
2022-06-06,25.07,168.00083,0.7112053337649871,0.3582340750333045,estres
2022-06-07,24.02,168.00083,0.6825469521316568,0.2945487825147929,estres
2022-06-08,23.96,168.00083,0.6798122924895518,0.28847176108789274,estres
2022-06-09,26.09,168.00083,0.7327530202353463,0.4061178227452139,estres
2022-06-10,27.75,168.00083,0.7680663190633026,0.48459182014067237,crisis
2022-06-13,34.02,168.00083,0.85690781301132,0.6820173622473777,crisis
2022-06-14,32.69,168.00083,0.8410413445377848,0.6467585434172994,crisis
2022-06-15,29.62,168.00083,0.7956238841544001,0.5458308536764447,crisis
2022-06-16,32.95,168.00083,0.8402386789155327,0.6449748420345172,crisis
2022-06-17,31.13,168.00083,0.8149267742227244,0.5887261649393876,crisis
2022-06-21,30.19,168.00083,0.7985907090887325,0.5524237979749611,crisis
2022-06-22,28.95,168.00083,0.7750987408906318,0.500219424201404,crisis
2022-06-23,29.05,168.00083,0.7752930109890381,0.5006511355311958,crisis
2022-06-24,27.23,168.00083,0.7365580887225398,0.4145735304945328,estres
2022-06-30,28.71,168.00083,0.7657868840340175,0.4795264089644833,crisis
2022-07-01,26.7,145.97594,0.6027224610556492,0.11716102456810923,estres
2022-07-05,27.54,145.97594,0.6207590375219925,0.15724230560442762,estres
2022-07-07,26.08,145.97594,0.5862126384224984,0.08047252982777409,estres
2022-07-08,24.64,145.97594,0.5491335566683248,0.0,normal
2022-07-11,26.17,145.97594,0.587126070167841,0.08250237815075773,estres
2022-07-12,27.29,145.97594,0.6126834173314528,0.13929648295878394,estres
2022-07-13,26.82,145.97594,0.6010967836912458,0.11354840820276825,estres
2022-07-14,26.4,145.97594,0.5903303970523701,0.08962310456082238,estres
2022-07-15,24.23,145.97594,0.534145487144061,0.0,normal
2022-07-18,25.3,145.97594,0.5615299181388884,0.02562204030864083,estres
2022-07-19,24.5,145.97594,0.5397519012259213,0.0,normal
2022-07-21,23.11,145.97594,0.5011626100456051,0.0,normal
2022-07-22,23.03,145.97594,0.49823813739759854,0.0,normal
2022-07-25,23.36,145.97594,0.5066431676996539,0.0,normal
2022-07-26,24.69,145.97594,0.541965515476881,0.0,normal
2022-07-27,23.24,145.97594,0.5008737773374462,0.0,normal
2022-07-28,22.33,145.97594,0.47433151490635206,0.0,normal
2022-07-29,21.33,145.97594,0.4454035522707258,0.0,normal
2022-08-01,22.84,186.92141,0.6644696754883757,0.2543770566408347,estres
2022-08-02,23.93,186.92141,0.6933043002218258,0.3184540004929461,estres
2022-08-03,21.95,186.92141,0.6355242361141918,0.19005385803153735,estres
2022-08-04,21.44,186.92141,0.6195487860232552,0.15455285782945602,estres
2022-08-05,21.15,186.92141,0.6097280594331423,0.13272902096253847,estres
2022-08-08,21.29,186.92141,0.6119997248611984,0.1377771663582185,estres
2022-08-09,21.77,186.92141,0.6240601576468476,0.16457812810410577,estres
2022-08-10,19.74,186.92141,0.5676575257272335,0.039238946060518774,estres
2022-08-11,20.2,186.92141,0.5785036624377276,0.0633414720838389,estres
2022-08-12,19.53,186.92141,0.5594955362091277,0.021101191575839305,estres
2022-08-17,19.9,186.92141,0.5677612555755094,0.0394694568344652,estres
2022-08-18,19.56,186.92141,0.5575152614153087,0.01670058092290816,estres
2022-08-19,20.6,186.92141,0.5841819696998386,0.0759599326663079,estres
2022-08-22,23.8,186.92141,0.6737499793275982,0.2749999540613292,estres
2022-08-23,24.11,186.92141,0.680980335407237,0.29106741201608216,estres
2022-08-24,22.82,186.92141,0.6422689672160482,0.20504214936899592,estres
2022-08-25,21.78,186.92141,0.6110497811552443,0.1356661803449873,estres
2022-08-26,25.56,186.92141,0.7174413167350737,0.3720918149668304,estres
2022-08-29,26.21,186.92141,0.7332646194562007,0.40725470990266815,estres
2022-08-30,26.21,186.92141,0.7315585895515304,0.4034635323367342,estres
2022-08-31,25.87,186.92141,0.7206931457409222,0.3793181016464938,estres
2022-09-01,25.56,163.23982,0.6230723093744577,0.162382909721017,estres
2022-09-02,25.47,163.23982,0.6195497922639638,0.15455509391991942,estres
2022-09-05,25.99,163.23982,0.6328810785081889,0.18418017446264184,estres
2022-09-06,26.91,163.23982,0.6564167381107543,0.2364816402461206,estres
2022-09-07,24.64,163.23982,0.5922163953986421,0.09381421199698241,estres
2022-09-08,23.61,163.23982,0.560926644265691,0.02428143170153558,estres
2022-09-09,22.79,163.23982,0.5361356530542298,0.0,normal
2022-09-12,23.87,163.23982,0.5678129605562442,0.039584356791653674,estres
2022-09-13,27.27,163.23982,0.6626300802965182,0.2502890673255958,estres
2022-09-14,26.16,163.23982,0.6318609787916174,0.18191328620359415,estres
2022-09-15,26.27,163.23982,0.63388163070475,0.18640362378833328,estres
2022-09-16,26.3,163.23982,0.6336702544802575,0.18593389884501657,estres
2022-09-19,25.76,163.23982,0.6175054550358782,0.1500121223019514,estres
2022-09-20,27.16,163.23982,0.6551192015941878,0.2335982257648617,estres
2022-09-21,27.99,163.23982,0.6754471487658504,0.2787714417018898,estres
2022-09-22,27.35,163.23982,0.6579019956967991,0.23978221265955343,estres
2022-09-23,29.92,163.23982,0.717590795224706,0.37242398938823557,estres
2022-09-26,32.26,163.23982,0.758598503746897,0.46355223054865985,crisis
2022-09-27,32.6,163.23982,0.7621129199413977,0.47136204431421713,crisis
2022-09-28,30.18,163.23982,0.7174870644622008,0.3721934765826683,estres
2022-09-29,31.84,163.23982,0.7470305841573578,0.43784574257190617,estres
2022-09-30,31.62,163.23982,0.7415415981137496,0.4256479958083325,estres
2022-10-03,30.1,174.18347,0.759159154605213,0.4647981213449177,crisis
2022-10-04,29.07,174.18347,0.7344404385829707,0.4098676412954904,estres
2022-10-05,28.55,174.18347,0.7202936625195189,0.3784303611544863,estres
2022-10-06,30.52,174.18347,0.763369438331928,0.4741543074042845,crisis
2022-10-07,31.36,174.18347,0.7780647990922853,0.5068106646495228,crisis
2022-10-10,32.45,174.18347,0.7952294330819385,0.5449542957376411,crisis
2022-10-11,33.63,174.18347,0.8109696513516075,0.5799325585591277,crisis
2022-10-12,33.57,174.18347,0.808211558568638,0.5738034634858622,crisis
2022-10-13,31.94,174.18347,0.7804763097105283,0.5121695771345073,crisis
2022-10-14,32.02,174.18347,0.780028621053703,0.5111747134526732,crisis
2022-10-18,30.5,174.18347,0.7489503815381482,0.44211195897366257,estres
2022-10-19,30.76,174.18347,0.7527648848886208,0.450588633085824,crisis
2022-10-21,29.69,174.18347,0.7278182083283646,0.3951515740630325,estres
2022-10-24,29.85,174.18347,0.7300502910152058,0.4001117578115684,estres
2022-10-25,28.46,174.18347,0.695094704576902,0.32243267683756,estres
2022-10-26,27.28,174.18347,0.6626577509046401,0.25035055756586677,estres
2022-10-27,27.39,174.18347,0.6644373703136621,0.2543052673636935,estres
2022-10-28,25.75,174.18347,0.6170982988428046,0.14910733076178803,estres
2022-10-31,25.88,174.18347,0.6197879322393718,0.15508429386527056,estres
2022-11-01,25.81,177.42313,0.6299058878174775,0.1775686395943943,estres
2022-11-02,25.86,177.42313,0.6300508896216199,0.17789086582582198,estres
2022-11-03,25.3,177.42313,0.6123001622342725,0.13844480496504996,estres
2022-11-04,24.55,177.42313,0.5889648761865265,0.08658861374783655,estres
2022-11-08,25.54,177.42313,0.6169762289238478,0.14883606427521737,estres
2022-11-09,26.09,177.42313,0.6317369889767925,0.1816377532817611,estres
2022-11-10,23.53,177.42313,0.5543945702034534,0.009765711563229671,estres
2022-11-11,22.52,177.42313,0.5235307738842091,0.0,normal
2022-11-15,24.54,177.42313,0.5811834412886341,0.06929653619696453,estres
2022-11-16,24.11,177.42313,0.5663886957258173,0.036419323835149446,estres
2022-11-17,23.93,177.42313,0.5590068821483463,0.0200152936629916,estres
2022-11-18,23.12,177.42313,0.5327497098414464,0.0,normal
2022-11-21,22.36,177.42313,0.508484675388909,0.0,normal
2022-11-23,20.35,177.42313,0.4526896258054499,0.0,normal
2022-11-25,20.5,177.42313,0.4550310917892175,0.0,normal
2022-11-28,22.21,177.42313,0.49958288094982267,0.0,normal
2022-11-29,21.89,177.42313,0.4886508280640156,0.0,normal
2022-11-30,20.58,177.42313,0.45175129692124694,0.0,normal
2022-12-01,19.84,171.73726,0.4064782208695611,0.0,normal
2022-12-02,19.06,171.73726,0.387316299194603,0.0,normal
2022-12-05,20.75,171.73726,0.42593694903969415,0.0,normal
2022-12-06,22.17,171.73726,0.4637271580166984,0.0,normal
2022-12-07,22.68,171.73726,0.4774755896649095,0.0,normal
2022-12-09,22.83,171.73726,0.4807640533698537,0.0,normal
2022-12-12,25.0,171.73726,0.5490170558894636,0.0,normal
2022-12-13,22.55,171.73726,0.4684450756395744,0.0,normal
2022-12-14,21.14,171.73726,0.4259671606338087,0.0,normal
2022-12-15,22.83,171.73726,0.47372226168387677,0.0,normal
2022-12-16,22.62,171.73726,0.4655944603564873,0.0,normal
2022-12-19,22.42,171.73726,0.45793336411401064,0.0,normal
2022-12-20,21.48,171.73726,0.4292071427641334,0.0,normal
2022-12-21,20.07,171.73726,0.39150302407965376,0.0,normal
2022-12-22,21.97,171.73726,0.4413671035139506,0.0,normal
2022-12-23,20.87,171.73726,0.40935877575112267,0.0,normal
2022-12-26,20.87,171.73726,0.4097736865549877,0.0,normal
2022-12-27,21.65,171.73726,0.43112330900940987,0.0,normal
2022-12-28,22.14,171.73726,0.4457067316886151,0.0,normal
2022-12-29,21.44,171.73726,0.42568689308130775,0.0,normal
2023-01-02,21.67,136.43315,0.24677382487887803,0.0,calma
2023-01-03,22.9,136.43315,0.28580748436997777,0.0,calma
2023-01-04,22.01,136.43315,0.259344782346306,0.0,calma
2023-01-05,22.46,136.43315,0.27362093806975024,0.0,calma
2023-01-06,21.13,136.43315,0.23494575208836735,0.0,calma
2023-01-10,20.58,136.43315,0.22018231796955767,0.0,calma
2023-01-11,21.09,136.43315,0.23431838495415822,0.0,calma
2023-01-12,18.83,136.43315,0.18060301293343814,0.0,calma
2023-01-13,18.35,136.43315,0.17171608423055287,0.0,calma
2023-01-16,19.49,136.43315,0.19666183639935897,0.0,calma
2023-01-17,19.36,136.43315,0.19474337892051796,0.0,calma
2023-01-18,20.34,136.43315,0.21931648462055522,0.0,calma
2023-01-19,20.52,136.43315,0.22459911649564407,0.0,calma
2023-01-20,19.85,136.43315,0.2080474789898248,0.0,calma
2023-01-23,19.81,136.43315,0.2071283869484839,0.0,calma
2023-01-24,19.2,136.43315,0.19329948454506982,0.0,calma
2023-01-25,19.08,136.43315,0.19081205502512116,0.0,calma
2023-01-26,18.73,136.43315,0.18359960486574306,0.0,calma
2023-01-27,18.51,136.43315,0.1792043620597723,0.0,calma
2023-01-30,19.94,136.43315,0.2105975247876843,0.0,calma
2023-01-31,19.4,136.43315,0.19787216262685212,0.0,calma
2023-02-01,17.87,139.12464,0.17719254935433904,0.0,calma
2023-02-02,18.73,139.12464,0.19464703396752556,0.0,calma
2023-02-03,18.33,139.12464,0.18769594526685202,0.0,calma
2023-02-06,19.43,139.12464,0.2112958512266136,0.0,calma
2023-02-07,18.66,139.12464,0.19534087855335652,0.0,calma
2023-02-08,19.63,139.12464,0.21660060780644305,0.0,calma
2023-02-09,20.71,139.12464,0.24419193503406011,0.0,calma
2023-02-10,20.53,139.12464,0.2397596702519805,0.0,calma
2023-02-13,20.34,139.12464,0.23636987010202565,0.0,calma
2023-02-14,18.91,139.12464,0.2048646243195768,0.0,calma
2023-02-15,18.23,139.12464,0.19306660702765813,0.0,calma
2023-02-16,20.17,139.12464,0.2378586496618128,0.0,calma
2023-02-17,20.02,139.12464,0.23561996563218504,0.0,calma
2023-02-20,21.23,139.12464,0.26976763967820755,0.0,calma
2023-02-21,22.87,139.12464,0.3218349120589915,0.0,calma
2023-02-22,22.29,139.12464,0.30411754034566396,0.0,calma
2023-02-23,21.14,139.12464,0.26950633043511024,0.0,calma
2023-02-24,21.67,139.12464,0.28518790146461537,0.0,calma
2023-02-27,20.95,139.12464,0.2647715164306664,0.0,calma
2023-02-28,20.7,139.12464,0.2582948901129145,0.0,calma
2023-03-01,20.58,120.13662,0.2002440651252088,0.0,calma
2023-03-02,19.59,120.13662,0.17600587185517352,0.0,calma
2023-03-03,18.49,120.13662,0.15243836650127376,0.0,calma
2023-03-06,18.61,120.13662,0.1566237408531777,0.0,calma
2023-03-07,19.59,120.13662,0.18051638835022962,0.0,calma
2023-03-08,19.11,120.13662,0.17106226997366392,0.0,calma
2023-03-09,22.61,120.13662,0.26953264919237574,0.0,calma
2023-03-10,24.8,120.13662,0.34369239283660036,0.0,calma
2023-03-13,26.52,120.13662,0.40306146360227824,0.0,normal
2023-03-14,23.73,120.13662,0.3091509995107956,0.0,calma
2023-03-15,26.14,120.13662,0.39247392842147405,0.0,normal
2023-03-16,22.99,120.13662,0.28657460311476907,0.0,calma
2023-03-17,25.51,120.13662,0.37401155671521946,0.0,normal
2023-03-21,21.38,120.13662,0.23834257153478625,0.0,calma
2023-03-22,22.26,120.13662,0.2668681253209617,0.0,calma
2023-03-23,22.61,120.13662,0.27961274907426403,0.0,calma
2023-03-24,21.74,120.13662,0.2532189290895593,0.0,calma
2023-03-27,20.6,120.13662,0.2207687884680454,0.0,calma
2023-03-28,19.97,120.13662,0.20503214733907202,0.0,calma
2023-03-29,19.12,120.13662,0.1850109689388794,0.0,calma
2023-03-30,19.02,120.13662,0.18321344795252015,0.0,calma
2023-03-31,18.7,120.13662,0.17653611241183878,0.0,calma
2023-04-03,18.55,147.9425,0.2690866614539106,0.0,calma
2023-04-04,19.0,147.9425,0.2805236154738738,0.0,calma
2023-04-05,19.08,147.9425,0.283082888895763,0.0,calma
2023-04-10,18.97,147.9425,0.28110927060504987,0.0,calma
2023-04-11,19.1,147.9425,0.2851879207551661,0.0,calma
2023-04-12,19.09,147.9425,0.28570141338519667,0.0,calma
2023-04-13,17.8,147.9425,0.2565426189203039,0.0,calma
2023-04-17,16.95,147.9425,0.2406166207609971,0.0,calma
2023-04-18,16.83,147.9425,0.2394286666547603,0.0,calma
2023-04-19,16.46,147.9425,0.23371641959642725,0.0,calma
2023-04-20,17.17,147.9425,0.2473402867901407,0.0,calma
2023-04-21,16.77,147.9425,0.24022128116914623,0.0,calma
2023-04-24,16.89,147.9425,0.24269767101432566,0.0,calma
2023-04-25,18.76,147.9425,0.2829813848110875,0.0,calma
2023-04-26,18.84,147.9425,0.285074015530315,0.0,calma
2023-04-27,17.03,147.9425,0.24649435858347932,0.0,calma
2023-04-28,15.78,147.9425,0.2264277015523643,0.0,calma
2023-05-02,17.78,127.42137,0.18762028389451194,0.0,calma
2023-05-03,18.34,127.42137,0.20153997657743217,0.0,calma
2023-05-04,20.09,127.42137,0.2478006911213531,0.0,calma
2023-05-05,17.19,127.42137,0.17948129632377635,0.0,calma
2023-05-08,16.98,127.42137,0.17725245841439158,0.0,calma
2023-05-09,17.71,127.42137,0.19369260146546946,0.0,calma
2023-05-10,16.94,127.42137,0.1796011971152121,0.0,calma
2023-05-11,16.93,127.42137,0.18096399616765818,0.0,calma
2023-05-12,17.03,127.42137,0.18427925878284349,0.0,calma
2023-05-15,17.12,127.42137,0.18772585349846088,0.0,calma
2023-05-16,17.99,127.42137,0.20799252405682106,0.0,calma
2023-05-17,16.87,127.42137,0.18628445017477144,0.0,calma
2023-05-18,16.05,127.42137,0.17246107421549228,0.0,calma
2023-05-19,16.81,127.42137,0.1881160039182297,0.0,calma
2023-05-23,18.53,127.42137,0.22789246558624343,0.0,calma
2023-05-24,20.03,127.42137,0.2696076761153559,0.0,calma
2023-05-25,19.14,127.42137,0.24635909484594085,0.0,calma
2023-05-26,17.95,127.42137,0.21808593327732634,0.0,calma
2023-05-29,17.46,127.42137,0.20843393318523312,0.0,calma
2023-05-30,17.46,127.42137,0.21006884622701277,0.0,calma
2023-05-31,17.94,127.42137,0.22211080768401528,0.0,calma
2023-06-01,15.65,156.19287,0.2998921607201098,0.0,calma
2023-06-02,14.6,156.19287,0.2837103315458416,0.0,calma
2023-06-05,14.73,156.19287,0.28661765769220326,0.0,calma
2023-06-06,13.96,156.19287,0.2768302008975932,0.0,calma
2023-06-07,13.94,156.19287,0.2780423722265654,0.0,calma
2023-06-08,13.65,156.19287,0.2756817491994111,0.0,calma
2023-06-13,14.61,156.19287,0.2906491716036378,0.0,calma
2023-06-14,13.88,156.19287,0.2810203325972812,0.0,calma
2023-06-15,14.5,156.19287,0.29152858676616,0.0,calma
2023-06-16,13.54,156.19287,0.27875969263342876,0.0,calma
2023-06-20,13.88,156.19287,0.284820740285868,0.0,calma
2023-06-21,13.2,156.19287,0.27675243454692555,0.0,calma
2023-06-22,12.91,156.19287,0.27447227376225275,0.0,calma
2023-06-23,13.44,156.19287,0.2831028644898046,0.0,calma
2023-06-26,14.25,156.19287,0.29677516728996245,0.0,calma
2023-06-27,13.74,156.19287,0.2904887533991277,0.0,calma
2023-06-28,13.43,156.19287,0.2876330377833729,0.0,calma
2023-06-29,13.54,156.19287,0.2909736301328975,0.0,calma
2023-06-30,13.59,156.19287,0.29342623310242333,0.0,calma
2023-07-04,13.7,141.05706,0.22476792249177538,0.0,calma
2023-07-05,14.18,141.05706,0.23436114817258227,0.0,calma
2023-07-06,15.44,141.05706,0.25920207005414364,0.0,calma
2023-07-07,14.83,141.05706,0.2490641474411916,0.0,calma
2023-07-10,15.07,141.05706,0.25441754664391136,0.0,calma
2023-07-11,14.84,141.05706,0.2510324041761495,0.0,calma
2023-07-12,13.54,141.05706,0.22989470708721071,0.0,calma
2023-07-13,13.61,141.05706,0.23205016820571986,0.0,calma
2023-07-14,13.34,141.05706,0.22906709346251075,0.0,calma
2023-07-17,13.48,141.05706,0.2327774203345008,0.0,calma
2023-07-18,13.3,141.05706,0.23148519507427387,0.0,calma
2023-07-19,13.76,141.05706,0.24069968878163644,0.0,calma
2023-07-21,13.6,141.05706,0.23966672964280483,0.0,calma
2023-07-24,13.91,141.05706,0.24663762420360358,0.0,calma
2023-07-25,13.86,141.05706,0.2470864188209324,0.0,calma
2023-07-26,13.19,141.05706,0.23690498779793523,0.0,calma
2023-07-27,14.41,141.05706,0.26020972903555145,0.0,calma
2023-07-28,13.33,141.05706,0.24186453014918613,0.0,calma
2023-08-01,13.93,113.79255,0.16183656943671407,0.0,calma
2023-08-02,16.09,113.79255,0.2098760617211622,0.0,calma
2023-08-03,15.92,113.79255,0.20762240471494067,0.0,calma
2023-08-08,15.99,113.79255,0.21111802410530026,0.0,calma
2023-08-09,15.96,113.79255,0.21219177638321654,0.0,calma
2023-08-10,15.85,113.79255,0.2113648768498395,0.0,calma
2023-08-11,14.84,113.79255,0.19032717096644208,0.0,calma
2023-08-14,14.82,113.79255,0.19179006657706751,0.0,calma
2023-08-15,16.46,113.79255,0.23209119707647802,0.0,calma
2023-08-16,16.78,113.79255,0.24197722336109953,0.0,calma
2023-08-17,17.89,113.79255,0.273946130416869,0.0,calma
2023-08-18,17.3,113.79255,0.25893587879917845,0.0,calma
2023-08-22,16.97,113.79255,0.2514513702056713,0.0,calma
2023-08-23,15.98,113.79255,0.2274781748280445,0.0,calma
2023-08-24,17.2,113.79255,0.26062340857699756,0.0,calma
2023-08-25,15.68,113.79255,0.2231530591066921,0.0,calma
2023-08-28,15.08,113.79255,0.2107537284083213,0.0,calma
2023-08-29,14.45,113.79255,0.19861761584881574,0.0,calma
2023-08-30,13.88,113.79255,0.18866428961669923,0.0,calma
2023-08-31,13.57,113.79255,0.1844056993750518,0.0,calma
2023-09-01,13.09,84.49314,0.1308663784460889,0.0,calma
2023-09-04,13.82,84.49314,0.14666442068073127,0.0,calma
2023-09-05,14.01,84.49314,0.15240840596047325,0.0,calma
2023-09-06,14.45,84.49314,0.1633756218076748,0.0,calma
2023-09-07,14.4,84.49314,0.16410570476231834,0.0,calma
2023-09-08,13.84,84.49314,0.15435808329272566,0.0,calma
2023-09-11,13.8,84.49314,0.15549475698670348,0.0,calma
2023-09-12,14.23,84.49314,0.16633180877780446,0.0,calma
2023-09-13,13.48,84.49314,0.15322056838072803,0.0,calma
2023-09-14,12.82,84.49314,0.14299437801790305,0.0,calma
2023-09-15,13.79,84.49314,0.16355014943946602,0.0,calma
2023-09-18,14.0,84.49314,0.1698234282671444,0.0,calma
2023-09-19,14.11,84.49314,0.17404542332382564,0.0,calma
2023-09-20,15.14,84.49314,0.19887839125210394,0.0,calma
2023-09-21,17.54,84.49314,0.2624960771446231,0.0,calma
2023-09-22,17.2,84.49314,0.2549911881432074,0.0,calma
2023-09-25,16.9,84.49314,0.24870977326586982,0.0,calma
2023-09-26,18.94,84.49314,0.3085253452646674,0.0,calma
2023-09-27,18.22,84.49314,0.28940393233530803,0.0,calma
2023-09-28,17.34,84.49314,0.26607429890975565,0.0,calma
2023-09-29,17.52,84.49314,0.2728686283388926,0.0,calma
2023-10-02,17.61,108.39746,0.32442408938822187,0.0,calma
2023-10-03,19.78,108.39746,0.3895264026352344,0.0,normal
2023-10-04,18.58,108.39746,0.35532085402732944,0.0,normal
2023-10-05,18.49,108.39746,0.3541451497014761,0.0,normal
2023-10-06,17.45,108.39746,0.32525048806666673,0.0,calma
2023-10-09,17.7,108.39746,0.333990237183636,0.0,calma
2023-10-10,17.03,108.39746,0.3162009995518583,0.0,calma
2023-10-11,16.09,108.39746,0.29172693240176784,0.0,calma
2023-10-12,16.69,108.39746,0.30977533144812136,0.0,calma
2023-10-13,19.32,108.39746,0.38981439452848876,0.0,normal
2023-10-17,17.88,108.39746,0.3474861345445227,0.0,calma
2023-10-18,19.22,108.39746,0.39101406297744506,0.0,normal
2023-10-19,21.4,108.39746,0.461999724065697,0.0,normal
2023-10-20,21.71,108.39746,0.47384495104812147,0.0,normal
2023-10-23,20.37,108.39746,0.43452184988013615,0.0,normal
2023-10-24,18.97,108.39746,0.39079052407991677,0.0,normal
2023-10-25,20.19,108.39746,0.4337306110785616,0.0,normal
2023-10-26,20.68,108.39746,0.45217060047750546,0.0,normal
2023-10-27,21.27,108.39746,0.4736179327027463,0.0,normal
2023-10-30,19.75,108.39746,0.4250706950229705,0.0,normal
2023-10-31,18.14,108.39746,0.37096402982798626,0.0,normal
2023-11-01,16.87,117.69793,0.35770193100481285,0.0,normal
2023-11-02,15.66,117.69793,0.31864366348827433,0.0,calma
2023-11-03,14.91,117.69793,0.2955845512102831,0.0,calma
2023-11-07,14.81,117.69793,0.29276381883760016,0.0,calma
2023-11-08,14.45,117.69793,0.2820550666379766,0.0,calma
2023-11-09,15.29,117.69793,0.3086136357071685,0.0,calma
2023-11-10,14.17,117.69793,0.27399663853490286,0.0,calma
2023-11-14,14.16,117.69793,0.2740231221637743,0.0,calma
2023-11-15,14.18,117.69793,0.2747997689734123,0.0,calma
2023-11-16,14.32,117.69793,0.27962886889386473,0.0,calma
2023-11-17,13.8,117.69793,0.26489163552665407,0.0,calma
2023-11-20,13.41,117.69793,0.2547001778105009,0.0,calma
2023-11-21,13.35,117.69793,0.2542287073949395,0.0,calma
2023-11-22,12.85,117.69793,0.24230529845718446,0.0,calma
2023-11-23,12.8,117.69793,0.24220059490529527,0.0,calma
2023-11-24,12.46,117.69793,0.23507022514757867,0.0,calma
2023-11-27,12.69,117.69793,0.24190333130514177,0.0,calma
2023-11-28,12.69,117.69793,0.24329680779136043,0.0,calma
2023-11-29,12.98,117.69793,0.2519720409712714,0.0,calma
2023-11-30,12.92,117.69793,0.25128179729589345,0.0,calma
2023-12-01,12.63,125.4752,0.2759292294168505,0.0,calma
2023-12-04,13.08,125.4752,0.28979820870277734,0.0,calma
2023-12-05,12.85,125.4752,0.2848186614492032,0.0,calma
2023-12-06,12.97,125.4752,0.28961706615750965,0.0,calma
2023-12-07,13.06,125.4752,0.29367681487260056,0.0,calma
2023-12-11,12.63,125.4752,0.28339517968172423,0.0,calma
2023-12-12,12.07,125.4752,0.2710548227062526,0.0,calma
2023-12-13,12.19,125.4752,0.27604618216497023,0.0,calma
2023-12-14,12.48,125.4752,0.28549901837703906,0.0,calma
2023-12-15,12.28,125.4752,0.2821469183216639,0.0,calma
2023-12-18,12.56,125.4752,0.29145194782363004,0.0,calma
2023-12-19,12.53,125.4752,0.2926114301231691,0.0,calma
2023-12-20,13.67,125.4752,0.32914814459643005,0.0,calma
2023-12-21,13.65,125.4752,0.33016338688746805,0.0,calma
2023-12-22,13.03,125.4752,0.312120124466772,0.0,calma
2023-12-26,12.99,125.4752,0.31262450742689635,0.0,calma
2023-12-27,12.43,125.4752,0.2980849032779352,0.0,calma
2023-12-28,12.47,125.4752,0.3008952618196745,0.0,calma
2024-01-02,13.2,105.77133,0.23916041578322617,0.0,calma
2024-01-03,14.04,105.77133,0.2695702911750596,0.0,calma
2024-01-04,14.13,105.77133,0.27424660135860307,0.0,calma
2024-01-05,13.35,105.77133,0.24758172563097686,0.0,calma
2024-01-09,12.76,105.77133,0.2298068199145776,0.0,calma
2024-01-10,12.69,105.77133,0.2289561116019873,0.0,calma
2024-01-11,12.44,105.77133,0.22288249867974436,0.0,calma
2024-01-12,12.7,105.77133,0.2322298001729671,0.0,calma
2024-01-15,13.25,105.77133,0.25144359574387937,0.0,calma
2024-01-16,13.84,105.77133,0.2739359670190187,0.0,calma
2024-01-17,14.79,105.77133,0.3131572120268492,0.0,calma
2024-01-18,14.13,105.77133,0.28727856152414677,0.0,calma
2024-01-19,13.3,105.77133,0.2572964815499885,0.0,calma
2024-01-23,12.55,105.77133,0.2335283401732175,0.0,calma
2024-01-29,13.6,105.77133,0.27114835318595004,0.0,calma
2024-01-30,13.31,105.77133,0.2617942236927997,0.0,calma
2024-01-31,14.35,105.77133,0.30387447806636436,0.0,calma
2024-02-01,13.88,121.96395,0.3646434749777929,0.0,normal
2024-02-02,13.85,121.96395,0.3646013352898312,0.0,normal
2024-02-05,13.67,121.96395,0.35866662188513976,0.0,normal
2024-02-06,13.06,121.96395,0.3369755779351283,0.0,calma
2024-02-07,12.83,121.96395,0.33018636278615887,0.0,calma
2024-02-08,12.79,121.96395,0.3301265972194261,0.0,calma
2024-02-09,12.93,121.96395,0.3363383045482965,0.0,calma
2024-02-12,13.93,121.96395,0.37590271688701793,0.0,normal
2024-02-13,15.85,121.96395,0.46361826073147105,0.0,normal
2024-02-14,14.38,121.96395,0.39688124825411997,0.0,normal
2024-02-15,14.01,121.96395,0.3821405458220201,0.0,normal
2024-02-16,14.24,121.96395,0.39308670176910687,0.0,normal
2024-02-19,14.71,121.96395,0.41501227934927604,0.0,normal
2024-02-20,15.42,121.96395,0.44911219839803707,0.0,normal
2024-02-21,15.34,121.96395,0.44618994335362505,0.0,normal
2024-02-22,14.54,121.96395,0.40996900344368137,0.0,normal
2024-02-23,13.75,121.96395,0.3768559481524189,0.0,normal
2024-02-26,13.74,121.96395,0.3775956180990053,0.0,normal
2024-02-27,13.43,121.96395,0.36610546928725607,0.0,normal
2024-02-28,13.84,121.96395,0.38416629560717264,0.0,normal
2024-02-29,13.4,121.96395,0.3672382206388662,0.0,normal
2024-03-01,13.11,87.23672,0.21364522693618374,0.0,calma
2024-03-04,13.49,87.23672,0.23058000070701873,0.0,calma
2024-03-05,14.46,87.23672,0.2743420229706848,0.0,calma
2024-03-06,14.5,87.23672,0.27797986601466323,0.0,calma
2024-03-07,14.44,87.23672,0.27701916206447563,0.0,calma
2024-03-08,14.74,87.23672,0.2927836197790472,0.0,calma
2024-03-11,15.22,87.23672,0.31745171681938916,0.0,calma
2024-03-12,13.84,87.23672,0.2548574419378491,0.0,calma
2024-03-13,13.75,87.23672,0.2527071687703677,0.0,calma
2024-03-14,14.4,87.23672,0.28376744087877326,0.0,calma
2024-03-15,14.41,87.23672,0.28601172382245504,0.0,calma
2024-03-18,14.33,87.23672,0.28398795004525834,0.0,calma
2024-03-19,13.82,87.23672,0.2620504815474764,0.0,calma
2024-03-20,13.04,87.23672,0.22997028969465447,0.0,calma
2024-03-21,12.92,87.23672,0.22664288560685075,0.0,calma
2024-03-22,13.06,87.23672,0.23409120943961986,0.0,calma
2024-03-26,13.24,87.23672,0.24344282596980826,0.0,calma
2024-03-27,12.78,87.23672,0.22575659396980943,0.0,calma
2024-04-01,13.65,93.20401,0.2834486007528336,0.0,calma
2024-04-02,14.61,93.20401,0.3316057842420611,0.0,calma
2024-04-03,14.33,93.20401,0.31888124528468265,0.0,calma
2024-04-04,16.35,93.20401,0.4253981382343238,0.0,normal
2024-04-05,16.03,93.20401,0.4099821738129011,0.0,normal
2024-04-08,15.19,93.20401,0.3674214686183259,0.0,normal
2024-04-09,14.98,93.20401,0.35825702031287643,0.0,normal
2024-04-10,15.8,93.20401,0.4066574311197372,0.0,normal
2024-04-11,14.91,93.20401,0.3582574965453671,0.0,normal
2024-04-12,17.31,93.20401,0.4984949509028417,0.0,normal
2024-04-15,19.23,93.20401,0.5860941109065105,0.0802091353478011,estres
2024-04-16,18.4,93.20401,0.5594370746290401,0.020971276953422418,estres
2024-04-17,18.21,93.20401,0.5534568813379321,0.0076819585287379874,estres
2024-04-18,18.0,93.20401,0.5469517041955816,0.0,normal
2024-04-19,18.71,93.20401,0.581247981931412,0.0694399598475822,estres
2024-04-22,16.94,93.20401,0.4971065714027779,0.0,normal
2024-04-23,15.69,93.20401,0.4208071456427833,0.0,normal
2024-04-24,15.97,93.20401,0.44126794509440287,0.0,normal
2024-04-25,15.37,93.20401,0.40279897758257666,0.0,normal
2024-04-26,15.03,93.20401,0.38132992726731674,0.0,normal
2024-04-29,14.67,93.20401,0.35848086012211794,0.0,normal
2024-04-30,15.65,93.20401,0.42683598975340775,0.0,normal
2024-05-02,14.68,106.48626,0.415072087015955,0.0,normal
2024-05-03,13.49,106.48626,0.33984691721386906,0.0,calma
2024-05-06,13.49,106.48626,0.34121139704394177,0.0,calma
2024-05-07,13.23,106.48626,0.32727560892205565,0.0,calma
2024-05-08,13.0,106.48626,0.31563196822691986,0.0,calma
2024-05-09,12.69,106.48626,0.30056890911504974,0.0,calma
2024-05-10,12.55,106.48626,0.2950439192741554,0.0,calma
2024-05-14,13.42,106.48626,0.3448435906194546,0.0,calma
2024-05-15,12.45,106.48626,0.29292969974028976,0.0,calma
2024-05-16,12.42,106.48626,0.293092295857361,0.0,calma
2024-05-17,11.99,106.48626,0.27486225970919764,0.0,calma
2024-05-20,12.15,106.48626,0.28378286139120346,0.0,calma
2024-05-21,11.86,106.48626,0.2723969112899873,0.0,calma
2024-05-22,12.29,106.48626,0.29343973457085015,0.0,calma
2024-05-24,11.93,106.48626,0.2784678272775601,0.0,calma
2024-05-27,12.36,106.48626,0.3003384145745568,0.0,calma
2024-05-28,12.92,106.48626,0.3315285390289555,0.0,calma
2024-05-29,14.28,106.48626,0.4194272657416233,0.0,normal
2024-05-30,14.47,106.48626,0.43425125763478056,0.0,normal
2024-05-31,12.92,106.48626,0.33386537582095066,0.0,calma
2024-06-04,13.16,103.8162,0.3365719529108864,0.0,calma
2024-06-05,12.63,103.8162,0.3070646890515921,0.0,calma
2024-06-06,12.58,103.8162,0.3057083349059191,0.0,calma
2024-06-07,12.22,103.8162,0.28826976243766067,0.0,calma
2024-06-11,12.85,103.8162,0.3239110851032817,0.0,calma
2024-06-12,12.04,103.8162,0.28204087430254254,0.0,calma
2024-06-13,11.94,103.8162,0.27863913542665075,0.0,calma
2024-06-14,12.66,103.8162,0.31762436172417274,0.0,calma
2024-06-17,12.75,103.8162,0.32409548764880747,0.0,calma
2024-06-18,12.3,103.8162,0.30053990394092484,0.0,calma
2024-06-19,12.48,103.8162,0.3114584769345077,0.0,calma
2024-06-20,13.28,103.8162,0.3608318716355542,0.0,normal
2024-06-21,13.2,103.8162,0.3567675400891116,0.0,normal
2024-06-24,13.33,103.8162,0.3666405159003995,0.0,normal
2024-06-25,12.84,103.8162,0.3362180125299569,0.0,calma
2024-06-26,12.55,103.8162,0.32001617831717144,0.0,calma
2024-06-27,12.24,103.8162,0.30369157505306027,0.0,calma
2024-06-28,12.44,103.8162,0.3164956870731457,0.0,calma
2024-07-02,12.03,115.8524,0.3574930306804014,0.0,normal
2024-07-03,12.09,115.8524,0.36261427290262294,0.0,normal
2024-07-04,12.26,115.8524,0.37359283616051886,0.0,normal
2024-07-05,12.48,115.8524,0.38780221445531193,0.0,normal
2024-07-08,12.37,115.8524,0.3830745668861847,0.0,normal
2024-07-09,12.51,115.8524,0.393063205556487,0.0,normal
2024-07-10,12.85,115.8524,0.4154020612058371,0.0,normal
2024-07-11,12.92,115.8524,0.42158941944139217,0.0,normal
2024-07-12,12.46,115.8524,0.3951022402257794,0.0,normal
2024-07-15,13.12,115.8524,0.43783968883624985,0.0,normal
2024-07-16,13.19,115.8524,0.44384046445036807,0.0,normal
2024-07-17,14.48,115.8524,0.5362737172323618,0.0,normal
2024-07-18,15.93,115.8524,0.6384385849673998,0.19653018881644393,estres
2024-07-19,16.52,115.8524,0.6751002161685875,0.2780004803746388,estres
2024-07-22,14.91,115.8524,0.5702723637723854,0.045049697271967545,estres
2024-07-23,14.72,115.8524,0.5577813968909844,0.017291993091076308,estres
2024-07-24,18.04,115.8524,0.7498812437800955,0.44418054173354543,estres
2024-07-25,18.46,115.8524,0.7647581052138295,0.4772402338085099,crisis
2024-07-26,16.39,115.8524,0.6702930800232113,0.26731795560713617,estres
2024-07-29,16.6,115.8524,0.6826951095213476,0.29487802115855016,estres
2024-07-30,17.69,115.8524,0.73684738451526,0.415216410033911,estres
2024-07-31,16.36,115.8524,0.6693374037703094,0.2651942306006874,estres
2024-08-01,18.59,116.29613,0.7733641452636553,0.49636476725256723,crisis
2024-08-02,23.39,116.29613,0.8415098853659906,0.6477997452577569,crisis
2024-08-05,38.57,116.29613,0.8531171894813148,0.6735937544029217,crisis
2024-08-06,27.71,116.29613,0.8487648268905978,0.6639218375346618,crisis
2024-08-07,27.85,116.29613,0.8489818059816887,0.6644040132926415,crisis
2024-08-09,20.37,116.29613,0.7787012367712612,0.5082249706028027,crisis
2024-08-12,20.71,116.29613,0.785965794925273,0.5243684331672732,crisis
2024-08-13,18.12,116.29613,0.7096648561103784,0.3548107913563965,estres
2024-08-14,16.19,116.29613,0.6259814049975877,0.1688475666613059,estres
2024-08-15,15.23,116.29613,0.579206906511611,0.0649042366924688,estres
2024-08-16,14.8,116.29613,0.5585118209632532,0.01891515769611823,estres
2024-08-20,15.88,116.29613,0.6140114196563344,0.14224759923629865,estres
2024-08-21,16.27,116.29613,0.6342137076899975,0.18714157264443884,estres
2024-08-22,17.55,116.29613,0.6930291052713426,0.3178424561585392,estres
2024-08-23,15.86,116.29613,0.6142591489989361,0.14279810888652453,estres
2024-08-26,16.15,116.29613,0.6284349684082338,0.17429992979607495,estres
2024-08-27,15.43,116.29613,0.5925734311149842,0.09460762469996474,estres
2024-08-28,17.11,116.29613,0.673043266190334,0.2734294804229645,estres
2024-08-29,15.65,116.29613,0.603272168967578,0.11838259770572872,estres
2024-08-30,15.0,116.29613,0.5704384649613494,0.04541881102522084,estres
2024-09-02,15.55,112.31229,0.5685727172660286,0.041272705035619126,estres
2024-09-03,20.72,112.31229,0.7621569946208333,0.4714599880462962,crisis
2024-09-04,21.32,112.31229,0.7731601851240718,0.4959115224979373,crisis
2024-09-05,19.9,112.31229,0.739479023513539,0.4210644966967533,estres
2024-09-06,22.38,112.31229,0.7889786852737144,0.5310637450526986,crisis
2024-09-09,19.45,112.31229,0.7241232902776618,0.3869406450614705,estres
2024-09-10,19.08,112.31229,0.7119402962782124,0.3598673250626942,estres
2024-09-11,17.69,112.31229,0.660461374419609,0.24546972093246425,estres
2024-09-12,17.07,112.31229,0.6342318585412516,0.187181907869448,estres
2024-09-13,16.56,112.31229,0.6111092503049347,0.13579833401096586,estres
2024-09-16,17.14,112.31229,0.6367732559034968,0.19282945756332606,estres
2024-09-17,17.61,112.31229,0.6561448237639343,0.23587738614207626,estres
2024-09-18,18.23,112.31229,0.6798878110030075,0.2886395800066834,estres
2024-09-19,16.33,112.31229,0.5981042516425871,0.10689833698352673,estres
2024-09-20,16.15,112.31229,0.5884613744859869,0.08546972107997079,estres
2024-09-23,15.89,112.31229,0.5750406932735956,0.055645985052434656,estres
2024-09-24,15.39,112.31229,0.5499249400002417,0.0,normal
2024-09-25,15.41,112.31229,0.5500864219630955,0.00019204880687887876,estres
2024-09-26,15.37,112.31229,0.5473151323019161,0.0,normal
2024-09-27,16.96,112.31229,0.6212003940450732,0.1582230978779404,estres
2024-09-30,16.73,112.31229,0.6096082519963011,0.13246278221400232,estres
2024-10-01,19.26,105.89523,0.6535860768351966,0.23019128185599247,estres
2024-10-02,18.9,105.89523,0.6396658636034362,0.1992574746743027,estres
2024-10-03,20.49,105.89523,0.6846608735556906,0.2992463856793124,estres
2024-10-04,19.21,105.89523,0.6455635519120886,0.2123634486935301,estres
2024-10-07,22.64,105.89523,0.722901383262242,0.3842252961383154,estres
2024-10-08,21.42,105.89523,0.6985833437397706,0.3301852083106013,estres
2024-10-09,20.86,105.89523,0.6837391462790879,0.2971981028424176,estres
2024-10-10,20.93,105.89523,0.6834012413217208,0.29644720293715715,estres
2024-10-11,20.46,105.89523,0.66973140299249,0.26606978442775553,estres
2024-10-15,20.64,105.89523,0.672296029810576,0.2717689551346133,estres
2024-10-16,19.58,105.89523,0.6410661713534733,0.2023692696743851,estres
2024-10-17,19.11,105.89523,0.6244506470709316,0.16544588237984784,estres
2024-10-18,18.03,105.89523,0.5836379439203235,0.07475098648960776,estres
2024-10-21,18.37,105.89523,0.5953457016270034,0.10076822583778525,estres
2024-10-22,18.2,105.89523,0.5888244241438103,0.08627649809735616,estres
2024-10-23,19.24,105.89523,0.6263571253122968,0.16968250069399285,estres
2024-10-24,19.08,105.89523,0.6209477924683999,0.15766176104088864,estres
2024-10-25,20.33,105.89523,0.6586370467500494,0.24141565944455418,estres
2024-10-28,19.8,105.89523,0.6429259253967352,0.20650205643718927,estres
2024-10-29,19.34,105.89523,0.6281671513051046,0.17370478067801012,estres
2024-10-30,20.35,105.89523,0.6575140953230337,0.23892021182896378,estres
2024-10-31,23.16,105.89523,0.713363301562381,0.3630295590275133,estres
2024-11-01,21.88,95.29997,0.6059640636638683,0.12436458591970735,estres
2024-11-05,20.49,95.29997,0.5738527603770684,0.053006134171263125,estres
2024-11-06,16.27,95.29997,0.4200379902212495,0.0,normal
2024-11-07,15.2,95.29997,0.37356837675932936,0.0,normal
2024-11-08,14.94,95.29997,0.3635582839644845,0.0,normal
2024-11-12,14.71,95.29997,0.35488742487567904,0.0,normal
2024-11-13,14.02,95.29997,0.3257057024651495,0.0,calma
2024-11-14,14.31,95.29997,0.33987118663657856,0.0,calma
2024-11-15,16.14,95.29997,0.4246912280886804,0.0,normal
2024-11-18,15.58,95.29997,0.40069538831195883,0.0,normal
2024-11-19,16.35,95.29997,0.43773880770443674,0.0,normal
2024-11-20,17.16,95.29997,0.47485553755693843,0.0,normal
2024-11-21,16.87,95.29997,0.46313780457911496,0.0,normal
2024-11-22,15.24,95.29997,0.3893735932708063,0.0,normal
2024-11-25,14.6,95.29997,0.3604309456166569,0.0,normal
2024-11-26,14.1,95.29997,0.3383708342891724,0.0,calma
2024-11-27,14.1,95.29997,0.339210353451032,0.0,calma
2024-11-28,13.9,95.29997,0.3310135236508178,0.0,calma
2024-11-29,13.51,95.29997,0.3148480406354709,0.0,calma
2024-12-02,13.34,160.52062,0.6092363723863873,0.13163638308086054,estres
2024-12-03,13.3,160.52062,0.6068817540988429,0.12640389799742865,estres
2024-12-04,13.45,160.52062,0.6125995065259859,0.13911001450219088,estres
2024-12-05,13.54,160.52062,0.61574264373792,0.1460947638620443,estres
2024-12-06,12.77,160.52062,0.5826394278704636,0.07253206193436354,estres
2024-12-09,14.19,160.52062,0.6428100388852387,0.2062445308560859,estres
2024-12-10,14.18,160.52062,0.6411573572088991,0.20257190490866459,estres
2024-12-11,13.58,160.52062,0.61317050047584,0.14037888994631098,estres
2024-12-12,13.92,160.52062,0.6268994445870881,0.17088765463797354,estres
2024-12-13,13.81,160.52062,0.6205938201543876,0.15687515589863898,estres
2024-12-16,14.69,160.52062,0.6592174148363767,0.24270536630305936,estres
2024-12-17,15.87,160.52062,0.7126798108831995,0.36151069085155446,estres
2024-12-18,27.62,160.52062,0.9697762545323538,0.9328361211830085,crisis
2024-12-19,24.09,160.52062,0.9417624283970549,0.8705831742156777,crisis
2024-12-20,18.36,160.52062,0.8067526376050985,0.5705614169002189,crisis
2024-12-23,16.78,160.52062,0.7412149949879409,0.42492221108431294,estres
2024-12-24,14.27,160.52062,0.6281099123756858,0.1735775830570795,estres
2024-12-26,14.73,160.52062,0.6470827162647679,0.21573936947726188,estres
2024-12-27,15.95,160.52062,0.7004833291554786,0.33440739812328574,estres
2024-12-30,17.4,160.52062,0.7618186927882675,0.47070820619615,crisis
