perfil,orness,orness_efectivo,s,activacion,regimen,t,fecha,ret,vol,dd,rotacion
Guardian,0.0625,0.0625,0.6154442897321936,0.14543175496043007,estres,252,2016-02-25,0.7730316047953599,0.07964446828915726,-0.005048888816620578,1.0
Guardian,0.0625,0.0625,0.35596838684909937,0.0,normal,273,2016-04-04,0.06150374264975425,0.07130978099880933,-0.018587636702110943,0.05338187903681123
Guardian,0.0625,0.0625,0.26956972874405283,0.0,calma,294,2016-05-06,-0.0816404485168309,0.0847005559033658,-0.034471122323487036,0.07715790956735591
Guardian,0.0625,0.0625,0.44365923757628345,0.0,normal,315,2016-06-15,0.20315561827198883,0.06291241725227943,-0.009396704614797913,0.06048027367197533
Guardian,0.0625,0.0625,0.5132572668254788,0.0,normal,336,2016-07-19,-0.13123294418791415,0.09995843466991114,-0.027985442980805075,0.05569297754733463
Guardian,0.0625,0.0625,0.37736073849802765,0.0,normal,357,2016-08-19,0.4554269383356529,0.10765654142160806,-0.012618730343347595,0.37164250927501574
Guardian,0.0625,0.0625,0.26185365139180355,0.0,calma,378,2016-09-22,-0.08521961275951889,0.06834833196209861,-0.02242130215553295,0.12369592995761183
Guardian,0.0625,0.0625,0.2950452153324541,0.0,calma,399,2016-10-26,-0.364942188407818,0.07894681315558698,-0.038798019161462194,0.20978351447103172
Guardian,0.0625,0.0625,0.32672323815315424,0.0,calma,420,2016-11-28,0.34114728304504355,0.09046492182300091,-0.009630950925556547,0.04239177171784822
Guardian,0.0625,0.0625,0.5499035861216901,0.0,normal,441,2016-12-28,0.1511382417379171,0.07895159699938124,-0.012215948837425827,0.18620841669880678
Guardian,0.0625,0.0625,0.3893008035033314,0.0,normal,462,2017-01-30,-0.2910407069987797,0.13759240362304037,-0.036703061969220574,0.17208622090447367
Guardian,0.0625,0.0625,0.49865091677263895,0.0,normal,483,2017-02-28,0.25046448327509807,0.06751276410411479,-0.010366266516285583,0.4532312794297516
Guardian,0.0625,0.0625,0.43641864912351636,0.0,normal,504,2017-03-30,0.10067763715478768,0.05416092660871375,-0.006098899703456784,0.04717563892438676
Guardian,0.0625,0.0625,0.3620826757018609,0.0,normal,525,2017-05-03,0.22728495337320684,0.0728750631889579,-0.012122591873673705,0.05251171478597262
Guardian,0.0625,0.0625,0.28749034685257574,0.0,calma,546,2017-06-05,0.14525558540783506,0.054121369160808036,-0.015823738902043805,0.2729779602989707
Guardian,0.0625,0.0625,0.3252023421128508,0.0,calma,567,2017-07-10,0.0020638888090662097,0.09430349372897129,-0.013321090911158628,0.2156955209480947
Guardian,0.0625,0.0625,0.6907368251531298,0.31274850034028845,estres,588,2017-08-10,-0.10285303955334088,0.08160930901016838,-0.01645489064207195,0.23671738565340872
Guardian,0.0625,0.0625,0.355993229036071,0.0,normal,609,2017-09-12,0.3466695878635323,0.06717076037707428,-0.009021486864470352,0.1500296230066726
Guardian,0.0625,0.0625,0.27710929649582894,0.0,calma,630,2017-10-11,0.21751074774236687,0.09716274716587184,-0.014779046987694278,0.36843058683420565
Guardian,0.0625,0.0625,0.42799101805625006,0.0,normal,651,2017-11-14,0.32695685209646136,0.04856991384005895,-0.004793251364971662,0.39489836785176446
Guardian,0.0625,0.0625,0.22699525481608304,0.0,calma,672,2017-12-18,0.582270894866548,0.14237978757480677,-0.007849259107092,0.21328949220609297
Guardian,0.0625,0.0625,0.4913034438761035,0.0,normal,693,2018-01-26,-0.34984350617046883,0.10019612862627401,-0.04053670599881254,0.16838393988965433
Guardian,0.0625,0.0625,0.7251380360686159,0.38919563570803534,estres,714,2018-02-26,-0.20685667692667487,0.07315218441315706,-0.02149082021533444,0.3556016739881845
Guardian,0.0625,0.0625,0.8682230140903875,0.7071622535341944,crisis,735,2018-04-04,0.20635714752251152,0.05755768666753147,-0.01066422842714776,0.18629048518468289
Guardian,0.0625,0.0625,0.49615151135951263,0.0,normal,756,2018-05-10,-0.01410569261732851,0.06976910274582449,-0.01881557142103185,0.13658679415973807
Guardian,0.0625,0.0625,0.6251490584250994,0.16699790761133187,estres,777,2018-06-19,-0.4292441507669673,0.1019374086791922,-0.045821315178137145,0.09273412997061985
Guardian,0.0625,0.0625,0.4639978216777871,0.0,normal,798,2018-07-25,0.12891371550872247,0.048697015458696834,-0.009841645457775772,0.23856265343890207
Guardian,0.0625,0.0625,0.4063284056669997,0.0,normal,819,2018-09-04,-0.5712743777768565,0.07524027046786191,-0.043604314185138215,0.053004884925087814
Guardian,0.0625,0.0625,0.5657533211085564,0.035007380241236265,estres,840,2018-10-16,-0.8513123582340776,0.16657225069891596,-0.08545812673297515,0.25596156072847576
Guardian,0.0625,0.0625,0.6964010124351729,0.32533558318927314,estres,861,2018-11-23,-0.06271945295317059,0.15897710114929547,-0.0606806759441999,0.254239562879218
Guardian,0.0625,0.0625,0.9030606530182176,0.7845792289293724,crisis,882,2018-12-24,0.7843685162771977,0.10290690611911718,-0.01785350166771349,0.32626461277517893
Guardian,0.0625,0.0625,0.7399438488100012,0.4220974418000026,estres,903,2019-01-28,0.5799698086089088,0.09667157865033389,-0.020695982760793985,0.14096533327916297
Guardian,0.0625,0.0625,0.6241102380144226,0.16468941780982782,estres,924,2019-02-26,0.21249170822423608,0.13847586007981363,-0.03374846617561067,0.03267358933781218
Guardian,0.0625,0.0625,0.3478737663876543,0.0,calma,945,2019-03-28,0.2960165224803977,0.0984380290570206,-0.02077307653394045,0.12178856393996487
Guardian,0.0625,0.0625,0.5081940108583676,0.0,normal,966,2019-05-08,-0.3013920235401936,0.10503515274844522,-0.040782010748332875,0.13441595672717022
Guardian,0.0625,0.0625,0.46419333319904943,0.0,normal,987,2019-06-13,0.5994902457458703,0.06618527202345535,-0.0036662657062902504,0.15103485521465082
Guardian,0.0625,0.0625,0.4947126999116864,0.0,normal,1008,2019-07-17,-0.4920072410166853,0.16822134836327302,-0.050913963466434065,0.0594913361635163
Guardian,0.0625,0.0625,0.666422631434058,0.258716958742351,estres,1029,2019-08-26,0.37836280296433666,0.07124340237525231,-0.005179164011673176,0.2327960655768337
Guardian,0.0625,0.0625,0.6176023826164632,0.15022751692547362,estres,1050,2019-09-26,0.3162632656436899,0.08914177182596464,-0.010012128285849742,0.15281357223315212
Guardian,0.0625,0.0625,0.35808501880119625,0.0,normal,1071,2019-10-31,-0.08871168052285282,0.07917695510038486,-0.02733669044485343,0.0961369047797985
Guardian,0.0625,0.0625,0.39041253870239667,0.0,normal,1092,2019-12-05,0.3139832153350004,0.06521354408105892,-0.009274722661306245,0.38969595605819984
Guardian,0.0625,0.0625,0.37196680709993984,0.0,normal,1113,2020-01-10,-0.08436346133617457,0.088217738743249,-0.02120885029511177,0.3207702688834482
Guardian,0.0625,0.0625,0.43841155823541095,0.0,normal,1134,2020-02-10,-0.6224152835108303,0.2442610267798579,-0.09809867480461387,0.4306371557743424
Guardian,0.0625,0.0625,0.863455985209673,0.6965688560214957,crisis,1155,2020-03-10,-0.4727891409606614,0.6830025325733229,-0.20516801549399022,0.6131288707010702
Guardian,0.0625,0.0625,0.8914959713043604,0.7588799362319121,crisis,1176,2020-04-15,-0.8760181521057906,0.18746286372520393,-0.07194556420666487,0.6941066998856482
Guardian,0.0625,0.0625,0.7714611558061377,0.4921359017914171,crisis,1197,2020-05-15,-0.444919340205647,0.18941363898931143,-0.0549375097358441,0.19337047413317177
Guardian,0.0625,0.0625,0.7810085425608808,0.5133523168019574,crisis,1218,2020-06-18,0.4927226592603043,0.09641573785648057,-0.014050975640364283,0.10951635433179499
Guardian,0.0625,0.0625,0.5718830946763103,0.048629099280689383,estres,1239,2020-07-22,0.25586119126701445,0.22483998930064425,-0.05766668000618291,0.06052129862964463
Guardian,0.0625,0.0625,0.6005629399982322,0.11236208888496031,estres,1260,2020-08-25,0.7266764072530938,0.15296296688002922,-0.02751639213612489,0.2041328819548305
Guardian,0.0625,0.0625,0.5639775507110596,0.031061223802354557,estres,1281,2020-09-23,0.25493316434402685,0.09766705323207128,-0.0159353482648682,0.13461526751680547
Guardian,0.0625,0.0625,0.5299065364488478,0.0,normal,1302,2020-10-23,0.21224435203282746,0.32612000064856134,-0.0646945384098685,0.07948891187295805
Guardian,0.0625,0.0625,0.47909043093052905,0.0,normal,1323,2020-11-26,0.9529336710192678,0.17789644849081085,-0.026654940888467094,0.3167948136545281
Guardian,0.0625,0.0625,0.46916103649950835,0.0,normal,1344,2020-12-30,-0.3938451832371369,0.1689960138994696,-0.052165034149057266,0.13732559413044906
Guardian,0.0625,0.0625,0.3784004494794452,0.0,normal,1365,2021-02-03,-0.18635382117945976,0.09081225569103242,-0.03512531626204096,0.26959109495805705
Guardian,0.0625,0.0625,0.34939180294587857,0.0,calma,1386,2021-03-04,0.05342140736455402,0.12003656214718096,-0.02241178082478923,0.054561285245555605
Guardian,0.0625,0.0625,0.19762474306448946,0.0,calma,1407,2021-04-07,-0.4687075961446708,0.1313940279053472,-0.05652475101241927,0.1813113209113708
Guardian,0.0625,0.0625,0.147804356619918,0.0,calma,1428,2021-05-07,0.08513015691352878,0.23214077555594131,-0.09920323905356809,1.1099046692174432
Guardian,0.0625,0.0625,0.2142177918650774,0.0,calma,1449,2021-06-09,0.26167919936921585,0.10135086565074414,-0.015201826094976778,0.4041440094654346
Guardian,0.0625,0.0625,0.19742955570839169,0.0,calma,1470,2021-07-12,-0.6491272989737527,0.09460210044249993,-0.053793837451529436,0.28227768052124136
Guardian,0.0625,0.0625,0.24593358574389113,0.0,calma,1491,2021-08-11,0.7543768096399326,0.1486079769987332,-0.01542551906508538,0.11297764459850183
Guardian,0.0625,0.0625,0.37410311521512224,0.0,normal,1512,2021-09-10,0.47047515872243373,0.08088135814224066,-0.014584665998088275,0.5599194460239595
Guardian,0.0625,0.0625,0.3845903583002782,0.0,normal,1533,2021-10-11,-0.04881806046759753,0.09493231732688012,-0.02175946254480421,0.18260240954320958
Guardian,0.0625,0.0625,0.31091413193106915,0.0,calma,1554,2021-11-11,-0.42736175147209243,0.10915241480163301,-0.03042620416191255,0.18819650738823895
Guardian,0.0625,0.0625,0.5552148416564573,0.01158853701434944,estres,1575,2021-12-14,0.33528071722306285,0.1375572491647948,-0.021348682341920333,0.3258478531788988
Guardian,0.0625,0.0625,0.516287245544993,0.0,normal,1596,2022-01-14,0.9199805687868687,0.2456062088677012,-0.02578137179681861,0.2761149095873308
Guardian,0.0625,0.0625,0.7108546852324356,0.35745485607207894,estres,1617,2022-02-17,-0.1753289569702974,0.08131707940575868,-0.019996665057294027,0.2303152247267444
Guardian,0.0625,0.0625,0.5553987329562639,0.011997184347252906,estres,1638,2022-03-22,-0.8950115171213763,0.27377646419851537,-0.08008216820819958,0.17502254430517483
Guardian,0.0625,0.0625,0.8653286833859717,0.7007304075243815,crisis,1659,2022-04-25,-1.072252471829896,0.17880607642711527,-0.08607393212345826,0.5506919961523707
Guardian,0.0625,0.0625,0.7279530666603018,0.39545125924511504,estres,1680,2022-05-25,-0.37332051725146,0.2595751763581363,-0.1158000753663263,0.5252464182373576
Guardian,0.0625,0.0625,0.7657868840340056,0.4795264089644569,crisis,1701,2022-06-30,-0.573098116471917,0.19728855386677674,-0.08515337888657037,0.5907936501566596
Guardian,0.0625,0.0625,0.6355242361141813,0.19005385803151392,estres,1722,2022-08-03,-0.8597182120461954,0.14047982940371806,-0.09745305369444213,0.24009865584554138
Guardian,0.0625,0.0625,0.6328810785081836,0.18418017446263024,estres,1743,2022-09-05,-0.5510887272293291,0.16582731162699355,-0.07597219387161991,0.19287253504073862
Guardian,0.0625,0.0625,0.7344404385829632,0.4098676412954736,estres,1764,2022-10-04,0.112708639537279,0.284163356117805,-0.04114439996538244,0.24338685235804217
Guardian,0.0625,0.0625,0.5889648761865187,0.08658861374781927,estres,1785,2022-11-04,0.1989820003577726,0.24076417876610162,-0.0485576575005392,0.16227200960693977
Guardian,0.0625,0.0625,0.5490170558894578,0.0,normal,1806,2022-12-12,0.36907273818534103,0.1884566107582479,-0.031876003466199454,0.2921881448796751
Guardian,0.0625,0.0625,0.180603012933448,0.0,calma,1827,2023-01-12,-0.873852865805888,0.12379015648958923,-0.0796665902795064,0.13582275442574795
Guardian,0.0625,0.0625,0.23975967025198858,0.0,calma,1848,2023-02-10,0.22899490083032736,0.19729022426039716,-0.0319547905537273,0.1572791882300279
Guardian,0.0625,0.0625,0.40306146360228634,0.0,normal,1869,2023-03-13,1.1386387812229026,0.22961071580270553,-0.024030845889950192,0.1576504240436141
Guardian,0.0625,0.0625,0.24061662076100043,0.0,calma,1890,2023-04-17,-0.5434205392841651,0.14858276345541177,-0.0352693592378015,0.19865470162031149
Guardian,0.0625,0.0625,0.18628445017477882,0.0,calma,1911,2023-05-17,0.14767196506375155,0.1664199716372358,-0.030947052837533295,0.14146422303600556
Guardian,0.0625,0.0625,0.2767524345469246,0.0,calma,1932,2023-06-21,-0.01285926298304205,0.19036204557852876,-0.03851716197990418,0.17854200516766786
Guardian,0.0625,0.0625,0.24663762420360838,0.0,calma,1953,2023-07-24,-0.7172987291825684,0.10110202512974249,-0.05983561619508049,0.5134815082151611
Guardian,0.0625,0.0625,0.21075372840832823,0.0,calma,1974,2023-08-28,-0.02640700784211971,0.2514323039942507,-0.05865974653990391,0.23962970957039664
Guardian,0.0625,0.0625,0.30852534526467223,0.0,calma,1995,2023-09-26,0.265519855715513,0.1547859569274264,-0.031128599715724237,0.5197761948157147
Guardian,0.0625,0.0625,0.45217060047750995,0.0,normal,2016,2023-10-26,0.16919960495352718,0.06887294355395973,-0.017097958363956556,0.48605758779616004
Guardian,0.0625,0.0625,0.24329680779136587,0.0,calma,2037,2023-11-28,1.918431602653168,0.1552724274878172,-0.022070056451114928,0.21375307801530835
Guardian,0.0625,0.0625,0.23916041578323619,0.0,calma,2058,2024-01-02,0.8261589155892867,0.1318648363019926,-0.016906490431187193,0.3097061791075263
Guardian,0.0625,0.0625,0.3301863627861628,0.0,calma,2079,2024-02-07,0.29679944674512787,0.12321005782302819,-0.02501045875650243,0.1606285769935346
Guardian,0.0625,0.0625,0.2770191620644881,0.0,calma,2100,2024-03-07,0.6491149724817685,0.18145282745796043,-0.044061059481566134,0.2048182821319413
Guardian,0.0625,0.0625,0.40665743111974584,0.0,normal,2121,2024-04-10,0.4465531533585582,0.24867052397196043,-0.046894686726124846,0.43573053276877804
Guardian,0.0625,0.0625,0.2950439192741676,0.0,calma,2142,2024-05-10,0.5268023469944462,0.1336849364422447,-0.019123746626527605,0.40145604825694337
Guardian,0.0625,0.0625,0.31762436172418584,0.0,calma,2163,2024-06-14,-0.13399500114259677,0.10980579199992731,-0.02542920155846029,0.3290689708517331
Guardian,0.0625,0.0625,0.44384046445036895,0.0,normal,2184,2024-07-16,0.07938435451960615,0.1064980317499156,-0.03514468018190886,0.23743423685397388
Guardian,0.0625,0.0625,0.5792069065115942,0.06490423669243153,estres,2205,2024-08-15,0.2721346528594118,0.0979290075979277,-0.01797371493621247,0.16310787920317432
Guardian,0.0625,0.0625,0.6367732559034824,0.19282945756329423,estres,2226,2024-09-16,0.24427928725299383,0.07812999141639962,-0.012642113421224566,0.18588872330430803
Guardian,0.0625,0.0625,0.6410661713534825,0.20236926967440555,estres,2247,2024-10-16,0.30332181093797805,0.12247638256874874,-0.019137672439475284,0.3449858599666657
Guardian,0.0625,0.0625,0.400695388311994,0.0,normal,2268,2024-11-18,0.105463082896774,0.06333316568404623,-0.018988436868241365,0.2192850953211056
Sentinel,0.1875,0.17915585305914533,0.6154442897321936,0.14543175496043007,estres,252,2016-02-25,0.7093175241558295,0.08674816930273235,-0.009196115178983888,0.9999999999999999
Sentinel,0.1875,0.1875,0.35596838684909937,0.0,normal,273,2016-04-04,0.056175138887100906,0.07083631629939545,-0.01856779963273869,0.12564389336156778
Sentinel,0.1875,0.1875,0.26956972874405283,0.0,calma,294,2016-05-06,-0.08277046110725868,0.08021714800253305,-0.032525543048180006,0.10630422860302258
Sentinel,0.1875,0.1875,0.44365923757628345,0.0,normal,315,2016-06-15,0.16814812065869886,0.05677721438859552,-0.00878673701940147,0.05627749059877663
Sentinel,0.1875,0.1875,0.5132572668254788,0.0,normal,336,2016-07-19,-0.12543996851137038,0.09901813250633842,-0.027739731655487376,0.05291228659385332
Sentinel,0.1875,0.1875,0.37736073849802765,0.0,normal,357,2016-08-19,0.8313275276645884,0.1432286802872451,-0.014389437170779784,0.09774916101539405
Sentinel,0.1875,0.1875,0.26185365139180355,0.0,calma,378,2016-09-22,-0.12317347260843857,0.06936397417334728,-0.021235265903600697,0.2544256140515708
Sentinel,0.1875,0.1875,0.2950452153324541,0.0,calma,399,2016-10-26,-0.3566612618705092,0.08318608726744554,-0.039655960128814005,0.18981855792981128
Sentinel,0.1875,0.1875,0.32672323815315424,0.0,calma,420,2016-11-28,0.31772640114213013,0.08727444673547764,-0.009703154326406671,0.11242859028219793
Sentinel,0.1875,0.1875,0.5499035861216901,0.0,normal,441,2016-12-28,0.17767292778705884,0.08277322796178418,-0.015605456977518917,0.24217847922155142
Sentinel,0.1875,0.1875,0.3893008035033314,0.0,normal,462,2017-01-30,-0.14250585237530008,0.12651134714574705,-0.03132439790174468,0.2189818597820576
Sentinel,0.1875,0.1875,0.49865091677263895,0.0,normal,483,2017-02-28,0.2543835305959677,0.059533665148393734,-0.008413098871097757,0.32790563283751145
Sentinel,0.1875,0.1875,0.43641864912351636,0.0,normal,504,2017-03-30,0.131293945388797,0.041477471803165265,-0.006948391032871037,0.06906033676659158
Sentinel,0.1875,0.1875,0.3620826757018609,0.0,normal,525,2017-05-03,0.413634445616866,0.05477216209229806,-0.006792406249551131,0.09079290360191976
Sentinel,0.1875,0.1875,0.28749034685257574,0.0,calma,546,2017-06-05,0.12544567039200616,0.053251064863741794,-0.015765208475449932,0.22399127768040145
Sentinel,0.1875,0.1875,0.3252023421128508,0.0,calma,567,2017-07-10,0.15311006804617786,0.07888455590542887,-0.011902853085660525,0.1506134245245856
Sentinel,0.1875,0.16955605479297595,0.6907368251531298,0.31274850034028845,estres,588,2017-08-10,0.007736454154612542,0.06896099526597935,-0.013750969790565226,0.27911645112252237
Sentinel,0.1875,0.1875,0.355993229036071,0.0,normal,609,2017-09-12,0.3776948485793227,0.05764273979820148,-0.007179382631292697,0.17054826253033456
Sentinel,0.1875,0.1875,0.27710929649582894,0.0,calma,630,2017-10-11,0.1424418240878582,0.08679957156250656,-0.013541782130812141,0.23293839950744774
Sentinel,0.1875,0.1875,0.42799101805625006,0.0,normal,651,2017-11-14,0.34802424743487004,0.04716527044021024,-0.004090295351029338,0.2940075557058859
Sentinel,0.1875,0.1875,0.22699525481608304,0.0,calma,672,2017-12-18,0.6438830565847545,0.13836616176798316,-0.006114663437485124,0.16649626386598598
Sentinel,0.1875,0.1875,0.4913034438761035,0.0,normal,693,2018-01-26,-0.3851951700565134,0.10111332619014851,-0.04366381525153773,0.15318543735565793
Sentinel,0.1875,0.16516990040125146,0.7251380360686159,0.38919563570803534,estres,714,2018-02-26,-0.20661078758347126,0.0729073711382595,-0.022898641294100797,0.31374602463542045
Sentinel,0.1875,0.1469265657034756,0.8682230140903875,0.7071622535341944,crisis,735,2018-04-04,0.2163926143679607,0.05928523264230049,-0.01092012157893929,0.15374438168773716
Sentinel,0.1875,0.1875,0.49615151135951263,0.0,normal,756,2018-05-10,-0.011037638826172372,0.06912502649996878,-0.01873846117994038,0.1503054938990571
Sentinel,0.1875,0.17791849505079982,0.6251490584250994,0.16699790761133187,estres,777,2018-06-19,-0.41750250965991664,0.10189409919457527,-0.04491552528424203,0.0715974468496434
Sentinel,0.1875,0.1875,0.4639978216777871,0.0,normal,798,2018-07-25,0.11310115110927131,0.054167559592691074,-0.010278949773319668,0.21595782495177335
Sentinel,0.1875,0.1875,0.4063284056669997,0.0,normal,819,2018-09-04,-0.5104993777337979,0.07202082935197003,-0.03825865680546792,0.12212892627855901
Sentinel,0.1875,0.18549145155865907,0.5657533211085564,0.035007380241236265,estres,840,2018-10-16,-0.9458102684742774,0.17114228619536254,-0.09240868240214917,0.1462383774572901
Sentinel,0.1875,0.16883387091451546,0.6964010124351729,0.32533558318927314,estres,861,2018-11-23,-0.16840627618294204,0.16663142996856792,-0.06743003243301005,0.1569063376516785
Sentinel,0.1875,0.14248476674017727,0.9030606530182176,0.7845792289293724,crisis,882,2018-12-24,0.7335656626220904,0.09191306799462955,-0.015220553223538213,0.3460264989567532
Sentinel,0.1875,0.16328215927672485,0.7399438488100012,0.4220974418000026,estres,903,2019-01-28,0.609934447412523,0.09162771679481867,-0.018105032380629216,0.13161886070275677
Sentinel,0.1875,0.17805094465316113,0.6241102380144226,0.16468941780982782,estres,924,2019-02-26,0.3216709364663173,0.14112906194645075,-0.03195725489063428,0.039821304830532804
Sentinel,0.1875,0.1875,0.3478737663876543,0.0,calma,945,2019-03-28,0.32156681340696064,0.09093625755035803,-0.01863149311323198,0.13796884697116135
Sentinel,0.1875,0.1875,0.5081940108583676,0.0,normal,966,2019-05-08,-0.1803151604429872,0.09421100269772555,-0.030652322191638937,0.08801618847458742
Sentinel,0.1875,0.1875,0.46419333319904943,0.0,normal,987,2019-06-13,0.5827118099648964,0.07210245098410217,-0.005700287868073972,0.10977179540367159
Sentinel,0.1875,0.1875,0.4947126999116864,0.0,normal,1008,2019-07-17,-0.46257371731936325,0.16740811101522374,-0.048894582971131695,0.09621188997057491
Sentinel,0.1875,0.17265611449215762,0.666422631434058,0.258716958742351,estres,1029,2019-08-26,0.4379678321678356,0.06903158752249935,-0.004266712490505364,0.19019639303442942
Sentinel,0.1875,0.17888069621640096,0.6176023826164632,0.15022751692547362,estres,1050,2019-09-26,0.337702690007296,0.09242444123155723,-0.009586623480767775,0.14168522132550826
Sentinel,0.1875,0.1875,0.35808501880119625,0.0,normal,1071,2019-10-31,-0.16774083032177553,0.0784996336064543,-0.030237369397100977,0.13193472531023287
Sentinel,0.1875,0.1875,0.39041253870239667,0.0,normal,1092,2019-12-05,0.28997572735622,0.06980066981099585,-0.010368575460521723,0.37650145543154
Sentinel,0.1875,0.1875,0.37196680709993984,0.0,normal,1113,2020-01-10,-0.07142519299815885,0.08918816921693057,-0.019857445334240387,0.2621402469469323
Sentinel,0.1875,0.1875,0.43841155823541095,0.0,normal,1134,2020-02-10,-0.576460366695266,0.24769171675785737,-0.09788886908805239,0.3374851086698079
Sentinel,0.1875,0.14753436188576668,0.863455985209673,0.6965688560214957,crisis,1155,2020-03-10,-0.564201724040782,0.6501839940165847,-0.1873936350201123,0.32902830444108033
Sentinel,0.1875,0.14395926365869405,0.8914959713043604,0.7588799362319121,crisis,1176,2020-04-15,-0.861544265126392,0.19234128840544046,-0.07309198199725131,0.6170522316244659
Sentinel,0.1875,0.15926370263471745,0.7714611558061377,0.4921359017914171,crisis,1197,2020-05-15,-0.24047784447839116,0.19393397782815455,-0.04446772738760807,0.10099459541176795
Sentinel,0.1875,0.1580464108234877,0.7810085425608808,0.5133523168019574,crisis,1218,2020-06-18,0.45702221677490656,0.08474507633982557,-0.015520257302280793,0.10049922461456248
Sentinel,0.1875,0.18470990542877044,0.5718830946763103,0.048629099280689383,estres,1239,2020-07-22,0.31829791098119475,0.20524140687314152,-0.053209734645066176,0.09947184485079746
Sentinel,0.1875,0.1810532251502254,0.6005629399982322,0.11236208888496031,estres,1260,2020-08-25,0.6838348266389426,0.14677272542366473,-0.02498613562944385,0.17808941521296517
Sentinel,0.1875,0.1857178622843399,0.5639775507110596,0.031061223802354557,estres,1281,2020-09-23,0.31652413396811846,0.08966438363406527,-0.012516141857418894,0.16702714762965334
Sentinel,0.1875,0.1875,0.5299065364488478,0.0,normal,1302,2020-10-23,0.08300786578599263,0.28468299165076105,-0.05942915474197541,0.08113097002060247
Sentinel,0.1875,0.1875,0.47909043093052905,0.0,normal,1323,2020-11-26,0.9730525261525932,0.16882569309000742,-0.022699860027924568,0.19396239967286072
Sentinel,0.1875,0.1875,0.46916103649950835,0.0,normal,1344,2020-12-30,-0.3887852476423778,0.15104548902143064,-0.05461422477043898,0.09612379565603839
Sentinel,0.1875,0.1875,0.3784004494794452,0.0,normal,1365,2021-02-03,-0.13956809354776278,0.08418040969735041,-0.026259306140335004,0.3185020957913313
Sentinel,0.1875,0.1875,0.34939180294587857,0.0,calma,1386,2021-03-04,0.06287003044397729,0.08083203228869189,-0.020693610870448298,0.11694720865741706
Sentinel,0.1875,0.1875,0.19762474306448946,0.0,calma,1407,2021-04-07,-0.47486758195364964,0.13669455011827192,-0.061330548487473435,0.19329656813895002
Sentinel,0.1875,0.1875,0.147804356619918,0.0,calma,1428,2021-05-07,0.03150655036397334,0.2529427363099464,-0.11034273789378535,0.5067511190471181
Sentinel,0.1875,0.1875,0.2142177918650774,0.0,calma,1449,2021-06-09,0.16304843016756454,0.09038185184746479,-0.018338635128475445,0.40367111668290656
Sentinel,0.1875,0.1875,0.19742955570839169,0.0,calma,1470,2021-07-12,-0.6242001724443546,0.08878534866409929,-0.05206075829398149,0.19936487273429251
Sentinel,0.1875,0.1875,0.24593358574389113,0.0,calma,1491,2021-08-11,0.6906284638335669,0.13538429556603357,-0.014990687123932478,0.1617696597130352
Sentinel,0.1875,0.1875,0.37410311521512224,0.0,normal,1512,2021-09-10,0.42985635911756875,0.07604213053007261,-0.01491347229589779,0.286898482100848
Sentinel,0.1875,0.1875,0.3845903583002782,0.0,normal,1533,2021-10-11,-0.08526985938663219,0.09013923575223741,-0.02140031282884247,0.13057926089826372
Sentinel,0.1875,0.1875,0.31091413193106915,0.0,calma,1554,2021-11-11,-0.22360196250622788,0.12047422208387265,-0.022171787079974803,0.15261582531882034
Sentinel,0.1875,0.1868351076888017,0.5552148416564573,0.01158853701434944,estres,1575,2021-12-14,0.1758659515495433,0.13775637575990518,-0.020472092974120448,0.2014012997628255
Sentinel,0.1875,0.1875,0.516287245544993,0.0,normal,1596,2022-01-14,0.644249331168275,0.21425502551653094,-0.030021690891844255,0.2450944817866789
Sentinel,0.1875,0.16699102763286447,0.7108546852324356,0.35745485607207894,estres,1617,2022-02-17,-0.19103322530072514,0.07706983231448619,-0.019238458335768094,0.1649234673330503
Sentinel,0.1875,0.18681166154807635,0.5553987329562639,0.011997184347252906,estres,1638,2022-03-22,-0.545926620831263,0.18458933905568983,-0.05264045620484248,0.14989976694497742
Sentinel,0.1875,0.1472955928682886,0.8653286833859717,0.7007304075243815,crisis,1659,2022-04-25,-1.111120733158074,0.1736755423320359,-0.08954621848830857,0.3435863082165599
Sentinel,0.1875,0.1648109840008115,0.7279530666603018,0.39545125924511504,estres,1680,2022-05-25,-0.41020737686750014,0.2628974029960896,-0.126227823093215,0.5294225461736106
Sentinel,0.1875,0.15998717228566428,0.7657868840340056,0.4795264089644569,crisis,1701,2022-06-30,-0.5577561907327946,0.19995520466053776,-0.0849015464817694,0.4438685173325895
Sentinel,0.1875,0.1765956598954419,0.6355242361141813,0.19005385803151392,estres,1722,2022-08-03,-0.8342689798523205,0.13942470584220026,-0.09576981576720378,0.13893050160786902
Sentinel,0.1875,0.1769326624902066,0.6328810785081836,0.18418017446263024,estres,1743,2022-09-05,-0.6378329103442144,0.18630654319560264,-0.07848831314540627,0.190340051824421
Sentinel,0.1875,0.1639838440806722,0.7344404385829632,0.4098676412954736,estres,1764,2022-10-04,0.10493034783936263,0.2955826858681978,-0.04224009050308464,0.33089635026267955
Sentinel,0.1875,0.18253197828621887,0.5889648761865187,0.08658861374781927,estres,1785,2022-11-04,0.19755297118261833,0.22655227267166395,-0.053549161063770945,0.17876977157503987
Sentinel,0.1875,0.1875,0.5490170558894578,0.0,normal,1806,2022-12-12,0.4465810787764037,0.16588071420822248,-0.03149568906880318,0.2354526872528297
Sentinel,0.1875,0.1875,0.180603012933448,0.0,calma,1827,2023-01-12,-0.9599655430466822,0.11993335675240523,-0.08659484761545488,0.11034133571635864
Sentinel,0.1875,0.1875,0.23975967025198858,0.0,calma,1848,2023-02-10,-0.0008314743082314599,0.1933992964096223,-0.031262791948273194,0.1416550125937484
Sentinel,0.1875,0.1875,0.40306146360228634,0.0,normal,1869,2023-03-13,1.150485548569286,0.20867757392146122,-0.024550121221852184,0.14048102056148354
Sentinel,0.1875,0.1875,0.24061662076100043,0.0,calma,1890,2023-04-17,-0.49627936996290706,0.14896081111150986,-0.03251793109400403,0.1839264514819824
Sentinel,0.1875,0.1875,0.18628445017477882,0.0,calma,1911,2023-05-17,0.1348097490837262,0.15490592045859772,-0.029947002481002905,0.17973940834123947
Sentinel,0.1875,0.1875,0.2767524345469246,0.0,calma,1932,2023-06-21,0.07331096707750231,0.18883756924235412,-0.036402394463419085,0.1589905238879622
Sentinel,0.1875,0.1875,0.24663762420360838,0.0,calma,1953,2023-07-24,-0.776767693903743,0.09579907474183226,-0.06398927335805593,0.45363881532917016
Sentinel,0.1875,0.1875,0.21075372840832823,0.0,calma,1974,2023-08-28,0.14329688172178076,0.2565519930737069,-0.04585424574486652,0.22491536510754334
Sentinel,0.1875,0.1875,0.30852534526467223,0.0,calma,1995,2023-09-26,0.32025181027269173,0.15974028699422568,-0.029040905798853878,0.26286664106075763
Sentinel,0.1875,0.1875,0.45217060047750995,0.0,normal,2016,2023-10-26,0.2646048023871144,0.06759534327545999,-0.016935643251086874,0.23148906765384655
Sentinel,0.1875,0.1875,0.24329680779136587,0.0,calma,2037,2023-11-28,1.7989065386435004,0.14321012297234853,-0.020979114822926026,0.1983289552854697
Sentinel,0.1875,0.1875,0.23916041578323619,0.0,calma,2058,2024-01-02,0.797531533576634,0.11800542591906658,-0.016612940479442395,0.330143449572101
Sentinel,0.1875,0.1875,0.3301863627861628,0.0,calma,2079,2024-02-07,0.4314769248281478,0.12161343158502445,-0.020010667585549147,0.13922115190150758
Sentinel,0.1875,0.1875,0.2770191620644881,0.0,calma,2100,2024-03-07,0.7655697144891573,0.1536170169174261,-0.029219950572160425,0.22634739325821845
Sentinel,0.1875,0.1875,0.40665743111974584,0.0,normal,2121,2024-04-10,0.6337642790615661,0.3855902943144957,-0.06727483851369997,0.2738382441089897
Sentinel,0.1875,0.1875,0.2950439192741676,0.0,calma,2142,2024-05-10,0.8045252121390248,0.15298590083278518,-0.020407806432084508,0.5344222216787243
Sentinel,0.1875,0.1875,0.31762436172418584,0.0,calma,2163,2024-06-14,-0.1440133004563276,0.11851121474730357,-0.026380784817651937,0.2688530471445628
Sentinel,0.1875,0.1875,0.44384046445036895,0.0,normal,2184,2024-07-16,0.12029953844713061,0.10039523126485562,-0.03130969625092028,0.18532133320213254
Sentinel,0.1875,0.18377611941977173,0.5792069065115942,0.06490423669243153,estres,2205,2024-08-15,0.3116432856919158,0.09594930797713062,-0.018931074592271724,0.1676184171790827
Sentinel,0.1875,0.176436409872306,0.6367732559034824,0.19282945756329423,estres,2226,2024-09-16,0.2757740140088406,0.07378121069469601,-0.01040939409715802,0.18361691872256541
Sentinel,0.1875,0.17588906315243097,0.6410661713534825,0.20236926967440555,estres,2247,2024-10-16,0.2796948479071186,0.11911016828900327,-0.01632210725554495,0.28105516289313465
Sentinel,0.1875,0.1875,0.400695388311994,0.0,normal,2268,2024-11-18,0.183933632631712,0.07255585976704457,-0.017726847742133733,0.2909118599001023
Pragmatist,0.3125,0.2887037290945996,0.6154442897321936,0.14543175496043007,estres,252,2016-02-25,0.6789191471847777,0.09182971121869701,-0.011311959373432656,0.9999999999999999
Pragmatist,0.3125,0.3125,0.35596838684909937,0.0,normal,273,2016-04-04,0.03399525350322592,0.07159545394999373,-0.01911181685637664,0.17205036678166158
Pragmatist,0.3125,0.3125,0.26956972874405283,0.0,calma,294,2016-05-06,-0.04028687297512642,0.07868704796809019,-0.02958585252778123,0.18722321313355877
Pragmatist,0.3125,0.3125,0.44365923757628345,0.0,normal,315,2016-06-15,0.1642222283636618,0.053620162914987016,-0.008201712039795361,0.07640021930438366
Pragmatist,0.3125,0.3125,0.5132572668254788,0.0,normal,336,2016-07-19,-0.13642998135356907,0.09921893099224995,-0.02819446597913744,0.07578470536381758
Pragmatist,0.3125,0.3125,0.37736073849802765,0.0,normal,357,2016-08-19,0.7450708399940076,0.1355030306606971,-0.013485145372117091,0.17053373542167438
Pragmatist,0.3125,0.3125,0.26185365139180355,0.0,calma,378,2016-09-22,-0.12855024502411427,0.07239880019881596,-0.01945860242937203,0.2062124846426833
Pragmatist,0.3125,0.3125,0.2950452153324541,0.0,calma,399,2016-10-26,-0.3506152325023378,0.0842399217896216,-0.03890297799861764,0.24196094410901045
Pragmatist,0.3125,0.3125,0.32672323815315424,0.0,calma,420,2016-11-28,0.3087565577210381,0.08780394654520561,-0.00962076815671098,0.1600503210673374
Pragmatist,0.3125,0.3125,0.5499035861216901,0.0,normal,441,2016-12-28,0.2206199305419795,0.08123128809221943,-0.015561226735391953,0.2573732305794012
Pragmatist,0.3125,0.3125,0.3893008035033314,0.0,normal,462,2017-01-30,0.021864447854156758,0.0987339068553428,-0.02112855015626358,0.28912271331796796
Pragmatist,0.3125,0.3125,0.49865091677263895,0.0,normal,483,2017-02-28,0.2753929668448513,0.05971040051763756,-0.008726669432561285,0.2518605156563231
Pragmatist,0.3125,0.3125,0.43641864912351636,0.0,normal,504,2017-03-30,0.13560752575751192,0.039709774876648625,-0.00788833929182653,0.1327940365731392
Pragmatist,0.3125,0.3125,0.3620826757018609,0.0,normal,525,2017-05-03,0.5466606869439521,0.05504828255174481,-0.006255537862631777,0.115450219511373
Pragmatist,0.3125,0.3125,0.28749034685257574,0.0,calma,546,2017-06-05,0.09064677531275306,0.06103155684801674,-0.017378653437478242,0.1623589447499123
Pragmatist,0.3125,0.3125,0.3252023421128508,0.0,calma,567,2017-07-10,0.21520504496265383,0.07483862906879155,-0.01190522448337139,0.20514263017775827
Pragmatist,0.3125,0.2613265266318203,0.6907368251531298,0.31274850034028845,estres,588,2017-08-10,0.04957551219953349,0.0666322381250131,-0.012050132989192996,0.2839320133222892
Pragmatist,0.3125,0.3125,0.355993229036071,0.0,normal,609,2017-09-12,0.44079921999174226,0.05991646134960854,-0.006566841681491908,0.2841061207823386
Pragmatist,0.3125,0.3125,0.27710929649582894,0.0,calma,630,2017-10-11,0.1439395278064522,0.09504812971045723,-0.014564941593399383,0.23309081572943632
Pragmatist,0.3125,0.3125,0.42799101805625006,0.0,normal,651,2017-11-14,0.40947667087628964,0.055454676890419524,-0.00432675041527919,0.285098998058718
Pragmatist,0.3125,0.3125,0.22699525481608304,0.0,calma,672,2017-12-18,0.7190906537064202,0.14259193911942294,-0.004952298423586798,0.1731995560998782
Pragmatist,0.3125,0.3125,0.4913034438761035,0.0,normal,693,2018-01-26,-0.3574522529448726,0.10680120394637556,-0.04414228360361605,0.16383526325082548
Pragmatist,0.3125,0.24881786410727272,0.7251380360686159,0.38919563570803534,estres,714,2018-02-26,-0.19444439126172489,0.07537570898198537,-0.02353073855302379,0.3475422448227707
Pragmatist,0.3125,0.19679057626546748,0.8682230140903875,0.7071622535341944,crisis,735,2018-04-04,0.22528992475842322,0.06007670415636861,-0.011175675555437747,0.17214587753471822
Pragmatist,0.3125,0.3125,0.49615151135951263,0.0,normal,756,2018-05-10,-0.02307439983501863,0.06985288975595792,-0.019439700329122678,0.18252035359814445
Pragmatist,0.3125,0.2851749673670958,0.6251490584250994,0.16699790761133187,estres,777,2018-06-19,-0.36527408682018325,0.09741292525338804,-0.04086029652718848,0.09879115534745012
Pragmatist,0.3125,0.3125,0.4639978216777871,0.0,normal,798,2018-07-25,0.13031980082983544,0.05418024299650639,-0.008550371710078775,0.22223915769554037
Pragmatist,0.3125,0.3125,0.4063284056669997,0.0,normal,819,2018-09-04,-0.40377612028944027,0.07268738173671563,-0.0299217005275072,0.13471628469077898
Pragmatist,0.3125,0.30677191740802773,0.5657533211085564,0.035007380241236265,estres,840,2018-10-16,-1.0556638461572294,0.17566378445616915,-0.0986795082541414,0.10275959393402205
Pragmatist,0.3125,0.2592669652006552,0.6964010124351729,0.32533558318927314,estres,861,2018-11-23,-0.18034648696988223,0.16955440019768528,-0.06860994989102764,0.19317906771523752
Pragmatist,0.3125,0.18412322366643144,0.9030606530182176,0.7845792289293724,crisis,882,2018-12-24,0.7116383615892925,0.09023306254765574,-0.01446897364967048,0.32433872919271534
Pragmatist,0.3125,0.24343430608547456,0.7399438488100012,0.4220974418000026,estres,903,2019-01-28,0.6166699946541738,0.09064315594187501,-0.017103693057750724,0.13859404866592023
Pragmatist,0.3125,0.2855526940108669,0.6241102380144226,0.16468941780982782,estres,924,2019-02-26,0.35511085273576193,0.14402070263964106,-0.03266353370267938,0.07372987231484285
Pragmatist,0.3125,0.3125,0.3478737663876543,0.0,calma,945,2019-03-28,0.3387388480915601,0.08875111186629235,-0.018073643106337633,0.12132920797833868
Pragmatist,0.3125,0.3125,0.5081940108583676,0.0,normal,966,2019-05-08,-0.14084227003318736,0.0910212872887476,-0.028024596757277087,0.08570565083044021
Pragmatist,0.3125,0.3125,0.46419333319904943,0.0,normal,987,2019-06-13,0.6129403015007604,0.07554060644755525,-0.008160610077023844,0.11229206104734868
Pragmatist,0.3125,0.3125,0.4947126999116864,0.0,normal,1008,2019-07-17,-0.46043267654960746,0.16981498087671804,-0.04901559082274409,0.126412795071537
Pragmatist,0.3125,0.2701674376257828,0.666422631434058,0.258716958742351,estres,1029,2019-08-26,0.49762541023343415,0.06891616899902793,-0.0046055738864007045,0.20268652290958963
Pragmatist,0.3125,0.2879190225430694,0.6176023826164632,0.15022751692547362,estres,1050,2019-09-26,0.3371084826184364,0.09334615928922681,-0.010496712044140044,0.1860647790730486
Pragmatist,0.3125,0.3125,0.35808501880119625,0.0,normal,1071,2019-10-31,-0.18790629636686101,0.08007763420387683,-0.03232427503303559,0.1336196779712761
Pragmatist,0.3125,0.3125,0.39041253870239667,0.0,normal,1092,2019-12-05,0.3221330901126642,0.07297918694265662,-0.009860867595788858,0.41411995074678165
Pragmatist,0.3125,0.3125,0.37196680709993984,0.0,normal,1113,2020-01-10,-0.03312143302029787,0.09381696825737243,-0.017972785082383536,0.31694337593499367
Pragmatist,0.3125,0.3125,0.43841155823541095,0.0,normal,1134,2020-02-10,-0.5647108888157149,0.24384273123128555,-0.09682811666911229,0.3281829499691472
Pragmatist,0.3125,0.19852392093348276,0.863455985209673,0.6965688560214957,crisis,1155,2020-03-10,-0.6167950522992105,0.6388278503424248,-0.18285902170758728,0.22619926791649558
Pragmatist,0.3125,0.1883282704340534,0.8914959713043604,0.7588799362319121,crisis,1176,2020-04-15,-0.8528128445452416,0.19229294042600625,-0.07290395730883292,0.6057425005979648
Pragmatist,0.3125,0.23197426306937938,0.7714611558061377,0.4921359017914171,crisis,1197,2020-05-15,-0.19104392256832078,0.19522132471215423,-0.043424739025320624,0.08833736931050154
Pragmatist,0.3125,0.22850272716327974,0.7810085425608808,0.5133523168019574,crisis,1218,2020-06-18,0.4567365761917066,0.08236741262764342,-0.016860620733173515,0.143118000134192
Pragmatist,0.3125,0.3045430636301972,0.5718830946763103,0.048629099280689383,estres,1239,2020-07-22,0.3599664292486662,0.20797410354140183,-0.052966599839262885,0.159156256961678
Pragmatist,0.3125,0.2941147532061984,0.6005629399982322,0.11236208888496031,estres,1260,2020-08-25,0.5845925557284791,0.13641238311712467,-0.022119904922570433,0.19823689059416708
Pragmatist,0.3125,0.30741760725533973,0.5639775507110596,0.031061223802354557,estres,1281,2020-09-23,0.3106437493156086,0.08866287440784824,-0.012405070698332521,0.23312111327433915
Pragmatist,0.3125,0.3125,0.5299065364488478,0.0,normal,1302,2020-10-23,0.09814329898868226,0.26752276404939557,-0.05531654215381021,0.09468846223734158
Pragmatist,0.3125,0.3125,0.47909043093052905,0.0,normal,1323,2020-11-26,1.0038878577096428,0.16578244846689918,-0.02291133940051293,0.215299678588808
Pragmatist,0.3125,0.3125,0.46916103649950835,0.0,normal,1344,2020-12-30,-0.39386138020914496,0.1399110132118725,-0.053602416956241905,0.07716691500870707
Pragmatist,0.3125,0.3125,0.3784004494794452,0.0,normal,1365,2021-02-03,-0.1135168576695464,0.08636001836612107,-0.024323745496168003,0.20918419794087553
Pragmatist,0.3125,0.3125,0.34939180294587857,0.0,calma,1386,2021-03-04,0.07355761944166647,0.07282887014597772,-0.019695368518034884,0.14207763021453737
Pragmatist,0.3125,0.3125,0.19762474306448946,0.0,calma,1407,2021-04-07,-0.4607509996017842,0.1373410037867653,-0.06083521410523518,0.1725476245623449
Pragmatist,0.3125,0.3125,0.147804356619918,0.0,calma,1428,2021-05-07,0.017194139952947524,0.26896276917575923,-0.11543316599711695,0.4209312614925579
Pragmatist,0.3125,0.3125,0.2142177918650774,0.0,calma,1449,2021-06-09,0.17225450668087802,0.09272334387274032,-0.020671197448440592,0.41086375221438176
Pragmatist,0.3125,0.3125,0.19742955570839169,0.0,calma,1470,2021-07-12,-0.604457231149602,0.09307905383838952,-0.051762995786688415,0.2729381875005473
Pragmatist,0.3125,0.3125,0.24593358574389113,0.0,calma,1491,2021-08-11,0.682521155316832,0.134389521661882,-0.013317920204273914,0.17160832702318068
Pragmatist,0.3125,0.3125,0.37410311521512224,0.0,normal,1512,2021-09-10,0.44505432653136506,0.07132808990534271,-0.014207802338745967,0.25107038071702736
Pragmatist,0.3125,0.3125,0.3845903583002782,0.0,normal,1533,2021-10-11,-0.12868901830685686,0.09098200614863593,-0.02111052314307993,0.12933741732489948
Pragmatist,0.3125,0.3125,0.31091413193106915,0.0,calma,1554,2021-11-11,-0.23567660522140024,0.12465626207319215,-0.023872934115015565,0.19901960654781375
Pragmatist,0.3125,0.31060382563102706,0.5552148416564573,0.01158853701434944,estres,1575,2021-12-14,0.1314327941221356,0.14135446662880638,-0.019968450083555744,0.2701346275617949
Pragmatist,0.3125,0.3125,0.516287245544993,0.0,normal,1596,2022-01-14,0.6596189236685664,0.22493228904400814,-0.030491548510538813,0.29432091746883937
Pragmatist,0.3125,0.25401144917520607,0.7108546852324356,0.35745485607207894,estres,1617,2022-02-17,-0.15374741874516093,0.06702747439252166,-0.015816917722202617,0.22937599267701855
Pragmatist,0.3125,0.31053696071118075,0.5553987329562639,0.011997184347252906,estres,1638,2022-03-22,-0.3382351425555734,0.13077989748701407,-0.03770752975371605,0.20074060372414493
Pragmatist,0.3125,0.19784298706882308,0.8653286833859717,0.7007304075243815,crisis,1659,2022-04-25,-1.1025261973135276,0.17065965206947165,-0.08887770176106835,0.26392388171335224
Pragmatist,0.3125,0.24779428770601805,0.7279530666603018,0.39545125924511504,estres,1680,2022-05-25,-0.48402419493880716,0.2592942391834112,-0.13004444690732608,0.49543115194112575
Pragmatist,0.3125,0.23403749133319074,0.7657868840340056,0.4795264089644569,crisis,1701,2022-06-30,-0.5517065336462065,0.20799651050044168,-0.08664619704263521,0.3813726764738443
Pragmatist,0.3125,0.28140243747959354,0.6355242361141813,0.19005385803151392,estres,1722,2022-08-03,-0.8505986512066949,0.1361985898218308,-0.09514475542495548,0.1451483226086679
Pragmatist,0.3125,0.2823635189535521,0.6328810785081836,0.18418017446263024,estres,1743,2022-09-05,-0.5813986174301335,0.18598919555960558,-0.07412750492509579,0.20942821767001196
Pragmatist,0.3125,0.24543540719302814,0.7344404385829632,0.4098676412954736,estres,1764,2022-10-04,0.18820572117143652,0.32361414403007477,-0.04433473131468302,0.2662373625004872
Pragmatist,0.3125,0.29833193807551306,0.5889648761865187,0.08658861374781927,estres,1785,2022-11-04,0.11334771230377777,0.25095352870042675,-0.06780031660968333,0.22076245315195628
Pragmatist,0.3125,0.3125,0.5490170558894578,0.0,normal,1806,2022-12-12,0.4190433481441655,0.17171803010107956,-0.03277898793665146,0.23101974134538442
Pragmatist,0.3125,0.3125,0.180603012933448,0.0,calma,1827,2023-01-12,-0.9162237460990844,0.1153856464808506,-0.08208702689755776,0.15045117840237626
Pragmatist,0.3125,0.3125,0.23975967025198858,0.0,calma,1848,2023-02-10,-0.022773079665758363,0.19693963084028,-0.028882559252826456,0.19269862843821411
Pragmatist,0.3125,0.3125,0.40306146360228634,0.0,normal,1869,2023-03-13,1.0779308079601897,0.21484259440652406,-0.025500367949207736,0.1911884471783186
Pragmatist,0.3125,0.3125,0.24061662076100043,0.0,calma,1890,2023-04-17,-0.4246192229593229,0.15452471980384316,-0.028996463464829647,0.18611919189361434
Pragmatist,0.3125,0.3125,0.18628445017477882,0.0,calma,1911,2023-05-17,0.04724067583104232,0.146321573549343,-0.0292893001481056,0.19477842750996394
Pragmatist,0.3125,0.3125,0.2767524345469246,0.0,calma,1932,2023-06-21,0.11031364812066838,0.1907011816962676,-0.0354545341221294,0.2458927688540828
Pragmatist,0.3125,0.3125,0.24663762420360838,0.0,calma,1953,2023-07-24,-0.8216165649830726,0.09286950049103643,-0.06662995868052535,0.4576697579133402
Pragmatist,0.3125,0.3125,0.21075372840832823,0.0,calma,1974,2023-08-28,0.14313092348707251,0.2646049153782175,-0.0457597845447667,0.22858486654751625
Pragmatist,0.3125,0.3125,0.30852534526467223,0.0,calma,1995,2023-09-26,0.34210760190929057,0.16143020007465925,-0.02844656763640463,0.2688581432037637
Pragmatist,0.3125,0.3125,0.45217060047750995,0.0,normal,2016,2023-10-26,0.3186472320005556,0.07327273910373963,-0.01899063699595227,0.2661082950565004
Pragmatist,0.3125,0.3125,0.24329680779136587,0.0,calma,2037,2023-11-28,1.685251167348005,0.13505018278508926,-0.019228462754568798,0.22236536748180977
Pragmatist,0.3125,0.3125,0.23916041578323619,0.0,calma,2058,2024-01-02,0.8510242823788456,0.11822604392772984,-0.01624349571085737,0.33089219443911255
Pragmatist,0.3125,0.3125,0.3301863627861628,0.0,calma,2079,2024-02-07,0.5055158105990943,0.12926363649131734,-0.015251218092691032,0.1841475488180181
Pragmatist,0.3125,0.3125,0.2770191620644881,0.0,calma,2100,2024-03-07,0.8886820017814485,0.14128788062897857,-0.022466072962984418,0.26683809267614
Pragmatist,0.3125,0.3125,0.40665743111974584,0.0,normal,2121,2024-04-10,0.6444123908207602,0.48798790802696135,-0.09184212914239931,0.3071679231923105
Pragmatist,0.3125,0.3125,0.2950439192741676,0.0,calma,2142,2024-05-10,0.9578988486514582,0.16814924378061402,-0.02179960800502634,0.5481592122288236
Pragmatist,0.3125,0.3125,0.31762436172418584,0.0,calma,2163,2024-06-14,-0.06386696821146869,0.1218232038142789,-0.026536586981167676,0.34249025084106693
Pragmatist,0.3125,0.3125,0.44384046445036895,0.0,normal,2184,2024-07-16,0.19526663037960074,0.1007601526259264,-0.0299899295036824,0.19636251951790062
Pragmatist,0.3125,0.3018800442712009,0.5792069065115942,0.06490423669243153,estres,2205,2024-08-15,0.2339204554354086,0.09260162425274268,-0.01872479435550589,0.19115645904546172
Pragmatist,0.3125,0.280948280006206,0.6367732559034824,0.19282945756329423,estres,2226,2024-09-16,0.3197567041640242,0.07200599330979628,-0.008517093377570228,0.2393249172974162
Pragmatist,0.3125,0.2793873282495254,0.6410661713534825,0.20236926967440555,estres,2247,2024-10-16,0.19404789747182535,0.1168260254448856,-0.017104492371610935,0.3313247296415695
Pragmatist,0.3125,0.3125,0.400695388311994,0.0,normal,2268,2024-11-18,0.24151036628405148,0.0799924697262294,-0.0165026620432569,0.2112446487499428
Analyst,0.4375,0.3982516051300539,0.6154442897321936,0.14543175496043007,estres,252,2016-02-25,0.6621846692839357,0.09593859394167274,-0.012955328437648572,1.0
Analyst,0.4375,0.4375,0.35596838684909937,0.0,normal,273,2016-04-04,-0.16411598214244805,0.08526255680107529,-0.025399859108651168,0.37698855630779987
Analyst,0.4375,0.4375,0.26956972874405283,0.0,calma,294,2016-05-06,0.09507340877963176,0.10743483872681744,-0.03235765763009135,0.39520458642156897
Analyst,0.4375,0.4375,0.44365923757628345,0.0,normal,315,2016-06-15,0.19728803978823922,0.05973329059036652,-0.010507753567277511,0.2524131898765396
Analyst,0.4375,0.4375,0.5132572668254788,0.0,normal,336,2016-07-19,-0.04142723662678233,0.0874165138725753,-0.024588927334626032,0.2497545487961299
Analyst,0.4375,0.4375,0.37736073849802765,0.0,normal,357,2016-08-19,0.013801850273256176,0.1133530611967504,-0.02357573360515197,0.5764545532857257
Analyst,0.4375,0.4375,0.26185365139180355,0.0,calma,378,2016-09-22,-0.11215653753895378,0.08518475332013838,-0.021038750128399952,0.42800735844401494
Analyst,0.4375,0.4375,0.2950452153324541,0.0,calma,399,2016-10-26,-0.3274825553843648,0.08308700086029423,-0.038023940297776004,0.29950034762553857
Analyst,0.4375,0.4375,0.32672323815315424,0.0,calma,420,2016-11-28,0.2892230388828399,0.10153494636308152,-0.01705323159410077,0.23377337027885114
Analyst,0.4375,0.4375,0.5499035861216901,0.0,normal,441,2016-12-28,0.3742588181488939,0.06638766498806417,-0.009298944346884941,0.563474811631694
Analyst,0.4375,0.4375,0.3893008035033314,0.0,normal,462,2017-01-30,0.35851798362776244,0.08209130276040925,-0.011828243560026097,0.5092293225954699
Analyst,0.4375,0.4375,0.49865091677263895,0.0,normal,483,2017-02-28,0.2611031694961895,0.07201668514947503,-0.008789214065190731,0.2286415600439491
Analyst,0.4375,0.4375,0.43641864912351636,0.0,normal,504,2017-03-30,0.12454185867580594,0.04604741667982861,-0.009770587846991807,0.4284027331113634
Analyst,0.4375,0.4375,0.3620826757018609,0.0,normal,525,2017-05-03,0.7287171814321274,0.08096384630963285,-0.007866502379486495,0.18771943502448557
Analyst,0.4375,0.4375,0.28749034685257574,0.0,calma,546,2017-06-05,-0.002169697519437911,0.08134448798523637,-0.019980334684391865,0.37676936671995526
Analyst,0.4375,0.4375,0.3252023421128508,0.0,calma,567,2017-07-10,0.2519607218515296,0.07299903440481376,-0.015230329131184162,0.36577513334014133
Analyst,0.4375,0.35309699847066467,0.6907368251531298,0.31274850034028845,estres,588,2017-08-10,0.09677756628214845,0.06545800812773164,-0.010601894404815959,0.36515848030975206
Analyst,0.4375,0.4375,0.355993229036071,0.0,normal,609,2017-09-12,0.6722807007922667,0.08900886351497488,-0.008759530349785716,0.7296533552405878
Analyst,0.4375,0.4375,0.27710929649582894,0.0,calma,630,2017-10-11,0.06907196576193546,0.1357675847125525,-0.031132744641887644,0.22807213704694795
Analyst,0.4375,0.4375,0.42799101805625006,0.0,normal,651,2017-11-14,0.561731157522872,0.08330301058412293,-0.007288233186010906,0.4340274258813832
Analyst,0.4375,0.4375,0.22699525481608304,0.0,calma,672,2017-12-18,0.8116681062530811,0.10193339993920586,-0.009342755630756705,0.17857390749829802
Analyst,0.4375,0.4375,0.4913034438761035,0.0,normal,693,2018-01-26,-0.35887643895989196,0.19402117481636988,-0.06539651486448017,0.5185120388071444
Analyst,0.4375,0.332465827813294,0.7251380360686159,0.38919563570803534,estres,714,2018-02-26,-0.17144401514977256,0.08028233317728321,-0.024526318991949125,1.0599607718183575
Analyst,0.4375,0.2466545868274593,0.8682230140903875,0.7071622535341944,crisis,735,2018-04-04,0.2380664653465472,0.06167656418002689,-0.011756925305932087,0.25096773795585847
Analyst,0.4375,0.4375,0.49615151135951263,0.0,normal,756,2018-05-10,-0.13464425462285784,0.12059008373676358,-0.028843298106196014,0.8373554865598103
Analyst,0.4375,0.3924314396833918,0.6251490584250994,0.16699790761133187,estres,777,2018-06-19,-0.25576258059813484,0.08739682784567786,-0.03141010004804334,0.6507164920601644
Analyst,0.4375,0.4375,0.4639978216777871,0.0,normal,798,2018-07-25,0.3445586617772374,0.08037819977427924,-0.010515138789216838,0.6467160764453446
Analyst,0.4375,0.4375,0.4063284056669997,0.0,normal,819,2018-09-04,0.16710508357748413,0.1397814205966377,-0.02013629605076339,0.2643675851773385
Analyst,0.4375,0.42805238325739636,0.5657533211085564,0.035007380241236265,estres,840,2018-10-16,-1.702703388463442,0.19217412495589686,-0.1396254446802362,0.317083726172825
Analyst,0.4375,0.3497000594867949,0.6964010124351729,0.32533558318927314,estres,861,2018-11-23,-0.21195069023245802,0.1716686340344572,-0.07133162563773598,0.5615712937651478
Analyst,0.4375,0.22576168059268564,0.9030606530182176,0.7845792289293724,crisis,882,2018-12-24,0.6969606337669674,0.08954458950567354,-0.014025185695606512,0.345990563758584
Analyst,0.4375,0.3235864528942243,0.7399438488100012,0.4220974418000026,estres,903,2019-01-28,0.6341955344496993,0.09203483425197954,-0.016574830368112137,0.17899680964352305
Analyst,0.4375,0.3930544433685727,0.6241102380144226,0.16468941780982782,estres,924,2019-02-26,0.3590736366191114,0.15021034865594732,-0.036255831089684554,0.21270063343587314
Analyst,0.4375,0.4375,0.3478737663876543,0.0,calma,945,2019-03-28,0.2758306028593915,0.09394408527477828,-0.02329003859764467,0.21428124637915244
Analyst,0.4375,0.4375,0.5081940108583676,0.0,normal,966,2019-05-08,0.03183083186149064,0.10558334199614969,-0.025935666972699223,0.11726928434712333
Analyst,0.4375,0.4375,0.46419333319904943,0.0,normal,987,2019-06-13,0.6709148075790263,0.09544406782607286,-0.018545669291603506,0.2717035951925398
Analyst,0.4375,0.4375,0.4947126999116864,0.0,normal,1008,2019-07-17,-0.5952739065969039,0.2268337487703775,-0.06834288979548198,0.23957251659147236
Analyst,0.4375,0.36767876075940803,0.666422631434058,0.258716958742351,estres,1029,2019-08-26,0.5634616025365036,0.07106912898977509,-0.004748716555262877,0.5350088322428013
Analyst,0.4375,0.3969573488697378,0.6176023826164632,0.15022751692547362,estres,1050,2019-09-26,0.3736869082888089,0.09682408217182059,-0.010265601345086361,0.3091554503035013
Analyst,0.4375,0.4375,0.35808501880119625,0.0,normal,1071,2019-10-31,-0.11352132424540509,0.1209390086000818,-0.042473219943752194,0.5257366383338121
Analyst,0.4375,0.4375,0.39041253870239667,0.0,normal,1092,2019-12-05,0.4391048952874693,0.09937412110319768,-0.011320945120197878,0.5261739666144251
Analyst,0.4375,0.4375,0.37196680709993984,0.0,normal,1113,2020-01-10,0.08219351419429977,0.12409029267978496,-0.01815611852321064,0.5702541309034244
Analyst,0.4375,0.4375,0.43841155823541095,0.0,normal,1134,2020-02-10,-0.6115622780485335,0.22571875659331203,-0.08534558018993066,0.292517157950275
Analyst,0.4375,0.24951347998119885,0.863455985209673,0.6965688560214957,crisis,1155,2020-03-10,-0.6584685891923513,0.6342914429234404,-0.18014707722665435,0.7332609933829592
Analyst,0.4375,0.23269727720941275,0.8914959713043604,0.7588799362319121,crisis,1176,2020-04-15,-0.8461547776462537,0.1919876854214311,-0.07292025089625664,0.5736574535483521
Analyst,0.4375,0.30468482350404136,0.7714611558061377,0.4921359017914171,crisis,1197,2020-05-15,-0.14525192310044968,0.19324596544042605,-0.04208052444529953,0.10891323015000157
Analyst,0.4375,0.2989590435030718,0.7810085425608808,0.5133523168019574,crisis,1218,2020-06-18,0.4452567458264767,0.08228743225488531,-0.01909230896818659,0.1887547017274625
Analyst,0.4375,0.42437622183162393,0.5718830946763103,0.048629099280689383,estres,1239,2020-07-22,0.4816267612896294,0.2524429085505072,-0.06159610586670383,0.5307079111862177
Analyst,0.4375,0.4071762812621713,0.6005629399982322,0.11236208888496031,estres,1260,2020-08-25,0.34244978625077516,0.11437276941120135,-0.01612289497062447,0.3799847547757699
Analyst,0.4375,0.42911735222633957,0.5639775507110596,0.031061223802354557,estres,1281,2020-09-23,0.3828719589529676,0.08889881250676042,-0.012926622277736555,0.294719819469755
Analyst,0.4375,0.4375,0.5299065364488478,0.0,normal,1302,2020-10-23,0.07390821321100974,0.23909972335675186,-0.051842540779230006,0.18256781985780285
Analyst,0.4375,0.4375,0.47909043093052905,0.0,normal,1323,2020-11-26,1.0857694201890191,0.17992983041433075,-0.029866373956379366,0.21066903755344035
Analyst,0.4375,0.4375,0.46916103649950835,0.0,normal,1344,2020-12-30,-0.49756760832867414,0.15510362804668892,-0.06970199325769155,0.17819511901081456
Analyst,0.4375,0.4375,0.3784004494794452,0.0,normal,1365,2021-02-03,-0.05411979643296798,0.09662769851371023,-0.024954770428442075,0.31333247814851006
Analyst,0.4375,0.4375,0.34939180294587857,0.0,calma,1386,2021-03-04,0.09857077399429207,0.0740236238674713,-0.01993725913894584,0.20440582922999867
Analyst,0.4375,0.4375,0.19762474306448946,0.0,calma,1407,2021-04-07,-0.46837311268096954,0.13778920747960133,-0.05750991813671169,0.2069657706659866
Analyst,0.4375,0.4375,0.147804356619918,0.0,calma,1428,2021-05-07,-0.01852601345100773,0.28434790248976705,-0.12007662835234323,0.6824206356751255
Analyst,0.4375,0.4375,0.2142177918650774,0.0,calma,1449,2021-06-09,0.3669250833356682,0.11951654167692723,-0.02259813519938203,0.5621395710936439
Analyst,0.4375,0.4375,0.19742955570839169,0.0,calma,1470,2021-07-12,-0.6753897022544553,0.11187284706828235,-0.05747252719418039,0.511639235841468
Analyst,0.4375,0.4375,0.24593358574389113,0.0,calma,1491,2021-08-11,0.625451162693737,0.1260064714129679,-0.009595098983264827,0.403103940855571
Analyst,0.4375,0.4375,0.37410311521512224,0.0,normal,1512,2021-09-10,0.5104442057247911,0.07003569408363514,-0.013669052707838358,0.22053559453193314
Analyst,0.4375,0.4375,0.3845903583002782,0.0,normal,1533,2021-10-11,-0.18985761664812212,0.1023582903558425,-0.022821617752972423,0.3379302240434501
Analyst,0.4375,0.4375,0.31091413193106915,0.0,calma,1554,2021-11-11,-0.5037764652065632,0.14583598478616505,-0.04182104502792361,0.1579236859520205
Analyst,0.4375,0.43437254357325245,0.5552148416564573,0.01158853701434944,estres,1575,2021-12-14,0.16148307393195427,0.15459752846182326,-0.022868280577360234,0.5689037105746616
Analyst,0.4375,0.4375,0.516287245544993,0.0,normal,1596,2022-01-14,0.9350046562225021,0.2418802478504578,-0.027504439387362467,0.5088076596591717
Analyst,0.4375,0.3410318707175477,0.7108546852324356,0.35745485607207894,estres,1617,2022-02-17,-0.05839032148109709,0.057970860566062224,-0.012453516250980678,0.3566792181794927
Analyst,0.4375,0.43426225987428513,0.5553987329562639,0.011997184347252906,estres,1638,2022-03-22,0.13912039109980692,0.1018493826537374,-0.02464173154034388,1.0592157015153707
Analyst,0.4375,0.24839038126935753,0.8653286833859717,0.7007304075243815,crisis,1659,2022-04-25,-1.1093430689424608,0.1688338039078167,-0.08903180810791766,0.9243834105716288
Analyst,0.4375,0.3307775914112246,0.7279530666603018,0.39545125924511504,estres,1680,2022-05-25,-0.5499466014797237,0.26716853380585076,-0.13809219669382178,0.48719717824976
Analyst,0.4375,0.3080878103807172,0.7657868840340056,0.4795264089644569,crisis,1701,2022-06-30,-0.5564139294428068,0.21546572673885084,-0.08845501451180016,0.3976914358538919
Analyst,0.4375,0.38620921506374517,0.6355242361141813,0.19005385803151392,estres,1722,2022-08-03,-0.8697682763868563,0.13801093492630287,-0.09466604989049177,0.344828513777551
Analyst,0.4375,0.38779437541689765,0.6328810785081836,0.18418017446263024,estres,1743,2022-09-05,-0.36706943510058765,0.16599616107513443,-0.061458043745339364,0.2992083009172177
Analyst,0.4375,0.32688697030538405,0.7344404385829632,0.4098676412954736,estres,1764,2022-10-04,0.40984284365812124,0.38961209113308126,-0.04851271389378464,0.2070240394685045
Analyst,0.4375,0.41413189786480725,0.5889648761865187,0.08658861374781927,estres,1785,2022-11-04,-0.29132898044083366,0.3829262552983323,-0.11518877806367245,0.478540584744456
Analyst,0.4375,0.4375,0.5490170558894578,0.0,normal,1806,2022-12-12,0.33816574617515816,0.20857919439875397,-0.033271087673309996,0.22116531738924716
Analyst,0.4375,0.4375,0.180603012933448,0.0,calma,1827,2023-01-12,-0.33572512193662984,0.13192350228181407,-0.04485921555489303,0.30955309149416266
Analyst,0.4375,0.4375,0.23975967025198858,0.0,calma,1848,2023-02-10,-0.04524216629627331,0.20909190500091454,-0.051544405164990814,0.26115107289560896
Analyst,0.4375,0.4375,0.40306146360228634,0.0,normal,1869,2023-03-13,0.8076385960921867,0.2786283105562262,-0.04615302424850609,0.3310857076128757
Analyst,0.4375,0.4375,0.24061662076100043,0.0,calma,1890,2023-04-17,-0.3565838434657397,0.18128861023811085,-0.037104868429840066,0.4784406136450073
Analyst,0.4375,0.4375,0.18628445017477882,0.0,calma,1911,2023-05-17,-0.2837132060444392,0.1655503936517106,-0.03789644874855169,0.32504377211252583
Analyst,0.4375,0.4375,0.2767524345469246,0.0,calma,1932,2023-06-21,0.06326139940160677,0.19681975374033434,-0.03654018166808781,0.4111647557370736
Analyst,0.4375,0.4375,0.24663762420360838,0.0,calma,1953,2023-07-24,-0.7595878100534703,0.08806671448777662,-0.061631798070945654,0.6177206930360025
Analyst,0.4375,0.4375,0.21075372840832823,0.0,calma,1974,2023-08-28,0.07782423025927943,0.27761660044812964,-0.050448631169465186,0.34031101703769956
Analyst,0.4375,0.4375,0.30852534526467223,0.0,calma,1995,2023-09-26,0.45018783665012974,0.18208410686011867,-0.02656694139495397,0.38898165059144163
Analyst,0.4375,0.4375,0.45217060047750995,0.0,normal,2016,2023-10-26,0.6245498286901462,0.1086726450710984,-0.024647759506317035,0.371839655945401
Analyst,0.4375,0.4375,0.24329680779136587,0.0,calma,2037,2023-11-28,1.5687947163659466,0.1283235637878239,-0.012382778211967982,0.4257410144096446
Analyst,0.4375,0.4375,0.23916041578323619,0.0,calma,2058,2024-01-02,0.9875760031916628,0.1382865585716249,-0.01771864130820966,0.4333409782646209
Analyst,0.4375,0.4375,0.3301863627861628,0.0,calma,2079,2024-02-07,1.0680130367393268,0.20272849590379619,-0.013013338712277611,0.5077041379000147
Analyst,0.4375,0.4375,0.2770191620644881,0.0,calma,2100,2024-03-07,1.200948803627143,0.17926945649870948,-0.03354087137124495,0.5627656741865688
Analyst,0.4375,0.4375,0.40665743111974584,0.0,normal,2121,2024-04-10,0.24058830336215517,0.5813468855647524,-0.13426719262808617,0.3029646836406962
Analyst,0.4375,0.4375,0.2950439192741676,0.0,calma,2142,2024-05-10,-0.014826506238487256,0.09916220369128785,-0.028626627780118485,0.4044654864137008
Analyst,0.4375,0.4375,0.31762436172418584,0.0,calma,2163,2024-06-14,0.15252606064052301,0.164754997119383,-0.0338880164105807,0.564804124314277
Analyst,0.4375,0.4375,0.44384046445036895,0.0,normal,2184,2024-07-16,0.3383498152837398,0.1188149082716862,-0.03712403825299038,0.3178013126785406
Analyst,0.4375,0.41998396912263003,0.5792069065115942,0.06490423669243153,estres,2205,2024-08-15,0.10941736526310104,0.07698818171203009,-0.020088907130641598,0.4178522451620135
Analyst,0.4375,0.385460150140106,0.6367732559034824,0.19282945756329423,estres,2226,2024-09-16,0.4535300795838036,0.07245775980530594,-0.009540058576149035,0.39192342652028345
Analyst,0.4375,0.3828855933466198,0.6410661713534825,0.20236926967440555,estres,2247,2024-10-16,0.10044782611033398,0.1217356380286534,-0.023172669307401916,0.33066387493764504
Analyst,0.4375,0.4375,0.400695388311994,0.0,normal,2268,2024-11-18,0.27074584626023435,0.09449823421255303,-0.014510790700691278,0.38389323815150606
Strategist,0.5625,0.5077994811655082,0.6154442897321936,0.14543175496043007,estres,252,2016-02-25,1.065616580511319,0.17456764865812704,-0.025725002963671972,1.0
Strategist,0.5625,0.5625,0.35596838684909937,0.0,normal,273,2016-04-04,-1.5527218989715954,0.22716318336525487,-0.12039469067476616,1.3999999999999964
Strategist,0.5625,0.5625,0.26956972874405283,0.0,calma,294,2016-05-06,0.6870959668212294,0.2403743675371342,-0.05641977995271363,0.2529578991435573
Strategist,0.5625,0.5625,0.44365923757628345,0.0,normal,315,2016-06-15,0.44131286807747144,0.11802155911373242,-0.023153613652364458,0.6115827873413672
Strategist,0.5625,0.5625,0.5132572668254788,0.0,normal,336,2016-07-19,-0.08454623108436131,0.12087285684271033,-0.03806818994364236,0.5956793024818685
Strategist,0.5625,0.5625,0.37736073849802765,0.0,normal,357,2016-08-19,-0.003399803610887518,0.17744315270197095,-0.049892340039665584,0.6106418689615044
Strategist,0.5625,0.5625,0.26185365139180355,0.0,calma,378,2016-09-22,-0.09057705772135673,0.14266652872743543,-0.04530335959629039,0.41584661703893017
Strategist,0.5625,0.5625,0.2950452153324541,0.0,calma,399,2016-10-26,-0.3948589799840908,0.1788027214064562,-0.0562882579356917,0.9972406714661627
Strategist,0.5625,0.5625,0.32672323815315424,0.0,calma,420,2016-11-28,0.4930612747413915,0.11353154208093928,-0.009632763579928483,0.3969217447486014
Strategist,0.5625,0.5625,0.5499035861216901,0.0,normal,441,2016-12-28,0.33227844051932715,0.11733458841488324,-0.01340660574378949,0.017303253709999737
Strategist,0.5625,0.5625,0.3893008035033314,0.0,normal,462,2017-01-30,0.054233394739121615,0.08835732532420823,-0.019853580287606087,0.605143275767356
Strategist,0.5625,0.5625,0.49865091677263895,0.0,normal,483,2017-02-28,0.48455823141815163,0.11798425671617939,-0.01155471714445977,0.8245712984772772
Strategist,0.5625,0.5625,0.43641864912351636,0.0,normal,504,2017-03-30,0.08029554739075148,0.07064472364320792,-0.016978257048757217,0.6166207638339618
Strategist,0.5625,0.5625,0.3620826757018609,0.0,normal,525,2017-05-03,0.8519874725488616,0.11997142240802701,-0.011359951111529432,0.013073595510438818
Strategist,0.5625,0.5625,0.28749034685257574,0.0,calma,546,2017-06-05,-0.16847464984274074,0.1083047060172316,-0.030635480736052267,0.6302673556521847
Strategist,0.5625,0.5625,0.3252023421128508,0.0,calma,567,2017-07-10,0.31891670449806997,0.11500830152621928,-0.023489287001722037,0.6105097832241242
Strategist,0.5625,0.444867470309509,0.6907368251531298,0.31274850034028845,estres,588,2017-08-10,0.15021058020698572,0.06621364653078693,-0.009651384278731356,0.8925792691281952
Strategist,0.5625,0.5625,0.355993229036071,0.0,normal,609,2017-09-12,0.9757523983818576,0.1268119957267505,-0.014545121863859367,0.7357104959434724
Strategist,0.5625,0.5625,0.27710929649582894,0.0,calma,630,2017-10-11,0.013748583854118444,0.19464014317181336,-0.048506758497114166,0.2479322404328031
Strategist,0.5625,0.5625,0.42799101805625006,0.0,normal,651,2017-11-14,0.7204116290731737,0.14005501016100494,-0.019033577561316184,0.6000000000064876
Strategist,0.5625,0.5625,0.22699525481608304,0.0,calma,672,2017-12-18,1.338799814775041,0.15496630614405024,-0.02643514772944866,0.02487376430251928
Strategist,0.5625,0.5625,0.4913034438761035,0.0,normal,693,2018-01-26,-0.35476206751535466,0.2571004204967756,-0.06726718066826531,0.6913265387138546
Strategist,0.5625,0.4161137915193152,0.7251380360686159,0.38919563570803534,estres,714,2018-02-26,-0.08065526827371672,0.09818616088004847,-0.028075789925876893,1.1982317871836436
Strategist,0.5625,0.2965185973894512,0.8682230140903875,0.7071622535341944,crisis,735,2018-04-04,0.2503772769521884,0.06442256854416537,-0.012548775325291306,0.5484231813969195
Strategist,0.5625,0.5625,0.49615151135951263,0.0,normal,756,2018-05-10,-0.09610867573826413,0.17052503866079072,-0.03295278989420669,1.4680034872638998
Strategist,0.5625,0.4996879119996878,0.6251490584250994,0.16699790761133187,estres,777,2018-06-19,-0.006300144985620679,0.08307351589229221,-0.024543545789874388,0.039168086362390095
Strategist,0.5625,0.5625,0.4639978216777871,0.0,normal,798,2018-07-25,0.3766561255389329,0.13687149296176981,-0.021895458257761957,0.2257738645310368
Strategist,0.5625,0.5625,0.4063284056669997,0.0,normal,819,2018-09-04,0.021690397664492732,0.1718298574125314,-0.03803419730245483,0.06958491687269633
Strategist,0.5625,0.549332849106765,0.5657533211085564,0.035007380241236265,estres,840,2018-10-16,-1.757958047722621,0.25133769573411324,-0.14386934164060505,0.2917374529201548
Strategist,0.5625,0.4401331537729346,0.6964010124351729,0.32533558318927314,estres,861,2018-11-23,-0.5131857124313113,0.1614785205151719,-0.09139212093616456,0.9339547178889701
Strategist,0.5625,0.2674001375189398,0.9030606530182176,0.7845792289293724,crisis,882,2018-12-24,0.6750692686177331,0.08859065959172252,-0.014198783710451468,0.62820381782198
Strategist,0.5625,0.40373859970297404,0.7399438488100012,0.4220974418000026,estres,903,2019-01-28,0.672347320858485,0.09621538189248217,-0.016082525559532046,0.36635749535726403
Strategist,0.5625,0.5005561927262785,0.6241102380144226,0.16468941780982782,estres,924,2019-02-26,0.7201443738952763,0.2145966223473098,-0.037539286370453895,1.1253123434026755
Strategist,0.5625,0.5625,0.3478737663876543,0.0,calma,945,2019-03-28,-0.08761131656661934,0.20596893225761856,-0.041590672206421764,0.8034536918265934
Strategist,0.5625,0.5625,0.5081940108583676,0.0,normal,966,2019-05-08,0.20495693217314875,0.17460576548116263,-0.04949345612114653,0.24270502790484244
Strategist,0.5625,0.5625,0.46419333319904943,0.0,normal,987,2019-06-13,0.5746147265688921,0.14645305781911397,-0.02984812107076784,0.8355758089439009
Strategist,0.5625,0.5625,0.4947126999116864,0.0,normal,1008,2019-07-17,-0.8367762972042886,0.2956018535192123,-0.09193193844521108,0.6315708774712078
Strategist,0.5625,0.46519008389303323,0.666422631434058,0.258716958742351,estres,1029,2019-08-26,0.8647046994309111,0.10407433381897864,-0.009775003215225841,1.3989254158938262
Strategist,0.5625,0.5059956751964062,0.6176023826164632,0.15022751692547362,estres,1050,2019-09-26,0.3899602032300559,0.11968839787152226,-0.019901701504519753,1.3514977257070926
Strategist,0.5625,0.5625,0.35808501880119625,0.0,normal,1071,2019-10-31,0.13157385707567074,0.28411133413658013,-0.07353535364896091,0.8059761690423011
Strategist,0.5625,0.5625,0.39041253870239667,0.0,normal,1092,2019-12-05,0.9280270173667042,0.15898999516990003,-0.014264386645714944,0.02276395785025626
Strategist,0.5625,0.5625,0.37196680709993984,0.0,normal,1113,2020-01-10,-0.3831662972634142,0.12031442124384452,-0.027591694715550785,0.021152066316950248
Strategist,0.5625,0.5625,0.43841155823541095,0.0,normal,1134,2020-02-10,-0.7547139226952349,0.20476536593385825,-0.1073099916671929,0.03798847067036772
Strategist,0.5625,0.30050303902891495,0.863455985209673,0.6965688560214957,crisis,1155,2020-03-10,-0.6809164777995882,0.6422602142175126,-0.17917321401541042,1.497154612047179
Strategist,0.5625,0.27706628398477207,0.8914959713043604,0.7588799362319121,crisis,1176,2020-04-15,-0.835556483210812,0.1915552586574623,-0.07261592328615674,0.5666574068156355
Strategist,0.5625,0.37739538393870325,0.7714611558061377,0.4921359017914171,crisis,1197,2020-05-15,-0.015622291161363032,0.17962682030121013,-0.03763685778684622,0.18022874545329318
Strategist,0.5625,0.3694153598428638,0.7810085425608808,0.5133523168019574,crisis,1218,2020-06-18,0.39842635818238575,0.08857161247021378,-0.024821514359091856,0.2164616872326868
Strategist,0.5625,0.5442093800330507,0.5718830946763103,0.048629099280689383,estres,1239,2020-07-22,0.7851200271982843,0.23352586792254906,-0.06278398931808182,1.6397098116476148
Strategist,0.5625,0.5202378093181443,0.6005629399982322,0.11236208888496031,estres,1260,2020-08-25,-0.4436042522374519,0.16547753824700298,-0.06338164169519434,0.6050044233906549
Strategist,0.5625,0.5508170971973394,0.5639775507110596,0.031061223802354557,estres,1281,2020-09-23,-0.012029671744896208,0.20946008296229393,-0.03985476315764436,1.2067201714927596
Strategist,0.5625,0.5625,0.5299065364488478,0.0,normal,1302,2020-10-23,1.0744580814769127,0.3841920946644897,-0.08498860962840726,0.21286577718506083
Strategist,0.5625,0.5625,0.47909043093052905,0.0,normal,1323,2020-11-26,1.7794259225043523,0.33934141351382135,-0.04622495923335601,0.028654781765180944
Strategist,0.5625,0.5625,0.46916103649950835,0.0,normal,1344,2020-12-30,-0.22377553048154294,0.20695441825598368,-0.03741762571020224,0.41748349669556
Strategist,0.5625,0.5625,0.3784004494794452,0.0,normal,1365,2021-02-03,-0.8389008300384606,0.13775787463180192,-0.060746579980326953,0.40849348993118617
Strategist,0.5625,0.5625,0.34939180294587857,0.0,calma,1386,2021-03-04,-0.19838687368445362,0.18571363780698258,-0.08857115312477937,0.4097312363589474
Strategist,0.5625,0.5625,0.19762474306448946,0.0,calma,1407,2021-04-07,0.014706747676418414,0.2553667799408701,-0.09278606362012709,0.0134835368242734
Strategist,0.5625,0.5625,0.147804356619918,0.0,calma,1428,2021-05-07,-0.8199365779375344,0.44636104285258654,-0.17885475329534983,0.4165555132421315
Strategist,0.5625,0.5625,0.2142177918650774,0.0,calma,1449,2021-06-09,0.482716994493425,0.2341422379541929,-0.057057973195356104,0.015516328325071604
Strategist,0.5625,0.5625,0.19742955570839169,0.0,calma,1470,2021-07-12,-0.2652160011926121,0.12637276889949844,-0.044738749884014606,0.9944937388207424
Strategist,0.5625,0.5625,0.24593358574389113,0.0,calma,1491,2021-08-11,0.9952032850783683,0.16285917404468922,-0.020844904429954014,0.03343670452206881
Strategist,0.5625,0.5625,0.37410311521512224,0.0,normal,1512,2021-09-10,0.8372603464406144,0.1423456085678035,-0.024008013661333427,0.4112332923209396
Strategist,0.5625,0.5625,0.3845903583002782,0.0,normal,1533,2021-10-11,-0.1787941314546986,0.14980972795139452,-0.03768945233437582,0.2065190051893235
Strategist,0.5625,0.5625,0.31091413193106915,0.0,calma,1554,2021-11-11,1.0752262817852831,0.49831029253306586,-0.05849908618154853,0.4022961403265664
Strategist,0.5625,0.5581412615154778,0.5552148416564573,0.01158853701434944,estres,1575,2021-12-14,0.7972545686995655,0.3526470670385739,-0.06200636261461612,0.7999999999999581
Strategist,0.5625,0.5625,0.516287245544993,0.0,normal,1596,2022-01-14,0.04326785346666693,0.5657576428311542,-0.14316822691061382,0.42042216240104247
Strategist,0.5625,0.42805229225988933,0.7108546852324356,0.35745485607207894,estres,1617,2022-02-17,0.34590590738766314,0.10204112775646695,-0.016584188328801264,1.7639755391608067
Strategist,0.5625,0.5579875590373895,0.5553987329562639,0.011997184347252906,estres,1638,2022-03-22,0.7696722121644288,0.12804958354018187,-0.01627493689157733,1.569219329568443
Strategist,0.5625,0.298937775469892,0.8653286833859717,0.7007304075243815,crisis,1659,2022-04-25,-1.127730643257671,0.16912148681284253,-0.0902745426489392,1.6299980461076033
Strategist,0.5625,0.4137608951164311,0.7279530666603018,0.39545125924511504,estres,1680,2022-05-25,-0.6643221370991286,0.3472856110660868,-0.1735799555523322,0.7154763837653457
Strategist,0.5625,0.38213812942824366,0.7657868840340056,0.4795264089644569,crisis,1701,2022-06-30,-0.5655620625825398,0.22177319746585442,-0.08914393179830404,0.5608090994304351
Strategist,0.5625,0.49101599264789686,0.6355242361141813,0.19005385803151392,estres,1722,2022-08-03,-0.21818050356705387,0.21114723916838157,-0.0643183371083943,1.0198791355036663
Strategist,0.5625,0.4932252318802432,0.6328810785081836,0.18418017446263024,estres,1743,2022-09-05,-0.04886261301067254,0.1959736849092097,-0.048439269483776304,0.18881299847905547
Strategist,0.5625,0.40833853341774,0.7344404385829632,0.4098676412954736,estres,1764,2022-10-04,1.122439735081819,0.506396292176621,-0.04385254245098358,0.530129351495593
Strategist,0.5625,0.5299318576541014,0.5889648761865187,0.08658861374781927,estres,1785,2022-11-04,-0.7647886615391855,0.4713614422561783,-0.13498070312448684,0.8100744768383343
Strategist,0.5625,0.5625,0.5490170558894578,0.0,normal,1806,2022-12-12,0.2533692814498315,0.2846722684100908,-0.07028759208414948,0.6216991254292927
Strategist,0.5625,0.5625,0.180603012933448,0.0,calma,1827,2023-01-12,0.10076789954827306,0.17261007250228075,-0.048045256975404516,0.6056485019462263
Strategist,0.5625,0.5625,0.23975967025198858,0.0,calma,1848,2023-02-10,-0.21345897300216343,0.20109869507245376,-0.04591531042378583,0.26031038594744327
Strategist,0.5625,0.5625,0.40306146360228634,0.0,normal,1869,2023-03-13,1.3530077532148574,0.3343270504255608,-0.07079252817488013,0.09383791135102018
Strategist,0.5625,0.5625,0.24061662076100043,0.0,calma,1890,2023-04-17,-0.4915327847486372,0.25290020228972127,-0.06819300033981146,0.2687408112618008
Strategist,0.5625,0.5625,0.18628445017477882,0.0,calma,1911,2023-05-17,-1.0128048796174849,0.1892599693720454,-0.09437889890163109,0.6034384653492968
Strategist,0.5625,0.5625,0.2767524345469246,0.0,calma,1932,2023-06-21,0.1615930174744332,0.1983396366720954,-0.03213847578890483,0.6033251023861853
Strategist,0.5625,0.5625,0.24663762420360838,0.0,calma,1953,2023-07-24,-0.23882242889854585,0.16113485435803937,-0.03793701968315577,0.8378028409256038
Strategist,0.5625,0.5625,0.21075372840832823,0.0,calma,1974,2023-08-28,0.20167272179221354,0.2190616752120784,-0.04467908337509219,0.0469150202135145
Strategist,0.5625,0.5625,0.30852534526467223,0.0,calma,1995,2023-09-26,0.17544932989328146,0.34859571411414614,-0.07400102063696645,1.4298978893010843
Strategist,0.5625,0.5625,0.45217060047750995,0.0,normal,2016,2023-10-26,1.3457192502011612,0.20080758159477838,-0.028022850913077324,0.5845375829254824
Strategist,0.5625,0.5625,0.24329680779136587,0.0,calma,2037,2023-11-28,2.039802452540097,0.1362738798866477,-0.010329611075754919,0.6125392915262781
Strategist,0.5625,0.5625,0.23916041578323619,0.0,calma,2058,2024-01-02,1.4584826850707744,0.3076710018579917,-0.0267320442993777,0.033223784284339336
Strategist,0.5625,0.5625,0.3301863627861628,0.0,calma,2079,2024-02-07,1.205383875172771,0.2754290883990788,-0.04147260617484938,0.04576547496594512
Strategist,0.5625,0.5625,0.2770191620644881,0.0,calma,2100,2024-03-07,1.1365017485723796,0.22138150113654542,-0.04256285943696603,0.5982574750361
Strategist,0.5625,0.5625,0.40665743111974584,0.0,normal,2121,2024-04-10,0.23190193716072313,0.5584739047050903,-0.14810885154724485,0.21419585326845933
Strategist,0.5625,0.5625,0.2950439192741676,0.0,calma,2142,2024-05-10,-0.020270450364161856,0.12817412836001976,-0.042268692839127264,0.40239885528855773
Strategist,0.5625,0.5625,0.31762436172418584,0.0,calma,2163,2024-06-14,0.22166827773139583,0.16709575136059274,-0.03423877332559422,0.025073872880049523
Strategist,0.5625,0.5625,0.44384046445036895,0.0,normal,2184,2024-07-16,0.40851490227847276,0.20722735237340628,-0.05578089980754719,0.030189055403720674
Strategist,0.5625,0.5380878939740592,0.5792069065115942,0.06490423669243153,estres,2205,2024-08-15,-0.5398702607835991,0.0878232948270634,-0.0469974784084346,0.4077504663210237
Strategist,0.5625,0.48997202027400594,0.6367732559034824,0.19282945756329423,estres,2226,2024-09-16,0.3659759335700139,0.11666952090866971,-0.01976957553172376,0.22794994817215875
Strategist,0.5625,0.48638385844371423,0.6410661713534825,0.20236926967440555,estres,2247,2024-10-16,0.049812040284883036,0.15499396474809715,-0.03337529219565649,0.7068936869107725
Strategist,0.5625,0.5625,0.400695388311994,0.0,normal,2268,2024-11-18,0.6519802353484749,0.16313088664271266,-0.021126966073774067,1.6907720590438633
Adventurer,0.6875,0.6173473572009626,0.6154442897321936,0.14543175496043007,estres,252,2016-02-25,1.7417485673152682,0.23888185504659237,-0.032615018562460296,1.0
Adventurer,0.6875,0.6875,0.35596838684909937,0.0,normal,273,2016-04-04,-1.3375271640341004,0.22838702703539646,-0.10897391940277601,0.01651184005431158
Adventurer,0.6875,0.6875,0.26956972874405283,0.0,calma,294,2016-05-06,0.6537354505204859,0.227761208354009,-0.056869193724585876,0.07314798417929144
Adventurer,0.6875,0.6875,0.44365923757628345,0.0,normal,315,2016-06-15,0.49872240256920164,0.12831517286691366,-0.02576903093190308,0.011058301026592058
Adventurer,0.6875,0.6875,0.5132572668254788,0.0,normal,336,2016-07-19,0.13895377057671113,0.11516698872606201,-0.03483304179675373,0.030572442780919792
Adventurer,0.6875,0.6875,0.37736073849802765,0.0,normal,357,2016-08-19,-0.10375450468515467,0.17548406222628535,-0.05461172699139538,0.21021320040337413
Adventurer,0.6875,0.6875,0.26185365139180355,0.0,calma,378,2016-09-22,-0.09867640411054454,0.1394251998332599,-0.04302627214475052,0.013976331586668177
Adventurer,0.6875,0.6875,0.2950452153324541,0.0,calma,399,2016-10-26,-0.2803277514020839,0.18286920815521107,-0.053761389695432094,0.21127617595767612
Adventurer,0.6875,0.6875,0.32672323815315424,0.0,calma,420,2016-11-28,0.49770303150177786,0.11306133601492825,-0.009632763579921488,0.010108681372938697
Adventurer,0.6875,0.6875,0.5499035861216901,0.0,normal,441,2016-12-28,0.3322784405193303,0.11733458841488342,-0.01340660574378949,0.01730325370977524
Adventurer,0.6875,0.6875,0.3893008035033314,0.0,normal,462,2017-01-30,-0.1281661283883925,0.11398946228908774,-0.028998399572987776,0.8161330890084395
Adventurer,0.6875,0.6875,0.49865091677263895,0.0,normal,483,2017-02-28,0.26756740509210947,0.14933942405301015,-0.024567632509477466,0.2158461109846335
Adventurer,0.6875,0.6875,0.43641864912351636,0.0,normal,504,2017-03-30,-0.06388269834653491,0.05145316858409806,-0.011760762242548295,0.7999999999999952
Adventurer,0.6875,0.6875,0.3620826757018609,0.0,normal,525,2017-05-03,0.5293608412108113,0.11954341610999933,-0.011791035042382991,0.6057996565471093
Adventurer,0.6875,0.6875,0.28749034685257574,0.0,calma,546,2017-06-05,-0.16790334880448113,0.10832774643367578,-0.030635480736051934,0.5826589357973531
Adventurer,0.6875,0.6875,0.3252023421128508,0.0,calma,567,2017-07-10,0.31891670449806203,0.11500830152621724,-0.023489287001722037,0.6105097832241175
Adventurer,0.6875,0.5366379421483534,0.6907368251531298,0.31274850034028845,estres,588,2017-08-10,0.3274347858347051,0.07898918531540179,-0.014208390765303003,0.23752537956147535
Adventurer,0.6875,0.6875,0.355993229036071,0.0,normal,609,2017-09-12,0.9669609670495748,0.13656741679828385,-0.019528279355311984,0.5999999999999998
Adventurer,0.6875,0.6875,0.27710929649582894,0.0,calma,630,2017-10-11,0.15193105286008898,0.098633266333986,-0.014906824478610248,1.411958226171633
Adventurer,0.6875,0.6875,0.42799101805625006,0.0,normal,651,2017-11-14,0.6356515223540378,0.15287532563974437,-0.01786042862766357,0.966228911499662
Adventurer,0.6875,0.6875,0.22699525481608304,0.0,calma,672,2017-12-18,1.183877350092031,0.15139389714638862,-0.031210629080441588,0.026324353792345673
Adventurer,0.6875,0.6875,0.4913034438761035,0.0,normal,693,2018-01-26,-0.33848325903447485,0.25494608965403026,-0.07033209514784067,0.8666978872710984
Adventurer,0.6875,0.4997617552253365,0.7251380360686159,0.38919563570803534,estres,714,2018-02-26,0.16079169191696052,0.1578710005168049,-0.030151878623593587,0.2217586790673231
Adventurer,0.6875,0.34638260795144304,0.8682230140903875,0.7071622535341944,crisis,735,2018-04-04,0.2586385845803524,0.0685098054835315,-0.013951922405425865,1.44601818167244
Adventurer,0.6875,0.6875,0.49615151135951263,0.0,normal,756,2018-05-10,-0.07497221373371775,0.15772331812207277,-0.031356562317030434,1.4280686417401574
Adventurer,0.6875,0.6069443843159837,0.6251490584250994,0.16699790761133187,estres,777,2018-06-19,-0.008684682261225329,0.08301936933086164,-0.02454354578990048,0.2378795259091741
Adventurer,0.6875,0.6875,0.4639978216777871,0.0,normal,798,2018-07-25,0.42028377248432364,0.13470259477328672,-0.01914589625602836,0.2257738645302948
Adventurer,0.6875,0.6875,0.4063284056669997,0.0,normal,819,2018-09-04,0.01774404355337387,0.17966619710581752,-0.042052094769469806,0.06758434114520323
Adventurer,0.6875,0.6706133149561336,0.5657533211085564,0.035007380241236265,estres,840,2018-10-16,-1.8305386967126978,0.22908134562901047,-0.14988342108041997,0.09688541254852215
Adventurer,0.6875,0.5305662480590744,0.6964010124351729,0.32533558318927314,estres,861,2018-11-23,-0.5809545089221418,0.17654589903423945,-0.08706542373114501,0.2939640969948646
Adventurer,0.6875,0.309038594445194,0.9030606530182176,0.7845792289293724,crisis,882,2018-12-24,0.6487591015363144,0.0882729504051949,-0.015217922405219464,1.53560520852835
Adventurer,0.6875,0.48389074651172376,0.7399438488100012,0.4220974418000026,estres,903,2019-01-28,0.748080400705478,0.1116032882081993,-0.024296236052787967,1.3319703269101169
Adventurer,0.6875,0.6080579420839843,0.6241102380144226,0.16468941780982782,estres,924,2019-02-26,0.5142523128289582,0.1953680533613109,-0.029327587370478136,0.6033898590649842
Adventurer,0.6875,0.6875,0.3478737663876543,0.0,calma,945,2019-03-28,-0.7199704236332364,0.21392802389458854,-0.07064564043733501,0.982528402479973
Adventurer,0.6875,0.6875,0.5081940108583676,0.0,normal,966,2019-05-08,0.5789444227718612,0.20148754884293493,-0.04526728183347861,0.06290915274908923
Adventurer,0.6875,0.6875,0.46419333319904943,0.0,normal,987,2019-06-13,0.5816226647744885,0.1470230805612716,-0.029848121070768396,0.25158095847625683
Adventurer,0.6875,0.6875,0.4947126999116864,0.0,normal,1008,2019-07-17,-0.8440791458598619,0.3318333081900149,-0.09961495573255241,0.6315708774712208
Adventurer,0.6875,0.5627014070266584,0.666422631434058,0.258716958742351,estres,1029,2019-08-26,0.5206154503175284,0.09954339752980845,-0.011329828978497103,0.6318152223588394
Adventurer,0.6875,0.6150340015230746,0.6176023826164632,0.15022751692547362,estres,1050,2019-09-26,0.673953118165961,0.214328445572874,-0.039440878607013063,0.6062329578506774
Adventurer,0.6875,0.6875,0.35808501880119625,0.0,normal,1071,2019-10-31,-0.24982132427894674,0.32168211204452196,-0.09149832627948795,0.4375830330124156
Adventurer,0.6875,0.6875,0.39041253870239667,0.0,normal,1092,2019-12-05,0.9279567036988672,0.17287097628105805,-0.02406948058288394,0.0490206230691191
Adventurer,0.6875,0.6875,0.37196680709993984,0.0,normal,1113,2020-01-10,-0.9116653516639589,0.15738661469407933,-0.06783029278579578,0.013888686673814595
Adventurer,0.6875,0.6875,0.43841155823541095,0.0,normal,1134,2020-02-10,-1.0613965029845087,0.2960880192873491,-0.13352765192737115,0.03938195690793331
Adventurer,0.6875,0.351492598076631,0.863455985209673,0.6965688560214957,crisis,1155,2020-03-10,-0.7121225406443951,0.6606466759387462,-0.17951854642639864,1.7664535405866837
Adventurer,0.6875,0.32143529076013144,0.8914959713043604,0.7588799362319121,crisis,1176,2020-04-15,-0.8229808732237814,0.19101268202447075,-0.07216634357424567,0.5821805447056512
Adventurer,0.6875,0.4501059443733652,0.7714611558061377,0.4921359017914171,crisis,1197,2020-05-15,0.38861495795869566,0.18131306620175874,-0.030738327995667114,0.5648240243729263
Adventurer,0.6875,0.4398716761826558,0.7810085425608808,0.5133523168019574,crisis,1218,2020-06-18,0.29363478940329363,0.13319697123861557,-0.043364345121008174,0.3716922087789471
Adventurer,0.6875,0.6640425382344775,0.5718830946763103,0.048629099280689383,estres,1239,2020-07-22,1.6831443934120685,0.4426790908346641,-0.10153971463468825,1.9999999999999991
Adventurer,0.6875,0.6332993373741173,0.6005629399982322,0.11236208888496031,estres,1260,2020-08-25,-0.1394989606605943,0.2516337583607735,-0.08940641927914028,0.046648882955306156
Adventurer,0.6875,0.6725168421683392,0.5639775507110596,0.031061223802354557,estres,1281,2020-09-23,-0.13563219785469413,0.1797694829088932,-0.028377707209879643,0.03422716583071019
Adventurer,0.6875,0.6875,0.5299065364488478,0.0,normal,1302,2020-10-23,1.133155818785576,0.3848814236318507,-0.08590721819963554,0.012576709871678101
Adventurer,0.6875,0.6875,0.47909043093052905,0.0,normal,1323,2020-11-26,1.8120977833745162,0.3602566660541262,-0.04744129367695005,0.022838724665793425
Adventurer,0.6875,0.6875,0.46916103649950835,0.0,normal,1344,2020-12-30,-0.21922457786403618,0.2068240972201759,-0.03741762571020224,0.03823744523656575
Adventurer,0.6875,0.6875,0.3784004494794452,0.0,normal,1365,2021-02-03,-0.8411674682120448,0.13695608480382315,-0.06549171128435216,0.009672700216585879
Adventurer,0.6875,0.6875,0.34939180294587857,0.0,calma,1386,2021-03-04,-0.19361395960233124,0.18560904429241784,-0.08857115312478236,0.011988396181735715
Adventurer,0.6875,0.6875,0.19762474306448946,0.0,calma,1407,2021-04-07,0.014706747676419996,0.2553667799408677,-0.09278606362012576,0.013483536824251947
Adventurer,0.6875,0.6875,0.147804356619918,0.0,calma,1428,2021-05-07,-0.8199365779387465,0.4463610428525954,-0.17885475329500766,0.416555513139177
Adventurer,0.6875,0.6875,0.2142177918650774,0.0,calma,1449,2021-06-09,0.4522789415370209,0.2366138671461493,-0.059821625656792166,0.4155163282725088
Adventurer,0.6875,0.6875,0.19742955570839169,0.0,calma,1470,2021-07-12,-0.5382850255497822,0.10160522786689084,-0.05666401447204472,0.6264393223203061
Adventurer,0.6875,0.6875,0.24593358574389113,0.0,calma,1491,2021-08-11,0.9149137875502525,0.21810491791523093,-0.035028982130370645,0.022322764606392608
Adventurer,0.6875,0.6875,0.37410311521512224,0.0,normal,1512,2021-09-10,0.8268953232231864,0.1465070358347424,-0.019954814492083583,0.033376385388115645
Adventurer,0.6875,0.6875,0.3845903583002782,0.0,normal,1533,2021-10-11,-0.1440444363164739,0.17382567741234223,-0.04458895975525112,0.008241726378977141
Adventurer,0.6875,0.6875,0.31091413193106915,0.0,calma,1554,2021-11-11,1.7024756272340444,0.5879598501090894,-0.07892413715669166,0.0030863311207412272
Adventurer,0.6875,0.6819099794577032,0.5552148416564573,0.01158853701434944,estres,1575,2021-12-14,0.8105815520882668,0.4013633754658673,-0.08398662313679528,0.2332690758906439
Adventurer,0.6875,0.6875,0.516287245544993,0.0,normal,1596,2022-01-14,-0.3574998148206764,0.5972951193660457,-0.1762702903255029,0.06366559056208129
Adventurer,0.6875,0.515072713802231,0.7108546852324356,0.35745485607207894,estres,1617,2022-02-17,-0.04788499145836537,0.11365165994853745,-0.017338748629817102,1.3999999999999995
Adventurer,0.6875,0.6817128582004939,0.5553987329562639,0.011997184347252906,estres,1638,2022-03-22,0.7851403725208578,0.12834775124444986,-0.01627493689157722,0.28020596653160107
Adventurer,0.6875,0.3494851696704264,0.8653286833859717,0.7007304075243815,crisis,1659,2022-04-25,-1.1625493442692743,0.17381861187249684,-0.09419552328071445,1.6018220812638628
Adventurer,0.6875,0.4967441988216376,0.7279530666603018,0.39545125924511504,estres,1680,2022-05-25,-0.9187567156624322,0.5140411304849296,-0.21131934957720577,1.4000784868666825
Adventurer,0.6875,0.4561884484757701,0.7657868840340056,0.4795264089644569,crisis,1701,2022-06-30,-0.5882986507100644,0.264619146635837,-0.10318070666015788,0.7176404395291703
Adventurer,0.6875,0.5958227702320484,0.6355242361141813,0.19005385803151392,estres,1722,2022-08-03,-0.7529156017665287,0.23770323910853994,-0.09411841999723991,0.5863106284275634
Adventurer,0.6875,0.5986560883435887,0.6328810785081836,0.18418017446263024,estres,1743,2022-09-05,0.15014802902739255,0.21859579501682488,-0.04565032452615103,0.059167202012712555
Adventurer,0.6875,0.489790096530096,0.7344404385829632,0.4098676412954736,estres,1764,2022-10-04,2.281457530639286,0.6335214370554623,-0.037488889065918074,0.7916659602755288
Adventurer,0.6875,0.6457318174433957,0.5889648761865187,0.08658861374781927,estres,1785,2022-11-04,-0.3838885762868956,0.4296532960810985,-0.1325526838405009,0.7989615773138877
Adventurer,0.6875,0.6875,0.5490170558894578,0.0,normal,1806,2022-12-12,0.13892801292278242,0.27675968531660405,-0.06567467588498066,0.04190110790643449
Adventurer,0.6875,0.6875,0.180603012933448,0.0,calma,1827,2023-01-12,0.06053995339986099,0.181231606106857,-0.04661294450425135,0.8371729033489755
Adventurer,0.6875,0.6875,0.23975967025198858,0.0,calma,1848,2023-02-10,-0.2763627431798194,0.21109785082089466,-0.04336578851039152,0.09176773983811981
Adventurer,0.6875,0.6875,0.40306146360228634,0.0,normal,1869,2023-03-13,1.5816909863122341,0.325053042461929,-0.06414706642485635,0.0871142078810635
Adventurer,0.6875,0.6875,0.24061662076100043,0.0,calma,1890,2023-04-17,-0.5965197943222366,0.23727291261981914,-0.04631974115290538,0.889217897347913
Adventurer,0.6875,0.6875,0.18628445017477882,0.0,calma,1911,2023-05-17,-0.49793496791366404,0.19700292916401468,-0.055758216033943264,0.04895407458352615
Adventurer,0.6875,0.6875,0.2767524345469246,0.0,calma,1932,2023-06-21,-0.447508351566502,0.18398906003288315,-0.036222062654144405,0.25321664565228297
Adventurer,0.6875,0.6875,0.24663762420360838,0.0,calma,1953,2023-07-24,-0.22150963727805842,0.1526791123739568,-0.029761214419442572,0.25022248064186753
Adventurer,0.6875,0.6875,0.21075372840832823,0.0,calma,1974,2023-08-28,0.6199804651101697,0.5948114440839225,-0.08095415186491828,0.04687852657683225
Adventurer,0.6875,0.6875,0.30852534526467223,0.0,calma,1995,2023-09-26,0.11556095950606134,0.3402489740248111,-0.072704892414301,0.6382828136846569
Adventurer,0.6875,0.6875,0.45217060047750995,0.0,normal,2016,2023-10-26,1.0067731597986496,0.23601977036769614,-0.03881941507681419,0.22077162233213718
Adventurer,0.6875,0.6875,0.24329680779136587,0.0,calma,2037,2023-11-28,2.1203823465845,0.14303514372300172,-0.013376038805568813,0.6218790364967107
Adventurer,0.6875,0.6875,0.23916041578323619,0.0,calma,2058,2024-01-02,1.4559858258510445,0.30779261131733937,-0.02673204429937781,0.24129538592842215
Adventurer,0.6875,0.6875,0.3301863627861628,0.0,calma,2079,2024-02-07,1.2053838751727748,0.27542908839907765,-0.04147260617484838,0.04576547496592078
Adventurer,0.6875,0.6875,0.2770191620644881,0.0,calma,2100,2024-03-07,1.046647597823282,0.18102093742916764,-0.0330976969483483,0.11482909658600278
Adventurer,0.6875,0.6875,0.40665743111974584,0.0,normal,2121,2024-04-10,0.0011933033682924295,0.44148753323600576,-0.12948661137384254,0.022950757143034645
Adventurer,0.6875,0.6875,0.2950439192741676,0.0,calma,2142,2024-05-10,-0.2956083666688363,0.2709404441968691,-0.10386240529912827,1.8000000000000018
Adventurer,0.6875,0.6875,0.31762436172418584,0.0,calma,2163,2024-06-14,-0.31298141013050007,0.1264334618563206,-0.029960307078694126,0.055210033172288515
Adventurer,0.6875,0.6875,0.44384046445036895,0.0,normal,2184,2024-07-16,0.04066576023801689,0.1698809169578516,-0.046773721719213124,0.23068058633603228
Adventurer,0.6875,0.6561918188254884,0.5792069065115942,0.06490423669243153,estres,2205,2024-08-15,-0.7039255114100398,0.26491560633218714,-0.10175961111705356,0.05596895978980586
Adventurer,0.6875,0.594483890407906,0.6367732559034824,0.19282945756329423,estres,2226,2024-09-16,0.20293729645171815,0.10575136522877789,-0.021044301648422747,1.231065878170421
Adventurer,0.6875,0.5898821235408086,0.6410661713534825,0.20236926967440555,estres,2247,2024-10-16,0.540071165952733,0.23716286672781461,-0.056397568459874425,1.20000000000012
Adventurer,0.6875,0.6875,0.400695388311994,0.0,normal,2268,2024-11-18,0.6402878938387814,0.17024184606505657,-0.022887007713694674,0.2241442436823835
Innovator,0.8125,0.7268952332364169,0.6154442897321936,0.14543175496043007,estres,252,2016-02-25,1.6674632614291787,0.2252190687770696,-0.030745728421561758,1.0
Innovator,0.8125,0.8125,0.35596838684909937,0.0,normal,273,2016-04-04,0.11756769537245587,0.2117144517141954,-0.036595850572315736,1.8109279765431285
Innovator,0.8125,0.8125,0.26956972874405283,0.0,calma,294,2016-05-06,0.24002217746726492,0.16894772422698434,-0.04178915529872507,0.22635144213090314
Innovator,0.8125,0.8125,0.44365923757628345,0.0,normal,315,2016-06-15,0.3019790810173055,0.10357889039973078,-0.018630476439046917,0.2143345362456449
Innovator,0.8125,0.8125,0.5132572668254788,0.0,normal,336,2016-07-19,0.23459000046227504,0.13101087060015054,-0.041746365166888344,0.0226027285234767
Innovator,0.8125,0.8125,0.37736073849802765,0.0,normal,357,2016-08-19,-0.25115425004481745,0.19240047672691693,-0.0659984343565927,0.044787583498629394
Innovator,0.8125,0.8125,0.26185365139180355,0.0,calma,378,2016-09-22,0.44604995108350004,0.17205712050943814,-0.033017825054933,0.23623930446796557
Innovator,0.8125,0.8125,0.2950452153324541,0.0,calma,399,2016-10-26,-0.29950676406724014,0.1827100489810954,-0.053761389695432094,1.8095272313873672
Innovator,0.8125,0.8125,0.32672323815315424,0.0,calma,420,2016-11-28,0.4977030315018961,0.11306133601494756,-0.009632763579928816,0.010108681373286415
Innovator,0.8125,0.8125,0.5499035861216901,0.0,normal,441,2016-12-28,0.3322784405193219,0.11733458841488228,-0.013406605743789268,0.017303253709988153
Innovator,0.8125,0.8125,0.3893008035033314,0.0,normal,462,2017-01-30,-0.05051011442199641,0.1108718284255844,-0.025996264687651927,0.6212763647819906
Innovator,0.8125,0.8125,0.49865091677263895,0.0,normal,483,2017-02-28,0.26991455082973365,0.1493423914959079,-0.024567632509477244,0.020250632849254036
Innovator,0.8125,0.8125,0.43641864912351636,0.0,normal,504,2017-03-30,0.09315502751255002,0.036283096176042424,-0.005406337904902747,1.9999999999999998
Innovator,0.8125,0.8125,0.3620826757018609,0.0,normal,525,2017-05-03,0.36926937997076115,0.132408623048638,-0.024495909331027188,1.4115566423238035
Innovator,0.8125,0.8125,0.28749034685257574,0.0,calma,546,2017-06-05,0.17949554382914457,0.09376022702576725,-0.021668511561716675,1.400983797084157
Innovator,0.8125,0.8125,0.3252023421128508,0.0,calma,567,2017-07-10,0.2941063044762365,0.078635006605375,-0.015667976275146822,0.028932642826159392
Innovator,0.8125,0.6284084139871977,0.6907368251531298,0.31274850034028845,estres,588,2017-08-10,0.30601552918105707,0.08028735499235533,-0.014904379030796555,1.2306402809276205
Innovator,0.8125,0.8125,0.355993229036071,0.0,normal,609,2017-09-12,0.010866713529313277,0.04412018066895479,-0.0084801488697136,1.9999999999999984
Innovator,0.8125,0.8125,0.27710929649582894,0.0,calma,630,2017-10-11,0.6001815632143925,0.17673146516821445,-0.022965638002681255,0.025594395875126037
Innovator,0.8125,0.8125,0.42799101805625006,0.0,normal,651,2017-11-14,0.42088081424570234,0.1348467101701467,-0.016611657389545953,0.8812844476971291
Innovator,0.8125,0.8125,0.22699525481608304,0.0,calma,672,2017-12-18,-0.052940829838118465,0.06620612169021227,-0.016594697957971305,0.014239757854593988
Innovator,0.8125,0.8125,0.4913034438761035,0.0,normal,693,2018-01-26,-0.4459345906922267,0.2567481028352628,-0.07334982472220442,1.4017804143119044
Innovator,0.8125,0.5834097189313577,0.7251380360686159,0.38919563570803534,estres,714,2018-02-26,0.16089843112246408,0.15786669431906886,-0.030151878623592476,0.21286374527705987
Innovator,0.8125,0.3962466185134349,0.8682230140903875,0.7071622535341944,crisis,735,2018-04-04,0.2974225550612278,0.079740720061342,-0.01635134769760538,1.3404537334506967
Innovator,0.8125,0.8125,0.49615151135951263,0.0,normal,756,2018-05-10,-0.09706552568320558,0.16374156231899165,-0.031830104004626714,1.5171428431514553
Innovator,0.8125,0.7142008566322797,0.6251490584250994,0.16699790761133187,estres,777,2018-06-19,-0.09671467868246746,0.08304843097882464,-0.029028779868208288,0.23571805081915959
Innovator,0.8125,0.8125,0.4639978216777871,0.0,normal,798,2018-07-25,0.38380994493206366,0.15533632609115494,-0.027287782990993215,0.22086382233086616
Innovator,0.8125,0.8125,0.4063284056669997,0.0,normal,819,2018-09-04,-0.1384210706267898,0.16209400125342047,-0.04226621992036872,0.07001672520115046
Innovator,0.8125,0.7918937808055023,0.5657533211085564,0.035007380241236265,estres,840,2018-10-16,-1.8570324437104442,0.2538640760200393,-0.150264798518279,0.10532997950467225
Innovator,0.8125,0.620999342345214,0.6964010124351729,0.32533558318927314,estres,861,2018-11-23,-0.5809051050323095,0.1765475448542344,-0.08706542373164794,0.2898471055423909
Innovator,0.8125,0.3506770513714482,0.9030606530182176,0.7845792289293724,crisis,882,2018-12-24,0.6413326212329221,0.09007684819549193,-0.01644240855211465,1.4761149781961795
Innovator,0.8125,0.5640428933204735,0.7399438488100012,0.4220974418000026,estres,903,2019-01-28,0.7386953260601669,0.10440884602835267,-0.022399546142708338,1.4727373959916865
Innovator,0.8125,0.7155596914416901,0.6241102380144226,0.16468941780982782,estres,924,2019-02-26,0.1839308894969418,0.14204161324703812,-0.03128138374341294,0.8029995304570257
Innovator,0.8125,0.8125,0.3478737663876543,0.0,calma,945,2019-03-28,-0.7824290025996127,0.20219843372942686,-0.07162166333584052,1.199999999999924
Innovator,0.8125,0.8125,0.5081940108583676,0.0,normal,966,2019-05-08,0.5766178755366229,0.20139187115199916,-0.04526728183347983,0.25678808901973404
Innovator,0.8125,0.8125,0.46419333319904943,0.0,normal,987,2019-06-13,0.5816226647745067,0.14702308056126973,-0.02984812107076762,0.2515809584762601
Innovator,0.8125,0.8125,0.4947126999116864,0.0,normal,1008,2019-07-17,-0.8440791458598629,0.33183330819001405,-0.09961495573255219,0.631570877471189
Innovator,0.8125,0.6602127301602836,0.666422631434058,0.258716958742351,estres,1029,2019-08-26,0.1265029486330679,0.10367028244178089,-0.035099650445960084,0.4318152223588441
Innovator,0.8125,0.7240723278497431,0.6176023826164632,0.15022751692547362,estres,1050,2019-09-26,0.3583856449100317,0.21955344805477758,-0.04530124242604472,0.06723128287762455
Innovator,0.8125,0.8125,0.35808501880119625,0.0,normal,1071,2019-10-31,-0.2410768097043185,0.31257030066133756,-0.08946914999783906,0.24862979890685916
Innovator,0.8125,0.8125,0.39041253870239667,0.0,normal,1092,2019-12-05,0.8525317961380519,0.1747537890259313,-0.025225177499354268,0.04967414476117379
Innovator,0.8125,0.8125,0.37196680709993984,0.0,normal,1113,2020-01-10,-0.9492310284802838,0.16641812910784665,-0.07018857385497379,0.017323554563696882
Innovator,0.8125,0.8125,0.43841155823541095,0.0,normal,1134,2020-02-10,-0.9720692519620496,0.2990892514441396,-0.12884068875528887,0.03534743194700642
Innovator,0.8125,0.4024821571243471,0.863455985209673,0.6965688560214957,crisis,1155,2020-03-10,-0.8031368976656068,0.7044588958845536,-0.18364601564836236,1.9803712886535927
Innovator,0.8125,0.36580429753549076,0.8914959713043604,0.7588799362319121,crisis,1176,2020-04-15,-0.8100519946337947,0.19057042945878885,-0.07153176932166194,0.7113649293702606
Innovator,0.8125,0.5228165048080271,0.7714611558061377,0.4921359017914171,crisis,1197,2020-05-15,0.5994167871036467,0.17056100144525532,-0.02733491633765961,1.014537242198672
Innovator,0.8125,0.5103279925224479,0.7810085425608808,0.5133523168019574,crisis,1218,2020-06-18,0.5194262397249706,0.1550704726351422,-0.032508226840498144,0.3975925918416786
Innovator,0.8125,0.7838756964359042,0.5718830946763103,0.048629099280689383,estres,1239,2020-07-22,1.6831443934120567,0.44267909083466506,-0.10153971463468836,2.0000000000000004
Innovator,0.8125,0.7463608654300903,0.6005629399982322,0.11236208888496031,estres,1260,2020-08-25,-0.13949896066062126,0.25163375836077767,-0.08940641927914261,0.04664888295526207
Innovator,0.8125,0.7942165871393391,0.5639775507110596,0.031061223802354557,estres,1281,2020-09-23,-0.1356321978546938,0.17976948290889308,-0.02837770720987942,0.034227165830641115
Innovator,0.8125,0.8125,0.5299065364488478,0.0,normal,1302,2020-10-23,0.9978621428762466,0.33553225282870525,-0.07780169630091605,0.8066710170980128
Innovator,0.8125,0.8125,0.47909043093052905,0.0,normal,1323,2020-11-26,1.802771848070502,0.3605827424926529,-0.047441293676949936,0.7999999999999913
Innovator,0.8125,0.8125,0.46916103649950835,0.0,normal,1344,2020-12-30,-0.5832145314036152,0.18569123421586606,-0.05370728237921729,0.8135385228047334
Innovator,0.8125,0.8125,0.3784004494794452,0.0,normal,1365,2021-02-03,-0.6723441337150747,0.22116395535995753,-0.05771504388029425,0.02616597118567373
Innovator,0.8125,0.8125,0.34939180294587857,0.0,calma,1386,2021-03-04,-0.3513241637517762,0.18577425223666444,-0.08546027099585296,0.027949207424123074
Innovator,0.8125,0.8125,0.19762474306448946,0.0,calma,1407,2021-04-07,-0.10734799375058748,0.31212258082260175,-0.1141176130112107,0.008209850005325078
Innovator,0.8125,0.8125,0.147804356619918,0.0,calma,1428,2021-05-07,-0.8246333639762043,0.4461764254008999,-0.17885475329500622,0.8079543495931961
Innovator,0.8125,0.8125,0.2142177918650774,0.0,calma,1449,2021-06-09,0.08011409953843932,0.18073911594497552,-0.046556840705883173,0.6155163282723071
Innovator,0.8125,0.8125,0.19742955570839169,0.0,calma,1470,2021-07-12,-0.529692269812187,0.0980819459892686,-0.052662349550703924,0.8006927880710591
Innovator,0.8125,0.8125,0.24593358574389113,0.0,calma,1491,2021-08-11,0.8413840534514374,0.18976280869401743,-0.02987674498947801,0.4097104955173817
Innovator,0.8125,0.8125,0.37410311521512224,0.0,normal,1512,2021-09-10,0.7653869250427108,0.11881147006863121,-0.016759342133276234,0.030958642568470054
Innovator,0.8125,0.8125,0.3845903583002782,0.0,normal,1533,2021-10-11,-0.2270226135884819,0.1485247184833423,-0.04441873285860998,0.011321595108008337
Innovator,0.8125,0.8125,0.31091413193106915,0.0,calma,1554,2021-11-11,1.445634274130749,0.5411259385720947,-0.07214563758898207,0.40628356814764754
Innovator,0.8125,0.8056786973999286,0.5552148416564573,0.01158853701434944,estres,1575,2021-12-14,0.32923138298064786,0.36273658208017395,-0.0896892544879947,0.08077052845799161
Innovator,0.8125,0.8125,0.516287245544993,0.0,normal,1596,2022-01-14,-0.3614452182770363,0.596259371029796,-0.17627029032405905,0.39244925654892043
Innovator,0.8125,0.6020931353445725,0.7108546852324356,0.35745485607207894,estres,1617,2022-02-17,-0.2262298210674578,0.09385386526593137,-0.026608748719191277,1.1999999999494193
Innovator,0.8125,0.8054381573635983,0.5553987329562639,0.011997184347252906,estres,1638,2022-03-22,0.6998914693577305,0.13790035142389262,-0.018725827565095332,0.2647785569123406
Innovator,0.8125,0.4000325638709609,0.8653286833859717,0.7007304075243815,crisis,1659,2022-04-25,-1.2262152842701501,0.1839246079549079,-0.10521983306144655,1.494738311675342
Innovator,0.8125,0.5797275025268441,0.7279530666603018,0.39545125924511504,estres,1680,2022-05-25,-0.5661032919497764,0.5170048530943179,-0.16827521011382163,1.486731837995003
Innovator,0.8125,0.5302387675232965,0.7657868840340056,0.4795264089644569,crisis,1701,2022-06-30,-0.5334786540499626,0.23308614220964335,-0.0998263673476869,0.09503037816784701
Innovator,0.8125,0.7006295478162001,0.6355242361141813,0.19005385803151392,estres,1722,2022-08-03,-0.7511550564026848,0.23770298729796221,-0.09411841999539827,0.43959851563484764
Innovator,0.8125,0.7040869448069342,0.6328810785081836,0.18418017446263024,estres,1743,2022-09-05,0.15014802902708693,0.21859579501682366,-0.04565032452615159,0.05916720203497445
Innovator,0.8125,0.5712416596424519,0.7344404385829632,0.4098676412954736,estres,1764,2022-10-04,2.010072537381424,0.6544079009432588,-0.04248228610160831,0.22590099202950692
Innovator,0.8125,0.7615317772326898,0.5889648761865187,0.08658861374781927,estres,1785,2022-11-04,-0.7648397252567328,0.47136096830147156,-0.13498070312448385,0.8143297866347337
Innovator,0.8125,0.8125,0.5490170558894578,0.0,normal,1806,2022-12-12,0.5371984771286646,0.29277788563063545,-0.04861498052321078,0.6216991254293062
Innovator,0.8125,0.8125,0.180603012933448,0.0,calma,1827,2023-01-12,-0.2563500540548477,0.1861008485162434,-0.05031268437543823,0.271613320018524
Innovator,0.8125,0.8125,0.23975967025198858,0.0,calma,1848,2023-02-10,-0.8033873350755737,0.24217196823862583,-0.12368467569769082,0.10960328417196916
Innovator,0.8125,0.8125,0.40306146360228634,0.0,normal,1869,2023-03-13,1.5645456000868394,0.3378494588948182,-0.07324042831862887,0.6401077192488175
Innovator,0.8125,0.8125,0.24061662076100043,0.0,calma,1890,2023-04-17,-0.32039838207782534,0.25127378566209563,-0.06897088758831471,0.6389771628831136
Innovator,0.8125,0.8125,0.18628445017477882,0.0,calma,1911,2023-05-17,-0.856422243409344,0.13120923251736377,-0.07447326164715973,0.030798771215807246
Innovator,0.8125,0.8125,0.2767524345469246,0.0,calma,1932,2023-06-21,-0.3917873121230111,0.18809533130608216,-0.034389688745665836,0.992105964153567
Innovator,0.8125,0.8125,0.24663762420360838,0.0,calma,1953,2023-07-24,-0.6306627057615173,0.17966457835448896,-0.05064065856056965,0.4296309825696532
Innovator,0.8125,0.8125,0.21075372840832823,0.0,calma,1974,2023-08-28,0.5413811255185476,0.5896338239313447,-0.08256391736718705,0.03766874864616933
Innovator,0.8125,0.8125,0.30852534526467223,0.0,calma,1995,2023-09-26,0.19384039581696527,0.3152541595290103,-0.06439037469243114,0.02964443621425453
Innovator,0.8125,0.8125,0.45217060047750995,0.0,normal,2016,2023-10-26,0.32831721871126945,0.19412687971355586,-0.03563511906597183,0.02760576185512874
Innovator,0.8125,0.8125,0.24329680779136587,0.0,calma,2037,2023-11-28,2.325142056605517,0.24693096029621572,-0.03138759929854773,1.8000000000000362
Innovator,0.8125,0.8125,0.23916041578323619,0.0,calma,2058,2024-01-02,1.3844814825192877,0.22140021601591914,-0.03037240001167918,0.06378248527714588
Innovator,0.8125,0.8125,0.3301863627861628,0.0,calma,2079,2024-02-07,2.0186568063398345,0.31455807400972435,-0.022248660084837724,0.05694260700253601
Innovator,0.8125,0.8125,0.2770191620644881,0.0,calma,2100,2024-03-07,1.1432361121235095,0.22113754260962007,-0.042562859436964695,0.03706051244025588
Innovator,0.8125,0.8125,0.40665743111974584,0.0,normal,2121,2024-04-10,0.02266406010371995,0.5067393810153582,-0.14793744325768954,0.01419585327435822
Innovator,0.8125,0.8125,0.2950439192741676,0.0,calma,2142,2024-05-10,-0.2956083666688362,0.2709404441968691,-0.10386240529912827,1.800000000000003
Innovator,0.8125,0.8125,0.31762436172418584,0.0,calma,2163,2024-06-14,-0.31298141013038033,0.12643346185630253,-0.029960307078690684,0.055210033172172795
Innovator,0.8125,0.8125,0.44384046445036895,0.0,normal,2184,2024-07-16,0.014633674169750865,0.17734169498485947,-0.052660750898469555,0.2306805863362671
Innovator,0.8125,0.7742957436769174,0.5792069065115942,0.06490423669243153,estres,2205,2024-08-15,-0.6909857178007106,0.27911424213358754,-0.09929483961665242,0.05323311866892749
Innovator,0.8125,0.6989957605418059,0.6367732559034824,0.19282945756329423,estres,2226,2024-09-16,0.7534132245308237,0.1816951020511412,-0.028064441343588653,0.2419969015461786
Innovator,0.8125,0.6933803886379031,0.6410661713534825,0.20236926967440555,estres,2247,2024-10-16,0.5517309453689575,0.2379754082503007,-0.05639756845987043,0.22835171531818924
Innovator,0.8125,0.8125,0.400695388311994,0.0,normal,2268,2024-11-18,0.5744275046729198,0.1604563018897208,-0.022774332894428984,0.22414424368250846
Visionary,0.9375,0.8364431092718712,0.6154442897321936,0.14543175496043007,estres,252,2016-02-25,1.1904419088366238,0.23327714356476745,-0.038393933120701385,1.0
Visionary,0.9375,0.9375,0.35596838684909937,0.0,normal,273,2016-04-04,0.01089707395663276,0.21590259029466966,-0.04231344541364357,0.032679629234416606
Visionary,0.9375,0.9375,0.26956972874405283,0.0,calma,294,2016-05-06,0.24217938075430895,0.16923638227816284,-0.041789155298685654,0.04658450152455577
Visionary,0.9375,0.9375,0.44365923757628345,0.0,normal,315,2016-06-15,0.40597459006957143,0.10288625640059541,-0.017820398560317696,0.014334536280471441
Visionary,0.9375,0.9375,0.5132572668254788,0.0,normal,336,2016-07-19,0.18903191719195697,0.13472682477802525,-0.044126043775943646,0.02567154570759787
Visionary,0.9375,0.9375,0.37736073849802765,0.0,normal,357,2016-08-19,-0.2751426622812928,0.2010333749541002,-0.06995748902528531,0.04550622193396753
Visionary,0.9375,0.9375,0.26185365139180355,0.0,calma,378,2016-09-22,0.4484793190984092,0.1722944744909032,-0.033017825054933336,0.033791969892073684
Visionary,0.9375,0.9375,0.2950452153324541,0.0,calma,399,2016-10-26,-0.29950676406723337,0.18271004898109588,-0.05376138969543165,1.8095272313873614
Visionary,0.9375,0.9375,0.32672323815315424,0.0,calma,420,2016-11-28,0.49770303150186584,0.11306133601494184,-0.009632763579926706,0.010108681373204505
Visionary,0.9375,0.9375,0.5499035861216901,0.0,normal,441,2016-12-28,0.3322784405193233,0.11733458841488233,-0.013406605743789268,0.017303253709938793
Visionary,0.9375,0.9375,0.3893008035033314,0.0,normal,462,2017-01-30,-0.0020743662434395327,0.06390564773155025,-0.014520549543006855,2.0
Visionary,0.9375,0.9375,0.49865091677263895,0.0,normal,483,2017-02-28,0.6933368633434027,0.11080640117675061,-0.008851917685358424,0.032163015326648066
Visionary,0.9375,0.9375,0.43641864912351636,0.0,normal,504,2017-03-30,0.11100848107948955,0.0430820782030564,-0.0051883522954825345,0.03704008410531093
Visionary,0.9375,0.9375,0.3620826757018609,0.0,normal,525,2017-05-03,0.26230154657191856,0.11969746163576067,-0.030284311021512966,1.9999999999999956
Visionary,0.9375,0.9375,0.28749034685257574,0.0,calma,546,2017-06-05,-0.01596540757913652,0.10666222711310483,-0.02728410427077188,0.008302095640201396
Visionary,0.9375,0.9375,0.3252023421128508,0.0,calma,567,2017-07-10,0.408854546127882,0.07483640964269093,-0.014421767315498824,1.9999999999999984
Visionary,0.9375,0.7201788858260421,0.6907368251531298,0.31274850034028845,estres,588,2017-08-10,0.15483088558250083,0.1036544916419846,-0.013819969974707469,0.6
Visionary,0.9375,0.9375,0.355993229036071,0.0,normal,609,2017-09-12,-0.05218598040962493,0.05075451223820858,-0.009227795015447349,0.6037262558084306
Visionary,0.9375,0.9375,0.27710929649582894,0.0,calma,630,2017-10-11,-0.49834366359516746,0.12341852308013292,-0.05088046336302299,0.4187760485716182
Visionary,0.9375,0.9375,0.42799101805625006,0.0,normal,651,2017-11-14,0.5364822970831757,0.14618470396838593,-0.01751159260963797,1.1975502067467043
Visionary,0.9375,0.9375,0.22699525481608304,0.0,calma,672,2017-12-18,-0.05229189103326172,0.045570320995418044,-0.013052996929367677,0.017026206777135424
Visionary,0.9375,0.9375,0.4913034438761035,0.0,normal,693,2018-01-26,-0.4459364916134247,0.25674806536927636,-0.07334982472225027,1.4019388240576682
Visionary,0.9375,0.667057682637379,0.7251380360686159,0.38919563570803534,estres,714,2018-02-26,0.10624727570906299,0.1541428715986202,-0.029748813188554712,0.21286374527838214
Visionary,0.9375,0.44611062907542676,0.8682230140903875,0.7071622535341944,crisis,735,2018-04-04,0.44805935068072084,0.13381889627484228,-0.023536130583164394,0.9974539163800276
Visionary,0.9375,0.9375,0.49615151135951263,0.0,normal,756,2018-05-10,-0.09047188785547759,0.16468117608198932,-0.031830104004574755,0.967673023948013
Visionary,0.9375,0.8214573289485758,0.6251490584250994,0.16699790761133187,estres,777,2018-06-19,-0.09125360465909337,0.08868506592970347,-0.03051528103818424,0.039164343872805964
Visionary,0.9375,0.9375,0.4639978216777871,0.0,normal,798,2018-07-25,0.3861212693226464,0.1553183228408533,-0.027287782991019638,0.02825345645912808
Visionary,0.9375,0.9375,0.4063284056669997,0.0,normal,819,2018-09-04,-0.13842107062682807,0.16209400125341444,-0.0422662199203685,0.07001672520092002
Visionary,0.9375,0.9131742466548709,0.5657533211085564,0.035007380241236265,estres,840,2018-10-16,-1.8570324437106183,0.2538640760201231,-0.15026479851828423,0.10532997950472922
Visionary,0.9375,0.7114324366313538,0.6964010124351729,0.32533558318927314,estres,861,2018-11-23,-0.8314725523841853,0.18674715153634672,-0.10299798503470792,0.08984710554485834
Visionary,0.9375,0.39231550829770234,0.9030606530182176,0.7845792289293724,crisis,882,2018-12-24,0.650098677219119,0.09035189565182472,-0.016838780979847923,1.543667080946199
Visionary,0.9375,0.6441950401292232,0.7399438488100012,0.4220974418000026,estres,903,2019-01-28,1.0179371507469122,0.11830684206800354,-0.02231639465735702,1.3775845961945357
Visionary,0.9375,0.8230614407993959,0.6241102380144226,0.16468941780982782,estres,924,2019-02-26,0.938400769474682,0.3448150426257933,-0.07410193954956434,0.8163126260331305
Visionary,0.9375,0.9375,0.3478737663876543,0.0,calma,945,2019-03-28,-0.7753392913265262,0.20259550327750855,-0.0716216633358403,0.6091907272427004
Visionary,0.9375,0.9375,0.5081940108583676,0.0,normal,966,2019-05-08,0.586848857458417,0.19668253115064965,-0.03915529948386731,0.056788089019745525
Visionary,0.9375,0.9375,0.46419333319904943,0.0,normal,987,2019-06-13,0.5658320534949813,0.13959005403057925,-0.02754069101654777,0.06986879221308082
Visionary,0.9375,0.9375,0.4947126999116864,0.0,normal,1008,2019-07-17,-1.13049184409928,0.25736421186516056,-0.09565111130761839,0.04257897073753109
Visionary,0.9375,0.7577240532939089,0.666422631434058,0.258716958742351,estres,1029,2019-08-26,0.10218344546757302,0.10033569303495514,-0.03693245672431167,0.6173943464477807
Visionary,0.9375,0.8331106541764115,0.6176023826164632,0.15022751692547362,estres,1050,2019-09-26,0.2771062532881902,0.22519629825969925,-0.04504080438960367,0.06513848380616652
Visionary,0.9375,0.9375,0.35808501880119625,0.0,normal,1071,2019-10-31,-0.23862818467340643,0.31289234893199397,-0.0894691499974658,0.04457771312508367
Visionary,0.9375,0.9375,0.39041253870239667,0.0,normal,1092,2019-12-05,0.8525317961344254,0.17475378902501887,-0.02522517749913533,0.04967414475733497
Visionary,0.9375,0.9375,0.37196680709993984,0.0,normal,1113,2020-01-10,-0.9492310284801758,0.16641812910784406,-0.07018857385497357,0.01732355455467752
Visionary,0.9375,0.9375,0.43841155823541095,0.0,normal,1134,2020-02-10,-0.9720692519620472,0.29908925144413945,-0.12884068875528853,0.03534743194700407
Visionary,0.9375,0.45347171617206317,0.863455985209673,0.6965688560214957,crisis,1155,2020-03-10,-0.6614773981621832,0.7545710623857951,-0.1861192862264397,2.0
Visionary,0.9375,0.4101733043108501,0.8914959713043604,0.7588799362319121,crisis,1176,2020-04-15,-0.7947155386236344,0.18935586839235763,-0.07079447875032407,0.7173418717521827
Visionary,0.9375,0.5955270652426891,0.7714611558061377,0.4921359017914171,crisis,1197,2020-05-15,1.1477261397058598,0.38716509463541793,-0.08548000131363098,1.9300003316284813
Visionary,0.9375,0.58078430886224,0.7810085425608808,0.5133523168019574,crisis,1218,2020-06-18,1.1165100509775148,0.24641731697996244,-0.07402844798548469,0.650269050956492
Visionary,0.9375,0.903708854637331,0.5718830946763103,0.048629099280689383,estres,1239,2020-07-22,1.5393868586931976,0.32534704482383164,-0.08435622945980903,0.8
Visionary,0.9375,0.8594223934860632,0.6005629399982322,0.11236208888496031,estres,1260,2020-08-25,-0.4613918053482113,0.25400169597413197,-0.09257208777346282,0.05321080386644474
Visionary,0.9375,0.9159163321103388,0.5639775507110596,0.031061223802354557,estres,1281,2020-09-23,-0.0262585884414411,0.1316149964039249,-0.0252595632926933,0.0046068766007045
Visionary,0.9375,0.9375,0.5299065364488478,0.0,normal,1302,2020-10-23,1.1201118477542849,0.32733762262337585,-0.07338232275334922,0.01262760500022063
Visionary,0.9375,0.9375,0.47909043093052905,0.0,normal,1323,2020-11-26,2.0061922658952507,0.3676775704812878,-0.06383770276816614,0.028181184245840485
Visionary,0.9375,0.9375,0.46916103649950835,0.0,normal,1344,2020-12-30,-0.5190588920578361,0.18103888385956882,-0.046534374582337334,0.031286630234188706
Visionary,0.9375,0.9375,0.3784004494794452,0.0,normal,1365,2021-02-03,-0.6213675937787619,0.21916107130439497,-0.054704251370578105,0.02888130515337706
Visionary,0.9375,0.9375,0.34939180294587857,0.0,calma,1386,2021-03-04,-0.30563157881079484,0.17840177830190387,-0.08184366866296,0.03220001729587395
Visionary,0.9375,0.9375,0.19762474306448946,0.0,calma,1407,2021-04-07,-0.11042789434165126,0.3057467981693685,-0.10862788582018568,0.011342057485128764
Visionary,0.9375,0.9375,0.147804356619918,0.0,calma,1428,2021-05-07,-0.8246317260131824,0.44617648907975244,-0.1788547532950061,0.8078178526746647
Visionary,0.9375,0.9375,0.2142177918650774,0.0,calma,1449,2021-06-09,0.08011409953843925,0.1807391159449755,-0.046556840705883284,0.6155163282722956
Visionary,0.9375,0.9375,0.19742955570839169,0.0,calma,1470,2021-07-12,-0.40457047288978604,0.10818586699286933,-0.04159884919043988,1.9999999999999998
Visionary,0.9375,0.9375,0.24593358574389113,0.0,calma,1491,2021-08-11,0.7354984265395373,0.17071493770552768,-0.02128466059398193,0.03397342240394366
Visionary,0.9375,0.9375,0.37410311521512224,0.0,normal,1512,2021-09-10,0.4841309371272365,0.09789254991340607,-0.0166325036076167,0.21762757685470288
Visionary,0.9375,0.9375,0.3845903583002782,0.0,normal,1533,2021-10-11,-0.25008713247710446,0.13062638006074365,-0.034906213120130314,0.21294047897036597
Visionary,0.9375,0.9375,0.31091413193106915,0.0,calma,1554,2021-11-11,1.7668693399936213,0.3624492475771592,-0.026795530007060253,0.009097868599317212
Visionary,0.9375,0.9294474153421539,0.5552148416564573,0.01158853701434944,estres,1575,2021-12-14,-0.20548855816377212,0.26093968673547013,-0.058747656247726265,0.13242966900117792
Visionary,0.9375,0.9375,0.516287245544993,0.0,normal,1596,2022-01-14,1.9948201395281988,0.5481359360892466,-0.06378189367168619,0.022661172801765394
Visionary,0.9375,0.6891135568869142,0.7108546852324356,0.35745485607207894,estres,1617,2022-02-17,-0.2224175460351885,0.09340755595587527,-0.02660874871918195,0.8823104139299056
Visionary,0.9375,0.9291634565267026,0.5553987329562639,0.011997184347252906,estres,1638,2022-03-22,0.42667262322497645,0.08889306559407884,-0.01865323365727889,0.7999999999999299
Visionary,0.9375,0.45057995807149537,0.8653286833859717,0.7007304075243815,crisis,1659,2022-04-25,-1.0143790421953482,0.23288682678484957,-0.12044321984374307,1.1276642627408453
Visionary,0.9375,0.6627108062320507,0.7279530666603018,0.39545125924511504,estres,1680,2022-05-25,-0.5604484312966058,0.5168743845226296,-0.16827521012552338,1.0154934427229854
Visionary,0.9375,0.604289086570823,0.7657868840340056,0.4795264089644569,crisis,1701,2022-06-30,-0.533478654049777,0.23308614220965373,-0.09982636734768757,0.09503037815069086
Visionary,0.9375,0.8054363254003518,0.6355242361141813,0.19005385803151392,estres,1722,2022-08-03,-0.23766151166244548,0.20571731040044056,-0.07885301067736294,0.7999999999999975
Visionary,0.9375,0.8095178012702798,0.6328810785081836,0.18418017446263024,estres,1743,2022-09-05,-0.9411849404352274,0.23697553954519693,-0.08946947883003697,0.037688209038093584
Visionary,0.9375,0.6526932227548078,0.7344404385829632,0.4098676412954736,estres,1764,2022-10-04,2.0031833492835185,0.6544679372994577,-0.04248228610152549,0.8000000000000014
Visionary,0.9375,0.8773317370219841,0.5889648761865187,0.08658861374781927,estres,1785,2022-11-04,0.4424356922623334,0.38969424687193627,-0.10506216724295003,0.8143297866352556
Visionary,0.9375,0.9375,0.5490170558894578,0.0,normal,1806,2022-12-12,0.5432184065266189,0.2924951899154209,-0.04861498052321089,0.12003834226642339
Visionary,0.9375,0.9375,0.180603012933448,0.0,calma,1827,2023-01-12,-0.2480570820955147,0.19806073253225775,-0.04580180864839056,0.07293564368097075
Visionary,0.9375,0.9375,0.23975967025198858,0.0,calma,1848,2023-02-10,-0.6807078672052184,0.2563455290657155,-0.12657166599881486,0.10918773413193036
Visionary,0.9375,0.9375,0.40306146360228634,0.0,normal,1869,2023-03-13,1.5801287307288712,0.30534510719110247,-0.06376417270493473,0.8464698429322374
Visionary,0.9375,0.9375,0.24061662076100043,0.0,calma,1890,2023-04-17,-0.18054291093763128,0.24554378466227755,-0.06518417319407266,0.0879083439962094
Visionary,0.9375,0.9375,0.18628445017477882,0.0,calma,1911,2023-05-17,-0.7732183853050518,0.15379458025093157,-0.06772208821593195,0.028706955332217468
Visionary,0.9375,0.9375,0.2767524345469246,0.0,calma,1932,2023-06-21,0.46734238836803216,0.16395150975018855,-0.020132115753973,0.5830307536084289
Visionary,0.9375,0.9375,0.24663762420360838,0.0,calma,1953,2023-07-24,-1.1464012214379777,0.16481202093498118,-0.09001855634692757,0.05763120414866282
Visionary,0.9375,0.9375,0.21075372840832823,0.0,calma,1974,2023-08-28,0.21524085610885743,0.26501430761866973,-0.07458590321381708,0.07332893935074364
Visionary,0.9375,0.9375,0.30852534526467223,0.0,calma,1995,2023-09-26,0.11756232519876353,0.31261101860103796,-0.06600754085847915,0.6293373092374558
Visionary,0.9375,0.9375,0.45217060047750995,0.0,normal,2016,2023-10-26,0.27610797891252725,0.19972652821351744,-0.036784954283562765,0.021825666506045494
Visionary,0.9375,0.9375,0.24329680779136587,0.0,calma,2037,2023-11-28,2.3251420564863765,0.24693096028536232,-0.031387599297937885,1.8000000001327454
Visionary,0.9375,0.9375,0.23916041578323619,0.0,calma,2058,2024-01-02,1.384481482520406,0.2214002160158734,-0.03037240001167929,0.06378248518426373
Visionary,0.9375,0.9375,0.3301863627861628,0.0,calma,2079,2024-02-07,2.018656806340129,0.3145580740097794,-0.02224866008482207,0.05694260700177933
Visionary,0.9375,0.9375,0.2770191620644881,0.0,calma,2100,2024-03-07,1.1432361119823107,0.22113754261884994,-0.04256285943648741,0.03706051232196431
Visionary,0.9375,0.9375,0.40665743111974584,0.0,normal,2121,2024-04-10,0.022664060104492064,0.5067393810153803,-0.14793744325768954,0.014195853209996775
Visionary,0.9375,0.9375,0.2950439192741676,0.0,calma,2142,2024-05-10,-0.3431847030177999,0.2600624236106418,-0.09925997351001503,1.9999999999999996
Visionary,0.9375,0.9375,0.31762436172418584,0.0,calma,2163,2024-06-14,-0.27907575347280145,0.12620821268530558,-0.03104819471339526,0.05580504415830007
Visionary,0.9375,0.9375,0.44384046445036895,0.0,normal,2184,2024-07-16,0.016993248683234048,0.1772375530365873,-0.052660750898469444,0.03404937687936395
Visionary,0.9375,0.8923996685283466,0.5792069065115942,0.06490423669243153,estres,2205,2024-08-15,-0.6909857178007102,0.2791142421335875,-0.09929483961665242,0.05323311866892744
Visionary,0.9375,0.8035076306757059,0.6367732559034824,0.19282945756329423,estres,2226,2024-09-16,0.8382650399099207,0.1919805750923066,-0.024612186815119785,0.04594923697974015
Visionary,0.9375,0.7968786537349974,0.6410661713534825,0.20236926967440555,estres,2247,2024-10-16,0.4202871240889527,0.21950332832746125,-0.05634046689879035,0.04006953160452641
Visionary,0.9375,0.9375,0.400695388311994,0.0,normal,2268,2024-11-18,0.5767626294482175,0.16030174457920984,-0.02277433289442876,0.029550512407729084
