,ECOPETROL.CL,GRUPOSURA.CL,PFGRUPSURA.CL,ISA.CL,CEMARGOS.CL,PFCEMARGOS.CL,GRUPOARGOS.CL,PFGRUPOARG.CL,BOGOTA.CL,PFAVAL.CL,CELSIA.CL,CORFICOLCF.CL,ETB.CL,NUTRESA.CL,TERPEL.CL,GEB.CL,PROMIGAS.CL
2015-01-01,751.0457153320312,30359.560546875,26034.73046875,5093.80029296875,6167.0302734375,5427.5205078125,14541.3642578125,12615.908203125,32008.412109375,681.77001953125,2177.821044921875,20401.986328125,381.90289306640625,20670.9921875,7882.07763671875,725.92626953125,2393.29052734375
2015-01-02,705.9105834960938,30131.8671875,25309.71484375,5076.0927734375,6094.47607421875,5460.19775390625,14059.015625,12855.6064453125,32008.412109375,673.7803955078125,2114.75,20116.07421875,381.90289306640625,20237.337890625,7882.07763671875,693.9003295898438,2393.29052734375
2015-01-05,655.359619140625,28704.955078125,24386.970703125,4680.63037109375,5512.5615234375,5211.2333984375,13377.3408203125,11920.44921875,31136.771484375,647.1487426757812,2003.4462890625,19431.92578125,381.90289306640625,19427.841796875,7792.5078125,674.6846313476562,2393.29052734375
2015-01-06,655.359619140625,28704.955078125,24386.970703125,4680.63037109375,5512.5615234375,5211.2333984375,13377.3408203125,11920.44921875,31136.771484375,647.1487426757812,2003.4462890625,19431.92578125,381.90289306640625,19427.841796875,7792.5078125,674.6846313476562,2393.29052734375
2015-01-07,662.5809326171875,28537.98046875,24123.326171875,4633.41064453125,5548.986328125,5120.701171875,13505.4189453125,11895.1376953125,31136.771484375,649.8118286132812,1980.32421875,19350.232421875,381.90289306640625,19268.833984375,7792.5078125,674.6846313476562,2393.29052734375
2015-01-08,680.6351318359375,28082.587890625,24176.048828125,4674.72802734375,5548.986328125,5171.6279296875,13590.806640625,12009.03125,30797.802734375,647.1487426757812,1954.218505859375,19299.177734375,381.90289306640625,19296.9609375,7792.5078125,700.3056030273438,2384.459228515625
2015-01-09,707.7161865234375,27945.96875,23780.587890625,4721.94677734375,5615.76904296875,5154.65283203125,13590.806640625,12084.95703125,31717.85546875,649.8118286132812,1965.406494140625,19595.298828125,365.3311767578125,20035.25390625,7792.5078125,721.6563110351562,2384.459228515625
2015-01-12,705.9105834960938,30131.8671875,23780.587890625,5076.0927734375,6119.6728515625,5154.65283203125,14103.1328125,12084.95703125,32008.412109375,649.8118286132812,2125.772705078125,20116.07421875,381.90289306640625,20266.884765625,7882.07763671875,693.9003295898438,2384.459228515625
2015-01-13,691.4676513671875,27020.0078125,23358.76171875,4633.41064453125,5633.98388671875,5143.33349609375,13377.3408203125,11768.595703125,31243.3125,671.1170043945312,2010.1597900390625,19401.2890625,375.12353515625,19383.822265625,7792.5078125,719.52099609375,2384.459228515625
2015-01-14,691.4676513671875,27020.0078125,23358.76171875,4633.41064453125,5633.98388671875,5143.33349609375,13377.3408203125,11768.595703125,31243.3125,671.1170043945312,2010.1597900390625,19401.2890625,375.12353515625,19383.822265625,7792.5078125,719.52099609375,2384.459228515625
2015-01-15,684.2460327148438,26261.017578125,22699.65234375,4592.0927734375,5658.2685546875,5120.701171875,13178.103515625,11755.943359375,30991.4921875,671.1170043945312,1984.053955078125,19534.033203125,365.3311767578125,19050.849609375,7792.5078125,704.5758056640625,2390.65771484375
2015-01-16,667.997314453125,25957.416015625,22409.640625,4556.6787109375,5500.41796875,5137.67724609375,13121.1806640625,11591.4365234375,30991.4921875,665.7911376953125,1995.2421875,19146.01171875,365.3311767578125,19152.189453125,7658.15380859375,702.4406127929688,2390.65771484375
2015-01-19,667.997314453125,25957.416015625,22409.640625,4556.6787109375,5500.41796875,5137.67724609375,13121.1806640625,11591.4365234375,30991.4921875,665.7911376953125,1995.2421875,19146.01171875,365.3311767578125,19152.189453125,7658.15380859375,702.4406127929688,2390.65771484375
2015-01-20,667.997314453125,26336.919921875,22910.568359375,4456.33740234375,5482.20654296875,5064.12060546875,12879.248046875,11464.890625,30749.369140625,660.46435546875,1961.6771240234375,19299.177734375,360.8116149902344,19007.421875,7783.55126953125,698.1705322265625,2390.65771484375
2015-01-21,675.2188720703125,26154.74609375,22726.01953125,4485.84912109375,5482.20654296875,5120.701171875,12879.248046875,11388.9658203125,30749.369140625,649.8118286132812,1954.218505859375,19646.357421875,360.8116149902344,18964.009765625,7783.55126953125,698.1705322265625,2390.65771484375
2015-01-22,696.8836669921875,26033.31640625,22554.6484375,4562.58154296875,5524.70361328125,5086.75341796875,13149.6435546875,11705.32421875,30507.265625,655.1383056640625,1957.9476318359375,19513.611328125,360.8116149902344,19354.853515625,7783.55126953125,696.0352783203125,2390.65771484375
2015-01-23,704.1053466796875,26109.21875,22660.099609375,4757.36181640625,5791.8310546875,5284.7900390625,13519.654296875,12148.23046875,30739.705078125,660.46435546875,2073.56005859375,19717.837890625,360.8116149902344,19499.625,7783.55126953125,696.0352783203125,2390.65771484375
2015-01-26,734.7972412109375,26488.708984375,23016.0234375,4603.89794921875,5761.47802734375,5222.55126953125,13718.88671875,12186.1904296875,31679.119140625,671.1170043945312,1969.13623046875,19513.611328125,346.4996643066406,19079.826171875,7783.55126953125,708.8457641601562,2390.65771484375
2015-01-27,734.7972412109375,26488.708984375,23016.0234375,4603.89794921875,5761.47802734375,5222.55126953125,13718.88671875,12186.1904296875,31781.15625,673.683349609375,1969.13623046875,19897.24609375,346.4996643066406,19079.826171875,7783.55126953125,708.8457641601562,2390.65771484375
2015-01-28,732.9917602539062,26185.11328125,22541.46875,4721.94677734375,5816.1162109375,5233.86572265625,13733.1162109375,11907.796875,30896.98046875,673.683349609375,1969.13623046875,20251.25,351.7724914550781,18906.099609375,7702.93896484375,687.4950561523438,2390.65771484375
2015-01-29,713.1323852539062,26412.814453125,22805.109375,4627.50732421875,5749.33349609375,5222.55126953125,13320.4150390625,11882.484375,30896.98046875,668.3368530273438,2013.888671875,19584.88671875,346.4996643066406,19021.90625,7702.93896484375,683.2247924804688,2390.65771484375
2015-01-30,709.5215454101562,26564.609375,23002.84375,4568.4833984375,5828.2568359375,5148.99365234375,13661.9658203125,11895.1376953125,31266.205078125,671.01025390625,1984.053955078125,19626.53515625,350.2659606933594,19036.3828125,7702.93896484375,683.2247924804688,2390.65771484375
2015-02-02,751.0457153320312,27004.828125,23187.390625,4468.14111328125,5664.33984375,5035.82861328125,13448.5,11768.595703125,30848.39453125,671.01025390625,1946.759521484375,19574.47265625,338.9670715332031,18804.767578125,7613.36962890625,696.0352783203125,2390.65771484375
2015-02-03,751.0457153320312,27004.828125,23187.390625,4468.14111328125,5664.33984375,5035.82861328125,13448.5,11768.595703125,30848.39453125,671.01025390625,1946.759521484375,19574.47265625,338.9670715332031,18804.767578125,7613.36962890625,696.0352783203125,2390.65771484375
2015-02-04,832.28857421875,27020.0078125,23345.578125,4580.2880859375,5682.55224609375,5160.310546875,13718.88671875,12021.6865234375,31081.587890625,671.01025390625,2002.7000732421875,19730.65234375,350.2659606933594,19065.33203125,7676.06787109375,713.1159057617188,2390.65771484375
2015-02-05,790.7645263671875,27156.623046875,23200.5703125,4704.2392578125,5718.97900390625,5205.576171875,13661.9658203125,12211.50390625,31567.384765625,671.01025390625,2036.2657470703125,19928.4765625,331.4344482421875,19181.1484375,7613.36962890625,719.52099609375,2390.65771484375
2015-02-06,805.2075805664062,27020.0078125,23226.939453125,4733.75244140625,5767.546875,5307.423828125,13875.4306640625,12325.388671875,31334.20703125,671.01025390625,2028.80712890625,19938.892578125,349.5126953125,19079.826171875,7613.36962890625,704.5758056640625,2390.65771484375
2015-02-09,801.5967407226562,27141.4453125,23556.490234375,4680.63037109375,5706.8369140625,5262.1591796875,13946.5908203125,12274.7724609375,31101.015625,665.66357421875,2039.9957275390625,19741.06640625,338.9670715332031,19108.759765625,7702.93896484375,704.5758056640625,2390.65771484375
2015-02-10,801.5967407226562,27141.4453125,23556.490234375,4680.63037109375,5706.8369140625,5262.1591796875,13946.5908203125,12274.7724609375,31101.015625,665.66357421875,2039.9957275390625,19741.06640625,338.9670715332031,19136.9375,7702.93896484375,704.5758056640625,2390.65771484375
2015-02-11,754.6564331054688,26686.052734375,23002.84375,4544.8740234375,5609.69970703125,5216.8916015625,13832.740234375,12135.57421875,31091.306640625,662.9901123046875,2021.3480224609375,19501.591796875,338.9670715332031,18948.466796875,7702.93896484375,689.6300659179688,2390.65771484375
2015-02-12,747.4347534179688,26185.11328125,22607.373046875,4538.97216796875,5524.70361328125,5047.1435546875,13334.6455078125,11806.5615234375,30848.39453125,662.9901123046875,2010.1597900390625,19584.88671875,338.9670715332031,18557.037109375,7613.36962890625,687.4950561523438,2390.65771484375
2015-02-13,767.2941284179688,26336.919921875,22607.373046875,4562.58154296875,5463.9921875,5081.095703125,13519.654296875,11831.87109375,30605.505859375,649.6232299804688,1976.594970703125,19657.767578125,338.9670715332031,18615.0234375,7613.36962890625,693.9003295898438,2390.65771484375
2015-02-16,788.958984375,26868.201171875,23068.75390625,4692.4345703125,5585.4150390625,5205.576171875,13590.806640625,12021.6865234375,30605.505859375,657.6436767578125,1961.6771240234375,19907.658203125,338.9670715332031,18702.001953125,7613.36962890625,696.0352783203125,2390.65771484375
2015-02-17,788.958984375,26868.201171875,23068.75390625,4692.4345703125,5585.4150390625,5205.576171875,13590.806640625,12021.6865234375,30605.505859375,657.6436767578125,1961.6771240234375,19907.658203125,338.9670715332031,18702.001953125,7613.36962890625,696.0352783203125,2396.87109375
2015-02-18,792.5697631835938,26944.111328125,23319.208984375,4698.3369140625,5676.4814453125,5148.99365234375,13519.654296875,11971.0625,30858.123046875,660.3167114257812,1969.13623046875,19793.123046875,346.4996643066406,18687.51953125,7604.4130859375,698.1705322265625,2396.87109375
2015-02-19,790.7645263671875,27020.0078125,23319.208984375,4662.92236328125,5591.48486328125,5160.310546875,13505.4189453125,11971.0625,30615.20703125,665.66357421875,1961.6771240234375,19720.240234375,348.75946044921875,18513.54296875,7604.4130859375,702.4406127929688,2396.87109375
2015-02-20,776.3211669921875,26792.310546875,23068.75390625,4609.80029296875,5633.98388671875,5115.04296875,13391.5703125,11857.1767578125,30654.080078125,660.3167114257812,1920.654296875,19564.064453125,353.27899169921875,18354.06640625,7604.4130859375,704.5758056640625,2396.87109375
2015-02-23,772.7103881835938,26594.97265625,23187.390625,4651.1171875,5524.70361328125,4984.90380859375,13078.4853515625,11452.2373046875,30362.595703125,662.9901123046875,1864.7122802734375,19543.23828125,353.27899169921875,17948.126953125,7604.4130859375,698.1705322265625,2396.87109375
2015-02-24,772.7103881835938,26594.97265625,23187.390625,4651.1171875,5524.70361328125,4984.90380859375,13078.4853515625,11452.2373046875,30464.95703125,665.5667724609375,1864.7122802734375,19572.953125,353.27899169921875,17948.126953125,7604.4130859375,698.1705322265625,2396.87109375
2015-02-25,776.3211669921875,26261.017578125,22541.46875,4645.21484375,5530.7744140625,4956.61328125,12822.3212890625,11262.41796875,30172.484375,660.1991577148438,1846.0653076171875,19541.671875,351.7724914550781,17933.63671875,7353.61962890625,704.5758056640625,2396.87109375
2015-02-26,774.515869140625,26185.11328125,22726.01953125,4615.703125,5476.134765625,4933.97998046875,12950.40234375,11515.5087890625,29733.791015625,649.4639892578125,1864.7122802734375,19604.23828125,353.27899169921875,17846.638671875,7434.2314453125,698.1705322265625,2396.87109375
2015-02-27,754.6564331054688,26579.798828125,23095.115234375,4645.21484375,5403.28076171875,4900.03173828125,12921.943359375,11768.595703125,29733.791015625,657.515380859375,1883.359130859375,19552.1015625,353.27899169921875,17716.16796875,7434.2314453125,698.1705322265625,2396.87109375
2015-03-02,723.9646606445312,25593.1015625,22014.1796875,4580.2880859375,5463.9921875,4967.9296875,12950.40234375,11705.32421875,29685.0546875,660.1991577148438,1857.25341796875,19489.53125,365.3311767578125,17310.224609375,7595.45654296875,704.5758056640625,2396.87109375
2015-03-03,723.9646606445312,25593.1015625,22014.1796875,4580.2880859375,5463.9921875,4967.9296875,12950.40234375,11705.32421875,29685.0546875,660.1991577148438,1857.25341796875,19489.53125,365.3311767578125,17310.224609375,7595.45654296875,704.5758056640625,2396.87109375
2015-03-04,684.2460327148438,25061.8125,21750.541015625,4515.361328125,5342.57080078125,4752.91650390625,12409.6171875,11173.841796875,29499.8203125,636.045166015625,1790.124267578125,19114.130859375,361.56488037109375,17121.75390625,7595.45654296875,704.5758056640625,2396.87109375
2015-03-05,693.27294921875,25441.30859375,22066.908203125,4521.26318359375,5196.865234375,4752.91650390625,12324.2333984375,11059.953125,29831.298828125,652.148193359375,1760.2880859375,19280.978515625,361.56488037109375,17208.748046875,7595.45654296875,708.8457641601562,2396.87109375
2015-03-06,687.8567504882812,25502.029296875,21882.365234375,4521.26318359375,5099.72607421875,4639.75146484375,12253.07421875,10819.517578125,29246.36328125,641.4132690429688,1790.124267578125,19270.552734375,361.56488037109375,17208.748046875,7613.36962890625,698.1705322265625,2396.87109375
2015-03-09,649.9434814453125,24469.798828125,21170.5234375,4485.84912109375,4729.39013671875,4243.67626953125,11655.36328125,10452.5390625,28271.490234375,625.310546875,1741.640869140625,17987.93359375,353.27899169921875,16599.8359375,7613.36962890625,693.9003295898438,2396.87109375
2015-03-10,649.9434814453125,24469.798828125,21170.5234375,4485.84912109375,4729.39013671875,4243.67626953125,11655.36328125,10452.5390625,28271.490234375,625.310546875,1741.640869140625,17987.93359375,353.27899169921875,16628.05859375,7613.36962890625,693.9003295898438,2396.87109375
2015-03-11,657.1649169921875,24318.001953125,20893.69140625,4397.3134765625,4735.4599609375,4356.83935546875,11413.435546875,10161.4873046875,28115.484375,622.6267700195312,1736.047119140625,17737.666015625,353.27899169921875,16337.6162109375,7514.8447265625,681.0897827148438,2396.87109375
2015-03-12,667.997314453125,24287.64453125,21130.974609375,4308.77685546875,4723.31787109375,4356.83935546875,11384.9716796875,9971.6728515625,27394.087890625,617.2594604492188,1730.4532470703125,17570.8203125,354.0322570800781,16903.984375,7523.80078125,678.9547119140625,2396.87109375
2015-03-13,677.0243530273438,24758.2109375,21341.892578125,4344.19140625,4765.814453125,4447.37255859375,11527.28125,10237.416015625,27735.291015625,622.6267700195312,1732.3177490234375,18227.771484375,354.0322570800781,17063.7421875,7523.80078125,687.4950561523438,2396.87109375
2015-03-16,675.2188720703125,24955.552734375,21552.802734375,4367.7998046875,4808.31396484375,4526.58740234375,11399.2001953125,10174.1416015625,28261.74609375,630.677978515625,1790.124267578125,18676.169921875,344.9931335449219,17484.8984375,7523.80078125,702.4406127929688,2396.87109375
2015-03-17,675.2188720703125,24955.552734375,21552.802734375,4367.7998046875,4808.31396484375,4526.58740234375,11399.2001953125,10174.1416015625,28261.74609375,630.677978515625,1790.124267578125,18676.169921875,344.9931335449219,17484.8984375,7523.80078125,702.4406127929688,2403.101318359375
2015-03-18,687.8567504882812,24849.30078125,21513.26171875,4397.3134765625,4881.1669921875,4543.5625,11427.662109375,10060.2529296875,28057.01953125,619.9431762695312,1816.22998046875,18405.044921875,344.9931335449219,17281.578125,7505.88720703125,698.1705322265625,2403.101318359375
2015-03-19,695.078369140625,24818.931640625,21434.15625,4432.7275390625,5045.08544921875,4605.80322265625,11840.3671875,10439.884765625,28320.23046875,617.2594604492188,1862.84814453125,18405.044921875,344.9931335449219,17281.578125,7496.93017578125,696.0352783203125,2403.101318359375
2015-03-20,675.2188720703125,24636.783203125,21671.44921875,4373.70263671875,5014.73046875,4594.48583984375,11996.9091796875,10756.2470703125,28515.2109375,611.89208984375,1864.7122802734375,18457.1796875,344.9931335449219,17121.8203125,7496.93017578125,683.2247924804688,2403.101318359375
2015-03-23,772.7103881835938,26594.97265625,21671.44921875,4651.1171875,5524.70361328125,4594.48583984375,13078.4853515625,10756.2470703125,30464.95703125,611.89208984375,1864.7122802734375,19572.953125,353.27899169921875,17978.640625,7496.93017578125,698.1705322265625,2403.101318359375
2015-03-24,698.6890869140625,24363.54296875,21275.98046875,4373.70263671875,4923.66357421875,4503.9541015625,12352.6943359375,10870.1357421875,27608.564453125,619.9431762695312,1864.7122802734375,18446.75390625,344.9931335449219,16918.515625,7654.9951171875,691.7653198242188,2403.101318359375
2015-03-25,698.6890869140625,24363.54296875,21275.98046875,4373.70263671875,4923.66357421875,4503.9541015625,12352.6943359375,10870.1357421875,27608.564453125,619.9431762695312,1864.7122802734375,18446.75390625,344.9931335449219,16918.515625,7654.9951171875,691.7653198242188,2403.101318359375
2015-03-26,709.5215454101562,24803.76171875,21420.984375,4367.7998046875,5026.873046875,4560.5380859375,12238.8427734375,10756.2470703125,27887.439453125,622.6267700195312,1862.84814453125,18534.46484375,344.9931335449219,16845.8984375,7654.9951171875,687.4950561523438,2403.101318359375
2015-03-27,720.353759765625,24970.728515625,21750.541015625,4379.60595703125,5026.873046875,4617.11962890625,12025.3779296875,10756.2470703125,27398.1875,630.6854248046875,1864.7122802734375,18586.67578125,344.9931335449219,16773.28515625,7654.9951171875,691.7653198242188,2389.750732421875
2015-03-30,711.3268432617188,25142.435546875,21754.177734375,4367.7998046875,5099.72607421875,4685.01806640625,12025.3779296875,10515.810546875,27153.55859375,630.6044311523438,1827.41748046875,18544.91015625,344.9931335449219,16628.05859375,7654.9951171875,685.35986328125,2394.199951171875
2015-03-31,711.3268432617188,25142.435546875,21754.177734375,4367.7998046875,5099.72607421875,4685.01806640625,12025.3779296875,10515.810546875,27153.55859375,630.6044311523438,1827.41748046875,18544.91015625,344.9931335449219,16628.05859375,7654.9951171875,685.35986328125,2394.199951171875
2015-04-01,713.1323852539062,25553.615234375,22150.900390625,4385.5078125,5178.650390625,4730.2841796875,11840.3671875,10718.2822265625,27006.7734375,630.6044311523438,1801.31201171875,18628.4453125,335.2007751464844,16628.05859375,7654.9951171875,693.9003295898438,2398.65185546875
2015-04-02,722.1593627929688,26040.921875,22481.517578125,4521.26318359375,5215.0771484375,4866.0810546875,12295.767578125,10566.4296875,27633.0390625,644.1365356445312,1801.31201171875,18952.14453125,327.66815185546875,16671.630859375,7654.9951171875,693.9003295898438,2398.65185546875
2015-04-03,698.6890869140625,24441.91796875,22481.517578125,4373.70263671875,4923.66357421875,4866.0810546875,12352.6943359375,10566.4296875,27711.314453125,644.1365356445312,1864.7122802734375,18471.81640625,344.9931335449219,16918.515625,7654.9951171875,691.7653198242188,2398.65185546875
2015-04-06,745.62939453125,26513.0078125,22917.919921875,4562.58154296875,5251.50341796875,4894.37109375,12566.1611328125,11135.8798828125,27740.677734375,644.1365356445312,1827.41748046875,19108.76953125,332.1877136230469,17194.4296875,7545.24755859375,700.3056030273438,2398.65185546875
2015-04-07,745.62939453125,26513.0078125,22917.919921875,4562.58154296875,5251.50341796875,4894.37109375,12566.1611328125,11135.8798828125,27740.677734375,644.1365356445312,1827.41748046875,19108.76953125,332.1877136230469,17194.4296875,7545.24755859375,700.3056030273438,2398.65185546875
2015-04-08,745.62939453125,26878.501953125,23341.109375,4568.4833984375,5318.28662109375,4922.66455078125,12808.091796875,11262.41796875,28611.533203125,641.4302368164062,1846.179931640625,19192.306640625,332.1877136230469,17252.525390625,7408.06103515625,706.7105712890625,2398.65185546875
2015-04-09,727.5755615234375,26802.353515625,23248.533203125,4603.89794921875,5278.3173828125,4870.11865234375,12395.388671875,11072.6025390625,28865.955078125,633.3109130859375,1836.7996826171875,19380.263671875,332.1877136230469,17413.69140625,7408.06103515625,704.5758056640625,2398.65185546875
2015-04-10,734.7972412109375,27046.017578125,23341.109375,4651.1171875,5345.4404296875,4818.85302734375,12608.85546875,11199.1474609375,29609.6015625,641.4302368164062,1821.7894287109375,19390.708984375,332.1877136230469,17457.328125,7069.66748046875,704.5758056640625,2398.65185546875
2015-04-13,732.9917602539062,27030.791015625,23314.658203125,4662.92236328125,5424.767578125,4875.81298828125,12665.783203125,11313.0400390625,29355.19140625,641.4302368164062,1808.656005859375,19766.6171875,332.1877136230469,17457.328125,7069.66748046875,706.7105712890625,2376.40087890625
2015-04-14,732.9917602539062,27030.791015625,23314.658203125,4662.92236328125,5424.767578125,4875.81298828125,12713.638671875,11355.591796875,29355.19140625,641.4302368164062,1808.656005859375,19766.6171875,332.1877136230469,17457.328125,7069.66748046875,706.7105712890625,2376.40087890625
2015-04-15,738.4078369140625,27091.703125,23208.85546875,4692.4345703125,5497.99365234375,4955.55908203125,12399.3623046875,10961.8271484375,29355.19140625,641.4302368164062,1763.626953125,19693.5234375,332.1877136230469,17399.142578125,7087.95947265625,700.3056030273438,2409.336669921875
2015-04-16,747.4347534179688,27106.9296875,23367.5546875,4645.21484375,5491.89111328125,5035.3037109375,12570.7822265625,11241.2705078125,28709.3828125,641.4302368164062,1759.8751220703125,19829.26953125,343.48663330078125,17413.69140625,7087.95947265625,693.9003295898438,2409.336669921875
2015-04-17,752.85107421875,27152.6171875,23341.109375,4698.3369140625,5552.91162109375,4989.734375,12827.9130859375,11342.8876953125,28865.955078125,633.3109130859375,1771.1317138671875,19829.26953125,346.4996643066406,17573.71484375,7042.23095703125,702.4406127929688,2409.336669921875
2015-04-20,729.3807983398438,26650.068359375,22997.26953125,4704.2392578125,5443.07373046875,4984.0380859375,12670.779296875,11228.5712890625,29355.19140625,617.0721435546875,1759.8751220703125,19985.8984375,357.0452880859375,17326.3984375,7042.23095703125,698.1705322265625,2409.336669921875
2015-04-21,729.3807983398438,26650.068359375,22997.26953125,4704.2392578125,5443.07373046875,4984.0380859375,12670.779296875,11228.5712890625,29355.19140625,617.0721435546875,1759.8751220703125,20444.625,357.0452880859375,17326.3984375,7042.23095703125,698.1705322265625,2409.336669921875
2015-04-22,716.7431640625,26345.5,22732.78515625,4732.21533203125,5290.52197265625,4784.6767578125,12427.93359375,10796.7041015625,28494.1171875,614.3656005859375,1711.093505859375,19878.501953125,357.0452880859375,17020.888671875,6932.48095703125,696.0352783203125,2409.336669921875
2015-04-23,727.5755615234375,26345.5,22746.00390625,4726.26318359375,5394.25830078125,4898.59765625,12499.3583984375,11165.0634765625,28543.03515625,638.7237548828125,1771.1317138671875,19974.63671875,357.0452880859375,17166.37890625,7087.95947265625,700.3056030273438,2409.336669921875
2015-04-24,734.7972412109375,26269.3515625,22812.12890625,4809.59814453125,5467.4814453125,4949.861328125,12585.0703125,11050.7421875,29267.138671875,636.0171508789062,1786.1417236328125,20038.728515625,357.0452880859375,17311.8515625,7042.23095703125,706.7105712890625,2409.336669921875
2015-04-27,749.2401733398438,27609.466796875,23737.83203125,4940.5537109375,5699.36181640625,5075.17529296875,12956.4794921875,11431.8037109375,30293.267578125,646.8618774414062,1834.9224853515625,19968.138671875,353.27899169921875,17922.869140625,7078.81298828125,719.52099609375,2409.336669921875
2015-04-28,749.2401733398438,27609.466796875,23737.83203125,4940.5537109375,5699.36181640625,5075.17529296875,12956.4794921875,11431.8037109375,30293.267578125,646.8618774414062,1834.9224853515625,19968.138671875,353.27899169921875,17922.869140625,7078.81298828125,719.52099609375,2409.336669921875
2015-04-29,740.2132568359375,28127.2421875,24372.609375,4976.26611328125,5858.015625,5211.8798828125,13356.458984375,11952.5859375,30440.578125,657.7335205078125,1902.4656982421875,20192.734375,357.0452880859375,18257.45703125,7069.66748046875,736.6018676757812,2409.336669921875
2015-04-30,736.6023559570312,28249.076171875,24134.57421875,4934.6005859375,5858.015625,5126.439453125,13327.8896484375,11876.375,31226.130859375,655.0151977539062,1898.7135009765625,20053.69921875,357.0452880859375,18213.8125,7060.52197265625,736.6018676757812,2409.336669921875
2015-05-01,732.9917602539062,29802.388671875,23473.34765625,4761.978515625,6175.326171875,5126.439453125,13356.458984375,11508.015625,30872.619140625,657.7335205078125,1894.9619140625,20481.51171875,357.798583984375,18010.14453125,7069.66748046875,725.92626953125,2409.336669921875
2015-05-04,732.9917602539062,29802.388671875,23473.34765625,4761.978515625,6175.326171875,5126.439453125,13356.458984375,11508.015625,30872.619140625,657.7335205078125,1894.9619140625,20481.51171875,357.798583984375,18010.14453125,7069.66748046875,725.92626953125,2409.336669921875
2015-05-05,734.7972412109375,28294.7578125,23989.1015625,4827.45556640625,5980.06005859375,5382.76220703125,13327.8896484375,11800.1611328125,30931.552734375,657.7335205078125,1906.2188720703125,20214.125,357.798583984375,17995.59765625,7078.81298828125,725.92626953125,2409.336669921875
2015-05-06,745.62939453125,28553.642578125,24068.447265625,5000.07763671875,6150.91845703125,5377.064453125,13499.310546875,11914.4794921875,30931.552734375,663.1690673828125,1951.247314453125,20481.51171875,354.7855224609375,18257.45703125,7069.66748046875,730.1964111328125,2409.336669921875
2015-05-07,747.4347534179688,28386.12890625,23883.306640625,5000.07763671875,5967.853515625,5240.36083984375,13185.041015625,11990.689453125,30931.552734375,674.040771484375,1876.1993408203125,20534.98828125,363.0713806152344,18170.16796875,7069.66748046875,723.7913818359375,2409.336669921875
2015-05-08,718.5485229492188,27106.9296875,23274.990234375,4833.40869140625,5644.44287109375,5097.96044921875,12856.4833984375,11393.69921875,30931.552734375,668.6048583984375,1864.942138671875,20096.4765625,369.09747314453125,17981.048828125,7078.81298828125,717.3861694335938,2409.336669921875
2015-05-11,686.0513305664062,27289.677734375,23155.966796875,4809.59814453125,5491.89111328125,5040.99853515625,12456.501953125,10923.7236328125,30695.875,668.6048583984375,1819.9134521484375,20117.869140625,364.5779113769531,17778.17578125,7060.52197265625,721.6563110351562,2409.336669921875
2015-05-12,686.0513305664062,27289.677734375,23155.966796875,4809.59814453125,5491.89111328125,5040.99853515625,12456.501953125,10923.7236328125,30695.875,668.6048583984375,1819.9134521484375,20117.869140625,364.5779113769531,17778.17578125,7060.52197265625,721.6563110351562,2409.336669921875
2015-05-13,686.0513305664062,26863.263671875,22944.375,4839.361328125,5497.99365234375,5040.99853515625,12427.93359375,10796.7041015625,30695.875,668.6048583984375,1804.903564453125,20064.392578125,365.3311767578125,17705.310546875,7060.52197265625,710.9808349609375,2409.336669921875
2015-05-14,702.2999877929688,27061.234375,23142.73828125,4797.69287109375,5497.99365234375,5012.51904296875,11999.3837890625,10491.8544921875,30519.125,668.6048583984375,1801.1514892578125,20075.0859375,365.3311767578125,17341.015625,7042.23095703125,719.52099609375,2415.669677734375
2015-05-15,709.5215454101562,27030.791015625,23155.966796875,4773.88330078125,5491.89111328125,4949.861328125,12013.669921875,10542.6611328125,30931.552734375,671.3232421875,1819.9134521484375,20107.17578125,365.3311767578125,17297.291015625,7042.23095703125,710.9808349609375,2415.669677734375
2015-05-18,686.0513305664062,27289.677734375,23155.966796875,4809.59814453125,5491.89111328125,4949.861328125,12456.501953125,10923.7236328125,30695.875,668.6048583984375,1819.9134521484375,20117.869140625,365.3311767578125,17778.17578125,7060.52197265625,721.6563110351562,2415.669677734375
2015-05-19,677.0243530273438,27563.7890625,23724.619140625,4875.0751953125,5668.8505859375,5126.439453125,12327.943359375,10911.021484375,31127.947265625,695.7840576171875,1814.2847900390625,20053.69921875,365.3311767578125,17413.87109375,7087.95947265625,725.92626953125,2406.622802734375
2015-05-20,677.0243530273438,27563.7890625,23724.619140625,4875.0751953125,5668.8505859375,5126.439453125,12327.943359375,10911.021484375,31127.947265625,695.7840576171875,1814.2847900390625,20053.69921875,365.3311767578125,17413.87109375,7087.95947265625,725.92626953125,2406.622802734375
2015-05-21,687.8567504882812,26802.353515625,22825.359375,4892.93359375,5668.8505859375,5069.4794921875,12213.66015625,10809.404296875,31569.794921875,695.7840576171875,1778.6363525390625,20064.392578125,360.058349609375,17486.73046875,7087.95947265625,723.7913818359375,2406.622802734375
2015-05-22,696.8836669921875,26832.80859375,23089.8359375,4881.0283203125,5552.91162109375,5001.12646484375,12156.5185546875,10784.0,30990.484375,693.0661010742188,1789.8934326171875,20053.69921875,361.56488037109375,17443.017578125,7087.95947265625,723.7913818359375,2406.622802734375
2015-05-25,695.078369140625,26573.923828125,22613.763671875,4839.361328125,5491.89111328125,5012.51904296875,12013.669921875,10580.767578125,31432.3359375,695.7840576171875,1801.1514892578125,20053.69921875,366.8376770019531,17399.30078125,7087.95947265625,725.92626953125,2406.622802734375
2015-05-26,695.078369140625,26573.923828125,22613.763671875,4839.361328125,5491.89111328125,5012.51904296875,12013.669921875,10580.767578125,31535.78125,698.4852294921875,1801.1514892578125,20079.404296875,366.8376770019531,17399.30078125,7087.95947265625,725.92626953125,2406.622802734375
2015-05-27,682.4405517578125,26345.5,22428.625,4767.931640625,5497.99365234375,5012.51904296875,11942.2470703125,10466.4501953125,31900.3125,701.2139282226562,1801.1514892578125,20004.43359375,375.8768005371094,17224.4296875,6868.46142578125,734.4666748046875,2406.622802734375
2015-05-28,651.748779296875,25370.86328125,21965.765625,4672.69091796875,5552.91162109375,4978.34228515625,12056.525390625,10352.1328125,30836.302734375,687.5712890625,1763.626953125,19758.130859375,378.88983154296875,16903.837890625,6868.46142578125,704.5758056640625,2406.622802734375
2015-05-29,664.3865356445312,25340.40234375,21859.966796875,4660.7861328125,5491.89111328125,4966.951171875,11799.392578125,10314.025390625,31466.82421875,687.5712890625,1746.7412109375,19715.296875,385.669189453125,16830.984375,6868.46142578125,723.7913818359375,2406.622802734375
2015-06-01,649.9434814453125,25599.29296875,21978.9921875,4827.45556640625,5613.93408203125,5154.91943359375,11642.2646484375,10339.4287109375,31033.3359375,693.0281982421875,1692.3314208984375,19586.7890625,395.46160888671875,16612.39453125,7042.23095703125,710.9808349609375,2406.622802734375
2015-06-02,649.9434814453125,25599.29296875,21978.9921875,4827.45556640625,5613.93408203125,5154.91943359375,11642.2646484375,10339.4287109375,31033.3359375,693.0281982421875,1692.3314208984375,19586.7890625,395.46160888671875,16612.39453125,7042.23095703125,710.9808349609375,2406.622802734375
2015-06-03,655.359619140625,25903.857421875,22309.60546875,4714.3583984375,5589.525390625,5126.439453125,11685.11328125,10301.322265625,30737.7890625,695.7567749023438,1651.0555419921875,19758.130859375,399.2279357910156,16466.666015625,7087.95947265625,710.9808349609375,2406.622802734375
2015-06-04,651.748779296875,26193.2109375,22613.763671875,4714.3583984375,5620.037109375,5120.74462890625,11842.25390625,10428.34375,30737.7890625,701.2139282226562,1651.0555419921875,19929.47265625,389.4355163574219,16189.7880859375,7078.81298828125,717.3861694335938,2406.622802734375
2015-06-05,649.9434814453125,26513.0078125,22931.1484375,4750.07373046875,5687.1591796875,5103.65576171875,12027.95703125,10441.044921875,30796.908203125,682.1145629882812,1641.6744384765625,19790.255859375,389.4355163574219,16116.935546875,7069.66748046875,715.2509765625,2415.669677734375
2015-06-08,649.9434814453125,25599.29296875,21978.9921875,4827.45556640625,5613.93408203125,5103.65576171875,11642.2646484375,10339.4287109375,31033.3359375,693.0281982421875,1692.3314208984375,19586.7890625,395.46160888671875,16612.39453125,7042.23095703125,710.9808349609375,2415.669677734375
2015-06-09,662.5809326171875,27183.064453125,23367.5546875,4654.83447265625,5803.0986328125,5154.91943359375,12213.66015625,10644.279296875,30540.755859375,682.1145629882812,1613.531005859375,19597.4921875,383.409423828125,16671.93359375,7087.95947265625,728.0613403320312,2415.669677734375
2015-06-10,662.5809326171875,27183.064453125,23367.5546875,4654.83447265625,5803.0986328125,5154.91943359375,12213.66015625,10644.279296875,30540.755859375,682.1145629882812,1613.531005859375,19597.4921875,383.409423828125,16671.93359375,7087.95947265625,728.0613403320312,2415.669677734375
2015-06-11,664.3865356445312,27152.6171875,23248.533203125,4589.3564453125,5864.1201171875,5183.40087890625,12142.2373046875,10593.4716796875,30392.9765625,676.6575927734375,1637.9217529296875,19543.94921875,390.18878173828125,16861.724609375,7087.95947265625,723.7913818359375,2415.669677734375
2015-06-12,653.5540771484375,27548.5546875,23671.708984375,4589.3564453125,5919.03955078125,5183.40087890625,12285.0849609375,10707.787109375,30048.146484375,673.9295043945312,1643.5499267578125,19918.765625,389.4355163574219,16861.724609375,7087.95947265625,723.7913818359375,2415.669677734375
2015-06-15,662.5809326171875,27183.064453125,23367.5546875,4654.83447265625,5803.0986328125,5183.40087890625,12213.66015625,10644.279296875,30540.755859375,682.1145629882812,1613.531005859375,19597.4921875,383.409423828125,16671.93359375,7087.95947265625,728.0613403320312,2415.669677734375
2015-06-16,632.6054077148438,27655.15234375,23671.708984375,4488.16552734375,5906.8330078125,5228.96826171875,12356.5107421875,10669.6826171875,28865.947265625,673.9295043945312,1643.5499267578125,19276.22265625,383.409423828125,16555.140625,7042.23095703125,730.1964111328125,2422.02001953125
2015-06-17,632.6054077148438,27655.15234375,23671.708984375,4488.16552734375,5906.8330078125,5228.96826171875,12356.5107421875,10669.6826171875,28865.947265625,673.9295043945312,1643.5499267578125,19276.22265625,383.409423828125,16555.140625,7042.23095703125,730.1964111328125,2422.02001953125
2015-06-18,640.3912963867188,28096.78515625,23803.95703125,4523.87890625,5937.34375,5200.48828125,12242.2314453125,10606.173828125,29062.97265625,673.9295043945312,1649.17919921875,19276.22265625,375.8768005371094,16306.95703125,7069.66748046875,725.92626953125,2422.02001953125
2015-06-19,648.17724609375,28172.9296875,23896.537109375,4517.927734375,5937.34375,5251.7529296875,12327.943359375,10669.6826171875,28668.904296875,684.843017578125,1639.7982177734375,19436.857421875,376.63006591796875,16365.357421875,7069.66748046875,784.6505126953125,2403.876953125
2015-06-22,714.3572387695312,27183.064453125,23367.5546875,4654.83447265625,5803.0986328125,5092.26220703125,12213.66015625,10644.279296875,30540.755859375,682.1145629882812,1613.531005859375,19597.4921875,398.55450439453125,16671.93359375,7087.95947265625,786.958251953125,2422.02001953125
2015-06-23,644.2841796875,27822.666015625,23711.388671875,4434.59326171875,5772.587890625,5092.26220703125,12227.9443359375,10606.173828125,28974.298828125,679.3860473632812,1545.9881591796875,19179.8359375,383.6772155761719,16350.7578125,7042.23095703125,733.8790893554688,2422.02001953125
2015-06-24,671.5349731445312,28086.505859375,24086.412109375,4523.87890625,5815.30224609375,5183.40087890625,12370.794921875,10834.8076171875,29414.283203125,684.83740234375,1598.5216064453125,19409.322265625,383.6772155761719,16715.72265625,6996.50146484375,736.1869506835938,2422.02001953125
2015-06-25,671.5349731445312,28055.962890625,24059.890625,4511.9736328125,5796.99560546875,5183.40087890625,12413.6494140625,10784.0,29661.4609375,690.31591796875,1613.531005859375,19645.244140625,396.98846435546875,16657.333984375,6859.314453125,738.49462890625,2422.02001953125
2015-06-26,659.8560180664062,27445.05859375,23409.98046875,4434.59326171875,5705.46435546875,5086.56787109375,12213.66015625,10707.787109375,29631.79296875,684.83740234375,1632.293212890625,19484.388671875,397.771484375,16584.349609375,6859.314453125,733.8790893554688,2422.02001953125
2015-06-29,714.3572387695312,27261.77734375,23409.98046875,4654.83447265625,5705.46435546875,5086.56787109375,12213.66015625,10644.279296875,30650.171875,684.83740234375,1613.531005859375,19623.791015625,398.55450439453125,16671.93359375,7087.95947265625,786.958251953125,2422.02001953125
2015-06-30,673.4815063476562,28269.775390625,24139.46484375,4375.0673828125,5671.43603515625,5085.27734375,12142.2373046875,10428.34375,29661.4609375,698.53369140625,1589.140625,19570.171875,406.3846130371094,16715.72265625,6996.50146484375,733.8790893554688,2422.02001953125
2015-07-01,673.4815063476562,28269.775390625,24139.46484375,4375.0673828125,5671.43603515625,5085.27734375,12142.2373046875,10428.34375,29661.4609375,698.53369140625,1589.140625,19570.171875,406.3846130371094,16715.72265625,6996.50146484375,733.8790893554688,2422.02001953125
2015-07-02,640.3912963867188,28422.5078125,24391.470703125,4291.73193359375,5548.8115234375,5045.1455078125,11975.15625,10394.5458984375,29661.4609375,701.2732543945312,1598.5216064453125,19302.083984375,406.3846130371094,16540.546875,6859.314453125,720.0323486328125,2422.02001953125
2015-07-03,652.070068359375,28514.1328125,24404.740234375,4315.54248046875,5640.77978515625,5068.0791015625,12003.83984375,10445.5625,29562.587890625,693.05517578125,1630.4176025390625,19420.046875,404.818603515625,16598.927734375,6950.77294921875,729.2635498046875,2403.876953125
2015-07-06,636.4982299804688,28055.962890625,24205.779296875,4333.40087890625,5732.74755859375,5045.1455078125,12261.9853515625,10343.52734375,29661.4609375,687.576904296875,1613.531005859375,19495.107421875,401.6865539550781,16277.76171875,6996.50146484375,729.2635498046875,2403.876953125
2015-07-07,636.4982299804688,28055.962890625,24205.779296875,4333.40087890625,5732.74755859375,5045.1455078125,12261.9853515625,10343.52734375,29661.4609375,687.576904296875,1613.531005859375,19495.107421875,401.6865539550781,16277.76171875,6996.50146484375,729.2635498046875,2403.876953125
2015-07-08,642.3377075195312,27949.05078125,23993.5703125,4345.30517578125,5714.35498046875,5022.21337890625,12089.884765625,10407.2998046875,29562.587890625,682.0980224609375,1609.7523193359375,19441.49609375,393.85638427734375,16248.560546875,7051.37744140625,731.5712890625,2403.876953125
2015-07-09,622.8729858398438,27842.14453125,24006.833984375,4291.73193359375,5677.5673828125,5045.1455078125,12032.525390625,10509.333984375,29612.03515625,682.0980224609375,1609.7523193359375,19334.2578125,393.85638427734375,16249.71484375,7042.23095703125,731.5712890625,2403.876953125
2015-07-10,640.3912963867188,28025.41796875,23900.7265625,4309.59130859375,5677.5673828125,5062.3447265625,12032.525390625,10522.0849609375,29612.03515625,684.83740234375,1611.642333984375,19280.64453125,400.9035339355469,16322.8369140625,7042.23095703125,733.8790893554688,2403.876953125
2015-07-13,636.4982299804688,27796.33203125,23927.2578125,4339.3525390625,5683.6982421875,5102.47705078125,12018.1796875,10560.3525390625,30155.810546875,701.2732543945312,1628.645751953125,19484.388671875,401.6865539550781,16659.228515625,7042.23095703125,747.7260131835938,2403.876953125
2015-07-14,636.4982299804688,27796.33203125,23927.2578125,4339.3525390625,5683.6982421875,5102.47705078125,12018.1796875,10560.3525390625,30155.810546875,701.2732543945312,1628.645751953125,19484.388671875,401.6865539550781,16659.228515625,7042.23095703125,747.7260131835938,2410.24365234375
2015-07-15,644.2841796875,28025.41796875,23887.4609375,4434.59326171875,5751.14208984375,5136.875,12046.8642578125,10624.1201171875,30155.810546875,704.0128173828125,1672.10205078125,19784.64453125,400.9035339355469,16805.501953125,7042.23095703125,756.9571533203125,2410.24365234375
2015-07-16,636.4982299804688,28254.50390625,24126.201171875,4452.44970703125,5726.6181640625,5148.34326171875,12018.1796875,10547.595703125,30155.810546875,704.0128173828125,1660.765869140625,19902.59765625,400.9035339355469,16717.74609375,7042.23095703125,763.8803100585938,2410.24365234375
2015-07-17,634.5518188476562,28208.689453125,24205.779296875,4410.7822265625,5879.89892578125,5217.138671875,12089.884765625,10611.3642578125,30155.810546875,698.53369140625,1636.2037353515625,19945.494140625,400.9035339355469,16820.12890625,7051.37744140625,770.8038330078125,2410.24365234375
2015-07-20,626.7660522460938,27490.884765625,23741.5625,4363.162109375,5732.74755859375,5217.138671875,12018.1796875,10407.2998046875,29681.23046875,690.31591796875,1632.4248046875,19859.708984375,400.9035339355469,16673.865234375,7069.66748046875,759.264892578125,2410.24365234375
2015-07-21,636.4982299804688,27521.419921875,23741.5625,4256.01806640625,5738.8818359375,5194.20556640625,12118.576171875,10330.77734375,30106.380859375,687.576904296875,1594.6378173828125,19966.9375,396.98846435546875,16308.2158203125,7042.23095703125,770.8038330078125,2410.24365234375
2015-07-22,636.4982299804688,27521.419921875,23741.5625,4296.27734375,5738.8818359375,5194.20556640625,12118.576171875,10330.77734375,30106.380859375,687.576904296875,1594.6378173828125,19966.9375,396.98846435546875,16308.2158203125,7042.23095703125,770.8038330078125,2410.24365234375
2015-07-23,626.7660522460938,27872.6875,23874.1953125,4326.3212890625,5886.02978515625,5194.20556640625,12190.2802734375,10522.0849609375,30155.810546875,684.83740234375,1594.6378173828125,19945.494140625,393.85638427734375,16308.2158203125,6996.50146484375,766.1881713867188,2410.24365234375
2015-07-24,632.6054077148438,27658.876953125,23874.1953125,4272.2421875,5886.02978515625,5159.80712890625,12175.9384765625,10522.0849609375,30155.810546875,679.3585205078125,1587.0802001953125,19891.880859375,393.85638427734375,16395.96875,7042.23095703125,761.57275390625,2410.24365234375
2015-07-27,601.4617919921875,27658.876953125,23701.775390625,4170.09326171875,5843.111328125,5217.138671875,12161.6005859375,10458.3154296875,29641.701171875,676.6195068359375,1513.3941650390625,19720.302734375,394.639404296875,16074.19140625,7069.66748046875,766.1881713867188,2410.24365234375
2015-07-28,601.4617919921875,27658.876953125,23701.775390625,4170.09326171875,5843.111328125,5217.138671875,12161.6005859375,10458.3154296875,29745.884765625,679.3423461914062,1513.3941650390625,19746.072265625,394.639404296875,16074.19140625,7069.66748046875,766.1881713867188,2410.24365234375
2015-07-29,607.3010864257812,27643.599609375,23675.248046875,4176.1015625,5861.50439453125,5211.4052734375,12132.9140625,10522.0849609375,29795.490234375,673.8411865234375,1522.841064453125,19767.544921875,396.2054443359375,16176.5830078125,7060.52197265625,766.1881713867188,2410.24365234375
2015-07-30,638.44482421875,28391.9609375,24073.150390625,4320.31201171875,6002.525390625,5240.07275390625,12276.328125,10649.626953125,30043.51171875,684.8428955078125,1577.6329345703125,19864.181640625,395.4224548339844,16410.591796875,7060.52197265625,766.1881713867188,2410.24365234375
2015-07-31,640.3912963867188,28254.50390625,24073.150390625,4302.28515625,5947.3447265625,5263.00341796875,12405.40234375,10636.873046875,30063.3671875,679.3423461914062,1585.19091796875,20282.939453125,430.6580810546875,16439.8515625,7042.23095703125,763.8803100585938,2410.24365234375
2015-08-03,609.24755859375,28147.591796875,24272.09765625,4218.16357421875,5879.89892578125,5217.138671875,12175.9384765625,10407.2998046875,30142.728515625,682.0926513671875,1562.51806640625,20164.830078125,440.0542907714844,16074.19140625,7042.23095703125,770.8038330078125,2410.24365234375
2015-08-04,609.24755859375,28147.591796875,24272.09765625,4218.16357421875,5879.89892578125,5217.138671875,12175.9384765625,10407.2998046875,30142.728515625,682.0926513671875,1562.51806640625,20164.830078125,440.0542907714844,16074.19140625,7042.23095703125,770.8038330078125,2410.24365234375
2015-08-05,615.0870361328125,28147.591796875,24192.521484375,4224.17138671875,5873.76806640625,5194.20556640625,12175.9384765625,10407.2998046875,30142.728515625,682.0926513671875,1534.177001953125,20132.619140625,437.70526123046875,15884.0537109375,6996.50146484375,766.1881713867188,2410.24365234375
2015-08-06,595.6223754882812,27750.51171875,23794.619140625,4260.22509765625,5886.02978515625,5131.142578125,11975.15625,10177.7294921875,29795.490234375,673.8411865234375,1511.50439453125,19831.96875,425.9599914550781,15503.7744140625,6996.50146484375,763.8803100585938,2410.24365234375
2015-08-07,609.24755859375,27949.05078125,23741.5625,4206.14501953125,5763.40478515625,5131.142578125,11989.498046875,10330.77734375,29795.490234375,671.0910034179688,1511.50439453125,19767.544921875,424.39398193359375,15650.029296875,6996.50146484375,766.1881713867188,2410.24365234375
2015-08-10,599.5153198242188,27903.232421875,23741.5625,4278.25048828125,5702.09228515625,5131.142578125,11760.0341796875,10203.236328125,29795.490234375,668.3411865234375,1492.6104736328125,19660.171875,426.7430114746094,15635.4052734375,6996.50146484375,766.1881713867188,2410.24365234375
2015-08-11,599.5153198242188,27903.232421875,23741.5625,4278.25048828125,5702.09228515625,5131.142578125,11760.0341796875,10203.236328125,29795.490234375,668.3411865234375,1492.6104736328125,19660.171875,426.7430114746094,15665.8583984375,6996.50146484375,766.1881713867188,2410.24365234375
2015-08-12,583.943359375,27796.33203125,23409.98046875,4242.197265625,5751.14208984375,5159.80712890625,11903.451171875,10279.759765625,29279.537109375,654.5887451171875,1511.50439453125,19499.109375,435.3561706542969,15314.146484375,6996.50146484375,766.1881713867188,2410.24365234375
2015-08-13,595.6223754882812,27842.14453125,23675.248046875,4236.18994140625,5843.111328125,5159.80712890625,12118.576171875,10343.52734375,29259.701171875,668.3411865234375,1505.8365478515625,20121.87890625,434.5731506347656,15314.146484375,6886.7529296875,766.1881713867188,2410.24365234375
2015-08-14,595.6223754882812,28086.505859375,23728.296875,4073.951904296875,5702.09228515625,5050.87939453125,12147.2548828125,10407.2998046875,29081.095703125,657.3392333984375,1492.6104736328125,19552.794921875,438.4882507324219,15065.0126953125,6886.7529296875,777.72705078125,2416.626708984375
2015-08-17,587.8363037109375,27949.05078125,23754.830078125,4146.0576171875,5781.798828125,5050.87939453125,12247.6474609375,10573.099609375,28793.34375,649.0882568359375,1511.50439453125,19703.12109375,458.0635986328125,15226.22265625,6886.7529296875,777.72705078125,2416.626708984375
2015-08-18,589.7827758789062,27949.05078125,23754.830078125,4085.96875,5800.193359375,4959.1474609375,12434.08203125,10547.595703125,29021.552734375,646.3375244140625,1488.832275390625,19810.49609375,453.3655090332031,15167.59375,6886.7529296875,780.0350341796875,2416.626708984375
2015-08-19,589.7827758789062,27949.05078125,23754.830078125,4085.96875,5800.193359375,4959.1474609375,12434.08203125,10547.595703125,29021.552734375,646.3375244140625,1488.832275390625,19810.49609375,453.3655090332031,15167.59375,6886.7529296875,780.0350341796875,2416.626708984375
2015-08-20,564.4785766601562,27490.884765625,23449.771484375,4122.021484375,5763.40478515625,5016.4794921875,12290.6728515625,10598.61328125,28922.345703125,640.8370361328125,1485.0533447265625,19703.12109375,449.450439453125,15226.22265625,6886.7529296875,777.72705078125,2416.626708984375
2015-08-21,570.3180541992188,27109.060546875,22813.12109375,4007.855712890625,5738.8818359375,5068.0791015625,12290.6728515625,10420.05078125,28971.96484375,629.8353881835938,1473.7171630859375,19574.271484375,448.66741943359375,15094.3359375,6886.7529296875,773.111572265625,2371.031005859375
2015-08-24,556.6928100585938,24741.7890625,21221.509765625,3437.021240234375,5334.21337890625,4815.8203125,11186.375,9642.056640625,27503.513671875,583.0791625976562,1309.3409423828125,18307.26171875,430.6580810546875,14288.3251953125,6886.7529296875,770.8038330078125,2371.031005859375
2015-08-25,556.6928100585938,24741.7890625,21221.509765625,3437.021240234375,5334.21337890625,4815.8203125,11186.375,9642.056640625,27503.513671875,583.0791625976562,1309.3409423828125,18307.26171875,430.6580810546875,14288.3251953125,6886.7529296875,770.8038330078125,2371.031005859375
2015-08-26,554.7462768554688,24619.599609375,21579.625,3256.75830078125,5622.38623046875,4701.158203125,10770.4677734375,9437.994140625,27578.212890625,583.0514526367188,1254.5489501953125,18569.623046875,427.5260314941406,13848.6796875,6466.048828125,773.111572265625,2188.644775390625
2015-08-27,554.7462768554688,24619.599609375,21181.720703125,3370.925537109375,5475.234375,4815.8203125,11042.9599609375,9552.7783203125,27498.5390625,585.814453125,1201.646484375,18494.353515625,429.87506103515625,13775.40625,6466.048828125,775.4194946289062,2188.644775390625
2015-08-28,587.8363037109375,25474.875,21871.416015625,3743.469482421875,5763.40478515625,5045.1455078125,11645.302734375,9884.3828125,27518.458984375,635.5540161132812,1265.8851318359375,18666.39453125,438.4882507324219,14361.5869140625,6127.654296875,784.6505126953125,2188.644775390625
2015-08-31,620.9264526367188,26956.33203125,23264.08203125,3989.82861328125,5984.13037109375,5234.33837890625,12046.8642578125,10203.236328125,28882.91015625,652.1334228515625,1303.6732177734375,19730.89453125,438.4882507324219,14581.4091796875,5899.0107421875,780.0350341796875,2188.644775390625
2015-09-01,620.9264526367188,26956.33203125,23264.08203125,3989.82861328125,5984.13037109375,5234.33837890625,12046.8642578125,10203.236328125,28882.91015625,652.1334228515625,1303.6732177734375,19730.89453125,438.4882507324219,14581.4091796875,5899.0107421875,780.0350341796875,2188.644775390625
2015-09-02,583.943359375,26284.31640625,22216.271484375,3905.706787109375,5763.40478515625,5125.40771484375,11645.302734375,9884.3828125,28882.91015625,638.3170776367188,1322.56689453125,19354.55078125,435.3561706542969,14039.185546875,5853.28271484375,780.0350341796875,2188.644775390625
2015-09-03,591.7294311523438,25383.240234375,21553.099609375,3857.635986328125,5886.02978515625,5217.138671875,11760.0341796875,10190.48046875,29530.298828125,638.3170776367188,1341.4603271484375,19666.380859375,446.3183898925781,14288.3251953125,5862.4287109375,777.72705078125,2188.644775390625
2015-09-04,589.7827758789062,25810.875,22030.5859375,4025.88232421875,6039.3134765625,5377.666015625,12419.744140625,10598.61328125,29351.0234375,646.6063842773438,1413.2568359375,19515.84375,444.7523498535156,14640.037109375,5853.28271484375,784.6505126953125,2188.644775390625
2015-09-07,574.2109375,25887.232421875,22229.529296875,4031.890625,6082.23291015625,5578.3251953125,13122.4794921875,11172.5439453125,29370.955078125,649.3704833984375,1435.929443359375,19569.60546875,446.3183898925781,14625.376953125,6155.09228515625,784.6505126953125,2188.644775390625
2015-09-08,574.2109375,25887.232421875,22229.529296875,4031.890625,6082.23291015625,5578.3251953125,13122.4794921875,11172.5439453125,29370.955078125,649.3704833984375,1435.929443359375,19569.60546875,446.3183898925781,14625.376953125,6155.09228515625,784.6505126953125,2188.644775390625
2015-09-09,570.3180541992188,26177.41796875,22415.21484375,4013.864990234375,6039.3134765625,5532.46240234375,13050.76953125,11096.0185546875,28843.099609375,649.3704833984375,1424.593017578125,19569.60546875,447.1014099121094,14729.3193359375,6392.88134765625,786.958251953125,2188.644775390625
2015-09-10,558.63916015625,25841.41796875,22229.529296875,4206.14501953125,5947.3447265625,5389.13330078125,12964.71875,10904.7080078125,28882.91015625,652.1334228515625,1418.9249267578125,19720.142578125,446.3183898925781,14832.1220703125,6402.02783203125,791.5739135742188,2188.644775390625
2015-09-11,564.4785766601562,26635.6015625,22945.76171875,4236.18994140625,6180.33203125,5486.59619140625,13165.5009765625,10879.19921875,29171.7578125,674.2396850585938,1479.3848876953125,20031.962890625,445.5353698730469,14846.80078125,6356.29931640625,798.4974975585938,2188.644775390625
2015-09-14,548.9069213867188,26956.33203125,23224.2890625,4230.18017578125,6069.96923828125,5349.0009765625,13050.76953125,10942.96875,29131.90234375,668.7129516601562,1469.93798828125,20300.78125,440.0542907714844,15052.400390625,6356.29931640625,786.958251953125,2188.644775390625
2015-09-15,548.9069213867188,26956.33203125,23224.2890625,4230.18017578125,6069.96923828125,5349.0009765625,13050.76953125,10942.96875,29131.90234375,668.7129516601562,1469.93798828125,20300.78125,440.0542907714844,15052.400390625,6356.29931640625,786.958251953125,2195.047119140625
2015-09-16,543.0674438476562,27246.5078125,23343.654296875,4296.27734375,5996.39404296875,5360.4677734375,12821.3046875,10840.9365234375,29131.90234375,679.7662353515625,1473.7171630859375,20300.78125,446.3183898925781,15316.728515625,6264.8408203125,812.3440551757812,2195.047119140625
2015-09-17,554.7462768554688,27338.14453125,23675.248046875,4320.31201171875,5886.02978515625,5274.47021484375,12849.9873046875,10955.724609375,29380.890625,677.0029296875,1473.7171630859375,20429.80859375,448.66741943359375,15625.1259765625,6264.8408203125,805.4207153320312,2195.047119140625
2015-09-18,560.5855712890625,27475.603515625,23370.19140625,4332.32861328125,6051.57666015625,5303.1357421875,13022.087890625,10968.478515625,29131.90234375,663.1865234375,1485.0533447265625,20343.7890625,454.1485290527344,15566.384765625,6264.8408203125,807.728515625,2195.047119140625
2015-09-21,550.8531494140625,26727.232421875,22879.44140625,4110.0048828125,5922.8193359375,5182.73974609375,12606.18359375,11006.7373046875,29281.310546875,635.5540161132812,1418.9249267578125,20064.21875,455.71453857421875,15331.421875,6264.8408203125,800.8051147460938,2195.047119140625
2015-09-22,550.8531494140625,26727.232421875,22879.44140625,4110.0048828125,5922.8193359375,5182.73974609375,12606.18359375,11006.7373046875,29281.310546875,635.5540161132812,1418.9249267578125,20064.21875,455.71453857421875,15331.421875,6264.8408203125,800.8051147460938,2195.047119140625
2015-09-23,543.0674438476562,26635.6015625,22680.4921875,4200.13623046875,5732.74755859375,5079.54443359375,12706.572265625,10828.18359375,29380.890625,630.0271606445312,1417.0357666015625,19634.12109375,454.1485290527344,15125.830078125,5642.9306640625,796.1896362304688,2195.047119140625
2015-09-24,527.4954833984375,26956.33203125,23012.076171875,4206.14501953125,5794.06201171875,5159.80712890625,12692.232421875,10930.2138671875,29380.890625,641.08056640625,1398.14208984375,19730.89453125,448.66741943359375,15272.677734375,5642.9306640625,803.1130981445312,2195.047119140625
2015-09-25,531.3885498046875,26975.865234375,23068.943359375,4188.11865234375,5800.193359375,5274.47021484375,12763.9443359375,11006.7373046875,29380.890625,646.6063842773438,1398.14208984375,20322.283203125,442.4033203125,15419.52734375,5642.9306640625,812.3440551757812,2195.047119140625
2015-09-28,500.2449035644531,26883.953125,22816.169921875,4103.99462890625,5824.71728515625,5240.07275390625,12849.9873046875,10866.44921875,29380.890625,646.6063842773438,1398.14208984375,20268.521484375,446.3183898925781,15272.677734375,5642.9306640625,826.1911010742188,2400.832275390625
2015-09-29,500.2449035644531,26883.953125,22816.169921875,4103.99462890625,5852.1318359375,5273.392578125,12849.9873046875,10866.44921875,29331.111328125,646.6063842773438,1398.14208984375,20268.521484375,446.3183898925781,15272.677734375,5642.9306640625,826.1911010742188,2400.832275390625
2015-09-30,508.03082275390625,27006.494140625,22802.873046875,4103.99462890625,5815.1708984375,5215.6953125,12620.5234375,10840.9365234375,29441.080078125,646.5512084960938,1381.1368408203125,20268.521484375,444.7523498535156,15184.5673828125,6402.02783203125,816.959716796875,2400.832275390625
2015-10-01,517.7632446289062,27481.369140625,23547.88671875,4296.27734375,5815.1708984375,5192.61669921875,12835.6474609375,11019.4931640625,29491.05078125,652.1012573242188,1349.0179443359375,20419.056640625,447.8844299316406,15257.9931640625,6402.02783203125,803.1130981445312,2400.832275390625
2015-10-02,513.8702392578125,27266.91796875,23268.505859375,4278.25048828125,5778.20849609375,5175.30859375,12883.8681640625,10947.15234375,29241.125,646.5512084960938,1337.6820068359375,20408.3046875,446.3183898925781,15169.8779296875,6402.02783203125,807.728515625,2400.832275390625
2015-10-05,541.1209106445312,28308.5703125,24106.650390625,4374.3916015625,5778.20849609375,5181.07861328125,12855.08203125,11075.193359375,29041.189453125,660.4257202148438,1322.56689453125,20537.3359375,445.5353698730469,15331.421875,6402.02783203125,807.728515625,2400.832275390625
2015-10-06,541.1209106445312,28308.5703125,24106.650390625,4374.3916015625,5778.20849609375,5181.07861328125,12855.08203125,11075.193359375,29041.189453125,660.4257202148438,1322.56689453125,20537.3359375,445.5353698730469,15331.421875,6402.02783203125,807.728515625,2400.832275390625
2015-10-07,560.5855712890625,28277.9375,24253.001953125,4416.45263671875,5790.52978515625,5233.00390625,12955.84765625,11062.3857421875,29341.111328125,663.2008056640625,1360.6810302734375,20580.34375,443.18634033203125,15375.47265625,6402.02783203125,807.728515625,2400.832275390625
2015-10-08,581.9969482421875,28630.251953125,24226.388671875,4398.42724609375,5833.6494140625,5279.16064453125,12999.03515625,10895.939453125,29491.05078125,668.7500610351562,1370.2099609375,20566.888671875,444.7523498535156,15523.7685546875,6402.02783203125,807.728515625,2400.832275390625
2015-10-09,589.7827758789062,28568.984375,24479.158203125,4374.3916015625,5907.5732421875,5238.7744140625,12984.63671875,11139.208984375,29481.0625,663.2008056640625,1368.30419921875,20857.62109375,446.3183898925781,15656.2060546875,6402.02783203125,812.3440551757812,2400.832275390625
2015-10-12,583.943359375,28477.068359375,24279.603515625,4242.197265625,5950.69189453125,5238.7744140625,12955.84765625,11036.7802734375,29441.080078125,668.7500610351562,1368.30419921875,20857.62109375,450.23345947265625,15538.4873046875,6356.29931640625,803.1130981445312,2400.832275390625
2015-10-13,581.9969482421875,28645.580078125,24479.158203125,4344.34619140625,6030.7744140625,5308.00830078125,13243.7568359375,11139.208984375,29461.060546875,674.3003540039062,1372.115478515625,20857.62109375,455.71453857421875,15612.05859375,6356.29931640625,807.728515625,2400.832275390625
2015-10-14,581.9969482421875,28645.580078125,24479.158203125,4344.34619140625,6030.7744140625,5308.00830078125,13243.7568359375,11139.208984375,29461.060546875,674.3003540039062,1372.115478515625,20857.62109375,455.71453857421875,15612.05859375,6356.29931640625,807.728515625,2400.832275390625
2015-10-15,576.1575317382812,28216.65625,23827.265625,4218.16357421875,5864.451171875,5273.392578125,12595.96484375,10883.1357421875,29541.060546875,668.7500610351562,1349.246826171875,20534.583984375,461.97869873046875,15258.9091796875,6356.29931640625,798.4974975585938,2445.076416015625
2015-10-16,572.2645263671875,27588.599609375,23614.412109375,4170.09326171875,5852.1318359375,5279.16064453125,12509.5888671875,10780.70703125,29990.91796875,665.9756469726562,1337.8121337890625,20566.888671875,468.2427978515625,15450.193359375,6356.29931640625,796.1896362304688,2445.076416015625
2015-10-19,541.1209106445312,28155.376953125,23933.697265625,4128.03173828125,5833.6494140625,5233.00390625,12667.9423828125,10819.1171875,29770.970703125,660.4257202148438,1269.20654296875,20728.404296875,469.808837890625,15773.9111328125,5487.45166015625,793.8817138671875,2445.076416015625
2015-10-20,541.1209106445312,28155.376953125,23933.697265625,4128.03173828125,5833.6494140625,5233.00390625,12667.9423828125,10819.1171875,29770.970703125,660.4257202148438,1269.20654296875,20728.404296875,469.808837890625,15773.9111328125,5487.45166015625,793.8817138671875,2445.076416015625
2015-10-21,543.0674438476562,28155.376953125,24199.78515625,4065.53271484375,5833.6494140625,5250.31396484375,12538.3828125,10883.1357421875,29491.05078125,668.7500610351562,1250.1492919921875,20782.244140625,465.1107482910156,15773.9111328125,5487.45166015625,784.6505126953125,2445.076416015625
2015-10-22,535.2815551757812,28216.65625,24080.04296875,4120.142578125,5864.451171875,5273.392578125,12653.546875,10755.0986328125,29551.044921875,663.2008056640625,1250.1492919921875,20782.244140625,471.3748474121094,15773.9111328125,5487.45166015625,784.6505126953125,2445.076416015625
2015-10-23,541.1209106445312,28568.984375,24213.083984375,4168.6865234375,6012.29345703125,5302.2392578125,12711.126953125,10883.1357421875,29541.060546875,668.7500610351562,1255.866455078125,20943.76953125,472.1578674316406,15832.767578125,5487.45166015625,786.958251953125,2445.076416015625
2015-10-26,531.3885498046875,28492.392578125,24372.73046875,4180.82275390625,6184.77880859375,5394.55322265625,12898.2646484375,10972.76171875,29541.060546875,674.3003540039062,1200.6009521484375,21202.197265625,473.7239074707031,15876.919921875,5258.80859375,793.8817138671875,2431.103759765625
2015-10-27,531.3885498046875,28492.392578125,24372.73046875,4180.82275390625,6184.77880859375,5394.55322265625,12898.2646484375,10972.76171875,29651.408203125,677.0309448242188,1200.6009521484375,21560.0546875,473.7239074707031,15876.919921875,5258.80859375,793.8817138671875,2431.103759765625
2015-10-28,523.6026000976562,28461.748046875,24359.427734375,4186.890625,6160.13720703125,5348.3974609375,12912.6611328125,11036.7802734375,29601.240234375,677.0309448242188,1143.4293212890625,21122.0625,481.55401611328125,15744.4794921875,5258.80859375,793.8817138671875,2421.78955078125
2015-10-29,531.3885498046875,28155.376953125,23947.001953125,4247.56982421875,6006.13525390625,5308.00830078125,12855.08203125,10985.564453125,29601.240234375,677.0309448242188,1158.6751708984375,21067.3203125,477.63897705078125,15818.0615234375,5203.93359375,800.8051147460938,2421.78955078125
2015-10-30,523.6026000976562,27925.61328125,24066.7421875,4205.09423828125,5926.05419921875,5261.8525390625,12797.498046875,10959.9560546875,29611.29296875,654.741943359375,1137.7119140625,20870.224609375,476.85595703125,15818.0615234375,5185.642578125,805.4207153320312,2421.78955078125
2015-11-02,525.5490112304688,28170.7109375,24186.482421875,4211.16259765625,5913.73193359375,5261.8525390625,12811.8955078125,10998.369140625,29601.240234375,646.3834838867188,1139.617919921875,20716.927734375,465.8937683105469,16053.4873046875,4892.97802734375,863.1157836914062,2421.78955078125
2015-11-03,550.8531494140625,28446.439453125,24106.650390625,4247.56982421875,5999.9736328125,5290.69921875,12883.8681640625,10947.15234375,29601.240234375,646.3834838867188,1126.2779541015625,20793.5703125,465.8937683105469,15906.3408203125,5222.22607421875,828.4987182617188,2421.78955078125
2015-11-04,550.8531494140625,28446.439453125,24106.650390625,4247.56982421875,5999.9736328125,5290.69921875,12883.8681640625,10947.15234375,29601.240234375,646.3834838867188,1126.2779541015625,20793.5703125,465.8937683105469,15906.3408203125,5222.22607421875,828.4987182617188,2421.78955078125
2015-11-05,545.013916015625,28308.5703125,24013.529296875,4350.72509765625,5981.49462890625,5250.31396484375,12955.84765625,10985.564453125,29801.9375,651.9551391601562,1126.2779541015625,21078.26953125,469.808837890625,15891.619140625,5231.37158203125,816.959716796875,2421.78955078125
2015-11-06,550.8531494140625,27940.93359375,23827.265625,4393.20166015625,6030.7744140625,5284.9296875,12984.63671875,10921.544921875,30102.96875,657.528076171875,1118.6551513671875,20881.173828125,473.7239074707031,16112.3486328125,5231.37158203125,819.2675170898438,2421.78955078125
2015-11-09,543.0674438476562,27711.140625,23947.001953125,4320.38525390625,6018.453125,5348.3974609375,12883.8681640625,10883.1357421875,29691.56640625,651.9551391601562,1015.7462768554688,21133.015625,475.2899169921875,16097.6357421875,5231.37158203125,812.3440551757812,2421.78955078125
2015-11-10,543.0674438476562,27711.140625,23947.001953125,4320.38525390625,6018.453125,5348.3974609375,12883.8681640625,10883.1357421875,29691.56640625,651.9551391601562,1015.7462768554688,21163.171875,475.2899169921875,16128.2763671875,4938.70751953125,812.3440551757812,2403.1611328125
2015-11-11,543.0674438476562,28109.421875,24080.04296875,4308.24853515625,5950.69189453125,5227.2333984375,12725.521484375,10703.8818359375,29621.318359375,649.16943359375,1086.2578125,21152.19921875,481.55401611328125,15995.587890625,4938.70751953125,805.4207153320312,2403.1611328125
2015-11-12,529.4419555664062,27925.61328125,23853.876953125,4247.56982421875,5963.01220703125,5233.00390625,12653.546875,10242.94921875,30002.630859375,646.3834838867188,1084.35205078125,21108.341796875,484.6861267089844,16010.3271484375,5030.16455078125,791.5739135742188,2421.78955078125
2015-11-13,521.6560668945312,27113.720703125,23547.88671875,4144.41455078125,5759.728515625,5192.61669921875,12236.076171875,10242.94921875,29119.60546875,646.3834838867188,1074.823974609375,20900.001953125,483.9031066894531,15553.3056640625,4938.70751953125,791.5739135742188,2421.78955078125
2015-11-16,525.5490112304688,26500.990234375,22496.875,4120.142578125,5679.6455078125,5192.61669921875,11876.1953125,10050.8955078125,27644.568359375,638.0245361328125,1032.897705078125,20450.42578125,477.63897705078125,15155.2685546875,5030.16455078125,780.0350341796875,2421.78955078125
2015-11-17,515.8167724609375,24892.54296875,21352.744140625,3822.812744140625,5501.00244140625,5100.3037109375,11242.796875,9474.7255859375,27995.748046875,618.5216674804688,990.9721069335938,20011.806640625,472.1578674316406,14418.146484375,5030.16455078125,830.8065795898438,2428.7958984375
2015-11-18,515.8167724609375,24892.54296875,21352.744140625,3822.812744140625,5501.00244140625,5100.3037109375,11242.796875,9474.7255859375,27995.748046875,618.5216674804688,990.9721069335938,20011.806640625,472.1578674316406,14418.146484375,5030.16455078125,830.8065795898438,2428.7958984375
2015-11-19,513.8702392578125,25168.27734375,21605.515625,3992.716552734375,5655.00537109375,5123.3828125,11372.357421875,9666.7841796875,29350.3984375,618.5216674804688,990.9721069335938,19902.15234375,469.808837890625,14889.904296875,4819.8115234375,796.1896362304688,2410.11279296875
2015-11-20,509.9772644042969,25260.1875,21605.515625,4041.259521484375,5679.6455078125,5077.22509765625,11343.564453125,9538.7451171875,29350.3984375,610.1638793945312,952.8578491210938,20022.771484375,469.808837890625,14742.4775390625,4819.8115234375,796.1896362304688,2410.11279296875
2015-11-23,517.7632446289062,25505.28125,21924.81640625,4016.9873046875,5889.08984375,5204.15673828125,11761.0322265625,9718.0,29591.2109375,615.7360229492188,960.4804077148438,20647.798828125,469.6566162109375,14919.380859375,4810.666015625,805.4207153320312,2410.11279296875
2015-11-24,517.7632446289062,25505.28125,21924.81640625,4016.9873046875,5889.08984375,5204.15673828125,11761.0322265625,9718.0,29591.2109375,615.7360229492188,960.4804077148438,20647.798828125,469.6566162109375,14919.380859375,4810.666015625,803.1130981445312,2410.11279296875
2015-11-25,521.6560668945312,25198.91015625,21352.744140625,4023.056396484375,5728.9287109375,5192.61669921875,11142.029296875,9474.7255859375,29712.068359375,621.2767333984375,958.5751342773438,20560.07421875,477.3876037597656,14889.904296875,4810.666015625,803.1130981445312,2410.11279296875
2015-11-26,521.6560668945312,24877.228515625,21512.390625,4059.462646484375,5593.40478515625,5192.61669921875,10580.609375,9141.8330078125,29702.001953125,612.8814697265625,914.7435913085938,20560.07421875,478.3539733886719,14668.76171875,4810.666015625,784.6505126953125,2410.11279296875
2015-11-27,515.8167724609375,24448.3046875,20847.19921875,4004.85205078125,5581.08447265625,5077.22509765625,10580.609375,9103.4228515625,29027.185546875,612.8814697265625,899.4977416992188,20913.642578125,483.1858215332031,14712.9853515625,4810.666015625,784.6505126953125,2410.11279296875
2015-11-30,508.03082275390625,24785.3125,20887.107421875,4126.21044921875,5765.88916015625,5186.84814453125,11257.193359375,9602.7666015625,29208.48046875,610.0824584960938,1006.2177124023438,21449.318359375,492.84954833984375,14609.791015625,4810.666015625,766.1881713867188,2410.11279296875
2015-12-01,508.03082275390625,24785.3125,20887.107421875,4126.21044921875,5765.88916015625,5186.84814453125,11257.193359375,9602.7666015625,29208.48046875,610.0824584960938,1006.2177124023438,21449.318359375,492.84954833984375,14609.791015625,4810.666015625,766.1881713867188,2405.441162109375
2015-12-02,500.2449035644531,24969.138671875,21020.146484375,4035.19189453125,5667.32763671875,5134.92236328125,10868.5185546875,9269.8701171875,28956.681640625,618.478515625,990.9721069335938,20869.0078125,485.1185607910156,15007.8310546875,4792.375,768.49609375,2405.441162109375
2015-12-03,490.51251220703125,24157.2578125,20727.470703125,4045.612060546875,5568.76416015625,5019.5302734375,10724.5625,9410.7119140625,28755.2578125,612.8814697265625,990.9721069335938,20422.607421875,479.3203430175781,15037.3271484375,4792.375,763.8803100585938,2410.11279296875
2015-12-04,488.5660705566406,23376.013671875,19836.103515625,4168.2060546875,5574.92578125,5100.3037109375,10350.283203125,9167.443359375,29450.208984375,604.4856567382812,983.3492431640625,20311.005859375,476.4212341308594,15037.3271484375,4792.375,766.1881713867188,2410.11279296875
2015-12-07,451.5828552246094,22671.36328125,19277.345703125,4100.7802734375,5371.63916015625,4915.67724609375,9932.8154296875,8834.544921875,28704.880859375,584.8958740234375,931.8947143554688,20634.646484375,481.2530822753906,15037.3271484375,4792.375,761.57275390625,2410.11279296875
2015-12-08,451.5828552246094,22671.36328125,19277.345703125,4100.7802734375,5371.63916015625,4915.67724609375,9932.8154296875,8834.544921875,28704.880859375,584.8958740234375,931.8947143554688,20634.646484375,481.2530822753906,15037.3271484375,4792.375,761.57275390625,2410.11279296875
2015-12-09,451.5828552246094,23100.28125,19490.201171875,4106.9091796875,5544.1240234375,5077.22509765625,10364.6806640625,8962.5830078125,29107.783203125,573.7018432617188,933.80078125,20039.498046875,478.3539733886719,15466.875,4792.375,766.1881713867188,2410.11279296875
2015-12-10,451.5828552246094,23100.28125,19490.201171875,4106.9091796875,5544.1240234375,5077.22509765625,10364.6806640625,8962.5830078125,29107.783203125,573.7018432617188,933.80078125,20039.498046875,478.3539733886719,15466.875,4618.60498046875,766.1881713867188,2410.11279296875
2015-12-11,441.8504943847656,24448.3046875,20487.998046875,4149.81787109375,5556.44384765625,5117.61279296875,10724.5625,9167.443359375,29097.703125,573.7018432617188,914.7435913085938,21045.38671875,473.5221252441406,15570.2919921875,4618.60498046875,798.4974975585938,2410.11279296875
2015-12-14,424.3322448730469,24126.62109375,20354.953125,4278.54150390625,5544.1240234375,5111.84521484375,11084.4462890625,9205.8525390625,28956.681640625,576.5001220703125,876.6292724609375,20397.146484375,468.69024658203125,15289.6005859375,4344.23291015625,782.3428344726562,2410.11279296875
2015-12-15,424.3322448730469,24126.62109375,20354.953125,4278.54150390625,5544.1240234375,5111.84521484375,11084.4462890625,9205.8525390625,28956.681640625,576.5001220703125,876.6292724609375,20397.146484375,468.69024658203125,15289.6005859375,4344.23291015625,782.3428344726562,2417.139404296875
2015-12-16,455.4758605957031,25275.505859375,21578.91015625,4284.67041015625,5648.84765625,5198.38720703125,11242.796875,9346.6923828125,28976.822265625,593.2915649414062,929.9894409179688,20508.91015625,476.4212341308594,15215.755859375,4344.23291015625,782.3428344726562,2417.139404296875
2015-12-17,451.5828552246094,25842.291015625,21751.86328125,4290.80078125,5667.32763671875,5186.84814453125,11501.9130859375,9538.7451171875,29712.068359375,612.8814697265625,1010.0291137695312,20128.908203125,477.3876037597656,15880.5166015625,4344.23291015625,784.6505126953125,2412.454345703125
2015-12-18,449.636474609375,26163.9765625,22270.716796875,4339.83740234375,5852.1318359375,5250.31396484375,11516.3076171875,9641.1767578125,29661.71484375,629.67236328125,1010.0291137695312,20341.265625,500.58050537109375,16530.515625,4344.23291015625,796.1896362304688,2412.454345703125
2015-12-21,449.636474609375,26424.392578125,22363.84765625,4407.26513671875,5802.85107421875,5308.00830078125,11501.9130859375,9602.7666015625,29107.783203125,618.478515625,968.1036987304688,20676.55859375,492.84954833984375,16412.33203125,4344.23291015625,782.3428344726562,2412.454345703125
2015-12-22,449.636474609375,26424.392578125,22363.84765625,4407.26513671875,5802.85107421875,5308.00830078125,11501.9130859375,9602.7666015625,29107.783203125,618.478515625,968.1036987304688,20676.55859375,492.84954833984375,16412.33203125,4344.23291015625,782.3428344726562,2389.032470703125
2015-12-23,453.5294494628906,25934.208984375,21951.423828125,4352.0966796875,5802.85107421875,5267.62109375,11343.564453125,9410.7119140625,28755.2578125,607.2840576171875,1006.2177124023438,20922.44140625,494.78228759765625,16249.830078125,4252.77490234375,780.0350341796875,2389.032470703125
2015-12-24,469.10125732421875,27198.46875,22609.078125,4395.005859375,5987.65380859375,5250.31396484375,11516.3076171875,9782.01953125,29826.984375,618.4728393554688,1067.2008056640625,20944.796875,493.81591796875,16471.423828125,4252.77490234375,782.3428344726562,2389.032470703125
2015-12-25,455.4758605957031,27044.802734375,22168.640625,4327.57861328125,5987.65380859375,5354.16455078125,11602.6845703125,9423.513671875,30079.765625,624.09521484375,1105.3148193359375,20955.974609375,501.546875,16619.150390625,4252.77490234375,789.2660522460938,2389.032470703125
2015-12-28,447.6899719238281,27198.46875,23009.470703125,4419.525390625,5993.8134765625,5365.7041015625,11804.216796875,9730.8046875,30079.765625,621.2843017578125,1105.3148193359375,21123.623046875,505.4123840332031,16279.37109375,4252.77490234375,793.8817138671875,2389.032470703125
2015-12-29,447.6899719238281,27198.46875,23009.470703125,4419.525390625,5993.8134765625,5365.7041015625,11804.216796875,9730.8046875,30079.765625,621.2843017578125,1105.3148193359375,21123.623046875,505.4123840332031,16279.37109375,4252.77490234375,793.8817138671875,2389.032470703125
2015-12-30,439.9040832519531,27167.73828125,23156.283203125,4462.43212890625,5821.330078125,5365.7041015625,11660.2646484375,9782.01953125,30079.765625,624.09521484375,1076.7293701171875,21235.38671875,509.2778625488281,16279.37109375,3868.654296875,793.8817138671875,2342.189208984375
2015-12-31,432.11810302734375,27428.96484375,23223.017578125,4523.72900390625,5987.65380859375,5423.40185546875,11660.2646484375,9782.01953125,30079.765625,612.8501586914062,1067.2008056640625,21503.623046875,501.546875,16707.775390625,3868.654296875,793.8817138671875,2342.189208984375
2016-01-01,432.11810302734375,27428.96484375,23223.017578125,4523.72900390625,5987.65380859375,5423.40185546875,11660.2646484375,9782.01953125,30079.765625,612.8501586914062,1067.2008056640625,21503.623046875,501.546875,16707.775390625,3868.654296875,793.8817138671875,2342.189208984375
2016-01-04,430.1716003417969,26215.021484375,22675.810546875,4321.44970703125,5667.32763671875,5342.6259765625,11372.357421875,9410.7119140625,30079.765625,584.7378540039062,1067.2008056640625,21246.5625,502.5132751464844,16545.287109375,3868.654296875,793.8817138671875,2342.189208984375
2016-01-05,430.1716003417969,26215.021484375,22675.810546875,4321.44970703125,5694.873046875,5376.15576171875,11372.357421875,9410.7119140625,29826.984375,584.7378540039062,1067.2008056640625,21246.5625,502.5132751464844,16545.287109375,4234.484375,793.8817138671875,2342.189208984375
2016-01-06,422.3857421875,26337.953125,22488.951171875,4401.13671875,5775.34521484375,5283.26220703125,11660.2646484375,9833.232421875,29826.984375,607.2279663085938,1143.4293212890625,21458.916015625,524.7398071289062,16589.603515625,4234.484375,807.728515625,2342.189208984375
2016-01-07,412.6534423828125,26199.650390625,22475.603515625,4339.83740234375,6004.37646484375,5393.5712890625,11708.6904296875,9529.09765625,29574.228515625,579.115478515625,1139.5792236328125,21458.916015625,521.8406982421875,16619.150390625,3841.21630859375,800.8051147460938,2342.189208984375
2016-01-08,402.9208984375,24985.716796875,22141.9453125,4401.13671875,5577.26220703125,5167.14794921875,11275.0322265625,9451.94140625,29826.984375,570.6814575195312,1154.97900390625,20426.404296875,499.6141357421875,16635.109375,3841.21630859375,805.4207153320312,2342.189208984375
2016-01-11,395.13507080078125,24693.75390625,21274.421875,4315.31884765625,5639.1611328125,5167.14794921875,11202.7587890625,9426.2197265625,28937.248046875,570.6814575195312,1143.42919921875,20370.44140625,512.177001953125,16575.91015625,3841.21630859375,803.1130981445312,2342.189208984375
2016-01-12,371.77728271484375,23741.041015625,20286.775390625,4395.005859375,5490.599609375,5109.0888671875,11202.7587890625,9194.748046875,28866.474609375,570.6814575195312,1101.080078125,20146.5859375,522.8070678710938,16561.107421875,3841.21630859375,798.4974975585938,2342.189208984375
2016-01-13,371.77728271484375,23741.041015625,20286.775390625,4395.005859375,5490.599609375,5109.0888671875,11202.7587890625,9194.748046875,28866.474609375,570.6814575195312,1101.080078125,20146.5859375,522.8070678710938,16561.107421875,3841.21630859375,798.4974975585938,2342.189208984375
2016-01-14,374.1131286621094,24155.92578125,20433.580078125,4401.13671875,5701.06298828125,5225.20361328125,11405.12890625,9297.6220703125,28917.03125,576.3045043945312,1151.1292724609375,20157.78125,522.8070678710938,16620.306640625,3845.78955078125,796.1896362304688,2342.189208984375
2016-01-15,384.23480224609375,24970.34765625,20994.138671875,4413.39501953125,5942.47412109375,5376.15576171875,11694.23046875,9657.697265625,29321.447265625,590.3609008789062,1168.453857421875,20818.138671875,523.7734375,16620.306640625,3845.78955078125,803.1130981445312,2349.23779296875
2016-01-18,342.96942138671875,23833.232421875,20366.8515625,4211.1142578125,5694.873046875,5294.87451171875,10826.921875,9169.0244140625,28896.8125,556.6255493164062,1156.904052734375,20157.78125,512.177001953125,16501.908203125,3845.78955078125,796.1896362304688,2349.23779296875
2016-01-19,342.96942138671875,23833.232421875,20366.8515625,4211.1142578125,5694.873046875,5294.87451171875,10826.921875,9169.0244140625,28896.8125,556.6255493164062,1156.904052734375,20157.78125,512.177001953125,16501.908203125,3845.78955078125,796.1896362304688,2208.282470703125
2016-01-20,359.3199462890625,24324.953125,20820.630859375,4401.13671875,5880.57421875,5289.06884765625,10913.6533203125,9220.4638671875,28815.904296875,565.059326171875,1156.904052734375,20650.25390625,502.5132751464844,16575.91015625,3845.78955078125,777.72705078125,2208.282470703125
2016-01-21,355.816162109375,24970.34765625,21367.841796875,4370.4873046875,5936.28662109375,5329.7080078125,11058.20703125,9336.201171875,28785.587890625,567.8705444335938,1166.52880859375,20482.3671875,502.5132751464844,16516.701171875,3845.78955078125,773.111572265625,2208.282470703125
2016-01-22,369.8308410644531,25707.935546875,21728.203125,4407.26513671875,5837.244140625,5341.3193359375,11260.578125,9580.5341796875,28613.693359375,576.3045043945312,1176.15380859375,20224.935546875,512.177001953125,16516.701171875,3845.78955078125,791.5739135742188,2208.282470703125
2016-01-25,372.94525146484375,26368.689453125,22315.451171875,4345.96923828125,5849.625,5376.15576171875,11477.404296875,9644.8369140625,28775.451171875,584.7378540039062,1143.42919921875,20213.7421875,519.907958984375,16931.1015625,3859.50830078125,805.4207153320312,2255.268310546875
2016-01-26,372.94525146484375,26368.689453125,22315.451171875,4345.96923828125,5849.625,5376.15576171875,11477.404296875,9644.8369140625,28887.123046875,587.5059814453125,1143.42919921875,20213.7421875,519.907958984375,16931.1015625,3859.50830078125,805.4207153320312,2255.268310546875
2016-01-27,379.563232421875,26537.720703125,22635.765625,4382.74609375,5800.1044921875,5329.7080078125,11564.1337890625,9631.9765625,28866.8046875,601.6290893554688,1181.9288330078125,20515.9453125,527.638916015625,17019.8984375,3886.94580078125,821.575439453125,2255.268310546875
2016-01-28,385.4026184082031,26568.4453125,22715.845703125,4388.87646484375,5917.71435546875,5358.73779296875,11723.14453125,9812.0166015625,28856.671875,607.2778930664062,1183.8533935546875,20650.25390625,527.638916015625,17019.8984375,3886.94580078125,814.6519165039062,2255.268310546875
2016-01-29,397.0814514160156,26891.142578125,23223.017578125,4437.9140625,5985.8076171875,5341.3193359375,11853.2373046875,9966.330078125,28927.7265625,601.6290893554688,1189.6285400390625,20504.751953125,523.7734375,17301.09375,3845.78955078125,823.883056640625,2255.268310546875
2016-02-01,397.0814514160156,27382.869140625,23329.791015625,4591.158203125,6004.37646484375,5335.51318359375,12041.1572265625,10274.9677734375,28673.97265625,607.2778930664062,1180.0040283203125,20706.21875,525.7061767578125,17537.900390625,3877.7998046875,807.728515625,2255.268310546875
2016-02-02,397.0814514160156,27382.869140625,23329.791015625,4591.158203125,6004.37646484375,5335.51318359375,12041.1572265625,10274.9677734375,28673.97265625,607.2778930664062,1180.0040283203125,20706.21875,525.7061767578125,17537.900390625,3877.7998046875,807.728515625,2222.3779296875
2016-02-03,386.57061767578125,26691.37890625,22822.62109375,4701.4912109375,5880.57421875,5306.48486328125,11997.791015625,10223.525390625,28470.95703125,593.155029296875,1166.52880859375,20448.787109375,517.9752197265625,17419.498046875,3877.7998046875,807.728515625,2222.3779296875
2016-02-04,402.9208984375,27121.638671875,23089.552734375,4646.32470703125,5967.2353515625,5323.90283203125,12113.43359375,10403.56640625,28521.724609375,595.9796752929688,1166.52880859375,20594.291015625,520.8743286132812,17419.498046875,3658.301513671875,800.8051147460938,2222.3779296875
2016-02-05,408.7604064941406,27367.5,23343.134765625,4658.58349609375,6022.9462890625,5393.5712890625,12286.8935546875,10364.9853515625,28724.72265625,598.8040771484375,1218.5025634765625,20650.25390625,526.6725463867188,17537.900390625,3658.301513671875,814.6519165039062,2255.268310546875
2016-02-08,412.6534423828125,27367.5,23223.017578125,4585.02685546875,6066.2783203125,5416.794921875,12359.171875,10352.1259765625,28714.568359375,593.155029296875,1251.2274169921875,20706.21875,525.7061767578125,17611.900390625,3658.301513671875,821.575439453125,2255.268310546875
2016-02-09,412.6534423828125,27367.5,23223.017578125,4585.02685546875,6066.2783203125,5416.794921875,12359.171875,10352.1259765625,28714.568359375,593.155029296875,1251.2274169921875,20737.04296875,525.7061767578125,17642.712890625,3704.030517578125,821.575439453125,2255.268310546875
2016-02-10,399.0279846191406,27428.96484375,23356.486328125,4640.19482421875,6140.56103515625,5445.82470703125,12576.0,10545.01953125,28481.12109375,598.8040771484375,1283.9521484375,20961.2265625,525.7061767578125,18072.65234375,3704.030517578125,816.959716796875,2255.268310546875
2016-02-11,400.9745178222656,27459.701171875,23489.94921875,4689.23193359375,6177.69775390625,5457.4365234375,12677.185546875,10686.478515625,28470.95703125,598.8040771484375,1305.1265869140625,20927.59765625,520.8743286132812,18087.474609375,3704.030517578125,823.883056640625,2255.268310546875
2016-02-12,402.9208984375,27413.599609375,23409.86328125,4707.62109375,6177.69775390625,5440.0185546875,12648.2763671875,10840.794921875,28531.880859375,595.9796752929688,1322.451171875,20804.294921875,517.0088500976562,18102.310546875,3704.030517578125,823.883056640625,2222.3779296875
2016-02-15,416.5462341308594,27951.421875,23983.767578125,4756.65869140625,6183.888671875,5463.23974609375,12431.44921875,10635.041015625,28521.724609375,598.8040771484375,1328.22607421875,20871.552734375,517.0088500976562,18087.474609375,3704.030517578125,821.575439453125,2198.88525390625
2016-02-16,416.5462341308594,27951.421875,23983.767578125,4756.65869140625,6183.888671875,5463.23974609375,12431.44921875,10635.041015625,28521.724609375,598.8040771484375,1328.22607421875,20871.552734375,517.0088500976562,18087.474609375,3704.030517578125,821.575439453125,2205.95654296875
2016-02-17,406.81390380859375,27659.47265625,23610.060546875,4689.23193359375,6128.17822265625,5445.82470703125,12344.71484375,10352.1259765625,28420.220703125,604.4532470703125,1308.976318359375,20680.994140625,512.177001953125,17568.576171875,3704.030517578125,821.575439453125,2191.815185546875
2016-02-18,449.636474609375,28335.58203125,24090.544921875,4768.91845703125,6313.88037109375,5544.5205078125,12937.376953125,10802.2177734375,28755.18359375,621.4006958007812,1334.00146484375,20905.1796875,512.177001953125,18131.951171875,3704.030517578125,823.883056640625,2191.815185546875
2016-02-19,451.5828552246094,28427.783203125,24290.740234375,4805.69677734375,6437.6796875,5619.99560546875,12922.9189453125,10917.9560546875,28785.626953125,629.874267578125,1334.00146484375,21286.294921875,518.9415893554688,18102.310546875,3704.030517578125,819.2675170898438,2191.815185546875
2016-02-22,453.5294494628906,28443.13671875,24157.275390625,4836.34521484375,6313.88037109375,5678.056640625,12980.744140625,11046.552734375,28795.751953125,632.6988525390625,1330.151123046875,21465.640625,522.8070678710938,18087.474609375,3873.2265625,823.883056640625,2191.815185546875
2016-02-23,453.5294494628906,28443.13671875,24157.275390625,4836.34521484375,6313.88037109375,5678.056640625,12980.744140625,11046.552734375,28795.751953125,632.6988525390625,1330.151123046875,21465.640625,522.8070678710938,18087.474609375,3873.2265625,823.883056640625,2191.815185546875
2016-02-24,445.7435302734375,28135.826171875,23930.37890625,4873.123046875,6326.26025390625,5550.328125,12807.28125,10995.11328125,28907.84375,626.9681396484375,1330.151123046875,21095.73828125,539.2354125976562,18161.615234375,3722.322021484375,826.1911010742188,2191.815185546875
2016-02-25,441.8504943847656,28320.2109375,24050.50390625,4866.994140625,6264.3603515625,5573.5517578125,12908.4677734375,10879.37890625,28877.298828125,632.6422119140625,1339.77587890625,21398.3828125,552.7645874023438,18146.783203125,3722.322021484375,819.2675170898438,2191.815185546875
2016-02-26,447.6899719238281,28811.935546875,24691.13671875,4885.3828125,6388.15966796875,5619.99560546875,12951.8310546875,10982.25390625,29142.2109375,635.4788818359375,1405.224365234375,21353.548828125,558.5628051757812,18161.615234375,4033.27783203125,823.883056640625,2220.096923828125
2016-02-29,443.7969970703125,29042.427734375,25024.8046875,4750.5283203125,6375.779296875,5660.63916015625,12937.376953125,10866.5166015625,28938.4296875,635.4788818359375,1416.7745361328125,21297.5,559.5291748046875,17983.701171875,4024.13232421875,819.2675170898438,2220.096923828125
2016-03-01,443.7969970703125,29042.427734375,25024.8046875,4750.5283203125,6375.779296875,5660.63916015625,12937.376953125,10866.5166015625,28938.4296875,635.4788818359375,1416.7745361328125,21297.5,559.5291748046875,17983.701171875,4024.13232421875,819.2675170898438,2220.096923828125
2016-03-02,455.4758605957031,29180.744140625,25184.962890625,4903.77294921875,6437.6796875,5707.08349609375,13125.2978515625,10995.11328125,28938.4296875,641.1531372070312,1374.4254150390625,21062.109375,561.4619140625,18532.251953125,4024.13232421875,819.2675170898438,2220.096923828125
2016-03-03,490.51251220703125,29349.75,25091.53125,4928.29150390625,6524.34375,5794.17041015625,13154.2041015625,11175.146484375,29539.6015625,655.3379516601562,1416.7745361328125,21174.19921875,554.6973266601562,18739.82421875,4024.13232421875,849.2689819335938,2220.096923828125
2016-03-04,513.8702392578125,29272.93359375,25024.8046875,4971.19970703125,6672.90283203125,5910.2861328125,13298.7587890625,11265.169921875,30059.287109375,663.8486938476562,1385.974853515625,21297.5,532.4707641601562,18947.37890625,4024.13232421875,876.962646484375,2220.096923828125
2016-03-07,554.7462768554688,29288.298828125,24958.06640625,5063.14453125,6685.28564453125,5887.0634765625,13081.9267578125,11097.9912109375,30263.0703125,669.5225219726562,1395.5999755859375,21263.869140625,546.0,19051.15625,4019.55859375,840.0377807617188,2220.096923828125
2016-03-08,554.7462768554688,29288.298828125,24958.06640625,5063.14453125,6685.28564453125,5887.0634765625,13081.9267578125,11097.9912109375,30263.0703125,669.5225219726562,1395.5999755859375,21263.869140625,565.0,19051.15625,4019.55859375,840.0377807617188,2220.096923828125
2016-03-09,521.6560668945312,29180.744140625,24931.375,5050.8857421875,6623.384765625,5863.84130859375,12792.8271484375,10930.81640625,30456.662109375,666.6858520507812,1374.4254150390625,21227.390625,565.0,18933.517578125,4019.55859375,844.6533203125,2220.096923828125
2016-03-10,521.6560668945312,29180.744140625,24864.63671875,5063.14453125,6573.86279296875,5852.228515625,12807.28125,10930.81640625,30548.39453125,666.6858520507812,1355.17529296875,21272.291015625,573.0,18888.982421875,4069.8603515625,837.7300415039062,2220.096923828125
2016-03-11,525.5490112304688,29503.431640625,25131.576171875,5038.62548828125,6635.76416015625,5863.84130859375,12749.4658203125,10853.658203125,29998.1328125,666.6858520507812,1345.55126953125,21272.291015625,573.0,19007.765625,4069.8603515625,844.6533203125,2220.096923828125
2016-03-14,519.7095336914062,29472.701171875,25024.8046875,5020.236328125,6561.484375,5863.84130859375,12778.37109375,10802.2177734375,30497.44140625,663.8486938476562,1391.74951171875,20980.4296875,567.0,18725.62109375,4069.8603515625,837.7300415039062,2220.096923828125
2016-03-15,519.7095336914062,29472.701171875,25024.8046875,5020.236328125,6561.484375,5863.84130859375,12778.37109375,10802.2177734375,30497.44140625,663.8486938476562,1391.74951171875,20980.4296875,567.0,18725.62109375,4069.8603515625,837.7300415039062,2227.189453125
2016-03-16,500.2449035644531,28980.96875,24944.716796875,5020.236328125,6623.384765625,5805.7822265625,12792.8271484375,10725.05859375,31078.2265625,661.01171875,1412.924560546875,21047.783203125,575.0,18725.62109375,3886.94580078125,835.4220581054688,2227.189453125
2016-03-17,523.6026000976562,28965.60546875,24397.513671875,5014.10791015625,6672.90283203125,5805.7822265625,12937.376953125,10763.63671875,30568.736328125,661.01171875,1382.124755859375,21047.783203125,581.0,18636.533203125,3886.94580078125,844.6533203125,2227.189453125
2016-03-18,515.8167724609375,30302.47265625,25358.46484375,5161.22021484375,6982.41064453125,6038.01416015625,14223.8896484375,11316.61328125,30854.060546875,652.5006103515625,1362.87548828125,21541.705078125,589.0,18042.52734375,3886.94580078125,830.8065795898438,2227.189453125
2016-03-21,515.8167724609375,30302.47265625,25358.46484375,5161.22021484375,6982.41064453125,6038.01416015625,14223.8896484375,11316.61328125,29305.2421875,652.5006103515625,1351.325927734375,21541.705078125,589.0,18042.52734375,3886.94580078125,830.8065795898438,2227.189453125
2016-03-22,525.5490112304688,30363.94140625,25625.396484375,5271.55517578125,7242.39404296875,6212.1875,13732.4140625,11573.8046875,30568.736328125,661.01171875,1405.224365234375,21889.6953125,601.0,18339.53125,3886.94580078125,830.8065795898438,2227.189453125
2016-03-23,525.5490112304688,30363.94140625,25625.396484375,5271.55517578125,7242.39404296875,6212.1875,13732.4140625,11573.8046875,30568.736328125,661.01171875,1405.224365234375,21889.6953125,601.0,18339.53125,3886.94580078125,830.8065795898438,2227.189453125
2016-03-24,521.6560668945312,30702.001953125,26225.990234375,5332.85205078125,7230.01318359375,6212.1875,14050.4248046875,11856.7236328125,30568.736328125,658.174560546875,1405.224365234375,22001.94921875,600.0,18339.53125,3886.94580078125,876.962646484375,2227.189453125
2016-03-25,521.6560668945312,30702.001953125,26225.990234375,5332.85205078125,7230.01318359375,6212.1875,14050.4248046875,11856.7236328125,30568.736328125,658.174560546875,1405.224365234375,22001.94921875,600.0,18339.53125,3886.94580078125,876.962646484375,2227.189453125
2016-03-28,502.1913146972656,30194.9140625,26225.990234375,5332.85205078125,7230.01318359375,6212.1875,14050.4248046875,11856.7236328125,30558.564453125,658.174560546875,1401.37451171875,22001.94921875,600.0,18339.53125,3886.94580078125,876.962646484375,2227.189453125
2016-03-29,498.2983703613281,29964.408203125,25678.787109375,5314.46337890625,6945.26708984375,5968.34521484375,13978.150390625,11753.841796875,30497.44140625,646.8267822265625,1385.974853515625,21373.322265625,600.0,18562.271484375,4702.419921875,844.6533203125,2227.189453125
2016-03-30,498.2983703613281,29964.408203125,25678.787109375,5314.46337890625,6945.26708984375,5968.34521484375,13978.150390625,11753.841796875,30497.44140625,646.8267822265625,1385.974853515625,21373.322265625,600.0,18562.271484375,4702.419921875,844.6533203125,2227.189453125
2016-03-31,509.9772644042969,30194.9140625,25558.671875,5332.85205078125,7415.71337890625,6200.576171875,14079.3369140625,11843.861328125,30615.076171875,655.3379516601562,1474.5230712890625,21609.05859375,600.0,18666.228515625,4702.419921875,853.8845825195312,2260.29052734375
2016-04-01,509.9772644042969,30655.91015625,26159.255859375,5302.203125,7192.87060546875,6212.1875,14498.5341796875,12191.0751953125,31146.98046875,666.6766357421875,1497.62255859375,21822.34375,595.0,18933.517578125,4702.419921875,876.962646484375,2260.29052734375
2016-04-04,502.1913146972656,30589.64453125,25967.8515625,5265.42431640625,7180.490234375,6154.12890625,15105.65234375,12654.029296875,30942.38671875,669.526123046875,1501.472900390625,21833.568359375,600.0,18488.0234375,4702.419921875,870.0391235351562,2260.29052734375
2016-04-05,502.1913146972656,30589.64453125,25967.8515625,5265.42431640625,7180.490234375,6154.12890625,15105.65234375,12654.029296875,30942.38671875,669.526123046875,1501.472900390625,21833.568359375,600.0,18488.0234375,4702.419921875,870.0391235351562,2260.29052734375
2016-04-06,492.4589538574219,29772.884765625,25245.033203125,5161.22021484375,6994.787109375,5921.8974609375,14599.71875,12281.095703125,30942.38671875,658.1298828125,1501.472900390625,21519.25390625,591.0,18562.271484375,4702.419921875,860.807861328125,2260.29052734375
2016-04-07,492.4589538574219,30050.26953125,25298.5703125,5179.60986328125,7279.53369140625,6130.90576171875,14585.267578125,12216.7958984375,30942.38671875,658.1298828125,1516.872314453125,21609.05859375,600.0,18785.025390625,4702.419921875,856.1922607421875,2260.29052734375
2016-04-08,474.9406433105469,30034.859375,25432.431640625,5136.701171875,7230.01318359375,6177.3515625,14556.3603515625,12075.3369140625,30686.640625,660.9786376953125,1509.1727294921875,21811.11328125,600.0,18814.724609375,4702.419921875,856.1922607421875,2260.29052734375
2016-04-11,502.1913146972656,30420.125,25820.611328125,5179.60986328125,7310.8291015625,6281.11328125,14469.626953125,12216.7958984375,31443.591796875,660.9786376953125,1544.9161376953125,21878.474609375,598.0,19249.697265625,4318.83837890625,856.1922607421875,2260.29052734375
2016-04-12,502.1913146972656,30420.125,25820.611328125,5179.60986328125,7310.8291015625,6281.11328125,14469.626953125,12216.7958984375,31443.591796875,660.9786376953125,1544.9161376953125,21878.474609375,598.0,19249.697265625,4318.83837890625,856.1922607421875,2260.29052734375
2016-04-13,537.2279052734375,30697.505859375,26101.705078125,5265.42431640625,7310.8291015625,6316.138671875,14869.849609375,12508.033203125,31453.830078125,675.2241821289062,1536.9736328125,22159.109375,596.0,19428.208984375,4498.78955078125,851.5765380859375,2317.033203125
2016-04-14,545.013916015625,30774.57421875,26235.556640625,5296.07373046875,7174.06201171875,6257.76220703125,14463.640625,12262.78125,31709.537109375,675.2241821289062,1554.8455810546875,22125.4296875,597.0,19487.7265625,4640.857421875,853.8845825195312,2317.033203125
2016-04-15,537.2279052734375,30635.869140625,26101.705078125,5271.55517578125,7087.02783203125,6281.11328125,14652.232421875,12043.3408203125,31709.537109375,675.2241821289062,1588.6025390625,21811.11328125,597.0,19338.9609375,4711.890625,851.5765380859375,2346.7265625
2016-04-18,529.4419555664062,30235.203125,25646.59375,5357.37060546875,7149.1923828125,6316.138671875,14028.4267578125,11991.70703125,31914.13671875,675.2241821289062,1582.6453857421875,22114.208984375,596.0,19190.19921875,4711.890625,844.6533203125,2346.7265625
2016-04-19,529.4419555664062,30235.203125,25646.59375,5357.37060546875,7149.1923828125,6316.138671875,14028.4267578125,11991.70703125,31914.13671875,675.2241821289062,1582.6453857421875,22114.208984375,596.0,19190.19921875,4735.568359375,844.6533203125,2346.7265625
2016-04-20,537.2279052734375,30188.966796875,25767.05859375,5363.50048828125,7099.4609375,6257.76220703125,14217.0205078125,12159.513671875,32221.0,675.2241821289062,1604.4886474609375,22271.365234375,601.0,19100.935546875,4735.568359375,851.5765380859375,2346.7265625
2016-04-21,554.7462768554688,30435.52734375,26168.625,5394.1494140625,7087.02783203125,6234.4140625,14463.640625,12236.9638671875,32210.767578125,680.922119140625,1632.2890625,22271.365234375,603.0,19190.19921875,4735.568359375,853.8845825195312,2346.7265625
2016-04-22,556.6928100585938,30589.64453125,26088.318359375,5332.85205078125,7049.728515625,6234.4140625,14289.5546875,12107.8828125,32210.767578125,680.922119140625,1610.4456787109375,22260.13671875,603.0,19413.345703125,4735.568359375,867.7311401367188,2351.516357421875
2016-04-25,550.8531494140625,30111.908203125,25526.12109375,5308.3349609375,6987.5615234375,6129.34130859375,14057.439453125,11940.0732421875,32221.0,669.526123046875,1548.8876953125,22058.078125,598.0,19041.439453125,4735.568359375,867.7311401367188,2351.516357421875
2016-04-26,550.8531494140625,30111.908203125,25526.12109375,5308.3349609375,6987.5615234375,6129.34130859375,14057.439453125,11940.0732421875,32339.0625,672.3300170898438,1548.8876953125,22058.078125,598.0,19041.439453125,4503.5263671875,867.7311401367188,2394.61962890625
2016-04-27,562.5322265625,30219.787109375,25767.05859375,5424.7978515625,7074.59228515625,6082.638671875,14217.0205078125,11978.8017578125,31825.736328125,678.0517578125,1590.588623046875,21721.314453125,600.0,18967.044921875,4503.5263671875,860.807861328125,2394.61962890625
2016-04-28,568.37158203125,29973.212890625,25713.5234375,5424.7978515625,6999.9931640625,6105.98779296875,14028.4267578125,11733.5439453125,31825.736328125,675.1908569335938,1588.6025390625,21552.9296875,595.0,18967.044921875,4688.212890625,853.8845825195312,2394.61962890625
2016-04-29,560.5855712890625,30034.859375,25767.05859375,5424.7978515625,7149.1923828125,6141.01513671875,13984.9052734375,11810.994140625,32339.0625,672.3300170898438,1572.7169189453125,21766.212890625,600.0,18967.044921875,4688.212890625,853.8845825195312,2394.61962890625
2016-05-02,533.3349609375,30266.015625,25954.46484375,5296.07373046875,7124.32861328125,6222.73876953125,13810.822265625,11527.01171875,32328.78515625,675.1908569335938,1588.6025390625,21777.439453125,607.0,19190.19921875,4688.212890625,856.1922607421875,2394.61962890625
2016-05-03,533.3349609375,30266.015625,25954.46484375,5296.07373046875,7124.32861328125,6222.73876953125,13810.822265625,11527.01171875,32328.78515625,675.1908569335938,1588.6025390625,21777.439453125,607.0,19190.19921875,4688.212890625,856.1922607421875,2394.61962890625
2016-05-04,533.3349609375,29742.07421875,26088.318359375,5259.2958984375,6962.69287109375,6070.9638671875,13187.01171875,11023.5947265625,32061.845703125,675.1908569335938,1529.030517578125,21710.087890625,598.0,18773.66015625,4688.212890625,849.2689819335938,2394.61962890625
2016-05-05,543.0674438476562,29510.8984375,25365.5,5283.81396484375,6999.9931640625,5965.890625,13056.4462890625,10804.1552734375,31353.4765625,675.1908569335938,1509.1727294921875,21395.771484375,595.0,18595.142578125,4688.212890625,842.345458984375,2394.61962890625
2016-05-06,541.1209106445312,28432.17578125,24535.6015625,5155.0908203125,6738.89306640625,5989.24072265625,12722.7861328125,10584.712890625,31979.748046875,666.6080932617188,1483.3577880859375,21216.16796875,585.0,18520.7734375,4688.212890625,835.4220581054688,2394.61962890625
2016-05-09,543.0674438476562,28432.17578125,24294.662109375,5210.2578125,6825.9267578125,5989.24072265625,12476.1611328125,10571.80859375,31825.736328125,669.4685668945312,1519.10107421875,21059.009765625,585.0,18520.7734375,4688.212890625,835.4220581054688,2394.61962890625
2016-05-10,546.9602661132812,29896.17578125,25352.115234375,5332.85205078125,7037.294921875,6129.34130859375,13056.4462890625,10971.9609375,31918.1484375,680.912353515625,1558.81640625,21254.1171875,586.0,18792.611328125,4688.212890625,865.4232788085938,2394.61962890625
2016-05-11,546.9602661132812,29896.17578125,25352.115234375,5332.85205078125,7037.294921875,6129.34130859375,13056.4462890625,10971.9609375,31918.1484375,680.912353515625,1558.81640625,21254.1171875,586.0,18792.611328125,4688.212890625,865.4232788085938,2394.61962890625
2016-05-12,545.013916015625,29911.583984375,25673.3671875,5406.408203125,7236.22802734375,6269.43798828125,13128.982421875,11101.04296875,32339.0625,672.3300170898438,1554.8455810546875,21895.1171875,596.0,19299.3046875,4688.212890625,865.4232788085938,2394.61962890625
2016-05-13,552.7997436523438,30219.787109375,25994.6171875,5424.7978515625,7261.0966796875,6397.86279296875,13462.64453125,11423.74609375,33211.70703125,669.4685668945312,1578.6739501953125,21861.3828125,601.0,19567.552734375,4688.212890625,876.962646484375,2394.61962890625
2016-05-16,562.5322265625,30281.423828125,25967.8515625,5449.31640625,7410.29638671875,6572.98583984375,13651.23828125,11488.28515625,33263.02734375,672.3300170898438,1580.6600341796875,21625.224609375,601.0,19224.787109375,4688.212890625,874.6546630859375,2394.61962890625
2016-05-17,562.5322265625,30281.423828125,25967.8515625,5449.31640625,7410.29638671875,6572.98583984375,13651.23828125,11488.28515625,33263.02734375,672.3300170898438,1580.6600341796875,21625.224609375,601.0,19224.787109375,4688.212890625,874.6546630859375,2401.824951171875
2016-05-18,570.3180541992188,29742.07421875,25485.966796875,5375.76025390625,7310.8291015625,6386.18701171875,13549.69140625,11359.2080078125,31948.947265625,666.6080932617188,1556.8309326171875,21490.271484375,595.0,19209.876953125,4688.212890625,863.1157836914062,2401.824951171875
2016-05-19,546.9602661132812,29587.96484375,25432.431640625,5332.85205078125,7211.3603515625,6444.56396484375,13056.4462890625,10971.9609375,31589.615234375,669.4685668945312,1540.94482421875,21209.138671875,600.0,18658.4765625,4688.212890625,849.2689819335938,2401.824951171875
2016-05-20,550.8531494140625,29048.595703125,25137.943359375,5332.85205078125,7335.6962890625,6421.21240234375,12838.8369140625,10971.9609375,31825.736328125,663.7467041015625,1517.11572265625,21254.1171875,600.0,19209.876953125,4688.212890625,851.5765380859375,2401.824951171875
2016-05-23,543.0674438476562,29110.240234375,25044.25,5424.7978515625,7298.3955078125,6421.21240234375,13056.4462890625,11113.9482421875,31332.95703125,663.7467041015625,1548.8876953125,21265.365234375,608.0,18777.697265625,4688.212890625,865.4232788085938,2401.824951171875
2016-05-24,543.0674438476562,29110.240234375,25044.25,5424.7978515625,7298.3955078125,6421.21240234375,13056.4462890625,11113.9482421875,31332.95703125,663.7467041015625,1548.8876953125,21265.365234375,608.0,18777.697265625,4636.12158203125,865.4232788085938,2401.824951171875
2016-05-25,539.1744995117188,29048.595703125,24950.544921875,5473.83642578125,7372.99658203125,6421.21240234375,13056.4462890625,11101.04296875,30400.34765625,663.6896362304688,1536.9736328125,21647.71484375,608.0,18762.79296875,5086.0009765625,876.962646484375,2401.824951171875
2016-05-26,548.9069213867188,28663.33984375,24696.22265625,5455.447265625,7236.22802734375,6362.837890625,12838.8369140625,10933.2373046875,30400.34765625,669.4357299804688,1540.94482421875,21422.802734375,610.0,18718.087890625,5086.0009765625,874.6546630859375,2401.824951171875
2016-05-27,543.0674438476562,28401.359375,24455.28515625,5369.630859375,7049.728515625,6362.837890625,12722.7861328125,10907.4228515625,30348.8203125,672.3086547851562,1548.8876953125,21085.439453125,605.0,18643.56640625,5086.0009765625,870.0391235351562,2401.824951171875
2016-05-30,543.0674438476562,29048.595703125,24428.515625,5455.447265625,7087.02783203125,6362.837890625,12693.7685546875,10842.880859375,30328.19140625,660.816162109375,1546.902099609375,21501.521484375,598.0,18822.41015625,5086.0009765625,870.0391235351562,2401.824951171875
2016-05-31,521.6560668945312,28663.33984375,24321.435546875,5394.1494140625,7236.22802734375,6257.76220703125,12534.1875,10713.794921875,30348.8203125,652.19677734375,1529.030517578125,21872.626953125,593.0,19001.244140625,5086.0009765625,858.5000610351562,2401.824951171875
2016-06-01,521.6560668945312,28663.33984375,24321.435546875,5394.1494140625,7236.22802734375,6257.76220703125,12534.1875,10713.794921875,30348.8203125,652.19677734375,1529.030517578125,21872.626953125,593.0,19001.244140625,5086.0009765625,858.5000610351562,2401.824951171875
2016-06-02,529.4419555664062,28802.03125,24522.212890625,5430.92822265625,7310.8291015625,6316.138671875,12925.8818359375,10971.9609375,30142.708984375,663.6896362304688,1534.987548828125,21692.697265625,600.0,19254.591796875,5086.0009765625,842.345458984375,2401.824951171875
2016-06-03,535.2815551757812,29017.775390625,24883.615234375,5400.2802734375,7186.494140625,6304.4638671875,12998.4150390625,11101.04296875,30297.2890625,663.6896362304688,1529.030517578125,21546.50390625,599.0,19224.787109375,5086.0009765625,844.6533203125,2401.824951171875
2016-06-06,533.3349609375,29125.654296875,25017.4765625,5400.2802734375,7236.22802734375,6304.4638671875,12896.865234375,10971.9609375,30297.2890625,666.562744140625,1517.11572265625,21422.802734375,594.0,19209.876953125,5086.0009765625,840.0377807617188,2401.824951171875
2016-06-07,552.7997436523438,29356.810546875,25231.642578125,5449.31640625,7385.4296875,6467.91357421875,13128.982421875,11230.1240234375,30451.86328125,666.562744140625,1538.959228515625,21838.884765625,601.0,19135.365234375,4579.294921875,842.345458984375,2401.824951171875
2016-06-08,552.7997436523438,29356.810546875,25231.642578125,5449.31640625,7385.4296875,6467.91357421875,13128.982421875,11230.1240234375,30451.86328125,666.562744140625,1538.959228515625,21838.884765625,601.0,19135.365234375,4579.294921875,842.345458984375,2401.824951171875
2016-06-09,564.4785766601562,29973.212890625,25566.28125,5424.7978515625,7397.8623046875,6444.56396484375,13564.1982421875,11501.1982421875,30400.34765625,675.18212890625,1525.0584716796875,21493.6171875,597.0,19183.7421875,4579.294921875,840.0377807617188,2401.824951171875
2016-06-10,564.4785766601562,29911.583984375,25700.13671875,5430.92822265625,7273.53076171875,6421.21240234375,13491.6591796875,11604.458984375,30647.64453125,672.3086547851562,1558.81640625,21403.4921875,598.0,19138.951171875,4579.294921875,837.7300415039062,2353.787353515625
2016-06-13,545.013916015625,29849.947265625,25499.359375,5394.1494140625,7161.6279296875,6257.76220703125,13259.544921875,11243.03125,30647.64453125,672.3086547851562,1584.6312255859375,21628.794921875,601.0,18989.6640625,4579.294921875,835.4220581054688,2353.787353515625
2016-06-14,545.013916015625,29849.947265625,25499.359375,5394.1494140625,7161.6279296875,6257.76220703125,13259.544921875,11243.03125,30647.64453125,672.3086547851562,1584.6312255859375,21628.794921875,601.0,18989.6640625,4579.294921875,835.4220581054688,2353.787353515625
2016-06-15,543.0674438476562,29125.654296875,24897.0078125,5345.11279296875,7174.06201171875,6304.4638671875,13172.505859375,11307.57421875,30647.64453125,672.3086547851562,1558.81640625,21403.4921875,601.0,18616.439453125,4579.294921875,821.575439453125,2361.01513671875
2016-06-16,543.0674438476562,29048.595703125,24963.935546875,5320.59326171875,7174.06201171875,6257.76220703125,13099.96875,11294.6640625,30647.64453125,672.3086547851562,1550.87353515625,21516.146484375,597.0,18720.9453125,4579.294921875,823.883056640625,2409.200439453125
2016-06-17,543.0674438476562,29125.654296875,24803.306640625,5296.07373046875,7261.0966796875,6362.837890625,13128.982421875,11307.57421875,30637.365234375,678.0550537109375,1550.87353515625,21403.4921875,599.0,18735.873046875,4579.294921875,837.7300415039062,2409.200439453125
2016-06-20,552.7997436523438,29279.7578125,24722.99609375,5345.11279296875,7236.22802734375,6362.837890625,13201.5185546875,11346.296875,30400.34765625,672.3086547851562,1560.802734375,21516.146484375,600.0,18706.0078125,4579.294921875,837.7300415039062,2409.200439453125
2016-06-21,552.7997436523438,29279.7578125,24722.99609375,5345.11279296875,7236.22802734375,6362.837890625,13201.5185546875,11346.296875,30400.34765625,672.3086547851562,1560.802734375,21516.146484375,600.0,18706.0078125,4579.294921875,837.7300415039062,2409.200439453125
2016-06-22,554.7462768554688,29279.7578125,25097.794921875,5430.92822265625,7397.8623046875,6479.58642578125,13549.69140625,11565.73828125,30647.64453125,678.0550537109375,1562.7882080078125,21347.171875,600.0,18616.439453125,4579.294921875,835.4220581054688,2385.1083984375
2016-06-23,548.9069213867188,29387.626953125,25218.26171875,5437.0576171875,7435.16259765625,6479.58642578125,13622.228515625,11643.185546875,30606.439453125,678.0550537109375,1562.7882080078125,21347.171875,598.0,18735.873046875,4579.294921875,851.5765380859375,2385.1083984375
2016-06-24,548.9069213867188,29325.982421875,25097.794921875,5455.447265625,7435.16259765625,6526.2890625,13535.181640625,11746.453125,30338.501953125,675.18212890625,1562.7882080078125,21347.171875,597.0,18825.447265625,4579.294921875,849.2689819335938,2385.1083984375
2016-06-27,533.3349609375,29074.037109375,24838.662109375,5394.1494140625,7285.962890625,6362.837890625,13332.08203125,11307.57421875,30209.189453125,672.239013671875,1525.0584716796875,21290.84375,585.0,18646.30078125,4579.294921875,851.5765380859375,2385.1083984375
2016-06-28,533.3349609375,29074.037109375,24838.662109375,5394.1494140625,7317.17919921875,6392.1611328125,13332.08203125,11307.57421875,30209.189453125,672.239013671875,1525.0584716796875,21290.84375,585.0,18646.30078125,4579.294921875,887.3675537109375,2385.1083984375
2016-06-29,539.1744995117188,29197.697265625,24717.814453125,5388.01953125,7317.17919921875,6380.43212890625,13230.529296875,11346.296875,30312.630859375,669.3540649414062,1525.0584716796875,21403.4921875,587.0,18661.224609375,4579.294921875,865.7245483398438,2385.1083984375
2016-06-30,543.0674438476562,29414.080078125,25281.732421875,5400.2802734375,7367.12548828125,6403.88818359375,13346.5908203125,11346.296875,30260.900390625,675.1242065429688,1533.001708984375,21380.96484375,592.0,18706.0078125,4735.568359375,870.5341186523438,2385.1083984375
2016-07-01,543.0674438476562,29599.5625,25228.033203125,5479.96484375,7442.04541015625,6450.8037109375,13419.1240234375,11501.1982421875,30260.900390625,680.8944702148438,1529.030517578125,21493.6171875,587.0,18735.873046875,4735.568359375,858.5101928710938,2385.1083984375
2016-07-04,546.9602661132812,29321.345703125,24932.64453125,5467.70654296875,7404.58642578125,6450.8037109375,13419.1240234375,11385.0244140625,30105.734375,680.8944702148438,1533.001708984375,21279.578125,587.0,18735.873046875,4735.568359375,863.3197021484375,2385.1083984375
2016-07-05,533.3349609375,29429.546875,24919.2265625,5467.70654296875,7304.69384765625,6450.8037109375,13419.1240234375,11552.830078125,29991.92578125,672.239013671875,1517.11572265625,21223.2578125,587.0,18541.794921875,4735.568359375,858.5101928710938,2385.1083984375
2016-07-06,533.3349609375,29429.546875,24919.2265625,5467.70654296875,7304.69384765625,6450.8037109375,13471.0048828125,11598.998046875,29991.92578125,672.239013671875,1517.11572265625,21223.2578125,587.0,18541.794921875,4735.568359375,858.5101928710938,2385.1083984375
2016-07-07,533.3349609375,29754.1328125,25469.703125,5516.744140625,7379.61328125,6415.61865234375,13543.8232421875,11598.998046875,30074.6796875,675.1242065429688,1531.0157470703125,21313.375,584.0,18661.224609375,4735.568359375,858.5101928710938,2385.1083984375
2016-07-08,527.4954833984375,29398.62890625,25241.451171875,5406.408203125,7367.12548828125,6321.78759765625,13543.8232421875,11313.8818359375,30488.53515625,678.0095825195312,1529.030517578125,21189.462890625,596.0,18661.224609375,3977.877685546875,848.8909301757812,2365.8349609375
2016-07-11,533.3349609375,29522.2890625,25174.32421875,5486.0966796875,7404.58642578125,6427.3466796875,13645.7666015625,11534.197265625,30260.900390625,675.1242065429688,1533.001708984375,21407.82421875,589.0,18604.990234375,4238.333984375,865.7245483398438,2365.8349609375
2016-07-12,533.3349609375,29522.2890625,25174.32421875,5486.0966796875,7404.58642578125,6427.3466796875,13645.7666015625,11534.197265625,30260.900390625,675.1242065429688,1533.001708984375,21407.82421875,589.0,18604.990234375,4238.333984375,865.7245483398438,2365.8349609375
2016-07-13,541.1209106445312,29939.62109375,25509.984375,5578.04150390625,7417.07177734375,6439.07568359375,13689.4580078125,11663.7978515625,30457.48046875,675.1242065429688,1554.8455810546875,21723.8125,584.0,18904.115234375,4569.82421875,865.7245483398438,2365.8349609375
2016-07-14,543.0674438476562,30310.576171875,25845.634765625,5620.94873046875,7392.099609375,6462.53125,13733.14453125,11767.4765625,30509.212890625,680.8944702148438,1552.8594970703125,21678.66796875,590.0,18934.021484375,4569.82421875,865.7245483398438,2385.1083984375
2016-07-15,548.9069213867188,30434.23828125,25845.634765625,5639.33837890625,7467.0185546875,6462.53125,13893.337890625,11910.033203125,30260.900390625,678.0095825195312,1540.94482421875,21723.8125,595.0,19143.412109375,4569.82421875,865.7245483398438,2373.026123046875
2016-07-18,548.9069213867188,30758.818359375,26181.296875,5596.43017578125,7454.52978515625,6485.98974609375,14184.607421875,11987.791015625,30312.630859375,680.8944702148438,1542.9310302734375,21633.53125,600.0,19218.181640625,4735.568359375,868.12939453125,2373.026123046875
2016-07-19,548.9069213867188,30758.818359375,26181.296875,5686.11279296875,7454.52978515625,6485.98974609375,14184.607421875,11987.791015625,30312.630859375,680.8944702148438,1542.9310302734375,21633.53125,600.0,19218.181640625,4735.568359375,868.12939453125,2373.026123046875
2016-07-20,541.1209106445312,30897.931640625,26315.556640625,5723.4794921875,7479.5048828125,6485.98974609375,14199.1708984375,12026.6728515625,30519.556640625,675.1242065429688,1540.94482421875,21723.8125,596.0,19068.623046875,4735.568359375,868.12939453125,2373.026123046875
2016-07-21,531.3885498046875,30789.728515625,26181.296875,5667.42919921875,7304.69384765625,6392.1611328125,13864.2177734375,11767.4765625,30519.556640625,675.1242065429688,1540.94482421875,21430.3984375,595.0,19203.23046875,4735.568359375,863.3197021484375,2373.026123046875
2016-07-22,531.3885498046875,30789.728515625,26181.296875,5667.42919921875,7304.69384765625,6392.1611328125,13864.2177734375,11767.4765625,30519.556640625,675.1242065429688,1540.94482421875,21430.3984375,595.0,19203.23046875,4617.1796875,863.3197021484375,2373.026123046875
2016-07-25,519.7095336914062,30681.548828125,26181.296875,5679.88427734375,7354.64013671875,6439.07568359375,13762.2744140625,11741.55859375,30260.900390625,678.0095825195312,1546.902099609375,21441.6796875,595.0,19083.576171875,4569.82421875,875.3435668945312,2373.026123046875
2016-07-26,519.7095336914062,30681.548828125,26181.296875,5679.88427734375,7354.64013671875,6439.07568359375,13762.2744140625,11741.55859375,30380.35546875,680.8486938476562,1546.902099609375,21441.6796875,595.0,19083.576171875,4569.82421875,875.3435668945312,2373.026123046875
2016-07-27,521.6560668945312,29985.990234375,25509.984375,5667.42919921875,7279.71826171875,6368.703125,13762.2744140625,11689.720703125,30380.35546875,677.9514770507812,1517.11572265625,21441.6796875,596.0,19113.490234375,4569.82421875,882.5579833984375,2373.026123046875
2016-07-28,515.8167724609375,30186.92578125,25778.501953125,5686.11279296875,7242.2578125,6310.0576171875,13893.337890625,11728.5966796875,30390.751953125,683.7459106445312,1517.11572265625,21419.115234375,602.0,19128.44140625,4612.443359375,880.1533203125,2373.026123046875
2016-07-29,504.13787841796875,30125.09765625,25778.501953125,5698.568359375,7279.71826171875,6298.32861328125,13849.6494140625,11741.55859375,30380.35546875,683.7459106445312,1517.11572265625,21543.25,600.0,19083.576171875,4612.443359375,875.3435668945312,2174.870361328125
2016-08-01,486.61944580078125,29846.875,25402.57421875,5686.11279296875,7254.744140625,6298.32861328125,13558.388671875,11547.1591796875,30484.21484375,680.8486938476562,1509.1727294921875,21610.958984375,600.0,18799.423828125,4612.443359375,872.93896484375,2174.870361328125
2016-08-02,486.61944580078125,29846.875,25402.57421875,5686.11279296875,7254.744140625,6298.32861328125,13558.388671875,11547.1591796875,30484.21484375,680.8486938476562,1509.1727294921875,21610.958984375,600.0,18799.423828125,4631.38671875,872.93896484375,2174.870361328125
2016-08-03,469.10125732421875,29815.96875,25147.46484375,5704.79638671875,7292.2060546875,6321.78759765625,13602.078125,11598.998046875,30484.21484375,680.8486938476562,1513.144287109375,21667.384765625,603.0,18799.423828125,4631.38671875,875.3435668945312,2174.870361328125
2016-08-04,480.7801513671875,29367.716796875,25040.052734375,5667.42919921875,7204.798828125,6216.23046875,13471.0048828125,11922.994140625,30743.900390625,680.8486938476562,1515.1297607421875,21385.2578125,596.0,18814.365234375,4631.38671875,877.7483520507812,2174.870361328125
2016-08-05,482.72650146484375,29522.2890625,25174.32421875,5711.0234375,7267.2314453125,6239.6865234375,13616.6416015625,11469.3984375,30432.28125,686.64306640625,1509.1727294921875,21441.6796875,596.0,18919.064453125,4631.38671875,877.7483520507812,2174.870361328125
2016-08-08,490.51251220703125,29676.853515625,25469.703125,5823.1279296875,7254.744140625,6274.873046875,13689.4580078125,11508.28125,30432.28125,683.7459106445312,1509.1727294921875,21656.103515625,602.0,18889.142578125,4631.38671875,870.5341186523438,2174.870361328125
2016-08-09,490.51251220703125,29676.853515625,25469.703125,5823.1279296875,7254.744140625,6274.873046875,13689.4580078125,11508.28125,30432.28125,683.7459106445312,1509.1727294921875,21693.97265625,602.0,18922.7109375,4631.38671875,870.5341186523438,2174.870361328125
2016-08-10,482.72650146484375,29877.78515625,25644.23828125,5860.49609375,7342.15283203125,6345.24267578125,13762.2744140625,11728.5966796875,30255.728515625,689.5402221679688,1509.1727294921875,21705.27734375,602.0,19042.568359375,4631.38671875,875.3435668945312,2174.870361328125
2016-08-11,476.88726806640625,29800.50390625,25563.6875,5854.26611328125,7242.2578125,6321.78759765625,13762.2744140625,11715.634765625,30297.27734375,692.4378051757812,1521.0875244140625,21682.669921875,600.0,19117.4921875,4631.38671875,875.3435668945312,2174.870361328125
2016-08-12,478.8336486816406,29738.677734375,25630.814453125,5904.0908203125,7304.69384765625,6403.88818359375,13835.091796875,11767.4765625,30421.90625,692.4378051757812,1529.030517578125,21660.056640625,607.0,19147.451171875,4631.38671875,882.5579833984375,2174.870361328125
2016-08-15,474.9406433105469,29754.1328125,25322.01171875,5885.40625,7267.2314453125,6403.88818359375,13704.017578125,11715.634765625,30432.28125,692.4378051757812,1540.94482421875,21682.669921875,601.0,19147.451171875,4631.38671875,872.93896484375,2174.870361328125
2016-08-16,496.35186767578125,29846.875,25523.408203125,6041.10498046875,7417.07177734375,6450.8037109375,14009.84765625,11987.791015625,30899.669921875,695.3347778320312,1554.8455810546875,21705.27734375,602.0,19477.068359375,4640.857421875,887.3675537109375,2182.14453125
2016-08-17,496.35186767578125,29846.875,25523.408203125,6041.10498046875,7417.07177734375,6450.8037109375,14009.84765625,11987.791015625,30899.669921875,695.3347778320312,1554.8455810546875,21705.27734375,602.0,19477.068359375,4640.857421875,887.3675537109375,2182.14453125
2016-08-18,513.8702392578125,30032.35546875,25765.080078125,6022.4208984375,7367.12548828125,6439.07568359375,14082.666015625,12039.630859375,30972.380859375,712.7183227539062,1568.74560546875,21569.615234375,608.0,19387.16796875,4404.07861328125,894.5819702148438,2182.14453125
2016-08-19,517.7632446289062,29800.50390625,25429.42578125,6009.966796875,7267.2314453125,6403.88818359375,14199.1708984375,12026.6728515625,30899.669921875,715.6156005859375,1604.4886474609375,21479.177734375,610.0,19477.068359375,4404.07861328125,904.201171875,2182.14453125
2016-08-22,502.1913146972656,29908.70703125,25630.814453125,5991.28125,7354.64013671875,6345.24267578125,13995.283203125,11884.111328125,30640.03125,706.9238891601562,1588.6025390625,21580.92578125,604.0,19402.1484375,4404.07861328125,884.9627685546875,2182.14453125
2016-08-23,502.1913146972656,29908.70703125,25630.814453125,5991.28125,7354.64013671875,6345.24267578125,13995.283203125,11884.111328125,30640.03125,706.9238891601562,1588.6025390625,21580.92578125,604.0,19402.1484375,4404.07861328125,884.9627685546875,2182.14453125
2016-08-24,517.7632446289062,30032.35546875,25657.666015625,6041.10498046875,7354.64013671875,6380.43212890625,14111.7890625,11935.9541015625,31003.54296875,718.5127563476562,1606.474609375,21513.09375,611.0,19402.1484375,4262.01123046875,884.9627685546875,2182.14453125
2016-08-25,515.8167724609375,30202.37109375,25966.470703125,6103.38427734375,7354.64013671875,6474.2607421875,14271.9873046875,12156.26953125,31398.23046875,724.3070068359375,1608.46044921875,21603.533203125,612.0,19536.990234375,4262.01123046875,909.0108642578125,2182.14453125
2016-08-26,515.8167724609375,29908.70703125,25711.37890625,6140.75244140625,7417.07177734375,6485.98974609375,14344.8017578125,12156.26953125,31278.326171875,718.4317626953125,1614.41796875,21874.849609375,611.0,19551.97265625,4262.01123046875,909.0108642578125,2230.63720703125
2016-08-29,513.8702392578125,30032.35546875,25845.634765625,6153.20703125,7417.07177734375,6462.53125,14140.9189453125,12078.5087890625,31570.26953125,721.34033203125,1612.4320068359375,22078.3359375,615.0,19477.068359375,4262.01123046875,904.201171875,2230.63720703125
2016-08-30,513.8702392578125,30032.35546875,25845.634765625,6153.20703125,7417.07177734375,6462.53125,14140.9189453125,12078.5087890625,31570.26953125,721.34033203125,1612.4320068359375,22078.3359375,615.0,19477.068359375,4262.01123046875,904.201171875,2279.129150390625
2016-08-31,515.8167724609375,30279.65625,25885.908203125,6115.83984375,7317.17919921875,6521.17626953125,14199.1708984375,12208.107421875,31278.326171875,712.6142578125,1588.6025390625,21931.373046875,614.0,19596.916015625,4498.78955078125,899.3916015625,2279.129150390625
2016-09-01,513.8702392578125,29862.333984375,25644.23828125,6165.66357421875,7367.12548828125,6579.81787109375,14359.3662109375,12246.9853515625,31549.408203125,727.157470703125,1592.5743408203125,22021.814453125,600.0,19566.953125,4498.78955078125,889.7723999023438,2424.605712890625
2016-09-02,504.13787841796875,29846.875,25456.26953125,6140.75244140625,7429.55859375,6556.36181640625,14417.6171875,12298.828125,31799.626953125,730.0663452148438,1592.5743408203125,21479.177734375,610.0,19581.94921875,4498.78955078125,894.5819702148438,2424.605712890625
2016-09-05,523.6026000976562,30140.55078125,25711.37890625,6165.66357421875,7429.55859375,6579.81787109375,14708.880859375,12480.26171875,32529.46484375,735.8836059570312,1604.4886474609375,21818.326171875,606.0,19551.97265625,4498.78955078125,899.3916015625,2521.590576171875
2016-09-06,523.6026000976562,30140.55078125,25711.37890625,6165.66357421875,7429.55859375,6579.81787109375,14708.880859375,12480.26171875,32529.46484375,735.8836059570312,1604.4886474609375,21818.326171875,606.0,19551.97265625,4498.78955078125,899.3916015625,2521.590576171875
2016-09-07,521.6560668945312,30418.771484375,25966.470703125,6209.25927734375,7429.55859375,6509.4453125,14825.388671875,12570.9794921875,32612.861328125,735.8836059570312,1622.3609619140625,21829.630859375,606.0,19522.01171875,4498.78955078125,913.8203735351562,2521.590576171875
2016-09-08,531.3885498046875,30820.640625,26342.41015625,6352.50341796875,7491.99365234375,6579.81787109375,14912.76953125,12635.7802734375,33238.42578125,744.6094360351562,1628.318359375,21761.80078125,605.0,19522.01171875,4498.78955078125,918.6298828125,2521.590576171875
2016-09-09,545.013916015625,30666.076171875,26167.869140625,6364.9580078125,7516.96435546875,6556.36181640625,14898.208984375,12622.8173828125,33530.35546875,738.792236328125,1650.161376953125,21630.4296875,604.0,19480.587890625,4498.78955078125,918.6298828125,2521.590576171875
2016-09-12,519.7095336914062,30001.447265625,25671.08984375,6016.19384765625,7304.69384765625,6497.7177734375,14461.3095703125,12259.9453125,32435.6328125,727.157470703125,1628.318359375,21551.158203125,600.0,19000.322265625,4498.78955078125,909.0108642578125,2521.590576171875
2016-09-13,519.7095336914062,30001.447265625,25671.08984375,6016.19384765625,7304.69384765625,6497.7177734375,14461.3095703125,12259.9453125,32435.6328125,727.157470703125,1628.318359375,21551.158203125,600.0,19000.322265625,4498.78955078125,909.0108642578125,2570.08154296875
2016-09-14,506.0843200683594,29692.31640625,25254.876953125,6003.7373046875,7179.822265625,6333.515625,14184.607421875,11974.830078125,32477.333984375,721.34033203125,1596.5458984375,21505.861328125,600.0,18775.208984375,4427.7568359375,904.201171875,2570.08154296875
2016-09-15,496.35186767578125,29924.169921875,25630.814453125,6159.43603515625,7254.744140625,6392.1611328125,14475.8779296875,12246.9853515625,32842.23828125,724.248779296875,1614.41796875,21596.455078125,604.0,18925.2890625,4427.7568359375,899.3916015625,2771.89501953125
2016-09-16,492.4589538574219,30001.447265625,25617.388671875,6165.66357421875,7229.77001953125,6380.43212890625,14330.2392578125,12117.388671875,32842.23828125,718.4317626953125,1602.50341796875,21732.359375,600.0,18985.3203125,4451.43408203125,899.3916015625,2771.89501953125
2016-09-19,474.9406433105469,29831.431640625,25402.57421875,6215.48681640625,7204.798828125,6274.873046875,13951.5947265625,11922.994140625,32581.580078125,706.7969970703125,1634.274658203125,21800.306640625,594.0,19360.5234375,4451.43408203125,896.9866943359375,2674.635498046875
2016-09-20,474.9406433105469,29831.431640625,25402.57421875,6215.48681640625,7204.798828125,6274.873046875,13951.5947265625,11922.994140625,32581.580078125,706.7969970703125,1634.274658203125,21800.306640625,594.0,19360.5234375,4451.43408203125,896.9866943359375,2674.635498046875
2016-09-21,469.10125732421875,29522.2890625,25308.583984375,6252.85498046875,7179.822265625,6251.41357421875,13893.337890625,11598.998046875,32581.580078125,700.9796752929688,1604.4886474609375,21822.95703125,596.0,19330.515625,4451.43408203125,899.3916015625,2674.635498046875
2016-09-22,480.7801513671875,29367.716796875,25093.755859375,6184.34765625,7229.77001953125,6310.0576171875,13907.9052734375,11754.515625,32581.580078125,692.2539672851562,1604.4886474609375,21698.380859375,598.0,19195.435546875,4451.43408203125,899.3916015625,2674.635498046875
2016-09-23,484.6730651855469,29985.990234375,25509.984375,6252.85498046875,7304.69384765625,6392.1611328125,14199.1708984375,11987.791015625,32581.580078125,715.523193359375,1614.41796875,21743.681640625,599.0,19285.482421875,4451.43408203125,899.3916015625,2674.635498046875
2016-09-26,469.10125732421875,29908.70703125,25805.3515625,6140.75244140625,7317.17919921875,6286.60205078125,14213.7373046875,11922.994140625,32320.94140625,715.523193359375,1620.3751220703125,21619.107421875,584.0,19135.392578125,4228.86279296875,918.6298828125,2674.635498046875
2016-09-27,469.10125732421875,29997.068359375,25882.111328125,6140.75244140625,7317.17919921875,6286.60205078125,14213.7373046875,11922.994140625,32451.8125,715.523193359375,1620.3751220703125,21619.107421875,584.0,19135.392578125,4228.86279296875,918.6298828125,2674.635498046875
2016-09-28,455.4758605957031,29749.021484375,25639.7265625,6041.10498046875,7304.69384765625,6356.9736328125,13878.7802734375,12039.630859375,32975.203125,709.7059326171875,1600.5174560546875,21573.80859375,590.0,18985.3203125,4441.96337890625,916.2249755859375,2674.635498046875
2016-09-29,478.8336486816406,29780.0390625,25639.7265625,6184.34765625,7298.421875,6398.21435546875,13864.2177734375,11884.111328125,32964.734375,730.0663452148438,1600.5174560546875,21732.359375,594.0,19240.458984375,4441.96337890625,921.0347290039062,2674.635498046875
2016-09-30,484.6730651855469,29578.494140625,25276.13671875,6028.6494140625,7285.88037109375,6374.64892578125,13937.033203125,11754.515625,32975.203125,727.0874633789062,1592.5743408203125,21426.5859375,588.0,19105.38671875,4276.21875,889.7723999023438,2771.89501953125
2016-10-03,492.4589538574219,29175.427734375,24979.87109375,6009.966796875,7173.0205078125,6292.16650390625,13427.3193359375,11404.60546875,32912.40625,721.1658325195312,1580.6600341796875,21607.78125,583.0,19075.3671875,4356.72412109375,875.3435668945312,2674.635498046875
2016-10-04,492.4589538574219,29175.427734375,24979.87109375,6009.966796875,7173.0205078125,6292.16650390625,13427.3193359375,11404.60546875,32912.40625,721.1658325195312,1580.6600341796875,22070.251953125,583.0,19075.3671875,4356.72412109375,875.3435668945312,2674.635498046875
2016-10-05,496.35186767578125,29469.982421875,25356.93359375,6066.01708984375,7185.56005859375,6315.73486328125,13310.810546875,11339.802734375,32922.87890625,724.0975952148438,1586.61669921875,21873.611328125,597.0,19135.392578125,4356.72412109375,877.7483520507812,2674.635498046875
2016-10-06,509.9772644042969,29764.53125,25464.658203125,6016.19384765625,7248.26025390625,6303.95068359375,13611.4423828125,11451.228515625,32901.9296875,724.0975952148438,1586.61669921875,21885.1796875,588.0,19300.49609375,4356.72412109375,877.7483520507812,2674.635498046875
2016-10-07,515.8167724609375,29687.009765625,25464.658203125,6053.560546875,7273.3408203125,6362.86376953125,13743.0244140625,11711.4814453125,32881.00390625,721.1658325195312,1588.6025390625,21862.046875,594.0,19195.435546875,4356.72412109375,877.7483520507812,2674.635498046875
2016-10-10,521.6560668945312,29749.021484375,25451.193359375,6066.01708984375,7298.421875,6362.86376953125,14020.810546875,11828.5947265625,32776.31640625,721.1658325195312,1588.6025390625,21885.1796875,598.0,19060.357421875,4356.72412109375,882.5579833984375,2674.635498046875
2016-10-11,521.6560668945312,29749.021484375,25451.193359375,6066.01708984375,7298.421875,6362.86376953125,14020.810546875,11828.5947265625,32776.31640625,721.1658325195312,1588.6025390625,21885.1796875,598.0,19094.0390625,4356.72412109375,882.5579833984375,2577.376708984375
2016-10-12,515.8167724609375,29842.0390625,25855.1796875,6134.52392578125,7398.74462890625,6421.7802734375,14181.6240234375,11958.720703125,32765.833984375,718.2346801757812,1592.5743408203125,21896.74609375,598.0,19169.2109375,4356.72412109375,884.9627685546875,2577.376708984375
2016-10-13,511.923828125,29997.068359375,25707.0546875,6128.2958984375,7386.20556640625,6409.99951171875,14108.52734375,11867.630859375,32661.171875,715.3033447265625,1606.474609375,21946.544921875,591.0,18898.58984375,4333.0458984375,887.3675537109375,2577.376708984375
2016-10-14,515.8167724609375,29873.048828125,25316.533203125,6115.83984375,7436.3662109375,6480.6953125,13991.5693359375,11932.693359375,32043.525390625,709.4393310546875,1612.4320068359375,21900.220703125,591.0,19154.1796875,4333.0458984375,889.7723999023438,2607.8837890625
2016-10-17,511.923828125,29516.4921875,25128.0078125,6165.66357421875,7386.20556640625,6480.6953125,13640.6806640625,11568.33984375,32085.408203125,712.3709716796875,1612.4320068359375,21749.66015625,590.0,19063.96484375,4333.0458984375,887.3675537109375,2607.8837890625
2016-10-18,523.6026000976562,29671.50390625,25343.4609375,6184.34765625,7448.9052734375,6480.6953125,13889.228515625,11672.443359375,32033.052734375,727.0294189453125,1584.6312255859375,21657.013671875,590.0,19018.865234375,4309.3671875,887.3675537109375,2607.8837890625
2016-10-19,523.6026000976562,29671.50390625,25343.4609375,6184.34765625,7448.9052734375,6480.6953125,13889.228515625,11672.443359375,32033.052734375,727.0294189453125,1584.6312255859375,21657.013671875,590.0,19018.865234375,4309.3671875,887.3675537109375,2607.8837890625
2016-10-20,533.3349609375,29687.009765625,25343.4609375,6184.34765625,7448.9052734375,6480.6953125,13947.7021484375,11854.619140625,32033.052734375,732.8921508789062,1600.5174560546875,21703.337890625,591.0,19048.9375,4451.43408203125,894.5819702148438,2607.8837890625
2016-10-21,521.6560668945312,29687.009765625,25289.59765625,6184.34765625,7411.28564453125,6421.7802734375,13786.8818359375,11659.427734375,32095.841796875,729.960205078125,1604.4886474609375,21668.59375,591.0,19048.9375,4451.43408203125,896.9866943359375,2607.8837890625
2016-10-24,521.6560668945312,29749.021484375,25451.193359375,6165.66357421875,7336.04443359375,6457.13037109375,13743.0244140625,11568.33984375,31991.1953125,724.0975952148438,1600.5174560546875,21703.337890625,593.0,18928.654296875,4498.78955078125,892.1771850585938,2607.8837890625
2016-10-25,521.6560668945312,29749.021484375,25451.193359375,6165.66357421875,7336.04443359375,6457.13037109375,13743.0244140625,11568.33984375,31991.1953125,724.0975952148438,1600.5174560546875,21703.337890625,593.0,18928.654296875,4498.78955078125,892.1771850585938,2607.8837890625
2016-10-26,517.7632446289062,29562.998046875,25451.193359375,6203.03076171875,7361.12353515625,6457.13037109375,13728.4052734375,11464.236328125,32532.51953125,724.0385131835938,1612.4320068359375,21587.525390625,586.0,19018.865234375,4498.78955078125,899.3916015625,2607.8837890625
2016-10-27,519.7095336914062,29454.48046875,25128.0078125,6209.25927734375,7411.28564453125,6468.9130859375,13728.4052734375,11516.287109375,32627.119140625,718.15234375,1608.46044921875,21587.525390625,590.0,18988.7890625,4546.146484375,899.3916015625,2607.8837890625
2016-10-28,521.6560668945312,29609.5078125,25208.806640625,6227.943359375,7423.82568359375,6433.56298828125,13874.6044921875,11672.443359375,31870.30859375,715.2088623046875,1616.403564453125,21610.68359375,583.0,19063.96484375,4588.765625,899.3916015625,2607.8837890625
2016-10-31,509.9772644042969,30059.078125,25585.86328125,6221.71728515625,7461.4453125,6457.13037109375,14254.7314453125,11971.734375,32627.119140625,729.9253540039062,1610.4456787109375,21587.525390625,589.0,18928.654296875,4588.765625,913.8203735351562,2607.8837890625
2016-11-01,509.9772644042969,30059.078125,25585.86328125,6221.71728515625,7461.4453125,6457.13037109375,14254.7314453125,11971.734375,32627.119140625,729.9253540039062,1610.4456787109375,21587.525390625,589.0,18928.654296875,4584.0302734375,913.8203735351562,2607.8837890625
2016-11-02,517.7632446289062,29919.564453125,25370.400390625,6265.31201171875,7373.6640625,6433.56298828125,14181.6240234375,11893.6572265625,32059.50390625,729.9253540039062,1614.41796875,21680.17578125,592.0,18793.349609375,4584.0302734375,911.4155883789062,2607.8837890625
2016-11-03,509.9772644042969,29749.021484375,25464.658203125,6327.59033203125,7373.6640625,6421.7802734375,14181.6240234375,11854.619140625,32059.50390625,726.9822387695312,1614.41796875,21807.568359375,591.0,18883.556640625,4584.0302734375,904.201171875,2607.8837890625
2016-11-04,506.0843200683594,29454.48046875,24993.34765625,6352.50341796875,7298.421875,6421.7802734375,13830.7421875,11659.427734375,31554.9765625,724.0385131835938,1594.56005859375,21668.59375,592.0,18507.6796875,4584.0302734375,889.7723999023438,2607.8837890625
2016-11-07,506.0843200683594,29299.458984375,24885.611328125,6290.22265625,7198.09912109375,6421.7802734375,13816.1259765625,11529.2998046875,31586.501953125,718.15234375,1592.5743408203125,21506.455078125,587.0,18432.515625,4584.0302734375,880.1533203125,2607.8837890625
2016-11-08,509.9772644042969,29454.48046875,25060.67578125,6327.59033203125,7235.720703125,6362.86376953125,13962.326171875,11776.54296875,31954.40625,715.2088623046875,1608.46044921875,21610.68359375,591.0,18451.1953125,4584.0302734375,894.5819702148438,2607.8837890625
2016-11-09,509.9772644042969,29454.48046875,25060.67578125,6327.59033203125,7235.720703125,6362.86376953125,13962.326171875,11776.54296875,31954.40625,715.2088623046875,1608.46044921875,21610.68359375,591.0,18451.1953125,4347.251953125,894.5819702148438,2509.4716796875
2016-11-10,515.8167724609375,29562.998046875,25128.0078125,6377.41455078125,7273.3408203125,6386.43212890625,14020.810546875,11776.54296875,31533.935546875,718.15234375,1608.46044921875,21668.59375,587.0,18330.689453125,4347.251953125,892.1771850585938,2509.4716796875
2016-11-11,498.2983703613281,28679.359375,24320.033203125,6190.576171875,6959.8369140625,6268.6005859375,13684.5419921875,11581.3515625,31533.935546875,706.3792724609375,1546.902099609375,21205.34375,579.0,18074.640625,4356.72412109375,882.5579833984375,2460.267333984375
2016-11-14,494.4053649902344,27873.24609375,23646.720703125,6103.38427734375,6947.2958984375,6186.1201171875,13304.4150390625,11269.0458984375,32059.50390625,688.7196044921875,1558.81640625,20869.484375,583.0,17848.697265625,4356.72412109375,877.7483520507812,2460.267333984375
2016-11-15,504.13787841796875,27516.6875,23377.39453125,6066.01708984375,6922.2138671875,6174.3369140625,13348.27734375,11256.0341796875,31491.90234375,682.8328857421875,1558.81640625,20757.001953125,577.0,17773.3984375,4262.01123046875,882.5579833984375,2468.166015625
2016-11-16,496.35186767578125,27516.6875,23350.462890625,6115.83984375,6947.2958984375,6174.3369140625,13728.4052734375,11451.228515625,31334.21875,685.7767333984375,1586.61669921875,20814.982421875,575.0,17924.009765625,4262.01123046875,880.1533203125,2468.166015625
2016-11-17,498.2983703613281,28043.763671875,23700.5859375,6196.80322265625,6947.2958984375,6209.6845703125,13699.162109375,11516.287109375,31533.935546875,685.7767333984375,1604.4886474609375,20803.388671875,579.0,17924.009765625,4262.01123046875,882.5579833984375,2468.166015625
2016-11-18,498.2983703613281,28229.791015625,23902.578125,6184.34765625,6897.13525390625,6186.1201171875,13743.0244140625,11477.251953125,31544.447265625,682.8328857421875,1576.688232421875,20896.154296875,579.0,18074.640625,4262.01123046875,887.3675537109375,2468.166015625
2016-11-21,511.923828125,28462.3359375,24279.630859375,6196.80322265625,6959.8369140625,6280.38427734375,13889.228515625,11633.404296875,31575.994140625,682.8328857421875,1608.46044921875,20803.388671875,580.0,17924.009765625,4262.01123046875,889.7723999023438,2468.166015625
2016-11-22,511.923828125,28446.826171875,24225.763671875,6196.80322265625,6972.376953125,6186.1201171875,13889.228515625,11412.185546875,31796.73046875,685.7767333984375,1608.46044921875,20583.060546875,578.0,17908.947265625,4299.89599609375,889.7723999023438,2468.166015625
2016-11-23,506.0843200683594,28648.36328125,24293.099609375,6221.71728515625,6959.8369140625,6256.818359375,13699.162109375,11607.3759765625,31134.515625,679.8901977539062,1588.6025390625,20571.466796875,577.0,17908.947265625,4588.765625,887.3675537109375,2571.827880859375
2016-11-24,506.0843200683594,28477.8359375,24171.896484375,6190.576171875,7022.53515625,6233.2509765625,13816.1259765625,11607.3759765625,31523.43359375,682.8328857421875,1596.5458984375,20559.87109375,578.0,17924.009765625,4498.78955078125,887.3675537109375,2571.827880859375
2016-11-25,502.1913146972656,28276.306640625,23916.048828125,6190.576171875,6922.2138671875,6138.98681640625,13406.755859375,11503.2734375,31254.26953125,682.7742309570312,1576.688232421875,20455.50390625,577.0,17637.841796875,4588.765625,875.3435668945312,2571.827880859375
2016-11-28,500.2449035644531,28214.294921875,23767.91796875,6196.80322265625,6922.2138671875,6115.42138671875,13523.716796875,11256.0341796875,31201.486328125,679.818359375,1564.773681640625,20351.138671875,570.0,17547.462890625,4640.857421875,875.3435668945312,2571.827880859375
2016-11-29,482.72650146484375,27361.66796875,23094.603515625,6165.66357421875,6784.271484375,6103.63818359375,13304.4150390625,11256.0341796875,31402.046875,679.818359375,1554.8455810546875,20119.216796875,565.0,17185.96484375,4688.212890625,877.7483520507812,2571.827880859375
2016-11-30,513.8702392578125,27516.6875,23135.0,6165.66357421875,6859.515625,6127.20263671875,13172.8330078125,11256.0341796875,32520.896484375,688.6857299804688,1548.8876953125,20420.716796875,560.0,17216.09765625,4735.568359375,868.12939453125,2571.827880859375
2016-12-01,515.8167724609375,27826.734375,23633.25390625,6227.943359375,6984.91357421875,6127.20263671875,13377.515625,11373.1513671875,32520.896484375,694.59716796875,1558.81640625,20432.3125,599.0,17336.59375,4735.568359375,868.12939453125,2566.892333984375
2016-12-02,513.8702392578125,28136.783203125,23875.6484375,6290.22265625,7035.0751953125,6150.76953125,13406.755859375,11425.2021484375,32710.919921875,703.4642333984375,1576.688232421875,20617.849609375,598.0,17562.517578125,4735.568359375,868.12939453125,2566.892333984375
2016-12-05,511.923828125,28400.322265625,24104.5703125,6327.59033203125,7122.857421875,6268.6005859375,13552.958984375,11451.228515625,32700.3515625,721.1986694335938,1568.74560546875,20919.34765625,600.0,17457.0859375,4811.337890625,872.93896484375,2566.892333984375
2016-12-06,511.923828125,28198.7890625,23969.908203125,6352.50341796875,7185.56005859375,6197.9013671875,13567.5791015625,11490.2646484375,32257.017578125,718.2424926757812,1562.7882080078125,20896.154296875,594.0,17577.578125,4782.92431640625,875.3435668945312,2566.892333984375
2016-12-07,508.03082275390625,27656.2109375,23687.1171875,6389.869140625,7160.47900390625,6174.3369140625,13333.6533203125,11412.185546875,32689.787109375,724.154541015625,1564.773681640625,21162.865234375,606.0,17698.08984375,4735.568359375,877.7483520507812,2566.892333984375
2016-12-08,508.03082275390625,27656.2109375,23687.1171875,6389.869140625,7160.47900390625,6174.3369140625,13333.6533203125,11412.185546875,32689.787109375,724.154541015625,1564.773681640625,21162.865234375,606.0,17698.08984375,4735.568359375,877.7483520507812,2566.892333984375
2016-12-09,513.8702392578125,28415.828125,24171.896484375,6430.29638671875,7260.79931640625,6303.95068359375,13509.095703125,11412.185546875,32679.21875,712.33154296875,1572.7169189453125,21394.78515625,603.0,17958.2421875,4735.568359375,875.3435668945312,2566.892333984375
2016-12-12,523.6026000976562,28136.783203125,24091.111328125,6354.49658203125,7122.857421875,6268.6005859375,13450.6201171875,11386.1611328125,32605.345703125,709.375732421875,1574.702392578125,21510.748046875,600.0,18184.623046875,4735.568359375,870.5341186523438,2566.892333984375
2016-12-13,525.5490112304688,28679.359375,24225.763671875,6354.49658203125,7361.12353515625,6233.2509765625,13786.8818359375,11451.228515625,32320.365234375,715.2872924804688,1588.6025390625,21452.76953125,598.0,18350.615234375,4735.568359375,872.93896484375,2566.892333984375
2016-12-14,521.6560668945312,28679.359375,24400.828125,6297.64697265625,7198.09912109375,6209.6845703125,13669.9228515625,11425.2021484375,31665.9296875,706.4199829101562,1578.6739501953125,21258.875,598.0,18395.88671875,4735.568359375,865.7245483398438,2566.892333984375
2016-12-15,525.5490112304688,29051.419921875,24818.27734375,6291.33251953125,7160.47900390625,6268.6005859375,13669.9228515625,11425.2021484375,31613.158203125,709.375732421875,1586.61669921875,21409.810546875,592.0,18395.88671875,4735.568359375,865.7245483398438,2574.814453125
2016-12-16,537.2279052734375,28989.416015625,24616.287109375,6303.9638671875,7122.857421875,6256.818359375,13494.478515625,11451.228515625,32140.919921875,712.33154296875,1588.6025390625,21363.365234375,592.0,18471.337890625,5057.58740234375,880.1533203125,2574.814453125
2016-12-19,539.1744995117188,29454.48046875,24912.54296875,6297.64697265625,7110.31884765625,6292.16650390625,13640.6806640625,11399.17578125,32130.3515625,715.2872924804688,1586.61669921875,21433.033203125,589.0,18607.16796875,5057.58740234375,860.9149780273438,2574.814453125
2016-12-20,539.1744995117188,29780.0390625,25316.533203125,6303.9638671875,7260.79931640625,6362.86376953125,13626.0595703125,11490.2646484375,32352.0234375,715.2872924804688,1604.4886474609375,21456.25,593.0,18803.353515625,5057.58740234375,865.7245483398438,2574.814453125
2016-12-21,537.2279052734375,29640.515625,25060.67578125,6253.431640625,7373.6640625,6362.86376953125,13743.0244140625,11594.3623046875,32193.69140625,694.59716796875,1602.50341796875,21479.47265625,590.0,18788.244140625,5067.05810546875,865.7245483398438,2574.814453125
2016-12-22,527.4954833984375,29175.427734375,24656.685546875,6221.84912109375,7348.58349609375,6351.0830078125,13816.1259765625,11581.3515625,32679.21875,700.5084228515625,1598.5318603515625,21258.875,589.0,18848.615234375,5256.48095703125,858.5101928710938,2574.814453125
2016-12-23,519.7095336914062,28291.814453125,23969.908203125,6202.8984375,7373.6640625,6386.43212890625,13816.1259765625,11581.3515625,32246.4765625,697.5530395507812,1578.6739501953125,21142.767578125,587.0,18833.521484375,5351.1923828125,858.5101928710938,2574.814453125
2016-12-26,527.4954833984375,28878.0703125,24452.19921875,6215.53271484375,7361.12353515625,6457.13037109375,13962.326171875,11633.404296875,32845.296875,706.3974609375,1600.5174560546875,21491.08203125,600.0,18833.521484375,5303.83740234375,870.5341186523438,2574.814453125
2016-12-27,531.3885498046875,29157.994140625,24587.291015625,6259.7490234375,7336.04443359375,6480.6953125,13743.0244140625,11620.388671875,32845.296875,706.3974609375,1598.5318603515625,21270.48046875,597.0,18803.353515625,5303.83740234375,860.9149780273438,2574.814453125
2016-12-28,537.2279052734375,29624.5234375,24789.931640625,6303.9638671875,7423.82568359375,6468.9130859375,14254.7314453125,11802.5703125,31955.0,715.3018188476562,1582.6453857421875,21537.525390625,596.0,18788.244140625,5303.83740234375,870.5341186523438,2574.814453125
2016-12-29,537.2279052734375,29702.275390625,24992.578125,6303.9638671875,7436.3662109375,6468.9130859375,14093.9091796875,11802.5703125,31902.013671875,721.2377319335938,1598.5318603515625,21525.9140625,600.0,18788.244140625,5351.1923828125,870.5341186523438,2574.814453125
2016-12-30,537.2279052734375,29702.275390625,24992.578125,6303.9638671875,7436.3662109375,6468.9130859375,14093.9091796875,11802.5703125,31902.013671875,721.2377319335938,1598.5318603515625,21525.9140625,600.0,18788.244140625,5351.1923828125,870.5341186523438,2574.814453125
2017-01-02,529.4419555664062,29531.22265625,25127.669921875,6272.38037109375,7461.4453125,6339.2978515625,13889.228515625,11477.251953125,31902.013671875,721.2377319335938,1592.5743408203125,21316.92578125,600.0,18788.244140625,5142.82763671875,870.5341186523438,2574.814453125
2017-01-03,537.2279052734375,29546.767578125,24789.931640625,6291.33251953125,7480.33544921875,6392.56884765625,13976.9443359375,11711.4814453125,31976.203125,724.2060546875,1592.5743408203125,21293.703125,594.0,18742.984375,5142.82763671875,870.5341186523438,2574.814453125
2017-01-04,545.013916015625,30168.806640625,25465.4140625,6367.130859375,7492.92919921875,6463.59765625,14454.796875,12084.6337890625,32686.3125,733.1101684570312,1596.5458984375,21525.9140625,598.0,18848.615234375,5142.82763671875,872.93896484375,2574.814453125
2017-01-05,550.8531494140625,30013.298828125,25411.375,6405.029296875,7543.30029296875,6570.1416015625,14440.1220703125,12189.150390625,33385.8203125,730.1419067382812,1614.41796875,21688.462890625,605.0,18908.986328125,5142.82763671875,887.3675537109375,2574.814453125
2017-01-06,543.0674438476562,29935.537109375,25262.775390625,6430.29638671875,7543.30029296875,6581.97998046875,14484.146484375,12215.279296875,33385.8203125,721.2377319335938,1612.4320068359375,21700.072265625,603.0,18833.521484375,5142.82763671875,889.7723999023438,2574.814453125
2017-01-09,543.0674438476562,29935.537109375,25262.775390625,6430.29638671875,7543.30029296875,6581.97998046875,14484.146484375,12215.279296875,33385.8203125,721.2377319335938,1612.4320068359375,21700.072265625,603.0,18833.521484375,5142.82763671875,889.7723999023438,2574.814453125
2017-01-10,541.1209106445312,29702.275390625,25330.314453125,6405.029296875,7442.5576171875,6499.11328125,14440.1220703125,12189.150390625,33375.234375,715.3018188476562,1628.318359375,21746.513671875,607.0,18791.8046875,5303.83740234375,882.5579833984375,2574.814453125
2017-01-11,548.9069213867188,29780.025390625,25505.939453125,6392.396484375,7543.30029296875,6499.11328125,14322.728515625,12189.150390625,33354.015625,715.3018188476562,1642.21826171875,21595.576171875,614.0,18791.8046875,5303.83740234375,884.9627685546875,2574.814453125
2017-01-12,545.013916015625,29702.275390625,25451.904296875,6379.76416015625,7417.37158203125,6499.11328125,14308.044921875,12071.5703125,32622.73828125,724.2060546875,1677.9617919921875,21618.794921875,631.0,18716.212890625,5303.83740234375,880.1533203125,2703.554931640625
2017-01-13,546.9602661132812,29919.986328125,25438.390625,6392.396484375,7429.96240234375,6451.7607421875,14381.42578125,12136.892578125,32855.890625,718.2698364257812,1677.9617919921875,21595.576171875,633.0,18610.376953125,5351.1923828125,887.3675537109375,2530.25048828125
2017-01-16,545.013916015625,29437.9140625,25208.734375,6354.49658203125,7442.5576171875,6368.89306640625,14175.97265625,12084.6337890625,32325.9609375,721.2377319335938,1681.9329833984375,21389.81640625,629.0,18459.197265625,5351.1923828125,887.3675537109375,2530.25048828125
2017-01-17,545.013916015625,29577.87109375,25451.904296875,6367.130859375,7366.998046875,6404.40869140625,14278.703125,12176.0859375,33067.859375,715.3018188476562,1673.989990234375,21378.19140625,639.0,18413.85546875,5351.1923828125,887.3675537109375,2538.19775390625
2017-01-18,541.1209106445312,29842.224609375,25276.28515625,6417.6630859375,7366.998046875,6416.2470703125,14308.044921875,12149.95703125,33067.859375,718.2698364257812,1662.0755615234375,21192.193359375,638.0,18308.021484375,5351.1923828125,882.5579833984375,2538.19775390625
2017-01-19,543.0674438476562,29935.537109375,25451.904296875,6405.029296875,7492.92919921875,6499.11328125,14264.0244140625,12071.5703125,32813.4765625,712.3335571289062,1666.04736328125,20808.5703125,637.0,18338.2578125,5351.1923828125,882.5579833984375,2538.19775390625
2017-01-20,539.1744995117188,29748.9296875,25384.36328125,6405.029296875,7366.998046875,6487.2763671875,14293.375,12019.310546875,32792.3125,703.4291381835938,1677.9617919921875,20645.82421875,636.0,18141.724609375,5351.1923828125,882.5579833984375,2538.19775390625
2017-01-23,545.013916015625,29857.78125,25492.43359375,6405.029296875,7354.40478515625,6439.92431640625,14205.326171875,12019.310546875,32580.326171875,712.3335571289062,1672.00439453125,20587.701171875,642.0,18277.78125,5351.1923828125,882.5579833984375,2538.19775390625
2017-01-24,545.013916015625,30199.900390625,25762.623046875,6442.9306640625,7455.15087890625,6463.59765625,14513.4990234375,12189.150390625,32749.908203125,718.2698364257812,1685.90478515625,21006.1953125,645.0,18292.90625,5351.1923828125,882.5579833984375,2538.19775390625
2017-01-25,539.1744995117188,30231.009765625,25695.07421875,6480.828125,7379.5908203125,6345.22021484375,14381.42578125,12136.892578125,32739.3203125,718.2698364257812,1685.90478515625,21145.693359375,655.0,18444.08203125,5351.1923828125,884.9627685546875,2538.19775390625
2017-01-26,541.1209106445312,30184.353515625,25870.697265625,6569.26123046875,7492.92919921875,6475.4365234375,14440.1220703125,12202.2138671875,32297.67578125,724.1704711914062,1679.9476318359375,20820.1953125,643.0,18338.2578125,5351.1923828125,884.9627685546875,2538.19775390625
2017-01-27,541.1209106445312,30402.06640625,25938.244140625,6645.06103515625,7530.7080078125,6487.2763671875,14381.42578125,12215.279296875,32797.8203125,724.1704711914062,1701.791015625,20343.57421875,641.0,18595.263671875,5351.1923828125,880.1533203125,2538.19775390625
2017-01-30,533.3349609375,30557.578125,25938.244140625,6632.42724609375,7429.96240234375,6475.4365234375,14249.3515625,12149.95703125,32457.30078125,727.1505126953125,1679.9476318359375,20227.326171875,646.0,18398.7265625,5142.82763671875,875.3435668945312,2538.19775390625
2017-01-31,535.2815551757812,30324.310546875,25681.55859375,6670.326171875,7341.81005859375,6392.56884765625,14205.326171875,12306.73046875,31850.734375,712.2498779296875,1687.89013671875,20029.703125,638.0,18187.078125,5341.7216796875,865.7245483398438,2582.90283203125
2017-02-01,543.0674438476562,30370.966796875,25938.244140625,6619.79443359375,7354.40478515625,6416.2470703125,14308.044921875,12136.892578125,32340.236328125,715.22998046875,1717.6766357421875,20169.201171875,633.0,18066.134765625,5341.7216796875,870.5341186523438,2582.90283203125
2017-02-02,541.1209106445312,30681.986328125,26208.439453125,6657.6943359375,7417.37158203125,6451.7607421875,14528.1728515625,12293.6640625,31989.078125,724.1704711914062,1707.7481689453125,20169.201171875,637.0,18217.314453125,5341.7216796875,877.7483520507812,2582.90283203125
2017-02-03,539.1744995117188,30697.537109375,26127.373046875,6720.86083984375,7480.33544921875,6428.08447265625,14601.546875,12293.6640625,31967.7890625,727.1505126953125,1725.6204833984375,20192.455078125,639.0,18428.966796875,5341.7216796875,880.1533203125,2582.90283203125
2017-02-06,535.2815551757812,30666.431640625,26100.353515625,6796.6591796875,7505.52197265625,6451.7607421875,14630.8984375,12280.599609375,32265.7578125,724.1704711914062,1703.7763671875,20250.576171875,648.0,18141.724609375,5341.7216796875,875.3435668945312,2582.90283203125
2017-02-07,527.4954833984375,30557.578125,25992.287109375,6708.22705078125,7480.33544921875,6463.59765625,14601.546875,12319.7939453125,32031.634765625,727.1505126953125,1719.66259765625,20285.451171875,648.0,17990.537109375,5436.43359375,875.3435668945312,2533.229736328125
2017-02-08,527.4954833984375,30168.806640625,25641.037109375,6645.06103515625,7467.74365234375,6439.92431640625,14308.044921875,12163.0234375,32276.38671875,718.2098388671875,1735.5489501953125,20192.455078125,647.0,17930.076171875,5436.43359375,868.12939453125,2533.229736328125
2017-02-09,527.4954833984375,29748.9296875,25208.734375,6695.59130859375,7366.998046875,6380.73388671875,14117.2763671875,12084.6337890625,32297.67578125,721.1902465820312,1747.463134765625,19994.830078125,649.0,18176.0546875,5436.43359375,872.93896484375,2533.229736328125
2017-02-10,537.2279052734375,29748.9296875,25384.36328125,6670.326171875,7366.998046875,6416.2470703125,14102.603515625,12136.892578125,32255.103515625,718.2098388671875,1727.6053466796875,19739.080078125,653.0,18176.0546875,5436.43359375,868.12939453125,2533.229736328125
2017-02-13,535.2815551757812,29919.986328125,25505.939453125,6784.02587890625,7417.37158203125,6392.56884765625,14381.42578125,12149.95703125,32287.05859375,715.22998046875,1723.6341552734375,19088.083984375,654.0,18206.34765625,5445.9033203125,880.1533203125,2483.559814453125
2017-02-14,531.3885498046875,29282.39453125,24898.0078125,6695.59130859375,7366.998046875,6345.22021484375,14146.6259765625,11953.9892578125,29552.115234375,682.448486328125,1711.7196044921875,16309.3291015625,649.0,18024.583984375,5445.9033203125,872.93896484375,2483.559814453125
2017-02-15,531.3885498046875,29546.767578125,25087.1484375,6758.759765625,7404.77734375,6392.56884765625,14264.0244140625,12019.310546875,31659.185546875,682.448486328125,1719.66259765625,17461.8125,645.0,18130.609375,5445.9033203125,872.93896484375,2491.531982421875
2017-02-16,529.4419555664062,29888.880859375,25370.84765625,6821.92529296875,7417.37158203125,6392.56884765625,14425.4482421875,12176.0859375,30850.40234375,694.3692016601562,1725.6204833984375,17170.779296875,644.0,18206.34765625,5445.9033203125,880.1533203125,2491.531982421875
2017-02-17,525.5490112304688,30122.15234375,25370.84765625,6847.1923828125,7429.96240234375,6404.40869140625,14454.796875,12254.4716796875,31137.72265625,697.3493041992188,1725.6204833984375,16472.30859375,643.0,18206.34765625,5445.9033203125,880.1533203125,2506.481201171875
2017-02-20,527.4954833984375,29935.537109375,25357.3359375,6796.6591796875,7404.77734375,6392.56884765625,14425.4482421875,12254.4716796875,31605.97265625,691.3890380859375,1729.591064453125,16646.923828125,637.0,18388.107421875,5445.9033203125,872.93896484375,2506.481201171875
2017-02-21,523.6026000976562,29624.5234375,25316.80859375,6809.291015625,7392.18359375,6380.73388671875,14498.82421875,12202.2138671875,31754.962890625,685.4286499023438,1723.6341552734375,16472.30859375,645.0,18388.107421875,5398.54931640625,872.93896484375,2536.3798828125
2017-02-22,509.9772644042969,29313.501953125,24992.578125,6821.92529296875,7366.998046875,6345.22021484375,14366.7509765625,12149.95703125,30861.048828125,685.4286499023438,1733.56298828125,16565.435546875,648.0,18327.521484375,5398.54931640625,875.3435668945312,2461.6337890625
2017-02-23,519.7095336914062,29157.994140625,24398.15625,6935.62548828125,7467.74365234375,6404.40869140625,14528.1728515625,12228.33984375,31411.478515625,691.3546752929688,1777.249267578125,17042.7265625,643.0,18297.228515625,5398.54931640625,872.93896484375,2461.6337890625
2017-02-24,513.8702392578125,28940.275390625,24492.720703125,7112.48828125,7442.5576171875,6404.40869140625,14572.2041015625,12306.73046875,31400.767578125,682.3759155273438,1779.2354736328125,16937.95703125,643.0,18009.439453125,5426.9619140625,875.3435668945312,2491.531982421875
2017-02-27,519.7095336914062,28675.91015625,24317.09765625,7087.2216796875,7417.37158203125,6392.56884765625,14586.8740234375,12385.1171875,30983.955078125,691.3546752929688,1737.5345458984375,16542.154296875,643.0,17948.853515625,5426.9619140625,870.5341186523438,2491.531982421875
2017-02-28,513.8702392578125,28442.65234375,23979.3671875,7074.59033203125,7366.998046875,6380.73388671875,14498.82421875,12241.4072265625,30994.662109375,679.3828735351562,1759.378173828125,17077.6484375,640.0,17873.125,5426.9619140625,875.3435668945312,2491.531982421875
2017-03-01,509.9772644042969,28598.1640625,24195.515625,7226.1865234375,7429.96240234375,6428.08447265625,14586.8740234375,12280.599609375,30503.009765625,679.3828735351562,1775.26318359375,16809.900390625,640.0,17767.09765625,5426.9619140625,868.12939453125,2491.531982421875
2017-03-02,511.923828125,28707.015625,24587.291015625,7188.28857421875,7429.96240234375,6357.0556640625,14528.1728515625,12358.98828125,30994.662109375,673.3974609375,1779.2354736328125,16646.923828125,640.0,17570.17578125,5436.43359375,872.93896484375,2491.531982421875
2017-03-03,513.8702392578125,28629.2578125,24681.859375,7150.3896484375,7354.40478515625,6439.92431640625,14572.2041015625,12228.33984375,30994.662109375,682.3759155273438,1777.249267578125,16693.4921875,640.0,17509.607421875,5436.43359375,875.3435668945312,2491.531982421875
2017-03-06,513.8702392578125,29033.58984375,24776.427734375,7163.02001953125,7480.33544921875,6368.89306640625,14557.5234375,12254.4716796875,30567.1171875,682.3759155273438,1771.2919921875,16064.8642578125,634.0,17948.853515625,5436.43359375,875.3435668945312,2491.531982421875
2017-03-07,517.7632446289062,28986.935546875,24830.462890625,7163.02001953125,7455.15087890625,6428.08447265625,14616.22265625,12293.6640625,30994.662109375,670.4043579101562,1747.463134765625,15669.0625,636.0,18070.025390625,5493.259765625,872.93896484375,2491.531982421875
2017-03-08,504.13787841796875,28800.31640625,24789.931640625,7213.55517578125,7429.96240234375,6416.2470703125,14498.82421875,12215.279296875,30481.642578125,676.390380859375,1747.463134765625,15249.982421875,635.0,18145.759765625,5493.259765625,865.7245483398438,2536.3798828125
2017-03-09,509.9772644042969,29142.44921875,25046.6171875,7163.02001953125,7505.52197265625,6451.7607421875,14601.546875,12345.921875,30994.662109375,676.390380859375,1757.3917236328125,15541.0087890625,640.0,18149.400390625,5493.259765625,872.93896484375,2536.3798828125
2017-03-10,511.923828125,29469.017578125,25249.255859375,7175.654296875,7442.5576171875,6404.40869140625,14601.546875,12280.599609375,30983.955078125,676.390380859375,1761.3631591796875,15913.52734375,640.0,18285.974609375,5493.259765625,875.3435668945312,2571.262451171875
2017-03-13,511.923828125,29780.025390625,25559.974609375,7200.921875,7492.92919921875,6439.92431640625,14645.57421875,12385.1171875,30973.283203125,685.3687744140625,1751.4339599609375,16414.1015625,644.0,18043.177734375,5493.259765625,875.3435668945312,2571.262451171875
2017-03-14,502.1913146972656,29391.25390625,25330.314453125,7099.8564453125,7341.81005859375,6392.56884765625,14410.7724609375,11888.6630859375,30588.513671875,673.3974609375,1737.5345458984375,16370.95703125,641.0,17739.67578125,5493.259765625,865.7245483398438,2571.262451171875
2017-03-15,511.923828125,29748.9296875,25532.955078125,7163.02001953125,7417.37158203125,6404.40869140625,14484.146484375,12202.2138671875,30727.458984375,679.3828735351562,1747.463134765625,16405.9375,641.0,17648.623046875,5587.97216796875,872.93896484375,2614.327392578125
2017-03-16,513.8702392578125,29935.537109375,25587.001953125,7188.28857421875,7455.15087890625,6404.40869140625,14777.64453125,12528.8251953125,31272.521484375,688.3618774414062,1757.3917236328125,16207.7158203125,648.0,18134.2265625,5587.97216796875,870.5341186523438,2624.459228515625
2017-03-17,506.0843200683594,29546.767578125,25438.390625,7251.455078125,7492.92919921875,6250.51171875,14674.923828125,12280.599609375,31518.34765625,688.3618774414062,1747.463134765625,16324.3154296875,640.0,18210.099609375,5587.97216796875,875.3435668945312,2634.59375
2017-03-20,506.0843200683594,29546.767578125,25438.390625,7251.455078125,7492.92919921875,6250.51171875,14674.923828125,12280.599609375,31518.34765625,688.3618774414062,1747.463134765625,16324.3154296875,640.0,18210.099609375,5587.97216796875,875.3435668945312,2634.59375
2017-03-21,515.8167724609375,29935.537109375,25384.36328125,7377.78564453125,7467.74365234375,6392.56884765625,14601.546875,12280.599609375,31368.71875,688.3618774414062,1725.6204833984375,16370.95703125,644.0,18058.34765625,5587.97216796875,875.3435668945312,2583.9267578125
2017-03-22,513.8702392578125,30215.45703125,25776.12890625,7314.62060546875,7480.33544921875,6439.92431640625,14645.57421875,12293.6640625,30866.37890625,697.3405151367188,1711.7196044921875,16382.6171875,650.0,17921.77734375,5587.97216796875,870.5341186523438,2634.59375
2017-03-23,513.8702392578125,30542.017578125,26032.80859375,7365.15283203125,7530.7080078125,6392.56884765625,14792.3232421875,12541.8876953125,31529.03515625,691.3546752929688,1711.7196044921875,16429.259765625,652.0,18194.9375,5578.5,880.1533203125,2634.59375
2017-03-24,511.923828125,30355.41796875,25857.1875,7301.98583984375,7442.5576171875,6463.59765625,14674.923828125,12515.76171875,31785.533203125,694.3475341796875,1713.705322265625,16231.0361328125,645.0,18255.62890625,5682.68212890625,872.93896484375,2634.59375
2017-03-27,508.03082275390625,30246.55078125,25789.642578125,7289.3525390625,7505.52197265625,6451.7607421875,14660.2431640625,12463.5029296875,31764.173828125,691.3546752929688,1713.705322265625,16324.3154296875,640.0,18194.9375,5682.68212890625,868.12939453125,2634.59375
2017-03-28,515.8167724609375,30402.06640625,25816.658203125,7301.98583984375,7505.52197265625,6487.2763671875,14645.57421875,12411.2470703125,31732.09765625,691.3546752929688,1719.66259765625,16534.201171875,629.0,18210.099609375,5673.21142578125,875.3435668945312,2634.59375
2017-03-29,521.6560668945312,30479.8203125,25830.162109375,7276.72021484375,7467.74365234375,6475.4365234375,14777.64453125,12502.69921875,31732.09765625,697.3405151367188,1719.66259765625,16475.900390625,641.0,18331.505859375,5682.68212890625,875.3435668945312,2583.9267578125
2017-03-30,521.6560668945312,30402.06640625,25803.146484375,7327.2529296875,7530.7080078125,6499.11328125,14865.6943359375,12528.8251953125,31936.06640625,703.326416015625,1739.52001953125,16440.919921875,639.0,18498.4296875,6100.06103515625,875.3435668945312,2583.9267578125
2017-03-31,525.5490112304688,30386.515625,25803.146484375,7327.2529296875,7429.96240234375,6487.2763671875,14851.0185546875,12541.8876953125,31936.06640625,700.3331909179688,1739.52001953125,16417.599609375,639.0,18498.4296875,6100.06103515625,880.1533203125,2604.192626953125
2017-04-03,525.5490112304688,30246.55078125,25668.05859375,7289.3525390625,7455.15087890625,6475.4365234375,14865.6943359375,12502.69921875,32666.04296875,703.278564453125,1735.5489501953125,16324.3154296875,631.0,18483.2578125,6100.06103515625,875.3435668945312,2604.192626953125
2017-04-04,527.4954833984375,30324.310546875,25668.05859375,7276.72021484375,7467.74365234375,6463.59765625,14836.34765625,12450.4384765625,32204.43359375,703.278564453125,1727.6053466796875,16324.3154296875,640.0,18483.2578125,6100.06103515625,877.7483520507812,2604.192626953125
2017-04-05,525.5490112304688,30262.10546875,25519.443359375,7314.62060546875,7480.33544921875,6451.7607421875,15027.1240234375,12515.76171875,32365.453125,709.2894897460938,1723.6341552734375,16440.919921875,640.0,18437.73828125,6100.06103515625,880.1533203125,2604.192626953125
2017-04-06,527.4954833984375,30324.310546875,25789.642578125,7276.72021484375,7492.92919921875,6475.4365234375,14983.091796875,12594.1455078125,32301.048828125,709.2894897460938,1725.6204833984375,16335.9755859375,639.0,18437.73828125,6100.06103515625,882.5579833984375,2604.192626953125
2017-04-07,531.3885498046875,30542.017578125,25722.087890625,7339.88623046875,7451.49853515625,6484.06201171875,14968.4248046875,12581.08203125,32633.8203125,706.2842407226562,1733.56298828125,16067.794921875,638.0,18337.40625,6100.06103515625,887.3675537109375,2604.192626953125
2017-04-10,539.1744995117188,30713.080078125,25816.658203125,7352.51806640625,7502.1015625,6484.06201171875,14939.072265625,12581.08203125,32633.8203125,715.3006591796875,1735.5489501953125,16067.794921875,638.0,18337.40625,6050.4658203125,884.9627685546875,2604.192626953125
2017-04-11,541.1209106445312,30417.609375,25681.55859375,7327.2529296875,7438.8447265625,6484.06201171875,14937.23046875,12592.5625,32365.453125,721.3114013671875,1745.4775390625,16172.734375,638.0,18474.2578125,6050.4658203125,884.9627685546875,2604.192626953125
2017-04-12,545.013916015625,30604.23046875,25924.734375,7390.4208984375,7489.45166015625,6484.06201171875,15055.07421875,12631.9130859375,32633.8203125,727.3222045898438,1756.48046875,16242.6982421875,638.0,18535.072265625,6040.54736328125,882.5579833984375,2604.192626953125
2017-04-13,545.013916015625,30604.23046875,25924.734375,7390.4208984375,7489.45166015625,6484.06201171875,15055.07421875,12631.9130859375,32633.8203125,727.3222045898438,1756.48046875,16242.6982421875,638.0,18535.072265625,6040.54736328125,882.5579833984375,2604.192626953125
2017-04-14,545.013916015625,30604.23046875,25924.734375,7390.4208984375,7489.45166015625,6484.06201171875,15055.07421875,12631.9130859375,32633.8203125,727.3222045898438,1756.48046875,16242.6982421875,638.0,18535.072265625,6040.54736328125,882.5579833984375,2604.192626953125
2017-04-17,533.3349609375,30484.560546875,26135.462890625,7365.15283203125,7514.75146484375,6472.1669921875,14996.154296875,12631.9130859375,32472.802734375,721.3114013671875,1760.4815673828125,16266.0146484375,638.0,18519.87109375,6040.54736328125,882.5579833984375,2646.412109375
2017-04-18,535.2815551757812,30862.458984375,26258.61328125,7365.15283203125,7502.1015625,6484.06201171875,15025.6220703125,12631.9130859375,32365.453125,721.3114013671875,1752.479248046875,16382.6171875,638.0,18550.279296875,6040.54736328125,882.5579833984375,2677.303955078125
2017-04-19,535.2815551757812,30783.734375,25998.625,7264.0869140625,7527.404296875,6507.85693359375,15040.341796875,12513.8564453125,32204.43359375,721.3114013671875,1750.47900390625,16499.220703125,633.0,18550.279296875,6090.14111328125,877.7483520507812,2677.303955078125
2017-04-20,537.2279052734375,30626.279296875,25998.625,7213.55517578125,7565.35498046875,6495.958984375,15025.6220703125,12566.326171875,32204.43359375,709.2894897460938,1752.479248046875,16534.201171875,630.0,18565.48046875,6000.87255859375,877.7483520507812,2677.303955078125
2017-04-21,531.3885498046875,30626.279296875,25793.375,7226.1865234375,7540.0537109375,6495.958984375,15025.6220703125,12513.8564453125,32204.43359375,709.2894897460938,1748.478515625,16429.259765625,635.0,18519.87109375,6000.87255859375,882.5579833984375,2677.303955078125
2017-04-24,538.515869140625,30642.015625,25793.375,7289.3525390625,7615.96142578125,6591.138671875,14922.498046875,12474.509765625,32247.373046875,715.3006591796875,1740.4757080078125,16487.560546875,633.0,18367.81640625,6100.06103515625,884.9627685546875,2677.303955078125
2017-04-25,540.495849609375,30626.279296875,25793.375,7301.98583984375,7704.51806640625,6555.4453125,15158.197265625,12592.5625,32463.015625,718.2582397460938,1752.479248046875,16698.107421875,631.0,18413.427734375,6100.06103515625,884.9627685546875,2677.303955078125
2017-04-26,546.435302734375,30767.9921875,25779.689453125,7352.51806640625,7628.6103515625,6579.24267578125,15099.2724609375,12553.2119140625,32409.08984375,709.2045288085938,1778.4862060546875,16698.107421875,630.0,18383.017578125,6100.06103515625,884.9627685546875,2677.303955078125
2017-04-27,530.5964965820312,30264.115234375,25588.123046875,7352.51806640625,7527.404296875,6484.06201171875,14951.966796875,12592.5625,32495.357421875,700.15087890625,1776.4857177734375,16603.501953125,650.0,18459.044921875,6100.06103515625,889.7723999023438,2687.6025390625
2017-04-28,538.515869140625,30626.279296875,25766.009765625,7365.15283203125,7527.404296875,6531.6513671875,15025.6220703125,12526.9765625,32506.12109375,703.1688232421875,1792.4906005859375,16698.107421875,640.0,18565.48046875,6000.87255859375,887.3675537109375,2687.6025390625
2017-05-01,538.515869140625,30626.279296875,25766.009765625,7365.15283203125,7527.404296875,6531.6513671875,15025.6220703125,12526.9765625,32506.12109375,703.1688232421875,1792.4906005859375,16698.107421875,640.0,18565.48046875,6000.87255859375,887.3675537109375,2687.6025390625
2017-05-02,528.61669921875,30421.580078125,25793.375,7390.4208984375,7615.96142578125,6484.06201171875,14951.966796875,12553.2119140625,32764.884765625,706.1864624023438,1780.4871826171875,16638.98046875,640.0,18580.689453125,6040.54736328125,884.9627685546875,2687.6025390625
2017-05-03,536.5360107421875,30248.36328125,25697.58984375,7377.78564453125,7527.404296875,6484.06201171875,14878.3095703125,12408.91796875,32344.416015625,703.1688232421875,1782.487060546875,16745.412109375,640.0,18565.48046875,6040.54736328125,884.9627685546875,2677.303955078125
2017-05-04,532.576416015625,30657.763671875,25724.958984375,7301.98583984375,7527.404296875,6484.06201171875,14863.5751953125,12474.509765625,32775.66015625,700.15087890625,1800.4923095703125,17029.232421875,639.0,18550.279296875,6050.4658203125,899.3916015625,2677.303955078125
2017-05-05,540.495849609375,30705.005859375,25930.2109375,7352.51806640625,7565.35498046875,6507.85693359375,15099.2724609375,12618.7939453125,32786.44140625,709.2045288085938,1798.4912109375,17230.271484375,640.0,18702.322265625,6248.841796875,896.9866943359375,2677.303955078125
2017-05-08,548.4151611328125,30941.205078125,26094.408203125,7491.484375,7666.56396484375,6543.54931640625,15320.236328125,12763.0869140625,32883.49609375,715.2401123046875,1796.49169921875,17561.396484375,640.0,19021.646484375,6248.841796875,918.6298828125,2677.303955078125
2017-05-09,546.435302734375,30909.712890625,26108.09765625,7491.484375,7666.56396484375,6567.34326171875,15290.7724609375,12710.6181640625,32624.720703125,712.2222900390625,1778.4862060546875,17632.349609375,638.0,19149.634765625,6248.841796875,923.439453125,2677.303955078125
2017-05-10,546.435302734375,30941.205078125,26135.462890625,7693.61669921875,7717.16845703125,6579.24267578125,15246.578125,12736.8486328125,33163.7890625,712.2222900390625,1794.490966796875,17324.87890625,630.0,19301.984375,6248.841796875,904.201171875,2677.303955078125
2017-05-11,544.4555053710938,31098.64453125,26203.875,7756.7822265625,7755.12158203125,6591.138671875,15320.236328125,12789.3203125,33638.1640625,724.293701171875,1794.490966796875,17490.44140625,631.0,19301.984375,6209.16796875,906.6058959960938,2677.303955078125
2017-05-12,572.1731567382812,31492.3125,26422.8125,7832.5810546875,7831.0283203125,6531.6513671875,15614.85546875,13077.8974609375,33616.62890625,733.3475341796875,1836.50244140625,17703.306640625,632.0,19652.369140625,6199.24853515625,935.4635009765625,2677.303955078125
2017-05-15,,31492.3125,,,7831.0283203125,,,,,,,,,,,,
2017-05-16,574.1530151367188,31334.849609375,26532.27734375,7946.2802734375,7755.12158203125,6579.24267578125,15452.8134765625,12907.375,33368.640625,739.383544921875,1860.508544921875,16970.103515625,634.0,19759.01171875,6199.24853515625,923.439453125,2677.303955078125
2017-05-17,558.3143920898438,31382.091796875,26545.970703125,7996.8115234375,7615.96142578125,6495.958984375,15320.236328125,12789.3203125,33368.640625,724.293701171875,1854.507568359375,16686.28125,634.0,19621.90234375,6199.24853515625,923.439453125,2677.303955078125
2017-05-18,558.3143920898438,31287.609375,26504.91796875,7984.177734375,7514.75146484375,6448.369140625,15128.734375,12789.3203125,32883.49609375,721.27587890625,1840.503662109375,16792.712890625,630.0,19667.603515625,6238.9248046875,928.2490234375,2677.303955078125
2017-05-19,568.21337890625,30390.080078125,25820.74609375,7731.51611328125,7565.35498046875,6495.958984375,15276.0458984375,12881.140625,33584.28125,727.3115234375,1852.507080078125,16910.97265625,633.0,19880.884765625,6238.9248046875,947.4873657226562,2677.303955078125
2017-05-22,564.2538452148438,30705.005859375,26121.77734375,7971.544921875,7502.1015625,6400.78125,15217.1201171875,12802.4365234375,33573.49609375,724.293701171875,1858.508544921875,16745.412109375,630.0,19652.369140625,6238.9248046875,954.7015991210938,2677.303955078125
2017-05-23,562.27392578125,30862.458984375,26135.462890625,8211.576171875,7653.91259765625,6412.67919921875,15467.5517578125,12881.140625,33584.28125,733.3475341796875,1880.5147705078125,16556.197265625,634.0,19621.90234375,6238.9248046875,937.8682861328125,2677.303955078125
2017-05-24,556.3344116210938,30846.72265625,26135.462890625,8413.7080078125,7653.91259765625,6436.47265625,15555.9267578125,12920.4951171875,33638.1640625,736.3651733398438,1880.5147705078125,16390.634765625,634.0,19621.90234375,6238.9248046875,937.8682861328125,2677.303955078125
2017-05-25,550.3949584960938,30862.458984375,26121.77734375,8514.7734375,7653.91259765625,6448.369140625,15629.5849609375,12933.609375,33757.26953125,739.3347778320312,1882.514892578125,16437.94140625,634.0,19637.138671875,6238.9248046875,942.677978515625,2677.303955078125
2017-05-26,552.3748168945312,31004.17578125,26135.462890625,8805.3359375,7666.56396484375,6448.369140625,15762.16796875,12986.0791015625,33757.26953125,730.2443237304688,1860.508544921875,16319.6806640625,634.0,19743.771484375,6229.0048828125,930.6536254882812,2677.303955078125
2017-05-29,552.3748168945312,31004.17578125,26135.462890625,8805.3359375,7666.56396484375,6448.369140625,15762.16796875,12986.0791015625,33757.26953125,730.2443237304688,1860.508544921875,16319.6806640625,634.0,19743.771484375,6229.0048828125,930.6536254882812,2677.303955078125
2017-05-30,544.4555053710938,31004.17578125,26094.408203125,8729.53515625,7679.216796875,6472.1669921875,15644.318359375,12933.609375,33778.91015625,736.3047485351562,1840.503662109375,16331.5048828125,628.0,19713.310546875,6229.0048828125,930.6536254882812,2677.303955078125
2017-05-31,528.61669921875,30390.080078125,25875.4765625,8906.40234375,7413.54296875,6472.1669921875,15423.359375,13025.431640625,33768.08203125,736.3047485351562,1814.4957275390625,16035.8623046875,620.0,19682.8359375,6229.0048828125,942.677978515625,2677.303955078125
2017-06-01,532.576416015625,30689.259765625,25998.625,8956.935546875,7603.310546875,6484.06201171875,15467.5517578125,12920.4951171875,33757.26953125,745.3953247070312,1806.4940185546875,16118.640625,620.0,19713.310546875,6219.0869140625,928.2490234375,2677.303955078125
2017-06-02,528.61669921875,30531.796875,25861.7890625,8843.236328125,7717.16845703125,6472.1669921875,15614.85546875,13077.8974609375,33670.671875,748.4247436523438,1804.4935302734375,16177.7705078125,620.0,19713.310546875,6219.0869140625,928.2490234375,2677.303955078125
2017-06-05,544.4555053710938,30547.54296875,25984.94921875,8754.8037109375,7691.86767578125,6436.47265625,15614.85546875,12946.724609375,33291.73828125,739.3347778320312,1836.50244140625,15610.1298828125,620.0,19713.310546875,6219.0869140625,928.2490234375,2677.303955078125
2017-06-06,554.3546752929688,30705.005859375,26067.048828125,8843.236328125,7691.86767578125,6484.06201171875,15497.0087890625,13025.431640625,33941.32421875,748.4247436523438,1842.5042724609375,15752.0380859375,624.0,19804.71484375,6219.0869140625,945.0823974609375,2677.303955078125
2017-06-07,542.4755859375,30626.279296875,25957.57421875,8767.4375,7717.16845703125,6484.06201171875,15747.4345703125,12972.9619140625,33995.453125,748.4247436523438,1850.5062255859375,15822.9921875,618.0,19926.59375,6219.0869140625,942.677978515625,2677.303955078125
2017-06-08,534.5562133789062,30484.560546875,25848.10546875,8754.8037109375,7691.86767578125,6436.47265625,15497.0087890625,12920.4951171875,34071.2265625,745.3953247070312,1856.5074462890625,16236.8994140625,615.0,20002.76953125,5951.27880859375,952.2970581054688,2677.303955078125
2017-06-09,542.4755859375,30626.279296875,25998.625,8514.7734375,7742.4716796875,6460.2666015625,15644.318359375,12920.4951171875,34103.734375,751.455078125,1840.503662109375,16213.2490234375,619.0,20039.431640625,5951.27880859375,949.8921508789062,2677.303955078125
2017-06-12,538.515869140625,30547.54296875,26067.048828125,8401.07421875,7691.86767578125,6400.78125,15482.2763671875,12907.375,34092.89453125,745.3953247070312,1854.507568359375,16035.8623046875,626.0,19978.369140625,5951.27880859375,949.8921508789062,2677.303955078125
2017-06-13,540.495849609375,30626.279296875,26053.359375,8527.4072265625,7691.86767578125,6400.78125,15467.5517578125,12894.26171875,34092.89453125,748.4247436523438,1840.503662109375,16024.0322265625,620.0,19917.322265625,5951.27880859375,949.8921508789062,2677.303955078125
2017-06-14,534.5562133789062,30705.005859375,26121.77734375,8615.8408203125,7653.91259765625,6329.3984375,15762.16796875,12907.375,34082.07421875,754.4851684570312,1840.503662109375,16035.8623046875,618.0,19902.064453125,6149.65380859375,947.4873657226562,2685.5673828125
2017-06-15,530.5964965820312,30846.72265625,25998.625,8691.638671875,7653.91259765625,6365.08984375,15644.318359375,12933.609375,34103.734375,751.455078125,1852.507080078125,16024.0322265625,615.0,20008.892578125,6149.65380859375,954.7015991210938,2685.5673828125
2017-06-16,540.495849609375,30657.763671875,26272.294921875,8540.0419921875,7502.1015625,6412.67919921875,15762.16796875,13051.6669921875,34103.734375,739.3347778320312,1860.508544921875,16012.2080078125,612.0,19841.017578125,6149.65380859375,959.5112915039062,2685.5673828125
2017-06-19,540.495849609375,30657.763671875,26272.294921875,8540.0419921875,7502.1015625,6412.67919921875,15762.16796875,13051.6669921875,34103.734375,739.3347778320312,1860.508544921875,16012.2080078125,612.0,19841.017578125,6149.65380859375,959.5112915039062,2685.5673828125
2017-06-20,524.6571044921875,30405.830078125,26012.3046875,8590.5712890625,7236.4287109375,6305.6025390625,15423.359375,12868.0224609375,33833.0625,742.3651733398438,1816.4969482421875,15728.3857421875,610.0,19841.017578125,6149.65380859375,954.7015991210938,2685.5673828125
2017-06-21,524.6571044921875,30531.796875,25902.845703125,8464.240234375,7211.125,6103.34521484375,15467.5517578125,13038.544921875,34266.125,739.3347778320312,1828.500244140625,15787.5166015625,605.0,19688.390625,6149.65380859375,947.4873657226562,2685.5673828125
2017-06-22,534.5562133789062,30673.521484375,26135.462890625,8502.1396484375,7451.49853515625,6186.6279296875,15614.85546875,12920.4951171875,33995.453125,736.3047485351562,1806.4940185546875,15787.5166015625,610.0,19612.083984375,6149.65380859375,961.916015625,2685.5673828125
2017-06-23,530.5964965820312,30547.54296875,26053.359375,8590.5712890625,7451.49853515625,6210.4228515625,15364.431640625,12972.9619140625,33898.01953125,736.3047485351562,1826.4998779296875,15787.5166015625,610.0,19764.70703125,6149.65380859375,971.5354614257812,2685.5673828125
2017-06-26,530.5964965820312,30547.54296875,26053.359375,8590.5712890625,7451.49853515625,6210.4228515625,15364.431640625,12972.9619140625,33898.01953125,736.3047485351562,1826.4998779296875,15787.5166015625,610.0,19764.70703125,6149.65380859375,971.5354614257812,2685.5673828125
2017-06-27,530.5964965820312,30626.279296875,26025.9921875,8451.60546875,7438.8447265625,6269.9091796875,15187.6552734375,12972.9619140625,34224.17578125,736.243896484375,1812.4957275390625,15598.3037109375,618.0,19902.064453125,6149.65380859375,964.3209228515625,2685.5673828125
2017-06-28,530.5964965820312,30783.734375,26340.705078125,8502.1396484375,7473.4794921875,6326.4169921875,15364.431640625,12920.4951171875,34224.17578125,745.3712158203125,1840.503662109375,15527.34765625,616.0,19841.017578125,5951.27880859375,976.4027709960938,2664.9111328125
2017-06-29,538.515869140625,30941.205078125,26327.037109375,8527.4072265625,7498.900390625,6350.33447265625,15379.154296875,12920.4951171875,33811.0625,760.5827026367188,1830.500244140625,15610.1298828125,616.0,20069.943359375,5951.27880859375,978.8682250976562,2664.9111328125
2017-06-30,546.435302734375,31177.390625,26422.8125,8426.3408203125,7524.322265625,6362.29443359375,15276.0458984375,12920.4951171875,34235.02734375,763.6248168945312,1840.503662109375,15811.169921875,618.0,20146.26171875,5951.27880859375,971.4713745117188,2685.5673828125
2017-07-03,546.435302734375,31177.390625,26422.8125,8426.3408203125,7524.322265625,6362.29443359375,15276.0458984375,12920.4951171875,34235.02734375,763.6248168945312,1840.503662109375,15811.169921875,618.0,20146.26171875,5951.27880859375,971.4713745117188,2685.5673828125
2017-07-04,552.3748168945312,31649.763671875,26819.6328125,8502.1396484375,7587.869140625,6457.9677734375,15393.890625,12999.1953125,34245.90234375,766.6674194335938,1848.505615234375,15787.5166015625,613.0,20069.943359375,6100.06103515625,981.333984375,2737.214111328125
2017-07-05,,31649.763671875,,,7587.869140625,,,,,,,,,,6100.06103515625,,
2017-07-06,546.435302734375,32279.6171875,27353.291015625,8615.8408203125,7549.73974609375,6422.091796875,15614.85546875,12868.0224609375,34517.703125,787.9635009765625,1840.503662109375,16272.376953125,611.0,19993.63671875,6100.06103515625,973.93701171875,2737.214111328125
2017-07-07,536.5360107421875,32027.685546875,27134.357421875,8527.4072265625,7422.64013671875,6398.17236328125,15600.1259765625,12920.4951171875,34506.84375,781.8784790039062,1810.4947509765625,16331.5048828125,617.0,19902.064453125,6100.06103515625,971.4713745117188,2737.214111328125
2017-07-10,536.5360107421875,31885.96484375,26901.73828125,8514.7734375,7346.37841796875,6290.5390625,15555.9267578125,12933.609375,34517.703125,778.8360595703125,1828.500244140625,16284.205078125,616.0,19764.70703125,6100.06103515625,971.4713745117188,2840.50390625
2017-07-11,542.4755859375,32027.685546875,27079.619140625,8489.505859375,7409.9296875,6338.376953125,15393.890625,12815.556640625,34245.90234375,781.8784790039062,1824.4991455078125,16296.03125,584.0,20030.7890625,6100.06103515625,969.0054931640625,2943.796142578125
2017-07-12,550.3949584960938,32326.859375,27257.501953125,8565.3056640625,7460.7705078125,6386.21240234375,15600.1259765625,12920.4951171875,33865.421875,787.9635009765625,1838.503173828125,16698.107421875,589.0,20183.693359375,6100.06103515625,971.4713745117188,2892.149169921875
2017-07-13,552.3748168945312,32326.859375,27366.96875,8552.673828125,7575.15966796875,6362.29443359375,15688.5126953125,12933.609375,34245.90234375,797.0908203125,1828.500244140625,16816.365234375,580.0,20260.15234375,6100.06103515625,973.93701171875,3016.098876953125
2017-07-14,554.3546752929688,32216.626953125,27175.400390625,8527.4072265625,7537.03125,6398.17236328125,15614.85546875,12920.4951171875,35061.28515625,797.0908203125,1861.745361328125,16887.32421875,570.0,20321.3125,6100.06103515625,983.7996215820312,3003.671142578125
2017-07-17,550.3949584960938,32279.6171875,27366.96875,8527.4072265625,7600.5791015625,6446.0107421875,15703.240234375,12959.8466796875,35159.14453125,797.0908203125,1861.745361328125,16875.49609375,558.0,20413.052734375,6100.06103515625,986.2652587890625,3003.671142578125
2017-07-18,546.435302734375,32279.6171875,27339.607421875,8653.03515625,7562.45166015625,6410.13232421875,15600.1259765625,12881.140625,35148.26953125,791.006103515625,1859.730712890625,16733.5859375,566.0,20321.3125,6100.06103515625,983.7996215820312,3003.671142578125
2017-07-19,550.3949584960938,32248.130859375,27366.96875,8576.119140625,7435.3525390625,6362.29443359375,15541.201171875,12828.6728515625,35985.390625,797.0908203125,1857.7152099609375,16828.189453125,564.0,20183.693359375,6100.06103515625,978.8682250976562,2925.989501953125
2017-07-20,550.3949584960938,32248.130859375,27366.96875,8576.119140625,7435.3525390625,6362.29443359375,15541.201171875,12828.6728515625,35985.390625,797.0908203125,1857.7152099609375,16828.189453125,564.0,20183.693359375,6100.06103515625,978.8682250976562,2925.989501953125
2017-07-21,544.4555053710938,32200.88671875,27284.87890625,8627.396484375,7486.1923828125,6362.29443359375,15614.85546875,12828.6728515625,36528.97265625,794.0482177734375,1857.7152099609375,16828.189453125,570.0,20351.90234375,6100.06103515625,978.8682250976562,2925.989501953125
2017-07-24,544.4555053710938,32279.6171875,27353.291015625,8601.759765625,7486.1923828125,6434.05029296875,15688.5126953125,12828.6728515625,36583.33984375,791.006103515625,1857.7152099609375,16899.14453125,564.0,20413.052734375,6100.06103515625,981.333984375,3055.45751953125
2017-07-25,552.3748168945312,32279.6171875,27366.96875,8640.216796875,7562.45166015625,6374.25439453125,15703.240234375,12933.609375,36528.97265625,797.0908203125,1851.6717529296875,16934.625,568.0,20260.15234375,6080.22314453125,973.93701171875,3107.24560546875
2017-07-26,548.4151611328125,32515.8125,27640.638671875,8588.9375,7549.73974609375,6422.091796875,15806.3583984375,12907.375,36998.26171875,793.9761352539062,1853.6865234375,16887.32421875,582.0,20260.15234375,6080.22314453125,978.8682250976562,3205.640380859375
2017-07-27,552.3748168945312,33035.4296875,28037.4609375,8627.396484375,7549.73974609375,6338.376953125,15909.4755859375,12828.6728515625,37041.91796875,800.0833740234375,1865.775634765625,16981.92578125,580.0,20076.66015625,6090.14111328125,973.93701171875,3122.78076171875
2017-07-28,552.3748168945312,33051.1953125,28023.787109375,8627.396484375,7549.73974609375,6326.4169921875,15821.09375,12841.7890625,37096.49609375,803.1375732421875,1900.0284423828125,17041.056640625,582.0,20336.599609375,6100.06103515625,978.8682250976562,3210.8193359375
2017-07-31,552.3748168945312,33082.67578125,28242.712890625,8768.41015625,7562.45166015625,6314.4580078125,15821.09375,12802.4365234375,37161.9765625,806.1906127929688,1910.102783203125,17100.189453125,585.0,20413.052734375,6100.06103515625,976.4027709960938,3262.60693359375
2017-08-01,540.495849609375,32862.2265625,27763.8046875,8717.1318359375,7537.03125,6362.29443359375,15659.0478515625,12789.3203125,37271.12890625,806.1906127929688,1902.04345703125,17218.447265625,575.0,20458.935546875,6020.7099609375,978.8682250976562,3262.60693359375
2017-08-02,544.4555053710938,32972.45703125,28023.787109375,8704.3134765625,7524.322265625,6374.25439453125,15821.09375,12854.9052734375,37172.89453125,806.1906127929688,1910.102783203125,17029.232421875,570.0,20413.052734375,6050.4658203125,978.8682250976562,3262.60693359375
2017-08-03,548.4151611328125,32673.259765625,27900.626953125,8640.216796875,7524.322265625,6374.25439453125,15806.3583984375,12894.26171875,37380.2578125,809.244384765625,1910.102783203125,16899.14453125,583.0,20443.64453125,6100.06103515625,976.4027709960938,3210.8193359375
2017-08-04,548.4151611328125,32830.7421875,27640.638671875,8627.396484375,7524.322265625,6314.4580078125,15732.703125,12894.26171875,37271.12890625,809.244384765625,1906.072265625,16910.97265625,582.0,20458.935546875,6100.06103515625,971.4713745117188,3210.8193359375
2017-08-07,548.4151611328125,32830.7421875,27640.638671875,8627.396484375,7524.322265625,6314.4580078125,15732.703125,12894.26171875,37271.12890625,809.244384765625,1906.072265625,16910.97265625,582.0,20458.935546875,6100.06103515625,971.4713745117188,3210.8193359375
2017-08-08,540.495849609375,32814.9765625,27709.05859375,8447.9248046875,7537.03125,6266.62353515625,15776.8955078125,12789.3203125,36812.73046875,803.1375732421875,1918.1619873046875,17088.361328125,578.0,20550.66796875,6100.06103515625,976.4027709960938,3159.03271484375
2017-08-09,550.3949584960938,32736.255859375,27709.05859375,8576.119140625,7537.03125,6314.4580078125,15688.5126953125,12658.146484375,37336.61328125,803.1375732421875,1948.3856201171875,17088.361328125,578.0,20664.060546875,6100.06103515625,983.7996215820312,3159.03271484375
2017-08-10,546.435302734375,32657.525390625,27558.5390625,8640.216796875,7537.03125,6254.6630859375,15732.703125,12487.62109375,36670.84765625,806.1906127929688,1930.2515869140625,16922.80078125,567.0,20618.1015625,5951.27880859375,966.5402221679688,3159.03271484375
2017-08-11,540.495849609375,32311.111328125,27298.55078125,8588.9375,7537.03125,6278.57861328125,15614.85546875,12710.6181640625,36572.63671875,800.0833740234375,1934.2816162109375,16887.32421875,562.0,20664.060546875,5951.27880859375,976.4027709960938,3210.8193359375
2017-08-14,540.495849609375,32500.078125,27366.96875,8665.857421875,7498.900390625,6278.57861328125,15452.8134765625,12658.146484375,36561.70703125,787.8684692382812,1926.2218017578125,16662.62890625,551.0,20664.060546875,5951.27880859375,976.4027709960938,3159.03271484375
2017-08-15,536.5360107421875,32279.6171875,27189.091796875,8627.396484375,7448.06005859375,6182.90576171875,15570.6640625,12658.146484375,36561.70703125,775.6534423828125,1912.1182861328125,16532.544921875,568.0,20664.060546875,5951.27880859375,976.4027709960938,3219.263916015625
2017-08-16,536.5360107421875,32515.8125,27435.392578125,8717.1318359375,7486.1923828125,6266.62353515625,15776.8955078125,12789.3203125,36834.5546875,784.8140258789062,1914.132568359375,16769.064453125,549.0,20679.37890625,5951.27880859375,964.0744018554688,3167.341064453125
2017-08-17,540.495849609375,32358.35546875,27626.958984375,8614.578125,7460.7705078125,6374.25439453125,15688.5126953125,12920.4951171875,37358.43359375,800.0833740234375,1928.236572265625,16910.97265625,545.0,20832.548828125,5951.27880859375,976.4027709960938,3219.263916015625
2017-08-18,542.4755859375,32578.79296875,27531.1796875,8640.216796875,7562.45166015625,6374.25439453125,15776.8955078125,12920.4951171875,36659.94140625,800.0833740234375,1930.2515869140625,16910.97265625,549.0,20771.29296875,6100.06103515625,976.4027709960938,3193.3017578125
2017-08-21,542.4755859375,32578.79296875,27531.1796875,8640.216796875,7562.45166015625,6374.25439453125,15776.8955078125,12920.4951171875,36659.94140625,800.0833740234375,1930.2515869140625,16910.97265625,549.0,20771.29296875,6100.06103515625,976.4027709960938,3193.3017578125
2017-08-22,542.4755859375,32594.533203125,27640.638671875,8717.1318359375,7587.869140625,6326.4169921875,16042.0556640625,13051.6669921875,37216.546875,806.1906127929688,1932.266357421875,16792.712890625,550.0,20893.826171875,6100.06103515625,976.4027709960938,3167.341064453125
2017-08-23,546.435302734375,32578.79296875,27654.326171875,8665.857421875,7587.869140625,6314.4580078125,15865.2861328125,12933.609375,37096.49609375,793.9761352539062,1928.236572265625,16556.197265625,546.0,20725.326171875,5951.27880859375,976.4027709960938,3115.416259765625
2017-08-24,542.4755859375,32563.05078125,27668.005859375,8653.03515625,7587.869140625,6338.376953125,15968.40234375,12789.3203125,36779.99609375,806.1906127929688,1928.236572265625,16757.236328125,560.0,20740.642578125,5951.27880859375,976.4027709960938,3167.341064453125
2017-08-25,538.515869140625,32452.828125,27531.1796875,8665.857421875,7600.5791015625,6338.376953125,16056.7861328125,12854.9052734375,36801.8203125,806.1906127929688,1922.1920166015625,16816.365234375,560.0,20740.642578125,6100.06103515625,976.4027709960938,3115.416259765625
2017-08-28,534.5562133789062,32657.525390625,27709.05859375,8704.3134765625,7600.5791015625,6338.376953125,16115.708984375,12789.3203125,36911.40234375,809.1941528320312,1918.1619873046875,16757.236328125,558.0,20710.0078125,6199.24853515625,978.8682250976562,3115.416259765625
2017-08-29,536.5360107421875,32673.259765625,27695.375,8691.4921875,7575.15966796875,6290.5390625,16042.0556640625,12749.9677734375,36703.20703125,809.1941528320312,1910.102783203125,16721.759765625,565.0,20755.9609375,6199.24853515625,973.93701171875,3115.416259765625
2017-08-30,534.5562133789062,32626.03125,27572.23046875,8653.03515625,7575.15966796875,6278.57861328125,15850.552734375,12723.7353515625,36703.20703125,803.0646362304688,1910.102783203125,16579.849609375,565.0,20679.37890625,6199.24853515625,973.93701171875,3115.416259765625
2017-08-31,542.4755859375,32673.259765625,27531.1796875,8563.3017578125,7600.5791015625,6338.376953125,15452.8134765625,12199.044921875,37787.87890625,809.1941528320312,1893.98388671875,17017.40625,555.0,20786.60546875,6447.21875,961.6087646484375,3115.416259765625
2017-09-01,542.4755859375,32673.259765625,27531.1796875,8563.3017578125,7600.5791015625,6338.376953125,15452.8134765625,12199.044921875,37787.87890625,809.1941528320312,1893.98388671875,17017.40625,555.0,20786.60546875,6447.21875,961.6087646484375,3115.416259765625
2017-09-04,542.4755859375,32830.7421875,27709.05859375,8640.216796875,7549.73974609375,6314.4580078125,15217.1201171875,12461.388671875,38072.73828125,815.3248901367188,1914.132568359375,17407.66015625,559.0,20863.19140625,6447.21875,971.4713745117188,3115.416259765625
2017-09-05,542.4755859375,32846.4921875,27969.046875,8742.7734375,7626.00146484375,6338.376953125,15379.154296875,12631.9130859375,38620.54296875,821.4552001953125,1930.2515869140625,17407.66015625,552.0,20863.19140625,6447.21875,981.333984375,3115.416259765625
2017-09-06,544.4555053710938,32657.525390625,27599.587890625,8704.3134765625,7626.00146484375,6278.57861328125,15334.9677734375,12553.2119140625,38609.58984375,818.3898315429688,1914.132568359375,17407.66015625,540.0,20832.548828125,6447.21875,983.7996215820312,3167.341064453125
2017-09-07,542.4755859375,32626.03125,27517.498046875,8781.228515625,7537.03125,6278.57861328125,15276.0458984375,12500.7373046875,38346.64453125,815.3248901367188,1928.236572265625,17478.61328125,538.0,20832.548828125,6447.21875,986.2652587890625,3167.341064453125
2017-09-08,538.515869140625,32578.79296875,27626.958984375,8781.228515625,7524.322265625,6218.7841796875,15438.0810546875,12461.388671875,38105.609375,812.2598876953125,1922.1920166015625,17443.138671875,540.0,20771.29296875,6348.0302734375,978.8682250976562,3271.188720703125
2017-09-11,536.5360107421875,32862.2265625,27777.482421875,8781.228515625,7537.03125,6242.7021484375,15305.505859375,12579.44140625,38335.67578125,812.2598876953125,1932.266357421875,17478.61328125,531.0,20869.517578125,6348.0302734375,981.333984375,3250.417724609375
2017-09-12,536.5360107421875,32500.078125,27503.806640625,8588.9375,7498.900390625,6135.06982421875,15099.2724609375,12369.568359375,37579.71484375,809.1941528320312,1930.2515869140625,17573.220703125,517.0,20670.03515625,6348.0302734375,969.0054931640625,3250.417724609375
2017-09-13,538.515869140625,32468.576171875,27572.23046875,8653.03515625,7460.7705078125,6135.06982421875,15143.4677734375,12435.1533203125,37612.578125,803.0646362304688,1928.236572265625,17514.091796875,510.0,20670.03515625,6437.29931640625,971.4713745117188,3478.8828125
2017-09-14,540.495849609375,32468.576171875,27517.498046875,8691.4921875,7549.73974609375,6242.7021484375,15320.236328125,12264.630859375,37360.59375,812.2598876953125,1910.102783203125,17561.396484375,528.0,20716.078125,6437.29931640625,966.5402221679688,3567.152587890625
2017-09-15,542.4755859375,32657.525390625,28037.4609375,8794.044921875,7575.15966796875,6314.4580078125,15305.505859375,12435.1533203125,37415.375,818.3898315429688,1887.9390869140625,16946.44921875,533.0,20639.341796875,6447.21875,961.6087646484375,3575.480712890625
2017-09-18,542.4755859375,32626.03125,27722.7421875,8858.1435546875,7537.03125,6170.947265625,15629.5849609375,12579.44140625,37634.50390625,818.3898315429688,1887.9390869140625,17052.884765625,529.0,20746.759765625,6596.0,976.4027709960938,3487.003662109375
2017-09-19,542.4755859375,32563.05078125,28023.787109375,8819.6865234375,7524.322265625,6123.1123046875,15600.1259765625,12592.5625,37634.50390625,812.2598876953125,1893.98388671875,17147.490234375,531.0,20777.4453125,6596.0,978.8682250976562,3539.0478515625
2017-09-20,546.435302734375,32547.298828125,27804.84765625,8729.951171875,7537.03125,6123.1123046875,15467.5517578125,12579.44140625,37755.01171875,812.2598876953125,1877.86474609375,17100.189453125,531.0,20624.001953125,6645.59423828125,978.8682250976562,3648.34375
2017-09-21,548.4151611328125,32547.298828125,27435.392578125,8704.3134765625,7460.7705078125,6123.1123046875,15320.236328125,12461.388671875,37524.92578125,809.1941528320312,1904.05810546875,17005.58203125,514.0,20577.962890625,6645.59423828125,973.93701171875,3689.977783203125
2017-09-22,546.435302734375,32279.6171875,27503.806640625,8729.951171875,7384.5087890625,6123.1123046875,15246.578125,12461.388671875,37437.26953125,806.1297607421875,1893.98388671875,16958.27734375,519.0,20716.078125,6645.59423828125,978.8682250976562,3757.63720703125
2017-09-25,550.3949584960938,32326.859375,27353.291015625,8781.228515625,7435.3525390625,6111.15185546875,15202.390625,12448.271484375,37415.375,812.2598876953125,1881.893798828125,16910.97265625,512.0,20424.509765625,6645.59423828125,973.93701171875,3747.226318359375
2017-09-26,552.3748168945312,32263.87109375,27476.443359375,8717.1318359375,7422.64013671875,6087.23291015625,15290.7724609375,12513.8564453125,37712.31640625,809.1220703125,1883.9088134765625,16840.01953125,515.0,20501.234375,6596.0,976.4027709960938,3768.046142578125
2017-09-27,556.3344116210938,32342.607421875,27325.921875,8832.5048828125,7537.03125,6218.7841796875,15482.2763671875,12579.44140625,37393.37890625,812.19775390625,1889.9537353515625,16910.97265625,517.0,20531.927734375,6596.0,978.8682250976562,3768.046142578125
2017-09-28,552.3748168945312,32342.607421875,27353.291015625,8858.1435546875,7562.45166015625,6206.82421875,15467.5517578125,12579.44140625,37668.31640625,815.2748413085938,1883.9088134765625,16887.32421875,514.0,20562.626953125,6596.0,981.333984375,3768.046142578125
2017-09-29,554.3546752929688,32185.142578125,27490.12890625,8768.41015625,7469.56298828125,6215.54150390625,15555.9267578125,12592.5625,37932.2734375,818.351318359375,1887.9390869140625,16958.27734375,515.0,20593.31640625,6744.78173828125,986.2652587890625,3747.226318359375
2017-10-02,552.3748168945312,32374.09375,27503.806640625,8755.58984375,7495.09619140625,6167.45166015625,15555.9267578125,12579.44140625,37690.3203125,812.19775390625,1887.9390869140625,16970.103515625,514.0,20516.587890625,6843.970703125,983.7996215820312,3773.250244140625
2017-10-03,556.3344116210938,32437.078125,27640.638671875,8819.6865234375,7456.79052734375,6059.2509765625,15349.701171875,12317.1015625,37690.3203125,812.19775390625,1869.8048095703125,16981.92578125,517.0,20485.892578125,6715.0263671875,983.7996215820312,3773.250244140625
2017-10-04,554.3546752929688,32484.322265625,27626.958984375,8781.228515625,7469.56298828125,6083.2958984375,15349.701171875,12317.1015625,37701.32421875,815.2748413085938,1873.834716796875,16981.92578125,512.0,20624.001953125,6715.0263671875,981.333984375,3773.250244140625
2017-10-05,556.3344116210938,32594.533203125,27599.587890625,8794.044921875,7520.63671875,6119.3642578125,15438.0810546875,12277.74609375,37723.3125,815.2748413085938,1873.834716796875,16946.44921875,516.0,20501.234375,6744.78173828125,978.8682250976562,3773.250244140625
2017-10-06,554.3546752929688,32988.203125,27804.84765625,8947.880859375,7584.47607421875,6131.384765625,15598.8779296875,12447.333984375,37745.30078125,821.4275512695312,1891.9693603515625,16934.625,512.0,20562.626953125,6744.78173828125,981.333984375,3695.181884765625
2017-10-09,554.3546752929688,32704.7578125,27832.21875,8883.783203125,7597.2470703125,6083.2958984375,15598.8779296875,12486.8486328125,37679.33984375,821.4275512695312,1891.9693603515625,16910.97265625,510.0,20485.892578125,6744.78173828125,978.8682250976562,3591.092529296875
2017-10-10,558.3143920898438,32736.255859375,27777.482421875,8896.6025390625,7597.2470703125,6083.2958984375,15524.955078125,12526.365234375,37679.33984375,821.4275512695312,1885.9241943359375,16899.14453125,510.0,20584.310546875,6744.78173828125,986.2652587890625,3591.092529296875
2017-10-11,560.2940063476562,32752.00390625,27791.154296875,8768.41015625,7584.47607421875,6071.27392578125,15598.8779296875,12513.1953125,37668.31640625,824.5043334960938,1889.9537353515625,16887.32421875,509.0,20492.0703125,6744.78173828125,986.2652587890625,3898.156982421875
2017-10-12,558.3143920898438,32846.4921875,27832.21875,8896.6025390625,7520.63671875,6071.27392578125,15436.23046875,12460.5048828125,37778.3046875,821.4275512695312,1885.9241943359375,17265.75,506.0,20753.421875,6695.1884765625,983.7996215820312,4475.857421875
2017-10-13,558.3143920898438,32846.4921875,27832.21875,8896.6025390625,7520.63671875,6071.27392578125,15436.23046875,12460.5048828125,37778.3046875,821.4275512695312,1899.1124267578125,17265.75,506.0,20753.421875,6695.1884765625,983.7996215820312,4475.857421875
2017-10-16,558.3143920898438,32846.4921875,27832.21875,8896.6025390625,7520.63671875,6071.27392578125,15436.23046875,12460.5048828125,37778.3046875,821.4275512695312,1899.1124267578125,17265.75,506.0,20753.421875,6695.1884765625,983.7996215820312,4475.857421875
2017-10-17,578.1126708984375,33035.4296875,27804.84765625,8845.3271484375,7405.7158203125,5999.13916015625,15436.23046875,12381.4736328125,37723.3125,821.4275512695312,1888.9676513671875,17194.794921875,502.0,20630.435546875,6695.1884765625,991.1967163085938,4513.90966796875
2017-10-18,580.092529296875,32940.953125,27845.892578125,8806.869140625,7405.7158203125,5902.96142578125,15377.09375,12328.787109375,37558.33984375,824.5043334960938,1886.9390869140625,17194.794921875,495.0,20738.046875,6695.1884765625,991.1967163085938,4471.6259765625
2017-10-19,578.1126708984375,32563.05078125,27298.55078125,8704.3134765625,7341.87255859375,5854.87158203125,15317.9462890625,12315.6171875,37536.3515625,818.351318359375,1888.9676513671875,17088.361328125,497.0,20691.921875,6695.1884765625,991.1967163085938,4466.34130859375
2017-10-20,572.1731567382812,32137.90625,27339.607421875,8601.759765625,7278.03173828125,5830.8271484375,15244.01953125,12302.4453125,37547.3515625,821.4275512695312,1893.025634765625,17147.490234375,508.0,20753.421875,6695.1884765625,1003.52490234375,4439.91455078125
2017-10-23,574.1530151367188,31759.984375,26929.1015625,8588.9375,7278.03173828125,5770.71533203125,15081.3857421875,12315.6171875,37393.37890625,812.19775390625,1895.0545654296875,17147.490234375,495.0,20861.025390625,6695.1884765625,1003.52490234375,4408.19970703125
2017-10-24,580.092529296875,32011.935546875,26901.73828125,8601.759765625,7278.03173828125,5824.81689453125,15096.16015625,12118.0419921875,37393.37890625,812.19775390625,1897.0833740234375,17147.490234375,503.0,20753.421875,6695.1884765625,1005.9906005859375,4381.771484375
2017-10-25,589.9917602539062,31854.46875,27011.205078125,8729.951171875,7405.7158203125,5890.939453125,15347.51953125,12276.1025390625,37404.375,818.351318359375,1903.170654296875,17324.87890625,495.0,20814.904296875,6695.1884765625,1013.3187866210938,4387.056640625
2017-10-26,619.689208984375,31539.548828125,26655.43359375,8665.857421875,7341.87255859375,5842.85009765625,15155.3095703125,12052.181640625,38088.859375,821.3770141601562,1895.0545654296875,17242.09765625,496.0,20845.65625,6685.26953125,1008.264892578125,4408.19970703125
2017-10-27,637.5079345703125,30941.205078125,26067.048828125,8588.9375,7329.10498046875,5824.81689453125,15051.8095703125,12170.7275390625,37757.66015625,796.674560546875,1890.9964599609375,17147.490234375,497.0,20830.2734375,6685.26953125,1010.791748046875,4392.341796875
2017-10-30,659.2860717773438,30783.734375,26039.6796875,8524.8427734375,7290.7998046875,5776.72607421875,15214.4541015625,12052.181640625,37702.44921875,787.4107666015625,1854.475341796875,17123.83984375,501.0,20753.421875,6675.35009765625,1018.372802734375,4371.20068359375
2017-10-31,659.2860717773438,30405.830078125,25697.58984375,8537.6630859375,7086.505859375,5860.88330078125,14667.3818359375,12118.0419921875,35439.20703125,781.2349853515625,1822.0118408203125,16910.97265625,495.0,20768.79296875,6843.970703125,1008.264892578125,4260.20166015625
2017-11-01,687.003662109375,30594.775390625,25793.375,8601.759765625,7073.7373046875,5812.79443359375,15007.4560546875,11999.494140625,36333.44921875,799.761962890625,1826.06982421875,17112.013671875,500.0,20891.76953125,6843.970703125,1028.480712890625,4228.4873046875
2017-11-02,673.1448364257812,30169.630859375,25574.435546875,8563.3017578125,6984.35986328125,5710.6044921875,14844.806640625,12183.8994140625,37106.29296875,793.5863647460938,1846.3587646484375,17029.232421875,500.0,20861.025390625,6843.970703125,1036.061767578125,4017.064697265625
2017-11-03,673.1448364257812,29901.955078125,25191.29296875,8550.482421875,6984.35986328125,5698.58154296875,14770.8759765625,12012.6669921875,37459.5703125,790.4979248046875,1801.7220458984375,17253.92578125,491.0,20676.546875,6843.970703125,1041.1158447265625,3911.35107421875
2017-11-06,673.1448364257812,29901.955078125,25191.29296875,8550.482421875,6984.35986328125,5698.58154296875,14770.8759765625,12012.6669921875,37459.5703125,790.4979248046875,1801.7220458984375,17253.92578125,491.0,20676.546875,6843.970703125,1041.1158447265625,3911.35107421875
2017-11-07,720.6609497070312,30216.873046875,25150.25,8627.396484375,6984.35986328125,5530.2705078125,15140.5244140625,12052.181640625,37040.0546875,787.4107666015625,1805.7803955078125,17135.666015625,499.0,20830.2734375,6744.78173828125,1046.169677734375,4017.064697265625
2017-11-08,694.923095703125,30547.54296875,25629.169921875,8576.119140625,6934.4599609375,5676.087890625,14903.951171875,11986.3232421875,36984.84765625,793.5863647460938,1822.0118408203125,17088.361328125,499.0,20821.06640625,6744.78173828125,1041.1158447265625,4159.7763671875
2017-11-09,720.6609497070312,30075.15625,25314.453125,8563.3017578125,6755.3427734375,5633.90869140625,14948.30859375,12170.7275390625,37161.48828125,787.4107666015625,1846.3587646484375,17088.361328125,495.0,20851.865234375,6744.78173828125,1038.5885009765625,4228.4873046875
2017-11-10,716.7012939453125,29854.7109375,25109.1953125,8524.8427734375,6793.72412109375,5658.01025390625,14815.2353515625,11933.6357421875,37183.58203125,781.2349853515625,1846.3587646484375,16946.44921875,495.0,20713.26953125,6744.78173828125,1041.1158447265625,4228.4873046875
2017-11-13,716.7012939453125,29854.7109375,25109.1953125,8524.8427734375,6793.72412109375,5658.01025390625,14815.2353515625,11933.6357421875,37183.58203125,781.2349853515625,1846.3587646484375,16946.44921875,495.0,20713.26953125,6744.78173828125,1041.1158447265625,4228.4873046875
2017-11-14,698.8827514648438,29681.505859375,24698.6953125,8512.0224609375,6998.4326171875,5664.0361328125,14770.8759765625,12012.6669921875,36631.54296875,781.2349853515625,1846.3587646484375,16792.712890625,496.0,20867.271484375,6744.78173828125,1041.1158447265625,4043.491455078125
2017-11-15,692.943359375,29917.701171875,25246.029296875,8460.74609375,7075.197265625,5730.31787109375,15022.2412109375,12131.208984375,36631.54296875,784.3230590820312,1860.562255859375,16804.541015625,500.0,20790.26953125,6744.78173828125,1038.5885009765625,4184.93115234375
2017-11-16,692.943359375,30012.171875,25355.501953125,8499.2041015625,6908.87353515625,5766.47216796875,15022.2412109375,12157.5576171875,36631.54296875,787.4107666015625,1886.9390869140625,17029.232421875,502.0,20944.259765625,6744.78173828125,1043.642578125,4232.60888671875
2017-11-17,692.943359375,30752.244140625,25656.53515625,8499.2041015625,6960.04931640625,5778.52294921875,15007.4560546875,12183.8994140625,36929.6484375,796.674560546875,1874.764892578125,16887.32421875,513.0,20805.669921875,6744.78173828125,1043.642578125,4031.3076171875
2017-11-20,688.9835815429688,30705.005859375,25629.169921875,8640.216796875,6896.07568359375,5778.52294921875,15081.3857421875,12210.240234375,37029.015625,793.5863647460938,1882.88037109375,16970.103515625,510.0,20944.259765625,6675.35009765625,1046.169677734375,4222.013671875
2017-11-21,688.9835815429688,30815.23046875,25793.375,8601.759765625,7011.224609375,5905.06005859375,14963.0908203125,12104.865234375,36984.84765625,796.674560546875,1878.822998046875,16863.669921875,510.0,20867.271484375,6645.59423828125,1058.804443359375,4026.01123046875
2017-11-22,702.8424682617188,30830.97265625,26067.048828125,8627.396484375,6972.84375,5844.8037109375,15110.9482421875,12118.0419921875,36984.84765625,787.4107666015625,1878.822998046875,17076.53515625,509.0,20944.259765625,6645.59423828125,1053.75048828125,4026.01123046875
2017-11-23,702.8424682617188,30925.4453125,25971.263671875,8678.67578125,6947.251953125,5790.5732421875,15081.3857421875,12183.8994140625,36995.890625,787.4107666015625,1868.677978515625,17112.013671875,507.0,21021.265625,6645.59423828125,1056.2774658203125,4026.01123046875
2017-11-24,696.9030151367188,30941.205078125,25998.625,8653.03515625,6844.900390625,5856.85498046875,15066.5966796875,12118.0419921875,37139.40234375,790.4979248046875,1886.9390869140625,17182.966796875,504.0,21021.265625,6635.67626953125,1051.2236328125,4026.01123046875
2017-11-27,704.8223266601562,30941.205078125,25875.4765625,8704.3134765625,6755.3427734375,5820.7021484375,15066.5966796875,12104.865234375,37405.3828125,790.4365844726562,1919.4017333984375,17088.361328125,512.0,21021.265625,6625.75732421875,1053.75048828125,4026.01123046875
2017-11-28,687.003662109375,30830.97265625,25998.625,8832.5048828125,6755.3427734375,5724.29296875,15140.5244140625,12104.865234375,37405.3828125,781.13720703125,1968.0970458984375,17182.966796875,512.0,21067.466796875,6625.75732421875,1053.75048828125,4179.63330078125
2017-11-29,700.8626098632812,30846.72265625,25984.94921875,8832.5048828125,6742.5478515625,5742.36865234375,14977.8798828125,12052.181640625,37183.74609375,778.0374145507812,1955.923095703125,17147.490234375,509.0,21329.27734375,6645.59423828125,1051.2236328125,4179.63330078125
2017-11-30,692.943359375,30705.005859375,25875.4765625,8845.3271484375,6780.9296875,5724.29296875,15140.5244140625,12223.41015625,37216.98828125,765.63818359375,1947.8072509765625,17218.447265625,509.0,21144.470703125,6843.970703125,1046.169677734375,4211.419921875
2017-12-01,702.8424682617188,30862.458984375,26162.822265625,8870.9638671875,6870.490234375,5766.47216796875,15007.4560546875,12131.208984375,37660.296875,774.9378051757812,1927.5177001953125,17147.490234375,516.0,21236.873046875,6843.970703125,1046.169677734375,4237.9052734375
2017-12-04,704.8223266601562,30579.037109375,25984.94921875,8947.880859375,6806.51708984375,5724.29296875,15125.734375,12078.5224609375,37294.55859375,771.8378295898438,1933.6053466796875,17253.92578125,501.0,21252.2734375,6843.970703125,1046.169677734375,4237.9052734375
2017-12-05,708.7819213867188,30783.734375,25834.41796875,9010.2880859375,6832.1064453125,5694.16357421875,15140.5244140625,12052.181640625,37294.55859375,774.9378051757812,1927.5177001953125,17206.619140625,504.0,21175.26953125,6843.970703125,1041.1158447265625,4237.9052734375
2017-12-06,702.8424682617188,30468.802734375,25478.6484375,8919.2734375,6806.51708984375,5724.29296875,15096.16015625,12157.5576171875,36618.5,771.8378295898438,1933.6053466796875,17064.708984375,503.0,21283.072265625,6843.970703125,1033.5347900390625,4237.9052734375
2017-12-07,704.8223266601562,30531.796875,25656.53515625,8893.271484375,6832.1064453125,5766.47216796875,15081.3857421875,12302.4453125,36851.2421875,778.0374145507812,1929.5465087890625,17041.056640625,499.0,21175.26953125,6843.970703125,1038.5885009765625,4184.93115234375
2017-12-08,704.8223266601562,30531.796875,25656.53515625,8893.271484375,6832.1064453125,5766.47216796875,15081.3857421875,12302.4453125,36851.2421875,778.0374145507812,1929.5465087890625,17041.056640625,499.0,21175.26953125,6843.970703125,1038.5885009765625,4184.93115234375
2017-12-11,,30531.796875,,,6832.1064453125,,,,,,,,,,6843.970703125,,
2017-12-12,756.2980346679688,30941.205078125,26135.462890625,9036.29296875,6844.900390625,5802.6240234375,15007.4560546875,12249.7587890625,37405.3828125,787.3370971679688,1933.6053466796875,17194.794921875,490.0,21212.326171875,6843.970703125,1048.696533203125,4237.9052734375
2017-12-13,766.1973266601562,31082.91015625,26217.560546875,9049.2939453125,6883.28271484375,5796.59814453125,15037.017578125,12249.7587890625,37516.22265625,787.3370971679688,1929.5465087890625,17159.318359375,494.0,21212.326171875,6943.15869140625,1046.169677734375,4237.9052734375
2017-12-14,766.1973266601562,31082.91015625,26217.560546875,9049.2939453125,6883.28271484375,5796.59814453125,15037.017578125,12249.7587890625,37516.22265625,787.3370971679688,1929.5465087890625,17159.318359375,494.0,21212.326171875,6943.15869140625,1046.169677734375,4237.9052734375
2017-12-15,766.1973266601562,30925.4453125,25861.7890625,9179.3125,6921.6650390625,5832.75390625,15125.734375,12170.7275390625,37039.65234375,796.6359252929688,1880.85205078125,17147.490234375,481.0,21135.18359375,6943.15869140625,1046.169677734375,4231.00439453125
2017-12-18,768.177001953125,31161.63671875,26135.462890625,9140.306640625,7011.224609375,5844.8037109375,15081.3857421875,12249.7587890625,37405.3828125,793.53564453125,1907.2279052734375,17194.794921875,479.0,21289.462890625,6943.15869140625,1051.2236328125,4231.00439453125
2017-12-19,772.1367797851562,31177.390625,26094.408203125,9166.3115234375,7164.75439453125,5664.0361328125,15066.5966796875,12302.4453125,37571.6328125,793.53564453125,1907.2279052734375,17147.490234375,461.0,21196.91015625,7042.345703125,1058.804443359375,4231.00439453125
2017-12-20,791.9352416992188,31319.099609375,26299.662109375,9114.3037109375,7254.314453125,5886.9833984375,15199.6689453125,12381.4736328125,37128.328125,793.53564453125,1907.2279052734375,17171.140625,457.0,21181.474609375,7042.345703125,1046.169677734375,4225.6953125
2017-12-21,797.8748168945312,31413.583984375,26340.705078125,9140.306640625,7279.90283203125,5947.23876953125,15288.376953125,12486.8486328125,37959.54296875,802.8353271484375,1925.4892578125,17206.619140625,467.0,21351.169921875,7042.345703125,1018.372802734375,4225.6953125
2017-12-22,801.8343505859375,32027.685546875,26532.27734375,9283.328125,7292.697265625,5905.06005859375,15362.3076171875,12249.7587890625,38048.5703125,802.8353271484375,1945.7781982421875,17088.361328125,467.0,21598.00390625,7042.345703125,1020.8998413085938,4225.6953125
2017-12-25,801.8343505859375,32027.685546875,26532.27734375,9283.328125,7292.697265625,5905.06005859375,15362.3076171875,12249.7587890625,38048.5703125,802.8353271484375,1945.7781982421875,17088.361328125,467.0,21598.00390625,7042.345703125,1020.8998413085938,4225.6953125
2017-12-26,821.6326293945312,31649.763671875,26135.462890625,9244.3232421875,7292.697265625,5905.06005859375,15214.4541015625,12434.162109375,37770.42578125,808.9965209960938,1931.57568359375,17017.40625,460.0,21567.154296875,7042.345703125,1020.8998413085938,4225.6953125
2017-12-27,835.4915771484375,31649.763671875,26655.43359375,9309.3310546875,7356.666015625,6007.49267578125,15258.810546875,12513.1953125,37937.3125,821.4423217773438,1947.8072509765625,17182.966796875,467.0,21520.865234375,7042.345703125,1020.8998413085938,4225.6953125
2017-12-28,875.0883178710938,31728.513671875,26682.80078125,9231.3173828125,7369.46337890625,6146.08203125,15436.23046875,12631.7373046875,37525.67578125,802.773193359375,1931.57568359375,17265.75,457.0,21459.166015625,7042.345703125,1018.372802734375,4225.6953125
2017-12-29,875.0883178710938,31728.513671875,26682.80078125,9231.3173828125,7369.46337890625,6146.08203125,15436.23046875,12631.7373046875,37525.67578125,802.773193359375,1931.57568359375,17265.75,457.0,21459.166015625,7042.345703125,1018.372802734375,4225.6953125
2018-01-01,875.0883178710938,31728.513671875,26682.80078125,9231.3173828125,7369.46337890625,6146.08203125,15436.23046875,12631.7373046875,37525.67578125,802.773193359375,1931.57568359375,17265.75,457.0,21459.166015625,7042.345703125,1018.372802734375,4225.6953125
2018-01-02,894.8868408203125,31476.57421875,26669.11328125,9192.3154296875,7610.17236328125,6179.09716796875,15362.3076171875,12618.5693359375,37525.67578125,802.773193359375,1911.2861328125,17443.138671875,457.0,21104.333984375,7042.345703125,1015.8458251953125,4225.6953125
2018-01-03,930.5238037109375,31082.91015625,26409.1328125,9257.3232421875,7558.751953125,6179.09716796875,15214.4541015625,12197.0654296875,37269.77734375,793.43896484375,1915.3438720703125,17182.966796875,457.0,21058.048828125,7042.345703125,1020.8998413085938,4225.6953125
2018-01-04,930.5238037109375,31082.91015625,26409.1328125,9257.3232421875,7558.751953125,6179.09716796875,,12248.32421875,37269.77734375,793.43896484375,1915.3438720703125,17182.966796875,457.0,21058.048828125,7042.345703125,1020.8998413085938,4225.6953125
2018-01-05,989.9188232421875,31586.78125,27093.3046875,9231.3173828125,7520.18798828125,6057.9384765625,15494.5869140625,12486.4140625,37826.046875,824.5540161132812,1893.025634765625,17218.447265625,452.0,21011.767578125,7042.345703125,1020.8998413085938,4225.6953125
2018-01-08,989.9188232421875,31586.78125,27093.3046875,9231.3173828125,7520.18798828125,6057.9384765625,15494.5869140625,12486.4140625,37826.046875,824.5540161132812,1893.025634765625,17218.447265625,452.0,21011.767578125,7042.345703125,1020.8998413085938,4225.6953125
2018-01-09,1011.6973266601562,32515.8125,26833.322265625,9283.328125,7520.18798828125,5973.12744140625,15494.5869140625,12301.234375,37703.68359375,802.773193359375,1903.170654296875,17218.447265625,447.0,20940.708984375,7042.345703125,1020.8998413085938,4225.6953125
2018-01-10,1003.7778930664062,31791.482421875,26956.46484375,9283.328125,7327.3623046875,5936.78076171875,15286.802734375,12552.5498046875,37269.77734375,793.43896484375,1907.2279052734375,17372.181640625,445.0,21048.8984375,7042.345703125,1020.8998413085938,4225.6953125
2018-01-11,960.221435546875,31476.57421875,26682.80078125,9309.3310546875,7391.634765625,5973.12744140625,15405.53125,12499.6396484375,36713.51171875,796.5496215820312,1907.2279052734375,17313.05078125,448.0,21033.4375,7042.345703125,1023.4267578125,4225.6953125
2018-01-12,960.221435546875,31476.57421875,26682.80078125,9309.3310546875,7391.634765625,5973.12744140625,15405.53125,12499.6396484375,36713.51171875,796.5496215820312,1907.2279052734375,17313.05078125,448.0,21033.4375,7042.345703125,1023.4267578125,4225.6953125
2018-01-15,924.5844116210938,31161.63671875,26272.294921875,9270.326171875,7404.4931640625,5948.89599609375,15271.9638671875,12248.32421875,36680.13671875,790.3276977539062,1933.6053466796875,17088.361328125,443.0,21157.072265625,7042.345703125,1023.4267578125,4225.6953125
2018-01-16,958.2415771484375,31980.439453125,27052.259765625,9361.3388671875,7455.9111328125,5936.78076171875,15435.21484375,12499.6396484375,37214.1796875,799.6615600585938,1920.3255615234375,16816.365234375,443.0,21110.712890625,7042.345703125,1028.480712890625,4234.73974609375
2018-01-17,958.2415771484375,31980.439453125,27052.259765625,9361.3388671875,7455.9111328125,5936.78076171875,15435.21484375,12499.6396484375,37214.1796875,799.6615600585938,1920.3255615234375,16816.365234375,443.0,21110.712890625,7042.345703125,1028.480712890625,4234.73974609375
2018-01-18,958.2415771484375,31980.439453125,27052.259765625,9361.3388671875,7455.9111328125,5936.78076171875,,12499.6396484375,37214.1796875,799.6615600585938,1920.3255615234375,16816.365234375,443.0,21110.712890625,7042.345703125,1028.480712890625,4234.73974609375
2018-01-19,976.0601806640625,32122.15234375,26819.6328125,9478.3564453125,7520.18798828125,5985.2431640625,15524.267578125,12420.2783203125,37814.9140625,802.773193359375,1993.870361328125,17017.40625,458.0,21095.259765625,6893.56494140625,1043.642578125,4096.419921875
2018-01-22,1025.55615234375,32122.15234375,26805.947265625,9452.3505859375,7507.3310546875,5948.89599609375,15583.630859375,12552.5498046875,37826.046875,805.884521484375,2004.0845947265625,16910.97265625,469.0,21172.537109375,6893.56494140625,1036.061767578125,4096.419921875
2018-01-23,1071.092529296875,32232.384765625,26942.787109375,9439.3525390625,7571.6083984375,5936.78076171875,15791.4140625,12671.5947265625,37559.03125,805.884521484375,2008.1707763671875,16828.189453125,480.0,21141.626953125,6893.56494140625,1031.0076904296875,4096.419921875
2018-01-24,1108.7093505859375,32500.078125,26915.419921875,9374.341796875,7558.751953125,5991.30224609375,15791.4140625,12711.2734375,37881.65234375,818.3311767578125,2757.873291015625,16840.01953125,493.0,21311.623046875,6992.75341796875,1036.061767578125,4197.49853515625
2018-01-25,1086.93115234375,32358.35546875,26682.80078125,9413.34765625,7584.46240234375,5997.35986328125,15732.052734375,12605.4560546875,37881.65234375,818.3311767578125,2740.156005859375,16733.5859375,493.0,21357.990234375,6893.56494140625,1038.5885009765625,4197.49853515625
2018-01-26,1092.87060546875,32279.6171875,26682.80078125,9361.3388671875,7623.02783203125,5973.12744140625,15672.6845703125,12539.3212890625,38015.68359375,818.2687377929688,2743.10888671875,16627.15234375,490.0,21357.990234375,6992.75341796875,1041.1158447265625,4197.49853515625
2018-01-29,1098.81005859375,32752.00390625,26956.46484375,9426.349609375,7623.02783203125,5985.2431640625,15880.46484375,12684.8203125,37948.6875,818.2687377929688,2772.63671875,16544.37109375,488.0,21435.259765625,6992.75341796875,1041.1158447265625,4197.49853515625
2018-01-30,1069.1124267578125,32468.576171875,26751.21875,9361.3388671875,7468.76708984375,5985.2431640625,15806.2607421875,12512.865234375,37803.50390625,808.899169921875,2751.966796875,16319.6806640625,488.0,21157.072265625,6992.75341796875,1036.061767578125,4069.817626953125
2018-01-31,1053.27392578125,31586.78125,26162.822265625,9296.3291015625,7263.08642578125,5767.1572265625,15316.4833984375,11983.78125,37245.09375,796.40625,2763.777587890625,15893.9482421875,473.0,20894.3515625,6992.75341796875,1025.9537353515625,3782.5380859375
2018-02-01,1096.830322265625,32043.423828125,26532.27734375,9413.34765625,7365.927734375,5779.27490234375,15732.052734375,12301.234375,36865.390625,799.5289306640625,2864.171875,15846.646484375,473.0,21126.166015625,6923.3203125,1023.4267578125,4000.65869140625
2018-02-02,1055.253662109375,32122.15234375,26203.875,9556.3671875,7353.0732421875,5767.1572265625,15806.2607421875,12288.0078125,36943.57421875,802.6526489257812,2849.407958984375,15775.693359375,477.0,20940.708984375,6834.05224609375,1033.5347900390625,4000.65869140625
2018-02-05,983.9793701171875,31224.62109375,25848.10546875,9296.3291015625,6954.56640625,5488.4921875,15524.267578125,11983.78125,37624.80859375,783.9137573242188,2787.400146484375,15551.0,464.0,20909.810546875,6834.05224609375,1023.4267578125,3990.0205078125
2018-02-06,989.9188232421875,31177.390625,25519.70703125,9244.3232421875,6877.4365234375,5561.18798828125,15361.0087890625,12010.2373046875,37624.80859375,787.037109375,2802.1640625,15799.341796875,465.0,21249.80078125,6546.40625,1023.4267578125,3990.0205078125
2018-02-07,962.2013549804688,31492.3125,25588.123046875,9335.3359375,6928.85546875,5555.1328125,15212.5947265625,12116.052734375,36965.90234375,787.037109375,2793.305419921875,15551.0,460.0,21327.078125,6536.4873046875,1020.8998413085938,3990.0205078125
2018-02-08,924.5844116210938,30941.205078125,25314.453125,9218.318359375,6748.8857421875,5452.1455078125,15138.388671875,11904.416015625,37077.578125,774.5441284179688,2793.305419921875,15373.61328125,447.0,21126.166015625,6526.5693359375,1031.0076904296875,3936.816650390625
2018-02-09,968.1407470703125,30232.619140625,24698.6953125,9101.302734375,6748.8857421875,5288.5810546875,14871.23828125,11666.330078125,36854.2109375,777.667236328125,2822.833251953125,15113.443359375,440.0,20900.171875,6526.5693359375,1020.8998413085938,3936.816650390625
2018-02-12,958.2415771484375,30153.892578125,24753.427734375,9036.29296875,6838.87060546875,5397.6240234375,15138.388671875,11798.6025390625,36854.2109375,787.037109375,2864.171875,15172.572265625,444.0,20977.576171875,6536.4873046875,1023.4267578125,3979.379638671875
2018-02-13,944.3826293945312,30090.90234375,24986.048828125,8919.2734375,6838.87060546875,5330.98583984375,14767.3466796875,11613.4208984375,37390.2734375,808.899169921875,2811.022216796875,14959.7099609375,443.0,21054.98828125,6536.4873046875,1025.9537353515625,3979.379638671875
2018-02-14,989.9188232421875,30201.1328125,24767.115234375,8958.28125,6826.0166015625,5330.98583984375,15108.70703125,11838.2822265625,36965.90234375,805.7758178710938,2796.25830078125,14853.275390625,442.0,20915.658203125,6536.4873046875,1023.4267578125,3974.0595703125
2018-02-15,985.9592895507812,30547.54296875,25095.509765625,8945.2802734375,6826.0166015625,5270.40771484375,14989.97265625,11692.7880859375,36965.90234375,805.7758178710938,2757.873291015625,15113.443359375,442.0,20962.091796875,6536.4873046875,1025.9537353515625,3892.476806640625
2018-02-16,983.9793701171875,31098.64453125,25533.388671875,8919.2734375,6851.72509765625,5294.63818359375,15227.43359375,11891.189453125,37021.7421875,793.2835083007812,2769.683349609375,14805.9716796875,451.0,21008.54296875,6843.970703125,1023.4267578125,3892.476806640625
2018-02-19,981.9995727539062,31350.6015625,25437.595703125,8802.2607421875,6800.30712890625,5209.8271484375,15093.8662109375,11970.5546875,36910.06640625,796.40625,2713.58154296875,14817.796875,440.0,20915.658203125,6843.970703125,1031.0076904296875,3887.14453125
2018-02-20,983.9793701171875,31019.9375,25314.453125,8646.2353515625,6877.4365234375,5246.17626953125,15138.388671875,11692.7880859375,37122.25,796.40625,2710.629638671875,14900.578125,439.0,20869.197265625,6794.3759765625,1036.061767578125,3887.14453125
2018-02-21,980.019775390625,31224.62109375,25492.33203125,8841.263671875,6864.58203125,5240.11669921875,15286.802734375,11666.330078125,37412.62109375,812.0223388671875,2743.10888671875,14900.578125,446.0,21039.50390625,6794.3759765625,1036.061767578125,3897.8095703125
2018-02-22,1015.6569213867188,31098.64453125,25642.85546875,8932.279296875,6928.85546875,5270.40771484375,15123.546875,11507.6064453125,37144.59765625,808.899169921875,2746.0615234375,14900.578125,439.0,20962.091796875,6794.3759765625,1033.5347900390625,3897.8095703125
2018-02-23,1039.4151611328125,31082.91015625,25629.169921875,8971.28515625,6877.4365234375,5306.7548828125,15093.8662109375,11507.6064453125,37290.3515625,796.29638671875,2746.0615234375,14947.880859375,438.0,21024.02734375,6794.3759765625,1031.0076904296875,3897.8095703125
2018-02-26,1051.294189453125,31098.64453125,25328.138671875,8971.28515625,6697.46533203125,5234.06005859375,14930.6083984375,11586.96875,37368.83984375,796.29638671875,2749.014404296875,14900.578125,438.0,21039.50390625,6794.3759765625,1028.480712890625,3945.799072265625
2018-02-27,1041.39501953125,30862.458984375,25204.98828125,9075.296875,6890.29052734375,5197.7109375,14960.2900390625,11203.3828125,37290.3515625,796.29638671875,2716.533935546875,14616.7568359375,443.0,20946.615234375,6486.8935546875,1025.9537353515625,3945.799072265625
2018-02-28,993.8787231445312,30248.36328125,24315.5546875,8906.2744140625,6710.322265625,5221.94189453125,14336.9404296875,10938.8408203125,37010.0546875,777.48583984375,2684.053466796875,14332.9375,431.0,20900.171875,6596.0,1025.9537353515625,3945.799072265625
2018-03-01,981.9995727539062,30169.630859375,24356.607421875,8971.28515625,6298.9609375,4912.98779296875,13921.3779296875,10647.8427734375,37010.0546875,771.2161254882812,2701.7705078125,13836.2509765625,428.0,20977.576171875,6596.0,1020.8998413085938,3999.120361328125
2018-03-02,981.9995727539062,29996.43359375,23631.380859375,8581.2265625,6170.41015625,4846.3515625,13728.4404296875,10793.341796875,37279.12109375,768.0812377929688,2657.47900390625,13836.2509765625,424.0,20760.833984375,6576.16357421875,1018.372802734375,3999.120361328125
2018-03-05,993.8787231445312,30311.345703125,24206.087890625,8711.24609375,6170.41015625,4731.25,14054.955078125,10753.66015625,37279.12109375,764.94580078125,2684.053466796875,13765.294921875,424.0,20962.091796875,6437.29931640625,1020.8998413085938,3999.120361328125
2018-03-06,991.8988037109375,30705.005859375,24219.76953125,8802.2607421875,6286.10546875,4846.3515625,14114.322265625,10594.9345703125,37380.03515625,761.8101806640625,2675.195556640625,13895.37890625,421.0,20822.76171875,6427.3818359375,1025.9537353515625,3897.8095703125
2018-03-07,970.120849609375,30405.830078125,23973.46875,8711.24609375,6196.1201171875,4967.5107421875,14247.8916015625,10542.0263671875,37559.421875,768.0812377929688,2672.24267578125,13682.5146484375,414.0,20884.6875,6427.3818359375,1025.9537353515625,3935.13525390625
2018-03-08,980.019775390625,30437.31640625,24082.939453125,8659.2392578125,6196.1201171875,4961.45263671875,14099.482421875,10462.662109375,37559.421875,764.94580078125,2669.2900390625,13765.294921875,414.0,20606.013671875,6437.29931640625,1025.9537353515625,3935.13525390625
2018-03-09,991.8988037109375,30311.345703125,24370.2890625,8581.2265625,6241.11328125,5028.08935546875,14144.0068359375,10568.48046875,37671.5390625,761.8101806640625,2684.053466796875,13800.7744140625,419.0,20829.3828125,6288.51806640625,1025.9537353515625,3956.463623046875
2018-03-12,981.9995727539062,30500.302734375,24370.2890625,8581.2265625,6234.68603515625,5028.08935546875,14084.6357421875,10581.7060546875,37839.7109375,764.94580078125,2684.053466796875,13777.1201171875,415.0,20736.33203125,6268.68017578125,1025.9537353515625,3956.463623046875
2018-03-13,,,,,,,,,,,,,,,,,3956.463623046875
2018-03-14,991.8988037109375,29760.234375,24274.501953125,8438.20703125,6086.85302734375,4997.80029296875,13951.064453125,10581.7060546875,37828.5078125,768.0812377929688,2695.864501953125,13587.90625,420.0,20457.162109375,6288.51806640625,1023.4267578125,3924.470703125
2018-03-15,1003.7778930664062,29524.04296875,24260.830078125,8334.19140625,6298.9609375,5028.08935546875,13906.541015625,10528.798828125,38120.01171875,768.0812377929688,2704.722900390625,13599.734375,416.0,20627.7578125,6288.51806640625,1020.8998413085938,4035.10107421875
2018-03-16,1003.7778930664062,29524.04296875,24260.830078125,8334.19140625,6298.9609375,5028.08935546875,13906.541015625,10528.798828125,38120.01171875,768.0812377929688,2704.722900390625,13599.734375,416.0,20627.7578125,6288.51806640625,1020.8998413085938,4035.10107421875
2018-03-19,1003.7778930664062,29524.04296875,24260.830078125,8334.19140625,6298.9609375,5028.08935546875,13906.541015625,10528.798828125,38120.01171875,768.0812377929688,2704.722900390625,13599.734375,416.0,20627.7578125,6288.51806640625,1020.8998413085938,4035.10107421875
2018-03-20,1057.2333984375,29524.04296875,24055.572265625,8412.203125,6266.82421875,5149.24853515625,14173.689453125,10594.9345703125,38086.38671875,758.6759033203125,2672.24267578125,13611.5595703125,414.0,20271.0390625,6397.6240234375,1015.8458251953125,4035.10107421875
2018-03-21,1088.9110107421875,29697.240234375,24288.1875,8451.208984375,6266.82421875,5155.30517578125,14351.7841796875,10780.11328125,38086.38671875,758.6759033203125,2692.91162109375,13836.2509765625,410.0,20379.60546875,6397.6240234375,1023.4267578125,4109.92333984375
2018-03-22,1037.43505859375,29555.53515625,23946.103515625,8620.232421875,6125.4169921875,5125.01611328125,14292.4169921875,10713.9765625,37951.84375,758.6759033203125,2675.195556640625,14120.072265625,400.0,20162.48046875,6397.6240234375,1018.372802734375,4109.92333984375
2018-03-23,1037.43505859375,29657.845703125,24035.03515625,8620.232421875,6125.4169921875,5125.01611328125,14292.4169921875,10713.9765625,38103.8046875,758.6759033203125,2675.195556640625,14120.072265625,400.0,20162.48046875,6676.1533203125,1018.372802734375,4109.92333984375
2018-03-26,1098.81005859375,29247.029296875,23966.36328125,8503.21484375,6221.8291015625,4967.5107421875,14366.6259765625,10753.66015625,38103.8046875,732.8834228515625,2622.04638671875,13848.0771484375,403.0,19945.33984375,6676.1533203125,1023.4267578125,4109.92333984375
2018-03-27,1047.334228515625,28899.416015625,24035.03515625,8503.21484375,6118.99072265625,5028.08935546875,14247.8916015625,10647.8427734375,38103.8046875,726.5925903320312,2642.71533203125,13989.98828125,400.0,19929.83203125,6676.1533203125,1020.8998413085938,4109.92333984375
2018-03-28,1047.334228515625,28899.416015625,24035.03515625,8503.21484375,6118.99072265625,5028.08935546875,14247.8916015625,10647.8427734375,38103.8046875,726.5925903320312,2642.71533203125,13989.98828125,400.0,19929.83203125,6676.1533203125,1020.8998413085938,4109.92333984375
2018-03-29,1047.334228515625,28899.416015625,24035.03515625,8503.21484375,6118.99072265625,5028.08935546875,14247.8916015625,10647.8427734375,38103.8046875,726.5925903320312,2642.71533203125,13989.98828125,400.0,19929.83203125,6676.1533203125,1020.8998413085938,4109.92333984375
2018-03-30,1047.334228515625,28899.416015625,24035.03515625,8503.21484375,6118.99072265625,5028.08935546875,14247.8916015625,10647.8427734375,38103.8046875,726.5925903320312,2642.71533203125,13989.98828125,400.0,19929.83203125,6676.1533203125,1020.8998413085938,4109.92333984375
2018-04-02,1065.15283203125,29736.84765625,24570.677734375,8724.2490234375,6234.68603515625,5137.13232421875,14366.6259765625,10846.25,38238.87890625,732.8834228515625,2678.14794921875,14013.6376953125,395.0,20100.44140625,6676.1533203125,1020.8998413085938,4109.92333984375
2018-04-03,1080.99169921875,30416.267578125,24598.1328125,8880.2705078125,6292.53173828125,5143.18994140625,14381.46875,10991.7451171875,38272.640625,739.1741943359375,2698.817138671875,14072.7666015625,388.0,20100.44140625,6676.1533203125,1020.8998413085938,4109.92333984375
2018-04-04,1084.951171875,29879.05078125,24501.994140625,8815.2607421875,6286.10546875,5131.0751953125,14292.4169921875,10978.5185546875,39263.2421875,748.6102905273438,2757.873291015625,14120.072265625,394.0,20038.3984375,6676.1533203125,1020.8998413085938,3965.62255859375
2018-04-05,1084.951171875,30052.869140625,24968.96484375,9023.291015625,6234.68603515625,5131.0751953125,14366.6259765625,11229.8349609375,39116.89453125,764.3370971679688,2769.683349609375,14403.8916015625,391.0,20348.587890625,6676.1533203125,1020.8998413085938,3965.62255859375
2018-04-06,1084.951171875,30052.869140625,24968.96484375,9023.291015625,6234.68603515625,5131.0751953125,14366.6259765625,11229.8349609375,39116.89453125,764.3370971679688,2769.683349609375,14403.8916015625,391.0,20348.587890625,6676.1533203125,1020.8998413085938,3965.62255859375
2018-04-09,1086.93115234375,30021.26171875,25188.7109375,9309.3310546875,6215.404296875,5149.24853515625,14989.97265625,11520.8330078125,38858.0,761.1921997070312,2775.5888671875,14474.8466796875,404.0,20736.33203125,6676.1533203125,1023.4267578125,4040.4453125
2018-04-10,1104.7496337890625,30005.462890625,25202.4453125,9374.341796875,6273.25048828125,5234.06005859375,15019.65625,11507.6064453125,39060.63671875,773.7740478515625,2772.63671875,14427.5439453125,401.0,20713.76171875,6665.80322265625,1025.9537353515625,4029.756103515625
2018-04-11,1179.9835205078125,30021.26171875,25147.5078125,9179.3125,6297.17236328125,5256.623046875,14722.8291015625,11507.6064453125,39083.140625,773.7740478515625,2766.731201171875,14474.8466796875,392.0,20900.228515625,6572.64794921875,1031.0076904296875,4035.10107421875
2018-04-12,1170.084228515625,30021.26171875,25188.7109375,9179.3125,6297.17236328125,5281.01611328125,14707.9794921875,11507.6064453125,38880.5,773.7740478515625,2763.777587890625,14427.5439453125,399.0,20573.90234375,6572.64794921875,1028.480712890625,4029.756103515625
2018-04-13,1187.97412109375,30021.26171875,25188.7109375,9179.3125,6297.17236328125,5281.01611328125,14707.9794921875,11507.6064453125,38880.5,773.7740478515625,2763.777587890625,14427.5439453125,399.0,20573.90234375,6572.64794921875,1028.480712890625,4029.756103515625
2018-04-16,1109.580078125,30021.26171875,24941.4921875,9088.30078125,6264.84619140625,5177.3466796875,14485.3583984375,11269.5146484375,39004.3203125,770.6286010742188,2741.429443359375,14368.4169921875,400.0,20698.2265625,6572.64794921875,1031.0076904296875,4029.756103515625
2018-04-17,1153.802490234375,30100.267578125,25065.10546875,9348.337890625,6323.033203125,5183.4443359375,14648.6162109375,11295.9697265625,38948.0625,773.7740478515625,2753.348876953125,14427.5439453125,400.0,20527.29296875,6572.64794921875,1031.0076904296875,4029.21240234375
2018-04-18,1179.933837890625,30289.873046875,25161.2421875,9556.3671875,6368.28955078125,5122.46240234375,14784.2353515625,11350.4638671875,38610.3515625,780.0645141601562,2750.36865234375,14427.5439453125,398.0,20636.068359375,6572.64794921875,1031.0076904296875,4067.325927734375
2018-04-19,1218.1259765625,30305.66796875,25147.5078125,9647.3798828125,6361.8251953125,5122.46240234375,14828.947265625,11164.3935546875,39060.63671875,783.2100830078125,2750.36865234375,14191.0283203125,397.0,20853.62109375,6572.64794921875,1031.0076904296875,4050.99072265625
2018-04-20,1218.1259765625,30305.66796875,25147.5078125,9647.3798828125,6361.8251953125,5122.46240234375,14828.947265625,11164.3935546875,39060.63671875,783.2100830078125,2750.36865234375,14191.0283203125,397.0,20853.62109375,6572.64794921875,1031.0076904296875,4050.99072265625
2018-04-23,1240.2371826171875,30558.478515625,25106.306640625,9816.4052734375,6452.3369140625,5067.580078125,14918.3701171875,10832.1162109375,39004.3203125,786.3553466796875,2732.48974609375,14191.0283203125,400.0,20589.45703125,6572.64794921875,1036.061767578125,4170.77880859375
2018-04-24,1230.1865234375,30590.08203125,24804.1484375,9426.349609375,6445.87451171875,5061.48095703125,15171.728515625,10832.1162109375,39060.63671875,780.0645141601562,2729.510009765625,14131.8984375,413.0,20838.0859375,6458.791015625,1041.1158447265625,4187.11376953125
2018-04-25,1224.15625,30558.478515625,25051.375,9686.384765625,6445.87451171875,5049.28515625,14858.75390625,10925.1533203125,39213.1796875,782.5894775390625,2741.429443359375,14250.1552734375,412.0,20853.62109375,6417.3876953125,1041.1158447265625,4127.2197265625
2018-04-26,1210.08544921875,30621.6796875,25312.3203125,9517.361328125,6361.8251953125,5049.28515625,14814.0458984375,11004.900390625,39213.1796875,779.433349609375,2729.510009765625,14189.775390625,407.0,20791.46484375,6417.3876953125,1038.5885009765625,4138.1103515625
2018-04-27,1210.08544921875,30621.6796875,25312.3203125,9517.361328125,6361.8251953125,5049.28515625,14814.0458984375,11004.900390625,39213.1796875,779.433349609375,2729.510009765625,14189.775390625,407.0,20791.46484375,6417.3876953125,1038.5885009765625,4138.1103515625
2018-04-30,1246.26708984375,30795.490234375,25065.10546875,9413.34765625,6420.0126953125,5030.9912109375,14903.4658203125,11031.48046875,39269.6796875,779.433349609375,2759.30859375,14588.2939453125,413.0,21133.322265625,6458.791015625,1041.1158447265625,4029.21240234375
2018-05-01,1246.26708984375,30795.490234375,25065.10546875,9413.34765625,6420.0126953125,5030.9912109375,14903.4658203125,11031.48046875,39269.6796875,779.433349609375,2759.30859375,14588.2939453125,413.0,21133.322265625,6458.791015625,1041.1158447265625,4029.21240234375
2018-05-02,1248.2774658203125,30289.873046875,24927.759765625,9309.3310546875,6342.42919921875,5079.77587890625,14873.6611328125,11177.68359375,39552.2109375,782.5894775390625,2771.22705078125,14479.607421875,413.0,20977.92578125,6458.791015625,1041.1158447265625,4138.1103515625
2018-05-03,1244.2572021484375,29879.05078125,24927.759765625,9088.30078125,6180.796875,5049.28515625,13964.54296875,11031.48046875,39552.2109375,769.9666137695312,2741.429443359375,14382.99609375,411.0,20977.92578125,6458.791015625,1036.061767578125,4132.66552734375
2018-05-04,1244.2572021484375,29879.05078125,24927.759765625,9088.30078125,6180.796875,5049.28515625,13964.54296875,11031.48046875,39552.2109375,769.9666137695312,2741.429443359375,14382.99609375,411.0,20977.92578125,6458.791015625,1036.061767578125,4132.66552734375
2018-05-07,1218.1259765625,29942.2578125,24721.748046875,9036.29296875,6180.796875,5049.28515625,14501.072265625,10898.572265625,38840.25390625,766.8110961914062,2681.833251953125,14141.46875,402.0,20807.0,6458.791015625,1041.1158447265625,4072.770263671875
2018-05-08,1240.2371826171875,29705.24609375,24186.109375,8945.2802734375,6070.8876953125,5024.892578125,14113.583984375,11044.7705078125,38840.25390625,766.8110961914062,2681.833251953125,14129.3935546875,402.0,20862.234375,6458.791015625,1038.5885009765625,4072.770263671875
2018-05-09,1270.388671875,29973.857421875,24515.734375,8984.283203125,6129.07470703125,5030.9912109375,14173.197265625,11164.3935546875,39540.88671875,773.1224975585938,2732.48974609375,14117.3154296875,400.0,20862.234375,6458.791015625,1038.5885009765625,4138.1103515625
2018-05-10,1246.26708984375,29831.65234375,24653.078125,9153.3076171875,6122.60986328125,5000.49853515625,14366.939453125,11177.68359375,39529.59375,766.8110961914062,2756.329833984375,13899.94140625,392.0,20815.529296875,6458.791015625,1041.1158447265625,4012.876220703125
2018-05-11,1246.26708984375,29831.65234375,24653.078125,9153.3076171875,6122.60986328125,5000.49853515625,14366.939453125,11177.68359375,39529.59375,766.8110961914062,2756.329833984375,13899.94140625,392.0,20815.529296875,6458.791015625,1041.1158447265625,4012.876220703125
2018-05-14,1246.26708984375,29831.65234375,24653.078125,9153.3076171875,6122.60986328125,5000.49853515625,14366.939453125,11177.68359375,39529.59375,766.8110961914062,2756.329833984375,13899.94140625,392.0,20815.529296875,6458.791015625,1041.1158447265625,4012.876220703125
2018-05-15,1322.6513671875,30021.26171875,24584.40234375,9400.3427734375,6148.470703125,4939.51904296875,14381.8447265625,11204.2646484375,39495.70703125,769.9666137695312,2747.389404296875,14032.7802734375,391.0,20675.400390625,6458.791015625,1043.642578125,4093.1025390625
2018-05-16,1288.479736328125,29847.45703125,24035.03515625,9153.3076171875,6142.0048828125,4927.31982421875,14158.29296875,11031.48046875,39484.375,766.8110961914062,2729.510009765625,14008.6279296875,385.0,20613.1328125,6458.791015625,1041.1158447265625,4147.67724609375
2018-05-17,1274.408935546875,29262.833984375,23623.0078125,8971.28515625,5838.13818359375,4768.76904296875,14039.0673828125,10778.953125,39495.70703125,757.3444213867188,2735.47021484375,13936.169921875,385.0,20379.58984375,6417.3876953125,1041.1158447265625,4038.52685546875
2018-05-18,1274.408935546875,29262.833984375,23623.0078125,8971.28515625,5838.13818359375,4768.76904296875,14039.0673828125,10778.953125,39495.70703125,757.3444213867188,2735.47021484375,13936.169921875,385.0,20379.58984375,6417.3876953125,1041.1158447265625,4038.52685546875
2018-05-21,1256.3179931640625,28994.220703125,23705.416015625,9036.29296875,5741.1591796875,4695.59033203125,13904.9326171875,10911.861328125,39382.6796875,757.3444213867188,2723.550537109375,14358.8427734375,392.0,20255.048828125,6210.3759765625,1038.5885009765625,4147.67724609375
2018-05-22,1250.28759765625,29262.833984375,24309.716796875,9127.3076171875,5760.55322265625,4695.59033203125,13979.453125,11058.0625,39382.6796875,769.9666137695312,2690.772705078125,14431.3037109375,390.0,20130.5,6210.3759765625,1036.061767578125,4240.453125
2018-05-23,1216.11572265625,29278.625,24515.734375,9270.326171875,5948.04736328125,4841.94677734375,14009.259765625,11177.68359375,39382.6796875,773.1224975585938,2726.530517578125,14419.2275390625,384.0,20130.5,6210.3759765625,1036.061767578125,4256.828125
2018-05-24,1236.216796875,29231.224609375,24639.341796875,9192.3154296875,6064.42138671875,4823.65234375,14158.29296875,11257.4287109375,39382.6796875,769.9666137695312,2741.429443359375,14624.5234375,387.0,20223.91796875,6210.3759765625,1036.061767578125,4245.9130859375
2018-05-25,1236.216796875,29231.224609375,24639.341796875,9192.3154296875,6064.42138671875,4823.65234375,14158.29296875,11257.4287109375,39382.6796875,769.9666137695312,2741.429443359375,14624.5234375,387.0,20223.91796875,6210.3759765625,1036.061767578125,4245.9130859375
2018-05-28,1165.863037109375,28962.603515625,24117.44140625,9088.30078125,5948.04736328125,4726.0810546875,14381.8447265625,11244.1376953125,39535.828125,778.8317260742188,2711.63134765625,14841.8994140625,380.0,20192.767578125,6210.3759765625,1036.061767578125,4251.37060546875
2018-05-29,1218.1259765625,29073.22265625,24378.388671875,9140.306640625,5922.18701171875,4817.5537109375,14486.1689453125,11297.30078125,39694.65234375,775.6656494140625,2732.48974609375,14974.740234375,382.0,20239.484375,6210.3759765625,1041.1158447265625,4251.37060546875
2018-05-30,1254.3079833984375,29373.44140625,24309.716796875,9101.302734375,5883.39306640625,4884.63427734375,14486.1689453125,11297.30078125,39354.34375,781.9973754882812,2753.348876953125,15361.1865234375,382.0,20286.181640625,6469.1416015625,1051.2236328125,4245.9130859375
2018-05-31,1242.2470703125,29326.03125,24241.052734375,9205.3173828125,5948.04736328125,4939.51904296875,14471.2666015625,11297.30078125,39694.65234375,788.3292236328125,2741.429443359375,15180.0380859375,400.0,20099.36328125,6458.791015625,1046.169677734375,4245.9130859375
2018-06-01,1242.2470703125,29326.03125,24241.052734375,9205.3173828125,5948.04736328125,4939.51904296875,14471.2666015625,11297.30078125,39694.65234375,788.3292236328125,2741.429443359375,15180.0380859375,400.0,20099.36328125,6458.791015625,1046.169677734375,4245.9130859375
2018-06-04,1242.2470703125,29326.03125,24241.052734375,9205.3173828125,5948.04736328125,4939.51904296875,14471.2666015625,11297.30078125,39694.65234375,788.3292236328125,2741.429443359375,15180.0380859375,400.0,20099.36328125,6458.791015625,1046.169677734375,4245.9130859375
2018-06-05,1238.226806640625,29721.048828125,24515.734375,9348.337890625,6206.65771484375,4909.02734375,14471.2666015625,11297.30078125,39365.67578125,781.9973754882812,2759.30859375,15578.560546875,396.0,20690.974609375,6458.791015625,1048.696533203125,4251.37060546875
2018-06-06,1212.0955810546875,29642.041015625,24460.794921875,9361.3388671875,6083.81787109375,5006.59765625,14590.4970703125,11297.30078125,39365.67578125,788.3292236328125,2786.127197265625,15445.71875,395.0,20831.09765625,6469.1416015625,1051.2236328125,4245.9130859375
2018-06-07,1230.1865234375,29547.248046875,24460.794921875,9465.35546875,6025.63134765625,4909.02734375,14515.9794921875,11204.2646484375,39649.296875,788.3292236328125,2798.0458984375,15337.033203125,395.0,20644.26171875,6469.1416015625,1053.75048828125,4245.9130859375
2018-06-08,1230.1865234375,29547.248046875,24460.794921875,9465.35546875,6025.63134765625,4909.02734375,14515.9794921875,11204.2646484375,39649.296875,788.3292236328125,2798.0458984375,15337.033203125,395.0,20684.001953125,6469.1416015625,1053.75048828125,4245.9130859375
2018-06-11,1230.1865234375,29547.248046875,24460.794921875,9465.35546875,6025.63134765625,4909.02734375,14515.9794921875,11204.2646484375,39649.296875,788.3292236328125,2798.0458984375,15337.033203125,395.0,20684.001953125,6469.1416015625,1053.75048828125,4245.9130859375
2018-06-12,1208.0751953125,29262.833984375,24268.513671875,9595.3740234375,6180.796875,4890.73095703125,14098.673828125,11124.5166015625,39252.22265625,785.1636352539062,2786.127197265625,15506.1005859375,389.0,20715.208984375,6469.1416015625,1053.75048828125,4245.9130859375
2018-06-13,1210.08544921875,29389.23828125,24392.12890625,9491.357421875,6206.65771484375,4939.51904296875,14456.361328125,11177.68359375,39138.76953125,778.8317260742188,2741.429443359375,15445.71875,389.0,20652.806640625,6469.1416015625,1056.2774658203125,4174.962890625
2018-06-14,1208.0751953125,29326.03125,24172.37890625,9374.341796875,6167.86669921875,5000.49853515625,14471.2666015625,11496.6630859375,38650.953125,778.8317260742188,2774.207275390625,15409.4912109375,389.0,20512.42578125,6469.1416015625,1056.2774658203125,4245.9130859375
2018-06-15,1208.0751953125,29326.03125,24172.37890625,9374.341796875,6167.86669921875,5000.49853515625,14471.2666015625,11496.6630859375,38650.953125,778.8317260742188,2774.207275390625,15409.4912109375,389.0,20512.42578125,6469.1416015625,1056.2774658203125,4255.21044921875
2018-06-18,1200.0347900390625,29515.634765625,24447.064453125,9179.3125,6116.1455078125,4970.00830078125,14679.9150390625,11563.1201171875,39127.4375,775.6656494140625,2783.147705078125,15457.796875,387.0,20684.001953125,6469.1416015625,1058.804443359375,4249.74072265625
2018-06-19,1167.873291015625,29025.8125,24419.59375,8919.2734375,6077.35205078125,5000.49853515625,14560.6845703125,11390.337890625,38571.5546875,769.3336791992188,2720.570556640625,15180.0380859375,382.0,20668.416015625,6469.1416015625,1058.804443359375,4238.8017578125
2018-06-20,1155.8125,29025.8125,24213.58203125,8867.2705078125,6129.07470703125,4976.10693359375,14307.328125,11363.7568359375,39127.4375,766.16748046875,2771.22705078125,15192.1142578125,391.0,20762.00390625,6469.1416015625,1056.2774658203125,4238.8017578125
2018-06-21,1143.7518310546875,28915.21875,23925.16015625,8906.2744140625,6154.9365234375,5061.48095703125,14396.75,11563.1201171875,38650.953125,763.0011596679688,2759.30859375,15204.19140625,385.0,20995.990234375,6469.1416015625,1056.2774658203125,4227.861328125
2018-06-22,1143.7518310546875,28915.21875,23925.16015625,8906.2744140625,6154.9365234375,5061.48095703125,14396.75,11563.1201171875,38650.953125,763.0011596679688,2759.30859375,15204.19140625,385.0,20995.990234375,6469.1416015625,1086.1597900390625,4227.861328125
2018-06-25,1133.7012939453125,28662.400390625,23513.123046875,9036.29296875,6206.65771484375,5183.4443359375,14158.29296875,11244.1376953125,38798.44921875,753.5037841796875,2765.268310546875,15035.1201171875,376.0,21058.375,6469.1416015625,1057.5767822265625,4227.861328125
2018-06-26,1159.8326416015625,28971.224609375,24015.99609375,9270.326171875,6303.63671875,5244.427734375,14441.45703125,11563.1201171875,39271.09765625,775.1044921875,2771.22705078125,15095.5048828125,385.0,21120.7734375,6469.1416015625,1062.773681640625,4233.33251953125
2018-06-27,1194.00439453125,29018.802734375,24153.85546875,9244.3232421875,6277.77734375,5195.640625,14679.9150390625,11563.1201171875,39088.86328125,784.6345825195312,2762.287841796875,15264.57421875,385.0,20902.396484375,6469.1416015625,1054.978271484375,4222.39306640625
2018-06-28,1200.0347900390625,29209.083984375,23974.62890625,9361.3388671875,6290.7060546875,5244.427734375,14486.1689453125,11642.8662109375,38724.3984375,778.2817993164062,2765.268310546875,15107.580078125,385.0,20746.404296875,6210.3759765625,1052.3798828125,4222.39306640625
2018-06-29,1200.0347900390625,29209.083984375,23974.62890625,9361.3388671875,6290.7060546875,5244.427734375,14486.1689453125,11642.8662109375,38724.3984375,778.2817993164062,2765.268310546875,15107.580078125,385.0,20746.404296875,6210.3759765625,1052.3798828125,4222.39306640625
2018-07-02,1200.0347900390625,29209.083984375,23974.62890625,9361.3388671875,6290.7060546875,5244.427734375,14486.1689453125,11642.8662109375,38724.3984375,778.2817993164062,2765.268310546875,15107.580078125,385.0,20746.404296875,6210.3759765625,1052.3798828125,4222.39306640625
2018-07-03,1177.9237060546875,29621.3671875,24953.466796875,9114.3037109375,6335.96435546875,5262.720703125,14754.427734375,11443.5029296875,38838.3046875,765.5745239257812,2771.22705078125,15216.2685546875,384.0,20434.43359375,6210.3759765625,1060.1751708984375,4216.9228515625
2018-07-04,1177.9237060546875,29843.369140625,24953.466796875,9426.349609375,6386.03759765625,5279.2958984375,14814.0458984375,11443.5029296875,38861.07421875,775.1044921875,2768.24755859375,15155.8857421875,380.0,20902.396484375,6210.3759765625,1060.1751708984375,4216.9228515625
2018-07-05,1163.8529052734375,29875.0859375,24953.466796875,9426.349609375,6405.54638671875,5303.85009765625,14560.6845703125,11549.8310546875,39236.9453125,762.3982543945312,2765.268310546875,15216.2685546875,376.0,21058.375,6189.6748046875,1052.3798828125,4216.9228515625
2018-07-06,1163.8529052734375,29875.0859375,24953.466796875,9605.87890625,6405.54638671875,5303.85009765625,14622.0439453125,11604.580078125,39236.9453125,762.3982543945312,2765.268310546875,15216.2685546875,376.0,21058.375,6189.6748046875,1052.3798828125,4216.9228515625
2018-07-09,1206.0653076171875,29145.66015625,24815.599609375,9380.6376953125,6301.49755859375,5217.908203125,14262.857421875,11377.5615234375,39066.11328125,759.2218017578125,2756.329833984375,15095.5048828125,373.0,20793.205078125,6189.6748046875,1054.978271484375,4102.06591796875
2018-07-10,1214.1058349609375,29240.7890625,24843.181640625,9420.384765625,6373.03076171875,5242.4638671875,14262.857421875,11364.2099609375,39248.3515625,756.0449829101562,2720.570556640625,15095.5048828125,382.0,21176.84375,5941.259765625,1052.3798828125,4102.06591796875
2018-07-11,1187.97412109375,29240.7890625,24843.181640625,9314.3896484375,6373.03076171875,5242.4638671875,14277.8232421875,11390.912109375,39179.9921875,756.0449829101562,2705.672119140625,14998.892578125,370.0,21223.736328125,5941.259765625,1054.978271484375,4102.06591796875
2018-07-12,1183.9539794921875,29224.935546875,24663.955078125,9234.8916015625,6308.0009765625,5138.10400390625,14217.95703125,11257.376953125,39077.48828125,752.868408203125,2702.691650390625,14853.974609375,366.0,21020.556640625,5713.54541015625,1054.978271484375,4102.06591796875
2018-07-13,1183.9539794921875,29224.935546875,24663.955078125,9234.8916015625,6308.0009765625,5138.10400390625,14217.95703125,11257.376953125,39077.48828125,752.868408203125,2702.691650390625,14853.974609375,366.0,21020.556640625,5713.54541015625,1054.978271484375,4102.06591796875
2018-07-16,1181.9437255859375,29367.662109375,24801.8203125,9380.6376953125,6288.49072265625,5095.1328125,14277.8232421875,11617.93359375,39521.6796875,752.868408203125,2761.3486328125,14769.4404296875,361.0,21098.705078125,5744.59765625,1054.978271484375,4105.90234375
2018-07-17,1189.9842529296875,29637.232421875,24815.599609375,9393.8876953125,6281.98779296875,5095.1328125,14322.72265625,11617.93359375,39567.234375,746.514892578125,2755.331787109375,14672.830078125,365.0,21208.111328125,5692.845703125,1052.3798828125,4089.4580078125
2018-07-18,1191.9942626953125,29573.802734375,24677.732421875,9433.6357421875,6288.49072265625,5095.1328125,14592.1171875,11671.34765625,39476.125,749.69189453125,2728.260009765625,14781.5166015625,365.0,21286.248046875,5692.845703125,1057.5767822265625,4073.011962890625
2018-07-19,1191.9942626953125,29573.802734375,24677.732421875,9433.6357421875,6288.49072265625,5095.1328125,14592.1171875,11671.34765625,39476.125,749.69189453125,2728.260009765625,14781.5166015625,365.0,21286.248046875,5692.845703125,1057.5767822265625,4073.011962890625
2018-07-20,1191.9942626953125,29573.802734375,24677.732421875,9433.6357421875,6288.49072265625,5095.1328125,14592.1171875,11671.34765625,39476.125,749.69189453125,2728.260009765625,14781.5166015625,365.0,21286.248046875,5692.845703125,1057.5767822265625,4073.011962890625
2018-07-23,1194.00439453125,29240.7890625,24636.376953125,9486.6357421875,6249.47265625,5095.1328125,14696.880859375,11831.5986328125,39157.21875,752.868408203125,2725.25244140625,14793.595703125,365.0,20942.419921875,5247.76708984375,1049.7813720703125,4018.193359375
2018-07-24,1191.9942626953125,29177.365234375,24608.80859375,9433.6357421875,6216.95654296875,4984.63818359375,14666.9443359375,11818.244140625,39009.1328125,749.69189453125,2728.260009765625,14745.287109375,365.0,20879.904296875,5247.76708984375,1054.978271484375,3946.929931640625
2018-07-25,1206.0653076171875,28606.509765625,23712.6875,9142.1474609375,6138.919921875,4910.9716796875,14711.845703125,11617.93359375,39555.84765625,733.8082275390625,2713.220703125,14491.68359375,365.0,20911.166015625,5196.01513671875,1047.182861328125,4056.56689453125
2018-07-26,1208.0751953125,28669.931640625,24112.49609375,9460.134765625,6073.888671875,5003.05224609375,14487.3515625,11764.8271484375,39733.05078125,742.7340087890625,2713.220703125,14709.0595703125,365.0,21051.822265625,5196.01513671875,1047.182861328125,4056.56689453125
2018-07-27,1208.0751953125,28669.931640625,24112.49609375,9460.134765625,6073.888671875,5003.05224609375,14487.3515625,11764.8271484375,39733.05078125,742.7340087890625,2713.220703125,14709.0595703125,365.0,21051.822265625,5196.01513671875,1047.182861328125,4056.56689453125
2018-07-30,1238.226806640625,29431.083984375,24388.21875,9539.6318359375,6041.373046875,4935.52783203125,14726.8095703125,11818.244140625,39996.0546875,745.9216918945312,2722.24365234375,14696.9833984375,365.0,21020.556640625,5196.01513671875,1039.387451171875,4051.083740234375
2018-07-31,1234.2066650390625,28622.369140625,23974.62890625,9407.134765625,5982.84619140625,4910.9716796875,14517.28515625,11617.93359375,39161.359375,729.9829711914062,2701.18798828125,14346.7666015625,387.0,21051.822265625,5227.06640625,1044.5843505859375,3914.039306640625
2018-08-01,1256.3179931640625,28685.7890625,24291.72265625,9261.392578125,5982.84619140625,4904.833984375,14637.0126953125,11818.244140625,39241.3984375,726.7955322265625,2710.21142578125,14491.68359375,387.0,21051.822265625,5175.3134765625,1044.5843505859375,4056.56689453125
2018-08-02,1258.328125,28479.65625,24250.35546875,9155.396484375,5976.3427734375,4880.2783203125,14367.626953125,11617.93359375,39435.78515625,733.1707763671875,2695.171630859375,14672.830078125,387.0,21176.84375,5123.56005859375,1044.5843505859375,4138.79345703125
2018-08-03,1258.328125,28479.65625,24250.35546875,9155.396484375,5976.3427734375,4880.2783203125,14367.626953125,11617.93359375,39435.78515625,733.1707763671875,2695.171630859375,14672.830078125,387.0,21176.84375,5123.56005859375,1044.5843505859375,4138.79345703125
2018-08-06,1262.3482666015625,28622.369140625,24181.42578125,9089.1474609375,5787.75341796875,4849.5849609375,14442.453125,11417.623046875,39435.78515625,739.5464477539062,2698.179931640625,14612.4462890625,380.0,20754.875,5123.56005859375,1044.5843505859375,4138.79345703125
2018-08-07,1262.3482666015625,28622.369140625,24181.42578125,9089.1474609375,5787.75341796875,4849.5849609375,14442.453125,11417.623046875,39435.78515625,739.5464477539062,2698.179931640625,14612.4462890625,380.0,20754.875,5123.56005859375,1044.5843505859375,4138.79345703125
2018-08-08,1276.4190673828125,28939.509765625,24333.08203125,9261.392578125,5917.8154296875,4880.2783203125,14891.44140625,11818.244140625,39447.2265625,739.5464477539062,2707.204345703125,14648.6767578125,380.0,21020.556640625,4657.7822265625,1044.5843505859375,4056.56689453125
2018-08-09,1218.1259765625,29415.23046875,24333.08203125,9208.3935546875,5982.84619140625,4910.9716796875,14816.6083984375,11871.6572265625,39447.2265625,739.5464477539062,2710.21142578125,14624.5234375,379.0,20982.1640625,4657.7822265625,1047.182861328125,4253.912109375
2018-08-10,1218.1259765625,29415.23046875,24333.08203125,9208.3935546875,5982.84619140625,4910.9716796875,14816.6083984375,11871.6572265625,39447.2265625,739.5464477539062,2710.21142578125,14624.5234375,379.0,20982.1640625,4657.7822265625,1047.182861328125,4253.912109375
2018-08-13,1230.1865234375,28955.3671875,23905.69140625,9062.646484375,5826.77392578125,4831.16943359375,14592.1171875,11818.244140625,39241.3984375,739.5464477539062,2695.171630859375,14491.68359375,370.0,20825.580078125,4864.79443359375,1047.182861328125,4248.4326171875
2018-08-14,1246.26708984375,29145.66015625,23974.62890625,9102.400390625,5865.7890625,4837.30810546875,14741.7734375,11671.34765625,39161.359375,736.3585205078125,2707.204345703125,14576.216796875,372.0,20935.185546875,4864.79443359375,1047.182861328125,4065.484619140625
2018-08-15,1206.0653076171875,28939.509765625,24236.572265625,9168.646484375,5885.30029296875,4904.833984375,14592.1171875,11804.888671875,39412.9296875,755.4847412109375,2707.204345703125,14491.68359375,342.0,20966.5078125,5097.68359375,1049.7813720703125,4065.484619140625
2018-08-16,1232.19677734375,29034.6640625,24443.380859375,9036.1533203125,5911.3125,4972.359375,14382.58984375,11684.7041015625,39161.359375,758.6727294921875,2710.21142578125,14479.607421875,361.0,20888.216796875,5175.3134765625,1049.7813720703125,3911.654541015625
2018-08-17,1232.19677734375,29034.6640625,24443.380859375,9036.1533203125,5911.3125,4972.359375,14382.58984375,11684.7041015625,39161.359375,758.6727294921875,2710.21142578125,14479.607421875,361.0,20888.216796875,5175.3134765625,1049.7813720703125,3911.654541015625
2018-08-20,1232.19677734375,29034.6640625,24443.380859375,9036.1533203125,5911.3125,4972.359375,14382.58984375,11684.7041015625,39161.359375,758.6727294921875,2710.21142578125,14479.607421875,361.0,20888.216796875,5175.3134765625,1049.7813720703125,3911.654541015625
2018-08-21,1262.3482666015625,29018.802734375,24512.3046875,9049.400390625,5956.8330078125,4990.77587890625,14457.4208984375,11724.7666015625,39424.34375,765.0477905273438,2713.220703125,14721.1357421875,365.0,20903.873046875,5071.806640625,1052.3798828125,3983.076171875
2018-08-22,1294.509765625,29256.658203125,24663.955078125,9062.646484375,5963.33740234375,5009.19140625,14292.791015625,11804.888671875,39435.78515625,752.297119140625,2716.22802734375,14793.595703125,363.0,20903.873046875,5071.806640625,1052.3798828125,3972.0888671875
2018-08-23,1302.5504150390625,29335.9375,24333.08203125,9142.1474609375,5956.8330078125,4996.91455078125,14412.51953125,11698.0576171875,39424.34375,761.8599243164062,2710.21142578125,14612.4462890625,355.0,20966.5078125,5071.806640625,1054.978271484375,3911.654541015625
2018-08-24,1302.5504150390625,29335.9375,24333.08203125,9142.1474609375,5956.8330078125,4996.91455078125,14412.51953125,11698.0576171875,39424.34375,761.8599243164062,2710.21142578125,14612.4462890625,355.0,20966.5078125,5071.806640625,1054.978271484375,3911.654541015625
2018-08-27,1328.681884765625,29098.083984375,24622.59765625,9195.1435546875,5852.78369140625,4910.9716796875,14487.3515625,11791.53125,39447.2265625,761.8599243164062,2713.220703125,14672.830078125,345.0,20856.89453125,5071.806640625,1060.1751708984375,3845.72705078125
2018-08-28,1338.732421875,29335.9375,24815.599609375,9115.6474609375,5820.2685546875,4972.359375,14442.453125,11818.244140625,39602.18359375,761.2205810546875,2719.23583984375,14733.2109375,338.0,20825.580078125,5071.806640625,1065.3721923828125,3856.71630859375
2018-08-29,1360.843505859375,28558.935546875,24126.283203125,9009.650390625,5852.78369140625,4972.359375,14217.95703125,11738.1201171875,39602.18359375,764.4188842773438,2719.23583984375,14672.830078125,357.0,20982.1640625,5071.806640625,1075.7657470703125,3873.197265625
2018-08-30,1384.9649658203125,28543.0703125,24126.283203125,8983.15234375,5690.20703125,4910.9716796875,14098.228515625,11724.7666015625,39487.3984375,764.4188842773438,2722.24365234375,14733.2109375,357.0,20841.232421875,5071.806640625,1062.773681640625,3735.850830078125
2018-08-31,1384.9649658203125,28543.0703125,24126.283203125,8983.15234375,5690.20703125,4910.9716796875,14098.228515625,11724.7666015625,39487.3984375,764.4188842773438,2722.24365234375,14733.2109375,357.0,20841.232421875,5071.806640625,1062.773681640625,3735.850830078125
2018-09-03,1364.8636474609375,28463.794921875,24333.08203125,8903.6552734375,5735.7265625,4739.087890625,14173.0595703125,11657.99609375,39349.6484375,751.625244140625,2704.196044921875,14612.4462890625,340.0,20888.216796875,5071.806640625,1067.970458984375,3735.850830078125
2018-09-04,1388.98486328125,27861.208984375,23657.546875,8890.40625,5599.1630859375,4726.8095703125,13918.630859375,11631.2880859375,39602.18359375,761.2205810546875,2716.22802734375,14612.4462890625,363.0,20762.943359375,5071.806640625,1073.16748046875,3867.703857421875
2018-09-05,1378.9346923828125,26989.068359375,23092.296875,8559.1689453125,5410.572265625,4702.25537109375,13364.880859375,11577.873046875,39452.9609375,751.625244140625,2704.196044921875,14552.06640625,363.0,20809.919921875,5071.806640625,1073.16748046875,3845.72705078125
2018-09-06,1362.853759765625,26449.91796875,22402.9765625,8625.41796875,5098.42529296875,4800.474609375,12870.994140625,10723.21875,39200.43359375,742.0299682617188,2707.204345703125,14382.99609375,350.0,20747.29296875,4916.546875,1049.7813720703125,3845.72705078125
2018-09-07,1362.853759765625,26449.91796875,22402.9765625,8625.41796875,5098.42529296875,4800.474609375,12870.994140625,10723.21875,39200.43359375,742.0299682617188,2707.204345703125,14382.99609375,350.0,20747.29296875,4916.546875,1049.7813720703125,3845.72705078125
2018-09-10,1370.89404296875,26386.48828125,22430.54296875,8916.9052734375,4877.3193359375,4346.2109375,13005.69140625,10376.0185546875,39028.234375,761.2205810546875,2695.171630859375,14382.99609375,353.0,20590.708984375,4916.546875,1054.978271484375,3845.72705078125
2018-09-11,1417.5343017578125,26878.0625,22747.634765625,8930.1552734375,5098.42529296875,4444.42919921875,13155.353515625,10669.8046875,39200.43359375,754.8239135742188,2704.196044921875,14491.68359375,351.0,20552.232421875,4916.546875,1052.3798828125,3840.234375
2018-09-12,1556.02880859375,27274.49609375,23492.109375,8863.9072265625,5013.88525390625,4444.42919921875,13020.65625,10509.5556640625,39200.43359375,758.022216796875,2695.171630859375,14491.68359375,341.0,20238.4609375,4916.546875,1049.7813720703125,3840.234375
2018-09-13,1533.6256103515625,27433.0703125,23505.890625,9036.1533203125,4968.36279296875,4247.9912109375,13020.65625,10509.5556640625,39200.43359375,764.4188842773438,2695.171630859375,14322.61328125,332.0,20254.150390625,4916.546875,1044.5843505859375,3801.77685546875
2018-09-14,1533.6256103515625,27433.0703125,23505.890625,9036.1533203125,4968.36279296875,4247.9912109375,13020.65625,10509.5556640625,39200.43359375,764.4188842773438,2695.171630859375,14322.61328125,332.0,20254.150390625,4916.546875,1044.5843505859375,3801.77685546875
2018-09-17,1576.395751953125,27512.35546875,23230.16015625,8691.6650390625,4961.8603515625,4235.71337890625,12856.02734375,10349.306640625,39028.234375,735.6328735351562,2665.09228515625,13755.021484375,338.0,19673.66015625,4916.546875,1047.182861328125,3645.917724609375
2018-09-18,1604.9095458984375,27433.0703125,23436.962890625,8943.4033203125,5007.3818359375,4235.71337890625,13020.65625,10429.4326171875,38695.36328125,735.6328735351562,2647.043701171875,13706.7177734375,337.0,19908.998046875,4916.546875,1047.182861328125,3689.97802734375
2018-09-19,1568.2490234375,27433.0703125,23436.962890625,8863.9072265625,4994.37451171875,4174.32666015625,12990.724609375,10416.0771484375,39028.234375,732.4346923828125,2647.043701171875,13284.044921875,335.0,19563.841796875,4725.060546875,1044.5843505859375,3794.615966796875
2018-09-20,1513.25830078125,26560.91796875,22196.1796875,8625.41796875,4890.32666015625,4045.412841796875,12721.3310546875,10015.458984375,38741.26953125,729.2365112304688,2650.0517578125,13465.1884765625,334.0,19610.908203125,4725.060546875,1041.98583984375,3794.615966796875
2018-09-21,1513.25830078125,26560.91796875,22196.1796875,8625.41796875,4890.32666015625,4045.412841796875,12721.3310546875,10015.458984375,38741.26953125,729.2365112304688,2650.0517578125,13465.1884765625,334.0,19610.908203125,4725.060546875,1041.98583984375,3794.615966796875
2018-09-24,1588.6162109375,26560.91796875,22044.52734375,8784.4111328125,4994.37451171875,3990.1650390625,11898.1865234375,9467.9462890625,39028.234375,729.2365112304688,2683.14013671875,13428.9599609375,327.0,19250.064453125,4813.041015625,1047.182861328125,3794.615966796875
2018-09-25,1600.8358154296875,26425.212890625,21594.298828125,8731.4111328125,5013.88525390625,4051.552001953125,12002.9501953125,9467.9462890625,39183.8203125,735.0135498046875,2668.10009765625,13284.044921875,333.0,18826.46875,4916.546875,1039.387451171875,3794.615966796875
2018-09-26,1598.79931640625,26648.080078125,21954.205078125,8757.912109375,5020.38720703125,3996.303955078125,11987.982421875,9534.716796875,39126.203125,735.0135498046875,2707.204345703125,13284.044921875,334.0,19061.80859375,4864.79443359375,1041.98583984375,3794.615966796875
2018-09-27,1621.203125,26950.537109375,22770.916015625,8863.9072265625,5007.3818359375,3990.1650390625,12152.6142578125,9534.716796875,39183.8203125,744.6427612304688,2653.06005859375,13284.044921875,334.0,18999.0546875,4864.79443359375,1041.98583984375,3794.615966796875
2018-09-28,1621.203125,26950.537109375,22770.916015625,8863.9072265625,5007.3818359375,3990.1650390625,12152.6142578125,9534.716796875,39183.8203125,744.6427612304688,2653.06005859375,13284.044921875,334.0,18999.0546875,4864.79443359375,1041.98583984375,3794.615966796875
2018-10-01,1690.4505615234375,27459.935546875,23213.875,8863.9072265625,4981.3701171875,3928.779052734375,12122.681640625,9454.59375,38377.1015625,741.4332885742188,2613.95556640625,12982.134765625,323.0,18889.22265625,4916.546875,1041.98583984375,3767.080078125
2018-10-02,1690.4505615234375,27459.935546875,23213.875,8863.9072265625,4981.3701171875,3928.779052734375,12122.681640625,9454.59375,38377.1015625,741.4332885742188,2613.95556640625,12982.134765625,323.0,18889.22265625,4916.546875,1041.98583984375,3767.080078125
2018-10-03,1672.1201171875,27428.09375,23283.080078125,8877.1572265625,5007.3818359375,3928.779052734375,12122.681640625,9454.59375,39172.30859375,744.6427612304688,2613.95556640625,13223.6611328125,326.0,18904.919921875,4916.546875,1041.98583984375,3700.990966796875
2018-10-04,1694.523681640625,27300.748046875,23490.720703125,9049.400390625,5044.7255859375,4026.021728515625,12302.2734375,9614.8408203125,38884.18359375,744.6427612304688,2628.996337890625,13223.6611328125,319.0,18967.671875,4916.546875,1047.182861328125,3695.482421875
2018-10-05,1661.936767578125,27205.232421875,23587.623046875,9115.6474609375,5044.7255859375,3982.664306640625,12122.681640625,9548.07421875,38861.125,747.8522338867188,2647.043701171875,13537.6484375,319.0,18904.919921875,4916.546875,1047.182861328125,3695.482421875
2018-10-08,,,,,,,,,,,,,,,,,3695.482421875
2018-10-09,,,,,,,,,,,,,,,,,3695.482421875
2018-10-10,1635.4600830078125,26823.181640625,22549.4296875,8506.169921875,4782.66162109375,3759.685302734375,11582.6591796875,9106.193359375,38953.3359375,731.8041381835938,2592.899658203125,12970.056640625,319.0,18700.96875,4916.546875,1065.3721923828125,3695.482421875
2018-10-11,1635.4600830078125,26823.181640625,22549.4296875,8506.169921875,4782.66162109375,3759.685302734375,11582.6591796875,9106.193359375,38953.3359375,731.8041381835938,2592.899658203125,12970.056640625,319.0,18700.96875,4916.546875,1065.3721923828125,3695.482421875
2018-10-12,1588.6162109375,26552.564453125,22161.83984375,8426.6748046875,4848.17822265625,3759.685302734375,11507.4462890625,9133.0537109375,38953.3359375,722.1749877929688,2595.90771484375,13247.81640625,321.0,18434.265625,4916.546875,1062.773681640625,3524.7529296875
2018-10-15,1588.6162109375,26552.564453125,22161.83984375,8426.6748046875,4848.17822265625,3759.685302734375,11507.4462890625,9133.0537109375,38953.3359375,722.1749877929688,2595.90771484375,13247.81640625,321.0,18434.265625,4916.546875,1062.773681640625,3524.7529296875
2018-10-16,1617.1298828125,26982.365234375,23310.76953125,8837.408203125,4782.66162109375,3759.685302734375,11357.0224609375,8649.541015625,38757.43359375,741.4332885742188,2497.175537109375,12813.0634765625,310.0,18669.587890625,4554.27490234375,1062.773681640625,3608.67724609375
2018-10-17,1617.1298828125,26982.365234375,23310.76953125,8837.408203125,4782.66162109375,3759.685302734375,11357.0224609375,8649.541015625,38757.43359375,741.4332885742188,2497.175537109375,12813.0634765625,310.0,18669.587890625,4554.27490234375,1062.773681640625,3608.67724609375
2018-10-18,1615.093017578125,27077.8828125,22909.33984375,8731.4111328125,4848.17822265625,3809.2353515625,11642.826171875,8904.7265625,38838.09375,741.4332885742188,2560.971923828125,12982.134765625,303.0,18575.46484375,4916.546875,1065.3721923828125,3608.67724609375
2018-10-19,1598.79931640625,26425.212890625,22272.583984375,8585.6708984375,4782.66162109375,3945.501220703125,11733.0830078125,8945.021484375,39068.5703125,731.8041381835938,2564.009521484375,12982.134765625,293.0,18606.828125,5118.38427734375,1088.0965576171875,3569.511474609375
2018-10-22,1613.0562744140625,26186.427734375,21705.0390625,8082.189453125,4730.24951171875,3815.429443359375,11417.19140625,8730.126953125,38838.09375,722.1749877929688,2591.35107421875,12825.138671875,270.0,17916.525390625,5118.38427734375,1058.6884765625,3228.22802734375
2018-10-23,1613.0562744140625,26186.427734375,21705.0390625,8082.189453125,4730.24951171875,3815.429443359375,11417.19140625,8730.126953125,38838.09375,722.1749877929688,2591.35107421875,12825.138671875,270.0,17916.525390625,5118.38427734375,1058.6884765625,3228.22802734375
2018-10-24,1566.21240234375,26425.212890625,21497.40234375,8201.4326171875,4684.38818359375,3796.84716796875,11417.19140625,8931.5908203125,39068.5703125,715.755859375,2576.1611328125,12861.3701171875,266.0,18277.361328125,5118.38427734375,1047.9947509765625,3412.8564453125
2018-10-25,1501.03857421875,25836.212890625,21192.87109375,8148.4345703125,4599.21875,3803.041748046875,11281.8095703125,8904.7265625,39068.5703125,712.5463256835938,2497.175537109375,12849.29296875,258.0,18042.05078125,5118.38427734375,1042.647705078125,3412.8564453125
2018-10-26,1509.1851806640625,25310.896484375,20763.75,8042.439453125,4533.701171875,3796.84716796875,11281.8095703125,8622.6787109375,38183.41015625,708.6808471679688,2430.3408203125,12293.779296875,258.0,18042.05078125,5118.38427734375,1034.6273193359375,3412.8564453125
2018-10-29,1503.074951171875,25470.078125,20902.17578125,7777.44775390625,4605.76953125,3790.65478515625,11206.599609375,8595.8134765625,38218.1328125,708.6808471679688,2442.49267578125,12330.0068359375,236.0,17932.216796875,5071.806640625,1034.6273193359375,3250.607177734375
2018-10-30,1503.074951171875,25470.078125,20902.17578125,7777.44775390625,4605.76953125,3790.65478515625,11206.599609375,8595.8134765625,38218.1328125,708.6808471679688,2442.49267578125,12330.0068359375,236.0,17932.216796875,5071.806640625,1034.6273193359375,3250.607177734375
2018-10-31,1527.51513671875,25056.1953125,20902.17578125,7896.69677734375,4566.45947265625,3753.48974609375,11101.302734375,8595.8134765625,38183.41015625,721.565673828125,2491.099853515625,12438.6953125,250.0,17806.701171875,5071.806640625,1023.9334106445312,3250.607177734375
2018-11-01,1523.44189453125,24992.5234375,20348.4765625,7923.1923828125,4599.21875,3592.449951171875,11281.8095703125,8730.126953125,37037.91796875,728.0082397460938,2418.18896484375,11895.2578125,253.0,17492.931640625,5071.806640625,991.85205078125,2926.10498046875
2018-11-02,1411.424072265625,24674.138671875,19933.201171875,8135.1865234375,4592.666015625,3648.194580078125,11372.0634765625,8528.6630859375,37026.3359375,747.3357543945312,2454.643798828125,12136.7841796875,255.0,17571.37109375,5071.806640625,965.1174926757812,2926.10498046875
2018-11-05,1411.424072265625,24674.138671875,19933.201171875,8135.1865234375,4592.666015625,3648.194580078125,11372.0634765625,8528.6630859375,37026.3359375,747.3357543945312,2454.643798828125,12136.7841796875,255.0,17571.37109375,5071.806640625,965.1174926757812,2926.10498046875
2018-11-06,1401.2408447265625,24912.921875,20569.958984375,8612.16796875,4579.5634765625,3716.32763671875,11627.7861328125,8945.021484375,37014.77734375,756.9996948242188,2518.440673828125,12945.904296875,277.0,17712.578125,5071.806640625,989.1785888671875,2926.10498046875
2018-11-07,1401.2408447265625,24912.921875,20569.958984375,8612.16796875,4579.5634765625,3716.32763671875,11627.7861328125,8945.021484375,37014.77734375,756.9996948242188,2518.440673828125,12945.904296875,277.0,17712.578125,5071.806640625,989.1785888671875,2926.10498046875
2018-11-08,1417.5343017578125,25151.708984375,20832.962890625,8930.1552734375,4586.1142578125,3728.71435546875,11657.8720703125,8931.5908203125,36968.4921875,750.5570068359375,2518.440673828125,13090.8212890625,288.0,18063.912109375,5175.3134765625,1005.2193603515625,3077.167236328125
2018-11-09,1395.1307373046875,25151.708984375,21317.44921875,8996.400390625,4586.1142578125,3654.388916015625,11838.37890625,8837.57421875,37026.3359375,753.778564453125,2548.820068359375,12970.056640625,276.0,18221.12890625,5175.3134765625,1010.5661010742188,3026.81298828125
2018-11-12,1395.1307373046875,25151.708984375,21317.44921875,8996.400390625,4586.1142578125,3654.388916015625,11838.37890625,8837.57421875,37026.3359375,753.778564453125,2548.820068359375,12970.056640625,276.0,18221.12890625,5175.3134765625,1010.5661010742188,3026.81298828125
2018-11-13,1319.773193359375,24992.5234375,20445.37109375,8439.921875,4586.1142578125,3592.449951171875,11582.6591796875,8931.5908203125,37026.3359375,731.2296142578125,2551.857421875,13078.744140625,276.0,18063.912109375,4714.7099609375,1005.2193603515625,3026.81298828125
2018-11-14,1319.773193359375,24992.5234375,20445.37109375,8439.921875,4586.1142578125,3592.449951171875,11582.6591796875,8931.5908203125,37026.3359375,731.2296142578125,2551.857421875,13078.744140625,276.0,18063.912109375,4714.7099609375,1005.2193603515625,3026.81298828125
2018-11-15,1336.066650390625,25820.298828125,20957.546875,8757.912109375,4586.1142578125,3617.225830078125,12109.140625,8998.74609375,36794.921875,750.5570068359375,2582.2373046875,12656.0693359375,278.0,18236.83984375,4890.6708984375,999.8722534179688,3036.917724609375
2018-11-16,1334.0301513671875,26106.83984375,21649.66796875,8890.40625,4618.87158203125,3629.614013671875,12033.9306640625,9106.193359375,37014.77734375,763.4421997070312,2530.59228515625,12559.458984375,282.0,18535.560546875,4890.6708984375,989.1785888671875,3036.917724609375
2018-11-19,1299.40673828125,26266.01953125,21774.255859375,8691.6650390625,4677.83642578125,3703.940185546875,12109.140625,9106.193359375,36794.921875,756.9996948242188,2491.099853515625,12474.923828125,270.0,18535.560546875,4890.6708984375,978.48486328125,3064.9833984375
2018-11-20,1246.4525146484375,25692.9453125,20943.703125,8545.9208984375,4618.87158203125,3598.64404296875,11958.716796875,8824.1435546875,33971.65625,731.2296142578125,2442.49267578125,11895.2578125,270.0,18315.451171875,4813.041015625,978.48486328125,3064.9833984375
2018-11-21,1283.113037109375,25820.298828125,21580.451171875,8545.9208984375,4625.42578125,3425.21533203125,12033.9306640625,8824.1435546875,34712.20703125,686.1320190429688,2430.3408203125,10868.76171875,268.0,18394.064453125,4730.23583984375,962.4441528320312,3031.303466796875
2018-11-22,1279.0394287109375,25868.044921875,21594.298828125,8519.4208984375,4625.42578125,3623.4189453125,12033.9306640625,8931.5908203125,34133.65625,682.9104614257812,2430.3408203125,10591.005859375,261.0,18394.064453125,4730.23583984375,954.4237060546875,3031.303466796875
2018-11-23,1230.1591796875,25804.376953125,21580.451171875,8545.9208984375,4625.42578125,3530.51220703125,12033.9306640625,9025.607421875,34446.09375,676.4677124023438,2424.264892578125,10868.76171875,273.0,18079.640625,4761.2880859375,962.4441528320312,2947.099609375
2018-11-26,1252.5626220703125,25868.044921875,21594.298828125,8771.162109375,4618.87158203125,3741.103271484375,12154.2724609375,8918.1591796875,34596.5,673.24658203125,2387.81005859375,10747.9990234375,266.0,18629.89453125,4761.2880859375,978.48486328125,2947.099609375
2018-11-27,1279.0394287109375,25247.22265625,21179.02734375,8545.9208984375,4586.1142578125,3623.4189453125,12033.9306640625,9039.041015625,34811.54296875,669.3661499023438,2387.81005859375,10470.2412109375,266.0,18472.673828125,4761.2880859375,989.1785888671875,2947.099609375
2018-11-28,1268.856201171875,25581.51171875,21179.02734375,8756.3701171875,4586.1142578125,3747.296875,12018.88671875,9025.607421875,34753.40234375,666.1326293945312,2430.3408203125,10747.9990234375,267.0,18865.712890625,4761.2880859375,991.85205078125,2947.099609375
2018-11-29,1266.8193359375,25708.8671875,21109.8125,8810.505859375,4599.21875,3710.133544921875,12048.9736328125,8985.3134765625,33997.90234375,672.5997924804688,2390.847900390625,10892.9150390625,272.0,19101.529296875,4833.74267578125,986.5051879882812,2947.099609375
2018-11-30,1264.78271484375,25708.8671875,21165.1875,8756.3701171875,4586.1142578125,3734.908935546875,12169.3115234375,8985.3134765625,34520.9453125,669.3661499023438,2430.3408203125,11291.4365234375,284.0,19101.529296875,4833.74267578125,986.5051879882812,2952.713623046875
2018-12-03,1340.1400146484375,25995.41015625,21179.02734375,8796.9736328125,4586.1142578125,3722.522216796875,12184.3564453125,9052.466796875,34358.2109375,675.83349609375,2475.9091796875,10989.5263671875,285.0,18865.712890625,4833.74267578125,986.5051879882812,2952.713623046875
2018-12-04,1287.186279296875,26122.755859375,21179.02734375,9094.71484375,4586.1142578125,3722.522216796875,12455.1220703125,9039.041015625,34416.34375,679.0670166015625,2430.3408203125,10989.5263671875,280.0,18629.89453125,4864.79443359375,986.5051879882812,3064.9833984375
2018-12-05,1311.6263427734375,26154.58984375,21525.087890625,9121.7822265625,4586.1142578125,3617.225830078125,12620.5869140625,9307.658203125,34288.46875,682.3007202148438,2430.3408203125,10929.14453125,281.0,18598.44921875,4973.4765625,986.5051879882812,3087.43994140625
2018-12-06,1262.745849609375,25979.490234375,21179.02734375,9189.451171875,4559.90869140625,3691.552734375,12545.375,9240.5048828125,34369.84375,662.8987426757812,2421.226806640625,11037.83203125,282.0,18488.390625,4973.4765625,983.8317260742188,3087.43994140625
2018-12-07,1262.745849609375,26090.912109375,21289.767578125,9297.72265625,4573.0126953125,3592.449951171875,12560.416015625,9227.07421875,34404.69921875,675.83349609375,2427.303466796875,10868.76171875,277.0,18158.244140625,4916.546875,965.1174926757812,2806.76220703125
2018-12-10,1230.1591796875,25963.5703125,21179.02734375,9297.72265625,4586.1142578125,3592.449951171875,12545.375,9267.3671875,34288.46875,672.5997924804688,2418.18896484375,10856.6865234375,271.0,18582.720703125,4916.546875,959.7705078125,2806.76220703125
2018-12-11,1213.8656005859375,25979.490234375,21109.8125,9284.1884765625,4579.5634765625,3679.163330078125,12409.9892578125,9240.5048828125,34288.46875,666.1326293945312,2412.113525390625,10868.76171875,271.0,18748.90625,4916.546875,946.4033813476562,2806.76220703125
2018-12-12,1228.1224365234375,26425.212890625,21275.921875,9297.72265625,4586.1142578125,3654.388916015625,12364.8623046875,9173.3486328125,34288.46875,653.1976928710938,2399.960693359375,10868.76171875,279.0,18670.1328125,4916.546875,927.6890258789062,2806.76220703125
2018-12-13,1205.71875,26170.51171875,21428.193359375,9324.7890625,4573.0126953125,3654.388916015625,12364.8623046875,9065.8994140625,32568.2421875,646.7305297851562,2387.81005859375,10832.533203125,279.0,18512.578125,4916.546875,941.0564575195312,2806.76220703125
2018-12-14,1197.5718994140625,25740.703125,21275.921875,9324.7890625,4573.0126953125,3691.552734375,12259.5673828125,9039.041015625,34230.36328125,649.9640502929688,2366.544921875,10820.4560546875,274.0,18670.1328125,4916.546875,935.7094116210938,2975.1669921875
2018-12-17,1171.09521484375,25629.26953125,21179.02734375,9338.3251953125,4645.07861328125,3642.001220703125,12003.845703125,8797.2822265625,32544.998046875,615.6875,2339.203125,10651.38671875,262.0,18591.3515625,4916.546875,933.0358276367188,3041.63330078125
2018-12-18,1154.8016357421875,25613.35546875,20832.962890625,9270.6552734375,4586.1142578125,3419.021484375,12259.5673828125,8797.2822265625,33126.15625,630.562255859375,2330.090087890625,10506.4716796875,260.0,18748.90625,4968.30078125,927.6890258789062,3041.63330078125
2018-12-19,1146.65478515625,25613.35546875,20832.962890625,9527.7958984375,4586.1142578125,3443.796875,12440.076171875,8797.2822265625,31963.837890625,630.562255859375,2342.24072265625,10095.8740234375,260.0,18607.111328125,4968.30078125,951.7501831054688,3041.63330078125
2018-12-20,1065.1873779296875,25310.896484375,20542.267578125,9270.6552734375,4468.1865234375,3406.6337890625,12214.4423828125,8958.4521484375,32544.998046875,613.7472534179688,2354.392822265625,9673.19921875,260.0,18418.046875,4916.546875,930.3626708984375,3041.63330078125
2018-12-21,1085.5540771484375,25183.548828125,20348.4765625,9473.6630859375,4586.1142578125,3319.919189453125,12545.375,8474.939453125,31382.669921875,614.3941650390625,2369.582763671875,9963.0322265625,250.0,17803.57421875,4916.546875,914.32177734375,2861.38818359375
2018-12-24,1038.71044921875,25692.9453125,21220.55078125,9676.669921875,4664.7333984375,3288.949951171875,12575.458984375,8931.5908203125,32475.24609375,614.3941650390625,2369.582763671875,9890.57421875,250.0,18496.828125,4916.546875,970.46435546875,2861.38818359375
2018-12-25,1038.71044921875,25692.9453125,21220.55078125,9676.669921875,4664.7333984375,3288.949951171875,12575.458984375,8931.5908203125,32475.24609375,614.3941650390625,2369.582763671875,9890.57421875,250.0,18496.828125,4916.546875,970.46435546875,2861.38818359375
2018-12-26,1107.957763671875,25572.67578125,21393.970703125,9663.13671875,4592.666015625,3592.449951171875,12816.1376953125,9253.9345703125,32475.24609375,642.9705200195312,2430.3408203125,9902.650390625,250.0,18811.927734375,4968.30078125,962.4441528320312,2861.38818359375
2018-12-27,1105.9210205078125,25716.515625,21532.98828125,9473.6630859375,4573.0126953125,3573.868896484375,12801.0947265625,9253.9345703125,32370.646484375,633.228515625,2430.3408203125,9781.8857421875,251.0,18386.533203125,4968.30078125,941.0564575195312,2861.38818359375
2018-12-28,1077.4075927734375,25668.572265625,21602.486328125,9460.1279296875,4559.90869140625,3623.4189453125,12710.837890625,9737.4501953125,32428.744140625,648.8155517578125,2430.3408203125,9902.650390625,251.0,18512.578125,4968.30078125,946.4033813476562,3030.368408203125
2018-12-31,1077.4075927734375,25668.572265625,21602.486328125,9460.1279296875,4559.90869140625,3623.4189453125,12710.837890625,9737.4501953125,32428.744140625,648.8155517578125,2430.3408203125,9902.650390625,251.0,18512.578125,4968.30078125,946.4033813476562,3030.368408203125
2019-01-01,1077.4075927734375,25668.572265625,21602.486328125,9460.1279296875,4559.90869140625,3623.4189453125,12710.837890625,9737.4501953125,32428.744140625,648.8155517578125,2430.3408203125,9902.650390625,251.0,18512.578125,4968.30078125,946.4033813476562,3030.368408203125
2019-01-02,1079.444091796875,25812.421875,21574.685546875,9473.6630859375,4651.6298828125,3623.4189453125,12650.669921875,9267.3671875,31570.294921875,646.8673706054688,2430.3408203125,9661.1220703125,257.0,18512.578125,4968.30078125,943.729736328125,3030.368408203125
2019-01-03,1124.2513427734375,25716.515625,21588.587890625,9703.736328125,4748.71826171875,3415.133056640625,12861.265625,8864.4345703125,33287.2109375,701.4224853515625,2369.582763671875,9661.1220703125,256.0,18165.958984375,4968.30078125,935.7094116210938,3030.368408203125
2019-01-04,1140.544677734375,25652.591796875,21588.587890625,9812.0068359375,4689.27587890625,3477.681640625,13059.2685546875,9230.6904296875,32726.576171875,668.9491577148438,2381.73388671875,9793.9638671875,256.0,18355.0234375,4968.30078125,935.7094116210938,3030.368408203125
2019-01-07,1140.544677734375,25652.591796875,21588.587890625,9812.0068359375,4689.27587890625,3477.681640625,13059.2685546875,9230.6904296875,32726.576171875,668.9491577148438,2381.73388671875,9793.9638671875,256.0,18355.0234375,4968.30078125,935.7094116210938,3030.368408203125
2019-01-08,1177.2052001953125,25812.421875,21546.884765625,9893.2109375,4689.27587890625,3490.192138671875,12877.890625,9379.35546875,32995.21875,655.9597778320312,2424.264892578125,9963.0322265625,254.0,18512.578125,4968.30078125,941.0564575195312,3030.368408203125
2019-01-09,1195.535400390625,25796.435546875,21491.279296875,9581.9326171875,4676.06787109375,3515.21044921875,12847.6591796875,9257.720703125,33871.21875,668.9491577148438,2381.73388671875,9902.650390625,254.0,18568.595703125,4968.30078125,941.0564575195312,3030.368408203125
2019-01-10,1195.535400390625,25780.455078125,21477.375,9622.5341796875,4689.27587890625,3440.153076171875,12923.2353515625,9298.265625,33871.21875,694.9276733398438,2396.923828125,9963.0322265625,254.0,18458.064453125,4968.30078125,949.076904296875,3030.368408203125
2019-01-11,1181.278564453125,25796.435546875,21477.375,9730.806640625,4689.27587890625,3477.681640625,12908.12109375,9284.751953125,33871.21875,701.4224853515625,2406.037841796875,9938.8798828125,254.0,18631.7578125,4968.30078125,959.7705078125,3030.368408203125
2019-01-14,1185.3519287109375,26132.08203125,21532.98828125,9608.9990234375,4676.06787109375,3477.681640625,12923.2353515625,9392.8681640625,33871.21875,701.4224853515625,2399.960693359375,9902.650390625,251.0,18631.7578125,4968.30078125,965.1174926757812,3030.368408203125
2019-01-15,1193.4986572265625,25972.24609375,21546.884765625,9622.5341796875,4656.25341796875,3502.701171875,12998.8095703125,9352.3232421875,33859.53125,694.9276733398438,2419.9228515625,9842.2685546875,253.0,18805.439453125,4968.30078125,965.1174926757812,2995.32861328125
2019-01-16,1193.4986572265625,26116.095703125,21546.884765625,9392.4599609375,4656.25341796875,3565.249267578125,13074.384765625,9446.9287109375,33333.9375,694.9276733398438,2456.774658203125,9661.1220703125,253.0,18789.6484375,4968.30078125,967.791015625,3051.843505859375
2019-01-17,1185.3519287109375,26116.095703125,21546.884765625,9419.5283203125,4662.85791015625,3565.249267578125,13074.384765625,9690.201171875,32761.634765625,688.4332885742188,2441.41943359375,9950.9560546875,254.0,18679.12890625,5071.806640625,967.791015625,3051.843505859375
2019-01-18,1179.2418212890625,26036.1796875,21588.587890625,9460.1279296875,4676.06787109375,3515.21044921875,13149.9560546875,9446.9287109375,33147.046875,685.1859130859375,2429.1357421875,10047.5673828125,257.0,18821.224609375,4864.79443359375,967.791015625,3051.843505859375
2019-01-21,1181.278564453125,26164.044921875,21783.201171875,9446.5947265625,4715.69482421875,3565.249267578125,13149.9560546875,9730.740234375,34163.19921875,685.1859130859375,2432.207275390625,9963.0322265625,255.0,18852.814453125,4864.79443359375,973.1377563476562,3051.843505859375
2019-01-22,1181.278564453125,26259.9375,21755.400390625,9473.6630859375,4927.04296875,3709.11083984375,13301.1064453125,9771.2861328125,34139.83203125,675.4439086914062,2462.916015625,10023.4150390625,256.0,18868.599609375,4916.546875,975.8113403320312,3051.843505859375
2019-01-23,1150.72802734375,26691.48046875,21936.1171875,9554.86328125,4953.46142578125,3871.73681640625,13558.0595703125,9987.5263671875,33731.046875,675.4439086914062,2499.76806640625,10615.158203125,253.0,19026.486328125,4683.658203125,989.1785888671875,3051.843505859375
2019-01-24,1154.8016357421875,26755.408203125,21908.314453125,9595.4677734375,5085.5537109375,3928.029296875,13678.978515625,10055.1015625,33754.40625,691.6806030273438,2505.910400390625,11170.6728515625,247.0,19231.759765625,4916.546875,1002.5457763671875,3051.843505859375
2019-01-25,1164.9849853515625,27091.052734375,22269.748046875,9500.7314453125,5184.62353515625,3928.029296875,13860.359375,10298.369140625,34163.19921875,701.4224853515625,2512.052001953125,11484.66015625,247.0,19642.29296875,4859.619140625,991.85205078125,3051.843505859375
2019-01-28,1146.65478515625,27410.70703125,22533.87109375,9446.5947265625,5204.43701171875,3940.53857421875,14192.8837890625,10690.30078125,34443.50390625,704.030029296875,2573.4716796875,11714.111328125,247.0,20052.818359375,4854.44384765625,1007.8928833007812,3051.843505859375
2019-01-29,1160.91162109375,27570.5390625,22950.91015625,9473.6630859375,5211.0400390625,4003.087646484375,14283.5751953125,10676.7861328125,34163.19921875,704.030029296875,2628.748779296875,11351.8203125,247.0,20115.9765625,4854.44384765625,1015.9130859375,3051.843505859375
2019-01-30,1187.3885498046875,27266.86328125,22895.3046875,9446.5947265625,5316.71484375,4184.47705078125,14132.4296875,10676.7861328125,34431.84375,704.030029296875,2656.387451171875,11762.416015625,252.0,20810.72265625,4864.79443359375,1023.9334106445312,3051.843505859375
2019-01-31,1189.4251708984375,27554.552734375,22992.611328125,9419.5283203125,5336.5302734375,4190.73291015625,14026.62109375,10474.0625,34922.37890625,697.5111694335938,2631.81982421875,11472.5830078125,248.0,20952.83203125,4916.546875,1021.2600708007812,3164.8759765625
2019-02-01,1195.535400390625,27666.44140625,23089.919921875,9419.5283203125,5521.45751953125,4309.57373046875,14056.849609375,10636.23828125,35080.765625,704.030029296875,2616.46484375,12245.47265625,253.0,20937.03125,4916.546875,1029.2803955078125,3051.843505859375
2019-02-04,1189.4251708984375,28385.6640625,23145.5234375,9405.9912109375,5468.6220703125,4222.005859375,13905.703125,10568.66796875,36641.234375,720.3268432617188,2671.74169921875,12595.6884765625,251.0,20937.03125,4864.79443359375,1037.30078125,3051.843505859375
2019-02-05,1201.6453857421875,28769.259765625,23548.658203125,9527.7958984375,5514.85302734375,4365.8671875,13981.275390625,10514.607421875,36840.671875,726.845703125,2696.310302734375,12885.5205078125,250.0,21315.984375,4864.79443359375,1056.01513671875,3164.8759765625
2019-02-06,1189.4251708984375,28769.259765625,23812.779296875,9541.3310546875,5481.83154296875,4365.8671875,13769.671875,10474.0625,37591.56640625,726.845703125,2644.103759765625,12885.5205078125,249.0,21315.984375,4916.546875,1045.3212890625,3164.8759765625
2019-02-07,1167.0218505859375,28145.921875,23701.57421875,9446.5947265625,5415.783203125,4365.8671875,13648.75,10474.0625,37122.26953125,710.548583984375,2641.032470703125,12776.8330078125,249.0,21300.201171875,4916.546875,1037.30078125,2995.32861328125
2019-02-08,1167.0218505859375,27858.232421875,23173.32421875,9405.9912109375,5382.76123046875,4303.318359375,13618.51953125,10203.763671875,37134.0078125,717.0676879882812,2641.032470703125,13453.11328125,251.0,21252.828125,4916.546875,1037.30078125,3029.238037109375
2019-02-11,1156.83837890625,27810.28125,23451.353515625,9433.05859375,5415.783203125,4265.78955078125,13648.75,10325.3984375,37544.65625,730.1049194335938,2625.67822265625,13573.8779296875,253.0,21277.306640625,4916.546875,1031.953857421875,3029.238037109375
2019-02-12,1191.4619140625,28145.921875,23520.857421875,9433.05859375,5415.783203125,4253.27978515625,13739.439453125,10325.3984375,36957.99609375,733.3643798828125,2650.24560546875,13634.2578125,243.0,21182.3984375,4916.546875,1029.2803955078125,3029.238037109375
2019-02-13,1203.6820068359375,27954.138671875,23409.646484375,9446.5947265625,5376.15673828125,4222.005859375,13724.3232421875,10257.8232421875,37134.0078125,736.6238403320312,2637.96142578125,13598.029296875,247.0,21150.75,4947.5986328125,1018.5864868164062,3029.238037109375
2019-02-14,1207.7552490234375,27890.205078125,23340.142578125,9473.6630859375,5382.76123046875,4222.005859375,13860.359375,10352.4296875,36934.54296875,730.1049194335938,2637.96142578125,13525.572265625,248.0,20960.923828125,4947.5986328125,1021.2600708007812,3029.238037109375
2019-02-15,1244.4158935546875,27970.11328125,23145.5234375,9554.86328125,5382.76123046875,4178.22314453125,13966.16015625,10379.458984375,36957.99609375,736.6238403320312,2650.24560546875,13646.3349609375,248.0,21150.75,4947.5986328125,1023.9334106445312,3169.867919921875
2019-02-18,1248.4893798828125,27954.138671875,23034.318359375,9541.3310546875,5310.10986328125,4165.71337890625,13663.8662109375,10284.853515625,37075.33203125,733.3643798828125,2668.671630859375,13682.564453125,248.0,21150.75,4947.5986328125,1021.2600708007812,3169.867919921875
2019-02-19,1242.3790283203125,27954.138671875,22658.974609375,9514.263671875,5158.2041015625,4128.18408203125,13497.599609375,10338.9130859375,37063.60546875,736.6238403320312,2677.8837890625,13646.3349609375,248.0,21150.75,4947.5986328125,1015.9130859375,3169.867919921875
2019-02-20,1256.635986328125,27570.5390625,22645.078125,9541.3310546875,5151.59765625,4240.7705078125,13240.64453125,9919.94921875,37157.4609375,739.8833618164062,2677.8837890625,13706.7177734375,248.0,21103.30078125,4947.5986328125,1021.2600708007812,3169.867919921875
2019-02-21,1246.4525146484375,27730.369140625,22770.193359375,9514.263671875,5151.59765625,4228.26123046875,13301.1064453125,9798.314453125,37227.8671875,746.4019775390625,2687.097412109375,13694.642578125,240.0,21103.30078125,4957.94970703125,1010.5661010742188,3118.834228515625
2019-02-22,1254.59912109375,28209.8515625,23409.646484375,9487.197265625,5151.59765625,4128.18408203125,13437.1396484375,10068.615234375,36957.99609375,752.9209594726562,2693.239013671875,13755.021484375,240.0,20960.923828125,4994.1767578125,1013.2396240234375,3118.834228515625
2019-02-25,1281.0762939453125,28673.359375,23534.75390625,9487.197265625,5164.80712890625,4146.94873046875,13603.4052734375,10298.369140625,37532.9140625,765.3497314453125,2671.74169921875,14032.7802734375,240.0,20834.365234375,4994.1767578125,1042.647705078125,3118.834228515625
2019-02-26,1301.443115234375,28609.4296875,23632.064453125,9500.7314453125,5277.08740234375,4146.94873046875,13830.126953125,10176.734375,36957.99609375,775.1619873046875,2727.019775390625,14189.775390625,238.0,20818.544921875,4947.5986328125,1064.035400390625,3118.834228515625
2019-02-27,1315.6998291015625,28034.04296875,22937.005859375,9527.7958984375,5376.15673828125,4146.94873046875,13739.439453125,10028.0693359375,37485.9765625,765.3497314453125,2699.380615234375,14129.3935546875,240.0,20644.529296875,4947.5986328125,1072.055908203125,3118.834228515625
2019-02-28,1270.8929443359375,27970.11328125,22964.810546875,9460.1279296875,5369.5517578125,4128.18408203125,13542.9462890625,10028.0693359375,37028.41796875,768.6204833984375,2702.451904296875,14793.595703125,216.0,20644.529296875,4947.5986328125,1090.770263671875,3062.126708984375
2019-03-01,1289.222900390625,27922.169921875,22937.005859375,9500.7314453125,5356.34228515625,4171.966796875,13709.2109375,10095.6455078125,37729.51171875,771.89111328125,2702.451904296875,14926.4345703125,216.0,21008.37890625,4947.5986328125,1090.770263671875,3062.126708984375
2019-03-04,1307.552978515625,27826.2734375,23006.515625,9460.1279296875,5323.3193359375,4190.73291015625,13542.9462890625,10203.763671875,37376.01171875,768.6204833984375,2702.451904296875,15131.7333984375,213.0,20786.9140625,4833.74267578125,1096.1168212890625,2948.715087890625
2019-03-05,1309.5899658203125,27714.3828125,22853.59765625,9473.6630859375,5250.6689453125,4165.71337890625,13391.791015625,10122.6748046875,37705.93359375,765.3497314453125,2680.954833984375,15083.427734375,214.0,20581.263671875,4833.74267578125,1101.4638671875,2948.715087890625
2019-03-06,1301.443115234375,28018.06640625,22937.005859375,9568.3984375,5230.85498046875,4171.966796875,13618.51953125,10095.6455078125,40038.9765625,791.5154418945312,2680.954833984375,15095.5048828125,210.0,20992.56640625,4833.74267578125,1109.484130859375,2948.715087890625
2019-03-07,1293.29638671875,27890.205078125,22658.974609375,9568.3984375,5164.80712890625,4034.361572265625,13452.2568359375,9811.833984375,39343.78125,775.1619873046875,2680.954833984375,14926.4345703125,207.0,20565.4296875,4864.79443359375,1098.790283203125,2948.715087890625
2019-03-08,1277.002685546875,27490.626953125,22339.25390625,9608.9990234375,5105.3662109375,4034.361572265625,13285.9931640625,9865.890625,38613.234375,778.4324340820312,2680.954833984375,14781.5166015625,194.0,20454.705078125,4864.79443359375,1093.4434814453125,3005.421630859375
2019-03-11,1303.479736328125,27842.24609375,22533.87109375,9663.13671875,5178.0185546875,4003.087646484375,13391.791015625,9987.5263671875,40050.77734375,788.2448120117188,2699.380615234375,15095.5048828125,202.0,20574.330078125,4864.79443359375,1093.4434814453125,3016.761962890625
2019-03-12,1315.6998291015625,27970.11328125,22728.490234375,9703.736328125,5217.64501953125,4059.380859375,13482.4853515625,10068.615234375,40050.77734375,791.5154418945312,2699.380615234375,15167.962890625,226.0,20701.154296875,4864.79443359375,1098.790283203125,3062.126708984375
2019-03-13,1356.4337158203125,28289.76953125,23201.1328125,10069.150390625,5204.43701171875,4159.45849609375,13830.126953125,10136.189453125,40651.71484375,781.7030639648438,2702.451904296875,15204.19140625,233.0,20954.759765625,4968.30078125,1104.13720703125,3062.126708984375
2019-03-14,1352.3599853515625,28689.349609375,23632.064453125,10150.3515625,5217.64501953125,4171.966796875,14132.4296875,10447.0322265625,40651.71484375,788.2448120117188,2727.019775390625,15264.57421875,223.0,21240.068359375,4968.30078125,1112.15771484375,3062.126708984375
2019-03-15,1384.947265625,29168.83203125,23979.59765625,10475.1650390625,5111.9716796875,3846.71728515625,13754.5517578125,10352.4296875,39767.9765625,748.9959716796875,2733.162109375,15699.32421875,220.0,21541.23828125,5020.05419921875,1133.5452880859375,3072.3681640625
2019-03-18,1403.2774658203125,29376.611328125,24243.724609375,11151.853515625,5151.59765625,4065.635498046875,13966.16015625,10271.337890625,39826.89453125,798.056640625,2825.29052734375,15880.46875,221.0,21319.33203125,5020.05419921875,1162.953125,3026.8515625
2019-03-19,1413.4609375,29328.658203125,24202.01953125,11300.7294921875,5283.69140625,4128.18408203125,13769.671875,10379.458984375,40074.33984375,791.5154418945312,2816.076904296875,15965.0048828125,221.0,21319.33203125,5175.3134765625,1130.871826171875,3112.194580078125
2019-03-20,1446.0478515625,29488.48828125,24327.125,11097.7197265625,5349.73876953125,4165.71337890625,14162.65234375,10365.9423828125,40003.65234375,807.8687133789062,2825.29052734375,16037.462890625,217.0,21160.806640625,5434.078125,1149.5858154296875,3112.194580078125
2019-03-21,1452.1578369140625,29696.279296875,24744.1640625,10894.7099609375,5349.73876953125,4209.4970703125,14132.4296875,10609.2109375,39779.765625,798.056640625,2822.22021484375,15880.46875,226.0,20923.052734375,5175.3134765625,1130.871826171875,3072.3681640625
2019-03-22,1397.16748046875,29168.83203125,24327.125,10881.1767578125,5217.64501953125,4165.71337890625,13830.126953125,10433.5185546875,39991.85546875,794.7861938476562,2785.367919921875,15977.0810546875,247.0,21002.318359375,5642.03662109375,1109.484130859375,3066.678466796875
2019-03-25,1397.16748046875,29168.83203125,24327.125,10881.1767578125,5217.64501953125,4165.71337890625,13830.126953125,10433.5185546875,39991.85546875,794.7861938476562,2785.367919921875,15977.0810546875,247.0,21002.318359375,5642.03662109375,1109.484130859375,3066.678466796875
2019-03-26,1413.4609375,29009.009765625,24271.5234375,11327.79296875,5244.06396484375,4190.73291015625,13769.671875,10311.884765625,39944.73828125,798.056640625,2813.0068359375,16001.232421875,293.0,20986.455078125,5631.2900390625,1109.484130859375,3060.989990234375
2019-03-27,1372.72705078125,28385.6640625,23576.4609375,11030.0498046875,5164.80712890625,4071.8916015625,13376.681640625,10068.615234375,39402.72265625,801.3275756835938,2751.58740234375,15759.7060546875,287.0,20368.271484375,5373.36865234375,1098.790283203125,3049.6103515625
2019-03-28,1372.72705078125,28769.259765625,23340.142578125,10759.3720703125,5204.43701171875,4096.9091796875,13452.2568359375,10122.6748046875,39071.19140625,801.3275756835938,2742.3740234375,15820.0908203125,282.0,20289.01953125,5588.3037109375,1096.1168212890625,3043.920166015625
2019-03-29,1391.0572509765625,29280.712890625,23910.08984375,10799.9755859375,5204.43701171875,4096.9091796875,13678.978515625,10001.0419921875,39071.19140625,811.179443359375,2720.877685546875,16001.232421875,286.0,20431.6796875,5588.3037109375,1109.484130859375,3066.678466796875
2019-04-01,1409.387451171875,28913.109375,23451.353515625,10962.380859375,5204.43701171875,4078.145263671875,13558.0595703125,9960.49609375,39071.19140625,807.8958740234375,2653.31640625,16001.232421875,280.0,20447.533203125,5599.0498046875,1101.4638671875,3066.678466796875
2019-04-02,1401.2408447265625,28609.4296875,23367.939453125,10935.3125,5250.6689453125,4103.16455078125,13497.599609375,9933.4658203125,38775.1953125,804.611572265625,2684.0263671875,15759.7060546875,273.0,20304.875,5609.79638671875,1104.13720703125,3055.2998046875
2019-04-03,1389.0205078125,28609.4296875,23479.15234375,10975.9140625,5290.296875,4178.22314453125,13769.671875,10068.615234375,39544.77734375,801.327392578125,2727.019775390625,15614.7919921875,270.0,21002.318359375,5609.79638671875,1120.177978515625,3106.505615234375
2019-04-04,1364.58056640625,28641.392578125,23673.7734375,10881.1767578125,5270.482421875,4178.22314453125,13603.4052734375,10068.615234375,39532.9296875,804.611572265625,2727.019775390625,15626.8662109375,263.0,20748.693359375,5609.79638671875,1125.5250244140625,3117.885009765625
2019-04-05,1368.653564453125,28929.0859375,23882.28515625,10745.8388671875,5283.69140625,4184.47705078125,13482.4853515625,10095.6455078125,39071.19140625,811.179443359375,2809.9365234375,15457.796875,258.0,20748.693359375,5394.86181640625,1122.851318359375,3129.2646484375
2019-04-08,1395.1307373046875,29296.09375,24271.33984375,10705.2373046875,5343.13232421875,4265.78955078125,13542.9462890625,10136.189453125,39544.77734375,837.4527587890625,2800.722412109375,15361.1865234375,273.0,20732.845703125,5394.86181640625,1128.1983642578125,3129.2646484375
2019-04-09,1376.8004150390625,29312.142578125,24006.158203125,10962.380859375,5350.1201171875,4392.32177734375,13890.5908203125,10257.8232421875,39603.98046875,860.4415893554688,2825.29052734375,15337.033203125,266.0,20824.2265625,5394.86181640625,1144.2388916015625,3197.538330078125
2019-04-10,1386.98388671875,29472.5703125,24341.126953125,11030.0498046875,5410.009765625,4417.56494140625,13890.5908203125,10433.5185546875,39663.1796875,853.8736572265625,2849.85888671875,15361.1865234375,273.0,20776.564453125,5394.86181640625,1138.89208984375,3356.846435546875
2019-04-11,1352.3599853515625,29055.43359375,24006.158203125,10975.9140625,5403.35546875,4417.56494140625,13633.6318359375,10474.0625,39426.3828125,863.7254638671875,2825.29052734375,15397.4130859375,273.0,20728.92578125,5394.86181640625,1149.5858154296875,3413.741943359375
2019-04-12,1352.3599853515625,29055.43359375,24006.158203125,10975.9140625,5403.35546875,4417.56494140625,13700.0830078125,10533.5263671875,39426.3828125,863.7254638671875,2825.29052734375,15397.4130859375,273.0,20728.92578125,5394.86181640625,1149.5858154296875,3461.04345703125
2019-04-15,1315.6998291015625,28092.806640625,23392.048828125,10502.23046875,5350.1201171875,4322.9033203125,13289.9931640625,10125.77734375,39722.39453125,837.4527587890625,2819.706787109375,15312.87890625,264.0,20538.302734375,5394.86181640625,1162.953125,3461.04345703125
2019-04-16,1315.6998291015625,28092.806640625,23392.048828125,10502.23046875,5350.1201171875,4322.9033203125,13289.9931640625,10125.77734375,39722.39453125,837.4527587890625,2819.706787109375,15312.87890625,264.0,20538.302734375,5394.86181640625,1162.953125,3461.04345703125
2019-04-17,1442.6724853515625,27964.44921875,23280.39453125,10488.697265625,5376.7392578125,4297.65869140625,13305.1796875,10017.044921875,39544.77734375,857.15771484375,2838.31982421875,15699.32421875,259.0,20458.888671875,5588.3037109375,1160.2796630859375,3461.04345703125
2019-04-18,1442.6724853515625,27964.44921875,23280.39453125,10488.697265625,5376.7392578125,4297.65869140625,13305.1796875,10017.044921875,39544.77734375,857.15771484375,2838.31982421875,15699.32421875,259.0,20458.888671875,5588.3037109375,1160.2796630859375,3461.04345703125
2019-04-19,1442.6724853515625,27964.44921875,23280.39453125,10488.697265625,5376.7392578125,4297.65869140625,13305.1796875,10017.044921875,39544.77734375,857.15771484375,2838.31982421875,15699.32421875,259.0,20458.888671875,5588.3037109375,1160.2796630859375,3461.04345703125
2019-04-22,1355.1051025390625,28702.474609375,23796.80078125,10894.7099609375,5376.7392578125,4291.34912109375,13608.953125,10180.1435546875,39675.015625,860.4415893554688,2816.605224609375,15530.25390625,259.0,20601.84765625,5437.8486328125,1165.6265869140625,3403.360107421875
2019-04-23,1355.1051025390625,28702.474609375,23796.80078125,10894.7099609375,5376.7392578125,4291.34912109375,13608.953125,10180.1435546875,39675.015625,860.4415893554688,2816.605224609375,15530.25390625,259.0,20601.84765625,5437.8486328125,1165.6265869140625,3403.360107421875
2019-04-24,1359.483642578125,28878.94921875,23978.2421875,10827.041015625,5356.77490234375,4297.65869140625,13745.6513671875,10288.8759765625,40124.92578125,850.5894165039062,2822.808837890625,15820.0908203125,262.0,20665.37890625,5448.59619140625,1176.3204345703125,3461.04345703125
2019-04-25,1346.3486328125,29119.607421875,24089.904296875,10908.244140625,5376.7392578125,4278.72705078125,13912.7255859375,10533.5263671875,41504.85546875,860.4799194335938,2850.727294921875,15783.859375,262.0,20951.2890625,5448.59619140625,1168.300048828125,3461.04345703125
2019-04-26,1346.3486328125,29199.83203125,24257.3828125,10840.576171875,5383.39111328125,4291.34912109375,14049.419921875,10465.5693359375,41445.37890625,843.9955444335938,2853.8291015625,15977.0810546875,263.0,21078.37109375,5448.59619140625,1165.6265869140625,3461.04345703125
2019-04-29,1322.267578125,28878.94921875,24355.087890625,10962.380859375,5376.7392578125,4259.79345703125,13836.783203125,10574.3017578125,41576.2265625,843.9955444335938,2866.236572265625,16233.4033203125,259.0,21141.90625,5448.59619140625,1176.3204345703125,3461.04345703125
2019-04-30,1322.267578125,28878.94921875,24355.087890625,10962.380859375,5376.7392578125,4259.79345703125,13836.783203125,10574.3017578125,41576.2265625,843.9955444335938,2866.236572265625,16233.4033203125,259.0,21141.90625,5448.59619140625,1176.3204345703125,3461.04345703125
2019-05-01,1322.267578125,28878.94921875,24355.087890625,10962.380859375,5376.7392578125,4259.79345703125,13836.783203125,10574.3017578125,41576.2265625,843.9955444335938,2866.236572265625,16233.4033203125,259.0,21141.90625,5448.59619140625,1176.3204345703125,3461.04345703125
2019-05-02,1289.4296875,28798.73046875,23727.01171875,10799.9755859375,5350.1201171875,4165.1328125,13684.8955078125,10465.5693359375,40600.7734375,834.105224609375,2816.605224609375,15975.728515625,254.0,21284.865234375,5738.7568359375,1187.014404296875,3461.04345703125
2019-05-03,1289.4296875,28798.73046875,23727.01171875,10799.9755859375,5350.1201171875,4165.1328125,13684.8955078125,10465.5693359375,40600.7734375,834.105224609375,2816.605224609375,15975.728515625,254.0,21284.865234375,5738.7568359375,1187.014404296875,3461.04345703125
2019-05-06,1276.294677734375,28718.509765625,23866.58984375,10827.041015625,5316.8486328125,4120.95654296875,13654.5205078125,10207.3251953125,40743.5234375,837.4020385742188,2770.0751953125,16027.2626953125,251.0,20935.4140625,5738.7568359375,1181.66748046875,3432.20166015625
2019-05-07,1276.294677734375,28718.509765625,23866.58984375,10827.041015625,5316.8486328125,4120.95654296875,13654.5205078125,10207.3251953125,40743.5234375,837.4020385742188,2770.0751953125,16027.2626953125,251.0,20935.4140625,5738.7568359375,1181.66748046875,3432.20166015625
2019-05-08,1263.1593017578125,28461.80859375,23140.8203125,10786.4404296875,5263.61376953125,4102.02490234375,13608.953125,10193.7333984375,40993.33984375,840.69873046875,2739.05517578125,15383.08203125,243.0,20728.92578125,5738.7568359375,1154.9327392578125,3426.433349609375
2019-05-09,1300.3756103515625,28237.1953125,23043.119140625,10705.2373046875,5276.92236328125,4001.051513671875,13654.5205078125,9962.67578125,39399.28125,830.8084716796875,2708.03564453125,15138.2919921875,247.0,20852.318359375,5846.22509765625,1154.9327392578125,3461.04345703125
2019-05-10,1331.0242919921875,28076.759765625,22736.0625,10678.1708984375,5230.341796875,4001.051513671875,13533.009765625,9989.859375,39458.7421875,827.511962890625,2708.03564453125,14816.19921875,246.0,20963.75,5749.50390625,1162.953125,3461.04345703125
2019-05-13,1322.267578125,27386.875,21912.603515625,10488.697265625,5090.60009765625,4001.051513671875,13138.1083984375,9650.0703125,39458.7421875,797.8399047851562,2667.710205078125,14687.361328125,243.0,20836.40625,5749.50390625,1154.9327392578125,3461.04345703125
2019-05-14,1322.267578125,27386.875,21912.603515625,10488.697265625,5090.60009765625,4001.051513671875,13138.1083984375,9650.0703125,39458.7421875,797.8399047851562,2667.710205078125,14687.361328125,243.0,20836.40625,5749.50390625,1154.9327392578125,3461.04345703125
2019-05-15,1315.6998291015625,27033.904296875,21954.47265625,10515.763671875,4957.5126953125,4013.67333984375,12910.2783203125,9718.0263671875,39827.515625,784.6525268554688,2723.545654296875,15073.8740234375,243.0,20947.837890625,5749.50390625,1138.89208984375,3472.038330078125
2019-05-16,1326.6458740234375,26472.37109375,21438.0546875,10637.5693359375,4924.2412109375,3982.119140625,12530.564453125,9419.0107421875,39458.7421875,771.4647827148438,2673.913818359375,15060.9892578125,240.0,20804.5703125,5749.50390625,1149.5858154296875,3460.463623046875
2019-05-17,1346.3486328125,26873.47265625,21270.572265625,10637.5693359375,4877.66015625,3824.348388671875,12272.3603515625,9446.193359375,39625.30859375,771.4647827148438,2670.8115234375,15073.8740234375,233.0,20836.40625,5749.50390625,1165.6265869140625,3460.463623046875
2019-05-20,1333.21337890625,26456.326171875,20935.599609375,10596.9677734375,4671.37353515625,3672.8896484375,12378.6796875,9459.7841796875,39863.20703125,764.8712158203125,2655.3017578125,15060.9892578125,237.0,20358.873046875,5749.50390625,1149.5858154296875,3472.038330078125
2019-05-21,1333.21337890625,26456.326171875,20935.599609375,10596.9677734375,4671.37353515625,3672.8896484375,12378.6796875,9459.7841796875,39863.20703125,764.8712158203125,2655.3017578125,15060.9892578125,237.0,20358.873046875,5749.50390625,1149.5858154296875,3472.038330078125
2019-05-22,1355.1051025390625,26745.111328125,21284.52734375,10664.6357421875,4737.91796875,3672.8896484375,12439.4345703125,9432.6044921875,39565.8203125,784.6525268554688,2655.3017578125,15048.1044921875,233.0,20024.607421875,5749.50390625,1138.89208984375,3472.038330078125
2019-05-23,1331.0242919921875,26648.85546875,21144.958984375,10678.1708984375,4751.22607421875,3635.025390625,12591.3193359375,9391.8291015625,39851.32421875,791.2457275390625,2577.751708984375,15073.8740234375,230.0,20295.1953125,5749.50390625,1138.89208984375,3472.038330078125
2019-05-24,1287.240478515625,26087.322265625,20796.03125,10678.1708984375,4691.3369140625,3597.1591796875,12530.564453125,9378.23828125,39851.32421875,778.058837890625,2605.669921875,15009.455078125,236.0,19897.2578125,5803.23828125,1141.5655517578125,3472.038330078125
2019-05-27,1291.6190185546875,26632.810546875,21131.00390625,10691.703125,4737.91796875,3679.2001953125,12439.4345703125,9310.27734375,39553.92578125,774.7622680664062,2708.03564453125,15048.1044921875,239.0,19913.17578125,5749.50390625,1133.5452880859375,3472.038330078125
2019-05-28,1291.6190185546875,26632.810546875,21131.00390625,10691.703125,4737.91796875,3679.2001953125,12439.4345703125,9310.27734375,39745.1796875,778.0728759765625,2708.03564453125,15048.1044921875,239.0,19913.17578125,5749.50390625,1133.5452880859375,3472.038330078125
2019-05-29,1232.510986328125,26536.544921875,20726.244140625,10542.833984375,4704.64599609375,3767.551513671875,12819.1484375,9310.27734375,39147.5078125,764.8291015625,2667.710205078125,14622.9453125,236.0,19897.2578125,5749.50390625,1122.851318359375,3472.038330078125
2019-05-30,1256.5919189453125,26873.47265625,21131.00390625,10624.03515625,4764.53515625,3792.794189453125,13062.1669921875,9459.7841796875,39159.46484375,771.450927734375,2621.179931640625,14932.154296875,242.0,19897.2578125,5749.50390625,1122.851318359375,3472.038330078125
2019-05-31,1230.32177734375,26825.3359375,21214.74609375,10745.8388671875,4824.42529296875,3824.348388671875,13031.7880859375,9609.2939453125,39422.42578125,781.383544921875,2630.4853515625,15009.455078125,235.0,19976.84765625,5749.50390625,1130.871826171875,3472.038330078125
2019-06-03,1230.32177734375,26825.3359375,21214.74609375,10745.8388671875,4824.42529296875,3824.348388671875,13031.7880859375,9609.2939453125,39422.42578125,781.383544921875,2630.4853515625,15009.455078125,235.0,19976.84765625,5749.50390625,1130.871826171875,3472.038330078125
2019-06-04,1234.7000732421875,26777.203125,20935.599609375,11165.388671875,4897.6220703125,4019.984619140625,13031.7880859375,9772.3955078125,38968.2109375,774.7620849609375,2562.241455078125,14841.96484375,238.0,19913.17578125,5749.50390625,1146.9124755859375,3472.038330078125
2019-06-05,1234.7000732421875,26777.203125,20935.599609375,11165.388671875,4897.6220703125,4019.984619140625,13031.7880859375,9772.3955078125,38968.2109375,774.7620849609375,2562.241455078125,14841.96484375,238.0,19913.17578125,5749.50390625,1146.9124755859375,3472.038330078125
2019-06-06,1206.2408447265625,26632.810546875,20935.599609375,11314.259765625,4864.3505859375,3805.41650390625,12834.3359375,9473.376953125,38872.58203125,771.450927734375,2528.11962890625,14816.19921875,235.0,20008.68359375,5749.50390625,1144.2388916015625,3472.038330078125
2019-06-07,1212.80810546875,26841.380859375,21186.826171875,11422.529296875,4791.15283203125,3792.794189453125,12834.3359375,9527.7431640625,38585.6875,768.1402587890625,2543.630126953125,14829.083984375,237.0,20295.1953125,5749.50390625,1141.5655517578125,3472.038330078125
2019-06-10,,,,,,,,,,,,,,,5749.50390625,,3472.038330078125
2019-06-11,1225.943359375,27033.904296875,21424.1015625,11977.4150390625,4910.931640625,3874.835205078125,12652.0732421875,9459.7841796875,39207.26171875,778.0728759765625,2583.95556640625,15035.22265625,235.0,20820.484375,5749.50390625,1146.9124755859375,3454.677978515625
2019-06-12,1193.10546875,27178.30078125,21438.0546875,12451.0986328125,4890.96826171875,3925.3212890625,12652.0732421875,9527.7431640625,39553.92578125,788.0057983398438,2627.3837890625,15460.3818359375,235.0,20311.12109375,5749.50390625,1136.21875,3454.677978515625
2019-06-13,1210.619140625,27178.30078125,21563.669921875,12586.435546875,4890.96826171875,3950.56494140625,12819.1484375,9500.5595703125,39553.92578125,797.9385986328125,2614.975830078125,15756.7041015625,256.0,20295.1953125,5749.50390625,1162.953125,3466.251708984375
2019-06-14,1221.56494140625,26953.689453125,21521.80078125,12694.705078125,4857.69677734375,3906.3896484375,12986.22265625,9514.1513671875,39661.5,807.8712768554688,2636.690185546875,16053.029296875,262.0,20645.400390625,5749.50390625,1165.6265869140625,3472.038330078125
2019-06-17,1234.7000732421875,26873.47265625,21424.1015625,12572.90234375,4871.00537109375,3969.49755859375,13031.7880859375,9595.7021484375,39804.953125,804.5599975585938,2621.179931640625,16104.564453125,262.0,20295.1953125,5749.50390625,1165.6265869140625,3483.067138671875
2019-06-18,1256.5919189453125,27274.564453125,21689.28515625,12654.1083984375,4957.5126953125,4013.67333984375,13001.4111328125,9650.0703125,40055.95703125,827.737060546875,2627.3837890625,16168.9833984375,255.0,20136.01953125,5749.50390625,1168.300048828125,3483.067138671875
2019-06-19,1282.862060546875,27354.78515625,21842.814453125,12775.91015625,4957.5126953125,3956.87548828125,13107.732421875,9636.4775390625,40163.54296875,831.048095703125,2618.077392578125,16065.9140625,252.0,20279.287109375,5749.50390625,1157.6064453125,3483.067138671875
2019-06-20,1304.7540283203125,26889.509765625,21870.720703125,12775.91015625,4984.12939453125,3862.2138671875,13365.939453125,9745.2119140625,40928.5546875,840.9805908203125,2645.995849609375,16207.6337890625,248.0,19992.763671875,5749.50390625,1149.5858154296875,3483.067138671875
2019-06-21,1322.267578125,27627.52734375,22177.783203125,12843.5791015625,5017.40185546875,3963.1865234375,13259.615234375,9514.1513671875,40928.5546875,847.6026611328125,2649.097412109375,16233.4033203125,245.0,19976.84765625,5803.23828125,1177.1539306640625,3477.262939453125
2019-06-24,1322.267578125,27627.52734375,22177.783203125,12843.5791015625,5017.40185546875,3963.1865234375,13259.615234375,9514.1513671875,40928.5546875,847.6026611328125,2649.097412109375,16233.4033203125,245.0,19976.84765625,5803.23828125,1177.1539306640625,3477.262939453125
2019-06-25,1306.943115234375,27673.845703125,22540.48828125,13100.7216796875,5030.71044921875,4032.60546875,13289.9931640625,9704.435546875,40292.0703125,844.2789306640625,2639.792236328125,16078.7958984375,250.0,20056.43359375,5856.9716796875,1171.640380859375,3483.067138671875
2019-06-26,1306.943115234375,27673.845703125,22428.345703125,12356.3623046875,4924.2412109375,4007.362060546875,13031.7880859375,9731.6201171875,41120.703125,844.2789306640625,2652.199951171875,16040.14453125,259.0,19945.009765625,5856.9716796875,1174.3970947265625,3483.067138671875
2019-06-27,1289.4296875,27416.10546875,22260.13671875,12058.6201171875,4990.7841796875,3982.119140625,13001.4111328125,9419.0107421875,40376.1171875,850.9266357421875,2677.015625,15949.9619140625,250.0,20088.271484375,5856.9716796875,1171.640380859375,3483.067138671875
2019-06-28,1278.483642578125,27464.43359375,22176.03125,12085.685546875,5031.37060546875,3982.436767578125,13138.1083984375,9568.5205078125,40364.1171875,854.2503662109375,2695.6279296875,16040.14453125,250.0,19913.17578125,5856.9716796875,1163.3699951171875,3483.067138671875
2019-07-01,1278.483642578125,27464.43359375,22176.03125,12085.685546875,5031.37060546875,3982.436767578125,13138.1083984375,9568.5205078125,40364.1171875,854.2503662109375,2695.6279296875,16040.14453125,250.0,19913.17578125,5856.9716796875,1163.3699951171875,3483.067138671875
2019-07-02,1280.6729736328125,27174.48828125,22007.822265625,12126.287109375,5071.62158203125,4001.553955078125,13122.9169921875,9568.5205078125,40436.16015625,847.6026611328125,2726.6474609375,16027.2626953125,250.0,19881.3359375,5856.9716796875,1157.8563232421875,3483.067138671875
2019-07-03,1280.6729736328125,27174.48828125,22007.822265625,12126.287109375,5071.62158203125,4001.553955078125,13122.9169921875,9568.5205078125,40436.16015625,847.6026611328125,2726.6474609375,16027.2626953125,250.0,19881.3359375,5856.9716796875,1157.8563232421875,3483.067138671875
2019-07-04,1317.8892822265625,27367.787109375,22162.01171875,12451.0986328125,5091.74658203125,4001.553955078125,13411.5009765625,9745.2119140625,41060.671875,857.5746459960938,2701.8310546875,16040.14453125,250.0,20072.359375,5856.9716796875,1168.8836669921875,3541.11962890625
2019-07-05,1317.8892822265625,27335.56640625,22372.27734375,12518.7685546875,5105.16455078125,4014.297119140625,13381.1220703125,9758.8017578125,41060.671875,867.5459594726562,2701.8310546875,16053.029296875,247.0,20247.451171875,5856.9716796875,1166.1268310546875,3599.17041015625
2019-07-08,1320.0782470703125,27609.404296875,22834.861328125,12992.4521484375,5225.91748046875,4135.36328125,13447.904296875,9996.4033203125,41072.6875,870.8702392578125,2745.25927734375,16929.1171875,249.0,20374.794921875,5856.9716796875,1157.8563232421875,3831.375732421875
2019-07-09,1320.0782470703125,27609.404296875,22834.861328125,12992.4521484375,5225.91748046875,4135.36328125,13447.904296875,9996.4033203125,41072.6875,870.8702392578125,2745.25927734375,16929.1171875,249.0,20418.705078125,5856.9716796875,1157.8563232421875,3831.375732421875
2019-07-10,1322.267578125,28092.654296875,22876.916015625,13195.458984375,5232.62353515625,4173.59423828125,13570.021484375,10051.1044921875,41420.953125,877.5180053710938,2791.788818359375,16942.001953125,249.0,20418.705078125,5781.744140625,1155.099609375,3947.47802734375
2019-07-11,1352.915771484375,28108.763671875,23045.12890625,13466.1337890625,5246.041015625,4256.4296875,13570.021484375,10187.8525390625,42573.87109375,867.5459594726562,2825.910888671875,16890.466796875,249.0,20498.470703125,5781.744140625,1157.8563232421875,4121.63037109375
2019-07-12,1344.1593017578125,28060.44140625,23129.236328125,13398.466796875,5225.91748046875,4288.28955078125,13463.169921875,10119.482421875,42513.83203125,867.5459594726562,2825.910888671875,17070.837890625,250.0,20498.470703125,5781.744140625,1155.099609375,4121.63037109375
2019-07-15,1328.8348388671875,28302.060546875,23423.61328125,13330.794921875,5272.8759765625,4383.86669921875,13463.169921875,10187.8525390625,42513.83203125,864.222412109375,2829.01318359375,17199.67578125,245.0,20434.658203125,5781.744140625,1168.8836669921875,3953.281982421875
2019-07-16,1328.8348388671875,28302.060546875,23423.61328125,13330.794921875,5272.8759765625,4383.86669921875,13463.169921875,10187.8525390625,42513.83203125,864.222412109375,2829.01318359375,17199.67578125,245.0,20434.658203125,5781.744140625,1168.8836669921875,3964.34326171875
2019-07-17,1324.4566650390625,28495.361328125,23437.623046875,13317.263671875,5353.3779296875,4402.984375,13707.3984375,10228.8798828125,44435.34765625,870.8702392578125,2864.109619140625,17496.0,249.0,20737.751953125,5781.744140625,1174.3970947265625,3964.34326171875
2019-07-18,1313.5108642578125,28285.9453125,23143.25390625,13492.95703125,5306.4189453125,4428.47021484375,13707.3984375,10242.5546875,44075.06640625,864.222412109375,2826.506103515625,17547.533203125,247.0,20211.3203125,5781.744140625,1174.3970947265625,4086.59130859375
2019-07-19,1298.1864013671875,27899.359375,22722.720703125,13177.25390625,5219.20849609375,4301.03173828125,13508.9638671875,10228.8798828125,43786.8359375,864.222412109375,2820.238525390625,17212.556640625,250.0,20243.236328125,5781.744140625,1171.640380859375,4104.0556640625
2019-07-22,1326.6458740234375,28157.083984375,22820.845703125,13039.9921875,5266.16845703125,4332.89208984375,13447.904296875,10310.9296875,43894.91796875,857.5746459960938,2785.769287109375,17341.396484375,249.0,20259.185546875,5781.744140625,1179.91064453125,4133.1611328125
2019-07-23,1326.6458740234375,28157.083984375,22820.845703125,13039.9921875,5266.16845703125,4332.89208984375,13447.904296875,10310.9296875,43894.91796875,857.5746459960938,2785.769287109375,17341.396484375,249.0,20259.185546875,5781.744140625,1179.91064453125,4133.1611328125
2019-07-24,1320.0782470703125,28108.763671875,22890.93359375,13149.7998046875,5252.75146484375,4332.89208984375,13447.904296875,10324.6025390625,43894.91796875,864.222412109375,2813.971923828125,17573.30078125,254.0,20322.9921875,5781.744140625,1182.66748046875,4133.1611328125
2019-07-25,1313.5108642578125,27834.92578125,22750.7578125,13245.88671875,5205.791015625,4377.49560546875,13432.6435546875,10228.8798828125,43834.87109375,860.8987426757812,2810.83837890625,17341.396484375,250.0,20163.470703125,5910.70556640625,1179.91064453125,4133.1611328125
2019-07-26,1313.5108642578125,27883.251953125,22638.615234375,13589.04296875,5225.91748046875,4358.37939453125,13279.998046875,10215.205078125,43448.87890625,857.5614013671875,2817.105712890625,17392.9296875,250.0,20211.3203125,5695.7705078125,1182.66748046875,4133.1611328125
2019-07-29,1304.7540283203125,27609.404296875,22666.6484375,13012.53515625,5125.2890625,4358.37939453125,13127.3564453125,10023.7548828125,44088.18359375,860.8987426757812,2820.238525390625,17392.9296875,253.0,20227.275390625,5964.4384765625,1182.66748046875,4191.3759765625
2019-07-30,1304.7540283203125,27609.404296875,22666.6484375,13012.53515625,5125.2890625,4358.37939453125,13127.3564453125,10023.7548828125,44088.18359375,860.8987426757812,2820.238525390625,17392.9296875,253.0,20227.275390625,5964.4384765625,1182.66748046875,4191.3759765625
2019-07-31,1298.1864013671875,27383.89453125,22666.6484375,12353.6748046875,5118.58056640625,4269.1728515625,12974.7099609375,9845.9775390625,44015.8125,847.5514526367188,2820.238525390625,17161.025390625,251.0,20179.419921875,6071.9052734375,1171.640380859375,4133.1611328125
2019-08-01,1287.240478515625,27786.59765625,22288.17578125,12216.412109375,5158.83056640625,4109.87548828125,12837.3310546875,9408.3828125,43123.20703125,844.2144165039062,2788.903076171875,17405.814453125,242.0,20035.859375,6071.9052734375,1157.8563232421875,4133.1611328125
2019-08-02,1280.6729736328125,27061.7265625,21867.638671875,11983.06640625,5031.37060546875,4205.4541015625,12516.7802734375,9435.7314453125,42857.8203125,837.5406494140625,2726.23095703125,16967.76953125,242.0,19940.134765625,5910.70556640625,1144.0723876953125,4144.80517578125
2019-08-05,1252.2135009765625,26175.779296875,21166.75390625,11118.3076171875,4830.11572265625,3791.280029296875,12226.7568359375,9408.3828125,42218.515625,814.1829833984375,2597.753173828125,16491.07421875,237.0,19860.373046875,5910.70556640625,1144.0723876953125,4133.1611328125
2019-08-06,1252.2135009765625,26175.779296875,21166.75390625,11118.3076171875,4830.11572265625,3791.280029296875,12226.7568359375,9408.3828125,42218.515625,814.1829833984375,2597.753173828125,16491.07421875,237.0,19860.373046875,5910.70556640625,1144.0723876953125,4133.1611328125
2019-08-07,1252.2135009765625,26175.779296875,21166.75390625,11118.3076171875,4830.11572265625,3791.280029296875,12226.7568359375,9408.3828125,42218.515625,814.1829833984375,2597.753173828125,16491.07421875,237.0,19860.373046875,5910.70556640625,1144.0723876953125,4133.1611328125
2019-08-08,1236.8890380859375,26417.404296875,21348.982421875,12010.515625,4944.15869140625,4205.4541015625,12577.8349609375,9408.3828125,42821.63671875,820.856689453125,2745.03271484375,17122.373046875,248.0,19987.994140625,5910.70556640625,1168.8836669921875,4074.94970703125
2019-08-09,1236.8890380859375,26417.404296875,21348.982421875,12010.515625,4944.15869140625,4205.4541015625,12577.8349609375,9408.3828125,42821.63671875,820.856689453125,2745.03271484375,17122.373046875,248.0,20032.0078125,5910.70556640625,1168.8836669921875,4074.94970703125
2019-08-12,1225.943359375,26014.703125,20956.48828125,11735.9921875,4850.24169921875,4205.4541015625,12257.28515625,9257.9560546875,42821.63671875,820.856689453125,2788.903076171875,16426.654296875,248.0,19920.095703125,5910.70556640625,1160.61328125,4133.1611328125
2019-08-13,1225.943359375,26014.703125,20956.48828125,11735.9921875,4850.24169921875,4205.4541015625,12257.28515625,9257.9560546875,42821.63671875,820.856689453125,2788.903076171875,16426.654296875,248.0,19920.095703125,5910.70556640625,1160.61328125,4133.1611328125
2019-08-14,1250.0242919921875,26546.26953125,21236.84375,11928.16015625,4863.65869140625,4122.6201171875,12379.400390625,9257.9560546875,42990.50390625,840.8775024414062,2801.4375,16761.630859375,250.0,20016.017578125,5964.4384765625,1171.640380859375,4085.8828125
2019-08-15,1204.051513671875,25740.86328125,20788.275390625,11598.7275390625,4749.6142578125,3925.09130859375,11753.5634765625,9121.20703125,41181.140625,817.5198364257812,2738.765380859375,16581.26171875,249.0,19936.076171875,5964.4384765625,1157.8563232421875,4085.8828125
2019-08-16,1193.10546875,25773.078125,20858.3671875,11941.884765625,4816.69873046875,3874.114990234375,12028.3212890625,9025.48046875,41386.203125,820.856689453125,2723.097412109375,16491.07421875,241.0,20383.728515625,5964.4384765625,1157.8563232421875,4085.8828125
2019-08-19,1193.10546875,25773.078125,20858.3671875,11941.884765625,4816.69873046875,3874.114990234375,12028.3212890625,9025.48046875,41386.203125,820.856689453125,2723.097412109375,16491.07421875,241.0,20383.728515625,5964.4384765625,1157.8563232421875,4085.8828125
2019-08-20,1199.673095703125,26336.861328125,21377.0234375,12422.3056640625,4890.49169921875,4052.529052734375,12150.4365234375,9148.5576171875,42339.12890625,834.2037963867188,2748.165771484375,17096.607421875,237.0,20591.564453125,5964.4384765625,1174.3970947265625,4155.927734375
2019-08-21,1199.673095703125,26336.861328125,21377.0234375,12422.3056640625,4890.49169921875,4052.529052734375,12150.4365234375,9148.5576171875,42339.12890625,834.2037963867188,2748.165771484375,17096.607421875,237.0,20591.564453125,5964.4384765625,1174.3970947265625,4155.927734375
2019-08-22,1204.051513671875,26256.318359375,21180.771484375,12422.3056640625,4950.86865234375,4122.6201171875,12180.9638671875,9121.20703125,42773.3828125,837.5406494140625,2732.497802734375,17070.837890625,237.0,20543.6015625,5964.4384765625,1182.66748046875,4033.350341796875
2019-08-23,1179.9705810546875,25934.154296875,20886.400390625,12353.6748046875,4836.8232421875,4039.784912109375,12043.583984375,8834.0322265625,43111.14453125,824.193359375,2729.3642578125,17006.419921875,237.0,20607.5546875,5964.4384765625,1179.91064453125,4155.927734375
2019-08-26,1169.0244140625,25901.94140625,20830.330078125,11708.5390625,5044.78759765625,4052.529052734375,12791.5380859375,9203.255859375,42351.1953125,817.5198364257812,2685.494140625,16761.630859375,235.0,20016.017578125,5964.4384765625,1163.3699951171875,4056.697265625
2019-08-27,1169.0244140625,25901.94140625,20830.330078125,11708.5390625,5044.78759765625,4052.529052734375,12791.5380859375,9203.255859375,42545.07421875,820.8701171875,2685.494140625,16761.630859375,235.0,20016.017578125,5964.4384765625,1163.3699951171875,4056.697265625
2019-08-28,1162.4571533203125,26256.318359375,21306.935546875,12010.515625,5165.54052734375,4090.76025390625,13264.7314453125,9435.7314453125,43029.79296875,824.2206420898438,2663.559326171875,16761.630859375,235.0,20527.6171875,5910.70556640625,1177.1539306640625,4179.275390625
2019-08-29,1166.83544921875,26433.5078125,21587.283203125,11996.791015625,5105.16455078125,3995.181396484375,13310.525390625,9285.3056640625,43320.609375,837.6220703125,2694.895263671875,17057.955078125,240.0,20447.677734375,5910.70556640625,1177.1539306640625,4179.275390625
2019-08-30,1173.4029541015625,26417.404296875,21363.001953125,12285.0439453125,5165.54052734375,4065.272216796875,13386.8486328125,9381.03125,43054.0234375,847.6746215820312,2694.895263671875,16877.5859375,233.0,20319.783203125,5910.70556640625,1166.1268310546875,4179.275390625
2019-09-02,1197.48388671875,26981.19140625,21895.673828125,12696.8359375,5125.2890625,4065.272216796875,13737.927734375,9572.4794921875,43054.0234375,857.7257080078125,2726.23095703125,17032.189453125,234.0,20639.52734375,5910.70556640625,1168.8836669921875,4202.62255859375
2019-09-03,1197.48388671875,26981.19140625,21895.673828125,12696.8359375,5125.2890625,4065.272216796875,13737.927734375,9572.4794921875,43054.0234375,857.7257080078125,2726.23095703125,17032.189453125,234.0,20639.52734375,5910.70556640625,1168.8836669921875,4202.62255859375
2019-09-04,1190.9163818359375,27158.376953125,21867.638671875,12957.6328125,5078.330078125,4007.9248046875,13585.28515625,9504.10546875,43344.85546875,854.3751220703125,2732.497802734375,16774.513671875,242.0,20463.66015625,5910.70556640625,1179.91064453125,4494.47119140625
2019-09-05,1204.051513671875,27142.26953125,21979.78125,13232.1591796875,5105.16455078125,3988.80859375,13661.609375,9531.4560546875,43078.2421875,847.6746215820312,2732.497802734375,17032.189453125,243.0,20335.763671875,5856.9716796875,1174.3970947265625,4266.82958984375
2019-09-06,1230.32177734375,27142.26953125,21923.708984375,13300.79296875,5165.54052734375,4001.553955078125,13737.927734375,9599.8310546875,43611.44140625,851.024658203125,2713.69677734375,16916.234375,243.0,20335.763671875,5856.9716796875,1179.91064453125,4214.2978515625
2019-09-09,1254.40283203125,27351.67578125,22007.822265625,13300.79296875,5172.2490234375,4014.297119140625,14089.0087890625,9654.529296875,44229.43359375,851.024658203125,2748.165771484375,16864.701171875,238.0,20447.677734375,5856.9716796875,1196.451416015625,4325.19775390625
2019-09-10,1254.40283203125,27351.67578125,22007.822265625,13300.79296875,5172.2490234375,4014.297119140625,14089.0087890625,9654.529296875,44229.43359375,851.024658203125,2748.165771484375,16864.701171875,238.0,20491.783203125,5856.9716796875,1196.451416015625,4325.19775390625
2019-09-11,1263.1593017578125,27013.408203125,21797.548828125,13300.79296875,5125.2890625,4014.297119140625,13875.310546875,9640.85546875,44229.43359375,847.6746215820312,2741.89892578125,16761.630859375,234.0,20331.572265625,5856.9716796875,1196.451416015625,4436.1015625
2019-09-12,1269.72705078125,27319.462890625,22133.9765625,13204.7060546875,5165.54052734375,4014.297119140625,13890.5712890625,9545.130859375,44532.37109375,864.4271850585938,2688.627685546875,16735.86328125,234.0,20139.306640625,5856.9716796875,1201.965087890625,4354.38330078125
2019-09-13,1289.4296875,27093.94921875,22007.822265625,13204.7060546875,5125.2890625,4014.297119140625,13737.927734375,9531.4560546875,44835.3125,871.12744140625,2748.165771484375,16890.466796875,234.0,20411.67578125,5749.50390625,1201.965087890625,4354.38330078125
2019-09-16,1313.5108642578125,27464.43359375,22049.875,13794.9375,5078.330078125,3912.346923828125,13722.6669921875,9340.005859375,46047.08984375,861.0762939453125,2726.23095703125,17315.626953125,236.0,20347.591796875,5760.2509765625,1201.965087890625,4354.38330078125
2019-09-17,1313.5108642578125,27464.43359375,22049.875,13794.9375,5078.330078125,3912.346923828125,13722.6669921875,9340.005859375,46047.08984375,861.0762939453125,2726.23095703125,17315.626953125,236.0,20347.591796875,5760.2509765625,1201.965087890625,4365.501953125
2019-09-18,1313.5108642578125,27383.89453125,21979.78125,13726.3046875,5098.4541015625,3893.23193359375,13585.28515625,9244.28125,46047.08984375,864.4271850585938,2745.03271484375,17315.626953125,234.0,20251.45703125,5760.2509765625,1190.9378662109375,4377.20556640625
2019-09-19,1322.267578125,26884.541015625,21713.4453125,13520.4111328125,5071.62158203125,3848.6279296875,13585.28515625,9230.60546875,45453.3125,874.4777221679688,2726.23095703125,17199.67578125,234.0,20347.591796875,5760.2509765625,1196.451416015625,4418.16796875
2019-09-20,1309.13232421875,26900.646484375,21713.4453125,13630.21875,5031.37060546875,3937.8349609375,13478.4345703125,9162.2314453125,45441.2109375,871.12744140625,2723.097412109375,17173.908203125,225.0,20555.869140625,5749.50390625,1212.9923095703125,4453.27978515625
2019-09-23,1313.5108642578125,26385.189453125,21489.16015625,13383.1484375,5011.244140625,3950.577880859375,13478.4345703125,9271.62890625,47016.48828125,881.1790161132812,2713.69677734375,17392.9296875,225.0,20411.67578125,5867.71875,1218.5059814453125,4681.50390625
2019-09-24,1313.5108642578125,26385.189453125,21489.16015625,13383.1484375,5011.244140625,3950.577880859375,13478.4345703125,9271.62890625,47016.48828125,881.1790161132812,2713.69677734375,17392.9296875,225.0,20411.67578125,5867.71875,1218.5059814453125,4681.50390625
2019-09-25,1304.7540283203125,26399.341796875,21219.865234375,13451.7822265625,4957.5771484375,3918.718505859375,13478.4345703125,9093.85546875,47454.52734375,884.542236328125,2701.16259765625,17225.443359375,220.0,20283.501953125,5867.71875,1204.721923828125,4915.58056640625
2019-09-26,1304.7540283203125,26771.388671875,21177.62109375,13081.16796875,5152.12353515625,3944.205810546875,13570.021484375,9230.60546875,46846.13671875,877.8154296875,2726.23095703125,17328.51171875,220.0,20347.591796875,5749.50390625,1210.235595703125,4798.541015625
2019-09-27,1309.13232421875,26997.859375,21332.513671875,13053.716796875,5165.54052734375,3912.346923828125,13585.28515625,9285.3056640625,47746.5703125,884.542236328125,2813.971923828125,18037.11328125,220.0,20443.71875,5749.50390625,1210.235595703125,4798.541015625
2019-09-30,1291.6190185546875,26690.5078125,20684.7890625,12518.390625,4991.11962890625,3950.577880859375,13020.5029296875,9271.62890625,48914.671875,874.4524536132812,2726.23095703125,18062.87890625,229.0,20299.515625,5749.50390625,1204.721923828125,4786.8359375
2019-10-01,1291.6190185546875,26690.5078125,20684.7890625,12518.390625,5032.0380859375,3989.5078125,13020.5029296875,9271.62890625,48914.671875,874.4524536132812,2726.23095703125,18062.87890625,229.0,20299.515625,5749.50390625,1204.721923828125,4786.8359375
2019-10-02,1287.240478515625,26706.69140625,21022.736328125,12696.8359375,4890.0048828125,3989.5078125,13127.3564453125,9203.255859375,48671.3203125,881.17919921875,2745.03271484375,18037.11328125,228.0,20235.4375,5749.50390625,1215.7491455078125,4681.50390625
2019-10-03,1265.3486328125,26464.04296875,20698.873046875,12696.8359375,5032.0380859375,3989.5078125,13539.4931640625,9039.1572265625,48963.35546875,864.3628540039062,2707.4296875,17895.392578125,235.0,20427.693359375,5749.50390625,1215.7491455078125,4681.50390625
2019-10-04,1289.4296875,26512.572265625,20896.00390625,12998.8095703125,4991.4580078125,3989.5078125,13188.4111328125,9162.2314453125,48890.3359375,877.8154296875,2726.23095703125,18230.369140625,231.0,20571.892578125,5749.50390625,1218.5059814453125,4786.8359375
2019-10-07,1293.80810546875,26787.568359375,20881.923828125,13369.4228515625,5113.20068359375,3905.857177734375,13508.9638671875,9271.62890625,48671.3203125,881.17919921875,2735.6318359375,18165.947265625,260.0,20347.591796875,5749.50390625,1221.2626953125,4681.50390625
2019-10-08,1293.80810546875,26787.568359375,20881.923828125,13369.4228515625,5113.20068359375,3905.857177734375,13576.076171875,9331.8486328125,48671.3203125,881.17919921875,2735.6318359375,18165.947265625,260.0,20391.79296875,5749.50390625,1221.2626953125,4681.50390625
2019-10-09,1274.10546875,26900.802734375,20896.00390625,13300.79296875,5113.20068359375,3860.81396484375,13576.076171875,9318.083984375,48671.3203125,871.0892944335938,2732.497802734375,17869.625,273.0,20552.35546875,5749.50390625,1221.2626953125,4681.50390625
2019-10-10,1280.6729736328125,26819.91796875,20839.68359375,13300.79296875,5072.6201171875,3860.81396484375,13576.076171875,9318.083984375,48780.8203125,874.4524536132812,2729.3642578125,17934.044921875,270.0,20327.564453125,5749.50390625,1224.0196533203125,4740.02197265625
2019-10-11,1291.6190185546875,26819.91796875,20670.708984375,13053.716796875,5072.6201171875,3777.163330078125,13422.6767578125,9152.9189453125,48671.3203125,864.3628540039062,2701.16259765625,18037.11328125,260.0,20391.79296875,5534.5693359375,1224.0196533203125,4681.50390625
2019-10-14,1291.6190185546875,26819.91796875,20670.708984375,13053.716796875,5072.6201171875,3777.163330078125,13422.6767578125,9152.9189453125,48671.3203125,864.3628540039062,2701.16259765625,18037.11328125,260.0,20391.79296875,5534.5693359375,1224.0196533203125,4681.50390625
2019-10-15,1311.3216552734375,26561.103515625,20417.25390625,12889.0009765625,5072.6201171875,3809.3369140625,13545.3955078125,9029.0458984375,47758.7421875,864.3628540039062,2719.963623046875,18165.947265625,260.0,20359.669921875,5534.5693359375,1221.2626953125,4766.06298828125
2019-10-16,1311.3216552734375,26561.103515625,20417.25390625,12889.0009765625,5072.6201171875,3809.3369140625,13545.3955078125,9029.0458984375,47758.7421875,864.3628540039062,2719.963623046875,18165.947265625,260.0,20359.669921875,5534.5693359375,1221.2626953125,4766.06298828125
2019-10-17,1302.56494140625,26480.224609375,20248.28515625,12902.7255859375,5072.6201171875,3802.90087890625,13499.3759765625,9056.5712890625,48732.171875,867.7265625,2749.101806640625,18127.296875,258.0,20391.79296875,5749.50390625,1255.3446044921875,4819.283203125
2019-10-18,1298.1864013671875,26205.228515625,20290.53125,12943.9052734375,5004.984375,3802.90087890625,13438.01171875,8877.6435546875,48683.5,877.8154296875,2726.931396484375,18140.1796875,265.0,20391.79296875,5749.50390625,1226.943115234375,4789.7158203125
2019-10-21,1280.6729736328125,26771.388671875,20586.228515625,13039.9921875,5072.6201171875,3860.81396484375,13806.1796875,9276.7939453125,49279.71484375,884.542236328125,2752.268798828125,18359.205078125,265.0,20391.79296875,5749.50390625,1232.62353515625,4789.7158203125
2019-10-22,1280.6729736328125,26771.388671875,20586.228515625,13039.9921875,5072.6201171875,3860.81396484375,13806.1796875,9276.7939453125,49279.71484375,884.542236328125,2752.268798828125,18359.205078125,265.0,20391.79296875,5749.50390625,1232.62353515625,4789.7158203125
2019-10-23,1313.5108642578125,27046.37890625,21050.89453125,13314.5166015625,5045.56591796875,3847.944091796875,14112.984375,9359.3759765625,49888.11328125,894.6325073242188,2745.9345703125,18410.736328125,270.0,20472.068359375,5749.50390625,1238.3035888671875,4789.7158203125
2019-10-24,1326.6458740234375,26852.267578125,20924.16796875,13314.5166015625,5004.984375,3835.075439453125,14082.2998046875,9497.0146484375,50070.6171875,891.2689208984375,2723.764892578125,18462.2734375,270.0,20568.412109375,5749.50390625,1241.143798828125,4789.7158203125
2019-10-25,1331.0242919921875,26852.267578125,20966.41015625,13561.5888671875,4984.6943359375,3822.2060546875,14082.2998046875,9565.8330078125,49948.94921875,884.542236328125,2730.0986328125,18629.76171875,271.0,20632.63671875,5749.50390625,1232.62353515625,4789.7158203125
2019-10-28,1331.0242919921875,27014.029296875,20839.68359375,13698.8544921875,4964.40380859375,3770.72900390625,13959.580078125,9593.359375,52599.6640625,918.3034057617188,2742.767578125,18616.876953125,265.0,20504.185546875,5749.50390625,1229.783203125,4730.583984375
2019-10-29,1331.0242919921875,27014.029296875,20839.68359375,13698.8544921875,4964.40380859375,3770.72900390625,13959.580078125,9593.359375,52599.6640625,918.3034057617188,2742.767578125,18616.876953125,265.0,20504.185546875,5749.50390625,1229.783203125,4730.583984375
2019-10-30,1344.1593017578125,27321.376953125,20881.923828125,13726.3046875,4971.16748046875,3790.032958984375,14020.9453125,9579.595703125,53430.32421875,931.80810546875,2780.7734375,18655.52734375,260.0,20375.73828125,5749.50390625,1229.783203125,4730.583984375
2019-10-31,1331.0242919921875,27661.072265625,21811.26171875,13383.1484375,5160.5439453125,3732.1201171875,14036.283203125,9607.125,53149.37890625,935.1844482421875,2755.435546875,18745.7109375,240.0,20584.470703125,5749.50390625,1235.46337890625,4724.66943359375
2019-11-01,1331.0242919921875,27661.072265625,21811.26171875,13383.1484375,5160.5439453125,3732.1201171875,14036.283203125,9607.125,53149.37890625,935.1844482421875,2755.435546875,18745.7109375,240.0,20584.470703125,5749.50390625,1235.46337890625,4724.66943359375
2019-11-04,1331.0242919921875,27661.072265625,21811.26171875,13383.1484375,5160.5439453125,3732.1201171875,14036.283203125,9607.125,53149.37890625,935.1844482421875,2755.435546875,18745.7109375,240.0,20584.470703125,5749.50390625,1235.46337890625,4724.66943359375
2019-11-05,1383.564697265625,28146.35546875,20839.68359375,14055.740234375,4998.220703125,3822.2060546875,13683.4580078125,9497.0146484375,54041.12109375,962.1935424804688,2818.779541015625,19054.919921875,251.0,20584.470703125,5588.3037109375,1249.6641845703125,4724.66943359375
2019-11-06,1370.429443359375,27822.830078125,20825.59765625,13836.1162109375,4923.82275390625,3777.163330078125,13836.859375,9483.2509765625,54945.06640625,948.6887817382812,2806.110107421875,18835.900390625,241.0,20616.580078125,5588.3037109375,1243.9837646484375,4647.79833984375
2019-11-07,1370.429443359375,27806.662109375,21262.107421875,13932.2021484375,4957.640625,3854.37939453125,14036.283203125,9428.193359375,54774.05078125,948.6887817382812,2736.433349609375,18810.130859375,241.0,20616.580078125,5588.3037109375,1238.3035888671875,4647.79833984375
2019-11-08,1370.429443359375,26544.919921875,19783.61328125,13863.5703125,4666.81005859375,3667.77294921875,14036.283203125,9029.0458984375,54297.6328125,952.0648803710938,2774.439453125,18810.130859375,240.0,20451.697265625,5545.31591796875,1232.62353515625,4612.3203125
2019-11-11,1370.429443359375,26544.919921875,19783.61328125,13863.5703125,4666.81005859375,3667.77294921875,14036.283203125,9029.0458984375,54297.6328125,952.0648803710938,2774.439453125,18810.130859375,240.0,20451.697265625,5545.31591796875,1232.62353515625,4612.3203125
2019-11-12,1357.294189453125,27062.560546875,19839.9375,13891.01953125,4700.6279296875,3603.426025390625,13928.900390625,8946.462890625,51964.4921875,965.5687866210938,2787.108154296875,18823.015625,240.0,20242.51171875,5545.31591796875,1238.3035888671875,4612.3203125
2019-11-13,1366.0513916015625,26690.5078125,20121.55859375,13891.01953125,4660.04736328125,3539.080078125,14036.283203125,8946.462890625,51940.05859375,948.6887817382812,2736.433349609375,18552.458984375,244.0,20145.95703125,5545.31591796875,1229.783203125,4582.75341796875
2019-11-14,1368.2403564453125,26577.279296875,19783.61328125,13355.693359375,4599.173828125,3352.473876953125,14020.9453125,8850.1162109375,50083.32421875,945.3123779296875,2755.435546875,18384.970703125,244.0,20194.240234375,5556.0634765625,1226.943115234375,4582.75341796875
2019-11-15,1376.9969482421875,27321.376953125,20079.3125,13479.2314453125,4666.81005859375,3352.473876953125,14036.283203125,9070.333984375,50694.09375,952.0648803710938,2749.101806640625,18359.205078125,250.0,20322.96875,5556.0634765625,1235.46337890625,4594.0166015625
2019-11-18,1370.429443359375,26965.5078125,19854.01953125,13822.388671875,4599.173828125,3352.473876953125,13959.580078125,9263.0283203125,50388.71484375,935.1844482421875,2749.101806640625,18616.876953125,273.0,20194.240234375,5556.0634765625,1238.3035888671875,4594.0166015625
2019-11-19,1357.294189453125,26884.62890625,19797.69921875,13190.9814453125,4605.9384765625,3352.473876953125,14036.283203125,8877.6435546875,51280.4140625,935.1844482421875,2736.433349609375,18191.716796875,256.0,19872.412109375,5556.0634765625,1241.143798828125,4594.0166015625
2019-11-20,1370.429443359375,26625.806640625,19783.61328125,12696.8359375,4463.90576171875,3487.601318359375,13882.8818359375,9221.7353515625,50083.32421875,941.9365234375,2752.268798828125,18603.9921875,256.0,20258.59765625,5588.3037109375,1229.783203125,4594.0166015625
2019-11-21,1376.9969482421875,26933.146484375,19868.103515625,12285.0439453125,4457.14208984375,3513.341064453125,14005.603515625,8946.462890625,50071.078125,935.1844482421875,2783.940673828125,18410.736328125,256.0,20274.69140625,5588.3037109375,1238.3035888671875,4594.0166015625
2019-11-22,1387.943115234375,27208.1484375,19882.1875,12820.369140625,4477.43359375,3539.080078125,13990.263671875,9207.974609375,50058.88671875,945.3123779296875,2787.108154296875,18552.458984375,250.0,20516.052734375,5588.3037109375,1235.46337890625,4653.2919921875
2019-11-25,1383.564697265625,26722.861328125,19994.830078125,12559.5703125,4463.90576171875,3468.297119140625,13806.1796875,9056.5712890625,50083.32421875,931.80810546875,2787.108154296875,18539.576171875,252.0,20757.4296875,5534.5693359375,1232.62353515625,4647.36572265625
2019-11-26,1383.564697265625,26852.267578125,18502.255859375,12834.0966796875,4179.83984375,3346.039306640625,13806.1796875,9084.099609375,50279.5234375,952.1383666992188,2799.77685546875,18552.458984375,227.0,21240.15625,5534.5693359375,1241.143798828125,4730.35498046875
2019-11-27,1403.2674560546875,26140.51953125,18952.84765625,12532.1181640625,4227.18310546875,3339.604248046875,13422.6767578125,8932.69921875,50892.6953125,938.5851440429688,2780.7734375,18552.458984375,245.0,20918.33984375,5534.5693359375,1238.3035888671875,4724.427734375
2019-11-28,1409.834716796875,26286.109375,19501.998046875,12902.7255859375,4308.3447265625,3474.733154296875,13468.6982421875,9042.8095703125,52732.16015625,945.3614501953125,2787.108154296875,18874.548828125,241.0,20709.142578125,5534.5693359375,1238.3035888671875,4724.427734375
2019-11-29,1409.834716796875,26286.109375,19501.998046875,12902.7255859375,4308.3447265625,3474.733154296875,13468.6982421875,9042.8095703125,52732.16015625,945.3614501953125,2787.108154296875,18874.548828125,241.0,20709.142578125,5534.5693359375,1238.3035888671875,4724.427734375
2019-12-02,1414.2132568359375,26156.697265625,19347.111328125,12600.7490234375,4274.52685546875,3333.169677734375,13652.7783203125,9194.2109375,53038.7578125,952.1383666992188,2790.27490234375,18913.201171875,241.0,20773.513671875,5534.5693359375,1241.143798828125,4623.6552734375
2019-12-03,1401.0782470703125,26447.8671875,19487.916015625,12628.2021484375,4274.52685546875,3333.169677734375,13361.3154296875,8877.6435546875,50304.03125,958.915283203125,2799.77685546875,18926.0859375,250.0,20660.875,5534.5693359375,1241.143798828125,4730.35498046875
2019-12-04,1457.9969482421875,27078.740234375,19741.37109375,12587.021484375,4328.6357421875,3333.169677734375,13790.841796875,9056.5712890625,50463.484375,962.3033447265625,2755.435546875,18990.50390625,250.0,20355.14453125,5534.5693359375,1232.62353515625,4730.35498046875
2019-12-05,1436.1051025390625,26771.388671875,19656.88671875,13002.314453125,4396.27001953125,3333.169677734375,13775.498046875,9180.4462890625,52732.16015625,962.3033447265625,2774.439453125,18771.478515625,250.0,20676.96484375,5534.5693359375,1241.143798828125,4570.30419921875
2019-12-06,1444.8621826171875,26674.333984375,19713.208984375,12890.8310546875,4362.453125,3384.646484375,13560.7353515625,9015.28125,52732.16015625,958.915283203125,2799.77685546875,18810.130859375,250.0,20596.509765625,5534.5693359375,1243.9837646484375,4570.30419921875
2019-12-09,1436.1051025390625,26286.109375,19741.37109375,13085.9326171875,4328.6357421875,3378.212158203125,13345.9736328125,8808.8251953125,52425.59765625,958.915283203125,2787.108154296875,18681.294921875,254.0,20596.509765625,5534.5693359375,1241.143798828125,4570.30419921875
2019-12-10,1427.3482666015625,26512.572265625,19797.69921875,12988.3818359375,4294.81884765625,3346.039306640625,13345.9736328125,8932.69921875,52719.91796875,955.5264282226562,2793.442138671875,18887.43359375,250.0,20528.03125,5341.1279296875,1238.3035888671875,4570.30419921875
2019-12-11,1431.7265625,26447.8671875,19839.9375,12709.6591796875,4396.27001953125,3307.431640625,13560.7353515625,8891.4072265625,52719.91796875,962.3033447265625,2796.60888671875,18964.736328125,245.0,20431.267578125,5341.1279296875,1241.143798828125,4718.49853515625
2019-12-12,1447.051025390625,26577.279296875,20191.95703125,12751.4677734375,4484.19580078125,3358.908447265625,13806.1796875,8918.9345703125,52732.16015625,965.6920166015625,2796.60888671875,19196.642578125,254.0,20528.03125,5341.1279296875,1235.46337890625,4706.64404296875
2019-12-13,1455.8077392578125,26706.69140625,20248.28515625,13239.2314453125,4551.8310546875,3358.908447265625,14005.603515625,8918.9345703125,53345.36328125,962.3033447265625,2787.108154296875,19170.873046875,250.0,20382.88671875,5341.1279296875,1241.143798828125,4570.30419921875
2019-12-16,1460.18603515625,26447.8671875,20248.28515625,13099.8671875,4578.8837890625,3378.212158203125,13852.201171875,8836.3515625,53333.08984375,965.6920166015625,2806.110107421875,19325.478515625,250.0,20173.265625,5346.5009765625,1241.143798828125,4623.6552734375
2019-12-17,1473.2315673828125,26043.4609375,19769.537109375,13071.99609375,4599.173828125,3346.039306640625,13821.5224609375,8767.533203125,53345.36328125,965.6920166015625,2802.94384765625,19325.478515625,248.0,20157.12890625,5373.36865234375,1241.143798828125,4634.94580078125
2019-12-18,1466.48388671875,26641.9765625,20065.234375,13016.251953125,4585.64794921875,3346.039306640625,14097.646484375,8877.6435546875,53284.03515625,975.8567504882812,2787.108154296875,19454.31640625,250.0,20141.009765625,5373.36865234375,1243.9837646484375,4634.94580078125
2019-12-19,1484.4779052734375,27094.9140625,20065.234375,13044.125,4680.3369140625,3436.124267578125,13775.498046875,8946.462890625,53345.36328125,975.8567504882812,2780.7734375,19583.150390625,247.0,20157.12890625,5373.36865234375,1252.50439453125,4634.94580078125
2019-12-20,1493.4742431640625,26658.158203125,19994.830078125,12988.3818359375,4680.3369140625,3526.210693359375,14082.2998046875,9084.099609375,53345.36328125,975.8567504882812,2774.439453125,19647.56640625,253.0,20076.501953125,5373.36865234375,1255.3446044921875,4741.90673828125
2019-12-23,1506.9697265625,27094.9140625,20346.849609375,13448.2705078125,4707.39013671875,3603.426025390625,14481.1484375,9084.099609375,53958.5234375,999.5757446289062,2850.45068359375,19840.82421875,260.0,20221.640625,5373.36865234375,1275.2254638671875,4741.90673828125
2019-12-24,1493.4742431640625,27499.314453125,20529.900390625,13448.2705078125,4734.44482421875,3603.426025390625,14066.962890625,9221.7353515625,53958.5234375,989.4105834960938,2837.782470703125,19969.658203125,260.0,20399.01953125,5373.36865234375,1295.106689453125,4741.90673828125
2019-12-25,1493.4742431640625,27499.314453125,20529.900390625,13448.2705078125,4734.44482421875,3603.426025390625,14066.962890625,9221.7353515625,53958.5234375,989.4105834960938,2837.782470703125,19969.658203125,260.0,20399.01953125,5373.36865234375,1295.106689453125,4741.90673828125
2019-12-26,1504.7205810546875,27318.62890625,20613.01953125,13448.2705078125,4666.81005859375,3603.426025390625,13898.2236328125,9221.7353515625,54770.8515625,986.0107421875,2793.442138671875,19905.240234375,260.0,20366.7734375,5373.36865234375,1292.2664794921875,4741.90673828125
2019-12-27,1502.47119140625,27204.93359375,20513.984375,13504.0146484375,4687.0986328125,3654.903564453125,14036.283203125,9263.0283203125,53527.7421875,1003.0104370117188,2831.447509765625,19905.240234375,255.0,20237.76171875,5373.36865234375,1278.0657958984375,4753.791015625
2019-12-30,1491.22509765625,27610.9765625,20726.201171875,13657.3125,4937.35009765625,3654.903564453125,13652.7783203125,9290.5546875,52395.39453125,992.8106689453125,2793.442138671875,19840.82421875,259.0,20479.6484375,5373.36865234375,1261.02490234375,4753.791015625
2019-12-31,1491.22509765625,27610.9765625,20726.201171875,13657.3125,4937.35009765625,3654.903564453125,13652.7783203125,9290.5546875,52395.39453125,992.8106689453125,2793.442138671875,19840.82421875,259.0,20479.6484375,5373.36865234375,1261.02490234375,4753.791015625
2020-01-01,1491.22509765625,27610.9765625,20726.201171875,13657.3125,4937.35009765625,3654.903564453125,13652.7783203125,9290.5546875,52395.39453125,992.8106689453125,2793.442138671875,19840.82421875,259.0,20479.6484375,5373.36865234375,1261.02490234375,4753.791015625
2020-01-02,1491.22509765625,27610.9765625,20726.201171875,13657.3125,4937.35009765625,3654.903564453125,13652.7783203125,9290.5546875,52395.39453125,992.8106689453125,2793.442138671875,19840.82421875,259.0,20479.6484375,5373.36865234375,1261.02490234375,4753.791015625
2020-01-03,1520.4647216796875,27773.392578125,20655.46484375,14145.072265625,4774.01025390625,3648.725341796875,14629.7685546875,9365.01953125,54635.45703125,999.611083984375,2844.11669921875,20162.916015625,260.0,20382.88671875,5373.36865234375,1263.864990234375,4896.404296875
2020-01-06,1520.4647216796875,27773.392578125,20655.46484375,14145.072265625,4774.01025390625,3648.725341796875,14629.7685546875,9365.01953125,54635.45703125,999.611083984375,2844.11669921875,20162.916015625,260.0,20382.88671875,5373.36865234375,1263.864990234375,4896.404296875
2020-01-07,1511.4681396484375,27367.345703125,20542.28515625,13768.796875,4739.91064453125,3583.6845703125,14506.4384765625,9323.4580078125,52924.6171875,986.0107421875,2837.782470703125,20162.916015625,260.0,20205.505859375,5534.5693359375,1275.2254638671875,4896.404296875
2020-01-08,1495.7235107421875,27123.720703125,20443.25,13657.3125,4692.17138671875,3577.18212890625,14383.1103515625,9254.19140625,52924.6171875,982.6105346679688,2834.615478515625,20291.751953125,260.0,20173.265625,5534.5693359375,1283.7459716796875,4896.404296875
2020-01-09,1504.7205810546875,27123.720703125,20358.359375,13768.796875,4644.42919921875,3609.701416015625,14151.869140625,9268.044921875,53613.8828125,992.8106689453125,2837.782470703125,20549.423828125,274.0,20217.75,5545.31591796875,1295.106689453125,4753.791015625
2020-01-10,1529.461669921875,27188.693359375,20344.216796875,13699.1162109375,4617.14990234375,3590.189453125,14182.703125,9184.9228515625,54709.2890625,996.2107543945312,2859.9521484375,20613.84375,274.0,20314.72265625,5534.5693359375,1286.586181640625,4735.9638671875
2020-01-13,1538.4586181640625,27286.138671875,20301.775390625,13908.1591796875,4542.13037109375,3512.142578125,13997.7119140625,8921.705078125,52949.24609375,996.2107543945312,2825.113525390625,20510.771484375,270.0,20136.94140625,5534.5693359375,1289.42626953125,4735.9638671875
2020-01-14,1531.7110595703125,27237.416015625,20188.587890625,13726.990234375,4528.49072265625,3421.085693359375,14167.287109375,8893.998046875,53663.125,1003.0104370117188,2796.60888671875,20794.212890625,262.0,20153.099609375,5534.5693359375,1306.4671630859375,4575.52099609375
2020-01-15,1527.2127685546875,26798.884765625,20089.55859375,13713.0556640625,4480.7490234375,3440.599365234375,13874.3818359375,9004.8271484375,54155.4453125,992.8106689453125,2774.439453125,20755.5625,268.0,20250.068359375,5534.5693359375,1306.4671630859375,4586.83935546875
2020-01-16,1531.7110595703125,26490.298828125,19735.869140625,13629.4365234375,4487.56982421875,3434.094482421875,13874.3818359375,8893.998046875,54463.12109375,982.6105346679688,2777.6064453125,20613.84375,265.0,20201.58203125,5534.5693359375,1317.82763671875,4169.85498046875
2020-01-17,1531.7110595703125,26490.298828125,19735.869140625,13629.4365234375,4487.56982421875,3434.094482421875,13874.3818359375,8893.998046875,54463.12109375,982.6105346679688,2807.05322265625,20613.84375,265.0,20201.58203125,5534.5693359375,1317.82763671875,4169.85498046875
2020-01-20,1522.7142333984375,26701.443359375,19792.462890625,13671.2490234375,4596.689453125,3317.02294921875,13812.7197265625,8824.73046875,52986.18359375,989.4107055664062,2784.6474609375,20923.05078125,252.0,20444.0,5534.5693359375,1312.1473388671875,4169.85498046875
2020-01-21,1511.4681396484375,26717.68359375,19792.462890625,13629.4365234375,4542.13037109375,3317.02294921875,13874.3818359375,8921.705078125,53847.73046875,989.4107055664062,2829.458740234375,21000.3515625,265.0,20411.685546875,5534.5693359375,1309.3072509765625,4402.17578125
2020-01-22,1497.9727783203125,26652.705078125,19990.521484375,13587.6298828125,4521.669921875,3382.063232421875,13889.7998046875,8921.705078125,54524.6796875,982.6105346679688,2867.8671875,20974.5859375,265.0,20460.169921875,5534.5693359375,1320.6678466796875,4354.51904296875
2020-01-23,1491.22509765625,26457.810546875,19792.462890625,13448.2705078125,4501.2099609375,3336.53466796875,13905.2138671875,8880.1435546875,53847.73046875,982.6105346679688,2903.074951171875,21000.3515625,259.0,20508.65625,5534.5693359375,1346.2291259765625,4431.958984375
2020-01-24,1479.97900390625,26685.197265625,19735.869140625,13504.0146484375,4433.00927734375,3310.519287109375,13843.548828125,8893.998046875,54770.8515625,979.2101440429688,2858.264892578125,20871.513671875,257.0,20379.357421875,5534.5693359375,1346.2291259765625,4378.34765625
2020-01-27,1441.74267578125,26392.845703125,19382.181640625,13406.4609375,4398.9091796875,3251.98291015625,13704.806640625,8727.7548828125,53946.2109375,972.4104614257812,2874.2685546875,20781.328125,250.0,20136.94140625,5534.5693359375,1340.548828125,4378.34765625
2020-01-28,1434.9951171875,26311.63671875,19594.39453125,13448.2705078125,4412.54931640625,3251.98291015625,13488.982421875,8658.486328125,54353.85546875,975.8224487304688,2880.669921875,20935.935546875,250.0,20201.58203125,5534.5693359375,1349.0694580078125,4574.9267578125
2020-01-29,1437.244140625,26733.919921875,19650.984375,13504.0146484375,4487.56982421875,3271.494873046875,13720.2216796875,8658.486328125,54588.5625,982.6460571289062,2899.87451171875,20961.701171875,251.0,20266.23046875,5534.5693359375,1354.7496337890625,4574.9267578125
2020-01-30,1439.493408203125,26555.259765625,19679.275390625,13754.86328125,4487.56982421875,3225.967529296875,14013.125,8589.2177734375,54082.08984375,989.470458984375,2899.87451171875,20974.5859375,250.0,20169.265625,5319.634765625,1360.429931640625,4372.390625
2020-01-31,1430.4964599609375,25986.798828125,19735.869140625,13099.8671875,4433.00927734375,3362.55078125,13473.5654296875,9004.8271484375,54971.515625,989.470458984375,2903.074951171875,20935.935546875,258.0,20007.66015625,5534.5693359375,1360.429931640625,4408.13134765625
2020-02-03,1412.5029296875,26149.212890625,19650.984375,13350.7158203125,4446.64990234375,3336.53466796875,13519.81640625,8963.265625,54971.515625,986.0582885742188,2896.673828125,20935.935546875,260.0,20250.068359375,5534.5693359375,1366.1103515625,4408.13134765625
2020-02-04,1432.7457275390625,26409.0859375,19849.05078125,13406.4609375,4433.00927734375,3277.99951171875,13858.96875,9018.6796875,54996.25390625,996.294189453125,2880.669921875,21051.88671875,260.0,20201.58203125,5534.5693359375,1385.9912109375,4646.41015625
2020-02-05,1434.9951171875,26733.919921875,20047.11328125,13406.4609375,4453.46923828125,3291.006591796875,14105.6220703125,9032.5361328125,54971.515625,996.294189453125,2893.47314453125,21129.1875,260.0,20201.58203125,5534.5693359375,1377.470703125,4586.83935546875
2020-02-06,1437.244140625,26733.919921875,20089.55859375,13211.35546875,4357.99072265625,3291.006591796875,14074.7890625,9004.8271484375,55403.87890625,1003.1185302734375,2903.074951171875,21232.259765625,252.0,20266.23046875,5373.36865234375,1357.58984375,4640.45166015625
2020-02-07,1446.2412109375,26880.095703125,20061.267578125,13169.5478515625,4303.42919921875,3206.455810546875,13766.4697265625,9004.8271484375,55403.87890625,1009.9423217773438,2848.662841796875,21129.1875,252.0,20492.48046875,5373.36865234375,1357.58984375,4467.70263671875
2020-02-10,1446.2412109375,26847.615234375,19877.34375,13058.0615234375,4242.04931640625,3121.904541015625,13257.744140625,8755.4619140625,53859.75,999.7062377929688,2832.6591796875,21077.654296875,252.0,20056.134765625,5373.36865234375,1351.9093017578125,4634.4951171875
2020-02-11,1479.97900390625,27026.271484375,19990.521484375,12960.5068359375,4187.48828125,3076.37548828125,13365.6572265625,8797.0234375,54020.3359375,1009.9423217773438,2826.25732421875,21193.607421875,252.0,20165.51171875,5373.36865234375,1351.9093017578125,4646.41015625
2020-02-12,1518.2156982421875,27188.693359375,20117.8515625,13099.8671875,4248.86865234375,3128.408203125,13627.7265625,8977.1201171875,54020.3359375,1006.5298461914062,2842.261474609375,21322.443359375,252.0,20311.283203125,5373.36865234375,1363.2701416015625,4646.41015625
2020-02-13,1511.4681396484375,27139.962890625,20018.822265625,13239.2314453125,4228.4091796875,3180.439697265625,13704.806640625,8935.55859375,54316.796875,1006.5298461914062,2855.06396484375,21386.86328125,252.0,20311.283203125,5373.36865234375,1368.950439453125,4646.41015625
2020-02-14,1495.7235107421875,27139.962890625,20188.587890625,13239.2314453125,4228.4091796875,3141.415771484375,13843.548828125,9157.21484375,55403.87890625,1009.9423217773438,2874.2685546875,21515.701171875,252.0,20489.455078125,5222.9140625,1363.2701416015625,4759.591796875
2020-02-17,1509.2188720703125,27172.447265625,20188.587890625,13239.2314453125,4228.4091796875,3121.904541015625,13735.6416015625,9074.0947265625,55403.87890625,1013.3538208007812,2864.666748046875,21567.232421875,252.0,20408.47265625,5351.875,1368.950439453125,4776.90869140625
2020-02-18,1513.7171630859375,27286.138671875,20330.064453125,13281.03515625,4167.029296875,3151.171630859375,13504.396484375,9143.3623046875,55403.87890625,1027.002197265625,2906.27587890625,21554.349609375,257.0,20327.482421875,5373.36865234375,1360.429931640625,4776.90869140625
2020-02-19,1556.4521484375,27253.658203125,20231.037109375,13434.3330078125,4167.029296875,3121.904541015625,13704.806640625,8838.583984375,55428.59765625,1027.002197265625,2903.074951171875,21644.537109375,266.0,20343.677734375,5373.36865234375,1363.2701416015625,4770.93701171875
2020-02-20,1545.2061767578125,27204.93359375,20231.037109375,13434.3330078125,4132.92919921875,3076.37548828125,13488.982421875,8713.8994140625,55428.59765625,1027.002197265625,2928.681640625,21232.259765625,253.0,20327.482421875,5373.36865234375,1400.1917724609375,4693.3115234375
2020-02-21,1540.707763671875,26392.845703125,19594.39453125,13169.5478515625,3955.609375,2988.57275390625,13303.990234375,8658.486328125,55366.82421875,1006.5298461914062,3008.7001953125,21258.025390625,257.0,20457.060546875,5642.03662109375,1408.712158203125,4776.90869140625
2020-02-24,1497.9727783203125,26149.212890625,19382.181640625,13267.099609375,3826.028076171875,3043.8564453125,13396.4853515625,8700.0458984375,55379.1875,1023.5899658203125,3040.70703125,21154.955078125,254.0,20489.455078125,5642.03662109375,1465.515380859375,4776.90869140625
2020-02-25,1484.4779052734375,25954.3203125,19311.4453125,13253.166015625,3723.728515625,3040.6044921875,12718.1826171875,8519.951171875,54660.14453125,1020.166259765625,3075.915283203125,21515.701171875,256.0,20295.0859375,5835.47802734375,1459.835205078125,4776.90869140625
2020-02-26,1477.729736328125,25028.53515625,18745.546875,13099.8671875,3580.507080078125,2861.745849609375,12178.6240234375,8298.29296875,54548.546875,1009.8963623046875,3008.7001953125,21103.421875,250.0,20230.294921875,5642.03662109375,1417.23291015625,4687.34130859375
2020-02-27,1403.50634765625,24395.109375,18391.849609375,12960.5068359375,3546.408203125,2861.745849609375,11947.384765625,8395.26953125,54027.83203125,992.7799072265625,2931.8818359375,21000.3515625,245.0,19193.689453125,5642.03662109375,1414.392578125,4884.38818359375
2020-02-28,1396.75830078125,24768.669921875,18674.802734375,12960.5068359375,3614.6083984375,2972.3125,11561.9853515625,8658.486328125,53333.59765625,992.7799072265625,2880.669921875,20742.677734375,246.0,18966.9140625,5642.03662109375,1368.950439453125,4866.4755859375
2020-03-02,1376.515625,23956.58203125,18391.849609375,12765.404296875,3614.6083984375,2946.296875,11854.888671875,8658.486328125,53928.69140625,961.968994140625,2938.283935546875,20613.84375,246.0,19841.568359375,5513.07568359375,1391.6715087890625,4657.4853515625
2020-03-03,1367.518798828125,23761.677734375,18179.63671875,12584.236328125,3355.447265625,2832.4775390625,12024.462890625,8533.8056640625,53618.7421875,965.3927001953125,2925.480712890625,20613.84375,241.0,18950.724609375,5513.07568359375,1417.23291015625,4830.6474609375
2020-03-04,1421.4998779296875,24395.109375,18391.849609375,12751.4677734375,3464.567626953125,2991.82421875,12594.8564453125,8575.365234375,53655.93359375,975.66259765625,2976.692626953125,20652.494140625,240.0,19274.673828125,5513.07568359375,1431.4334716796875,4830.6474609375
2020-03-05,1428.2471923828125,24606.251953125,18448.44140625,12890.8310546875,3485.02734375,2988.57275390625,12425.28125,8547.6591796875,54523.7578125,982.5096435546875,2944.68505859375,20871.513671875,241.0,19420.4453125,5642.03662109375,1434.2738037109375,4836.61962890625
2020-03-06,1333.780517578125,24232.6953125,18391.849609375,12612.107421875,3444.108154296875,2835.729736328125,12163.2099609375,8506.0966796875,54486.5703125,951.6990966796875,2922.27978515625,20613.84375,233.0,19145.087890625,5642.03662109375,1388.8316650390625,4836.61962890625
2020-03-09,1066.124755859375,21211.72265625,16906.35546875,11845.6279296875,2878.046630859375,2604.838623046875,10637.0263671875,8173.611328125,51449.2109375,855.844482421875,2823.056640625,19969.658203125,229.0,18464.806640625,5373.36865234375,1314.9874267578125,4669.42724609375
2020-03-10,1048.1312255859375,21731.462890625,16835.619140625,12194.0244140625,3069.006591796875,2666.62646484375,10960.76171875,7730.2978515625,49663.984375,869.5383911132812,2887.072265625,19969.658203125,235.0,18509.5,5346.5009765625,1340.548828125,4681.37060546875
2020-03-11,1003.1469116210938,19668.759765625,15335.97265625,11845.6279296875,3021.2666015625,2725.162353515625,10251.6279296875,7702.5888671875,50829.3359375,828.4573974609375,2800.651611328125,18951.8515625,220.0,17860.041015625,5346.5009765625,1255.3446044921875,4687.34130859375
2020-03-12,872.6927490234375,17053.8359375,13864.625,11107.0146484375,2728.00537109375,2276.388427734375,8401.7109375,7134.59375,50209.45703125,722.3326416015625,2624.611083984375,17715.021484375,209.0,16642.3203125,4836.03173828125,1153.0992431640625,4221.59326171875
2020-03-13,872.6927490234375,17053.8359375,13864.625,11107.0146484375,2728.00537109375,2276.388427734375,8401.7109375,7134.59375,50209.45703125,722.3326416015625,2624.611083984375,17715.021484375,209.0,16642.3203125,4836.03173828125,1153.0992431640625,4221.59326171875
2020-03-16,775.9769287109375,14292.7421875,11671.751953125,8431.2978515625,2073.283935546875,2094.27734375,6875.52783203125,5472.1640625,43390.89453125,650.441650390625,2253.32421875,14172.0185546875,209.0,15424.587890625,4836.03173828125,999.7315673828125,4179.79443359375
2020-03-17,708.5006103515625,14244.015625,10256.9921875,8710.01953125,2182.40478515625,1983.709716796875,7168.43115234375,5541.431640625,45808.3828125,621.0007934570312,2317.3388671875,15460.3818359375,197.0,15424.587890625,4836.03173828125,1150.259033203125,4191.169921875
2020-03-18,620.7815551757812,12506.1474609375,7922.64404296875,8222.2587890625,1762.973876953125,1625.991455078125,5727.037109375,4848.75146484375,40291.54296875,542.9475708007812,2208.513916015625,13270.162109375,171.0,13882.126953125,4728.564453125,1107.656982421875,4191.169921875
2020-03-19,638.7752685546875,12181.3115234375,8318.7744140625,9128.1005859375,1650.443359375,1443.8807373046875,5403.30126953125,4190.70703125,38431.92578125,547.740478515625,2368.551025390625,12625.978515625,170.0,13882.126953125,4728.564453125,1190.0211181640625,4191.169921875
2020-03-20,668.0148315429688,13172.060546875,8431.955078125,9337.140625,1705.00390625,1456.8885498046875,5688.49560546875,4980.36279296875,38431.92578125,512.1373291015625,2339.743896484375,14159.1337890625,170.0,13800.947265625,4644.783203125,1235.46337890625,4191.169921875
2020-03-23,668.0148315429688,13172.060546875,8431.955078125,9337.140625,1705.00390625,1456.8885498046875,5688.49560546875,4980.36279296875,38431.92578125,512.1373291015625,2339.743896484375,14159.1337890625,170.0,13800.947265625,4644.783203125,1235.46337890625,4191.169921875
2020-03-24,726.4943237304688,12993.3994140625,8488.544921875,9281.3955078125,1841.4039306640625,1619.48779296875,6166.392578125,5125.8251953125,35952.46484375,479.2727966308594,2499.781005859375,14146.25,170.0,14044.4921875,4644.783203125,1192.861328125,4191.169921875
2020-03-25,814.2134399414062,16241.755859375,10256.9921875,10117.5595703125,2250.60498046875,1769.078857421875,8062.55810546875,5860.064453125,38419.53125,588.8211059570312,2624.611083984375,15267.126953125,187.0,15002.4375,4644.783203125,1249.6641845703125,4185.18359375
2020-03-26,814.2134399414062,16241.755859375,10256.9921875,10117.5595703125,2250.60498046875,1769.078857421875,8062.55810546875,5860.064453125,38419.53125,588.8211059570312,2624.611083984375,15267.126953125,187.0,15002.4375,4644.783203125,1249.6641845703125,4185.18359375
2020-03-27,836.70556640625,17865.927734375,12025.439453125,11566.90625,2728.00537109375,2211.348876953125,10513.6982421875,6926.78857421875,46220.12890625,629.9013671875,2688.62548828125,16104.564453125,187.0,15846.724609375,4644.783203125,1243.9837646484375,4191.169921875
2020-03-30,823.21044921875,17378.67578125,11516.1279296875,11525.095703125,2659.806396484375,2169.072998046875,10544.533203125,6580.44970703125,46120.390625,656.6039428710938,2560.595703125,16413.771484375,170.0,15505.7734375,4644.783203125,1243.9837646484375,3951.675537109375
2020-03-31,854.6991577148438,16257.9970703125,11869.81640625,10786.4892578125,2789.385986328125,2269.88427734375,9496.244140625,6525.0361328125,44250.64453125,617.373046875,2746.23876953125,16607.025390625,177.0,15505.7734375,4644.783203125,1278.0657958984375,4191.169921875
2020-04-01,827.7086181640625,15023.6171875,11006.8134765625,10312.662109375,2659.806396484375,2143.0576171875,8247.55078125,5631.47900390625,43614.9375,609.8019409179688,2637.4140625,16284.9365234375,177.0,15132.33203125,4644.783203125,1229.783203125,4191.169921875
2020-04-02,935.6705322265625,15916.9150390625,11643.45703125,10730.7431640625,2721.18603515625,2334.923828125,9064.59765625,6192.55126953125,46880.73828125,640.0855102539062,2560.595703125,17392.9296875,187.0,15798.0224609375,4644.783203125,1241.143798828125,4191.169921875
2020-04-03,1021.1405029296875,16209.265625,11671.751953125,10800.4228515625,2659.806396484375,2276.388427734375,9326.6689453125,5957.0390625,47055.26171875,623.567138671875,2637.4140625,17070.837890625,189.0,15992.859375,4644.783203125,1241.143798828125,4191.169921875
2020-04-06,1016.6422729492188,17784.716796875,12294.2451171875,11246.3759765625,2755.285888671875,2373.94775390625,9095.4267578125,6441.91552734375,47678.515625,657.2921752929688,2666.22021484375,16813.166015625,190.0,16009.095703125,4644.783203125,1224.102783203125,4191.169921875
2020-04-07,1003.1469116210938,18515.595703125,12039.587890625,11622.650390625,2714.365966796875,2308.907958984375,8826.5908203125,6087.83935546875,47366.88671875,641.462158203125,2627.811279296875,17392.9296875,190.0,16300.923828125,4818.96240234375,1263.864990234375,4179.19580078125
2020-04-08,1061.6263427734375,18678.009765625,12350.8359375,11984.986328125,2663.215576171875,2308.907958984375,8997.5283203125,6227.7900390625,46120.390625,644.2150268554688,2675.822509765625,17380.044921875,195.0,16854.595703125,4789.9326171875,1295.106689453125,4191.169921875
2020-04-09,1061.6263427734375,18678.009765625,12350.8359375,11984.986328125,2663.215576171875,2308.907958984375,8997.5283203125,6227.7900390625,46120.390625,644.2150268554688,2675.822509765625,17380.044921875,195.0,16854.595703125,4789.9326171875,1295.106689453125,4191.169921875
2020-04-10,1061.6263427734375,18678.009765625,12350.8359375,11984.986328125,2663.215576171875,2308.907958984375,8997.5283203125,6227.7900390625,46120.390625,644.2150268554688,2675.822509765625,17380.044921875,195.0,16854.595703125,4789.9326171875,1295.106689453125,4191.169921875
2020-04-13,1012.1437377929688,19603.794921875,12761.111328125,12444.876953125,2557.505615234375,2198.3408203125,8950.9072265625,6297.76513671875,46120.390625,654.5390014648438,2675.822509765625,16813.166015625,207.0,17343.12890625,4824.7685546875,1297.94677734375,4191.169921875
2020-04-14,1000.897705078125,20017.0,13449.828125,12472.7490234375,2690.49609375,2273.135986328125,8935.369140625,6563.669921875,46095.47265625,653.16259765625,2746.23876953125,17070.837890625,217.0,18548.197265625,4824.7685546875,1329.1884765625,4185.18359375
2020-04-15,942.4183349609375,20196.744140625,13407.0400390625,12612.107421875,2629.115966796875,2318.6640625,8997.5283203125,6577.66650390625,46095.47265625,640.0855102539062,2746.23876953125,16942.001953125,215.0,18711.044921875,4702.84326171875,1309.3072509765625,4242.232421875
2020-04-16,940.1691284179688,20180.40234375,13692.2998046875,12681.7880859375,2632.525390625,2295.899658203125,8764.431640625,6703.62158203125,45497.13671875,647.6564331054688,2746.23876953125,16942.001953125,215.0,18694.76171875,4702.84326171875,1323.5081787109375,4248.2998046875
2020-04-17,959.8587036132812,19706.53125,13949.02734375,12542.4267578125,2612.06591796875,2295.899658203125,8779.970703125,6787.59228515625,45484.68359375,650.40966796875,2784.77294921875,16993.53515625,215.0,18645.90234375,4702.84326171875,1346.2291259765625,4248.2998046875
2020-04-20,937.7079467773438,19036.578125,13863.44921875,12458.810546875,2595.015625,2305.656494140625,8686.732421875,6787.59228515625,45497.13671875,644.9033203125,2881.91552734375,16929.1171875,214.0,18417.919921875,4702.84326171875,1334.8685302734375,4248.2998046875
2020-04-21,905.7125854492188,17647.642578125,13421.306640625,12194.0244140625,2380.18505859375,2211.348876953125,8158.38037109375,6787.59228515625,43627.3984375,629.072998046875,2700.58203125,16684.328125,209.0,18564.484375,4360.2900390625,1255.3446044921875,4132.9892578125
2020-04-22,945.091552734375,17533.26171875,13592.458984375,12681.7880859375,2509.764892578125,2211.348876953125,7699.95703125,6262.77685546875,43440.41796875,616.6845092773438,2720.01025390625,16619.912109375,205.0,18320.21875,4354.484375,1258.184814453125,4126.92041015625
2020-04-23,974.6256103515625,17663.982421875,13763.6123046875,12974.4462890625,2591.60546875,2211.348876953125,7443.548828125,6213.794921875,43627.3984375,585.0245361328125,2758.86767578125,16748.75,210.0,19508.994140625,4354.484375,1289.42626953125,4248.2998046875
2020-04-24,940.1690673828125,17451.556640625,13535.4072265625,12751.4677734375,2523.40576171875,2159.31689453125,7078.36669921875,5933.89404296875,41757.65234375,564.3767700195312,2784.77294921875,16619.912109375,221.0,18808.751953125,4354.484375,1289.42626953125,4248.2998046875
2020-04-27,959.8587036132812,16422.109375,12993.4189453125,12542.4267578125,2523.40576171875,2159.31689453125,6682.10205078125,5528.03857421875,41842.84765625,567.8391723632812,2700.58203125,16748.75,227.0,18890.181640625,4412.54443359375,1286.586181640625,4248.2998046875
2020-04-28,1021.3878784179688,17255.474609375,13264.4130859375,12890.8310546875,2632.525390625,2165.8212890625,6915.1982421875,5528.03857421875,41316.6796875,588.6134033203125,2791.2490234375,16555.494140625,221.0,18808.751953125,4296.4248046875,1286.586181640625,4248.2998046875
2020-04-29,1018.9268798828125,17974.451171875,13492.6171875,12807.212890625,2605.245361328125,2084.521484375,7264.84375,5667.9892578125,40765.44921875,589.99853515625,2778.296630859375,16555.494140625,221.0,18499.353515625,4354.484375,1266.7049560546875,4248.2998046875
2020-04-30,1028.771484375,17582.27734375,13464.091796875,12681.7880859375,2656.39599609375,2081.269287109375,7163.83447265625,5667.9892578125,40088.94140625,585.1510620117188,2720.01025390625,16619.912109375,218.0,17961.95703125,4296.4248046875,1272.3853759765625,4242.232421875
2020-05-01,1028.771484375,17582.27734375,13464.091796875,12681.7880859375,2656.39599609375,2081.269287109375,7163.83447265625,5667.9892578125,40088.94140625,585.1510620117188,2720.01025390625,16619.912109375,218.0,17961.95703125,4296.4248046875,1272.3853759765625,4242.232421875
2020-05-04,964.7809448242188,16748.923828125,12922.1083984375,12472.7490234375,2468.844970703125,1960.9459228515625,7272.61279296875,5486.052734375,38836.1640625,567.8391723632812,2703.81982421875,16246.28515625,210.0,17913.09375,4296.4248046875,1266.52197265625,4242.232421875
2020-05-05,977.0868530273438,17124.748046875,12950.6318359375,12263.7060546875,2489.30517578125,1960.9459228515625,7171.6044921875,5646.99609375,39763.21484375,565.7615966796875,2703.81982421875,16233.4033203125,205.0,17750.255859375,4354.484375,1228.408935546875,4242.232421875
2020-05-06,959.8587036132812,16994.02734375,12693.8994140625,12361.259765625,2462.02587890625,1951.1900634765625,6915.1982421875,5528.03857421875,37683.6015625,556.0667114257812,2720.01025390625,16323.583984375,205.0,17913.09375,4354.484375,1260.6583251953125,4248.2998046875
2020-05-07,972.1644897460938,17157.4296875,12979.15625,12946.5712890625,2537.045654296875,1918.670654296875,6992.896484375,5723.96923828125,38836.1640625,555.374267578125,2813.915771484375,16491.07421875,205.0,18255.078125,4354.484375,1278.2489013671875,4248.2998046875
2020-05-08,1004.1597290039062,16683.55859375,12964.8955078125,12403.068359375,2530.2255859375,1951.1900634765625,6899.65771484375,5563.0263671875,39337.28515625,557.45166015625,2762.105712890625,16619.912109375,203.0,18499.353515625,4354.484375,1278.2489013671875,4242.232421875
2020-05-11,1016.465576171875,16029.9375,12494.2216796875,12612.107421875,2485.8955078125,1921.9219970703125,6915.1982421875,5416.078125,39462.5546875,547.0643920898438,2700.58203125,16362.2373046875,203.0,18644.990234375,4354.484375,1284.1123046875,4242.232421875
2020-05-12,982.0090942382812,15964.583984375,12351.59375,12612.107421875,2407.465087890625,1921.9219970703125,6759.8017578125,5332.1083984375,38836.1640625,549.8341674804688,2671.43896484375,16181.8671875,203.0,18612.330078125,4354.484375,1281.1806640625,4236.1630859375
2020-05-13,945.091552734375,15556.0673828125,12123.38671875,12542.4267578125,2277.884765625,1821.1104736328125,6239.21826171875,4898.26171875,38172.21484375,535.2919921875,2655.248046875,16104.564453125,200.0,17959.259765625,4342.8720703125,1254.794921875,4187.609375
2020-05-14,950.013916015625,15686.7919921875,12052.0771484375,12821.1484375,2288.114990234375,1821.1104736328125,6410.1552734375,4835.2841796875,37132.390625,522.1347045898438,2616.390625,15808.2392578125,200.0,17910.28515625,4342.8720703125,1251.863037109375,4181.541015625
2020-05-15,950.013916015625,15523.388671875,11552.876953125,12681.7880859375,2489.30517578125,1821.1104736328125,6495.62451171875,4905.25927734375,36706.44140625,522.1347045898438,2616.390625,15679.4052734375,195.0,18204.1640625,4238.36474609375,1260.6583251953125,4211.97412109375
2020-05-18,1009.0820922851562,16258.708984375,11766.818359375,12890.8310546875,2465.43505859375,1824.3626708984375,6682.10205078125,4933.2490234375,36956.9921875,543.6018676757812,2655.248046875,16194.75,200.0,18024.56640625,4238.36474609375,1266.52197265625,4138.9345703125
2020-05-19,977.0868530273438,15931.90234375,11909.4453125,12876.8916015625,2455.205810546875,1879.646728515625,6705.41162109375,5003.2255859375,36894.36328125,540.1395263671875,2616.390625,15821.1259765625,202.0,18024.56640625,4064.185302734375,1263.5899658203125,4205.888671875
2020-05-20,999.2374877929688,15866.5390625,11567.140625,12904.7646484375,2393.82470703125,1863.38671875,6619.94287109375,5052.2080078125,37583.3984375,543.6018676757812,2616.390625,16104.564453125,209.0,18040.896484375,4186.11083984375,1266.52197265625,4187.6279296875
2020-05-21,984.4700927734375,15899.2197265625,11609.9287109375,12821.1484375,2438.155517578125,1863.38671875,6449.00537109375,5052.2080078125,37082.28515625,540.1395263671875,2590.48583984375,16104.564453125,200.0,18057.228515625,4064.185302734375,1248.931396484375,4187.6279296875
2020-05-22,969.7033081054688,15654.111328125,11624.19140625,12779.33984375,2393.82470703125,1863.38671875,6309.14794921875,5003.2255859375,37433.05859375,540.831787109375,2674.6767578125,15975.728515625,196.0,18040.896484375,3948.0654296875,1245.9993896484375,4187.6279296875
2020-05-25,969.7033081054688,15654.111328125,11624.19140625,12779.33984375,2393.82470703125,1863.38671875,6309.14794921875,5003.2255859375,37433.05859375,540.831787109375,2674.6767578125,15975.728515625,196.0,18040.896484375,3948.0654296875,1245.9993896484375,4187.6279296875
2020-05-26,979.5479736328125,15605.08984375,11567.140625,12960.5068359375,2438.155517578125,1892.6539306640625,6417.92529296875,4968.23681640625,37569.12890625,555.468017578125,2655.248046875,15924.1953125,199.0,18498.05078125,4064.185302734375,1284.1123046875,4181.541015625
2020-05-27,986.9314575195312,15392.66796875,11424.5126953125,13336.78125,2387.005126953125,1892.6539306640625,6309.14794921875,4989.22998046875,37165.96484375,567.3159790039062,2629.343505859375,16104.564453125,192.0,18351.099609375,4064.185302734375,1295.839599609375,4181.541015625
2020-05-28,979.5479736328125,15114.876953125,11267.6201171875,13378.587890625,2359.724853515625,1866.638916015625,6145.97998046875,4898.26171875,37039.984375,575.6792602539062,2668.2001953125,16722.978515625,190.0,18367.431640625,4064.185302734375,1295.839599609375,4199.8017578125
2020-05-29,979.5479736328125,14869.7734375,10811.2080078125,13657.3125,2387.005126953125,1856.8818359375,6759.8017578125,5388.08740234375,36536.03515625,586.1336669921875,2642.296142578125,16748.75,190.0,18089.8828125,3890.005859375,1278.2489013671875,4199.8017578125
2020-06-01,986.9314575195312,15621.42578125,11338.935546875,13267.099609375,2455.205810546875,1921.9219970703125,6992.896484375,5500.048828125,37669.92578125,595.1939086914062,2590.48583984375,17199.67578125,200.0,17975.59375,4064.185302734375,1398.4512939453125,4199.8017578125
2020-06-02,1001.6983642578125,15278.2841796875,11524.3525390625,13378.587890625,2441.565673828125,1915.4180908203125,6961.818359375,5458.0634765625,37165.96484375,595.89111328125,2622.86669921875,17392.9296875,194.0,18367.431640625,4064.185302734375,1342.747802734375,4199.8017578125
2020-06-03,1001.6983642578125,15278.2841796875,11524.3525390625,13378.587890625,2441.565673828125,1915.4180908203125,6961.818359375,5458.0634765625,37165.96484375,595.89111328125,2622.86669921875,17392.9296875,194.0,18367.431640625,4064.185302734375,1342.747802734375,4199.8017578125
2020-06-04,1063.2279052734375,16585.517578125,11980.7587890625,13448.2705078125,2475.6650390625,1918.670654296875,7117.2158203125,5500.048828125,38110.8671875,616.79931640625,2752.39111328125,17367.1640625,215.0,18498.05078125,3948.0654296875,1389.6558837890625,4199.8017578125
2020-06-05,1154.29150390625,17418.876953125,12565.53515625,13294.9716796875,2550.685791015625,1999.9698486328125,7614.4892578125,5626.00341796875,39383.328125,635.616943359375,2720.01025390625,18037.11328125,219.0,18612.330078125,4052.5732421875,1372.0655517578125,4193.71484375
2020-06-08,1196.13134765625,17713.005859375,12779.478515625,13308.9091796875,2652.9853515625,2081.269287109375,7863.1240234375,5877.9140625,41222.73046875,650.2529296875,2732.962646484375,17972.6953125,212.0,18710.29296875,4064.185302734375,1363.27001953125,4181.541015625
2020-06-09,1181.364501953125,16994.02734375,12779.478515625,13420.3974609375,2530.2255859375,2081.269287109375,7614.4892578125,5863.92041015625,40693.578125,630.0416259765625,2755.62939453125,17998.4609375,207.0,18512.5625,3948.0654296875,1380.860595703125,4193.71484375
2020-06-10,1124.75732421875,16732.576171875,12451.43359375,13044.125,2557.505615234375,2074.765625,7692.1865234375,5884.912109375,40315.61328125,618.8901977539062,2788.010498046875,18101.53125,203.0,18381.62109375,3890.005859375,1366.2020263671875,4193.71484375
2020-06-11,1014.0044555664062,16013.6005859375,11709.7685546875,13239.2314453125,2308.574951171875,1951.1900634765625,7148.29541015625,5388.08740234375,39244.7421875,599.3756713867188,2710.295654296875,16877.5859375,195.0,17432.25,3808.722412109375,1319.293701171875,4138.9345703125
2020-06-12,1045.9996337890625,16013.6005859375,11766.818359375,13113.8076171875,2404.055419921875,2016.229736328125,7412.46923828125,5598.013671875,40920.37890625,609.829833984375,2716.7724609375,17199.67578125,200.0,17432.25,3773.886474609375,1363.27001953125,4138.9345703125
2020-06-15,1045.9996337890625,16013.6005859375,11766.818359375,13113.8076171875,2404.055419921875,2016.229736328125,7412.46923828125,5598.013671875,40920.37890625,609.829833984375,2716.7724609375,17199.67578125,200.0,17432.25,3773.886474609375,1363.27001953125,4138.9345703125
2020-06-16,1107.529052734375,15686.7919921875,11980.7587890625,13336.78125,2339.265380859375,2035.741455078125,7536.7890625,5842.92626953125,41310.91796875,609.829833984375,2713.5341796875,17830.974609375,200.0,16875.736328125,3773.886474609375,1407.24658203125,4206.0859375
2020-06-17,1055.844482421875,15882.876953125,11766.818359375,12960.5068359375,2380.18505859375,2042.245849609375,7614.4892578125,5626.00341796875,42180.21875,609.829833984375,2655.248046875,17715.021484375,201.0,16564.728515625,3750.662841796875,1383.7923583984375,4206.0859375
2020-06-18,1041.0772705078125,15539.73046875,11895.18359375,13016.251953125,2496.12548828125,2042.245849609375,7676.646484375,5702.97607421875,42772.36328125,605.648193359375,2690.8671875,17715.021484375,201.0,16712.048828125,3773.886474609375,1380.860595703125,4206.0859375
2020-06-19,1053.3831787109375,15768.494140625,11310.41015625,13141.67578125,2523.40576171875,2048.74951171875,8438.0947265625,5702.97607421875,43150.32421875,592.4060668945312,2635.8193359375,18359.205078125,201.0,16859.365234375,3657.766845703125,1454.154541015625,4151.1435546875
2020-06-22,1053.3831787109375,15768.494140625,11310.41015625,13141.67578125,2523.40576171875,2048.74951171875,8438.0947265625,5702.97607421875,43150.32421875,592.4060668945312,2635.8193359375,18359.205078125,201.0,16859.365234375,3657.766845703125,1454.154541015625,4151.1435546875
2020-06-23,1060.7667236328125,15833.8564453125,11310.41015625,13085.9326171875,2499.53564453125,2042.245849609375,7909.74365234375,5786.94677734375,41021.1484375,588.9212646484375,2629.343505859375,18024.228515625,202.0,17350.40625,3710.020263671875,1389.6558837890625,4151.1435546875
2020-06-24,1028.771484375,15913.7119140625,11409.154296875,13099.8671875,2390.414794921875,1999.9698486328125,7847.583984375,5598.013671875,40208.1171875,574.8994750976562,2622.86669921875,17715.021484375,208.0,17317.677734375,3715.826416015625,1377.9288330078125,4151.1435546875
2020-06-25,1031.232666015625,15765.142578125,11423.5947265625,13030.189453125,2363.134765625,1999.9698486328125,7762.11767578125,5598.013671875,39258.3203125,593.1278686523438,2629.343505859375,17779.439453125,215.0,17186.734375,3704.214599609375,1377.9288330078125,4151.1435546875
2020-06-26,1018.9268798828125,15517.5224609375,11466.9228515625,13030.189453125,2349.49560546875,1938.1822509765625,7738.8056640625,5388.08740234375,38929.05859375,581.9102783203125,2629.343505859375,17818.087890625,215.0,16892.09765625,3802.916259765625,1372.0655517578125,3974.110107421875
2020-06-29,1018.9268798828125,15517.5224609375,11466.9228515625,13030.189453125,2349.49560546875,1938.1822509765625,7738.8056640625,5388.08740234375,38929.05859375,581.9102783203125,2629.343505859375,17818.087890625,215.0,16892.09765625,3802.916259765625,1372.0655517578125,3974.110107421875
2020-06-30,1021.3878784179688,15385.4580078125,11466.9228515625,13099.8671875,2318.8046875,1938.1822509765625,7692.1865234375,5353.10009765625,38321.1796875,581.9102783203125,2664.962158203125,17895.392578125,213.0,17104.892578125,3802.916259765625,1369.1336669921875,3968.0048828125
2020-07-01,1014.0044555664062,15220.3818359375,11481.3662109375,12932.63671875,2322.214599609375,1938.1822509765625,7575.6376953125,5563.0263671875,39081.015625,577.70361328125,2639.057373046875,17908.27734375,220.0,17039.41796875,3797.1103515625,1389.6558837890625,4114.5166015625
2020-07-02,1023.8489379882812,15765.142578125,11568.0185546875,13099.8671875,2325.625244140625,1918.670654296875,7653.33642578125,5535.0361328125,39131.68359375,579.8070678710938,2642.296142578125,17934.044921875,219.0,16875.736328125,3797.1103515625,1392.5877685546875,4090.09765625
2020-07-03,1033.6939697265625,16095.3017578125,11697.9951171875,13113.8076171875,2342.675048828125,2006.4739990234375,7567.87060546875,5626.00341796875,39600.25390625,585.4159545898438,2664.962158203125,17843.857421875,219.0,16859.365234375,3785.498046875,1374.9970703125,4090.09765625
2020-07-06,1038.6163330078125,16359.43359375,11596.9013671875,13155.6123046875,2397.235107421875,1951.1900634765625,7878.66357421875,5639.99853515625,39600.25390625,587.5191040039062,2655.248046875,18762.263671875,219.0,17088.525390625,3826.14013671875,1395.519287109375,4090.09765625
2020-07-07,1014.0044555664062,16805.14453125,11712.435546875,13573.693359375,2475.6650390625,1967.449951171875,7987.44189453125,5681.9833984375,39334.3046875,586.8178100585938,2661.724365234375,18704.537109375,220.0,17088.525390625,3831.94580078125,1389.6558837890625,4090.09765625
2020-07-08,1028.771484375,17085.78125,12059.04296875,13866.3486328125,2550.685791015625,2071.513427734375,8002.98193359375,5737.96435546875,40182.78515625,595.2313232421875,2684.3916015625,18892.15625,220.0,17415.88671875,3890.005859375,1389.6558837890625,4132.8310546875
2020-07-09,1001.6983642578125,17003.23828125,11957.9501953125,13796.669921875,2543.865966796875,2071.513427734375,8108.05859375,6016.86328125,39891.5078125,595.9324340820312,2697.34326171875,18733.3984375,214.0,17348.919921875,3907.424072265625,1389.6558837890625,4138.93408203125
2020-07-10,1023.8489379882812,16739.11328125,12030.16015625,13726.990234375,2499.53564453125,2100.781494140625,8061.0078125,6087.6494140625,40638.6953125,597.3345947265625,2720.01025390625,18747.83203125,219.0,17266.859375,3919.035400390625,1404.3148193359375,4138.93408203125
2020-07-13,1033.6939697265625,16474.98828125,12102.3671875,13615.5009765625,2448.38525390625,2094.27734375,8155.10498046875,6165.5146484375,41157.91015625,602.943359375,2736.201171875,18603.509765625,218.0,17184.787109375,4052.5732421875,1407.24658203125,4132.8310546875
2020-07-14,1060.7667236328125,16755.625,11885.740234375,13726.990234375,2455.205810546875,2097.529296875,8029.642578125,6087.6494140625,41601.15234375,600.840087890625,2707.057861328125,18603.509765625,219.0,17069.892578125,4122.24462890625,1398.4512939453125,4145.07666015625
2020-07-15,1058.3056640625,16425.462890625,12030.16015625,13643.3759765625,2523.40576171875,2243.86865234375,8076.69189453125,6144.27880859375,41791.1015625,607.85107421875,2762.105712890625,18906.58984375,220.0,17053.482421875,4162.88671875,1389.6558837890625,4145.07666015625
2020-07-16,1073.07275390625,16904.1953125,12145.6962890625,13882.669921875,2554.094970703125,2156.0654296875,8092.375,6087.6494140625,42297.67578125,609.9542236328125,2806.169189453125,18892.15625,214.0,17234.029296875,4157.0810546875,1383.7923583984375,4145.07666015625
2020-07-17,1092.7620849609375,16920.701171875,12261.2353515625,13925.2099609375,2564.3251953125,2204.8447265625,8061.0078125,6165.5146484375,42297.67578125,613.4598999023438,2842.613525390625,18834.427734375,220.0,17184.787109375,4075.797607421875,1395.519287109375,4151.2001953125
2020-07-20,1092.7620849609375,16920.701171875,12261.2353515625,13925.2099609375,2564.3251953125,2204.8447265625,8061.0078125,6165.5146484375,42297.67578125,613.4598999023438,2842.613525390625,18834.427734375,220.0,17184.787109375,4075.797607421875,1395.519287109375,4151.2001953125
2020-07-21,1105.0679931640625,16887.6875,12564.513671875,13953.5732421875,2673.4462890625,2325.167724609375,8374.666015625,6144.27880859375,42424.3125,620.470703125,2849.2392578125,18906.58984375,220.0,17381.75,4087.408935546875,1392.5877685546875,4163.443359375
2020-07-22,1097.684326171875,16871.181640625,12506.7470703125,13925.2099609375,2731.41650390625,2253.624755859375,8437.3994140625,6144.27880859375,43057.515625,619.0689086914062,2829.36083984375,18906.58984375,215.0,17250.4453125,4122.24462890625,1386.72412109375,4224.6708984375
2020-07-23,1095.22314453125,17151.814453125,12781.140625,13967.75,2830.306396484375,2292.64794921875,8688.326171875,6257.5380859375,43437.4296875,623.9764404296875,2905.561767578125,18762.263671875,220.0,17513.0546875,4122.24462890625,1386.72412109375,4285.8984375
2020-07-24,1092.7620849609375,16656.578125,12593.3955078125,14038.6533203125,2799.6162109375,2279.64013671875,8641.275390625,6158.435546875,43108.17578125,619.7695922851562,2855.865478515625,18603.509765625,220.0,17365.33203125,4093.215576171875,1383.7923583984375,4102.216796875
2020-07-27,1105.0679931640625,16375.9384765625,12347.8837890625,13854.30859375,2830.306396484375,2263.380615234375,8468.7666015625,6045.17724609375,43095.50390625,623.9764404296875,2865.804931640625,18762.263671875,220.0,17283.265625,4122.24462890625,1395.519287109375,4512.43896484375
2020-07-28,1095.22314453125,16508.005859375,12087.927734375,13740.8662109375,2796.2060546875,2273.135986328125,8296.25390625,5953.15478515625,43271.12890625,626.796630859375,2835.987060546875,18646.806640625,218.0,17135.548828125,4064.185302734375,1372.0655517578125,4512.43896484375
2020-07-29,1107.529052734375,16491.494140625,12087.927734375,13896.849609375,2796.2060546875,2266.632080078125,8233.521484375,6087.6494140625,42634.80078125,626.796630859375,2835.987060546875,18675.669921875,220.0,17053.482421875,4116.43896484375,1366.2020263671875,4426.72119140625
2020-07-30,1080.456298828125,16243.8740234375,11914.625,13755.044921875,2768.926513671875,2286.14404296875,8123.74169921875,6087.6494140625,42316.62109375,620.4507446289062,2835.987060546875,18762.263671875,221.0,16823.70703125,4104.8271484375,1377.9288330078125,4420.5986328125
2020-07-31,1023.8489379882812,16012.7587890625,11784.6494140625,13613.240234375,2496.12548828125,2058.505615234375,7998.2783203125,5478.884765625,39504.00390625,613.400390625,2786.291015625,17968.478515625,200.0,16577.5,4058.37939453125,1342.747802734375,3992.008056640625
2020-08-03,1053.3831787109375,15847.6845703125,11842.4140625,13457.2548828125,2618.8857421875,2178.828857421875,8123.74169921875,5719.5595703125,40216.69921875,607.7598876953125,2743.220947265625,18444.748046875,209.0,16708.8046875,4064.185302734375,1351.54296875,3992.008056640625
2020-08-04,1080.456298828125,15517.5224609375,11697.9951171875,13542.3388671875,2543.865966796875,2182.081298828125,7998.2783203125,5662.9296875,39771.265625,607.7598876953125,2786.291015625,18617.939453125,209.0,16577.5,4064.185302734375,1360.3382568359375,3992.008056640625
2020-08-05,1082.9173583984375,16029.2724609375,12059.04296875,13613.240234375,2591.60546875,2217.852783203125,8123.74169921875,5747.873046875,40254.890625,607.0552368164062,2816.109130859375,18690.103515625,210.0,16643.150390625,4040.96142578125,1372.0655517578125,4040.9892578125
2020-08-06,1068.1502685546875,16293.390625,12275.673828125,13967.75,2751.875732421875,2230.860595703125,8123.74169921875,5832.818359375,40700.31640625,603.529541015625,2845.926025390625,18704.537109375,205.0,16987.83203125,4064.185302734375,1372.0655517578125,4089.970947265625
2020-08-07,1068.1502685546875,16293.390625,12275.673828125,13967.75,2751.875732421875,2230.860595703125,8123.74169921875,5832.818359375,40700.31640625,603.529541015625,2845.926025390625,18704.537109375,205.0,16987.83203125,4064.185302734375,1372.0655517578125,4089.970947265625
2020-08-10,1077.9949951171875,16408.951171875,12246.7900390625,13726.68359375,2734.82568359375,2237.364501953125,8076.69189453125,5712.48046875,40942.14453125,603.529541015625,2796.23046875,18069.5078125,205.0,17053.482421875,4064.185302734375,1363.27001953125,4040.9892578125
2020-08-11,1065.6890869140625,15946.732421875,11957.9501953125,13811.7646484375,2786.181884765625,2233.18505859375,8061.0078125,5677.08740234375,41018.4921875,606.3497924804688,2832.673583984375,18170.53125,205.0,17002.791015625,4064.185302734375,1372.0655517578125,3985.88525390625
2020-08-12,1095.22314453125,16095.3017578125,12189.0234375,13825.9482421875,2789.665283203125,2273.181884765625,8092.375,5592.142578125,40954.85546875,607.7598876953125,2859.178466796875,18112.802734375,203.0,17019.251953125,4064.185302734375,1380.860595703125,4089.970947265625
2020-08-13,1073.07275390625,16590.54296875,12073.486328125,14109.556640625,2803.595703125,2273.181884765625,8155.10498046875,5655.85107421875,41336.67578125,613.400390625,2839.30029296875,18387.017578125,203.0,16953.4140625,4064.185302734375,1383.7923583984375,4145.07666015625
2020-08-14,1082.9173583984375,16920.701171875,12102.3671875,14464.0693359375,2810.561279296875,2299.8466796875,8045.32568359375,5577.98583984375,41362.10546875,611.2854614257812,2865.804931640625,18343.72265625,199.0,16706.517578125,4064.185302734375,1383.7923583984375,4175.779296875
2020-08-17,1082.9173583984375,16920.701171875,12102.3671875,14464.0693359375,2810.561279296875,2299.8466796875,8045.32568359375,5577.98583984375,41362.10546875,611.2854614257812,2865.804931640625,18343.72265625,199.0,16706.517578125,4064.185302734375,1383.7923583984375,4175.779296875
2020-08-18,1092.7620849609375,17283.87890625,12145.6962890625,15088.0068359375,2911.560302734375,2293.180419921875,8249.2021484375,5592.142578125,41667.55078125,609.1700439453125,2902.248291015625,18343.72265625,205.0,16821.734375,3965.484130859375,1392.5877685546875,4138.93408203125
2020-08-19,1073.07275390625,17333.400390625,12246.7900390625,14421.5263671875,2988.180419921875,2333.17822265625,8358.9833984375,5648.77197265625,41909.36328125,619.7459106445312,2898.935546875,18459.181640625,209.0,16936.9609375,3965.484130859375,1395.519287109375,4194.201171875
2020-08-20,1065.6890869140625,17548.0078125,12391.2099609375,14435.7060546875,3064.80078125,2363.176513671875,8421.7158203125,5783.26708984375,42571.16796875,626.796630859375,2928.753173828125,18589.07421875,209.0,17035.7109375,3971.289794921875,1427.7689208984375,4194.201171875
2020-08-21,1073.07275390625,18043.24609375,12593.3955078125,14889.482421875,3099.627685546875,2379.841796875,8609.91015625,5854.05322265625,43143.875,628.9117431640625,2942.00537109375,18531.345703125,205.0,16969.873046875,4035.155517578125,1439.49609375,4292.4560546875
2020-08-24,1073.07275390625,18043.24609375,12593.3955078125,14889.482421875,3099.627685546875,2379.841796875,8609.91015625,5854.05322265625,43143.875,628.9117431640625,2942.00537109375,18531.345703125,205.0,16969.873046875,4035.155517578125,1439.49609375,4292.4560546875
2020-08-25,1105.0679931640625,18241.341796875,13069.9814453125,15173.0927734375,3364.31494140625,2546.497314453125,9299.95703125,6370.7958984375,43652.94140625,661.3442993164062,3041.3974609375,19642.6484375,208.0,18105.58203125,4052.5732421875,1436.5640869140625,4329.30224609375
2020-08-26,1080.456298828125,18158.8046875,13069.9814453125,15243.9912109375,3437.45263671875,2556.49658203125,9268.591796875,6300.01025390625,44085.234375,657.8001708984375,3081.154541015625,19628.212890625,210.0,17792.8515625,4203.529296875,1442.427734375,4267.89208984375
2020-08-27,1063.2279052734375,18076.267578125,12997.7705078125,15570.14453125,3413.072998046875,2543.164306640625,9331.322265625,6229.22265625,44699.12109375,658.5089721679688,3084.467041015625,19123.076171875,211.0,17792.8515625,4255.7822265625,1436.5640869140625,4304.7373046875
2020-08-28,1070.6114501953125,17911.185546875,13069.9814453125,15371.615234375,3409.59033203125,2529.831787109375,9237.2275390625,6370.7958984375,44443.32421875,659.2177734375,3067.902099609375,19483.890625,212.0,18006.826171875,4424.15576171875,1442.427734375,4360.0048828125
2020-08-31,1077.9949951171875,17333.400390625,12997.7705078125,14846.9384765625,3482.72802734375,2486.501220703125,9347.0087890625,6229.22265625,44123.58984375,662.7620239257812,3074.528564453125,19556.052734375,212.0,18105.58203125,4488.02197265625,1442.427734375,4304.7373046875
2020-09-01,1087.839599609375,18621.02734375,13633.2177734375,15811.20703125,3538.451171875,2569.828857421875,9723.396484375,6561.919921875,44443.32421875,673.3943481445312,3094.4072265625,19743.673828125,212.0,18763.96875,4517.0517578125,1436.5640869140625,4341.58203125
2020-09-02,1070.6114501953125,19050.236328125,13734.3134765625,15499.2392578125,3601.14013671875,2633.158203125,9723.396484375,6682.2568359375,46042.02734375,681.19140625,3084.467041015625,19916.8671875,213.0,18895.650390625,4586.7236328125,1454.154541015625,4421.4140625
2020-09-03,1065.6890869140625,18720.072265625,13864.291015625,15116.3671875,3482.72802734375,2613.159423828125,9550.8828125,6597.3134765625,44468.90625,669.850341796875,3074.528564453125,19844.703125,207.0,19241.3046875,4673.81298828125,1465.8817138671875,4476.681640625
2020-09-04,1055.844482421875,18819.12109375,13777.63671875,14790.21875,3517.5556640625,2639.82421875,9644.98046875,6491.1337890625,44468.90625,673.3943481445312,3048.0234375,19685.943359375,207.0,18895.650390625,4644.783203125,1418.9735107421875,4415.2734375
2020-09-07,1053.3831787109375,19149.283203125,13922.056640625,14889.482421875,3517.5556640625,2659.822998046875,9566.568359375,6512.36865234375,44468.90625,674.1033325195312,3014.892822265625,19758.107421875,208.0,18879.1796875,4644.783203125,1416.0416259765625,4415.2734375
2020-09-08,1023.8489379882812,19066.7421875,13864.291015625,14747.67578125,3503.624267578125,2653.156982421875,9582.248046875,6611.47021484375,44110.796875,662.0531616210938,2981.761962890625,19628.212890625,207.0,18895.650390625,4789.9326171875,1433.6326904296875,4476.681640625
2020-09-09,1023.8489379882812,19611.5078125,14413.0849609375,14747.67578125,3524.5205078125,2713.1533203125,9911.5908203125,6724.728515625,44763.06640625,664.888427734375,2968.51025390625,19700.376953125,212.0,18778.81640625,5103.45556640625,1442.427734375,4445.978515625
2020-09-10,991.8536987304688,19066.7421875,14080.9189453125,14605.873046875,3427.004150390625,2653.156982421875,9723.396484375,6653.94384765625,44123.58984375,655.673583984375,2975.136474609375,19483.890625,212.0,18745.814453125,4946.6943359375,1445.3592529296875,4482.82177734375
2020-09-11,996.7762451171875,19149.283203125,14210.8974609375,14520.7900390625,3420.038818359375,2663.15576171875,9566.568359375,6583.15771484375,44110.796875,655.673583984375,2991.701416015625,19483.890625,212.0,18597.30078125,4958.30615234375,1421.9052734375,4525.80908203125
2020-09-14,989.3927001953125,18786.107421875,14008.7119140625,14251.3623046875,3385.211181640625,2666.4892578125,9299.95703125,6512.36865234375,43701.55078125,642.91455078125,2988.38818359375,19411.7265625,211.0,18778.81640625,4935.08251953125,1439.49609375,4495.103515625
2020-09-15,1006.620849609375,18439.443359375,13719.869140625,14293.9013671875,3252.86865234375,2596.494140625,9143.126953125,6441.58251953125,42857.42578125,638.6614990234375,2968.51025390625,19281.8359375,210.0,18481.79296875,4813.15673828125,1436.5640869140625,4495.1044921875
2020-09-16,1009.0820922851562,18571.50390625,13950.939453125,14194.6376953125,3193.6611328125,2609.826171875,9143.126953125,6413.26806640625,43151.6015625,644.3321533203125,3001.640869140625,19036.482421875,210.0,18399.287109375,4836.380859375,1448.291259765625,4556.68115234375
2020-09-17,1016.465576171875,18571.50390625,13835.404296875,14194.6376953125,3071.765869140625,2503.167236328125,9158.8125,6399.11083984375,43164.37109375,641.4969482421875,2995.0146484375,19195.240234375,206.0,18234.263671875,4784.12646484375,1445.3592529296875,4495.1044921875
2020-09-18,1041.0772705078125,18472.453125,13878.7294921875,14350.6240234375,3273.763427734375,2553.163330078125,9017.6669921875,6427.42431640625,43471.34375,648.585205078125,3011.57958984375,18834.427734375,213.0,18069.251953125,4847.9921875,1495.199462890625,4488.9462890625
2020-09-21,994.3150634765625,18307.376953125,13777.63671875,14591.693359375,3308.591064453125,2633.158203125,9017.6669921875,6583.15771484375,43675.9609375,645.0409545898438,3101.032470703125,19079.78125,212.0,18201.263671875,4795.73876953125,1477.6087646484375,4538.208984375
2020-09-22,989.3927001953125,17680.076171875,13459.9130859375,14393.166015625,3329.48779296875,2626.491943359375,9080.3974609375,6590.2353515625,43791.0625,644.3321533203125,2995.0146484375,19036.482421875,212.0,18349.77734375,4714.455078125,1477.6087646484375,4495.1044921875
2020-09-23,977.0868530273438,17465.466796875,13171.0771484375,14407.34375,3238.937255859375,2619.825439453125,8845.1533203125,6512.36865234375,44443.32421875,638.6614990234375,2965.19677734375,18964.3203125,212.0,18069.251953125,4772.5146484375,1465.8817138671875,4495.1044921875
2020-09-24,959.8587036132812,17415.94140625,13142.1923828125,14506.6064453125,3134.455078125,2546.497314453125,8704.005859375,6512.36865234375,44699.12109375,642.2056274414062,2981.761962890625,18978.751953125,212.0,18646.806640625,4749.291015625,1480.5406494140625,4495.1044921875
2020-09-25,945.091552734375,17287.73828125,13146.3759765625,14449.88671875,3197.144287109375,2643.1572265625,8688.326171875,6377.87548828125,43694.14453125,645.76953125,2935.37841796875,19166.376953125,203.0,18333.2734375,4749.291015625,1454.154541015625,4495.1044921875
2020-09-28,969.7033081054688,17387.4765625,13568.5732421875,14350.6240234375,3211.07470703125,2596.494140625,8829.470703125,6547.76220703125,43090.14453125,653.6100463867188,3021.518798828125,19267.404296875,205.0,18366.28515625,4760.90234375,1454.154541015625,4482.7900390625
2020-09-29,945.091552734375,17204.623046875,13219.1689453125,14180.458984375,3162.317138671875,2579.82861328125,8923.5673828125,6526.5263671875,43694.14453125,649.33349609375,2998.327880859375,19166.376953125,205.0,18399.287109375,4726.0673828125,1451.222900390625,4538.208984375
2020-09-30,932.78564453125,17138.134765625,13466.6669921875,14449.88671875,3225.005859375,2576.4951171875,9096.080078125,7022.03173828125,44336.70703125,640.0671997070312,3061.275390625,19195.240234375,211.0,18696.306640625,4726.0673828125,1436.5640869140625,4544.36572265625
2020-10-01,922.94091796875,17138.134765625,13160.939453125,14378.984375,3256.027099609375,2558.595947265625,9174.494140625,6583.15771484375,44336.70703125,643.6312866210938,2995.0146484375,19108.646484375,206.0,18118.75390625,4807.3505859375,1442.427734375,4328.845703125
2020-10-02,940.1690673828125,17055.015625,13102.7001953125,14180.458984375,3220.55859375,2524.52587890625,9033.34765625,6653.94384765625,43694.14453125,639.3544921875,3077.84130859375,19123.076171875,206.0,18151.755859375,4807.3505859375,1448.291259765625,4328.845703125
2020-10-05,940.1690673828125,17453.96484375,13488.5009765625,14137.9169921875,3227.65185546875,2586.53173828125,9064.71484375,6653.94384765625,46200.14453125,636.5036010742188,3028.145751953125,19050.916015625,210.60000610351562,18176.51171875,4807.3505859375,1465.2952880859375,4328.845703125
2020-10-06,938.6925048828125,17370.853515625,13422.98828125,14109.556640625,3206.37060546875,2588.575927734375,8939.251953125,6724.728515625,45750.3359375,639.0696411132812,3074.528564453125,18985.96875,206.0,18069.251953125,4787.02978515625,1460.0181884765625,4328.845703125
2020-10-07,940.6614379882812,17370.853515625,13328.3583984375,14889.482421875,3235.455078125,2589.258056640625,8798.1064453125,6738.88720703125,45763.19921875,641.492919921875,3067.902099609375,18668.455078125,203.0,18184.765625,4760.90234375,1455.32763671875,4328.845703125
2020-10-08,940.6614379882812,17370.853515625,13328.3583984375,14889.482421875,3235.455078125,2589.258056640625,8872.4384765625,6806.08935546875,45763.19921875,641.492919921875,3067.902099609375,18668.455078125,203.0,18233.078125,4760.90234375,1455.32763671875,4328.845703125
2020-10-09,953.95166015625,17287.73828125,13437.5478515625,15314.8984375,3295.04248046875,2606.292724609375,8856.62109375,6809.6640625,44015.43359375,645.0570678710938,3074.528564453125,18625.15625,203.0,18365.443359375,4813.15673828125,1489.335693359375,4427.37060546875
2020-10-12,953.95166015625,17287.73828125,13437.5478515625,15314.8984375,3295.04248046875,2606.292724609375,8856.62109375,6809.6640625,44015.43359375,645.0570678710938,3074.528564453125,18625.15625,203.0,18365.443359375,4813.15673828125,1489.335693359375,4427.37060546875
2020-10-13,935.2467651367188,17320.98828125,13437.5478515625,15222.72265625,3213.4638671875,2575.629638671875,8477.0517578125,6641.65576171875,43180.09765625,634.4364624023438,3048.0234375,18675.669921875,200.0,18365.443359375,4821.865234375,1480.5406494140625,4402.73974609375
2020-10-14,930.3245239257812,17453.96484375,13175.494140625,15385.7978515625,3248.93310546875,2575.629638671875,8603.576171875,6595.18603515625,41830.71875,623.7449951171875,3074.528564453125,18610.724609375,199.0,18324.0703125,4859.60400390625,1474.677001953125,4402.73974609375
2020-10-15,924.9097900390625,17304.361328125,13102.7001953125,15314.8984375,3238.29296875,2575.629638671875,8587.759765625,6434.32763671875,43687.7265625,645.0570678710938,3008.928955078125,18603.509765625,196.0,18100.7109375,4789.9326171875,1482.88623046875,4579.9462890625
2020-10-16,925.4021606445312,17437.34375,12833.369140625,15314.8984375,3234.74560546875,2585.169921875,8658.927734375,6534.41845703125,43687.7265625,641.492919921875,3081.615478515625,18755.048828125,196.0,18365.443359375,4865.41015625,1488.7496337890625,4604.90576171875
2020-10-19,921.4642944335938,17470.591796875,12920.71875,15314.8984375,3234.74560546875,2562.002197265625,8548.220703125,6355.685546875,43694.14453125,635.077880859375,3081.615478515625,18488.048828125,196.0,18199.98828125,4885.7314453125,1480.5406494140625,4667.30322265625
2020-10-20,931.80126953125,17387.4765625,13029.9091796875,15329.07421875,3250.351806640625,2589.258056640625,8714.283203125,6430.7529296875,46778.453125,642.8472900390625,3101.71240234375,18769.478515625,200.0,18133.802734375,4911.85791015625,1477.0225830078125,4679.783203125
2020-10-21,906.6972045898438,17453.96484375,12767.85546875,15201.4501953125,3221.977294921875,2558.595947265625,8603.576171875,6362.8359375,46264.40625,643.6312866210938,3091.66357421875,18567.427734375,200.0,17918.716796875,4958.30615234375,1478.781494140625,4679.783203125
2020-10-22,925.4021606445312,17453.96484375,12949.83984375,15173.0927734375,3243.967041015625,2558.595947265625,8690.5595703125,6355.685546875,46264.40625,645.76953125,3088.314697265625,18884.94140625,193.10000610351562,17852.533203125,4935.08251953125,1483.472412109375,4679.783203125
2020-10-23,915.5574340820312,17562.015625,12789.6923828125,14988.7431640625,3250.351806640625,2558.595947265625,8627.2998046875,6491.521484375,46264.40625,645.1281127929688,3087.64453125,18884.94140625,203.0,17744.984375,4935.08251953125,1503.9755859375,4679.783203125
2020-10-26,910.142822265625,17620.193359375,12957.1162109375,15279.44140625,3200.6953125,2555.188720703125,8682.65234375,6355.685546875,44696.546875,639.5682373046875,3048.119873046875,18884.94140625,203.0,17761.53515625,5080.23095703125,1489.502685546875,4492.58935546875
2020-10-27,900.79052734375,17603.572265625,12680.5048828125,15102.189453125,3181.5419921875,2534.746826171875,8382.1611328125,6291.34326171875,44919.95703125,636.486572265625,3015.29345703125,18906.58984375,203.0,17604.349609375,5109.26171875,1465.381103515625,4358.43701171875
2020-10-28,844.1832275390625,16622.82421875,12127.2783203125,14605.873046875,2930.4248046875,2350.7734375,7840.482421875,5876.6875,45843.28125,627.2401123046875,2981.1279296875,18762.263671875,203.0,17604.349609375,5097.6494140625,1450.305419921875,4358.43701171875
2020-10-29,859.9346923828125,16622.82421875,12054.4853515625,14542.060546875,3050.308837890625,2507.49169921875,8073.76025390625,6352.11279296875,45520.4296875,631.4691772460938,3001.225341796875,18755.048828125,197.6999969482422,18199.98828125,5155.70947265625,1441.259765625,4654.82373046875
2020-10-30,881.5932006835938,16705.94140625,12163.673828125,14790.21875,3231.198486328125,2527.93310546875,8397.974609375,6148.35791015625,43932.06640625,637.919921875,2817.66796875,18762.263671875,199.89999389648438,17653.986328125,4641.88037109375,1447.2899169921875,4189.96533203125
2020-11-02,881.5932006835938,16705.94140625,12163.673828125,14790.21875,3231.198486328125,2527.93310546875,8397.974609375,6148.35791015625,43932.06640625,637.919921875,2817.66796875,18762.263671875,199.89999389648438,17653.986328125,4641.88037109375,1447.2899169921875,4189.96533203125
2020-11-03,896.8524780273438,16955.283203125,12374.7744140625,14698.0419921875,3241.8388671875,2548.375,8556.1298828125,6284.19384765625,43925.60546875,645.80419921875,2891.35888671875,18646.806640625,200.0,17802.8984375,4479.3125,1474.427001953125,4367.796875
2020-11-04,920.4797973632812,16705.94140625,12200.068359375,14875.3017578125,3255.317138671875,2548.375,8761.73046875,6287.77001953125,43970.79296875,646.5209350585938,2917.485107421875,19050.916015625,200.0,17778.080078125,4479.3125,1449.702392578125,4367.796875
2020-11-05,910.635009765625,16955.283203125,12119.9990234375,14960.3837890625,3258.864501953125,2548.375,8888.2529296875,6434.32763671875,45197.6015625,652.2550659179688,2904.087158203125,19086.99609375,200.0,17943.5390625,4479.3125,1447.8931884765625,4367.796875
2020-11-06,910.635009765625,16955.283203125,12119.9990234375,14960.3837890625,3258.864501953125,2548.375,8888.2529296875,6434.32763671875,45197.6015625,652.2550659179688,2904.087158203125,19086.99609375,200.0,17943.5390625,4479.3125,1447.8931884765625,4367.796875
2020-11-09,953.95166015625,17944.33984375,12403.8916015625,16165.7216796875,3369.526611328125,2643.7685546875,9331.083984375,6684.55224609375,45326.71875,666.4470825195312,2967.72900390625,19433.375,205.0,18406.80859375,4575.111328125,1486.4874267578125,4554.9873046875
2020-11-10,975.6099853515625,17869.53515625,12367.4951171875,16442.2421875,3358.1767578125,2657.396240234375,9180.837890625,6580.88818359375,44887.65625,665.1568603515625,2880.640380859375,19844.703125,205.0,18256.181640625,4563.49951171875,1476.8389892578125,4554.9873046875
2020-11-11,991.8536987304688,17952.654296875,12476.685546875,16307.52734375,3434.079345703125,2718.72021484375,9252.0078125,6645.23193359375,45430.03125,665.8737182617188,2934.904052734375,20205.517578125,205.0,18339.12890625,4612.8505859375,1465.381103515625,4554.9873046875
2020-11-12,971.6722412109375,17869.53515625,12185.5126953125,16264.9873046875,3405.705078125,2718.72021484375,9172.9306640625,6505.81982421875,45242.7890625,666.8772583007812,2890.68896484375,20191.08203125,202.0,17833.1640625,4633.1708984375,1474.427001953125,4611.1455078125
2020-11-13,984.4700927734375,18060.701171875,12374.7744140625,15967.1962890625,3404.994873046875,2718.0390625,9062.2216796875,6577.3134765625,44874.75390625,665.8737182617188,2914.13671875,19678.728515625,200.0,17841.45703125,4633.1708984375,1477.4420166015625,4611.1455078125
2020-11-16,984.4700927734375,18060.701171875,12374.7744140625,15967.1962890625,3404.994873046875,2718.0390625,9062.2216796875,6577.3134765625,44874.75390625,665.8737182617188,2914.13671875,19678.728515625,200.0,17841.45703125,4633.1708984375,1477.4420166015625,4611.1455078125
2020-11-17,1050.9219970703125,18027.45703125,12440.2900390625,16307.52734375,3419.18212890625,2718.72021484375,9331.083984375,6720.2998046875,46011.140625,661.3580932617188,2934.233642578125,19570.484375,204.0,17824.8671875,4740.58203125,1495.532958984375,4623.658203125
2020-11-18,1045.507568359375,17861.224609375,12556.7548828125,16335.8857421875,3430.532470703125,2677.837646484375,9410.1611328125,6720.2998046875,46488.96484375,666.5905151367188,2961.0302734375,19592.1328125,204.0,17766.8046875,4740.58203125,1498.5484619140625,4623.658203125
2020-11-19,1055.844482421875,17703.310546875,12629.5498046875,16094.822265625,3369.526611328125,2718.72021484375,9378.529296875,6648.80712890625,45630.1875,670.17431640625,2974.4287109375,19801.40625,210.0,17841.45703125,4656.39501953125,1495.532958984375,4567.34765625
2020-11-20,1059.7822265625,18069.009765625,12724.177734375,16080.6396484375,3390.80810546875,2657.396240234375,9410.1611328125,6584.46337890625,46166.109375,678.775390625,2948.3017578125,20133.353515625,206.10000610351562,18007.34765625,4659.2978515625,1506.99072265625,4567.34765625
2020-11-23,1082.9173583984375,18243.556640625,12942.560546875,15385.7978515625,3475.93212890625,2690.102294921875,9560.40625,6648.80712890625,46166.109375,695.2611694335938,2947.632080078125,20349.841796875,205.1999969482422,18239.58984375,4656.39501953125,1506.387939453125,4567.34765625
2020-11-24,1103.5911865234375,18368.224609375,13248.2880859375,15655.2265625,3582.339599609375,2786.859130859375,9718.5615234375,6770.34326171875,46488.96484375,720.3475952148438,2972.4189453125,20609.626953125,210.5,18994.38671875,4676.71630859375,1506.387939453125,4992.80029296875
2020-11-25,1108.513427734375,17960.962890625,13088.140625,15740.3115234375,3603.62060546875,2786.859130859375,9726.4677734375,6756.04443359375,46187.9453125,724.6697998046875,2998.545654296875,20458.0859375,211.10000610351562,19077.337890625,4665.10400390625,1513.624267578125,4504.7822265625
2020-11-26,1087.839599609375,18276.79296875,13088.140625,15825.3935546875,3564.603759765625,2728.94140625,9726.4677734375,6756.04443359375,46058.22265625,726.1105346679688,3001.225341796875,20624.05859375,209.5,19077.337890625,4662.201171875,1513.624267578125,4720.6357421875
2020-11-27,1069.1348876953125,18251.857421875,13102.7001953125,16023.9169921875,3582.339599609375,2725.5341796875,9536.685546875,6777.49267578125,45733.85546875,731.153076171875,3014.623046875,20775.599609375,209.5,19301.27734375,4673.81298828125,1531.7152099609375,4692.4833984375
2020-11-30,1024.3414306640625,17786.41796875,13102.7001953125,16094.822265625,3532.681884765625,2698.960205078125,9489.2392578125,6648.80712890625,45740.3515625,749.1616821289062,3014.623046875,20927.140625,210.0,19292.98828125,4935.08251953125,1543.7760009765625,4692.4833984375
2020-12-01,1047.9688720703125,18276.79296875,13393.873046875,16307.52734375,3617.807861328125,2762.32861328125,9821.361328125,6791.78955078125,46771.79296875,754.92431640625,3094.34375,21374.548828125,213.89999389648438,19409.11328125,4836.380859375,1598.04931640625,4880.18115234375
2020-12-02,1055.844482421875,18285.109375,13524.8974609375,15988.4677734375,3568.151611328125,2786.859130859375,9647.3935546875,6841.8369140625,46706.9296875,767.890869140625,3081.615478515625,22161.12109375,214.0,19575.00390625,4906.05224609375,1598.04931640625,4817.6142578125
2020-12-03,1043.5384521484375,18592.62890625,13612.25,16250.8046875,3550.41748046875,2792.9912109375,9805.546875,6841.8369140625,46901.52734375,781.5772705078125,3095.013427734375,22370.39453125,213.89999389648438,19657.953125,4842.1865234375,1613.1253662109375,4880.18115234375
2020-12-04,1043.5384521484375,18592.62890625,13612.25,16250.8046875,3550.41748046875,2792.9912109375,9805.546875,6841.8369140625,46901.52734375,781.5772705078125,3095.013427734375,22370.39453125,213.89999389648438,19657.953125,4842.1865234375,1613.1253662109375,4880.18115234375
2020-12-07,1087.839599609375,19864.28125,14238.2685546875,18023.365234375,3795.150390625,2984.46044921875,10438.16015625,7134.95556640625,49295.26171875,819.7555541992188,3174.063232421875,23084.80078125,218.0,20080.96484375,4906.05224609375,1598.04931640625,4942.7470703125
2020-12-08,1087.839599609375,19864.28125,14238.2685546875,18023.365234375,3795.150390625,2984.46044921875,10438.16015625,7134.95556640625,49295.26171875,819.7555541992188,3174.063232421875,23084.80078125,218.0,20080.96484375,4906.05224609375,1598.04931640625,4942.7470703125
2020-12-09,1100.1456298828125,20304.783203125,14412.97265625,17920.970703125,3908.650634765625,3062.8193359375,10612.1318359375,7206.4462890625,48860.62890625,828.3995361328125,3156.645751953125,22666.26171875,218.0,20121.2109375,4935.08251953125,1579.9586181640625,5049.10986328125
2020-12-10,1134.60205078125,20030.50390625,14398.412109375,17252.701171875,3866.08837890625,3015.122314453125,10280.0087890625,7092.05810546875,48263.8203125,821.1965942382812,3088.314697265625,22370.39453125,216.0,19946.609375,4859.60400390625,1532.3184814453125,4798.84423828125
2020-12-11,1137.063232421875,19997.2578125,14398.412109375,17597.615234375,3972.49462890625,2950.390869140625,10517.23828125,7099.2099609375,48678.9921875,813.9928588867188,3082.28515625,22803.369140625,212.3000030517578,19846.8359375,4792.83544921875,1558.8521728515625,4880.18115234375
2020-12-14,1125.7418212890625,20279.845703125,14485.7626953125,17964.08203125,4000.869873046875,2998.08740234375,10865.1767578125,7206.4462890625,48523.2890625,817.5946655273438,3083.625,23308.505859375,212.39999389648438,19888.404296875,4821.865234375,1549.806640625,4692.4833984375
2020-12-15,1129.6795654296875,20612.306640625,14813.3310546875,18079.05078125,3986.682373046875,2997.40673828125,10841.4560546875,7249.3427734375,48925.5,832.0016479492188,3143.917724609375,23496.130859375,212.0,20054.693359375,4824.7685546875,1526.89111328125,4714.4365234375
2020-12-16,1161.1827392578125,21044.494140625,15577.65625,17798.810546875,4054.072998046875,3059.41259765625,11110.318359375,7435.2236328125,49937.48828125,849.2898559570312,3128.510009765625,23669.318359375,216.89999389648438,19954.9296875,4830.5751953125,1531.7152099609375,4799.12939453125
2020-12-17,1166.5972900390625,21825.771484375,16291.02734375,18179.65234375,4114.3701171875,3103.7021484375,11379.177734375,7542.462890625,49301.74609375,858.6544799804688,3151.956298828125,23669.318359375,216.6999969482422,20179.412109375,4868.3134765625,1528.0972900390625,4830.49609375
2020-12-18,1144.9390869140625,20520.880859375,16130.8828125,17726.953125,4139.197265625,3107.109375,11094.5009765625,7420.92529296875,48795.75,850.0103149414062,3201.5302734375,22817.802734375,217.60000610351562,19713.802734375,4917.66455078125,1525.6851806640625,4955.96337890625
2020-12-21,1090.3009033203125,19822.724609375,15577.65625,16814.380859375,3972.49462890625,2991.274169921875,10501.4228515625,7313.68603515625,49301.74609375,834.1627197265625,3182.103271484375,22731.205078125,214.0,19680.541015625,4760.90234375,1519.0517578125,5018.6962890625
2020-12-22,1102.606689453125,19947.390625,15715.9638671875,17389.228515625,4128.556640625,3056.00537109375,10627.947265625,7506.71728515625,49288.78515625,846.40869140625,3128.510009765625,23438.3984375,214.0,19472.67578125,4865.41015625,1516.6392822265625,5018.6962890625
2020-12-23,1130.6641845703125,20512.56640625,16058.09375,17691.025390625,4078.900390625,3056.00537109375,10896.80859375,7628.25390625,49613.12890625,855.7733154296875,3141.907470703125,23308.505859375,216.0,19622.337890625,4865.41015625,1532.9215087890625,4952.82470703125
2020-12-24,1125.7418212890625,20520.880859375,15876.103515625,17964.08203125,4043.430908203125,3038.970947265625,10896.80859375,7628.25390625,48841.67578125,853.6119995117188,3141.907470703125,23373.453125,216.0,19622.337890625,4865.41015625,1555.23388671875,4952.82470703125
2020-12-25,1125.7418212890625,20520.880859375,15876.103515625,17964.08203125,4043.430908203125,3038.970947265625,10896.80859375,7628.25390625,48841.67578125,853.6119995117188,3141.907470703125,23373.453125,216.0,19622.337890625,4865.41015625,1555.23388671875,4952.82470703125
2020-12-28,1121.3116455078125,20743.068359375,16188.107421875,18251.50390625,4178.2138671875,3058.050048828125,11134.0400390625,7628.25390625,49519.296875,860.8458862304688,3235.6962890625,23084.80078125,213.0,19722.115234375,4818.96240234375,1556.43994140625,4833.6318359375
2020-12-29,1126.7261962890625,21236.34765625,16393.296875,18452.705078125,4383.931640625,3141.859375,11466.1611328125,7656.8515625,50027.51171875,875.3138427734375,3262.491943359375,23322.939453125,216.0,20137.84765625,4981.52978515625,1610.1104736328125,5081.43017578125
2020-12-30,1105.0679931640625,21136.021484375,16122.15234375,18467.076171875,4383.931640625,3066.2255859375,10991.7001953125,7506.71728515625,49258.6875,863.73974609375,3174.063232421875,23380.66796875,217.0,19954.9296875,4993.14208984375,1598.04931640625,5269.63232421875
2020-12-31,1105.0679931640625,21136.021484375,16122.15234375,18467.076171875,4383.931640625,3066.2255859375,10991.7001953125,7506.71728515625,49258.6875,863.73974609375,3174.063232421875,23380.66796875,217.0,19954.9296875,4993.14208984375,1598.04931640625,5269.63232421875
2021-01-01,1105.0679931640625,21136.021484375,16122.15234375,18467.076171875,4383.931640625,3066.2255859375,10991.7001953125,7506.71728515625,49258.6875,863.73974609375,3174.063232421875,23380.66796875,217.0,19954.9296875,4993.14208984375,1598.04931640625,5269.63232421875
2021-01-04,1103.5911865234375,20316.6640625,15645.818359375,18179.65234375,4327.1806640625,3031.475341796875,11062.8701171875,7435.2236328125,50027.51171875,849.9951782226562,3228.9970703125,23741.478515625,213.0,19954.9296875,4877.0224609375,1613.1253662109375,5081.43017578125
2021-01-05,1128.2030029296875,20233.060546875,15924.2919921875,18682.64453125,4156.93212890625,2964.0185546875,10991.7001953125,7356.5810546875,50431.49609375,833.3571166992188,3228.9970703125,23524.994140625,215.0,20287.51171875,4929.27587890625,1628.2012939453125,5144.1640625
2021-01-06,1136.078857421875,20358.46875,16195.4345703125,19077.849609375,4160.47900390625,3032.15771484375,11157.763671875,7492.4169921875,50431.49609375,846.3779296875,3228.3271484375,23524.994140625,218.0,20279.189453125,4929.27587890625,1622.1708984375,5012.423828125
2021-01-07,1168.0740966796875,20149.447265625,15982.916015625,20119.771484375,4043.430908203125,2998.08740234375,10620.0390625,7313.68603515625,49551.8828125,846.3779296875,3228.9970703125,23185.830078125,213.0,19372.904296875,4932.17919921875,1544.37890625,5012.423828125
2021-01-08,1180.8724365234375,20182.89453125,15982.916015625,20838.3359375,4164.02587890625,2998.08740234375,10989.5419921875,7518.60888671875,50170.87109375,842.760986328125,3202.199951171875,23481.697265625,215.1999969482422,19538.28515625,4807.3505859375,1545.5853271484375,5081.43017578125
2021-01-11,1180.8724365234375,20182.89453125,15982.916015625,20838.3359375,4164.02587890625,2998.08740234375,10989.5419921875,7518.60888671875,50170.87109375,842.760986328125,3202.199951171875,23481.697265625,215.1999969482422,19538.28515625,4807.3505859375,1545.5853271484375,5081.43017578125
2021-01-12,1210.4063720703125,20559.125,16048.8662109375,21017.97265625,4185.30615234375,3059.41259765625,11085.103515625,7648.48779296875,50366.34765625,841.3142700195312,3197.509765625,23308.505859375,214.3000030517578,19838.35546875,4903.1494140625,1531.7152099609375,5131.6171875
2021-01-13,1200.0693359375,20734.705078125,16254.064453125,20838.3359375,4195.94677734375,3073.040283203125,10933.796875,7662.9189453125,50496.6640625,839.8671875,3215.59814453125,22926.044921875,214.39999389648438,19646.640625,4824.7685546875,1558.2491455078125,5018.6962890625
2021-01-14,1222.712158203125,20743.068359375,16195.4345703125,20838.3359375,4206.5888671875,3103.7021484375,11148.8115234375,7612.41064453125,50496.6640625,845.6547241210938,3202.199951171875,23164.1796875,215.0,19838.35546875,4877.0224609375,1628.2012939453125,5141.0283203125
2021-01-15,1191.209228515625,20692.900390625,15975.5849609375,20823.9609375,4160.47900390625,3066.2255859375,11148.8115234375,7540.255859375,51467.4921875,842.760986328125,3192.970458984375,23005.423828125,214.3000030517578,19755.005859375,4923.47021484375,1646.2926025390625,5188.19287109375
2021-01-18,1201.0537109375,20651.09375,16122.15234375,20622.765625,4156.93212890625,3066.2255859375,11069.1767578125,7489.74560546875,50183.90625,842.760986328125,3212.113525390625,22875.53125,214.3000030517578,19763.341796875,4923.47021484375,1659.5595703125,5188.19287109375
2021-01-19,1205.97607421875,20843.396484375,16166.1259765625,20982.044921875,4220.775390625,3113.9228515625,11116.95703125,7569.11767578125,51109.13671875,839.8671875,3203.2255859375,23272.42578125,213.10000610351562,19755.005859375,4923.47021484375,1693.9326171875,5188.19287109375
2021-01-20,1199.5771484375,20609.29296875,16188.107421875,20910.189453125,4234.9638671875,3111.878173828125,11069.1767578125,7612.41064453125,53428.73046875,844.208251953125,3249.718994140625,23092.017578125,213.10000610351562,20146.765625,4923.47021484375,1696.9476318359375,5188.19287109375
2021-01-21,1185.3023681640625,20818.30859375,16166.1259765625,20320.970703125,4256.244140625,3148.673583984375,11013.43359375,7662.9189453125,52711.9921875,844.208251953125,3291.426025390625,23445.615234375,214.0,20421.83984375,4836.380859375,1693.9326171875,5030.974609375
2021-01-22,1158.7215576171875,20366.830078125,16041.544921875,18682.64453125,4256.244140625,3143.222412109375,11069.1767578125,7648.48779296875,53102.94140625,835.527099609375,3281.85302734375,23438.3984375,214.10000610351562,20830.2734375,4914.76123046875,1712.62646484375,5093.8623046875
2021-01-25,1143.95458984375,20199.6171875,15902.306640625,17748.51171875,4164.02587890625,3130.9580078125,10949.7265625,7641.27294921875,53337.5078125,831.9097290039062,3278.434326171875,23416.75,214.10000610351562,20838.60546875,4816.05908203125,1675.2381591796875,5093.8623046875
2021-01-26,1163.64404296875,20149.447265625,15755.7412109375,17964.08203125,4135.6494140625,3130.275390625,10798.419921875,7691.7802734375,53557.33984375,839.9021606445312,3281.85302734375,23380.66796875,214.10000610351562,20813.60546875,4816.05908203125,1692.1234130859375,5056.13037109375
2021-01-27,1097.684326171875,19898.630859375,15550.5478515625,17245.517578125,4135.6494140625,3086.66748046875,10806.3828125,7612.41064453125,53256.3671875,831.1832885742188,3275.01611328125,23380.66796875,214.10000610351562,20455.181640625,4789.9326171875,1688.505126953125,5043.5517578125
2021-01-28,1055.844482421875,19413.70703125,15286.73046875,17238.333984375,4121.46337890625,3113.9228515625,10941.7626953125,7612.41064453125,52098.34375,846.4412231445312,3242.197509765625,23416.75,214.10000610351562,20271.796875,4789.9326171875,1685.489990234375,5030.974609375
2021-01-29,999.2374877929688,18978.9375,15022.9150390625,16570.068359375,4142.744140625,2998.08740234375,10591.37109375,7432.021484375,54564.88671875,841.3554077148438,3281.85302734375,23250.77734375,210.0,20338.490234375,4528.66357421875,1574.531005859375,4779.42529296875
2021-02-01,999.2374877929688,18978.9375,15022.9150390625,16570.068359375,4142.744140625,2998.08740234375,10591.37109375,7432.021484375,54564.88671875,841.3554077148438,3281.85302734375,23250.77734375,210.0,20338.490234375,4528.66357421875,1574.531005859375,4779.42529296875
2021-02-02,1029.263671875,19263.2109375,15308.7158203125,16879.048828125,4206.5888671875,3062.138671875,10798.419921875,7432.021484375,54041.4921875,858.7928466796875,3214.85009765625,23236.341796875,214.0,20446.845703125,4528.66357421875,1594.4312744140625,4902.05615234375
2021-02-03,1028.771484375,19229.767578125,15382.0009765625,16620.3671875,4256.244140625,3045.784912109375,10686.9326171875,7395.94384765625,52811.4765625,863.1520385742188,3214.85009765625,23373.453125,214.0,20546.875,4517.0517578125,1567.8978271484375,4902.05615234375
2021-02-04,1050.9219970703125,19355.1796875,15228.10546875,16843.123046875,4185.30615234375,3067.589111328125,10543.58984375,7331.0029296875,52536.6953125,863.1520385742188,3218.951904296875,23344.587890625,212.10000610351562,20496.857421875,4528.66357421875,1549.806640625,4905.20166015625
2021-02-05,1060.7667236328125,19622.724609375,15462.611328125,16986.833984375,4164.02587890625,3064.181396484375,10519.7001953125,7439.2392578125,52203.015625,865.3316650390625,3286.639892578125,23380.66796875,212.10000610351562,20546.875,4615.75341796875,1549.2034912109375,5043.5517578125
2021-02-08,1082.9173583984375,19639.44140625,15462.611328125,16950.908203125,4164.02587890625,3064.86279296875,10591.37109375,7417.591796875,52674.07421875,874.7769165039062,3294.844482421875,23308.505859375,213.5,20621.892578125,4595.43212890625,1597.446533203125,5030.974609375
2021-02-09,1084.39404296875,19881.90625,15352.6875,17037.1328125,4181.10205078125,3062.5927734375,10575.443359375,7374.2978515625,52994.671875,871.14453125,3261.34130859375,23380.66796875,215.0,20470.1640625,4644.783203125,1579.9586181640625,4968.08740234375
2021-02-10,1080.456298828125,19697.96875,15316.044921875,16814.380859375,4137.92431640625,3068.842041015625,10471.919921875,7244.41650390625,52471.27734375,874.0505981445312,3250.40283203125,23640.453125,230.0,20386.6171875,4644.783203125,1592.0191650390625,4974.3759765625
2021-02-11,1053.3831787109375,19480.58984375,15294.0625,16814.380859375,4267.458984375,3099.390869140625,10424.140625,7251.63232421875,52667.56640625,868.9646606445312,3240.83056640625,23633.236328125,240.0,20369.896484375,4627.365234375,1616.1407470703125,5144.17236328125
2021-02-12,1058.3056640625,19480.58984375,15235.4306640625,17015.578125,4220.68212890625,3054.95556640625,10575.443359375,7229.98583984375,52530.16015625,867.5113525390625,3227.83984375,23662.1015625,245.5,20052.412109375,4644.783203125,1604.0799560546875,4974.3759765625
2021-02-15,1077.9949951171875,19488.94921875,15169.4765625,16886.240234375,4184.7001953125,3096.614013671875,10471.919921875,7237.20068359375,54460.20703125,865.3316650390625,3239.46240234375,23568.29296875,235.10000610351562,19960.501953125,4673.81298828125,1616.1407470703125,4974.3759765625
2021-02-16,1087.839599609375,19380.259765625,15228.10546875,16670.666015625,4253.06689453125,3075.785400390625,10440.06640625,7244.41650390625,54434.03125,860.972412109375,3247.66796875,23524.994140625,234.0,19567.8046875,4598.3359375,1590.8128662109375,4917.6357421875
2021-02-17,1082.9173583984375,19355.1796875,15228.10546875,16670.666015625,4242.271484375,3067.453125,10376.3583984375,7331.0029296875,54499.4453125,866.0582885742188,3237.4111328125,23705.3984375,234.0,19843.51953125,4615.75341796875,1615.53759765625,4857.7412109375
2021-02-18,1061.259033203125,19355.1796875,15308.7158203125,16598.810546875,4152.31640625,3048.012451171875,10217.08984375,7316.57177734375,53635.8359375,860.2457275390625,3233.9931640625,23452.83203125,238.6999969482422,19759.974609375,4615.75341796875,1590.8128662109375,4860.89306640625
2021-02-19,1065.6890869140625,19112.71484375,15132.8427734375,16526.953125,4130.7275390625,3020.239990234375,10065.783203125,7222.76953125,52732.96875,859.5191650390625,3213.4814453125,23517.779296875,238.0,20010.626953125,4604.1416015625,1580.5614013671875,4857.7412109375
2021-02-22,1099.1610107421875,19062.552734375,14978.9404296875,16505.396484375,4152.31640625,2969.55615234375,10225.052734375,7157.8291015625,53001.1953125,864.60498046875,3203.9091796875,23517.779296875,238.0,19885.296875,4673.81298828125,1513.624267578125,4835.6748046875
2021-02-23,1127.7109375,19045.828125,14766.4287109375,16253.9013671875,4184.7001953125,2929.97998046875,10177.26953125,7027.94921875,54483.37109375,865.3348388671875,3213.4814453125,23423.96875,235.0,19801.75,4583.8203125,1522.669921875,4791.54150390625
2021-02-24,1136.5709228515625,19472.224609375,14876.3486328125,16958.091796875,4206.2900390625,2975.804931640625,10256.9052734375,7071.2451171875,53208.828125,866.7940673828125,3281.85302734375,23524.994140625,235.0,19718.19921875,4644.783203125,1531.7152099609375,4917.6357421875
2021-02-25,1122.296142578125,18410.412109375,14216.80859375,16397.611328125,4101.94189453125,2947.337646484375,10177.26953125,7071.2451171875,52696.375,846.3646850585938,3268.178955078125,23467.263671875,231.0,19626.296875,4644.783203125,1546.7913818359375,4964.91943359375
2021-02-26,1107.529052734375,19789.935546875,14583.2197265625,17101.806640625,4152.31640625,2936.923095703125,10591.37109375,7078.458984375,51908.00390625,866.7940673828125,3214.16552734375,23481.697265625,226.0,19793.39453125,4540.275390625,1555.837158203125,4854.587890625
2021-03-01,1105.560302734375,19279.935546875,14883.6806640625,16979.650390625,4037.174072265625,2935.534423828125,10400.248046875,7132.5771484375,51947.421875,858.0387573242188,3240.83056640625,23481.697265625,230.0,19701.484375,4638.9775390625,1584.7825927734375,4879.8076171875
2021-03-02,1105.0679931640625,19229.767578125,14759.0966796875,17015.578125,4015.58544921875,2936.923095703125,10352.4677734375,7132.5771484375,51901.43359375,847.823974609375,3220.318603515625,23445.615234375,230.0,19551.095703125,4638.9775390625,1581.7677001953125,4879.8076171875
2021-03-03,1109.990234375,19104.35546875,14583.2197265625,16958.091796875,3907.63916015625,2877.906982421875,10185.236328125,6999.0869140625,51921.140625,852.9312744140625,3183.39794921875,23402.318359375,227.0,19609.578125,4499.6337890625,1595.0343017578125,4879.8076171875
2021-03-04,1121.803955078125,18978.9375,14436.65625,16605.998046875,3882.451416015625,2873.740966796875,9954.2939453125,6999.0869140625,51921.140625,846.3646850585938,3206.64404296875,23402.318359375,219.0,19450.837890625,4528.66357421875,1567.8978271484375,4823.06494140625
2021-03-05,1181.364501953125,18728.119140625,14370.69921875,16958.091796875,3889.648681640625,2850.829345703125,9874.662109375,6984.65869140625,51467.83203125,842.7163696289062,3160.151123046875,23200.26171875,239.0,19358.921875,4609.947265625,1549.806640625,4886.111328125
2021-03-08,1155.27587890625,18627.7890625,14290.091796875,16900.60546875,3864.4619140625,2860.5498046875,9898.552734375,6934.1494140625,52525.5546875,845.635009765625,3212.113525390625,23243.5625,230.0,19509.322265625,4609.947265625,1525.6851806640625,4917.6357421875
2021-03-09,1151.3380126953125,18719.76171875,14370.69921875,17029.94921875,3889.648681640625,2881.378662109375,10018.0029296875,7020.7353515625,52229.9140625,850.0126953125,3226.472412109375,23077.583984375,232.0,19600.119140625,4604.1416015625,1525.08203125,4917.6357421875
2021-03-10,1168.0740966796875,18811.7265625,14509.9384765625,17101.806640625,3922.03271484375,2908.45654296875,10177.26953125,7132.5771484375,51362.69921875,846.3646850585938,3226.472412109375,23236.341796875,223.0,19683.884765625,4528.66357421875,1544.37890625,4917.6357421875
2021-03-11,1165.6126708984375,18761.568359375,14509.9384765625,16958.091796875,3958.014404296875,2881.378662109375,10304.6865234375,7078.458984375,51362.69921875,846.3646850585938,3281.168701171875,23359.01953125,218.10000610351562,19767.642578125,4528.66357421875,1534.73095703125,4917.6357421875
2021-03-12,1170.5352783203125,18895.333984375,14509.9384765625,17087.43359375,3943.62255859375,2894.570556640625,10225.052734375,7078.458984375,51822.578125,849.2833251953125,3295.528076171875,23366.236328125,218.10000610351562,19558.23828125,4702.84326171875,1534.73095703125,4917.6357421875
2021-03-15,1220.7431640625,19054.193359375,14509.9384765625,16893.41796875,3911.23828125,2888.321533203125,9954.2939453125,7078.458984375,51901.43359375,853.66064453125,3302.365234375,23236.341796875,221.10000610351562,19625.25,4580.91748046875,1537.7457275390625,4917.6357421875
2021-03-16,1210.8984375,19070.91015625,14509.9384765625,16785.63671875,3814.087158203125,2848.74609375,9874.662109375,7013.52001953125,52045.95703125,856.579345703125,3295.528076171875,23445.615234375,226.0,19533.109375,4580.91748046875,1552.821533203125,4803.857421875
2021-03-17,1209.4217529296875,18895.333984375,14378.029296875,16800.0078125,3738.52490234375,2846.6630859375,9747.2451171875,7013.52001953125,52045.95703125,840.5277709960938,3289.374755859375,23344.587890625,223.5,19600.119140625,4580.91748046875,1542.5699462890625,4803.857421875
2021-03-18,1156.7525634765625,18644.513671875,14253.447265625,17015.578125,3612.588623046875,2777.232666015625,9476.490234375,6825.9150390625,51901.43359375,831.7722778320312,3279.118408203125,22442.5546875,218.0,19348.83984375,4528.66357421875,1543.7760009765625,4740.650390625
2021-03-19,1166.5972900390625,18243.19140625,13740.4697265625,16958.091796875,3490.249755859375,2749.459228515625,9078.3203125,6854.77587890625,51507.23828125,833.2313842773438,3268.178955078125,23092.017578125,215.0,20797.90234375,4528.66357421875,1526.89111328125,4614.2333984375
2021-03-22,1166.5972900390625,18243.19140625,13740.4697265625,16958.091796875,3490.249755859375,2749.459228515625,9078.3203125,6854.77587890625,51507.23828125,833.2313842773438,3268.178955078125,23092.017578125,215.0,20797.90234375,4528.66357421875,1526.89111328125,4614.2333984375
2021-03-23,1122.788330078125,18393.689453125,13923.67578125,16598.810546875,3588.8388671875,2777.232666015625,9149.986328125,6739.32861328125,51507.23828125,853.66064453125,3269.54638671875,23308.505859375,211.10000610351562,19709.01171875,4528.66357421875,1567.8978271484375,4797.5390625
2021-03-24,1148.3846435546875,18310.083984375,13996.9580078125,16598.810546875,3616.185546875,2815.4189453125,9277.404296875,6753.759765625,51507.23828125,844.9054565429688,3229.206787109375,23207.478515625,217.89999389648438,19776.017578125,4638.9775390625,1571.5159912109375,4803.857421875
2021-03-25,1139.524169921875,17816.796875,13879.705078125,16261.0869140625,3619.784423828125,2777.232666015625,9237.587890625,6753.759765625,51507.23828125,842.7163696289062,3233.9931640625,23185.830078125,217.89999389648438,19600.119140625,4528.66357421875,1579.9586181640625,4803.857421875
2021-03-26,1157.2447509765625,18184.669921875,13762.45703125,16023.9580078125,3612.588623046875,2777.232666015625,9213.6943359375,6782.623046875,52033.38671875,839.4204711914062,3235.36083984375,23301.291015625,217.89999389648438,19440.970703125,4499.6337890625,1569.7069091796875,4803.857421875
2021-03-29,1175.4573974609375,18385.328125,13872.380859375,15952.10546875,3630.578857421875,2811.25390625,9229.6220703125,6854.77587890625,52066.35546875,848.9425048828125,3213.4814453125,23741.478515625,217.0,19440.970703125,4499.6337890625,1585.9886474609375,4803.857421875
2021-03-30,1168.0740966796875,18251.556640625,13931.0048828125,16498.212890625,3670.15869140625,2777.232666015625,9436.6708984375,6825.9150390625,52039.97265625,846.0126342773438,3233.9931640625,23553.861328125,221.5,19449.349609375,4499.6337890625,1610.1104736328125,4740.650390625
2021-03-31,1164.6282958984375,18142.865234375,13879.705078125,16167.6748046875,3706.14013671875,2832.77734375,9380.9306640625,6854.77587890625,51426.80859375,837.955322265625,3179.9794921875,23618.8046875,221.0,19407.462890625,4499.6337890625,1622.1708984375,4740.650390625
2021-04-01,1164.6282958984375,18142.865234375,13879.705078125,16167.6748046875,3706.14013671875,2832.77734375,9380.9306640625,6854.77587890625,51426.80859375,837.955322265625,3179.9794921875,23618.8046875,221.0,19407.462890625,4499.6337890625,1622.1708984375,4740.650390625
2021-04-02,1164.6282958984375,18142.865234375,13879.705078125,16167.6748046875,3706.14013671875,2832.77734375,9380.9306640625,6854.77587890625,51426.80859375,837.955322265625,3179.9794921875,23618.8046875,221.0,19407.462890625,4499.6337890625,1622.1708984375,4740.650390625
2021-04-05,1144.4468994140625,18218.115234375,13865.05078125,16491.02734375,3738.52490234375,2840.414306640625,9380.9306640625,6854.77587890625,51954.2578125,845.2802124023438,3233.30908203125,23257.990234375,221.0,19156.189453125,4499.6337890625,1616.1407470703125,4832.3017578125
2021-04-06,1126.7261962890625,18059.259765625,13777.111328125,16670.666015625,3814.087158203125,2850.134765625,9564.0869140625,6753.759765625,52053.17578125,848.9425048828125,3223.0537109375,23236.341796875,221.0,19507.98046875,4499.6337890625,1604.0799560546875,4832.3017578125
2021-04-07,1150.353515625,18360.24609375,13887.0341796875,16670.666015625,3814.087158203125,2877.906982421875,9556.1259765625,6923.3251953125,52039.97265625,846.0126342773438,3223.0537109375,23524.994140625,221.0,19524.744140625,4505.43994140625,1626.9951171875,4848.10498046875
2021-04-08,1122.788330078125,18059.259765625,13740.4697265625,16663.48046875,3814.087158203125,2860.5498046875,9460.5634765625,6991.87255859375,50919.12890625,840.1528930664062,3195.021240234375,23380.66796875,221.0,19198.068359375,4583.8203125,1589.60693359375,4677.44189453125
2021-04-09,1112.4515380859375,17774.990234375,13733.1416015625,16217.9755859375,3886.05029296875,2811.947998046875,9317.2216796875,6999.0869140625,50767.4921875,843.082763671875,3180.6630859375,23315.72265625,220.0,19402.30078125,4583.8203125,1585.9886474609375,4803.857421875
2021-04-12,1125.7418212890625,17724.83203125,13586.5771484375,16311.3896484375,3850.068603515625,2846.6630859375,9213.6943359375,7042.38232421875,50767.4921875,846.0126342773438,3211.430419921875,23308.505859375,222.0,19519.884765625,4519.95458984375,1579.9586181640625,4857.58642578125
2021-04-13,1122.296142578125,17683.4375,13653.701171875,16447.9140625,3871.0439453125,2835.238037109375,9157.953125,6999.0869140625,50760.88671875,840.8853149414062,3165.620849609375,23568.29296875,222.0,19393.896484375,4519.95458984375,1573.927978515625,4867.06787109375
2021-04-14,1122.296142578125,17683.4375,13653.701171875,16447.9140625,3871.0439453125,2835.238037109375,9157.953125,6999.0869140625,50760.88671875,840.8853149414062,3165.620849609375,23568.29296875,222.0,19393.896484375,4519.95458984375,1573.927978515625,4867.06787109375
2021-04-15,1141.4932861328125,17447.6640625,13513.322265625,16526.953125,3860.11962890625,2785.868408203125,9078.3203125,7136.18505859375,51677.3515625,843.8152465820312,3153.998046875,23387.884765625,219.89999389648438,18646.369140625,4609.947265625,1592.0191650390625,4861.28369140625
2021-04-16,1140.9974365234375,17262.404296875,13565.0390625,16268.275390625,3809.136474609375,2750.60400390625,9173.876953125,7071.2451171875,50741.11328125,850.4072875976562,3180.61865234375,23524.994140625,219.89999389648438,19066.33203125,4595.43212890625,1578.752197265625,4787.3857421875
2021-04-19,1140.5015869140625,17178.203125,13498.544921875,16253.9013671875,3925.66845703125,2757.656494140625,9356.7314453125,7245.4326171875,50543.33984375,842.3499145507812,3140.51513671875,23503.345703125,215.10000610351562,19150.3203125,4572.208984375,1584.1798095703125,4777.74609375
2021-04-20,1131.080078125,17346.609375,13328.611328125,16340.1259765625,3932.95166015625,2813.373779296875,9414.38671875,7245.4326171875,50549.91015625,842.3499145507812,3128.760498046875,23452.83203125,215.10000610351562,19066.33203125,4572.208984375,1582.9736328125,4931.96923828125
2021-04-21,1121.658447265625,17641.337890625,13372.94140625,16232.341796875,3896.53515625,2810.55224609375,9389.6787109375,7023.94140625,50477.3828125,838.6881713867188,3127.377685546875,23423.96875,215.60000610351562,18898.345703125,4592.529296875,1585.9886474609375,4883.775390625
2021-04-22,1115.708251953125,17565.55078125,13372.94140625,16167.6748046875,3878.327392578125,2764.70947265625,9348.4951171875,6873.77880859375,50134.54296875,842.3499145507812,3111.474365234375,23524.994140625,215.60000610351562,18637.9609375,4461.8955078125,1585.9886474609375,4768.10595703125
2021-04-23,1104.7989501953125,17363.455078125,13284.28125,16023.9580078125,3812.7783203125,2778.81494140625,9290.8388671875,6794.94287109375,49811.47265625,835.025634765625,3046.479248046875,23344.587890625,215.60000610351562,18461.580078125,4461.8955078125,1579.3555908203125,4758.46728515625
2021-04-26,1125.62548828125,17178.203125,13151.2919921875,15844.322265625,3860.11962890625,2778.81494140625,9060.21484375,6832.48193359375,50569.69921875,848.2101440429688,3079.66796875,23315.72265625,215.60000610351562,18176.005859375,4470.60400390625,1579.3555908203125,4755.25390625
2021-04-27,1134.055419921875,17346.609375,13033.078125,15564.08203125,3914.744384765625,2732.971435546875,8977.849609375,6870.0244140625,51944.73046875,852.9898681640625,3062.382568359375,23618.8046875,213.0,18108.8046875,4551.88720703125,1573.927978515625,4928.7578125
2021-04-28,1156.369384765625,16976.109375,12781.876953125,15334.1396484375,3867.4033203125,2687.12841796875,9093.162109375,6757.3994140625,51395.515625,839.0186157226562,3043.022216796875,23236.341796875,213.0,18629.564453125,4389.31982421875,1582.9736328125,4928.7578125
2021-04-29,1145.46044921875,16504.54296875,12493.7275390625,15377.25390625,3809.136474609375,2708.28662109375,8903.71875,6622.25146484375,52222.66015625,834.6062622070312,3021.587646484375,23553.861328125,215.0,18965.54296875,4389.31982421875,1585.9886474609375,4906.265625
2021-04-30,1095.873291015625,16134.0341796875,12515.8916015625,15362.8818359375,3736.3046875,2708.28662109375,8722.5166015625,6535.9091796875,51944.73046875,812.5464477539062,2980.100830078125,23106.451171875,218.0,18058.412109375,4392.22265625,1573.927978515625,4768.10595703125
2021-05-03,1100.336181640625,15190.919921875,12043.0361328125,14730.546875,3648.9052734375,2673.0224609375,8178.90234375,6044.11962890625,51547.71484375,783.1328125,2869.470947265625,22839.451171875,210.0,17302.48828125,4389.31982421875,1513.624267578125,4755.25390625
2021-05-04,1103.311279296875,15342.4873046875,12338.5703125,14658.69140625,3721.7373046875,2673.0224609375,8253.03125,6156.74267578125,50958.7734375,757.39599609375,2901.96826171875,22947.693359375,210.0,17722.439453125,4249.9765625,1513.02099609375,4806.6630859375
2021-05-05,1134.55126953125,16083.51171875,12486.33984375,15017.970703125,3830.986328125,2697.707275390625,8393.0537109375,6156.74267578125,50363.23046875,776.514892578125,2912.34033203125,23568.29296875,210.0,17890.427734375,4351.58154296875,1521.4638671875,4806.6630859375
2021-05-06,1134.55126953125,16757.16015625,12707.9912109375,15204.798828125,3896.53515625,2728.739990234375,8730.7509765625,6532.1533203125,50290.44921875,793.4274291992188,3038.181884765625,23669.318359375,210.0,18259.9921875,4296.4248046875,1570.3096923828125,4806.6630859375
2021-05-07,1134.55126953125,17430.818359375,13188.232421875,15262.283203125,4005.784423828125,2799.268310546875,9307.3115234375,6828.728515625,49628.7421875,801.51611328125,3014.6728515625,23791.994140625,212.0,18898.345703125,4296.4248046875,1557.6458740234375,4845.2197265625
2021-05-10,1168.7662353515625,17683.4375,13535.484375,16052.7060546875,4005.784423828125,2821.132568359375,9719.1416015625,6828.728515625,49628.7421875,823.5762939453125,3049.24560546875,23871.373046875,218.0,19175.517578125,4485.11865234375,1561.8673095703125,4845.2197265625
2021-05-11,1147.9395751953125,17767.650390625,13520.7099609375,15808.3896484375,3947.5185546875,2819.72119140625,9719.1416015625,6896.30224609375,49297.87109375,815.48779296875,3103.868408203125,27212.818359375,211.89999389648438,19102.373046875,4485.11865234375,1563.073486328125,4883.775390625
2021-05-12,1175.21240234375,17186.623046875,13313.8369140625,15600.0078125,3973.009033203125,2870.501708984375,9192.0,6779.9248046875,49615.4765625,808.8697509765625,3007.759033203125,25575.771484375,211.89999389648438,18866.541015625,4609.947265625,1572.119140625,4819.51513671875
2021-05-13,1140.9974365234375,16504.54296875,13180.845703125,14823.9599609375,3892.893798828125,2785.868408203125,9101.3974609375,6779.9248046875,49397.12109375,810.3400268554688,3045.096435546875,25501.732421875,215.0,18748.625,4592.529296875,1573.927978515625,4819.51513671875
2021-05-14,1183.6422119140625,16656.115234375,13299.056640625,15449.1083984375,3936.593994140625,2766.1201171875,9290.8388671875,6697.3330078125,49297.87109375,819.8994140625,3042.33056640625,25254.94140625,214.89999389648438,19119.21875,4586.7236328125,1592.0191650390625,4736.38623046875
2021-05-17,1183.6422119140625,16656.115234375,13299.056640625,15449.1083984375,3936.593994140625,2766.1201171875,9290.8388671875,6697.3330078125,49297.87109375,819.8994140625,3042.33056640625,25254.94140625,214.89999389648438,19119.21875,4586.7236328125,1592.0191650390625,4736.38623046875
2021-05-18,1167.7745361328125,16512.962890625,13077.4072265625,14960.486328125,3925.66845703125,2766.1201171875,9060.21484375,6697.3330078125,49165.52734375,808.8697509765625,3021.587646484375,25172.681640625,214.89999389648438,18866.541015625,4586.7236328125,1579.9586181640625,4736.38623046875
2021-05-19,1163.8074951171875,16420.333984375,13166.0673828125,15161.6845703125,3896.53515625,2809.847412109375,8813.1181640625,6742.38427734375,48742.0234375,800.78076171875,3076.902587890625,24901.208984375,214.89999389648438,18748.625,4586.7236328125,1581.7677001953125,4704.16552734375
2021-05-20,1147.443603515625,16824.53125,13077.4072265625,15089.828125,3881.96826171875,2716.75,9043.7421875,6457.07080078125,47974.44140625,801.51611328125,3014.6728515625,24267.779296875,209.89999389648438,18866.541015625,4586.7236328125,1578.572509765625,4639.72509765625
2021-05-21,1133.0635986328125,16698.21875,13099.5732421875,15082.6416015625,3798.2119140625,2704.054443359375,8879.0107421875,6472.08642578125,46584.83203125,812.5464477539062,3016.74755859375,24234.873046875,209.89999389648438,18344.337890625,4586.7236328125,1568.550048828125,4639.72509765625
2021-05-24,1137.5263671875,16083.51171875,12811.42578125,14845.517578125,3710.8134765625,2639.1689453125,8549.544921875,6472.08642578125,45327.58203125,800.0455932617188,2924.785888671875,23938.72265625,202.0,18024.279296875,4586.7236328125,1547.251708984375,4626.8369140625
2021-05-25,1108.27001953125,16007.7255859375,12589.77734375,14514.9765625,3670.75439453125,2581.3359375,8166.546875,6216.8076171875,45314.32421875,794.1627807617188,2890.2138671875,23116.087890625,200.0,17603.154296875,4586.7236328125,1466.44384765625,4510.84375
2021-05-26,1100.8319091796875,15746.6787109375,12486.33984375,14083.8388671875,3707.171142578125,2580.63037109375,8162.431640625,6006.578125,44515.71484375,776.07177734375,2814.155517578125,23017.373046875,200.0,17586.310546875,4348.67822265625,1465.8177490234375,4446.40380859375
2021-05-27,1100.8319091796875,16125.6171875,12471.5634765625,14730.546875,3641.6220703125,2323.201904296875,7412.90234375,5405.92041015625,44847.921875,777.5486450195312,2603.26708984375,23206.578125,208.0,17266.2578125,3916.133056640625,1356.1943359375,4001.763427734375
2021-05-28,1096.369140625,17136.099609375,12892.701171875,14838.33203125,3699.88818359375,2510.807373046875,8458.9453125,5999.07080078125,46349.4921875,787.1478271484375,2887.44775390625,23510.955078125,208.0,17704.23046875,4261.5888671875,1440.760986328125,4188.64208984375
2021-05-31,1085.9559326171875,16858.216796875,13003.525390625,14385.634765625,3692.604736328125,2603.199462890625,8318.923828125,6006.578125,46508.94140625,796.0087280273438,2887.44775390625,23223.029296875,208.0,18192.728515625,4267.39453125,1458.9268798828125,4253.0810546875
2021-06-01,1128.6005859375,17093.990234375,13299.056640625,14737.7314453125,3714.454345703125,2603.199462890625,8417.7626953125,6126.7099609375,47399.265625,793.7937622070312,2935.157958984375,23264.162109375,210.89999389648438,18495.943359375,4267.39453125,1472.081787109375,4381.96337890625
2021-06-02,1160.33642578125,17093.990234375,13158.6806640625,16289.830078125,3845.553466796875,2649.748046875,8442.4716796875,6156.74267578125,47744.76171875,808.5621948242188,2897.128662109375,23223.029296875,213.0,18192.728515625,4342.8720703125,1557.2744140625,4401.294921875
2021-06-03,1170.253662109375,16992.9453125,13180.845703125,16311.3896484375,3830.986328125,2609.54736328125,8516.599609375,6156.74267578125,47439.1328125,818.89990234375,2901.96826171875,23494.501953125,213.0,18361.18359375,4342.8720703125,1562.912353515625,4401.294921875
2021-06-04,1167.7745361328125,16883.4765625,12922.25390625,16311.3896484375,3776.36181640625,2609.54736328125,8417.7626953125,6081.66015625,47299.609375,804.8698120117188,2938.61474609375,23494.501953125,213.0,18268.533203125,4325.45458984375,1516.5572509765625,4304.6337890625
2021-06-07,1167.7745361328125,16883.4765625,12922.25390625,16311.3896484375,3776.36181640625,2609.54736328125,8417.7626953125,6081.66015625,47299.609375,804.8698120117188,2938.61474609375,23494.501953125,213.0,18268.533203125,4325.45458984375,1516.5572509765625,4304.6337890625
2021-06-08,1188.1051025390625,16992.9453125,13033.078125,16735.33984375,3823.703369140625,2582.745849609375,8500.1279296875,6126.7099609375,47758.0546875,796.7470703125,2972.4951171875,23445.140625,213.0,18921.63671875,4342.8720703125,1524.07421875,4253.0810546875
2021-06-09,1175.21240234375,16740.32421875,13195.623046875,16785.63671875,3794.56982421875,2579.92529296875,8401.2880859375,6288.13671875,47837.79296875,787.1478271484375,2973.186767578125,23856.4609375,212.8000030517578,18431.697265625,4342.8720703125,1511.5458984375,4410.9609375
2021-06-10,1182.650634765625,16622.43359375,13239.9521484375,16929.353515625,3823.703369140625,2581.3359375,8549.544921875,6288.13671875,48435.75,790.8399658203125,2975.260986328125,24325.365234375,203.0,18735.794921875,4337.06591796875,1503.4024658203125,4381.96337890625
2021-06-11,1185.625732421875,16622.43359375,13210.3984375,16742.5234375,3754.512451171875,2581.3359375,8475.41796875,6397.00537109375,46854.453125,799.7009887695312,2974.5693359375,24843.623046875,206.0,18921.63671875,4354.484375,1490.8741455078125,4381.96337890625
2021-06-14,1185.625732421875,16622.43359375,13210.3984375,16742.5234375,3754.512451171875,2581.3359375,8475.41796875,6397.00537109375,46854.453125,799.7009887695312,2974.5693359375,24843.623046875,206.0,18921.63671875,4354.484375,1490.8741455078125,4381.96337890625
2021-06-15,1209.427490234375,16251.9248046875,12944.41796875,16498.212890625,3765.4375,2601.083984375,8401.2880859375,6389.49755859375,47837.79296875,804.8698120117188,3008.4501953125,24843.623046875,205.0,18997.66015625,4302.23095703125,1469.5760498046875,4408.46533203125
2021-06-16,1194.551513671875,16614.013671875,12929.642578125,16246.7138671875,3816.41943359375,2601.083984375,8318.923828125,6194.28271484375,47831.1484375,818.89990234375,3007.759033203125,24432.3046875,203.10000610351562,18744.2421875,4296.4248046875,1500.270751953125,4402.00244140625
2021-06-17,1186.121826171875,16664.5390625,13106.962890625,16526.953125,3809.136474609375,2539.7236328125,8393.0537109375,6303.15283203125,46754.78125,810.7770385742188,2980.100830078125,24670.87109375,203.10000610351562,19090.580078125,4296.4248046875,1497.138427734375,4395.53759765625
2021-06-18,1188.6009521484375,17296.08984375,13439.4384765625,16541.326171875,3922.027099609375,2608.841552734375,8648.3857421875,6397.00537109375,46641.8359375,812.2540893554688,2935.849365234375,24679.099609375,200.0,19006.1015625,4296.4248046875,1527.8328857421875,4337.361328125
2021-06-21,1219.8406982421875,16841.37109375,13173.45703125,16095.81640625,3838.269775390625,2711.107666015625,8491.8916015625,6269.36572265625,47160.0859375,802.6548461914062,2871.545166015625,24160.8359375,201.0,18972.318359375,4296.4248046875,1492.1270751953125,4395.53759765625
2021-06-22,1230.254150390625,16647.6953125,12900.0869140625,16138.9296875,3820.0625,2678.66455078125,8491.8916015625,6419.5302734375,46508.94140625,797.4855346679688,2821.070556640625,23963.404296875,201.0,18668.21484375,4432.86474609375,1528.4593505859375,4395.53759765625
2021-06-23,1250.584716796875,16192.98046875,27041.419921875,15952.10546875,3834.62841796875,2678.66455078125,8401.2880859375,6419.5302734375,46176.74609375,809.30029296875,2850.11083984375,23691.93359375,201.0,19006.1015625,4293.521484375,1584.837158203125,4395.53759765625
2021-06-24,1363.6431884765625,16639.2734375,13077.4072265625,16196.416015625,3976.6513671875,2729.4453125,8697.806640625,6434.546875,46508.94140625,811.5157470703125,2910.957275390625,24333.58984375,201.0,18955.421875,4296.4248046875,1565.4178466796875,4363.21728515625
2021-06-25,1373.560791015625,16801.220703125,13219.626953125,16138.9296875,3983.9345703125,2750.60400390625,8895.486328125,6524.646484375,47021.26953125,829.6812744140625,2910.957275390625,24621.51171875,209.1999969482422,18921.63671875,4180.3046875,1586.0899658203125,4363.21728515625
2021-06-28,1347.7755126953125,16665.44921875,13174.91796875,16023.9580078125,4005.784423828125,2750.60400390625,8870.775390625,6532.1533203125,46694.38671875,815.5935668945312,2904.04296875,24374.720703125,208.10000610351562,18879.392578125,4189.01416015625,1592.3538818359375,4427.857421875
2021-06-29,1347.2794189453125,16122.3818359375,12921.55078125,15952.10546875,3932.95166015625,2715.339599609375,8566.01953125,6494.61328125,46654.3671875,807.4375610351562,2869.470947265625,23905.8203125,208.10000610351562,18338.775390625,4180.3046875,1628.686279296875,4427.857421875
2021-06-30,1349.7586669921875,15698.109375,12310.498046875,15916.1748046875,3896.53515625,2637.758544921875,8236.5595703125,6021.59375,46560.9765625,802.98876953125,2938.61474609375,24020.990234375,208.89999389648438,18482.388671875,4180.3046875,1610.5201416015625,4366.44970703125
2021-07-01,1397.8582763671875,15528.4013671875,12295.595703125,16253.9013671875,3976.6513671875,2728.739990234375,8318.923828125,6198.037109375,47027.93359375,811.8863525390625,2880.534423828125,24103.251953125,208.89999389648438,18414.798828125,4238.36474609375,1615.531494140625,4518.353515625
2021-07-02,1413.7261962890625,16029.041015625,12668.1865234375,16886.240234375,4005.784423828125,2728.034423828125,8648.3857421875,6231.82470703125,46941.2109375,809.6618041992188,2883.2998046875,24456.986328125,207.0,19124.365234375,4238.36474609375,1591.7276611328125,4408.46533203125
2021-07-05,1413.7261962890625,16029.041015625,12668.1865234375,16886.240234375,4005.784423828125,2728.034423828125,8648.3857421875,6231.82470703125,46941.2109375,809.6618041992188,2883.2998046875,24456.986328125,207.0,19124.365234375,4238.36474609375,1591.7276611328125,4408.46533203125
2021-07-06,1382.982177734375,15876.3017578125,12526.6015625,16526.953125,3962.085205078125,2708.991943359375,8722.5166015625,6378.234375,46027.3359375,805.2130737304688,2897.128662109375,24679.099609375,207.0,18845.60546875,4293.521484375,1570.42919921875,4363.21728515625
2021-07-07,1388.436767578125,16376.9462890625,12861.9384765625,16670.666015625,4034.917724609375,2751.30859375,8656.623046875,6378.234375,47361.4609375,811.8863525390625,2853.56787109375,24654.41796875,207.0,18752.693359375,4293.521484375,1577.3199462890625,4427.857421875
2021-07-08,1365.1309814453125,16275.123046875,12750.158203125,16792.82421875,4042.200927734375,2690.65478515625,8648.3857421875,6333.185546875,47348.125,808.9207153320312,2889.522705078125,24662.642578125,203.0,18676.6640625,4101.92431640625,1574.814208984375,4347.05810546875
2021-07-09,1369.0977783203125,16555.140625,12951.359375,16778.451171875,4093.183837890625,2750.60400390625,8582.4912109375,6344.44775390625,47334.77734375,815.5935668945312,2875.69384765625,24605.060546875,200.0,18747.10546875,4186.11083984375,1576.6934814453125,4479.57080078125
2021-07-12,1363.6431884765625,16775.759765625,12951.359375,17108.990234375,4093.183837890625,2750.60400390625,8582.4912109375,6306.9072265625,47334.77734375,826.7151489257812,2875.69384765625,25049.28515625,200.0,18747.10546875,4186.11083984375,1577.9464111328125,4350.28857421875
2021-07-13,1348.7669677734375,16665.44921875,12966.2626953125,17101.806640625,4093.183837890625,2750.60400390625,8607.203125,6269.36572265625,47688.33203125,826.7151489257812,2905.42578125,24892.984375,200.5,18518.3828125,4180.3046875,1578.572509765625,4350.28857421875
2021-07-14,1314.05615234375,16665.44921875,12891.74609375,16907.796875,4064.050048828125,2750.60400390625,8664.8583984375,6239.33349609375,47554.91015625,813.3694458007812,2904.04296875,24728.455078125,200.5,18569.208984375,4180.3046875,1575.4405517578125,4363.90625
2021-07-15,1274.3865966796875,16495.7421875,12750.158203125,16997.58203125,4078.617919921875,2750.60400390625,8664.8583984375,6231.82470703125,47554.91015625,800.7644653320312,2924.833740234375,24753.134765625,200.0,18603.095703125,4157.0810546875,1571.6820068359375,4363.90625
2021-07-16,1269.427978515625,16292.09375,12802.3193359375,17138.001953125,4067.691650390625,2750.60400390625,8648.3857421875,6329.43115234375,47534.8984375,804.4716796875,2924.129150390625,24670.87109375,196.10000610351562,18603.095703125,4122.24462890625,1568.550048828125,4461.169921875
2021-07-19,1213.8905029296875,15749.025390625,12519.150390625,16480.265625,4031.275634765625,2743.55078125,8483.654296875,6336.939453125,46687.73046875,785.9356689453125,2854.35546875,23881.138671875,196.10000610351562,18365.8984375,4093.215576171875,1534.7235107421875,4363.90625
2021-07-20,1213.8905029296875,15749.025390625,12519.150390625,16480.265625,4031.275634765625,2743.55078125,8483.654296875,6336.939453125,46687.73046875,785.9356689453125,2854.35546875,23881.138671875,196.10000610351562,18365.8984375,4093.215576171875,1534.7235107421875,4363.90625
2021-07-21,1257.03125,15706.5947265625,12444.6318359375,16517.216796875,4031.275634765625,2687.833740234375,8566.01953125,6081.66015625,46554.3203125,793.3501586914062,2872.680419921875,23872.912109375,196.10000610351562,18128.697265625,4122.24462890625,1572.30859375,4347.6962890625
2021-07-22,1264.46923828125,15613.2548828125,12459.5361328125,16835.0,4060.40771484375,2687.833740234375,8582.4912109375,6081.66015625,47014.59375,764.433837890625,2874.089599609375,24407.626953125,199.89999389648438,17713.6015625,4119.34228515625,1553.515869140625,4347.6962890625
2021-07-23,1264.965087890625,15681.1416015625,12623.4765625,16701.974609375,4147.8076171875,2749.898193359375,8582.4912109375,6119.20166015625,47007.921875,774.8137817382812,2874.794921875,24358.26953125,199.89999389648438,17620.41796875,4119.34228515625,1569.1766357421875,4347.6962890625
2021-07-26,1287.775146484375,15596.28515625,12593.6689453125,16554.173828125,4147.8076171875,2736.497802734375,8607.203125,6025.34814453125,46687.73046875,785.9356689453125,2887.480712890625,24251.32421875,196.0,17772.904296875,4084.506103515625,1559.7802734375,4409.29638671875
2021-07-27,1289.2626953125,15273.837890625,12370.115234375,16265.9501953125,4122.31591796875,2687.833740234375,8541.3095703125,6096.67578125,45541.15625,769.181884765625,2871.97509765625,24210.1953125,196.0,17671.248046875,4084.506103515625,1566.04443359375,4409.29638671875
2021-07-28,1294.7174072265625,15205.953125,12176.3662109375,16354.630859375,4027.63427734375,2743.55078125,8310.6865234375,6006.578125,45976.4765625,770.6710815429688,2854.35546875,24201.970703125,194.5,17739.013671875,4064.185302734375,1566.04443359375,4363.90625
2021-07-29,1312.0726318359375,15138.0673828125,12370.115234375,16480.265625,4042.200927734375,2713.929443359375,8220.0849609375,5946.51220703125,46793.5390625,778.1171264648438,2879.023193359375,24234.873046875,194.89999389648438,17425.57421875,4061.2822265625,1575.4405517578125,4350.93798828125
2021-07-30,1305.6263427734375,14679.85546875,12131.6552734375,16125.5341796875,4074.97607421875,2746.372314453125,8310.6865234375,6044.11962890625,45735.37890625,762.48046875,2848.717529296875,24086.80078125,194.0,17535.701171875,4029.349365234375,1584.2105712890625,4347.6962890625
2021-08-02,1288.27099609375,15078.6708984375,12146.5546875,16243.779296875,3980.292724609375,2715.339599609375,8158.3115234375,6044.11962890625,45541.15625,763.2249755859375,2896.642822265625,23716.611328125,194.0,17323.91796875,4006.12548828125,1584.837158203125,4344.4541015625
2021-08-03,1299.18017578125,15273.837890625,12206.1708984375,16184.65625,3907.46044921875,2736.497802734375,8158.3115234375,5942.7587890625,46733.26953125,764.7140502929688,2876.908935546875,23445.140625,194.0,17239.203125,3948.0654296875,1584.837158203125,4344.4541015625
2021-08-04,1271.4112548828125,15239.896484375,12221.076171875,16258.5576171875,3903.8193359375,2680.075439453125,8228.322265625,5856.4130859375,45943.0078125,763.2249755859375,2880.432861328125,23445.140625,197.0,17417.107421875,3948.0654296875,1608.0142822265625,4386.6015625
2021-08-05,1253.064208984375,15019.2705078125,12213.625,16258.5576171875,3867.4033203125,2714.63427734375,8187.13671875,5852.65869140625,46344.8359375,765.4589233398438,2875.5,23486.275390625,197.0,17408.63671875,3890.005859375,1618.66357421875,4247.1904296875
2021-08-06,1262.9814453125,15019.2705078125,12213.625,15962.951171875,3918.384765625,2680.075439453125,8145.95703125,5901.462890625,46451.984375,766.2034301757812,2875.5,23445.140625,197.0,17535.701171875,4003.22265625,1606.13525390625,4325.0
2021-08-09,1284.3040771484375,14849.5625,11997.5185546875,15741.2421875,3951.160400390625,2680.075439453125,8195.3779296875,5901.462890625,45621.53125,763.2249755859375,2861.40380859375,23436.916015625,197.0,17408.63671875,4058.37939453125,1596.7388916015625,4325.0
2021-08-10,1288.27099609375,14875.0185546875,11997.5185546875,15763.4130859375,4042.200927734375,2771.76171875,8253.03125,5882.69189453125,45668.41015625,763.2249755859375,2833.9169921875,23206.578125,197.0,17836.1875,3831.94580078125,1603.6292724609375,4376.875
2021-08-11,1308.6016845703125,14713.794921875,11990.0673828125,15889.046875,4085.8994140625,2785.868408203125,8343.6357421875,5991.560546875,45253.17578125,767.69287109375,2879.023193359375,23280.615234375,193.89999389648438,17972.150390625,3837.751953125,1614.2784423828125,4409.29638671875
2021-08-12,1300.171875,15019.2705078125,12198.720703125,16110.7529296875,4096.82421875,2785.868408203125,8524.8369140625,6047.87353515625,45675.10546875,770.6710815429688,2917.080810546875,23280.615234375,193.89999389648438,18057.123046875,3837.751953125,1597.365234375,4396.3271484375
2021-08-13,1282.320556640625,15273.837890625,12295.595703125,16184.65625,4151.44921875,2799.9736328125,8524.8369140625,6044.11962890625,46873.9140625,767.69287109375,2889.5947265625,23264.162109375,200.0,18184.580078125,4000.3193359375,1608.640869140625,4474.13818359375
2021-08-16,1282.320556640625,15273.837890625,12295.595703125,16184.65625,4151.44921875,2799.9736328125,8524.8369140625,6044.11962890625,46873.9140625,767.69287109375,2889.5947265625,23264.162109375,200.0,18184.580078125,4000.3193359375,1608.640869140625,4474.13818359375
2021-08-17,1279.3453369140625,15952.671875,12891.74609375,17027.14453125,4257.056640625,2854.280029296875,8771.935546875,6216.8076171875,47536.94921875,807.9014892578125,2958.663330078125,23856.4609375,200.0,18651.9453125,4267.39453125,1644.3466796875,4487.79638671875
2021-08-18,1273.3948974609375,16614.537109375,13405.921875,17197.12109375,4253.41455078125,2937.50390625,9068.4521484375,6419.5302734375,49083.99609375,819.0707397460938,2960.778076171875,24259.552734375,196.5,19527.1875,4354.484375,1684.4373779296875,4611.3740234375
2021-08-19,1249.5931396484375,16682.42578125,13517.7001953125,17477.953125,4238.84814453125,2933.97705078125,9126.107421875,6494.61328125,48220.05859375,830.2398071289062,2938.929931640625,24679.099609375,196.5,19433.71484375,4354.484375,1691.3277587890625,4878.041015625
2021-08-20,1257.5267333984375,16546.65625,13413.3740234375,17330.14453125,4238.84814453125,2905.76611328125,9142.580078125,6457.07080078125,48541.5234375,833.218505859375,3009.40771484375,24596.833984375,196.5,19459.203125,4470.60400390625,1691.3277587890625,4812.99951171875
2021-08-23,1311.0811767578125,16623.025390625,13562.4140625,17064.09765625,4224.2822265625,2948.0830078125,9084.9248046875,6464.5791015625,48762.51953125,840.6643676757812,3044.646728515625,23527.40625,199.0,19382.73046875,4412.54443359375,1691.3277587890625,4747.95947265625
2021-08-24,1324.4693603515625,16504.224609375,13398.4697265625,16694.583984375,4216.998046875,2933.97705078125,9060.21484375,6412.021484375,48755.83203125,835.4520874023438,3028.4365234375,23461.59375,199.60000610351562,19246.76953125,4296.4248046875,1678.7996826171875,4819.50390625
2021-08-25,1326.9488525390625,16453.31640625,13502.80078125,16990.19140625,4195.1494140625,2891.65966796875,9010.794921875,6374.4814453125,49057.21484375,841.408935546875,3079.885986328125,23650.80078125,203.8000030517578,19238.26953125,4488.02197265625,1668.7767333984375,4734.951171875
2021-08-26,1305.1304931640625,16444.828125,13122.7529296875,16923.681640625,4213.3564453125,2879.67041015625,8771.935546875,6216.8076171875,49257.546875,835.8021850585938,3023.50341796875,23757.7421875,203.5,18949.359375,4470.60400390625,1666.271240234375,4582.10546875
2021-08-27,1319.014892578125,16453.31640625,13264.337890625,16923.681640625,4253.41455078125,2954.4306640625,8969.6123046875,6213.05419921875,49069.30859375,841.7828979492188,2995.311767578125,23576.765625,203.5,18889.87890625,4447.37939453125,1688.196044921875,4637.390625
2021-08-30,1313.560302734375,16402.408203125,13361.2109375,16775.880859375,4282.5478515625,2958.662353515625,8813.1181640625,6122.95556640625,48403.7578125,836.5498046875,3030.55078125,23667.255859375,203.5,18592.466796875,4441.57373046875,1678.7996826171875,4715.4384765625
2021-08-31,1310.585205078125,16292.09375,13301.5986328125,16775.880859375,4297.11474609375,2962.188232421875,9010.794921875,6021.59375,47395.34765625,837.2973022460938,3037.598876953125,23494.501953125,202.0,18422.51953125,4441.57373046875,1688.196044921875,4569.09765625
2021-09-01,1284.3040771484375,16784.25,13540.0546875,16650.240234375,4300.7841796875,3019.684814453125,9142.580078125,6141.72607421875,48067.62109375,837.2973022460938,2995.311767578125,23765.970703125,202.0,18558.474609375,4432.86474609375,1678.7996826171875,4552.8359375
2021-09-02,1323.9737548828125,17174.58203125,13569.861328125,16849.78125,4308.16748046875,3018.96630859375,9307.3115234375,6194.28271484375,47765.11328125,852.249267578125,3057.33251953125,23741.291015625,202.10000610351562,18524.478515625,4470.60400390625,1691.3277587890625,4617.87841796875
2021-09-03,1306.6181640625,17191.546875,13584.767578125,16701.974609375,4282.326171875,3018.96630859375,9183.76171875,6254.3486328125,47133.15625,848.5108642578125,3054.512939453125,23683.70703125,202.10000610351562,18507.484375,4441.57373046875,1681.931640625,4666.6591796875
2021-09-06,1306.122314453125,17132.15234375,13614.576171875,16783.26953125,4286.0166015625,3018.96630859375,9208.4736328125,6254.3486328125,47133.15625,841.7828979492188,2993.197998046875,23724.83984375,202.10000610351562,18507.484375,4441.57373046875,1691.3277587890625,4666.6591796875
2021-09-07,1292.238037109375,17106.697265625,13472.9921875,16746.31640625,4308.16748046875,3018.96630859375,9233.181640625,6243.08740234375,47328.13671875,841.7828979492188,2995.311767578125,23609.671875,200.0,18269.560546875,4441.57373046875,1691.3277587890625,4640.642578125
2021-09-08,1285.7916259765625,16970.923828125,13472.9921875,16849.78125,4304.47509765625,2947.787109375,9126.107421875,6119.20166015625,47402.0625,837.2973022460938,2978.396728515625,23593.216796875,199.89999389648438,18346.037109375,4441.57373046875,1691.3277587890625,4552.8359375
2021-09-09,1274.3865966796875,16970.923828125,13405.921875,16886.732421875,4293.3994140625,2985.89306640625,9142.580078125,6119.20166015625,47852.5,832.8116455078125,2988.968994140625,23527.40625,199.89999389648438,18476.564453125,4441.57373046875,1722.648681640625,4504.0576171875
2021-09-10,1265.956787109375,17225.494140625,13413.3740234375,16746.31640625,4334.0078125,2983.735595703125,9142.580078125,6107.93896484375,48040.71875,833.5592041015625,2962.186767578125,23642.57421875,200.0,18527.697265625,4470.60400390625,1724.528076171875,4666.6591796875
2021-09-13,1275.3782958984375,16784.25,13249.4375,16628.072265625,4348.7744140625,2940.597900390625,9027.2705078125,6074.15087890625,48054.1796875,833.5592041015625,2962.186767578125,23461.59375,200.0,18186.796875,4470.60400390625,1751.464111328125,4552.8359375
2021-09-14,1264.46923828125,16903.048828125,13189.8173828125,16502.4375,4345.083984375,2976.546630859375,8804.8798828125,6066.64306640625,48565.10546875,833.5592041015625,2924.833740234375,23469.8203125,195.0,18450.98828125,4470.60400390625,1737.682861328125,4552.8359375
2021-09-15,1299.18017578125,17200.037109375,13428.2802734375,16783.26953125,4356.15869140625,2976.546630859375,8813.1181640625,6134.21826171875,48403.7578125,832.8116455078125,2940.3388671875,23445.140625,195.0,18365.76953125,4441.57373046875,1753.9696044921875,4670.916015625
2021-09-16,1296.70068359375,17301.859375,13562.4140625,16775.880859375,4352.466796875,3014.652099609375,8854.298828125,6205.5458984375,49963.4296875,833.5592041015625,2942.452880859375,23584.990234375,199.89999389648438,18365.76953125,4441.57373046875,1735.17724609375,4742.67529296875
2021-09-17,1272.403076171875,17344.294921875,13569.861328125,16990.19140625,4374.6171875,3011.776123046875,8895.486328125,6186.775390625,49277.70703125,844.7730102539062,3002.359619140625,23856.4609375,199.89999389648438,18331.67578125,4601.23779296875,1703.8565673828125,4742.67529296875
2021-09-20,1249.5931396484375,17004.87109375,13338.857421875,16738.927734375,4337.70068359375,2947.787109375,8813.1181640625,6081.66015625,48995.3515625,824.5882568359375,2924.833740234375,23749.517578125,199.89999389648438,18050.443359375,4601.23779296875,1703.8565673828125,4729.62890625
2021-09-21,1254.055908203125,17217.0078125,13279.240234375,16554.173828125,4263.8671875,2947.787109375,8804.8798828125,6081.66015625,48995.3515625,814.1221313476562,2928.357666015625,23733.06640625,194.0,18280.548828125,4557.693359375,1718.89013671875,4729.62890625
2021-09-22,1274.3865966796875,17429.146484375,13480.4423828125,16539.384765625,4282.326171875,2965.76171875,8870.775390625,6134.21826171875,49277.70703125,819.3554077148438,2945.977294921875,23675.48046875,199.60000610351562,18365.76953125,4557.693359375,1735.17724609375,4729.62890625
2021-09-23,1284.3040771484375,17072.75390625,13338.857421875,16406.3671875,4274.94140625,2926.937255859375,8813.1181640625,6137.9716796875,49277.70703125,823.0930786132812,3023.50341796875,23560.310546875,198.8000030517578,18280.548828125,4540.275390625,1726.4072265625,4762.24658203125
2021-09-24,1264.46923828125,17055.783203125,13189.8173828125,16421.14453125,4274.94140625,2929.81298828125,8714.27734375,6130.46240234375,49277.70703125,824.5882568359375,2953.024658203125,23445.140625,197.89999389648438,18297.583984375,4583.8203125,1728.9130859375,4762.24658203125
2021-09-27,1324.4693603515625,17569.490234375,13678.994140625,16701.974609375,4326.625,2926.21826171875,8953.1396484375,6179.267578125,49465.3125,840.727294921875,3001.655029296875,23486.275390625,197.8000030517578,18357.2421875,4586.7236328125,1753.9696044921875,4657.86865234375
2021-09-28,1338.353759765625,17911.4765625,13731.6044921875,16849.78125,4352.466796875,2947.787109375,9142.580078125,6231.82470703125,49519.30078125,833.2210083007812,2988.263916015625,23527.40625,197.8000030517578,18391.333984375,4563.49951171875,1760.2340087890625,4667.65380859375
2021-09-29,1341.8248291015625,18364.603515625,13806.763671875,16990.19140625,4385.6923828125,2942.03515625,9142.580078125,6239.33349609375,49262.8671875,838.4754638671875,2978.396728515625,23683.70703125,197.8000030517578,18442.46875,4697.037109375,1766.4981689453125,4762.24658203125
2021-09-30,1355.7093505859375,18296.20703125,13844.34375,16775.880859375,4352.466796875,2926.21826171875,9192.0,6231.82470703125,48736.49609375,839.9769287109375,2980.511474609375,23691.93359375,200.0,18459.51953125,4644.783203125,1763.9925537109375,4762.24658203125
2021-10-01,1373.064697265625,18552.693359375,13942.0498046875,16842.388671875,4378.30859375,2962.1669921875,9340.2568359375,6273.11962890625,49242.62890625,843.7300415039062,2981.92138671875,23856.4609375,200.0,18425.421875,4702.84326171875,1774.014892578125,4762.24658203125
2021-10-04,1400.83349609375,18638.19140625,14017.2099609375,16997.58203125,4422.60888671875,2962.1669921875,9463.806640625,6351.95556640625,49060.42578125,845.23095703125,3000.2451171875,23856.4609375,195.0,18510.6484375,4708.64892578125,1789.0491943359375,4824.2216796875
2021-10-05,1393.3953857421875,19082.77734375,14205.109375,16783.26953125,4463.216796875,2983.735595703125,9389.6787109375,6344.44775390625,48655.5078125,848.23388671875,3027.027099609375,24119.703125,195.0,18502.12890625,4749.291015625,1791.5545654296875,4631.7734375
2021-10-06,1393.3953857421875,18963.08203125,14129.9482421875,16901.513671875,4503.82421875,2983.735595703125,9389.6787109375,6344.44775390625,49593.52734375,845.9817504882812,3009.40771484375,24020.990234375,198.89999389648438,18578.826171875,4755.0966796875,1805.3359375,4762.24658203125
2021-10-07,1418.1890869140625,18869.029296875,14295.30078125,16716.755859375,4614.5751953125,3066.417724609375,9472.04296875,6378.234375,50140.15234375,854.2391967773438,3048.17041015625,24111.478515625,198.89999389648438,18655.53125,4871.21630859375,1791.5545654296875,4860.1005859375
2021-10-08,1441.99072265625,18826.283203125,14242.6865234375,16738.927734375,4669.94921875,3156.289306640625,9603.826171875,6562.18603515625,49802.73828125,855.7401733398438,3057.33251953125,24185.515625,198.89999389648438,18817.44921875,4845.08935546875,1807.21533203125,4892.7197265625
2021-10-11,1459.842041015625,18783.533203125,14212.623046875,16864.55859375,4710.55810546875,3152.694091796875,9801.50390625,6610.9892578125,49735.24609375,852.737548828125,3108.076416015625,24341.81640625,198.0,18862.890625,4874.119140625,1810.3470458984375,4892.7197265625
2021-10-12,1440.0072021484375,18381.703125,13949.568359375,16628.072265625,4614.5751953125,3144.06689453125,9677.95703125,6483.3505859375,49485.5546875,848.23388671875,3086.933349609375,24193.740234375,197.89999389648438,18640.66796875,4847.9921875,1815.98486328125,4892.7197265625
2021-10-13,1442.4866943359375,18450.1015625,13942.0498046875,16576.341796875,4703.17333984375,3120.34130859375,9710.90234375,6457.07080078125,49485.5546875,849.7350463867188,3079.885986328125,24267.779296875,194.0,18734.681640625,4868.3134765625,1814.10595703125,4820.95849609375
2021-10-14,1446.94921875,18911.78125,14129.9482421875,16842.388671875,4669.94921875,3192.238037109375,9941.525390625,6457.07080078125,49262.8671875,854.2391967773438,3144.131591796875,24341.81640625,200.0,19050.921875,5045.39599609375,1833.5247802734375,4844.85205078125
2021-10-15,1467.77587890625,19364.91015625,14317.8486328125,16812.828125,4725.32470703125,3210.212646484375,9958.0,6599.72705078125,49930.9453125,867.0001220703125,3086.704833984375,24350.041015625,199.8000030517578,19059.4609375,4993.14208984375,1829.7659912109375,4848.16943359375
2021-10-18,1467.77587890625,19364.91015625,14317.8486328125,16812.828125,4725.32470703125,3210.212646484375,9958.0,6599.72705078125,49930.9453125,867.0001220703125,3086.704833984375,24350.041015625,199.8000030517578,19059.4609375,4993.14208984375,1829.7659912109375,4848.16943359375
2021-10-19,1464.3050537109375,19022.92578125,14295.30078125,16628.072265625,4651.4912109375,3192.957275390625,9941.525390625,6584.71044921875,50119.8984375,855.7401733398438,3086.704833984375,24317.13671875,195.1999969482422,19042.37109375,5051.2021484375,1834.7774658203125,4844.85205078125
2021-10-20,1456.3709716796875,19236.662109375,14197.58984375,16768.486328125,4614.5751953125,3123.216552734375,9785.0302734375,6517.13720703125,49795.984375,859.493408203125,3108.23974609375,24317.13671875,198.0,18785.96484375,5051.2021484375,1827.2607421875,4768.5283203125
2021-10-21,1442.9825439453125,19211.021484375,14295.30078125,16642.8515625,4562.89208984375,3163.478759765625,9760.3193359375,6517.13720703125,49795.984375,855.7401733398438,3107.5224609375,24259.552734375,199.6999969482422,18931.2578125,5022.171875,1819.74365234375,4778.48291015625
2021-10-22,1433.06494140625,19048.572265625,14129.9482421875,16628.072265625,4577.6572265625,3163.478759765625,9719.1416015625,6479.595703125,49593.52734375,855.7401733398438,3095.318603515625,24210.1953125,198.89999389648438,18717.58984375,4906.05224609375,1817.2379150390625,4778.48291015625
2021-10-25,1433.06494140625,19151.169921875,14129.9482421875,16775.880859375,4614.5751953125,3127.53076171875,9817.9765625,6517.13720703125,49735.24609375,854.98974609375,3068.041259765625,24119.703125,197.89999389648438,18760.32421875,5016.36572265625,1826.8043212890625,4778.48291015625
2021-10-26,1452.89990234375,19022.92578125,14160.015625,16849.78125,4636.72509765625,3162.76025390625,9933.2900390625,6588.46533203125,50133.55859375,870.4386596679688,3079.5263671875,24514.5703125,197.89999389648438,18888.525390625,5042.49267578125,1814.3551025390625,4778.48291015625
2021-10-27,1421.66015625,19125.521484375,14069.8232421875,16812.828125,4629.34033203125,3149.099853515625,9677.95703125,6569.69482421875,50133.55859375,863.656494140625,3085.987060546875,24391.17578125,201.8000030517578,18794.509765625,5022.171875,1795.3529052734375,4778.48291015625
2021-10-28,1433.06494140625,18937.4296875,14212.623046875,16798.048828125,4666.2578125,3163.478759765625,9710.90234375,6532.1533203125,51474.7890625,869.685546875,3078.80859375,24407.626953125,201.8000030517578,18973.998046875,5115.06787109375,1814.3551025390625,4891.3095703125
2021-10-29,1411.7425537109375,18766.435546875,14197.58984375,16709.361328125,4688.40771484375,3161.322509765625,9719.1416015625,6457.07080078125,51413.8125,866.6709594726562,3075.21923828125,24407.626953125,201.0,18811.607421875,5103.45556640625,1782.2484130859375,4891.3095703125
2021-11-01,1411.7425537109375,18766.435546875,14197.58984375,16709.361328125,4688.40771484375,3161.322509765625,9719.1416015625,6457.07080078125,51413.8125,866.6709594726562,3075.21923828125,24407.626953125,201.0,18811.607421875,5103.45556640625,1782.2484130859375,4891.3095703125
2021-11-02,1415.2138671875,18629.638671875,13987.146484375,16798.048828125,4658.87353515625,3105.961669921875,9529.6982421875,6381.9892578125,50804.16796875,859.134521484375,3036.4560546875,24267.779296875,201.0,18803.060546875,4935.08251953125,1757.34912109375,4745.29931640625
2021-11-03,1433.06494140625,19279.4140625,14205.109375,16871.94921875,4695.79052734375,3138.315185546875,9554.408203125,6385.74267578125,50330.00390625,862.1492309570312,3072.34814453125,24670.87109375,201.0,19016.728515625,5051.2021484375,1795.3529052734375,4871.3984375
2021-11-04,1423.6435546875,18988.73046875,14205.109375,16849.78125,4736.39892578125,3154.851806640625,9694.4296875,6434.546875,49794.87109375,857.6272583007812,3072.34814453125,24432.3046875,201.0,18956.900390625,4993.14208984375,1740.9681396484375,4897.9453125
2021-11-05,1426.618896484375,19065.671875,14137.4619140625,16798.048828125,4725.32470703125,3152.694091796875,9719.1416015625,6434.546875,49449.39453125,857.6272583007812,3061.58056640625,24382.94921875,201.0,18888.525390625,4943.791015625,1736.3812255859375,4844.85205078125
2021-11-08,1449.4285888671875,18698.0390625,14107.40234375,16701.974609375,4706.8662109375,3141.91015625,9785.0302734375,6494.61328125,49503.5859375,862.90283203125,3086.704833984375,24350.041015625,201.0,18956.900390625,5062.81396484375,1766.5223388671875,4907.90087890625
2021-11-09,1456.3709716796875,18296.20703125,13904.4716796875,16701.974609375,4636.72509765625,3113.151611328125,9719.1416015625,6457.07080078125,50438.375,850.0911865234375,3086.704833984375,24267.779296875,201.0,18771.037109375,5080.23095703125,1761.9359130859375,4904.58203125
2021-11-10,1428.106201171875,18125.2109375,13754.15234375,16613.29296875,4555.50830078125,3034.064208984375,9537.935546875,6273.11962890625,50397.734375,841.0475463867188,3054.402099609375,24169.0625,201.0,18633.900390625,4935.08251953125,1744.899658203125,4897.9453125
2021-11-11,1420.1724853515625,18467.1953125,13987.146484375,16665.0234375,4618.26611328125,3091.58203125,9719.1416015625,6517.13720703125,49449.39453125,843.3084716796875,3047.223388671875,24103.251953125,199.0,18633.900390625,5033.78369140625,1748.176025390625,4798.3935546875
2021-11-12,1408.2716064453125,18424.44921875,13859.3740234375,16413.75390625,4603.5,3019.684814453125,9554.408203125,6487.103515625,49503.5859375,834.2646484375,3050.81298828125,23774.1953125,197.89999389648438,18633.900390625,5022.171875,1743.589111328125,4788.4384765625
2021-11-15,1408.2716064453125,18424.44921875,13859.3740234375,16413.75390625,4603.5,3019.684814453125,9554.408203125,6487.103515625,49503.5859375,834.2646484375,3050.81298828125,23774.1953125,197.89999389648438,18633.900390625,5022.171875,1743.589111328125,4788.4384765625
2021-11-16,1368.6019287109375,18424.44921875,13904.4716796875,16295.5107421875,4562.89208984375,2969.356689453125,9554.408203125,6359.46484375,49788.08203125,810.1488647460938,3043.634033203125,23724.83984375,197.89999389648438,18633.900390625,4998.9482421875,1692.480224609375,4858.99462890625
2021-11-17,1373.560791015625,17911.4765625,13784.21484375,16628.072265625,4503.82421875,3019.684814453125,9373.2021484375,6235.57958984375,49110.6953125,836.5256958007812,3035.020751953125,24020.990234375,197.89999389648438,18633.900390625,4987.3359375,1690.5150146484375,4892.275390625
2021-11-18,1368.10595703125,18262.009765625,13829.3115234375,16628.072265625,4633.033203125,3026.155517578125,9472.04296875,6336.939453125,49313.91015625,815.4241333007812,3057.273681640625,23774.1953125,197.89999389648438,18633.900390625,4987.3359375,1775.695556640625,4925.55615234375
2021-11-19,1311.5770263671875,18330.408203125,13754.15234375,16184.65625,4503.82421875,2962.1669921875,9076.6875,6265.611328125,48778.77734375,792.061767578125,2957.49365234375,23445.140625,197.89999389648438,18633.900390625,4908.95556640625,1651.200439453125,4792.43310546875
2021-11-22,1299.18017578125,18433.0,13829.3115234375,15918.609375,4500.13330078125,2962.1669921875,9216.708984375,6231.82470703125,48772.0,776.9891967773438,2943.13720703125,23774.1953125,197.89999389648438,22953.80859375,5080.23095703125,1638.7508544921875,4795.7607421875
2021-11-23,1319.014892578125,18467.1953125,13791.734375,15889.046875,4540.7412109375,3011.776123046875,9224.947265625,6265.611328125,48162.33984375,776.2356567382812,2942.4189453125,23445.140625,194.10000610351562,23142.375,4969.91748046875,1635.474853515625,4795.7607421875
2021-11-24,1330.9158935546875,18894.68359375,13979.6298828125,15741.2421875,4518.59228515625,3040.53466796875,9636.771484375,6389.49755859375,48094.6015625,783.771728515625,2950.31591796875,23445.140625,196.0,23948.076171875,4935.08251953125,1674.134033203125,4922.2275390625
2021-11-25,1323.9737548828125,19322.1640625,14317.8486328125,15741.2421875,4533.35791015625,3033.344970703125,9966.236328125,6475.841796875,48956.91015625,791.7193603515625,3029.277587890625,23280.615234375,192.10000610351562,24205.212890625,4935.08251953125,1696.411865234375,4922.2275390625
2021-11-26,1257.5267333984375,20262.62109375,14580.90625,14854.4130859375,4444.75732421875,3019.684814453125,9801.50390625,6472.08642578125,48290.4765625,790.2056274414062,2979.02880859375,23280.615234375,192.5,24213.78515625,4877.0224609375,1716.724609375,4908.91552734375
2021-11-29,1286.7833251953125,20861.095703125,14986.765625,15519.5341796875,4437.37548828125,3019.684814453125,10213.3310546875,6633.51513671875,48290.4765625,798.531494140625,2975.440185546875,23519.1796875,195.0,25199.48046875,4993.14208984375,1769.1431884765625,4918.8984375
2021-11-30,1289.2626953125,21502.318359375,14971.734375,16480.265625,4437.37548828125,3041.25439453125,10378.0634765625,6618.49853515625,47943.63671875,794.7470092773438,2907.963623046875,23675.48046875,194.8000030517578,24899.478515625,4859.60400390625,1725.8978271484375,4858.99462890625
2021-12-01,1289.2626953125,21502.318359375,18038.23046875,16391.5859375,4644.107421875,3019.684814453125,12437.203125,7350.55029296875,47603.6171875,794.7470092773438,3108.23974609375,23486.275390625,192.0,24599.490234375,4906.05224609375,1737.6920166015625,5052.0224609375
2021-12-02,1318.5191650390625,21502.318359375,17872.880859375,16369.4140625,4551.81640625,3026.155517578125,12947.869140625,7718.45458984375,48270.078125,813.6695556640625,3131.2109375,23527.40625,192.0,24496.6328125,4935.08251953125,1769.1431884765625,5052.0224609375
2021-12-03,1319.5108642578125,21502.318359375,17527.1484375,16258.5576171875,4703.17333984375,2995.958251953125,12700.7744140625,7710.94482421875,48297.26953125,815.1832885742188,3132.646728515625,23741.291015625,190.10000610351562,24428.060546875,5097.6494140625,1749.4864501953125,4925.55615234375
2021-12-06,1332.8992919921875,21502.318359375,17482.052734375,16480.265625,4703.17333984375,3154.851806640625,12519.5693359375,7508.22314453125,47943.63671875,830.321533203125,3097.47216796875,23683.70703125,191.0,24693.771484375,5103.45556640625,1746.865478515625,4958.8359375
2021-12-07,1348.7669677734375,21502.318359375,17624.859375,16854.427734375,4684.7158203125,3163.478759765625,11531.18359375,7650.8779296875,47617.20703125,814.4263305664062,3068.7587890625,23568.537109375,192.0,24470.919921875,5225.38134765625,1729.8292236328125,4905.5869140625
2021-12-08,1348.7669677734375,21502.318359375,17624.859375,16854.427734375,4684.7158203125,3163.478759765625,11531.18359375,7650.8779296875,47617.20703125,814.4263305664062,3068.7587890625,23568.537109375,192.0,24470.919921875,5225.38134765625,1729.8292236328125,4905.5869140625
2021-12-09,1343.8084716796875,21502.318359375,17805.2421875,16610.822265625,4725.32470703125,3162.76025390625,11531.18359375,7538.2548828125,47147.96875,803.0728149414062,3086.704833984375,23445.140625,191.0,24095.65234375,5225.38134765625,1717.3795166015625,5032.05419921875
2021-12-10,1342.32080078125,21502.318359375,17654.919921875,16458.5703125,4721.6328125,3080.797607421875,11448.81640625,7373.07275390625,47141.1875,802.3162231445312,3068.7587890625,23445.140625,186.10000610351562,23648.958984375,5225.38134765625,1721.7174072265625,4868.9794921875
2021-12-13,1304.6346435546875,21502.318359375,17489.5703125,15605.9541015625,4577.6572265625,3009.619384765625,10946.384765625,7095.26953125,47692.03125,792.4762573242188,3078.80859375,22869.294921875,186.5,23502.9296875,5167.3212890625,1730.392578125,4825.71337890625
2021-12-14,1295.708984375,21502.318359375,17459.505859375,15689.693359375,4544.4326171875,3052.03857421875,10995.8056640625,7020.1884765625,47263.58984375,797.7745361328125,3050.81298828125,23116.087890625,186.5,24396.31640625,5167.3212890625,1708.37060546875,4825.71337890625
2021-12-15,1289.2626953125,21502.318359375,17737.595703125,16184.5166015625,4633.033203125,3019.684814453125,11415.87109375,7057.73046875,47603.6171875,794.7470092773438,3051.530517578125,23313.521484375,185.0,24310.4140625,5167.3212890625,1713.7093505859375,4946.5390625
2021-12-16,1310.585205078125,21502.318359375,18188.55078125,16557.537109375,4688.40771484375,3098.771484375,11753.568359375,7414.369140625,48956.91015625,817.4540405273438,3106.80419921875,23568.537109375,190.0,24473.62890625,5225.38134765625,1731.7271728515625,4933.18798828125
2021-12-17,1311.5770263671875,24699.87890625,17286.640625,16519.47265625,4618.26611328125,3035.50244140625,11160.5361328125,7012.6796875,48943.3125,787.1778564453125,2986.207275390625,23445.140625,190.0,24387.724609375,5167.3212890625,1644.3065185546875,4739.5986328125
2021-12-20,1279.8411865234375,24469.037109375,16986.0,16138.8359375,4577.6572265625,2976.546630859375,11012.2802734375,6768.662109375,48616.89453125,785.6641845703125,3048.65966796875,23741.291015625,190.0,24310.4140625,5080.23095703125,1664.994140625,4639.4658203125
2021-12-21,1287.775146484375,24554.533203125,16610.20703125,16382.44140625,4625.64892578125,2983.735595703125,11218.19140625,7016.43408203125,47610.42578125,797.7745361328125,2986.207275390625,23831.78125,190.0,24130.01953125,5219.5751953125,1681.6773681640625,4672.84326171875
2021-12-22,1314.5521240234375,24751.18359375,16309.5693359375,16747.853515625,4651.4912109375,2983.735595703125,11144.064453125,6915.07275390625,48623.69921875,797.7745361328125,3007.74267578125,23840.0078125,190.0,24387.724609375,5225.38134765625,1688.3505859375,4606.08935546875
2021-12-23,1314.05615234375,24922.169921875,16535.048828125,16823.978515625,4714.24951171875,3015.37060546875,11045.224609375,6907.564453125,48895.69921875,797.7745361328125,3050.094970703125,23733.06640625,190.0,24396.31640625,5631.7998046875,1668.330810546875,4672.84326171875
2021-12-24,1312.568603515625,25144.462890625,16760.525390625,16892.4921875,4662.56591796875,3018.96630859375,11234.6650390625,6907.564453125,48895.69921875,807.6142578125,3050.094970703125,23568.537109375,190.0,24396.31640625,5573.740234375,1675.67138671875,4672.84326171875
2021-12-27,1337.8580322265625,25385.814453125,16535.048828125,16983.841796875,4621.9580078125,2998.11572265625,11201.7197265625,6945.10498046875,48283.671875,800.0452270507812,3043.634033203125,23527.40625,190.0,24327.59375,5733.404296875,1731.7271728515625,4769.638671875
2021-12-28,1336.370361328125,25712.375,16770.29296875,17052.359375,4540.7412109375,3005.305419921875,11119.3525390625,6945.10498046875,48452.98046875,809.5469360351562,3014.9208984375,23469.8203125,190.0,24482.220703125,5747.91943359375,1712.3748779296875,4699.54638671875
2021-12-29,1338.849853515625,25712.375,16785.427734375,17128.484375,4548.12451171875,2983.735595703125,11119.3525390625,6945.10498046875,48016.046875,804.986083984375,3055.837646484375,23371.10546875,190.0,24224.51171875,5864.0390625,1731.7271728515625,4739.5986328125
2021-12-30,1333.8912353515625,25781.12890625,16838.400390625,17052.359375,4511.20849609375,2990.925537109375,11160.5361328125,6982.64794921875,47927.28125,804.986083984375,3003.435302734375,23527.40625,190.0,24602.48046875,6003.3828125,1668.330810546875,4739.5986328125
2021-12-31,1333.8912353515625,25781.12890625,16838.400390625,17052.359375,4511.20849609375,2990.925537109375,11160.5361328125,6982.64794921875,47927.28125,804.986083984375,3003.435302734375,23527.40625,190.0,24602.48046875,6003.3828125,1668.330810546875,4739.5986328125
2022-01-03,1348.7669677734375,25695.185546875,16876.2421875,17120.873046875,4559.1982421875,2991.644775390625,11119.3525390625,6982.64794921875,47927.28125,804.986083984375,3027.842041015625,23716.611328125,194.8000030517578,24379.1328125,5985.96484375,1689.6851806640625,4739.5986328125
2022-01-04,1358.6844482421875,25953.0,16838.400390625,17204.61328125,4607.19189453125,3008.900146484375,11119.3525390625,7005.1708984375,48132.09765625,808.0267944335938,3055.837646484375,23856.4609375,195.89999389648438,24353.365234375,5997.57666015625,1701.697265625,4766.3017578125
2022-01-05,1319.014892578125,24870.193359375,16497.8515625,17318.80078125,4603.5,3008.900146484375,10995.8056640625,7140.32177734375,48132.09765625,805.7462768554688,3065.16943359375,23840.0078125,195.89999389648438,24310.4140625,5997.57666015625,1682.3448486328125,4732.92333984375
2022-01-06,1296.70068359375,24655.349609375,15816.748046875,17219.8359375,4466.90869140625,2911.839111328125,10608.6865234375,7177.86083984375,48002.38671875,787.5028686523438,2993.386474609375,23198.353515625,190.0,24482.220703125,6038.21875,1624.9541015625,4672.84326171875
2022-01-07,1314.5521240234375,25024.880859375,16043.7822265625,16519.47265625,4577.6572265625,2922.623291015625,11242.9013671875,7275.46728515625,49429.28515625,793.5840454101562,2979.02880859375,23749.517578125,190.0,25787.939453125,6038.21875,1654.98388671875,4672.84326171875
2022-01-10,1314.5521240234375,25024.880859375,16043.7822265625,16519.47265625,4577.6572265625,2922.623291015625,11242.9013671875,7275.46728515625,49429.28515625,793.5840454101562,2979.02880859375,23749.517578125,190.0,25787.939453125,6038.21875,1654.98388671875,4672.84326171875
2022-01-11,1369.0977783203125,26142.0625,16240.5458984375,17052.359375,4658.87353515625,2940.597900390625,11407.6337890625,7500.71337890625,50521.640625,793.5840454101562,2979.02880859375,23527.40625,190.0,25911.169921875,6038.21875,1673.6693115234375,4672.84326171875
2022-01-12,1383.4779052734375,26640.498046875,17254.634765625,17356.865234375,4658.87353515625,3115.308349609375,11860.64453125,8093.86328125,48746.5625,804.986083984375,3029.277587890625,23922.2734375,188.0,25825.083984375,5887.26318359375,1721.7174072265625,4672.84326171875
2022-01-13,1387.445068359375,25970.1875,18064.390625,17585.244140625,4644.107421875,3128.24951171875,12313.6552734375,8529.3427734375,48753.37109375,823.2293090820312,3065.16943359375,23716.611328125,188.0,24981.466796875,5864.0390625,1686.3486328125,4736.26220703125
2022-01-14,1388.9327392578125,23417.853515625,17178.953125,17402.541015625,4555.50830078125,3271.324462890625,11712.38671875,8259.044921875,48323.26953125,801.9454956054688,3017.576416015625,23552.0859375,188.0,23242.576171875,5864.0390625,1651.6473388671875,4886.4599609375
2022-01-17,1388.9327392578125,23417.853515625,17178.953125,17402.541015625,4555.50830078125,3271.324462890625,11712.38671875,8259.044921875,48323.26953125,801.9454956054688,3017.576416015625,23552.0859375,188.0,23242.576171875,5864.0390625,1651.6473388671875,4900.51953125
2022-01-18,1388.9327392578125,23417.853515625,17178.953125,17402.541015625,4555.50830078125,3271.324462890625,11712.38671875,8259.044921875,48323.26953125,801.9454956054688,3017.576416015625,23552.0859375,188.0,23242.576171875,5864.0390625,1651.6473388671875,4900.51953125
2022-01-19,1388.9327392578125,23417.853515625,17178.953125,17402.541015625,4555.50830078125,3271.324462890625,11712.38671875,8259.044921875,48323.26953125,801.9454956054688,3017.576416015625,23552.0859375,188.0,23242.576171875,5864.0390625,1651.6473388671875,4900.51953125
2022-01-20,1440.9991455078125,23417.853515625,20433.123046875,18955.5234375,4858.22412109375,3469.042724609375,13466.771484375,9385.2783203125,51545.73046875,858.9559936523438,3411.394775390625,24481.666015625,190.0,23242.576171875,6386.5771484375,1739.7353515625,5154.91748046875
2022-01-21,1413.7261962890625,23417.853515625,20281.7578125,18392.185546875,4751.1669921875,3415.119873046875,13054.9462890625,9160.0302734375,51887.08984375,844.5132446289062,3271.161376953125,25082.189453125,192.0,23242.576171875,6456.2490234375,1728.390625,5181.6962890625
2022-01-24,1400.3375244140625,23417.853515625,20433.123046875,18422.63671875,4758.54931640625,3359.039794921875,13005.525390625,8972.3251953125,51955.3671875,839.952392578125,3247.183837890625,24637.966796875,187.0,23242.576171875,6328.51708984375,1738.4007568359375,5054.49658203125
2022-01-25,1435.54443359375,23417.853515625,20508.798828125,18118.130859375,4758.54931640625,3379.17138671875,12865.50390625,8972.3251953125,52419.61328125,836.15185546875,3225.385498046875,24827.171875,187.0,23242.576171875,6386.5771484375,1761.0899658203125,5021.0234375
2022-01-26,1433.56103515625,23417.853515625,20894.75390625,18125.744140625,4677.33349609375,3366.229248046875,12840.794921875,8972.3251953125,51410.99609375,851.0355224609375,3172.34375,24679.099609375,187.0,23242.576171875,6444.63623046875,1768.4305419921875,5087.97119140625
2022-01-27,1440.503173828125,23417.853515625,21099.087890625,17996.328125,4669.94921875,3321.6533203125,12881.98046875,8867.2109375,51733.03515625,849.5087280273438,3140.37255859375,24514.5703125,189.89999389648438,23242.576171875,6502.697265625,1768.4305419921875,5021.0234375
2022-01-28,1431.0816650390625,23417.853515625,21273.146484375,17965.876953125,4695.79052734375,3307.274169921875,13096.1279296875,8889.7333984375,51733.03515625,847.2191162109375,3167.98388671875,24432.3046875,190.0,23242.576171875,6485.27880859375,1768.4305419921875,4954.0771484375
2022-01-31,1440.503173828125,23417.853515625,21749.91796875,17965.876953125,4784.390625,3308.7119140625,13293.8046875,8859.701171875,52623.8125,860.1946411132812,3187.601806640625,24489.890625,189.89999389648438,23242.576171875,6491.08544921875,1748.4105224609375,4927.29736328125
2022-02-01,1429.09814453125,31298.27734375,20735.833984375,17448.216796875,4629.34033203125,3272.04443359375,12774.9033203125,8634.455078125,53171.9765625,842.6395263671875,3128.020751953125,24201.970703125,187.0,35018.8125,6450.44287109375,1728.390625,4897.171875
2022-02-02,1432.5693359375,31272.505859375,20115.26953125,17059.96875,4725.32470703125,3235.37646484375,12601.9345703125,8281.5703125,51410.99609375,835.7699584960938,3089.510986328125,23946.951171875,186.0,34777.7890625,6438.83154296875,1706.3685302734375,4903.8662109375
2022-02-03,1407.2796630859375,30387.36328125,19449.30078125,16801.140625,4681.02587890625,3185.767578125,12321.892578125,8071.33935546875,51870.07421875,839.5865478515625,3117.12158203125,24267.779296875,186.0,35070.47265625,6415.60693359375,1688.3505859375,4954.0771484375
2022-02-04,1438.51953125,31599.064453125,19146.58984375,17166.548828125,4651.4912109375,3120.34130859375,11885.35546875,7913.666015625,52747.140625,837.2968139648438,3095.32373046875,24119.703125,183.10000610351562,35173.765625,6421.41259765625,1721.7174072265625,4887.13037109375
2022-02-07,1454.88330078125,31968.59375,19524.98046875,17318.80078125,4662.56591796875,3095.896240234375,11720.6240234375,8078.845703125,52096.19140625,833.48046875,3138.919921875,24185.515625,183.10000610351562,35027.4140625,6496.89013671875,1721.7174072265625,4954.0771484375
2022-02-08,1445.4617919921875,31951.412109375,19267.673828125,17250.287109375,4699.4833984375,3066.417724609375,11720.6240234375,8183.9638671875,52404.53515625,835.7699584960938,3134.560546875,24185.515625,188.0,35113.50390625,6403.9951171875,1722.3846435546875,4954.0771484375
2022-02-09,1437.52783203125,31624.84375,18768.201171875,16862.04296875,4618.26611328125,3055.633544921875,11457.0556640625,7981.240234375,52253.796875,828.9008178710938,3107.67578125,24062.119140625,187.39999389648438,35133.46875,6409.7998046875,1701.697265625,4823.529296875
2022-02-10,1413.230224609375,31530.31640625,17943.30078125,16291.091796875,4551.81640625,3048.443603515625,10979.33203125,7635.86376953125,52075.64453125,824.3214111328125,3088.057861328125,23733.06640625,187.39999389648438,35012.76171875,6212.3974609375,1673.001953125,4746.5400390625
2022-02-11,1473.7264404296875,31470.1640625,17799.515625,17280.740234375,4577.6572265625,3023.279541015625,11275.849609375,7508.22314453125,52075.64453125,822.794921875,3104.04296875,23856.4609375,187.39999389648438,35012.76171875,6287.87548828125,1685.68115234375,4820.18359375
2022-02-14,1460.8338623046875,30851.412109375,17254.634765625,16823.978515625,4544.4326171875,3019.684814453125,10995.8056640625,7358.05908203125,51410.99609375,809.0560913085938,3066.259765625,23634.349609375,188.0,35090.36328125,6305.29296875,1661.6573486328125,4820.18359375
2022-02-15,1446.94921875,31092.033203125,17254.634765625,17356.865234375,4474.29052734375,3019.684814453125,10913.44140625,7361.81298828125,51369.8828125,817.451904296875,3056.086669921875,23379.33203125,180.60000610351562,34935.171875,6334.32373046875,1660.32275390625,4834.2822265625
2022-02-16,1496.04052734375,31367.0390625,17103.2734375,17539.56640625,4607.19189453125,3085.829833984375,10888.732421875,7358.05908203125,51047.82421875,834.24365234375,3051.7275390625,23124.314453125,184.5,35021.37890625,6340.12939453125,1658.320556640625,4733.5693359375
2022-02-17,1495.048828125,31341.26171875,17178.953125,17722.267578125,4692.09912109375,3081.51611328125,11160.5361328125,7470.68212890625,51938.62109375,827.3743896484375,3077.885498046875,23420.462890625,184.0,34978.27734375,6334.32373046875,1650.9801025390625,4770.4970703125
2022-02-18,1486.1231689453125,30765.48046875,16951.919921875,17661.37109375,4710.55810546875,3048.443603515625,11102.8798828125,7290.48291015625,51774.15625,827.3743896484375,3059.720458984375,23165.4453125,182.0,34943.7890625,6618.81689453125,1660.32275390625,4767.140625
2022-02-21,1492.07373046875,30765.48046875,17254.634765625,17851.685546875,4688.40771484375,3055.633544921875,10814.6015625,7290.48291015625,51369.8828125,825.08447265625,3043.73486328125,23223.029296875,182.0,35012.76171875,6717.51708984375,1656.3189697265625,4767.140625
2022-02-22,1500.0074462890625,30765.48046875,17360.5859375,17760.337890625,4599.80712890625,3055.633544921875,11036.98828125,7313.00732421875,50067.98828125,818.9783325195312,3037.195068359375,23231.2578125,182.0,35176.58203125,6792.99560546875,1640.3026123046875,4767.140625
2022-02-23,1514.3876953125,30937.34375,17481.66796875,17965.876953125,4633.033203125,3041.25439453125,10789.890625,7282.9736328125,51208.40234375,818.5952758789062,3022.6630859375,23190.125,182.0,35176.58203125,6560.75537109375,1648.97802734375,4740.283203125
2022-02-24,1515.3795166015625,31177.978515625,17405.9921875,18270.3828125,4540.7412109375,2984.455322265625,10971.095703125,7132.81005859375,50554.94921875,819.3616333007812,3008.131591796875,22787.033203125,182.0,35167.9453125,6560.75537109375,1621.6175537109375,4767.140625
2022-02-25,1519.346435546875,30507.6640625,17103.2734375,18574.888671875,4522.28271484375,3019.684814453125,11086.40625,7249.18896484375,50692.53515625,823.9606323242188,3051.7275390625,22787.033203125,182.0,34659.2734375,6613.009765625,1628.9578857421875,4767.140625
2022-02-28,1618.0247802734375,27456.8984375,17443.826171875,18498.763671875,4481.6748046875,3018.96630859375,10625.1630859375,7275.46728515625,49653.91015625,812.46337890625,3037.195068359375,22787.033203125,180.0,38125.1953125,6613.009765625,1634.964111328125,4840.998046875
2022-03-01,1606.1240234375,27456.8984375,17405.9921875,18255.158203125,4559.1982421875,3073.60791015625,10995.8056640625,7290.48291015625,49454.4453125,812.46337890625,3027.023193359375,22869.294921875,182.3000030517578,38125.1953125,6572.36767578125,1638.30078125,4800.7109375
2022-03-02,1574.8841552734375,27456.8984375,17027.59765625,18118.130859375,4566.58251953125,3019.684814453125,10954.6220703125,7245.4326171875,49447.5703125,816.2955932617188,3016.8505859375,22622.505859375,182.3000030517578,38125.1953125,6618.81689453125,1628.290771484375,4740.283203125
2022-03-03,1588.768310546875,27456.8984375,17178.953125,18095.29296875,4537.05029296875,2998.11572265625,10954.6220703125,7215.40234375,50176.66015625,828.5592651367188,3015.397216796875,22540.2421875,192.0,38125.1953125,6467.8603515625,1653.6492919921875,4760.42626953125
2022-03-04,1656.206787109375,27456.8984375,17103.2734375,17714.66015625,4522.28271484375,2985.174560546875,10938.1484375,7207.89453125,49825.875,820.1280517578125,3022.6630859375,22869.294921875,192.0,38125.1953125,6537.53271484375,1641.637451171875,4733.5693359375
2022-03-07,1685.9588623046875,27456.8984375,17118.4140625,17235.064453125,4492.75,2919.02880859375,10954.6220703125,7057.73046875,50176.66015625,812.46337890625,3069.892578125,22778.806640625,192.0,38125.1953125,6618.81689453125,1648.3106689453125,4733.5693359375
2022-03-08,1681.0001220703125,27456.8984375,17239.49609375,17592.859375,4459.525390625,2879.485107421875,10995.8056640625,7065.23779296875,49523.2421875,815.5291137695312,3093.1435546875,22811.7109375,192.0,38125.1953125,6595.59228515625,1648.3106689453125,4699.99609375
2022-03-09,1621.9915771484375,27456.8984375,17201.658203125,18247.548828125,4415.22607421875,2919.02880859375,11004.041015625,7065.23779296875,50135.40234375,801.7327270507812,3131.65380859375,22754.125,191.0,38179.71875,6595.59228515625,1671.6673583984375,4716.78369140625
2022-03-10,1685.9588623046875,27456.8984375,17073.00390625,17851.685546875,4503.82421875,2926.21826171875,10995.8056640625,7020.1884765625,49041.75390625,800.1997680664062,3124.387451171875,22704.771484375,182.0,38179.71875,6583.97998046875,1681.6773681640625,4703.35400390625
2022-03-11,1685.9588623046875,27456.8984375,17073.00390625,17851.685546875,4503.82421875,2926.21826171875,10995.8056640625,7020.1884765625,49041.75390625,800.1997680664062,3124.387451171875,22704.771484375,182.0,38179.71875,6583.97998046875,1681.6773681640625,4703.35400390625
2022-03-14,1590.255859375,27456.8984375,17110.841796875,17509.1171875,4426.30029296875,2911.839111328125,10855.783203125,6982.64794921875,49454.4453125,791.0023803710938,3095.32373046875,22787.033203125,187.5,38179.71875,6589.7861328125,1648.3106689453125,4699.99609375
2022-03-15,1586.7850341796875,27456.8984375,17171.3828125,17737.49609375,4492.75,2909.68212890625,10913.44140625,6907.564453125,49172.4453125,789.4692993164062,3188.32861328125,22943.3359375,187.5,38179.71875,6618.81689453125,1678.340576171875,4781.4853515625
2022-03-16,1576.867431640625,27456.8984375,17141.1171875,17874.525390625,4496.44189453125,2940.597900390625,10995.8056640625,6885.03955078125,48243.875,786.4031982421875,3142.552734375,23280.615234375,181.0,38179.71875,6758.15966796875,1676.3387451171875,4781.4853515625
2022-03-17,1653.727294921875,27456.8984375,17163.8203125,17965.876953125,4525.97509765625,2906.08740234375,11086.40625,6877.53076171875,47157.1171875,780.2714233398438,3131.65380859375,23354.65234375,181.0,38179.71875,6763.9658203125,1654.98388671875,4815.15673828125
2022-03-18,1621.495849609375,27456.8984375,16573.529296875,18003.94140625,4407.84130859375,2919.02880859375,10723.9970703125,6907.564453125,46909.49609375,771.0737915039062,3167.98388671875,23025.59765625,182.1999969482422,38179.71875,7092.638671875,1675.0040283203125,4869.0322265625
2022-03-21,1621.495849609375,27456.8984375,16573.529296875,18003.94140625,4407.84130859375,2919.02880859375,10723.9970703125,6907.564453125,46909.49609375,771.0737915039062,3167.98388671875,23025.59765625,182.1999969482422,38179.71875,7092.638671875,1675.0040283203125,4869.0322265625
2022-03-22,1665.6282958984375,27456.8984375,16921.650390625,18270.3828125,4455.83349609375,2947.787109375,10748.708984375,6907.564453125,46909.49609375,771.0737915039062,3143.279296875,23033.82421875,182.1999969482422,38179.71875,6983.22314453125,1661.6573486328125,4848.8291015625
2022-03-23,1750.4222412109375,27456.8984375,17254.634765625,18194.255859375,4514.8994140625,2947.787109375,10798.1279296875,6907.564453125,46909.49609375,771.0737915039062,3193.4140625,22951.560546875,182.1999969482422,38179.71875,7015.4033203125,1661.6573486328125,4848.8291015625
2022-03-24,1752.9012451171875,27456.8984375,17633.0234375,18194.255859375,4570.27490234375,2966.481201171875,11144.064453125,7027.69677734375,46909.49609375,771.0737915039062,3181.062255859375,23198.353515625,182.1999969482422,38179.71875,6996.09521484375,1655.6514892578125,4953.2138671875
2022-03-25,1780.17431640625,27456.8984375,17474.099609375,18651.017578125,4636.72509765625,2947.787109375,11770.041015625,7087.76171875,46909.49609375,771.0737915039062,3193.4140625,23033.82421875,182.0,38179.71875,6867.37255859375,1638.30078125,4966.68359375
2022-03-28,1735.5458984375,27626.373046875,17661.86328125,18529.21484375,4599.80712890625,2947.787109375,11671.203125,7057.73046875,46909.49609375,771.0737915039062,3197.04833984375,23190.125,182.0,38179.71875,6848.06396484375,1652.3145751953125,4848.8291015625
2022-03-29,1725.1326904296875,27626.373046875,17768.71875,18757.59375,4603.5,2939.879150390625,11794.7529296875,7087.76171875,46909.49609375,771.0737915039062,3197.04833984375,23247.708984375,182.0,38179.71875,6822.31982421875,1652.3145751953125,4852.19775390625
2022-03-30,1725.1326904296875,27626.373046875,17768.71875,18757.59375,4603.5,2939.879150390625,11898.6171875,7182.87353515625,46909.49609375,771.0737915039062,3197.04833984375,23247.708984375,182.0,38179.71875,6822.31982421875,1652.3145751953125,4852.19775390625
2022-03-31,1754.3890380859375,30799.732421875,17020.72265625,18498.763671875,4599.80712890625,2947.787109375,11533.0166015625,7152.439453125,34150.390625,652.7300415039062,3167.98388671875,23099.634765625,181.0,39543.91015625,6725.77685546875,1648.3106689453125,4848.8291015625
2022-04-01,1750.4222412109375,31387.716796875,17097.048828125,18955.5234375,4673.6416015625,2983.735595703125,11616.107421875,7152.439453125,34528.69921875,654.876220703125,3199.227783203125,23009.146484375,184.89999389648438,40148.296875,6693.5966796875,1644.3065185546875,4848.8291015625
2022-04-04,1750.4222412109375,31387.716796875,17097.048828125,18955.5234375,4673.6416015625,2983.735595703125,11616.107421875,7152.439453125,34528.69921875,654.876220703125,3199.227783203125,23009.146484375,184.89999389648438,40148.296875,6693.5966796875,1644.3065185546875,4848.8291015625
2022-04-05,1788.6038818359375,31119.66015625,16868.072265625,18788.04296875,4688.40771484375,2933.407470703125,11998.3251953125,7152.439453125,35147.73046875,655.336181640625,3197.04833984375,23116.087890625,184.89999389648438,40735.41015625,6654.9794921875,1661.6573486328125,4774.75
2022-04-06,1756.868408203125,31180.189453125,16631.458984375,18727.138671875,4725.32470703125,2921.904541015625,12098.03515625,7175.265625,36454.6015625,651.503662109375,3183.2421875,23042.05078125,184.60000610351562,40407.3203125,6500.51220703125,1654.98388671875,4747.8125
2022-04-07,1790.091552734375,31145.6015625,16524.595703125,18270.3828125,4762.240234375,2921.904541015625,12048.177734375,7068.73779296875,36454.6015625,651.503662109375,3172.34375,23157.21875,184.60000610351562,39595.70703125,6436.15087890625,1671.6673583984375,4687.20166015625
2022-04-08,1770.2567138671875,30955.376953125,16440.640625,18491.15234375,4926.68798828125,2941.146240234375,12214.3623046875,7129.60986328125,36454.6015625,653.0364990234375,3182.515869140625,23272.388671875,184.60000610351562,39617.5859375,6410.40576171875,1658.320556640625,4350.4775390625
2022-04-11,1748.9344482421875,31214.779296875,16486.4375,18955.5234375,4799.78857421875,2963.094970703125,12081.416015625,7099.1748046875,36867.29296875,643.8388671875,3182.515869140625,23116.087890625,184.60000610351562,39989.54296875,6358.91650390625,1651.6473388671875,4693.93603515625
2022-04-12,1775.2158203125,31128.306640625,16486.4375,18955.5234375,4844.576171875,2969.6796875,11832.1435546875,6985.04052734375,37692.68359375,633.8748168945312,3182.515869140625,23099.634765625,182.89999389648438,39617.5859375,6178.70458984375,1644.9739990234375,4690.56884765625
2022-04-13,1799.9609375,30981.318359375,16593.294921875,18955.5234375,4814.716796875,2961.6318359375,12048.177734375,6985.04052734375,35835.5625,630.0422973632812,3228.558837890625,23148.9921875,182.89999389648438,39954.9453125,6210.88525390625,1654.98388671875,4806.0791015625
2022-04-14,1799.9609375,30981.318359375,16593.294921875,18955.5234375,4814.716796875,2961.6318359375,12048.177734375,6985.04052734375,35835.5625,630.0422973632812,3228.558837890625,23148.9921875,182.89999389648438,39954.9453125,6210.88525390625,1654.98388671875,4806.0791015625
2022-04-15,1799.9609375,30981.318359375,16593.294921875,18955.5234375,4814.716796875,2961.6318359375,12048.177734375,6985.04052734375,35835.5625,630.0422973632812,3228.558837890625,23148.9921875,182.89999389648438,39954.9453125,6210.88525390625,1654.98388671875,4806.0791015625
2022-04-18,1792.967529296875,31465.53125,16578.029296875,18574.888671875,4717.6767578125,2936.025390625,11948.470703125,7000.25830078125,36035.02734375,621.6112670898438,3159.0322265625,22877.521484375,180.0,39868.44140625,6281.6826171875,1648.3106689453125,4799.20361328125
2022-04-19,1801.5750732421875,31474.1875,16639.09375,18765.208984375,4676.62060546875,2926.513916015625,11981.70703125,6924.16796875,35973.12109375,620.8447265625,3180.48193359375,23124.314453125,180.0,39842.48828125,6275.2470703125,1675.0040283203125,4812.9560546875
2022-04-20,1828.471923828125,31716.2890625,16852.8046875,18841.333984375,4702.748046875,2918.465576171875,12006.630859375,6924.16796875,36110.6875,623.91064453125,3158.29248046875,23198.353515625,180.0,39842.48828125,6275.2470703125,1708.37060546875,4757.9501953125
2022-04-21,1782.74658203125,31820.04296875,16677.255859375,18643.404296875,4650.494140625,2934.561767578125,11923.541015625,6973.626953125,35835.5625,628.5095825195312,3151.635986328125,23239.482421875,180.0,40569.1015625,6243.06591796875,1705.7010498046875,4764.8251953125
2022-04-22,1804.80224609375,31828.69921875,16639.09375,18171.41796875,4628.10009765625,2935.29296875,11923.541015625,6912.755859375,35684.25,632.3418579101562,3158.29248046875,23691.93359375,180.0,40949.70703125,6252.72021484375,1739.7353515625,4792.330078125
2022-04-25,1764.456787109375,30695.974609375,16486.4375,16991.458984375,4553.453125,2926.513916015625,11923.541015625,6924.16796875,34735.046875,631.6520385742188,3173.085693359375,23831.78125,180.0,41650.37109375,6239.84814453125,1721.7174072265625,4799.20361328125
2022-04-26,1746.16650390625,32425.328125,16211.6669921875,17090.421875,4486.2724609375,2876.031494140625,11881.99609375,6851.8828125,35422.86328125,640.7732543945312,3180.48193359375,23856.4609375,177.0,41607.12109375,5927.6943359375,1696.3587646484375,4751.07470703125
2022-04-27,1764.456787109375,33462.93359375,16211.6669921875,17090.421875,4497.46923828125,2802.13720703125,11881.99609375,6848.07861328125,34466.79296875,647.6712036132812,3173.085693359375,23782.423828125,177.0,41935.81640625,6075.72607421875,1664.994140625,4751.07470703125
2022-04-28,1785.974609375,35451.68359375,16639.09375,16747.853515625,4482.5400390625,2838.718505859375,12014.943359375,6908.95068359375,34714.3984375,651.503662109375,3218.943115234375,23971.62890625,177.0,41953.12109375,6017.80126953125,1661.6573486328125,4747.63623046875
2022-04-29,1785.974609375,35451.68359375,16639.09375,16747.853515625,4482.5400390625,2838.718505859375,12014.943359375,6908.95068359375,34714.3984375,651.503662109375,3218.943115234375,23971.62890625,177.0,41953.12109375,6017.80126953125,1661.6573486328125,4747.63623046875
2022-05-02,1749.3941650390625,35451.68359375,16631.458984375,17052.359375,4594.509765625,2879.689453125,11956.7802734375,6848.07861328125,34666.2734375,636.17431640625,3106.517333984375,23996.30859375,175.0,43207.390625,5985.61962890625,1679.0081787109375,4706.3828125
2022-05-03,1782.208740234375,36273.12890625,16524.595703125,16854.427734375,4508.66650390625,2873.83642578125,11798.908203125,6711.11767578125,33847.75,635.4078369140625,3077.6708984375,23856.4609375,175.0,42558.625,5798.97119140625,1661.6573486328125,4675.4423828125
2022-05-04,1842.45849609375,39896.11328125,16516.96875,17501.505859375,4452.6806640625,2789.69921875,11715.8154296875,6733.9453125,33696.4296875,629.4291381835938,3092.4638671875,23593.216796875,175.0,42645.12890625,5821.498046875,1675.0040283203125,4675.4423828125
2022-05-05,1783.2845458984375,39878.8203125,16639.09375,16846.814453125,4351.9072265625,2789.69921875,11466.5419921875,6581.76611328125,33510.71484375,626.2868041992188,3099.121337890625,23033.82421875,175.0,43250.63671875,5741.04638671875,1656.3189697265625,4716.6962890625
2022-05-06,1763.3807373046875,37656.61328125,16562.767578125,16823.978515625,4213.8115234375,2714.341552734375,11350.21484375,6543.7197265625,33510.71484375,628.5095825195312,3091.723876953125,23083.18359375,175.0,42446.1796875,5695.9931640625,1634.964111328125,4709.8203125
2022-05-09,1664.9368896484375,35624.62890625,16112.44140625,15986.5859375,4105.5732421875,2735.55908203125,10901.5244140625,6551.3291015625,33015.49609375,618.9285278320312,3120.5703125,23000.91796875,170.0,43250.63671875,5660.59423828125,1594.924072265625,4675.4423828125
2022-05-10,1656.329833984375,35019.34765625,15967.419921875,16024.6474609375,3881.63330078125,2633.862060546875,11632.7255859375,6498.06591796875,33696.4296875,633.03173828125,3106.517333984375,23033.82421875,160.0,44104.3828125,5515.78076171875,1554.8843994140625,4692.6318359375
2022-05-11,1656.8677978515625,35884.0234375,16020.8515625,15651.6279296875,3799.521728515625,2707.02490234375,11466.5419921875,6376.32373046875,33668.92578125,634.6412963867188,3070.274169921875,23033.82421875,165.0,44104.3828125,5567.27001953125,1554.2169189453125,4709.8203125
2022-05-12,1640.7294921875,35019.34765625,16028.484375,15758.208984375,3762.19775390625,2597.281005859375,11632.7255859375,6307.841796875,33015.49609375,624.6770629882812,3082.848388671875,22457.9765625,170.0,43324.5390625,5599.451171875,1574.904052734375,4778.578125
2022-05-13,1668.70263671875,34587.0078125,16020.8515625,15316.6728515625,3777.12744140625,2597.281005859375,11632.7255859375,6315.4501953125,33359.3984375,633.8748168945312,3073.23291015625,22457.9765625,171.0,42969.28125,5695.9931640625,1568.2308349609375,4785.45263671875
2022-05-16,1667.626708984375,33722.33984375,17020.72265625,15316.6728515625,3784.591796875,2569.47900390625,11724.126953125,6372.5185546875,35691.11328125,630.8088989257812,3113.174072265625,22540.2421875,175.0,42969.28125,5985.61962890625,1601.5975341796875,4819.83203125
2022-05-17,1659.5576171875,35192.28515625,17097.048828125,15331.89453125,3780.8603515625,2576.063720703125,11591.1806640625,6391.541015625,35973.12109375,640.3897705078125,3099.121337890625,22728.52734375,180.0,38125.6015625,5895.513671875,1621.6175537109375,4746.01953125
2022-05-18,1555.7342529296875,36316.3671875,16425.380859375,14867.525390625,3732.339599609375,2560.69970703125,11300.359375,6269.7978515625,36454.6015625,636.940673828125,3084.32763671875,22414.71875,169.0,37952.29296875,5792.53564453125,1601.5975341796875,4697.73193359375
2022-05-19,1506.2435302734375,39948.0,15967.419921875,13908.3271484375,3508.39892578125,2436.322998046875,11250.5078125,6003.482421875,35078.94921875,633.1083984375,3076.930908203125,21966.423828125,169.0,34572.9765625,5708.86572265625,1541.5374755859375,4759.81591796875
2022-05-20,1527.223388671875,39948.0,16364.318359375,14806.623046875,3784.591796875,2560.69970703125,11250.5078125,6376.32373046875,36454.6015625,623.1441040039062,3099.121337890625,21204.32421875,159.1999969482422,35526.12890625,5689.556640625,1568.2308349609375,4670.138671875
2022-05-23,1554.6583251953125,39775.0625,16081.9111328125,15758.208984375,3956.280029296875,2510.217041015625,11250.5078125,6524.69677734375,35773.66796875,628.5095825195312,3125.00830078125,21921.59375,159.3000030517578,34477.67578125,5631.6318359375,1635.023193359375,4756.3662109375
2022-05-24,1547.665283203125,36368.2421875,15997.9521484375,16214.966796875,3814.449951171875,2509.4853515625,11250.5078125,6353.49560546875,35471.01171875,644.0990600585938,3119.830810546875,21643.65234375,165.0,35526.12890625,5641.2861328125,1635.023193359375,4708.0791015625
2022-05-25,1568.1070556640625,36368.2421875,16303.2587890625,16519.47265625,3695.01611328125,2487.53662109375,11250.5078125,6353.49560546875,35457.25,649.0222778320312,3069.53466796875,21249.15625,165.0,34469.00390625,5641.2861328125,1635.023193359375,4759.81591796875
2022-05-26,1586.93505859375,36316.3671875,16524.595703125,17417.767578125,3717.410400390625,2502.16943359375,11250.5078125,6406.75830078125,36722.85546875,660.5093383789062,3084.32763671875,21213.2890625,161.10000610351562,32632.044921875,5663.8125,1635.023193359375,4673.5869140625
2022-05-27,1613.2945556640625,35019.34765625,16532.23828125,17509.1171875,3731.593017578125,2516.8017578125,11250.5078125,6452.412109375,36798.51171875,656.4066772460938,3106.517333984375,21518.130859375,162.0,35170.86328125,5631.6318359375,1628.06591796875,4701.18115234375
2022-05-30,1613.2945556640625,35019.34765625,16532.23828125,17509.1171875,3731.593017578125,2516.8017578125,11250.5078125,6452.412109375,36798.51171875,656.4066772460938,3106.517333984375,21518.130859375,162.0,35170.86328125,5631.6318359375,1628.06591796875,4701.18115234375
2022-05-31,1678.385498046875,38521.28125,17020.72265625,18102.904296875,4105.5732421875,2703.3671875,11250.5078125,7000.25830078125,39150.86328125,693.3295288085938,3254.447021484375,22952.671875,152.5,32060.173828125,6037.109375,1532.051513671875,4818.45166015625
2022-06-01,1774.1395263671875,35538.16015625,17028.357421875,18118.130859375,4105.5732421875,2633.862060546875,11250.5078125,6916.56103515625,40581.5390625,693.2474975585938,3180.48193359375,23221.650390625,161.0,32874.66015625,5792.53564453125,1533.4432373046875,4777.06201171875
2022-06-02,1749.3941650390625,39429.1953125,17135.21484375,17661.37109375,4217.54345703125,2663.85888671875,11250.5078125,6855.6884765625,40911.6875,697.4320678710938,3215.9853515625,23131.990234375,163.8000030517578,33169.28125,5792.53564453125,1538.3133544921875,4925.375
2022-06-03,1775.2158203125,44098.44140625,17234.435546875,17204.61328125,4314.583984375,2698.24560546875,11250.5078125,6908.95068359375,41957.17578125,693.2474975585938,3152.375244140625,22683.6953125,165.0,33810.47265625,5792.53564453125,1525.0941162109375,4911.5791015625
2022-06-06,1758.5391845703125,49960.9375,17173.375,16557.537109375,4254.86669921875,2698.24560546875,11250.5078125,6920.36474609375,43332.82421875,697.4320678710938,3143.499755859375,21948.4921875,165.0,33966.43359375,5792.53564453125,1517.440673828125,4894.3330078125
2022-06-07,1769.836181640625,39455.13671875,17165.7421875,17075.197265625,4195.14990234375,2667.51708984375,11250.5078125,6771.990234375,43346.59765625,696.2015380859375,3143.499755859375,22405.75390625,165.0,34226.37890625,5734.6103515625,1474.999755859375,4728.77392578125
2022-06-08,1748.318115234375,33289.99609375,17089.416015625,17501.505859375,4109.3056640625,2670.444091796875,11250.5078125,6779.5986328125,43188.3828125,688.4065551757812,3121.310546875,22235.40234375,165.0,34226.37890625,5728.173828125,1433.25439453125,4725.32421875
2022-06-09,1707.972412109375,31128.306640625,16326.1552734375,16458.5703125,3874.16796875,2561.43115234375,11250.5078125,6467.630859375,42782.5703125,687.5862426757812,3121.310546875,21069.8359375,165.0,33605.75390625,5663.8125,1392.2049560546875,4690.8330078125
2022-06-10,1694.5240478515625,32252.384765625,16188.765625,16892.4921875,3948.815185546875,2562.16259765625,11250.5078125,6684.4853515625,42500.55859375,681.0220947265625,3119.830810546875,20980.177734375,165.0,33683.91015625,5695.9931640625,1398.4666748046875,4704.62939453125
2022-06-13,1613.832275390625,33117.05859375,15417.875,16367.21875,3696.509033203125,2562.16259765625,13460.724609375,6676.87744140625,42301.1015625,665.5143432617188,3002.966552734375,20989.14453125,156.0,33501.53515625,5535.08935546875,1398.4666748046875,4614.9521484375
2022-06-14,1597.694091796875,34241.1484375,15440.7744140625,17273.125,3806.986328125,2487.53662109375,13635.21484375,6692.09716796875,40615.94140625,663.79150390625,3032.55224609375,20621.54296875,160.0,32824.21875,5567.27001953125,1381.7684326171875,4568.57470703125
2022-06-15,1597.694091796875,32857.66015625,14967.5498046875,16420.5078125,3672.622314453125,2436.322998046875,13610.2880859375,6711.11767578125,36805.3984375,648.20166015625,2989.65283203125,20173.248046875,156.0,31782.177734375,5535.08935546875,1322.62939453125,4475.125
2022-06-16,1514.3126220703125,34414.078125,15112.5712890625,17204.61328125,3799.521728515625,2522.65478515625,13660.1416015625,6581.76611328125,36805.3984375,656.4066772460938,2975.599365234375,20890.517578125,156.0,31947.169921875,5535.08935546875,1322.62939453125,4599.7236328125
2022-06-17,1484.7255859375,31949.74609375,15036.244140625,16527.0859375,3620.369384765625,2494.853271484375,13460.724609375,6539.9150390625,37926.5390625,662.150390625,2980.777099609375,20890.517578125,155.0,32476.873046875,5593.01513671875,1391.5091552734375,4568.57470703125
2022-06-20,1484.7255859375,31949.74609375,15036.244140625,16527.0859375,3620.369384765625,2494.853271484375,13460.724609375,6539.9150390625,37926.5390625,662.150390625,2980.777099609375,20890.517578125,155.0,32476.873046875,5593.01513671875,1391.5091552734375,4568.57470703125
2022-06-21,1307.7420654296875,33203.53125,14425.63671875,16138.8359375,3620.369384765625,2420.958740234375,13460.724609375,6087.18115234375,41663.296875,652.7144775390625,2832.847900390625,19572.533203125,155.0,34474.1171875,5380.62158203125,1273.230712890625,4319.37939453125
2022-06-22,1248.568115234375,31128.306640625,13967.6787109375,15910.45703125,3650.2275390625,2319.993896484375,13502.26953125,6056.74609375,41663.296875,639.9965209960938,2884.622802734375,19500.806640625,158.5,32633.181640625,5342.0048828125,1254.4454345703125,4360.91162109375
2022-06-23,1162.739990234375,32849.0234375,13357.0712890625,15453.7001953125,3433.752197265625,2276.095703125,13510.5791015625,5645.86083984375,39558.7890625,615.3812255859375,2751.48681640625,19366.31640625,158.0,33848.89453125,5148.9208984375,1252.3582763671875,4319.37939453125
2022-06-24,1240.4493408203125,36313.48828125,13963.7890625,15545.0517578125,3544.9765625,2282.6806640625,13319.4697265625,5931.1962890625,39558.7890625,629.3300170898438,2781.812255859375,19724.953125,157.89999389648438,33788.10546875,5078.12255859375,1285.7545166015625,4343.60693359375
2022-06-27,1240.4493408203125,36313.48828125,13963.7890625,15545.0517578125,3544.9765625,2282.6806640625,13319.4697265625,5931.1962890625,39558.7890625,629.3300170898438,2781.812255859375,19724.953125,157.89999389648438,33788.10546875,5078.12255859375,1285.7545166015625,4343.60693359375
2022-06-28,1240.4493408203125,36313.48828125,13963.7890625,15545.0517578125,3544.9765625,2282.6806640625,13424.1494140625,6027.85986328125,39558.7890625,629.3300170898438,2781.812255859375,19724.953125,157.89999389648438,33788.10546875,5078.12255859375,1285.7545166015625,4343.60693359375
2022-06-29,1240.4493408203125,36313.48828125,13963.7890625,15545.0517578125,3544.9765625,2282.6806640625,13424.1494140625,6027.85986328125,39558.7890625,629.3300170898438,2781.812255859375,19724.953125,157.89999389648438,33788.10546875,5078.12255859375,1285.7545166015625,4343.60693359375
2022-06-30,1306.5601806640625,34244.8828125,12736.45703125,15605.9541015625,3463.611083984375,2262.1953125,12611.8330078125,5714.67333984375,36394.07421875,615.3812255859375,2810.658447265625,18380.0703125,170.0,34387.28515625,5148.9208984375,1390.11767578125,4326.3017578125
2022-07-01,1362.8126220703125,35791.984375,12273.314453125,15811.4970703125,3456.146240234375,2260.00048828125,13064.05078125,5505.88427734375,36868.77734375,648.20166015625,2936.3984375,18631.11328125,170.0,34734.62890625,5084.55859375,1493.7852783203125,4291.6904296875
2022-07-04,1362.8126220703125,35791.984375,12273.314453125,15811.4970703125,3456.146240234375,2260.00048828125,13064.05078125,5505.88427734375,36868.77734375,648.20166015625,2936.3984375,18631.11328125,170.0,34734.62890625,5084.55859375,1493.7852783203125,4291.6904296875
2022-07-05,1260.1666259765625,35557.30859375,12582.0771484375,15986.5859375,3418.822998046875,2188.300537109375,12946.810546875,5536.814453125,36394.07421875,627.68896484375,2884.622802734375,18568.353515625,170.0,35594.296875,5084.55859375,1391.5091552734375,4291.6904296875
2022-07-06,1260.1666259765625,35557.30859375,12582.0771484375,15986.5859375,3418.822998046875,2188.300537109375,12946.810546875,5536.814453125,36394.07421875,627.68896484375,2884.622802734375,18568.353515625,170.0,35594.296875,5084.55859375,1391.5091552734375,4291.6904296875
2022-07-07,1322.218017578125,35644.23046875,13122.4091796875,16595.59765625,3344.17578125,2330.236572265625,11556.6591796875,6023.9931640625,37121.95703125,635.07373046875,2957.10888671875,19276.658203125,170.0,36471.36328125,5470.728515625,1480.565673828125,4291.6904296875
2022-07-08,1333.81640625,34766.37890625,13624.1494140625,16884.87890625,3254.60009765625,2341.211181640625,11682.27734375,5993.060546875,36750.10546875,635.07373046875,2910.510986328125,18971.818359375,159.0,36184.8046875,5535.08935546875,1427.6883544921875,4288.22998046875
2022-07-11,1328.017333984375,36313.48828125,12983.4658203125,16214.966796875,3239.67041015625,2355.84326171875,11874.88671875,5807.47119140625,36552.30859375,647.381103515625,2843.9423828125,18433.865234375,159.0,36546.16015625,5483.60009765625,1381.0728759765625,4288.22998046875
2022-07-12,1331.4967041015625,36834.98046875,12968.0283203125,16367.21875,3300.5986328125,2359.807373046875,11724.1484375,5645.0771484375,36354.51953125,634.2529907226562,2870.5703125,18380.0703125,159.0,37938.3828125,5441.76513671875,1363.678955078125,4222.4697265625
2022-07-13,1314.6790771484375,35027.125,12960.30859375,16367.21875,3225.481689453125,2319.41796875,11414.294921875,5645.0771484375,35958.9375,618.2531127929688,2849.6279296875,18380.0703125,159.0,37851.37890625,5309.82421875,1378.289794921875,4194.7822265625
2022-07-14,1235.230224609375,35983.203125,12211.560546875,16138.8359375,3035.032958984375,2251.353759765625,10635.4765625,5490.41748046875,34400.30859375,607.1763916015625,2792.27294921875,17169.67578125,159.0,36981.23046875,5277.6435546875,1342.8062744140625,4016.2060546875
2022-07-15,1216.6724853515625,36417.78515625,12427.6943359375,16653.796875,3156.4345703125,2247.61376953125,11054.197265625,5567.74755859375,32121.72265625,591.5866088867188,2807.36669921875,16855.869140625,159.0,36963.83203125,5267.98876953125,1321.9337158203125,3821.64990234375
2022-07-18,1232.3304443359375,35678.99609375,12458.5703125,16653.796875,3066.14306640625,2317.922119140625,10869.958984375,5567.74755859375,32754.66796875,603.0737915039062,2814.912841796875,17635.90234375,156.0,36546.16015625,5277.6435546875,1342.8062744140625,3821.64990234375
2022-07-19,1275.8245849609375,35244.4140625,12728.7373046875,17196.265625,3065.384033203125,2243.8740234375,10802.96484375,5761.07177734375,32833.78515625,599.2993774414062,2814.912841796875,17752.45703125,153.0,36981.23046875,5142.484375,1326.108154296875,4002.31005859375
2022-07-20,1275.8245849609375,35244.4140625,12728.7373046875,17196.265625,3065.384033203125,2243.8740234375,10802.96484375,5761.07177734375,32833.78515625,599.2993774414062,2814.912841796875,17752.45703125,153.0,36981.23046875,5142.484375,1326.108154296875,4002.31005859375
2022-07-21,1235.81005859375,34036.29296875,12597.5126953125,16514.3046875,3019.85791015625,2191.51708984375,10367.4970703125,5413.08740234375,33229.375,623.5863647460938,2820.950439453125,18290.412109375,145.3000030517578,36424.33984375,5090.9951171875,1342.110595703125,4002.31005859375
2022-07-22,1194.6357421875,33549.55078125,12427.6943359375,15499.11328125,2883.28173828125,2193.01318359375,10066.0185546875,5610.27978515625,33229.375,598.9712524414062,2801.329345703125,17653.83203125,145.3000030517578,33509.3515625,5026.6337890625,1252.3582763671875,4064.845458984375
2022-07-25,1262.486328125,34297.03515625,12196.123046875,15886.591796875,3035.032958984375,2193.01318359375,10216.7578125,5683.74267578125,32754.66796875,623.5042724609375,2881.323974609375,17797.287109375,154.89999389648438,35406.2578125,5210.06396484375,1355.329833984375,4064.845458984375
2022-07-26,1275.8245849609375,34305.7265625,12165.24609375,15871.0927734375,2959.157470703125,2131.6806640625,10576.857421875,5683.74267578125,32754.66796875,629.986328125,2867.73974609375,17609.00390625,161.0,35667.296875,5148.9208984375,1309.4100341796875,4064.845458984375
2022-07-27,1322.218017578125,34757.6953125,11964.5498046875,15871.0927734375,2959.91650390625,2133.17626953125,10459.6142578125,6031.72607421875,32754.66796875,623.5863647460938,2792.27294921875,17877.98046875,169.0,35501.9765625,5148.9208984375,1273.9266357421875,4064.845458984375
2022-07-28,1318.1585693359375,35374.79296875,12003.1435546875,15894.3408203125,3019.85791015625,2133.17626953125,10434.4912109375,6031.72607421875,33229.375,626.0480346679688,2716.05126953125,17869.013671875,169.0,34805.85546875,5145.7021484375,1356.7215576171875,4064.845458984375
2022-07-29,1322.218017578125,34766.37890625,11887.3583984375,15964.087890625,2959.157470703125,2169.078369140625,10133.013671875,5954.396484375,32833.78515625,607.1763916015625,2671.52587890625,17573.140625,169.0,34718.84765625,5084.55859375,1322.62939453125,4064.845458984375
2022-08-01,1304.820556640625,34766.37890625,11640.3505859375,15886.591796875,2959.157470703125,2169.078369140625,9873.408203125,5954.396484375,33063.21875,601.4327392578125,2626.24609375,17277.267578125,169.0,33570.25,5058.81396484375,1287.1458740234375,4037.05078125
2022-08-02,1333.81640625,34766.37890625,11794.732421875,16041.5849609375,2894.6630859375,2169.078369140625,9915.2822265625,5954.396484375,33063.21875,601.1865844726562,2603.60595703125,17393.822265625,169.0,32630.49609375,5084.55859375,1259.31591796875,4030.103271484375
2022-08-03,1330.9168701171875,34766.37890625,12003.1435546875,16196.5712890625,2883.28173828125,2170.57421875,9630.5498046875,5938.93017578125,32327.43359375,594.8685302734375,2627.0009765625,17555.208984375,169.0,33065.5703125,5103.86767578125,1301.0609130859375,4030.103271484375
2022-08-04,1277.564208984375,34766.37890625,11694.3828125,16196.5712890625,2883.28173828125,2206.47607421875,9379.318359375,5915.73193359375,32082.162109375,598.9712524414062,2667.7529296875,17519.345703125,169.0,33935.71484375,5084.55859375,1273.9266357421875,4030.103271484375
2022-08-05,1304.820556640625,34557.77734375,11925.955078125,16196.5712890625,2883.28173828125,2094.282958984375,9488.185546875,5413.08740234375,32992.0078125,599.7916259765625,2666.998291015625,17393.822265625,169.0,35676.0078125,5020.19775390625,1370.6365966796875,4030.103271484375
2022-08-08,1342.51513671875,33984.140625,11925.955078125,16429.056640625,2959.157470703125,2169.078369140625,9839.91015625,5645.0771484375,34392.3984375,627.68896484375,2713.032958984375,17922.80859375,169.0,35536.78515625,5116.73974609375,1424.9052734375,4023.154296875
2022-08-09,1354.11376953125,34357.87890625,11748.4169921875,16553.0546875,2896.1806640625,2198.996826171875,9714.2939453125,5567.74755859375,34368.65625,631.7915649414062,2716.806396484375,17662.798828125,169.0,34878.69140625,4959.0537109375,1370.6365966796875,3898.0830078125
2022-08-10,1345.414794921875,34244.8828125,11740.697265625,15809.095703125,2846.1025390625,2116.72119140625,9613.802734375,5413.08740234375,33704.08203125,607.1763916015625,2703.222412109375,17582.10546875,169.0,34137.52734375,4904.3466796875,1371.332275390625,3828.59912109375
2022-08-11,1357.0133056640625,34244.8828125,11879.638671875,16351.5634765625,2890.869873046875,2116.72119140625,9789.6640625,5413.08740234375,33229.375,611.1968383789062,2739.446044921875,17438.650390625,169.0,34381.671875,5020.19775390625,1370.6365966796875,3898.0830078125
2022-08-12,1361.652587890625,34244.8828125,11871.9228515625,16351.5634765625,2860.51904296875,2094.282958984375,9714.2939453125,5335.7578125,33039.4921875,594.8685302734375,2703.976806640625,17035.1875,169.0,33143.4765625,5020.19775390625,1356.7215576171875,3891.134521484375
2022-08-15,1361.652587890625,34244.8828125,11871.9228515625,16351.5634765625,2860.51904296875,2094.282958984375,9714.2939453125,5335.7578125,33039.4921875,594.8685302734375,2703.976806640625,17035.1875,169.0,33143.4765625,5020.19775390625,1356.7215576171875,3891.134521484375
2022-08-16,1361.652587890625,34244.8828125,11871.9228515625,16351.5634765625,2860.51904296875,2094.282958984375,9714.2939453125,5335.7578125,33039.4921875,594.8685302734375,2703.976806640625,17035.1875,169.0,33143.4765625,5020.19775390625,1356.7215576171875,3907.181396484375
2022-08-17,1316.4188232421875,34679.46484375,11624.91015625,16545.30078125,2868.10693359375,2049.405029296875,9479.810546875,5212.029296875,33704.08203125,598.9712524414062,2678.318115234375,16864.8359375,169.0,32698.77734375,4891.47412109375,1384.5516357421875,3715.310791015625
2022-08-18,1347.154541015625,34331.8046875,11640.3505859375,16305.06640625,2868.10693359375,1959.64990234375,9463.0634765625,5181.09765625,33640.7890625,590.76611328125,2653.413818359375,16828.970703125,169.0,33570.7421875,4878.60205078125,1384.5516357421875,3628.0966796875
2022-08-19,1314.6790771484375,34940.2109375,11732.98046875,16002.833984375,2868.865478515625,1937.211669921875,9329.072265625,5041.904296875,33229.375,589.1248168945312,2640.58447265625,16927.595703125,159.0,33570.7421875,4939.74560546875,1405.42431640625,3614.142333984375
2022-08-22,1332.6566162109375,35635.53515625,12798.2080078125,15468.11328125,2841.550048828125,1952.1705322265625,9128.0869140625,5103.7685546875,32438.19140625,578.6224365234375,2622.47265625,17205.5390625,159.0,33553.3125,4891.47412109375,1383.8558349609375,3635.07373046875
2022-08-23,1397.607666015625,33975.453125,12350.50390625,15964.087890625,2731.5302734375,1970.869384765625,8458.13671875,5181.09765625,31275.162109375,574.3558349609375,2603.60595703125,17483.48046875,159.0,33553.3125,4923.65478515625,1328.8912353515625,3593.211181640625
2022-08-24,1426.603515625,34757.6953125,12335.0625,15266.625,2674.623046875,1877.3746337890625,8625.6220703125,5045.77197265625,31172.3046875,570.2532348632812,2520.59228515625,17393.822265625,159.0,34425.28125,5052.3779296875,1321.9337158203125,3488.55517578125
2022-08-25,1426.603515625,34766.37890625,12273.314453125,15568.8583984375,2667.03564453125,1981.3409423828125,8600.501953125,5188.83203125,31172.3046875,574.3558349609375,2565.872802734375,17752.45703125,159.0,33570.7421875,4923.65478515625,1345.5892333984375,3481.577880859375
2022-08-26,1402.2471923828125,34088.43359375,12335.0625,15514.611328125,2642.75537109375,1981.3409423828125,8567.0029296875,5196.56494140625,31647.01171875,552.2022094726562,2603.60595703125,17752.45703125,159.0,33570.7421875,5071.6865234375,1340.0233154296875,3481.577880859375
2022-08-29,1433.5626220703125,34488.24609375,12188.40234375,15499.11328125,2618.474853515625,1944.69091796875,8399.513671875,5030.30517578125,31567.916015625,547.2791748046875,2539.459228515625,17922.80859375,151.0,33562.01953125,5052.3779296875,1342.110595703125,3418.783935546875
2022-08-30,1382.5296630859375,34583.85546875,11810.1689453125,15328.6240234375,2541.841064453125,1870.64306640625,8219.46875,5034.17138671875,31409.666015625,535.9561767578125,2489.651123046875,17913.84375,151.0,33562.01953125,5058.81396484375,1323.3250732421875,3349.012939453125
2022-08-31,1308.8797607421875,32158.8984375,11979.98828125,14855.8984375,2647.30810546875,1761.4412841796875,8165.03173828125,5126.9677734375,31647.01171875,545.6380615234375,2488.896728515625,17483.48046875,148.10000610351562,32262.8046875,5045.94189453125,1321.9337158203125,3314.126953125
2022-09-01,1281.623779296875,32158.8984375,11949.1123046875,14367.6767578125,2720.14892578125,1937.211669921875,8198.529296875,5258.4287109375,29194.380859375,529.9661865234375,2471.538818359375,17483.48046875,148.10000610351562,33474.828125,5042.72412109375,1346.28515625,3314.126953125
2022-09-02,1332.6566162109375,31289.736328125,11624.91015625,14328.9287109375,2738.35888671875,1937.211669921875,8299.021484375,5258.4287109375,31251.427734375,530.04833984375,2442.861328125,17483.48046875,140.10000610351562,33134.76171875,5335.56884765625,1302.45263671875,3314.126953125
2022-09-05,1353.53369140625,32132.82421875,11732.98046875,14080.943359375,2803.612060546875,1937.211669921875,8248.7763671875,5212.029296875,31235.61328125,516.92041015625,2452.67236328125,17662.798828125,140.3000030517578,33570.7421875,5316.2607421875,1291.320556640625,3349.012939453125
2022-09-06,1354.693603515625,32037.21875,11717.5400390625,13871.7060546875,2791.471923828125,1967.1298828125,8240.40234375,5103.7685546875,30064.662109375,533.3305053710938,2475.31201171875,17268.30078125,140.3000030517578,33553.3125,5316.2607421875,1296.886474609375,3349.012939453125
2022-09-07,1318.1585693359375,31533.103515625,12003.1435546875,13639.2177734375,2792.23046875,1967.1298828125,8165.03173828125,5254.5615234375,29273.494140625,525.1253662109375,2490.406005859375,16999.322265625,140.3000030517578,33134.76171875,5316.2607421875,1321.9337158203125,3349.012939453125
2022-09-08,1299.021240234375,32158.8984375,11848.7646484375,13042.50390625,2777.0556640625,1967.1298828125,8165.03173828125,5026.4384765625,28957.0234375,516.92041015625,2414.93896484375,16577.927734375,140.3000030517578,33309.1640625,5306.60595703125,1321.9337158203125,3349.012939453125
2022-09-09,1352.3740234375,33897.21875,11779.29296875,13096.7509765625,2882.523193359375,1944.69091796875,8123.16015625,5026.4384765625,28957.0234375,523.4843139648438,2405.12841796875,16595.857421875,140.3000030517578,33296.30078125,5306.60595703125,1342.8062744140625,3383.898193359375
2022-09-12,1390.648681640625,32854.23046875,11424.2158203125,13631.4697265625,2883.28173828125,1944.69091796875,8206.904296875,5026.4384765625,29273.494140625,533.3305053710938,2460.21875,17008.2890625,140.3000030517578,34082.82421875,5338.78662109375,1354.6341552734375,3383.898193359375
2022-09-13,1385.429443359375,31202.82421875,11501.40625,13848.4580078125,2898.456787109375,1944.69091796875,8374.390625,5045.77197265625,28324.083984375,516.92041015625,2475.31201171875,16595.857421875,140.3000030517578,33296.30078125,5255.1171875,1356.7215576171875,3362.966796875
2022-09-14,1391.2286376953125,31202.82421875,11501.40625,13933.7021484375,2875.69384765625,1961.893798828125,8131.5341796875,5103.7685546875,28324.083984375,510.3561096191406,2403.61865234375,16147.564453125,140.3000030517578,32326.240234375,5142.484375,1342.110595703125,3362.966796875
2022-09-15,1336.716064453125,31637.41015625,11038.263671875,13980.19921875,2860.51904296875,1961.893798828125,8374.390625,5026.4384765625,27928.498046875,516.92041015625,2405.12841796875,15869.62109375,140.3000030517578,32859.3359375,5116.73974609375,1377.593994140625,3294.263427734375
2022-09-16,1333.81640625,31463.5703125,9934.435546875,13631.4697265625,2860.51904296875,1961.893798828125,9211.8310546875,5026.4384765625,26678.435546875,568.6121826171875,2188.53857421875,15062.69140625,140.3000030517578,31461.06640625,5116.73974609375,1370.6365966796875,3175.785400390625
2022-09-19,1322.218017578125,31985.06640625,9942.1552734375,13747.7138671875,2959.157470703125,1911.0325927734375,8935.4765625,4763.5166015625,26678.435546875,533.2484741210938,2218.72509765625,14964.06640625,140.3000030517578,32334.99609375,5052.3779296875,1356.7215576171875,3175.785400390625
2022-09-20,1288.002685546875,32854.23046875,9957.5927734375,13174.2470703125,2883.28173828125,1795.8472900390625,8558.6279296875,4678.45458984375,26662.6171875,547.2791748046875,2252.68505859375,15242.0087890625,140.3000030517578,32317.513671875,5148.9208984375,1346.98095703125,3175.785400390625
2022-09-21,1264.2261962890625,35461.7109375,10266.3564453125,12771.2685546875,2814.993408203125,1869.1475830078125,8935.4765625,5022.57177734375,25736.935546875,533.3305053710938,2243.629150390625,15699.26953125,140.3000030517578,32317.513671875,5084.55859375,1336.5445556640625,3175.785400390625
2022-09-22,1281.043701171875,35548.62109375,10636.8720703125,12639.52734375,2731.5302734375,1795.099365234375,8826.609375,4956.84130859375,25736.935546875,540.7152099609375,2242.1201171875,16129.6328125,140.0,32317.513671875,5213.28173828125,1333.0657958984375,3287.9541015625
2022-09-23,1179.557861328125,35635.53515625,10266.3564453125,12019.5634765625,2579.77783203125,1780.1402587890625,8458.13671875,4736.4521484375,24724.232421875,516.92041015625,2233.06396484375,15250.9755859375,140.0,32317.513671875,5084.55859375,1332.3702392578125,3179.28955078125
2022-09-26,1142.4427490234375,36070.1171875,9741.4609375,11469.34375,2405.264404296875,1765.18115234375,8056.1650390625,4678.45458984375,22627.62109375,492.3871154785156,2150.804931640625,14793.71484375,135.0,32317.513671875,5142.484375,1305.235595703125,3182.795654296875
2022-09-27,1170.8590087890625,34983.75,10099.001953125,12004.0634765625,2525.147705078125,1765.18115234375,8123.16015625,4369.134765625,22176.650390625,502.971435546875,2180.991455078125,15331.66796875,135.0,32317.513671875,4981.58056640625,1301.0609130859375,3014.541748046875
2022-09-28,1195.2154541015625,35691.109375,9895.140625,12236.5498046875,2473.55224609375,1765.18115234375,8240.40234375,4635.92333984375,22785.857421875,507.07421875,2131.93798828125,15062.69140625,135.0,32317.513671875,4988.01708984375,1273.9266357421875,2982.994384765625
2022-09-29,1206.2340087890625,34503.44140625,9910.822265625,12709.2724609375,2493.27978515625,1705.3447265625,8185.26708984375,4738.59228515625,22350.712890625,478.4383544921875,2126.655517578125,15600.6455078125,135.0,32317.513671875,5142.484375,1301.0609130859375,2982.994384765625
2022-09-30,1202.754638671875,32748.150390625,10036.2744140625,12786.767578125,2564.603271484375,1705.3447265625,8320.98046875,4738.59228515625,22580.154296875,475.894775390625,2122.88232421875,14973.033203125,144.0,32317.513671875,5210.06396484375,1301.7568359375,2930.4150390625
2022-10-03,1264.2261962890625,32835.4765625,10216.6142578125,12546.53125,2579.77783203125,1682.905517578125,8651.7861328125,5046.60107421875,23474.177734375,492.05877685546875,2122.127197265625,15331.66796875,144.0,32317.513671875,5155.35693359375,1305.235595703125,2930.4150390625
2022-10-04,1332.07666015625,32599.689453125,10373.431640625,12972.7578125,2655.654296875,1795.099365234375,8923.2138671875,4908.39208984375,24138.765625,504.61279296875,2186.274169921875,16093.76953125,144.0,32317.513671875,5264.77099609375,1349.7637939453125,2930.4150390625
2022-10-05,1348.314453125,32311.5,10271.4990234375,13716.71484375,2731.5302734375,1795.099365234375,9075.892578125,4936.03515625,24289.08984375,508.7151794433594,2222.498291015625,16380.67578125,144.0,32317.513671875,5277.6435546875,1353.2425537109375,3222.755859375
2022-10-06,1375.57080078125,32163.052734375,10381.2724609375,13553.974609375,2632.89111328125,1795.099365234375,9245.53515625,5141.37255859375,24289.08984375,503.79205322265625,2230.045166015625,16048.9384765625,144.0,32317.513671875,5271.20751953125,1353.2425537109375,3238.880615234375
2022-10-07,1357.0133056640625,32049.51953125,10334.2275390625,13685.7158203125,2600.2646484375,1795.099365234375,9177.677734375,5093.9873046875,24209.96875,488.20245361328125,2237.591796875,16129.6328125,144.0,32317.513671875,5213.28173828125,1328.8912353515625,3238.880615234375
2022-10-10,1309.459716796875,32049.51953125,10334.2275390625,14724.158203125,2601.7822265625,1795.099365234375,8999.5537109375,4939.98291015625,24209.96875,467.6077880859375,2229.29052734375,15690.302734375,144.0,32317.513671875,5267.98876953125,1321.9337158203125,3294.96435546875
2022-10-11,1263.6461181640625,33010.125,10271.4990234375,14406.4267578125,2578.00048828125,1849.267578125,8677.232421875,4817.56884765625,24209.96875,463.5872497558594,2189.293212890625,15107.521484375,144.0,32392.212890625,5245.46240234375,1328.8912353515625,3294.96435546875
2022-10-12,1254.367431640625,32311.5,10271.4990234375,14080.943359375,2575.67724609375,1712.1136474609375,8770.53515625,5117.6796875,24209.96875,463.5872497558594,2248.911376953125,14793.71484375,144.0,32392.212890625,5245.46240234375,1328.8912353515625,3312.49169921875
2022-10-13,1281.623779296875,32311.5,10193.091796875,14336.6806640625,2464.12890625,1749.0989990234375,8829.9111328125,4817.56884765625,23141.8828125,455.3822326660156,2259.95166015625,14793.71484375,144.0,32392.212890625,5267.98876953125,1266.9691162109375,3330.01708984375
2022-10-14,1252.6275634765625,32818.0078125,9769.6875,14406.4267578125,2517.578857421875,1710.572509765625,8490.6240234375,4556.9453125,23735.267578125,439.79248046875,2248.330322265625,14345.4208984375,144.0,32392.212890625,5007.3251953125,1262.0987548828125,3462.29248046875
2022-10-17,1252.6275634765625,32818.0078125,9769.6875,14406.4267578125,2517.578857421875,1710.572509765625,8490.6240234375,4556.9453125,23735.267578125,439.79248046875,2248.330322265625,14345.4208984375,144.0,32392.212890625,5007.3251953125,1262.0987548828125,3462.29248046875
2022-10-18,1304.820556640625,33167.32421875,9597.1884765625,14724.158203125,2424.62255859375,1699.0146484375,8507.587890625,4339.76123046875,23118.1484375,454.64361572265625,2246.781494140625,14345.4208984375,123.0999984741211,32392.212890625,5239.0263671875,1253.749755859375,3126.183349609375
2022-10-19,1341.9351806640625,35202.0703125,9879.4580078125,14801.65234375,2502.086669921875,1756.8043212890625,8897.7685546875,4343.7099609375,22944.091796875,466.0490417480469,2209.59326171875,14013.6826171875,123.0999984741211,32392.212890625,5264.77099609375,1238.4432373046875,3252.67578125
2022-10-20,1341.9351806640625,35202.0703125,9879.4580078125,14801.65234375,2502.086669921875,1756.8043212890625,8897.7685546875,4343.7099609375,22944.091796875,466.0490417480469,2209.59326171875,14013.6826171875,123.0999984741211,32392.212890625,5264.77099609375,1238.4432373046875,3252.67578125
2022-10-21,1364.55224609375,35804.64453125,9487.4169921875,14638.9140625,2401.3828125,1703.6376953125,9135.2685546875,4272.630859375,22548.501953125,463.50531005859375,2159.234375,14345.4208984375,123.5999984741211,50795.6796875,5264.77099609375,1214.0916748046875,3256.28955078125
2022-10-24,1333.81640625,36223.8203125,9338.4404296875,14011.1982421875,2326.2431640625,1661.2587890625,8736.607421875,4094.93310546875,21361.73046875,443.1567077636719,2100.35302734375,13986.78515625,118.0,50375.23046875,5200.4091796875,1182.78271484375,3165.938232421875
2022-10-25,1330.9168701171875,36180.15625,9283.5546875,14336.6806640625,2401.3828125,1661.2587890625,8821.427734375,4027.802978515625,20966.158203125,451.2796325683594,2107.32568359375,14076.443359375,118.0,50305.1484375,5200.4091796875,1209.917236328125,3165.938232421875
2022-10-26,1332.07666015625,36153.95703125,9409.0078125,14491.669921875,2471.100341796875,1661.2587890625,8736.607421875,4106.78076171875,20997.798828125,445.53607177734375,2093.38037109375,14121.2734375,118.0,48176.6328125,5023.4150390625,1182.78271484375,3039.44482421875
2022-10-27,1345.414794921875,35385.4609375,9409.0078125,15111.6357421875,2478.072265625,1571.87744140625,8829.9111328125,4177.85888671875,20570.564453125,447.99761962890625,2130.56884765625,14713.0224609375,118.0,48150.3515625,5058.81396484375,1147.9951171875,3035.830810546875
2022-10-28,1397.607666015625,34844.02734375,10146.046875,14879.1484375,2571.8037109375,1566.483642578125,8677.232421875,4422.6865234375,20570.564453125,434.8694152832031,2130.56884765625,14345.4208984375,118.0,46862.7265625,5155.35693359375,1147.9951171875,3115.340576171875
2022-10-31,1420.804443359375,34765.4296875,10710.5869140625,14933.3955078125,2579.550048828125,1710.572509765625,8694.1962890625,4659.6162109375,20570.564453125,443.0745544433594,2149.9375,14435.0791015625,118.0,46433.51171875,5168.22900390625,1145.9078369140625,3144.2529296875
2022-11-01,1481.6961669921875,34931.3515625,11737.73828125,14716.4091796875,2586.521728515625,1813.823486328125,8787.4990234375,5030.8056640625,21361.73046875,448.818115234375,2221.9892578125,14345.4208984375,118.0,46424.75,5245.46240234375,1173.042236328125,3152.203857421875
2022-11-02,1443.42138671875,34922.625,11510.353515625,13871.7060546875,2478.84716796875,1810.7410888671875,8736.607421875,4896.544921875,22152.9140625,426.66436767578125,2228.9619140625,14219.8984375,118.0,46240.80078125,5258.3349609375,1203.6553955078125,3152.203857421875
2022-11-03,1420.804443359375,36660.46875,11024.220703125,12833.2666015625,2478.072265625,1810.7410888671875,8533.0361328125,4857.056640625,21812.70703125,425.0233154296875,2246.781494140625,13762.6376953125,118.0,45548.81640625,5258.3349609375,1175.8251953125,3035.830810546875
2022-11-04,1472.997314453125,36677.921875,11157.5146484375,13561.7216796875,2471.100341796875,1772.214599609375,8482.1435546875,4778.0810546875,21607.00390625,426.66436767578125,2246.781494140625,14300.5908203125,105.0,46599.93359375,5251.8984375,1186.2615966796875,3035.830810546875
2022-11-07,1472.997314453125,36677.921875,11157.5146484375,13561.7216796875,2471.100341796875,1772.214599609375,8482.1435546875,4778.0810546875,21607.00390625,426.66436767578125,2246.781494140625,14300.5908203125,105.0,46599.93359375,5251.8984375,1186.2615966796875,3035.830810546875
2022-11-08,1478.796630859375,36415.93359375,11032.060546875,13716.71484375,2509.05810546875,1779.919921875,8516.0703125,4833.36474609375,22469.38671875,424.2027893066406,2208.04345703125,14336.4541015625,101.5,47060.79296875,5248.68115234375,1216.178955078125,2999.68994140625
2022-11-09,1392.388427734375,36398.47265625,10898.767578125,14553.6669921875,2478.072265625,1772.9852294921875,8397.3212890625,4817.56884765625,22295.326171875,428.3053894042969,2195.647705078125,14524.73828125,102.0,45613.17578125,5148.9208984375,1175.8251953125,2999.68994140625
2022-11-10,1507.2127685546875,36101.5546875,10977.17578125,14406.4267578125,2595.043212890625,1941.7308349609375,8626.337890625,4782.029296875,23727.353515625,459.48480224609375,2284.743896484375,14793.71484375,108.9000015258789,45569.30859375,5267.98876953125,1214.0916748046875,2999.68994140625
2022-11-11,1383.1097412109375,36022.96484375,10977.17578125,14336.6806640625,2649.267822265625,1930.1732177734375,8719.642578125,4778.0810546875,23735.267578125,467.6898193359375,2231.286376953125,14542.669921875,108.9000015258789,46490.515625,5267.98876953125,1225.2237548828125,2949.092529296875
2022-11-14,1383.1097412109375,36022.96484375,10977.17578125,14336.6806640625,2649.267822265625,1930.1732177734375,8719.642578125,4778.0810546875,23735.267578125,467.6898193359375,2231.286376953125,14542.669921875,108.9000015258789,46490.515625,5267.98876953125,1225.2237548828125,2949.092529296875
2022-11-15,1455.019775390625,35891.9765625,11486.83203125,14530.419921875,2912.645263671875,2080.42578125,9058.9267578125,4896.544921875,23735.267578125,472.2847595214844,2401.73193359375,15062.69140625,108.9000015258789,44656.875,5267.98876953125,1221.7451171875,3016.69580078125
2022-11-16,1397.607666015625,36057.89453125,11369.216796875,14925.6455078125,2997.855712890625,2011.078125,8982.5908203125,4896.544921875,24051.736328125,451.2796325683594,2362.994384765625,14946.134765625,108.9000015258789,45700.90625,5213.28173828125,1205.0469970703125,3016.69580078125
2022-11-17,1449.800537109375,36590.59375,11526.03515625,14933.3955078125,2990.10888671875,2003.3729248046875,8991.0703125,4809.671875,23181.44140625,443.0745544433594,2362.21923828125,14964.06640625,108.9000015258789,50456.12109375,5210.06396484375,1205.74267578125,3016.69580078125
2022-11-18,1431.8228759765625,35804.64453125,11377.0595703125,14468.4228515625,2982.363037109375,1972.5521240234375,8906.248046875,4849.1591796875,23735.267578125,451.2796325683594,2362.994384765625,15242.0087890625,108.9000015258789,47903.05078125,5123.17529296875,1213.39599609375,2944.731689453125
2022-11-21,1381.369873046875,34058.0625,11024.220703125,13577.2236328125,2982.363037109375,1926.3203125,8736.607421875,4837.3134765625,24526.44140625,447.99761962890625,2351.37255859375,15242.0087890625,111.0,34128.73046875,5148.9208984375,1203.6553955078125,2949.092529296875
2022-11-22,1381.369873046875,34058.0625,11024.220703125,13577.2236328125,2982.363037109375,1926.3203125,8736.607421875,4837.3134765625,24526.44140625,447.99761962890625,2351.37255859375,15242.0087890625,111.0,34128.73046875,5148.9208984375,1203.6553955078125,2949.092529296875
2022-11-23,1426.603515625,34730.49609375,10624.3388671875,14166.1884765625,2979.264404296875,1932.8387451171875,8821.427734375,4837.3134765625,24922.029296875,450.5411376953125,2362.994384765625,14883.3740234375,115.0999984741211,34391.93359375,5126.27783203125,1223.8323974609375,3087.93310546875
2022-11-24,1426.603515625,34730.49609375,10624.3388671875,14166.1884765625,2979.264404296875,1932.8387451171875,8821.427734375,4837.3134765625,24922.029296875,450.5411376953125,2362.994384765625,14883.3740234375,115.0999984741211,34391.93359375,5126.27783203125,1223.8323974609375,3087.93310546875
2022-11-25,1424.8638916015625,34730.49609375,10624.3388671875,14297.9306640625,2919.616943359375,1964.846923828125,8482.1435546875,4837.3134765625,26884.140625,484.10003662109375,2362.994384765625,14883.3740234375,110.30000305175781,34391.93359375,5126.27783203125,1307.3228759765625,3087.93310546875
2022-11-28,1410.94580078125,34499.79296875,10710.5869140625,14142.9404296875,2827.434814453125,1951.4625244140625,8431.2490234375,4861.52001953125,26820.8515625,452.1001892089844,2383.912353515625,14766.8173828125,112.0,34225.234375,5093.35107421875,1308.71435546875,3140.271484375
2022-11-29,1437.0421142578125,32765.615234375,10365.58984375,14824.9013671875,2943.630859375,1964.5,8566.96484375,4834.31201171875,26192.537109375,458.6642150878906,2369.966552734375,14704.0556640625,110.7300033569336,36234.36328125,5123.17529296875,1279.49267578125,3271.115966796875
2022-11-30,1328.017333984375,33228.45703125,10193.091796875,15111.6357421875,2713.562744140625,1980.2574462890625,8397.3212890625,4928.13671875,25317.615234375,457.84375,2266.14990234375,14184.0341796875,120.0,38515.46484375,5239.0263671875,1252.3582763671875,3416.498046875
2022-12-01,1333.81640625,32748.150390625,10122.525390625,14724.158203125,2904.899169921875,1971.7813720703125,8456.6943359375,4928.13671875,26899.966796875,451.2796325683594,2254.52880859375,14166.1025390625,120.0,39041.85546875,5239.0263671875,1294.103515625,3416.498046875
2022-12-02,1337.8759765625,32748.150390625,10185.25,14724.158203125,2928.13818359375,1977.282958984375,8460.935546875,4872.8525390625,26820.8515625,455.3822326660156,2301.013916015625,14184.0341796875,125.0,39410.3515625,5221.84814453125,1301.0609130859375,3429.365966796875
2022-12-05,1298.4412841796875,35795.91015625,9824.572265625,13778.7109375,2866.1669921875,1971.7813720703125,8354.91015625,4746.48974609375,26772.705078125,450.458984375,2262.276123046875,14184.0341796875,120.0,39480.53515625,5084.55859375,1257.228515625,3271.115966796875
2022-12-06,1304.820556640625,35612.515625,10036.2744140625,14414.173828125,2901.025634765625,1883.20166015625,8363.3916015625,4738.59228515625,26820.8515625,443.0745544433594,2210.36767578125,14166.1025390625,117.06999969482422,40006.9375,5007.3251953125,1279.49267578125,3322.5234375
2022-12-07,1299.021240234375,35612.515625,9957.8671875,14879.1484375,2840.603515625,2074.354736328125,8270.0869140625,4584.587890625,26899.966796875,449.6384582519531,2170.081298828125,14264.7275390625,119.25,40761.4609375,4988.01708984375,1259.31591796875,3439.89111328125
2022-12-08,1299.021240234375,35612.515625,9957.8671875,14879.1484375,2840.603515625,2074.354736328125,8270.0869140625,4584.587890625,26899.966796875,449.6384582519531,2170.081298828125,14264.7275390625,119.25,40761.4609375,4988.01708984375,1259.31591796875,3439.89111328125
2022-12-09,1272.9249267578125,35804.64453125,10075.48046875,14646.6611328125,2864.617431640625,1964.846923828125,8227.6787109375,4634.9599609375,26899.966796875,451.2796325683594,2177.053466796875,14255.76171875,119.23999786376953,41311.05078125,4988.01708984375,1266.273193359375,3309.79443359375
2022-12-12,1283.943359375,35795.91015625,9879.4580078125,14697.6572265625,2846.80126953125,1868.53125,8312.5,4646.90869140625,26504.380859375,449.6384582519531,2170.855712890625,14112.3076171875,119.8499984741211,41126.4765625,5074.05517578125,1260.707275390625,3357.26953125
2022-12-13,1299.021240234375,35629.98828125,10012.7529296875,14167.9404296875,2845.25146484375,1934.3179931640625,8388.837890625,4477.9697265625,26741.73828125,449.6384582519531,2175.50390625,14166.1025390625,112.0,39992.62109375,4891.47412109375,1273.230712890625,3409.2294921875
2022-12-14,1274.084716796875,34477.2578125,9722.6435546875,15488.2783203125,2777.08349609375,1891.792724609375,8075.0,4580.638671875,25246.4140625,449.6384582519531,2122.820556640625,14031.6142578125,118.01000213623047,38762.07421875,5087.77685546875,1287.1458740234375,3343.806884765625
2022-12-15,1265.9656982421875,34058.0625,9605.029296875,14792.5322265625,2697.29541015625,1926.3203125,7854.4638671875,4580.638671875,25278.060546875,449.6384582519531,2084.8583984375,13950.9208984375,114.08000183105469,40335.4140625,5073.3212890625,1320.90234375,3361.3408203125
2022-12-16,1244.5086669921875,32914.0625,9605.029296875,14871.59375,2696.520751953125,1891.8931884765625,7629.68798828125,4501.66259765625,25729.0234375,435.6899719238281,2014.35546875,13547.4560546875,112.0,37804.00390625,4955.8359375,1269.5340576171875,3365.527099609375
2022-12-19,1264.2261962890625,34058.0625,9487.4169921875,14444.65625,2697.29541015625,1883.74072265625,7744.19580078125,4770.18310546875,26892.052734375,449.6384582519531,1967.870361328125,13430.8994140625,105.36000061035156,39544.34375,5084.55859375,1262.1956787109375,3360.61083984375
2022-12-20,1293.2220458984375,34049.33984375,9487.4169921875,15883.5888671875,2633.774658203125,1868.53125,7633.9296875,4722.7978515625,27612.01953125,438.1514587402344,1975.617919921875,13224.6845703125,112.44000244140625,39166.40234375,5052.3779296875,1246.0511474609375,3360.61083984375
2022-12-21,1322.218017578125,34285.12890625,9550.142578125,16120.775390625,2711.239013671875,1850.0382080078125,7574.55322265625,4675.4111328125,29273.494140625,441.43353271484375,2051.54345703125,13215.7177734375,108.9000015258789,37795.21875,5148.9208984375,1265.86474609375,3251.025146484375
2022-12-22,1309.459716796875,34442.3125,9542.3017578125,16365.8701171875,2757.71728515625,1849.267578125,7765.40234375,4604.33203125,29194.380859375,449.5565185546875,2042.2469482421875,13009.5029296875,108.0,38900.77734375,5148.9208984375,1247.5189208984375,3273.657958984375
2022-12-23,1309.459716796875,35106.0078125,9895.140625,16595.1484375,2742.224609375,1869.8092041015625,7693.30419921875,4686.87158203125,29194.380859375,439.79248046875,2068.58837890625,13359.1728515625,108.0,38753.2890625,5173.93798828125,1247.5189208984375,3328.275634765625
2022-12-26,1345.9947509765625,34931.3515625,10122.525390625,16128.681640625,2788.703125,1897.8724365234375,7718.7509765625,4817.56884765625,28982.822265625,447.1770935058594,2068.58837890625,13430.8994140625,108.23999786376953,38753.2890625,5174.6650390625,1232.8421630859375,3251.755615234375
2022-12-27,1391.8087158203125,35278.87890625,10350.228515625,16523.9921875,2858.42041015625,1887.7938232421875,7633.9296875,4825.4677734375,30064.662109375,451.2796325683594,2145.288818359375,13448.83203125,102.83000183105469,38876.34375,5084.55859375,1246.7850341796875,3272.942138671875
2022-12-28,1379.6302490234375,37560.6015625,10326.3447265625,16286.8076171875,2887.082275390625,1887.7938232421875,8053.7939453125,4738.59228515625,31647.01171875,458.6642150878906,2115.0732421875,13323.30859375,106.0,39113.65625,5042.92333984375,1247.5189208984375,3273.6728515625
2022-12-29,1403.406982421875,36858.5234375,10509.46484375,16603.0546875,2788.703125,1957.1417236328125,8156.93896484375,5121.71240234375,29273.494140625,467.6898193359375,2153.810791015625,13448.83203125,119.69999694824219,39113.65625,5168.22900390625,1235.0438232421875,3331.38720703125
2022-12-30,1403.406982421875,36858.5234375,10509.46484375,16603.0546875,2788.703125,1957.1417236328125,8156.93896484375,5121.71240234375,29273.494140625,467.6898193359375,2153.810791015625,13448.83203125,119.69999694824219,39113.65625,5168.22900390625,1235.0438232421875,3331.38720703125
2023-01-02,1437.6221923828125,37385.08203125,10492.08984375,16136.5888671875,2866.1669921875,2006.8714599609375,8142.07568359375,5238.666015625,30463.43359375,455.3822326660156,2153.810791015625,13734.091796875,119.69999694824219,37355.74609375,5148.9208984375,1284.2105712890625,3332.1181640625
2023-01-03,1380.2103271484375,37560.6015625,10230.8046875,16049.62109375,2796.449462890625,1964.846923828125,8161.2353515625,4883.77490234375,31567.916015625,467.6898193359375,2168.53125,13448.83203125,108.0,37355.74609375,5129.77880859375,1258.526611328125,3305.796142578125
2023-01-04,1400.50732421875,35507.0546875,10190.9951171875,16856.052734375,2834.406982421875,1984.055908203125,8019.41357421875,4954.43017578125,31074.703125,475.07440185546875,2161.558349609375,13717.80859375,109.91000366210938,39342.18359375,5181.10107421875,1254.8572998046875,3360.61083984375
2023-01-05,1455.5997314453125,35559.69921875,10087.4931640625,18184.298828125,2850.673828125,1935.3509521484375,8569.509765625,4968.46435546875,31639.103515625,471.7923583984375,2154.585693359375,13717.80859375,108.11000061035156,38067.69140625,5204.5869140625,1247.5189208984375,3289.014404296875
2023-01-06,1534.4688720703125,36683.0078125,10190.9951171875,17393.67578125,2850.673828125,2057.31005859375,8427.6904296875,4855.54541015625,31567.916015625,471.7923583984375,2207.268798828125,13897.1259765625,106.87000274658203,39975.0390625,5213.28173828125,1247.5189208984375,3305.635009765625
2023-01-09,1534.4688720703125,36683.0078125,10190.9951171875,17393.67578125,2850.673828125,2057.31005859375,8427.6904296875,4855.54541015625,31567.916015625,471.7923583984375,2207.268798828125,13897.1259765625,106.87000274658203,39975.0390625,5213.28173828125,1247.5189208984375,3305.635009765625
2023-01-10,1557.0858154296875,35542.1484375,10350.228515625,17393.67578125,2938.9833984375,2079.656005859375,8363.224609375,5125.74609375,31330.552734375,466.0490417480469,2246.781494140625,14166.1025390625,106.0,39627.44921875,5213.28173828125,1247.5189208984375,3432.936767578125
2023-01-11,1545.4874267578125,35550.9375,10350.228515625,17243.458984375,2967.633056640625,2059.322998046875,8500.75,5162.04052734375,31647.01171875,459.48480224609375,2295.5908203125,14497.8408203125,119.0,38790.87109375,5203.95556640625,1247.5189208984375,3377.96142578125
2023-01-12,1562.3048095703125,36331.984375,10437.8076171875,17188.115234375,2905.28125,1984.2921142578125,8530.83203125,5081.384765625,30934.953125,466.8693542480469,2314.958984375,15143.384765625,110.0999984741211,38746.83984375,5245.46240234375,1241.648193359375,3433.66650390625
2023-01-13,1573.9033203125,35632.24609375,10350.228515625,16919.3046875,2841.351318359375,1977.83642578125,8431.98828125,5057.1865234375,30934.953125,467.6898193359375,2309.5908203125,15233.0439453125,118.58999633789062,39601.0390625,5261.552734375,1246.0511474609375,3429.51025390625
2023-01-16,1565.78466796875,36073.35546875,10342.26953125,16721.6484375,2880.372314453125,2000.2650146484375,8466.369140625,4944.267578125,30484.703125,467.6898193359375,2292.09423828125,15233.0439453125,117.41999816894531,39187.140625,5235.80859375,1257.05859375,3291.20654296875
2023-01-17,1575.063232421875,35875.63671875,10429.8486328125,17140.67578125,2880.81396484375,1996.34912109375,8423.390625,5041.05712890625,31567.916015625,468.5103454589844,2298.45654296875,15134.4189453125,112.12000274658203,38966.98828125,5277.6435546875,1262.1956787109375,3342.322265625
2023-01-18,1625.5162353515625,35866.87109375,10302.458984375,17132.7734375,2828.722900390625,1977.045654296875,8552.3203125,4980.5634765625,31647.01171875,467.6898193359375,2306.40966796875,15654.439453125,112.95999908447266,38782.0625,5309.82421875,1235.0438232421875,3539.405517578125
2023-01-19,1604.0592041015625,35805.4296875,10230.8046875,17227.64453125,2809.7802734375,1966.9190673828125,8414.7958984375,4843.4462890625,30612.736328125,458.6642150878906,2306.40966796875,15672.37109375,118.05999755859375,38746.83984375,5245.46240234375,1236.5113525390625,3433.64892578125
2023-01-20,1594.2008056640625,35349.08984375,10246.7255859375,17077.4296875,2831.09033203125,1970.2335205078125,8483.55859375,4897.70458984375,31246.15625,457.84375,2308.00048828125,15672.37109375,108.62000274658203,39627.44921875,5286.44775390625,1247.5189208984375,3539.405517578125
2023-01-23,1587.2415771484375,35349.08984375,10190.9951171875,16998.365234375,2762.424560546875,1961.1436767578125,8423.390625,4758.75634765625,31647.01171875,473.4334411621094,2264.258056640625,15475.1220703125,112.62999725341797,39451.328125,5248.68115234375,1243.849853515625,3533.58203125
2023-01-24,1548.3870849609375,35103.35546875,10254.6904296875,16531.8984375,2683.497802734375,1946.87158203125,8285.8681640625,4758.75634765625,29692.8125,457.02325439453125,2201.428466796875,15215.11328125,111.38999938964844,39407.296875,5245.46240234375,1249.720458984375,3524.78515625
2023-01-25,1544.907470703125,35103.35546875,9952.14453125,16587.244140625,2565.89794921875,1898.7230224609375,8006.52099609375,4601.4755859375,28719.67578125,465.8846435546875,2147.3466796875,14937.1689453125,111.86000061035156,39178.33203125,5277.6435546875,1241.648193359375,3522.515625
2023-01-26,1561.72509765625,35015.6015625,9952.14453125,16310.5234375,2565.1083984375,1906.7294921875,8002.22119140625,4637.77099609375,28371.5625,457.02325439453125,2079.74560546875,14695.0888671875,118.79000091552734,38834.90234375,5284.52978515625,1251.18798828125,3368.162841796875
2023-01-27,1511.851806640625,34971.7265625,9936.2197265625,15464.5576171875,2565.1083984375,1815.6539306640625,8113.9619140625,4452.26025390625,29273.494140625,466.8693542480469,2107.5810546875,14695.0888671875,110.36000061035156,39231.17578125,5277.6435546875,1180.739990234375,3268.391845703125
2023-01-30,1501.993408203125,34243.33203125,9554.0576171875,15733.369140625,2525.6455078125,1744.8790283203125,8079.58154296875,4452.26025390625,27952.228515625,465.1462707519531,2077.359130859375,14426.11328125,114.4800033569336,39601.0390625,5155.35693359375,1155.0557861328125,3280.778564453125
2023-01-31,1547.806884765625,35893.1875,9776.986328125,15053.4345703125,2535.906494140625,1772.2047119140625,8049.498046875,4436.12890625,28023.439453125,470.15142822265625,2067.81591796875,14345.4208984375,108.0,40331.92578125,5264.77099609375,1152.1204833984375,3341.139892578125
2023-02-01,1492.1346435546875,35980.9453125,9554.0576171875,14942.748046875,2525.6455078125,1768.62890625,8079.58154296875,4347.4072265625,28023.439453125,455.3822326660156,2016.1201171875,14166.1025390625,109.88999938964844,39099.08203125,5187.537109375,1152.1204833984375,3232.461181640625
2023-02-02,1464.298583984375,35015.6015625,9697.3701171875,15021.8125,2525.6455078125,1728.629150390625,7985.03173828125,4290.94580078125,28482.310546875,461.7821044921875,2002.599853515625,13879.1943359375,107.87999725341797,40331.92578125,5277.6435546875,1101.48583984375,3231.72705078125
2023-02-03,1471.2574462890625,34225.77734375,9562.0205078125,15021.8125,2525.6455078125,1769.76806640625,7972.1396484375,4395.80078125,28877.896484375,475.894775390625,1989.8748779296875,13520.55859375,118.69999694824219,39627.44921875,5213.28173828125,1100.751953125,3269.448486328125
2023-02-06,1494.454345703125,34225.77734375,9554.0576171875,15021.8125,2446.71875,1724.6734619140625,7771.5576171875,4315.14404296875,28862.087890625,467.6898193359375,1964.4246826171875,13843.3310546875,116.0,40499.25,5213.28173828125,1092.6798095703125,3216.82763671875
2023-02-07,1513.591552734375,34840.0859375,9506.287109375,15021.8125,2486.182373046875,1685.1165771484375,7692.7919921875,4307.078125,28482.310546875,470.9717712402344,1983.5125732421875,13717.80859375,111.44999694824219,42621.5234375,5249.7041015625,1107.3564453125,3229.802734375
2023-02-08,1497.3538818359375,33786.984375,9323.16796875,15021.8125,2368.58203125,1696.1846923828125,7624.029296875,4339.3408203125,27422.140625,467.6898193359375,1943.7464599609375,13628.1494140625,110.41000366210938,44911.10546875,5218.462890625,1073.60009765625,3194.2763671875
2023-02-09,1449.800537109375,34717.2265625,9291.3232421875,14998.0927734375,2280.973388671875,1691.429931640625,7391.95654296875,4230.4541015625,26662.6171875,467.6898193359375,1892.8465576171875,13448.83203125,110.41000366210938,45859.59765625,5403.1484375,1049.383544921875,3180.00146484375
2023-02-10,1524.6103515625,34225.77734375,9386.8603515625,14784.625,2257.2958984375,1685.1165771484375,7237.240234375,4274.81396484375,26108.794921875,463.5872497558594,1868.9873046875,13081.23046875,110.41000366210938,44986.3359375,5155.35693359375,1034.7069091796875,3156.826416015625
2023-02-13,1514.75146484375,33786.984375,9235.5888671875,14318.158203125,2217.832763671875,1629.7371826171875,7005.16796875,4153.82958984375,26108.794921875,459.48480224609375,1810.92919921875,12869.9130859375,109.9800033569336,44933.4140625,5116.73974609375,1048.6497802734375,3150.2177734375
2023-02-14,1496.194091796875,35954.625,8678.2685546875,14310.251953125,2288.866455078125,1582.269287109375,6876.2392578125,4153.82958984375,26108.794921875,467.6077880859375,1701.971435546875,12534.3115234375,110.0,44898.12890625,5110.3037109375,1012.69189453125,3237.432373046875
2023-02-15,1504.89306640625,34664.57421875,8614.576171875,15172.0322265625,2204.4150390625,1499.199951171875,6880.53564453125,3847.333740234375,25713.205078125,460.30517578125,1662.2056884765625,11996.3583984375,110.0,44492.37109375,5084.55859375,1001.684326171875,3100.302978515625
2023-02-16,1519.3909912109375,35015.6015625,8702.154296875,14863.685546875,2249.40283203125,1502.36474609375,7104.01416015625,3952.18798828125,25130.1015625,460.05914306640625,1705.947998046875,11655.654296875,110.0,44492.37109375,5138.0751953125,1005.3534545898438,3100.302978515625
2023-02-17,1470.677490234375,34927.83984375,8375.7236328125,14215.3759765625,2249.40283203125,1503.15576171875,7104.01416015625,3944.12158203125,24949.64453125,471.7923583984375,1724.240234375,11601.8583984375,107.0999984741211,44898.12890625,5097.43115234375,1025.1668701171875,3103.46240234375
2023-02-20,1479.37646484375,34927.83984375,8351.8388671875,14239.0966796875,2165.7412109375,1469.658935546875,7104.01416015625,3922.763671875,25317.615234375,466.0490417480469,1777.5260009765625,11596.5234375,107.0999984741211,44986.3359375,5079.9443359375,1026.6348876953125,3041.24951171875
2023-02-21,1500.83349609375,33830.86328125,7969.6748046875,14160.0341796875,2207.572021484375,1534.80126953125,7108.31201171875,3944.12158203125,24684.6796875,459.48480224609375,1685.269775390625,11314.9501953125,107.0999984741211,42768.07421875,5092.6748046875,979.669189453125,3063.394775390625
2023-02-22,1470.677490234375,33365.75390625,7870.15576171875,14365.5947265625,2228.092529296875,1517.3961181640625,7202.85986328125,4009.2041015625,24376.48828125,451.44384765625,1728.216796875,11323.916015625,107.0999984741211,43897.4921875,5081.74658203125,983.3385009765625,3065.98583984375
2023-02-23,1514.75146484375,32125.0703125,7866.173828125,14144.220703125,2288.866455078125,1515.0228271484375,7434.931640625,4032.84423828125,23339.6796875,443.3207092285156,1775.9354248046875,10965.2802734375,107.0999984741211,44977.515625,5020.19775390625,989.9430541992188,3067.808837890625
2023-02-24,1519.3909912109375,32461.837890625,7830.3466796875,14365.5947265625,2339.379150390625,1524.0733642578125,8131.15087890625,4266.7490234375,22485.205078125,466.0490417480469,1779.11669921875,10490.0888671875,107.0999984741211,44968.6875,5023.4150390625,987.741455078125,3206.59912109375
2023-02-27,1557.0858154296875,32461.837890625,7882.099609375,14365.5947265625,2391.470703125,1598.0916748046875,8294.4619140625,4516.78564453125,22042.1484375,455.3822326660156,1920.6824951171875,10221.111328125,107.0999984741211,44986.3359375,5197.19189453125,1022.9655151367188,3046.3720703125
2023-02-28,1564.624755859375,32119.572265625,7643.24609375,13606.5986328125,2377.263671875,1693.0281982421875,8337.439453125,4476.4580078125,19842.6796875,443.0745544433594,1926.2496337890625,9414.181640625,107.0999984741211,44809.921875,5039.505859375,1027.3685302734375,3092.3603515625
2023-03-01,1574.483154296875,31584.24609375,8280.1826171875,13780.5361328125,2352.007080078125,1724.6734619140625,8337.439453125,4758.75634765625,19739.826171875,445.53607177734375,2028.0496826171875,9862.4765625,107.0999984741211,44880.48828125,5136.0478515625,1025.1668701171875,3081.6572265625
2023-03-02,1557.0858154296875,30610.130859375,8757.8876953125,13290.349609375,2352.007080078125,1780.0528564453125,8337.439453125,4762.78955078125,20174.978515625,451.1976623535156,1996.2373046875,9934.2041015625,107.08000183105469,42957.5390625,5158.17578125,1049.383544921875,2952.66943359375
2023-03-03,1580.2825927734375,31557.927734375,9044.5087890625,13914.939453125,2328.32958984375,1811.69873046875,8337.439453125,4835.38134765625,20333.21484375,455.4643249511719,2090.87939453125,10023.86328125,107.0999984741211,42578.25,5203.6279296875,1100.751953125,2952.66943359375
2023-03-06,1588.9813232421875,31241.9921875,9410.74609375,14428.8447265625,2320.4365234375,1819.609375,8346.033203125,4847.47802734375,20333.21484375,475.894775390625,2137.80322265625,10301.8056640625,107.0999984741211,46574.08984375,5290.515625,1146.983642578125,3115.06640625
2023-03-07,1557.0858154296875,28960.27734375,9402.78515625,14452.5625,2284.919921875,1819.609375,8337.439453125,4980.5634765625,20333.21484375,467.6898193359375,2131.440673828125,10158.3505859375,111.0999984741211,50014.22265625,5464.2919921875,1155.7896728515625,3026.486572265625
2023-03-08,1555.3460693359375,29829.08203125,9554.0576171875,14547.439453125,2328.32958984375,1807.7421875,8337.439453125,4964.43115234375,21274.708984375,467.6898193359375,2067.81591796875,10301.8056640625,120.0,50631.671875,5511.76513671875,1120.5655517578125,3144.59326171875
2023-03-09,1526.3499755859375,29574.5859375,9155.970703125,13859.599609375,2328.32958984375,1740.495849609375,8307.3544921875,4698.263671875,21717.76953125,455.3822326660156,1988.2847900390625,10221.111328125,119.9000015258789,50353.66796875,5345.22265625,1076.535400390625,3144.59326171875
2023-03-10,1478.796630859375,29399.064453125,8948.9677734375,13835.8759765625,2332.275634765625,1740.495849609375,8208.5087890625,4516.78564453125,21440.857421875,458.58221435546875,1948.5181884765625,10176.2822265625,115.0,50353.66796875,5406.1025390625,1027.3685302734375,3105.64013671875
2023-03-13,1427.763671875,29837.85546875,8773.8095703125,13835.8759765625,2367.792236328125,1685.1165771484375,8178.42626953125,4436.12890625,21330.095703125,475.07440185546875,1924.6593017578125,9979.033203125,115.29000091552734,50168.15234375,5351.169921875,1012.69189453125,3146.37255859375
2023-03-14,1439.3619384765625,31417.50390625,8749.9267578125,13827.97265625,2399.36328125,1708.8507080078125,8272.9765625,4516.78564453125,21994.677734375,458.58221435546875,2032.026611328125,10131.453125,108.18000030517578,48586.8671875,5020.19775390625,1042.0452880859375,3156.48828125
2023-03-15,1390.068603515625,32058.150390625,8519.03515625,12570.8828125,2438.826171875,1673.249755859375,8328.8427734375,4460.32666015625,22152.9140625,454.5616149902344,2147.3466796875,10391.4638671875,116.0,44169.8828125,5403.1484375,1064.060302734375,3117.122802734375
2023-03-16,1374.410888671875,30715.443359375,8558.84375,12507.6328125,2438.826171875,1740.495849609375,8294.4619140625,4436.12890625,23545.380859375,455.3822326660156,2282.55029296875,10669.40625,118.0,44169.8828125,5338.78662109375,1144.7821044921875,3070.803955078125
2023-03-17,1391.8087158203125,28933.9453125,8041.33154296875,11914.66796875,2366.213623046875,1741.2872314453125,8277.271484375,4557.1142578125,23545.380859375,426.66436767578125,2265.053955078125,10534.91796875,105.62999725341797,41519.69140625,5342.0048828125,1188.81201171875,3080.014404296875
2023-03-20,1391.8087158203125,28933.9453125,8041.33154296875,11914.66796875,2366.213623046875,1741.2872314453125,8277.271484375,4557.1142578125,23545.380859375,426.66436767578125,2265.053955078125,10534.91796875,105.62999725341797,41519.69140625,5342.0048828125,1188.81201171875,3080.014404296875
2023-03-21,1424.2841796875,31593.0234375,8224.4521484375,12325.7919921875,2403.309326171875,1819.609375,7950.64892578125,4581.31201171875,22944.091796875,437.3310241699219,2226.87841796875,10221.111328125,110.0,41077.9921875,5342.0048828125,1174.135498046875,3014.703369140625
2023-03-22,1396.447998046875,32900.62890625,8319.9912109375,12072.79296875,2378.84228515625,1855.2105712890625,7838.91259765625,4666.001953125,23339.6796875,443.0745544433594,2171.2060546875,10131.453125,108.19999694824219,42570.9296875,5338.78662109375,1115.4288330078125,2968.688720703125
2023-03-23,1329.1771240234375,31680.7890625,8057.25634765625,11677.4814453125,2374.896484375,1831.4765625,7877.5908203125,4637.77099609375,23231.306640625,434.8694152832031,2218.92529296875,9781.7841796875,108.19999694824219,41484.34765625,5322.6962890625,1133.7745361328125,3006.98486328125
2023-03-24,1332.07666015625,32909.41015625,8224.4521484375,12175.57421875,2363.84619140625,1828.3121337890625,7477.90966796875,4589.37646484375,22777.9453125,434.7873840332031,2187.113037109375,10077.658203125,104.7699966430664,41519.69140625,5448.20166015625,1100.01806640625,2971.31591796875
2023-03-27,1356.433349609375,35103.35546875,8598.65234375,12120.2314453125,2367.0029296875,1780.0528564453125,7374.76513671875,4557.1142578125,23347.587890625,440.366943359375,2226.87841796875,9862.4765625,104.9800033569336,43551.50390625,5559.29443359375,1064.060302734375,3117.122802734375
2023-03-28,1384.849365234375,34664.57421875,8558.84375,11622.138671875,2363.84619140625,1810.2901611328125,7469.3134765625,4553.08203125,23735.267578125,442.9925231933594,2237.217529296875,10221.111328125,113.33999633789062,44169.8828125,5523.19482421875,1118.3641357421875,3116.974609375
2023-03-29,1381.369873046875,34041.484375,8598.65234375,11701.201171875,2325.961669921875,1847.2994384765625,7220.05078125,4324.28173828125,25096.083984375,445.53607177734375,2266.64404296875,10239.04296875,104.7699966430664,43109.80859375,5519.5849609375,1097.082763671875,3116.224853515625
2023-03-30,1403.9869384765625,35103.35546875,8893.234375,12254.634765625,2352.007080078125,1859.1661376953125,7649.8134765625,4674.06787109375,25862.716796875,451.2796325683594,2273.802001953125,10140.419921875,114.0,44169.8828125,5544.8544921875,1149.1851806640625,3117.122802734375
2023-03-31,1420.804443359375,35498.27734375,8988.77734375,11977.9189453125,2381.9990234375,1874.9891357421875,7813.12744140625,4774.88818359375,25242.79296875,461.60357666015625,2306.40966796875,10292.8388671875,105.4800033569336,44169.8828125,5523.19482421875,1126.436279296875,3049.763671875
2023-04-03,1479.956298828125,35103.35546875,8996.7373046875,12317.884765625,2407.255126953125,1906.634521484375,8122.0712890625,4762.595703125,24740.501953125,465.65057373046875,2346.175537109375,10292.8388671875,119.30999755859375,48586.8671875,5487.095703125,1147.71728515625,2968.688720703125
2023-04-04,1459.0791015625,35351.07421875,9258.9384765625,12404.8525390625,2438.826171875,1843.343505859375,8078.40234375,4811.0537109375,24816.947265625,462.5121154785156,2322.31591796875,10310.771484375,107.0,48145.16796875,5523.19482421875,1149.1851806640625,3049.585205078125
2023-04-05,1472.997314453125,35758.015625,9340.8759765625,12863.4140625,2438.826171875,1907.425537109375,8122.0712890625,4794.521484375,25982.37890625,468.2934265136719,2425.707275390625,10400.4296875,108.66999816894531,49470.26953125,5559.29443359375,1177.8046875,3146.067626953125
2023-04-06,1472.997314453125,35758.015625,9340.8759765625,12863.4140625,2438.826171875,1907.425537109375,8122.0712890625,4794.521484375,25982.37890625,468.2934265136719,2425.707275390625,10400.4296875,108.66999816894531,49470.26953125,5559.29443359375,1177.8046875,3146.067626953125
2023-04-07,1472.997314453125,35758.015625,9340.8759765625,12863.4140625,2438.826171875,1907.425537109375,8122.0712890625,4794.521484375,25982.37890625,468.2934265136719,2425.707275390625,10400.4296875,108.66999816894531,49470.26953125,5559.29443359375,1177.8046875,3146.067626953125
2023-04-10,1460.8187255859375,35386.44921875,9283.5185546875,12895.0390625,2501.9677734375,1907.425537109375,8196.302734375,4790.3876953125,25559.57421875,463.33795166015625,2461.49560546875,10472.1572265625,113.5999984741211,50353.66796875,5548.46435546875,1235.777587890625,3102.27978515625
2023-04-11,1496.194091796875,35510.30859375,9381.84375,13203.3837890625,2561.134033203125,1914.64111328125,8331.6708984375,4893.71728515625,27115.1640625,460.03424072265625,2478.992919921875,10490.0888671875,112.0,52923.84765625,5518.61767578125,1254.8572998046875,3180.208251953125
2023-04-12,1496.194091796875,35643.0078125,9668.6259765625,13314.0673828125,2547.3115234375,1929.8218994140625,8593.673828125,4918.51708984375,25926.53515625,479.0302429199219,2457.51953125,11117.701171875,108.70999908447266,53092.00390625,5371.578125,1260.72802734375,3182.375
2023-04-13,1486.33544921875,37155.77734375,9594.8818359375,13314.0673828125,2547.3115234375,1911.25146484375,8515.072265625,4873.96142578125,26907.751953125,487.2894287109375,2455.928955078125,11906.69921875,112.0,53012.35546875,5508.75537109375,1240.9144287109375,3183.918212890625
2023-04-14,1484.595703125,38022.7421875,9652.2392578125,13298.2568359375,2585.525634765625,1933.5654296875,8515.072265625,4827.58642578125,27282.693359375,480.6822509765625,2504.563232421875,11655.654296875,115.83000183105469,53968.17578125,5418.50732421875,1258.526611328125,3183.918212890625
2023-04-17,1482.276123046875,38040.4375,9685.01171875,13756.8154296875,2596.09521484375,1974.705322265625,8515.072265625,4823.45361328125,29516.359375,487.2894287109375,2418.283203125,12014.2900390625,111.37000274658203,53092.00390625,5378.7978515625,1225.5037841796875,3091.147216796875
2023-04-18,1479.956298828125,37925.43359375,9447.3935546875,13321.9765625,2598.534423828125,1966.4774169921875,8349.1396484375,4546.5283203125,29277.037109375,493.8970031738281,2417.468994140625,11906.69921875,104.80000305175781,53330.96484375,5378.7978515625,1239.44677734375,3046.61669921875
2023-04-19,1475.8968505859375,36432.15625,9349.068359375,13401.037109375,2593.656005859375,1966.4774169921875,8209.404296875,4587.8603515625,28160.212890625,493.0708923339844,2477.702392578125,11745.3134765625,105.01000213623047,52914.99609375,5378.7978515625,1243.1158447265625,3109.701416015625
2023-04-20,1461.3990478515625,37155.77734375,9381.84375,13820.0654296875,2584.712890625,1973.882568359375,8122.0712890625,4605.78173828125,28391.5546875,497.2005615234375,2456.6044921875,11530.1318359375,107.7699966430664,52198.140625,5349.91845703125,1247.5189208984375,3067.65771484375
2023-04-21,1459.9263916015625,35917.2578125,9504.75,13709.3798828125,2569.26416015625,1974.705322265625,7969.23583984375,4587.8603515625,27131.1171875,495.5487365722656,2433.748291015625,11386.677734375,106.0,51808.7421875,5487.095703125,1225.5037841796875,3103.199951171875
2023-04-24,1500.8294677734375,35917.2578125,9480.1689453125,14199.56640625,2583.899169921875,1974.705322265625,7991.06787109375,4629.19189453125,26804.048828125,503.80780029296875,2409.3291015625,11655.654296875,107.93000030517578,50490.05859375,5378.7978515625,1244.5836181640625,3117.122802734375
2023-04-25,1406.4376220703125,35209.52734375,9308.1005859375,13994.0029296875,2528.611572265625,1912.9959716796875,7860.06884765625,4727.81884765625,27327.443359375,504.2232971191406,2401.189697265625,11790.142578125,105.51000213623047,48826.24609375,5349.91845703125,1262.1956787109375,3117.122802734375
2023-04-26,1382.525146484375,35156.44140625,9365.458984375,14017.72265625,2557.068359375,1934.0592041015625,7860.06884765625,4534.12890625,26611.89453125,500.98284912109375,2417.468994140625,11834.9716796875,105.0,49525.40625,5305.2705078125,1262.1956787109375,3117.122802734375
2023-04-27,1376.861572265625,36182.6484375,9054.0947265625,13899.126953125,2495.27587890625,1910.52734375,7515.0966796875,4434.93115234375,27415.884765625,494.3363952636719,2295.374755859375,11485.302734375,104.33999633789062,51313.125,5277.7197265625,1350.255859375,3087.436279296875
2023-04-28,1439.78955078125,37235.3984375,9504.75,14389.314453125,2512.35009765625,1932.7430419921875,7729.0673828125,4691.19091796875,27496.27734375,488.520751953125,2376.770751953125,11915.6650390625,105.0,53357.51171875,5494.3154296875,1320.90234375,3169.075439453125
2023-05-01,1439.78955078125,37235.3984375,9504.75,14389.314453125,2512.35009765625,1932.7430419921875,7729.0673828125,4691.19091796875,27496.27734375,488.520751953125,2376.770751953125,11915.6650390625,105.0,53357.51171875,5494.3154296875,1320.90234375,3169.075439453125
2023-05-02,1304.4945068359375,37642.33984375,9217.96875,14310.251953125,2441.6142578125,1924.8111572265625,7362.26318359375,4609.99755859375,29345.447265625,480.21258544921875,2360.49169921875,11754.279296875,105.0,53499.1171875,5205.52099609375,1269.5340576171875,3117.865234375
2023-05-03,1286.874755859375,38836.63671875,9217.96875,14136.314453125,2468.445068359375,1882.749755859375,7729.0673828125,4596.126953125,29739.388671875,475.2276916503906,2359.677490234375,11745.3134765625,103.80000305175781,53977.0234375,5277.7197265625,1327.5069580078125,3124.544921875
2023-05-04,1252.264404296875,39190.49609375,9013.126953125,14389.314453125,2455.435791015625,1853.07958984375,7563.13134765625,4604.39306640625,29739.388671875,481.7080078125,2336.07275390625,11727.380859375,110.0,55747.05078125,5296.52734375,1299.6212158203125,3136.9609375
2023-05-05,1309.52880859375,39190.49609375,9258.9384765625,14152.1279296875,2455.435791015625,1834.8302001953125,7663.56640625,4385.33349609375,29739.388671875,467.75030517578125,2283.1650390625,11915.6650390625,107.91999816894531,54782.390625,5277.7197265625,1298.887451171875,3063.686767578125
2023-05-08,1296.31396484375,39349.7421875,9357.2626953125,13851.69140625,2487.958740234375,1843.058349609375,7510.73095703125,4425.41796875,29747.44140625,467.75030517578125,2285.607177734375,11565.9951171875,107.7699966430664,55729.34765625,5068.34326171875,1298.887451171875,3065.171142578125
2023-05-09,1313.304443359375,39455.89453125,9349.068359375,14073.0654296875,2479.82763671875,1860.8719482421875,7598.06591796875,4449.927734375,28750.49609375,465.3409118652344,2197.698974609375,11682.5517578125,109.77999877929688,55405.015625,5181.96240234375,1270.267822265625,3112.42529296875
2023-05-10,1308.2701416015625,40252.09375,9340.8759765625,13914.939453125,2487.958740234375,1831.5389404296875,8008.53662109375,4546.5283203125,29039.921875,470.9072570800781,2233.025390625,12068.0849609375,105.37999725341797,55121.328125,5133.11279296875,1283.476806640625,3080.014404296875
2023-05-11,1315.1923828125,38933.9453125,9521.138671875,13677.751953125,2439.988037109375,1820.8427734375,7842.60107421875,4298.5361328125,29417.794921875,460.2729797363281,2170.024169921875,12068.0849609375,105.0,53179.94140625,5226.89892578125,1221.1009521484375,3091.88916015625
2023-05-12,1337.217041015625,38040.4375,9504.75,14444.65625,2505.845458984375,1810.146240234375,8078.40234375,4600.2607421875,29337.3984375,470.99041748046875,2197.698974609375,11852.9033203125,103.5,53126.75,5264.4208984375,1291.549072265625,3117.122802734375
2023-05-15,1314.5631103515625,37615.796875,9414.619140625,13859.599609375,2496.088623046875,1830.0745849609375,8205.0380859375,4546.5283203125,29176.60546875,461.1037292480469,2242.304443359375,12005.32421875,102.22000122070312,54039.83203125,5122.49267578125,1293.0166015625,3150.691650390625
2023-05-16,1298.8311767578125,38031.59375,9308.1005859375,13772.6298828125,2432.67041015625,1830.025146484375,8122.0712890625,4546.5283203125,29175.88671875,452.0478820800781,2178.10693359375,11915.6650390625,102.22000122070312,54518.53515625,5198.30126953125,1269.5340576171875,3117.122802734375
2023-05-17,1324.002197265625,36111.875,9291.7119140625,13978.1904296875,2422.1005859375,1758.7464599609375,8209.404296875,4389.4658203125,28133.095703125,441.99481201171875,2193.62939453125,12077.05078125,102.87000274658203,54084.15625,5153.36474609375,1247.5189208984375,3135.232421875
2023-05-18,1329.6656494140625,36704.6015625,9119.64453125,14319.974609375,2416.4091796875,1792.6785888671875,8209.404296875,4463.86474609375,28935.4140625,433.68670654296875,2197.698974609375,12059.119140625,103.77999877929688,54066.421875,5174.04248046875,1268.800048828125,3128.790283203125
2023-05-19,1343.5098876953125,36079.33203125,9381.84375,13687.966796875,2477.388427734375,1810.146240234375,8122.0712890625,4483.30615234375,28139.46484375,423.7169189453125,2197.698974609375,11655.654296875,100.88999938964844,52621.45703125,5164.9453125,1262.1956787109375,3119.460693359375
2023-05-22,1343.5098876953125,36079.33203125,9381.84375,13687.966796875,2477.388427734375,1810.146240234375,8122.0712890625,4483.30615234375,28139.46484375,423.7169189453125,2197.698974609375,11655.654296875,100.88999938964844,52621.45703125,5164.9453125,1262.1956787109375,3119.460693359375
2023-05-23,1334.6998291015625,35563.38671875,9390.037109375,13421.857421875,2455.435791015625,1810.146240234375,8270.5380859375,4372.93359375,28911.291015625,420.3936462402344,2220.48974609375,12014.2900390625,95.33999633789062,53171.08203125,5160.8369140625,1284.2105712890625,3117.122802734375
2023-05-24,1330.92431640625,35474.91796875,9217.96875,13305.43359375,2410.718017578125,1721.2847900390625,8165.73876953125,4455.59814453125,27182.72265625,416.2396240234375,2105.7216796875,12157.744140625,92.77999877929688,51238.546875,5198.30126953125,1247.5189208984375,3108.974365234375
2023-05-25,1312.67529296875,35474.91796875,9217.96875,13055.95703125,2394.45654296875,1787.7171630859375,8165.73876953125,4455.59814453125,27346.27734375,421.9722595214844,2116.302734375,12121.880859375,92.55999755859375,51238.546875,5126.1025390625,1284.2105712890625,3114.369873046875
2023-05-26,1299.4603271484375,35474.91796875,9217.96875,13471.75390625,2480.640869140625,1727.6778564453125,8165.73876953125,4455.59814453125,27451.0,422.13958740234375,2115.48876953125,12148.7783203125,92.5,51238.546875,5164.58447265625,1286.4122314453125,3080.756591796875
2023-05-29,1296.31396484375,35474.91796875,9217.96875,13862.59765625,2589.59033203125,1736.498291015625,8165.73876953125,4455.59814453125,28195.01953125,425.0682373046875,2122.39892578125,12283.2666015625,100.88999938964844,51238.546875,5053.90380859375,1266.5987548828125,3094.650146484375
2023-05-30,1268.625732421875,35474.91796875,9217.96875,14137.0263671875,2565.198974609375,1810.146240234375,8165.73876953125,4455.59814453125,27992.470703125,408.3332214355469,2117.11669921875,12761.8349609375,100.0,51238.546875,5252.4501953125,1275.4046630859375,3117.122802734375
2023-05-31,1281.211181640625,35474.91796875,9217.96875,14635.9755859375,2585.525634765625,1801.9189453125,8165.73876953125,4455.59814453125,27384.8125,401.63916015625,2197.698974609375,13355.408203125,95.87000274658203,51238.546875,5342.6982421875,1298.887451171875,2968.688720703125
2023-06-01,1298.8311767578125,35474.91796875,9217.96875,14635.9755859375,2683.092529296875,1769.0068359375,8165.73876953125,4455.59814453125,26331.556640625,418.0395812988281,2189.55908203125,13355.408203125,100.05000305175781,51238.546875,5086.3935546875,1342.91748046875,2968.688720703125
2023-06-02,1331.553466796875,35474.91796875,9217.96875,14968.615234375,2764.39794921875,1842.2354736328125,8165.73876953125,4455.59814453125,26696.146484375,426.657958984375,2311.654052734375,13438.8798828125,100.0,51238.546875,5200.40234375,1350.255859375,3096.342529296875
2023-06-05,1315.1923828125,35474.91796875,9217.96875,14785.6640625,2764.39794921875,1905.5904541015625,8165.73876953125,4455.59814453125,27182.271484375,435.0256042480469,2279.09521484375,13615.09765625,99.98999786376953,51238.546875,5198.30126953125,1378.8753662109375,3042.90576171875
2023-06-06,1348.544189453125,35474.91796875,9217.96875,15550.728515625,2870.095947265625,1974.705322265625,8165.73876953125,4455.59814453125,27862.837890625,439.2929382324219,2311.654052734375,14245.76953125,99.97000122070312,51238.546875,5198.30126953125,1412.6318359375,3127.513671875
2023-06-07,1365.53466796875,35474.91796875,9217.96875,14968.615234375,2845.7041015625,1974.705322265625,8165.73876953125,4455.59814453125,27684.59375,435.1092224121094,2262.816162109375,14180.84765625,95.0,51238.546875,5313.8193359375,1430.9776611328125,3217.316650390625
2023-06-08,1366.1639404296875,35474.91796875,9217.96875,14635.9755859375,2875.787353515625,1991.1612548828125,8165.73876953125,4455.59814453125,27170.990234375,425.9049987792969,2258.746337890625,14013.904296875,99.93000030517578,51377.390625,5313.8193359375,1452.99267578125,3235.87109375
2023-06-09,,35474.91796875,9217.96875,,,,8165.73876953125,4455.59814453125,,,,,,51377.390625,,,
2023-06-12,,35474.91796875,9217.96875,,,,8165.73876953125,4455.59814453125,,,,,,51377.390625,,,
2023-06-13,1342.880615234375,35474.91796875,9217.96875,15301.25,2959.5322265625,2098.12451171875,8165.73876953125,4455.59814453125,27229.173828125,426.74163818359375,2345.0263671875,14282.8671875,95.0,51377.390625,5270.5,1445.6541748046875,3264.0732421875
2023-06-14,1348.544189453125,35474.91796875,9217.96875,14943.6650390625,2886.357177734375,2172.17529296875,8165.73876953125,4455.59814453125,26736.6640625,422.7252502441406,2279.09521484375,14375.61328125,94.97000122070312,51377.390625,5267.00537109375,1430.9776611328125,3319.6845703125
2023-06-15,1354.8369140625,35474.91796875,9217.96875,14960.296875,2927.01025390625,2168.884521484375,8165.73876953125,4455.59814453125,26493.603515625,418.3741760253906,2327.932861328125,14366.3388671875,95.0,51377.390625,5306.59912109375,1444.1866455078125,3355.986083984375
2023-06-16,1384.4129638671875,31653.189453125,11020.5927734375,14760.7177734375,2870.095947265625,2033.9464111328125,8794.5419921875,5017.71435546875,26250.53515625,397.45562744140625,2230.25732421875,13911.8837890625,90.8499984741211,51359.6171875,5144.15185546875,1349.5220947265625,3568.390625
2023-06-19,1384.4129638671875,31653.189453125,11020.5927734375,14760.7177734375,2870.095947265625,2033.9464111328125,8794.5419921875,5017.71435546875,26250.53515625,397.45562744140625,2230.25732421875,13911.8837890625,90.8499984741211,51359.6171875,5144.15185546875,1349.5220947265625,3568.390625
2023-06-20,1342.880615234375,31670.880859375,11225.439453125,14885.4560546875,2805.051025390625,2040.5289306640625,8344.771484375,5050.779296875,26250.564453125,405.8230285644531,2235.955322265625,13893.3349609375,92.2300033569336,50630.734375,5198.30126953125,1378.8753662109375,3651.8076171875
2023-06-21,1374.9736328125,31914.92578125,10733.8134765625,14594.3994140625,2725.37158203125,2032.30078125,7881.90234375,4959.84814453125,25926.455078125,414.10687255859375,2226.187744140625,13401.7822265625,94.9000015258789,48861.859375,5292.6142578125,1364.9324951171875,3629.408203125
2023-06-22,1351.6904296875,32732.466796875,10651.875,14261.7646484375,2735.128173828125,2024.072998046875,8065.30322265625,4835.85302734375,26893.8359375,405.0699768066406,2230.25732421875,13355.408203125,94.31999969482422,47999.64453125,5278.50634765625,1385.4798583984375,3607.009521484375
2023-06-23,1346.65625,30609.283203125,10782.9755859375,14120.392578125,2704.232177734375,1974.705322265625,7956.1357421875,5017.71435546875,25278.29296875,406.65972900390625,2185.4892578125,13355.408203125,94.80000305175781,47701.25390625,5251.88720703125,1346.5867919921875,3591.183349609375
2023-06-26,1374.9736328125,31838.955078125,10815.751953125,14045.55078125,2695.800537109375,1955.5179443359375,7938.67041015625,4959.84814453125,26542.208984375,405.8230285644531,2191.830322265625,13169.9169921875,92.19999694824219,47644.08984375,5053.90380859375,1368.6015625,3379.78369140625
2023-06-27,1346.65625,32026.4140625,11059.2724609375,14012.287109375,2715.61474609375,1945.9075927734375,7947.40234375,5009.44775390625,26747.201171875,409.7007751464844,2181.419921875,13661.4697265625,91.76000213623047,47092.98046875,5208.9716796875,1379.609130859375,3543.67431640625
2023-06-28,1352.9490966796875,31302.46484375,10891.326171875,13762.80859375,2691.222900390625,1962.5771484375,8026.001953125,4984.86328125,25317.96484375,408.85784912109375,2197.698974609375,13633.646484375,90.0,45634.0,5053.90380859375,1397.2213134765625,3293.5859375
2023-06-29,1354.8369140625,30754.29296875,10874.53125,14012.287109375,2650.5703125,1892.4256591796875,8340.4052734375,4976.3818359375,26583.8671875,414.7588806152344,2181.419921875,13633.646484375,90.0,46604.1015625,5182.3671875,1433.8057861328125,3398.467041015625
2023-06-30,1346.65625,32133.521484375,10874.53125,14045.55078125,2764.39794921875,1869.3878173828125,8427.7392578125,4968.11572265625,26286.97265625,409.7007751464844,2181.419921875,13772.765625,85.30000305175781,46604.1015625,5261.12841796875,1420.5731201171875,3307.457763671875
2023-07-03,1346.65625,32133.521484375,10874.53125,14045.55078125,2764.39794921875,1869.3878173828125,8427.7392578125,4968.11572265625,26286.97265625,409.7007751464844,2181.419921875,13772.765625,85.30000305175781,46604.1015625,5261.12841796875,1420.5731201171875,3307.457763671875
2023-07-04,1344.768310546875,32133.521484375,10916.517578125,13962.390625,2731.875732421875,1869.3878173828125,8558.740234375,5034.24755859375,25881.490234375,408.85784912109375,2165.14013671875,13911.8837890625,90.0,47110.765625,5210.8056640625,1397.9993896484375,3291.75537109375
2023-07-05,1344.768310546875,31026.697265625,10916.517578125,13613.123046875,2704.232177734375,1869.3878173828125,8584.2216796875,5223.6796875,24501.255859375,410.5438232421875,2187.117431640625,13735.666015625,90.0,47101.875,5053.90380859375,1432.2490234375,3398.467041015625
2023-07-06,1340.363525390625,32124.591796875,10916.517578125,13654.703125,2666.8310546875,1927.805908203125,8274.0009765625,5079.75244140625,24501.255859375,413.0727233886719,2189.55908203125,13800.58984375,90.0,46070.765625,5061.1240234375,1416.68115234375,3398.467041015625
2023-07-07,1359.2418212890625,33035.04296875,11151.6416015625,14120.392578125,2678.2138671875,1973.882568359375,8415.818359375,5155.94970703125,24493.091796875,414.7588806152344,2181.419921875,13911.8837890625,89.0999984741211,46932.98828125,5245.23046875,1432.2490234375,3536.72265625
2023-07-10,1357.3538818359375,32044.259765625,11067.6689453125,13929.126953125,2699.353515625,1975.528076171875,8526.6103515625,5117.8515625,24092.900390625,413.91583251953125,2197.698974609375,13893.3349609375,87.30000305175781,46230.76953125,5140.54248046875,1420.5731201171875,3402.329345703125
2023-07-11,1393.222900390625,32133.521484375,11176.833984375,13970.70703125,2804.708984375,2040.622314453125,8619.6767578125,5079.75244140625,24174.568359375,414.7588806152344,2220.48974609375,14468.359375,90.0,47205.265625,5140.54248046875,1454.0440673828125,3402.329345703125
2023-07-12,1407.0670166015625,33829.4609375,11176.833984375,14112.0771484375,2792.225341796875,2004.92626953125,8411.384765625,5130.55029296875,24174.568359375,418.8052978515625,2244.90869140625,14690.94921875,89.26000213623047,46751.0234375,5270.5,1470.390380859375,3653.35205078125
2023-07-13,1407.0670166015625,33918.71875,11420.3564453125,14220.1845703125,2871.289794921875,1997.277099609375,8522.1796875,5164.41552734375,24974.94921875,415.60186767578125,2288.975830078125,14616.7529296875,90.0,47205.265625,5270.5,1463.3848876953125,3653.35205078125
2023-07-14,1363.646728515625,34025.828125,11252.41015625,14220.1845703125,2908.741455078125,1949.682373046875,8464.56640625,5223.6796875,25056.615234375,413.0727233886719,2272.268310546875,14347.7900390625,89.93000030517578,46314.6015625,5206.466796875,1429.1353759765625,3630.1806640625
2023-07-17,1363.0174560546875,33383.16015625,11302.7939453125,14186.9208984375,2934.54150390625,1929.284912109375,8597.5185546875,5215.21337890625,24901.443359375,407.34039306640625,2238.85205078125,14013.904296875,90.0,46314.6015625,5270.5,1408.1187744140625,3637.90478515625
2023-07-18,1375.60302734375,33383.16015625,11470.740234375,14361.5537109375,2983.644775390625,1950.5323486328125,8535.47265625,5236.37890625,24925.947265625,423.1889343261719,2215.46142578125,14190.1220703125,85.0,45678.5390625,5198.30126953125,1426.80029296875,3634.043212890625
2023-07-19,1372.4566650390625,34632.80078125,11428.7529296875,14386.5,2996.128662109375,1954.7816162109375,8593.087890625,5122.08349609375,25399.638671875,433.220703125,2238.85205078125,14551.8310546875,85.0,45869.265625,5317.4287109375,1418.23779296875,3629.408203125
2023-07-20,1372.4566650390625,34632.80078125,11428.7529296875,14386.5,2996.128662109375,1954.7816162109375,8593.087890625,5122.08349609375,25399.638671875,433.220703125,2238.85205078125,14551.8310546875,85.0,45869.265625,5317.4287109375,1418.23779296875,3629.408203125
2023-07-21,1379.378662109375,34811.31640625,11579.9072265625,14394.818359375,2979.483154296875,1970.93017578125,8655.12890625,5139.01708984375,25154.630859375,431.618896484375,2255.56005859375,14644.5771484375,84.16999816894531,46314.6015625,5270.5,1423.686767578125,3594.380615234375
2023-07-24,1396.369384765625,34811.31640625,11697.4677734375,14303.3427734375,2947.857421875,1937.783935546875,8672.8564453125,5134.78369140625,24827.935546875,436.59283447265625,2238.85205078125,14459.0849609375,85.0,46314.6015625,5216.35107421875,1423.686767578125,3630.1806640625
2023-07-25,1411.471923828125,34811.31640625,11756.251953125,14344.921875,2850.4833984375,1938.6336669921875,8539.90625,5088.21923828125,25130.123046875,434.14801025390625,2213.791015625,14375.61328125,85.0,45602.06640625,5324.64892578125,1406.56201171875,3630.1806640625
2023-07-26,1399.515625,34097.234375,11924.1982421875,14128.7099609375,2846.322509765625,1949.121337890625,8553.2001953125,5147.48291015625,24999.15234375,439.7510681152344,2188.728759765625,14375.61328125,85.0,46074.1171875,5147.76220703125,1389.437255859375,3630.1806640625
2023-07-27,1383.78369140625,34722.0625,11882.2099609375,14328.2919921875,2871.289794921875,1953.08203125,8508.8828125,5151.7158203125,24875.59765625,434.65728759765625,2213.791015625,14375.61328125,85.0,45272.51953125,5151.3720703125,1393.3292236328125,3630.1806640625
2023-07-28,1388.1885986328125,32285.26171875,12092.142578125,14195.2353515625,2912.90283203125,1953.08203125,8508.8828125,5147.48291015625,24859.123046875,429.1393127441406,2213.791015625,14366.3388671875,84.9000015258789,45423.93359375,5281.3291015625,1380.096435546875,3630.1806640625
2023-07-31,1388.1885986328125,32285.26171875,12092.142578125,14195.2353515625,2912.90283203125,1953.08203125,8508.8828125,5147.48291015625,24859.123046875,429.1393127441406,2213.791015625,14366.3388671875,84.9000015258789,45423.93359375,5281.3291015625,1380.096435546875,3630.1806640625
2023-08-01,1441.0482177734375,32624.44921875,11638.6875,14220.1845703125,2903.747802734375,1935.234130859375,8579.7919921875,5342.20654296875,25172.130859375,433.6385803222656,2205.4365234375,14421.9873046875,84.9000015258789,45869.265625,5281.3291015625,1369.977294921875,3495.787109375
2023-08-02,1422.8555908203125,32810.984375,11499.75390625,14067.853515625,2901.625732421875,1929.411865234375,8525.9189453125,5353.24658203125,25155.134765625,428.9015808105469,2165.530029296875,14556.0791015625,84.88999938964844,45546.6796875,5238.09716796875,1371.4952392578125,3622.989990234375
2023-08-03,1466.21923828125,32133.521484375,11504.33203125,13995.654296875,2912.90283203125,1954.7816162109375,8393.6591796875,5291.41015625,24957.970703125,424.47015380859375,2172.02099609375,14375.61328125,83.0,45619.87890625,5205.52099609375,1366.0853271484375,3630.1806640625
2023-08-04,1466.21923828125,32133.521484375,11504.33203125,13995.654296875,2912.90283203125,1954.7816162109375,8393.6591796875,5291.41015625,24957.970703125,424.47015380859375,2172.02099609375,14375.61328125,83.0,45619.87890625,5205.52099609375,1366.0853271484375,3630.1806640625
2023-08-07,1466.21923828125,32133.521484375,11504.33203125,13995.654296875,2912.90283203125,1954.7816162109375,8393.6591796875,5291.41015625,24957.970703125,424.47015380859375,2172.02099609375,14375.61328125,83.0,45619.87890625,5205.52099609375,1366.0853271484375,3630.1806640625
2023-08-08,1488.243896484375,31240.91796875,11369.9755859375,14137.0263671875,2977.81884765625,1954.7816162109375,8531.041015625,5249.0771484375,25122.705078125,437.2042541503906,2138.60498046875,14052.0595703125,83.0,45031.13671875,5191.7890625,1365.306884765625,3581.66796875
2023-08-09,1437.2724609375,32133.521484375,11420.3564453125,14137.0263671875,2979.483154296875,1965.83056640625,8508.8828125,5329.5078125,24299.009765625,441.44891357421875,2159.490234375,14384.8876953125,85.0,45838.98046875,5126.1025390625,1369.977294921875,3651.8076171875
2023-08-10,1428.46240234375,32847.59375,11571.5107421875,14137.0263671875,2921.2255859375,1990.4775390625,8517.7470703125,5281.99462890625,24529.6484375,441.44891357421875,2096.83544921875,14375.61328125,85.0999984741211,45963.91796875,5142.87451171875,1363.750244140625,3553.71533203125
2023-08-11,1447.3406982421875,33383.16015625,11504.33203125,13987.337890625,2838.831787109375,1994.7274169921875,8579.7919921875,5325.27392578125,24307.251953125,431.2615966796875,2159.490234375,14412.7119140625,85.0,45946.08203125,5216.35107421875,1369.977294921875,3629.408203125
2023-08-14,1431.6087646484375,33374.2265625,11504.33203125,14053.8671875,2808.870849609375,1969.230224609375,8322.7509765625,5147.48291015625,23887.16015625,435.166748046875,2130.251220703125,14412.7119140625,85.0,44625.1796875,5216.35107421875,1369.977294921875,3629.408203125
2023-08-15,1425.316162109375,32490.55859375,11411.9599609375,14053.8671875,2775.580322265625,1969.230224609375,8154.34716796875,5100.9189453125,24397.857421875,420.22540283203125,2129.415771484375,13355.408203125,85.0,45963.91796875,5126.1025390625,1368.4205322265625,3635.5869140625
2023-08-16,1451.745849609375,32535.185546875,11504.33203125,14045.55078125,2754.773681640625,1969.230224609375,8198.6650390625,5105.15234375,24381.376953125,435.5063171386719,2172.02099609375,12993.69921875,85.0,46410.1796875,5126.1025390625,1383.9884033203125,3634.043212890625
2023-08-17,1445.4530029296875,31508.697265625,11462.34375,13721.23046875,2754.773681640625,1969.230224609375,8110.029296875,4999.3232421875,23508.265625,417.6785888671875,2130.251220703125,13429.60546875,85.0,46401.24609375,5057.51416015625,1385.5452880859375,3634.043212890625
2023-08-18,1466.21923828125,30794.619140625,11336.3828125,13579.8583984375,2788.064208984375,1969.230224609375,8322.7509765625,4990.857421875,24257.828125,420.22540283203125,2096.83544921875,13540.900390625,81.3499984741211,46231.6796875,5124.283203125,1376.9827880859375,3630.1806640625
2023-08-21,1466.21923828125,30794.619140625,11336.3828125,13579.8583984375,2788.064208984375,1969.230224609375,8322.7509765625,4990.857421875,24257.828125,420.22540283203125,2096.83544921875,13540.900390625,81.3499984741211,46231.6796875,5124.283203125,1376.9827880859375,3630.1806640625
2023-08-22,1462.4434814453125,30348.322265625,11160.041015625,13006.0615234375,2750.6123046875,1969.230224609375,7994.80615234375,4995.09033203125,24257.828125,411.7359619140625,2155.313232421875,13253.388671875,85.0,46410.1796875,5090.00341796875,1362.1932373046875,3630.1806640625
2023-08-23,1453.6336669921875,31151.6640625,10580.6240234375,12523.740234375,2634.09619140625,1895.2884521484375,7817.53515625,4834.2314453125,23911.873046875,396.5399475097656,2090.988037109375,12520.6953125,85.0,46231.6796875,5090.00341796875,1338.84130859375,3591.56201171875
2023-08-24,1449.85791015625,30223.361328125,10580.6240234375,12723.322265625,2617.450927734375,1878.2904052734375,7910.6025390625,4834.2314453125,23228.21484375,393.90826416015625,2088.4814453125,12149.7119140625,85.0,46178.125,5090.00341796875,1338.84130859375,3591.56201171875
2023-08-25,1453.6336669921875,29902.02734375,10496.65234375,12906.271484375,2631.599365234375,1845.6710205078125,8043.5546875,4995.09033203125,23071.708984375,393.0592956542969,2130.251220703125,11695.2578125,86.16999816894531,46410.1796875,5126.1025390625,1368.4205322265625,3552.943359375
2023-08-28,1475.6583251953125,30348.322265625,10085.18359375,13280.486328125,2530.064208984375,1879.990234375,7728.90478515625,4893.49560546875,23283.16796875,396.13946533203125,2105.18994140625,11778.728515625,80.19999694824219,44923.45703125,5126.1025390625,1350.517333984375,3552.943359375
2023-08-29,1503.9759521484375,30348.322265625,10244.7314453125,13538.279296875,2505.09619140625,1827.296142578125,7693.44970703125,4711.47119140625,22548.734375,405.5509033203125,2075.95068359375,12448.2802734375,82.02999877929688,46410.1796875,5104.08935546875,1323.2735595703125,3470.26708984375
2023-08-30,1535.4398193359375,29455.7265625,10261.52734375,13837.650390625,2521.7412109375,1793.3082275390625,7436.41015625,4741.10302734375,22049.857421875,419.24041748046875,2073.4443359375,12188.5400390625,84.0999984741211,45544.453125,5017.8046875,1316.26806640625,3552.943359375
2023-08-31,1483.209716796875,27670.533203125,10496.65234375,12457.2138671875,2415.212646484375,1716.80810546875,7143.91650390625,4546.37841796875,21326.509765625,436.352294921875,2046.7122802734375,11303.5,83.41999816894531,44455.59765625,5053.90380859375,1257.88818359375,3406.191162109375
2023-09-01,1500.8294677734375,27117.119140625,10076.78515625,12931.2197265625,2563.354248046875,1721.057861328125,7090.73583984375,4741.10302734375,22033.234375,406.4921569824219,2046.7122802734375,11303.5,83.94999694824219,45919.30078125,4981.705078125,1269.564208984375,3474.93310546875
2023-09-04,1491.390380859375,28027.5703125,9992.8115234375,12806.482421875,2505.9287109375,1718.3978271484375,6895.7412109375,4656.43994140625,22290.982421875,394.7533874511719,1948.135986328125,11255.400390625,83.94999694824219,44268.90625,4989.1416015625,1278.889404296875,3474.93310546875
2023-09-05,1520.3370361328125,27652.6796875,9740.892578125,11650.5703125,2499.27099609375,1688.0390625,6869.150390625,4508.28076171875,21376.390625,400.0921936035156,1979.8807373046875,11063.0,80.0,45901.45703125,4981.705078125,1258.666748046875,3321.2294921875
2023-09-06,1523.4835205078125,27670.533203125,9900.44140625,11475.9375,2537.554443359375,1682.812255859375,6913.46826171875,4609.87548828125,20993.935546875,393.57269287109375,1934.76904296875,11024.5205078125,85.0,44982.171875,4905.89697265625,1268.7857666015625,3305.00927734375
2023-09-07,1500.8294677734375,27670.533203125,9908.83984375,11974.8916015625,3312.386474609375,2040.622314453125,7356.63916015625,4910.4287109375,20777.7578125,402.1285095214844,1871.279541015625,10918.7001953125,84.5,44884.00390625,5053.90380859375,1306.92724609375,3321.2294921875
2023-09-08,1528.5177001953125,27670.533203125,10244.7314453125,11891.732421875,3483.83154296875,2168.958251953125,7445.2724609375,4910.4287109375,21284.931640625,393.57269287109375,1862.9254150390625,10707.060546875,85.0,44991.09765625,5053.90380859375,1298.3648681640625,3321.2294921875
2023-09-11,1507.75146484375,27670.533203125,10236.333984375,11891.732421875,3416.419189453125,2168.958251953125,7356.63916015625,4825.765625,21534.369140625,391.0058898925781,1879.6334228515625,11236.16015625,82.38999938964844,43702.53515625,5024.2158203125,1277.3482666015625,3386.7197265625
2023-09-12,1543.620361328125,27527.71484375,10236.333984375,12224.369140625,3279.928466796875,2083.9677734375,7090.73583984375,4656.43994140625,21617.509765625,403.8398132324219,1946.4649658203125,11822.98046875,82.38999938964844,43420.95703125,5053.90380859375,1292.1376953125,3390.7431640625
2023-09-13,1515.9322509765625,26688.671875,9505.767578125,12232.6845703125,3243.30908203125,2158.75927734375,7330.0498046875,4741.10302734375,20420.234375,402.2140808105469,1913.049072265625,12101.9599609375,82.38999938964844,43152.37890625,4857.85546875,1315.4896240234375,3321.2294921875
2023-09-14,1545.50830078125,27661.60546875,9279.041015625,12232.6845703125,3245.805908203125,2071.21923828125,7347.77587890625,4855.3974609375,20453.498046875,406.40655517578125,1837.8638916015625,12698.400390625,85.0,41702.03125,5053.90380859375,1315.4896240234375,3359.848388671875
2023-09-15,1517.190673828125,25876.41015625,8901.1611328125,12723.322265625,3245.805908203125,2083.9677734375,7347.77587890625,4825.765625,20769.4375,432.929931640625,1846.218017578125,13083.2001953125,70.61000061035156,41361.82421875,4599.052734375,1276.56982421875,3342.6142578125
2023-09-18,1536.698486328125,26777.931640625,9211.8623046875,12573.63671875,3262.45068359375,2120.513671875,7560.4970703125,4783.43310546875,21218.419921875,419.24041748046875,1927.2509765625,12890.7998046875,75.48999786376953,43868.6015625,4851.74755859375,1276.56982421875,3322.052001953125
2023-09-19,1566.2744140625,27045.7109375,9186.6708984375,12640.1630859375,3244.97314453125,2124.762939453125,7595.95068359375,4656.43994140625,20578.212890625,436.352294921875,1979.8807373046875,12265.5,85.0,43062.84765625,4768.7197265625,1268.7857666015625,3322.052001953125
2023-09-20,1581.3770751953125,26777.931640625,9237.0556640625,12665.1103515625,3254.128173828125,2151.110107421875,7622.54150390625,4868.0966796875,20786.0703125,427.967529296875,1967.3497314453125,12621.4404296875,80.0,43152.37890625,4808.4287109375,1261.0018310546875,3289.08056640625
2023-09-21,1553.0596923828125,26688.671875,9211.8623046875,12656.794921875,3411.42529296875,2311.741943359375,7573.7919921875,4910.4287109375,20786.0703125,417.4437255859375,1921.403076171875,12563.7197265625,85.0,43152.37890625,4808.4287109375,1253.2178955078125,3289.08056640625
2023-09-22,1593.8709716796875,27134.966796875,9279.041015625,12640.1630859375,3512.12841796875,2497.021484375,7861.85400390625,4999.3232421875,20786.0703125,419.24041748046875,1941.820068359375,12173.658203125,61.0,42172.15625,4795.8876953125,1248.54736328125,3297.12255859375
2023-09-25,1617.129150390625,26769.009765625,9371.4111328125,12340.7900390625,3603.677001953125,2651.7041015625,7959.35009765625,4982.39111328125,21102.015625,432.2454528808594,1921.403076171875,12246.259765625,80.0,43626.6328125,4837.30810546875,1284.3536376953125,3297.12255859375
2023-09-26,1578.137451171875,27048.6953125,9423.2822265625,12058.05078125,3745.160400390625,2876.0791015625,7977.07763671875,5041.65478515625,21002.0546875,435.2615661621094,2071.773681640625,12005.759765625,80.0,43186.73046875,4837.30810546875,1245.4339599609375,3297.12255859375
2023-09-27,1607.55224609375,27941.896484375,9423.2822265625,12723.322265625,3950.728515625,3076.656494140625,8065.712890625,5003.556640625,21002.0546875,443.7926330566406,2121.06201171875,12602.2001953125,85.0,44745.9765625,4837.30810546875,1323.2735595703125,3349.39404296875
2023-09-28,1595.923095703125,27878.744140625,10374.2548828125,12473.845703125,4227.87060546875,3289.982666015625,8331.615234375,5376.07177734375,21548.1015625,443.7926330566406,2172.02099609375,12987.0,85.0,44763.87109375,5053.90380859375,1338.84130859375,3482.082763671875
2023-09-29,1617.8133544921875,28862.166015625,10607.677734375,12407.3193359375,4086.38720703125,3272.984619140625,8287.2978515625,5600.427734375,21170.06640625,443.36181640625,2154.4775390625,13227.5,80.0,44334.140625,4923.94677734375,1359.8580322265625,3367.085693359375
2023-10-02,1588.3984375,27193.05078125,10503.9345703125,12141.208984375,4083.0576171875,3187.14453125,8216.3896484375,5748.5869140625,21402.197265625,439.5702209472656,2088.4814453125,12621.4404296875,80.0,45498.01171875,5053.90380859375,1323.2735595703125,3378.81103515625
2023-10-03,1624.65380859375,27824.607421875,10668.193359375,11766.994140625,3994.837646484375,3221.140625,8114.46142578125,5587.72802734375,21002.0546875,439.4841613769531,2072.609375,12659.919921875,85.0,43886.5078125,4981.705078125,1253.2178955078125,3371.10693359375
2023-10-04,1581.5577392578125,27968.966796875,10503.9345703125,11808.57421875,4119.6767578125,3144.64892578125,7990.37451171875,5799.384765625,21069.255859375,443.7926330566406,2005.777587890625,12659.919921875,78.12999725341797,45462.19140625,4996.14501953125,1284.3536376953125,3400.0087890625
2023-10-05,1587.71435546875,28510.30078125,10771.93359375,11650.5703125,4048.10302734375,3148.898681640625,8065.80810546875,6036.11572265625,21077.658203125,443.7926330566406,2004.9423828125,12659.919921875,73.5999984741211,46375.3828125,5007.54541015625,1262.5587158203125,3439.85595703125
2023-10-06,1613.708984375,29773.4140625,10806.5146484375,11725.4140625,4011.48388671875,3127.651123046875,8025.2763671875,6010.17236328125,21002.248046875,443.8787841796875,2001.6007080078125,12890.7998046875,68.26000213623047,45659.15234375,4844.52783203125,1265.6722412109375,3405.85498046875
2023-10-09,1696.4805908203125,29773.4140625,10547.1591796875,11725.4140625,3994.837646484375,3122.552001953125,8079.3173828125,5923.69677734375,21077.658203125,443.8787841796875,2004.9423828125,12890.7998046875,80.0,45659.15234375,4837.30810546875,1271.8994140625,3371.10693359375
2023-10-10,1698.53271484375,29773.4140625,10460.70703125,11492.5693359375,4019.86328125,3124.7998046875,8151.37353515625,5638.3212890625,21222.73828125,430.9614562988281,2004.10693359375,12557.9580078125,77.0,42876.87109375,4856.28173828125,1284.3536376953125,3377.853515625
2023-10-11,1714.9503173828125,28266.697265625,10374.2548828125,11966.5751953125,3946.28271484375,2951.199951171875,8088.32421875,5867.486328125,21094.455078125,439.4841613769531,2004.9423828125,12890.7998046875,77.0,45752.56640625,4837.30810546875,1275.012939453125,3465.195068359375
2023-10-12,1737.5245361328125,28862.166015625,10460.70703125,11658.8876953125,3923.447509765625,2933.840087890625,8196.41015625,5737.76953125,21413.685546875,439.3977966308594,2014.1956787109375,13227.5,79.91999816894531,44837.515625,4885.92626953125,1277.3482666015625,3457.957763671875
2023-10-13,1768.3076171875,28871.189453125,10711.419921875,11858.4677734375,3936.134521484375,2907.7998046875,8151.37353515625,5837.21875,21413.685546875,439.4841613769531,2065.841796875,12938.900390625,77.0,44855.45703125,4837.30810546875,1284.3536376953125,3457.957763671875
2023-10-16,1768.3076171875,28871.189453125,10711.419921875,11858.4677734375,3936.134521484375,2907.7998046875,8151.37353515625,5837.21875,21413.685546875,439.4841613769531,2065.841796875,12938.900390625,77.0,44855.45703125,4837.30810546875,1284.3536376953125,3457.957763671875
2023-10-17,1782.6727294921875,29773.4140625,10754.6455078125,12058.05078125,4089.216064453125,2951.199951171875,8286.48046875,5690.20751953125,21430.4921875,427.4197692871094,2091.664794921875,12506.0,77.0,44846.484375,5017.8046875,1271.1209716796875,3408.903076171875
2023-10-18,1809.3511962890625,29773.4140625,10477.9970703125,12141.208984375,4144.18896484375,2999.8076171875,8349.5283203125,5625.34814453125,21758.125,430.0049743652344,2151.9189453125,12515.6201171875,76.37000274658203,44756.76953125,4981.705078125,1284.3536376953125,3409.706787109375
2023-10-19,1791.565673828125,29674.173828125,10806.5146484375,12074.6826171875,4002.948974609375,3072.7197265625,8268.4658203125,5768.0361328125,21758.125,422.249267578125,2161.386474609375,12506.0,77.0,43976.29296875,4909.5068359375,1272.677734375,3408.098388671875
2023-10-20,1761.4669189453125,29322.302734375,10633.611328125,12473.845703125,4034.240966796875,2968.559326171875,8322.5068359375,5690.20751953125,21422.09765625,413.6319885253906,2212.171875,12506.0,77.0,43859.66796875,4837.30810546875,1299.921630859375,3377.540283203125
2023-10-23,1727.263671875,28708.7890625,10477.9970703125,12224.369140625,4059.61376953125,2952.067626953125,8313.501953125,5707.5029296875,21220.470703125,413.6319885253906,2160.525634765625,12506.0,76.47000122070312,44541.46875,4855.35791015625,1299.921630859375,3417.7490234375
2023-10-24,1723.84326171875,29295.234375,10547.1591796875,12224.369140625,4059.61376953125,2950.331787109375,8313.501953125,5759.388671875,21405.2890625,409.3233642578125,2170.855224609375,12506.0,77.0,44541.46875,4844.52783203125,1284.3536376953125,3417.7490234375
2023-10-25,1738.8927001953125,29773.4140625,10460.70703125,12290.896484375,4059.61376953125,2933.840087890625,8146.8701171875,5707.5029296875,20960.041015625,406.9105224609375,2134.702880859375,12467.43359375,77.0,44182.625,4765.109375,1292.9161376953125,3396.028564453125
2023-10-26,1693.060302734375,29150.880859375,10486.642578125,11492.5693359375,4059.61376953125,2924.2919921875,8205.4150390625,5659.93896484375,21181.619140625,411.599609375,2065.841796875,12140.4404296875,77.0,43240.66015625,4772.3291015625,1313.1544189453125,3417.7490234375
2023-10-27,1689.64013671875,29773.4140625,10460.70703125,11974.8916015625,4057.92236328125,2913.0078125,8191.90576171875,5707.5029296875,21224.076171875,408.1260681152344,2069.28466796875,12506.0,78.69999694824219,44048.0546875,4765.109375,1309.262451171875,3407.294677734375
2023-10-30,1638.335205078125,29683.1953125,10503.9345703125,11983.2060546875,4004.64013671875,2951.199951171875,8061.30419921875,5582.10986328125,21224.076171875,409.0813903808594,2062.398681640625,12486.759765625,78.69999694824219,44667.0625,4765.109375,1323.2735595703125,3407.294677734375
2023-10-31,1657.4891357421875,29141.859375,10382.900390625,12058.05078125,4005.48583984375,2886.9677734375,8034.28271484375,5621.025390625,21139.173828125,399.4426574707031,2090.29638671875,12140.4404296875,72.25,43517.0234375,4945.60595703125,1296.029541015625,3416.9443359375
2023-11-01,1696.4805908203125,29656.123046875,10521.224609375,11974.8916015625,4051.15673828125,2925.15966796875,8002.7587890625,5768.0361328125,21224.076171875,406.1290283203125,2048.626220703125,12073.1005859375,78.69999694824219,44828.54296875,4945.60595703125,1338.0631103515625,3297.12255859375
2023-11-02,1696.4805908203125,29656.123046875,10322.3837890625,12182.7880859375,3945.437255859375,2907.7998046875,7980.2412109375,5724.798828125,21139.173828125,401.179443359375,2085.63916015625,11909.560546875,78.69999694824219,44649.1171875,4765.109375,1362.1932373046875,3297.12255859375
2023-11-03,1682.7991943359375,29493.720703125,10374.2548828125,12182.7880859375,3930.21337890625,2907.7998046875,7926.2001953125,5560.490234375,21020.32421875,399.4426574707031,2027.107177734375,12506.0,78.69999694824219,43393.17578125,4779.54931640625,1359.8580322265625,3297.12255859375
2023-11-06,1682.7991943359375,29493.720703125,10374.2548828125,12182.7880859375,3930.21337890625,2907.7998046875,7926.2001953125,5560.490234375,21020.32421875,399.4426574707031,2027.107177734375,12506.0,78.69999694824219,43393.17578125,4779.54931640625,1359.8580322265625,3297.12255859375
2023-11-07,1600.711669921875,29683.1953125,10287.802734375,12473.845703125,3893.846923828125,2864.399658203125,8196.41015625,5621.025390625,20867.5078125,386.4173583984375,2054.652099609375,12130.8203125,78.69999694824219,43671.2734375,4765.109375,1345.0687255859375,3297.12255859375
2023-11-08,1597.291259765625,29574.921875,10287.802734375,12557.0048828125,4059.61376953125,2998.93994140625,8277.47265625,5733.4453125,20867.5078125,390.7591552734375,2048.626220703125,12217.400390625,78.5,43764.8828125,4765.109375,1334.949462890625,3297.12255859375
2023-11-09,1607.55224609375,29051.63671875,10322.3837890625,12789.8505859375,4182.248046875,3072.7197265625,8358.537109375,5793.97998046875,20884.486328125,390.7591552734375,2074.448974609375,12313.6005859375,78.5,43764.8828125,4743.4501953125,1350.517333984375,3297.12255859375
2023-11-10,1607.55224609375,29737.328125,10460.70703125,12423.9501953125,4262.59423828125,3168.19970703125,8286.48046875,5871.80908203125,21037.296875,388.1542053222656,2108.8798828125,12044.240234375,78.5,43423.25,4743.4501953125,1346.6253662109375,3297.12255859375
2023-11-13,1607.55224609375,29737.328125,10460.70703125,12423.9501953125,4262.59423828125,3168.19970703125,8286.48046875,5871.80908203125,21037.296875,388.1542053222656,2108.8798828125,12044.240234375,78.5,43423.25,4743.4501953125,1346.6253662109375,3297.12255859375
2023-11-14,1621.2335205078125,29556.880859375,10547.1591796875,12673.4267578125,4186.47705078125,3155.1796875,8403.572265625,5932.34326171875,21037.296875,390.7591552734375,2108.8798828125,12275.1201171875,78.5,43153.5390625,4873.40771484375,1346.6253662109375,3297.12255859375
2023-11-15,1638.335205078125,29412.52734375,10460.70703125,12557.0048828125,4161.10498046875,3159.51953125,8331.5166015625,5940.99169921875,20714.693359375,399.4426574707031,2048.626220703125,12063.48046875,78.5,43153.5390625,4931.166015625,1346.6253662109375,3268.9765625
2023-11-16,1638.335205078125,28961.4140625,10616.322265625,12606.8994140625,4203.3916015625,3194.23974609375,8412.578125,5897.75244140625,20629.798828125,386.4173583984375,2104.575927734375,12082.7197265625,78.5,43764.8828125,5017.8046875,1327.16552734375,3268.9765625
2023-11-17,1696.4805908203125,29322.302734375,10720.0654296875,13189.0126953125,4216.07861328125,3168.19970703125,8331.5166015625,6010.17236328125,20341.150390625,390.7591552734375,2121.791259765625,12217.400390625,78.5,43135.55859375,4960.0458984375,1385.5452880859375,3268.9765625
2023-11-20,1710.161865234375,27752.43359375,10495.2890625,13189.0126953125,4440.20166015625,3307.079833984375,8430.59375,6010.17236328125,20375.107421875,383.8122863769531,2117.487548828125,11928.7998046875,78.5,43135.55859375,4960.0458984375,1401.1131591796875,3297.12255859375
2023-11-21,1740.94482421875,27066.7421875,10374.2548828125,12972.7978515625,4474.0322265625,3341.799560546875,8484.6337890625,6053.41162109375,20375.107421875,380.3388671875,2108.8798828125,11948.0400390625,78.5,43153.5390625,5010.5849609375,1424.4649658203125,3297.12255859375
2023-11-22,1720.4229736328125,27517.8515625,10374.2548828125,12889.640625,4431.74560546875,3385.199951171875,8340.5205078125,6139.88916015625,20375.107421875,382.0755920410156,2108.8798828125,11640.2001953125,78.5,43567.09375,5053.90380859375,1424.4649658203125,3297.12255859375
2023-11-23,1710.161865234375,28402.033203125,10374.2548828125,12673.4267578125,4516.3203125,3393.879638671875,8538.6767578125,6088.00146484375,20375.107421875,389.02239990234375,2121.791259765625,11640.2001953125,78.5,43872.765625,5053.90380859375,1440.032958984375,3297.12255859375
2023-11-24,1761.4669189453125,28420.08203125,10547.1591796875,12673.4267578125,4533.23583984375,3428.599853515625,8502.6484375,6062.0595703125,20646.779296875,379.47052001953125,2151.9189453125,11582.48046875,78.5,43872.765625,5053.90380859375,1440.032958984375,3321.248046875
2023-11-27,1723.84326171875,27932.875,10460.70703125,12573.63671875,4558.6083984375,3411.23974609375,8466.62109375,6062.0595703125,20596.142578125,380.8713684082031,2147.61474609375,11544.0,78.5,43567.09375,5053.90380859375,1412.7889404296875,3301.143310546875
2023-11-28,1737.5245361328125,27066.7421875,10495.2890625,12640.1630859375,4735.85009765625,3487.8935546875,8475.6279296875,5932.34326171875,20596.142578125,380.8713684082031,2104.575927734375,11920.0,78.5,44052.5703125,5154.98193359375,1405.005126953125,3301.143310546875
2023-11-29,1734.104248046875,27066.7421875,10633.611328125,12606.8994140625,4795.90625,3492.320068359375,9259.2392578125,6226.3662109375,21025.236328125,385.249267578125,2117.487548828125,11800.0,78.5,44052.5703125,5154.98193359375,1451.7088623046875,3313.205810546875
2023-11-30,1723.84326171875,27066.7421875,10685.482421875,12606.8994140625,4753.009765625,3532.156494140625,9367.32421875,6399.32177734375,21008.072265625,392.2537841796875,2065.841796875,11940.0,78.5,44933.625,5154.98193359375,1478.9527587890625,3313.205810546875
2023-12-01,1740.94482421875,27950.923828125,10702.7734375,12656.794921875,4675.794921875,3541.0087890625,9349.3115234375,6338.78662109375,20990.904296875,392.2537841796875,2100.2724609375,11940.0,78.5,44933.625,5154.98193359375,1494.520751953125,3353.4150390625
2023-12-04,1740.94482421875,27517.8515625,10910.2587890625,12640.1630859375,4727.27099609375,3452.483642578125,9691.578125,6269.60546875,20681.966796875,375.6180114746094,2113.18408203125,11400.0,78.5,44933.625,5075.5634765625,1478.9527587890625,3389.60302734375
2023-12-05,1720.4229736328125,27409.5859375,10806.5146484375,12723.322265625,4778.74755859375,3536.58251953125,9673.5654296875,6459.8544921875,20681.966796875,377.3691711425781,2130.39892578125,11420.0,78.5,44933.625,5075.5634765625,1459.492919921875,3389.60302734375
2023-12-06,1679.3790283203125,27066.7421875,10460.70703125,12723.322265625,4744.43017578125,3465.762451171875,9169.169921875,6356.08203125,20596.142578125,372.9913330078125,2104.575927734375,11300.0,78.5,46300.1484375,5075.5634765625,1443.9249267578125,3329.28955078125
2023-12-07,1686.2198486328125,27517.8515625,10460.70703125,13139.1171875,4821.6455078125,3563.140380859375,9367.32421875,6425.2646484375,20596.142578125,384.3736877441406,2104.575927734375,11700.0,78.5,44933.625,4996.14501953125,1484.447509765625,3329.28955078125
2023-12-08,1686.2198486328125,27517.8515625,10460.70703125,13139.1171875,4821.6455078125,3563.140380859375,9367.32421875,6425.2646484375,20596.142578125,384.3736877441406,2104.575927734375,11700.0,78.5,44933.625,4996.14501953125,1484.447509765625,3329.28955078125
2023-12-11,1717.002685546875,27517.8515625,10581.7392578125,12889.640625,4967.49609375,3589.69775390625,9655.55078125,6503.09375,20596.142578125,379.1202392578125,2126.095703125,11500.0,78.5,44190.68359375,5169.421875,1472.0426025390625,3329.28955078125
2023-12-12,1682.7991943359375,27427.62890625,10633.611328125,12889.640625,5147.6640625,3620.681884765625,10250.0166015625,6831.70751953125,21025.236328125,381.7469787597656,2160.525634765625,11320.0,78.5,44190.68359375,5169.421875,1467.90771484375,3333.310546875
2023-12-13,1710.161865234375,27427.62890625,10633.611328125,12972.7978515625,5181.98193359375,3709.20703125,10682.3544921875,6866.29833984375,21025.236328125,376.4935302734375,2349.89453125,11320.0,78.5,44190.68359375,5046.68408203125,1480.3126220703125,3365.477294921875
2023-12-14,1747.7855224609375,27517.8515625,10737.3544921875,13264.3330078125,5164.82275390625,3824.2900390625,10808.4521484375,6883.59423828125,20613.30859375,376.4935302734375,2332.679443359375,11600.0,78.5,44190.68359375,5046.68408203125,1509.2572021484375,3474.041015625
2023-12-15,1753.4649658203125,26687.80859375,11169.6162109375,13352.408203125,5302.09423828125,3921.6669921875,10988.59375,7004.6630859375,21042.392578125,402.7605895996094,2354.198486328125,11980.0,78.5,44190.68359375,5061.1240234375,1488.5823974609375,3634.845947265625
2023-12-18,1734.9293212890625,26363.005859375,11584.5849609375,13352.408203125,5362.14990234375,3934.94580078125,11096.6787109375,7125.72998046875,21042.392578125,382.62255859375,2341.287353515625,11980.0,78.5,45739.6015625,5191.08154296875,1488.5823974609375,3634.845947265625
2023-12-19,1757.1719970703125,26164.515625,11671.037109375,13352.408203125,5353.5703125,3952.651123046875,11132.70703125,7143.02587890625,22020.716796875,394.00494384765625,2423.060302734375,11900.0,78.5,44688.1171875,5205.52099609375,1525.7969970703125,3559.46875
2023-12-20,1731.22216796875,26164.515625,11342.5185546875,13070.5634765625,5079.02880859375,3961.50341796875,10646.32421875,6918.18505859375,23599.75,409.7651062011719,2466.0986328125,12820.0,87.0,44493.39453125,5400.45703125,1550.606689453125,3559.46875
2023-12-21,1746.0506591796875,27066.7421875,11463.55078125,13105.794921875,5079.02880859375,3970.3564453125,10700.3671875,6823.06103515625,22741.576171875,399.25830078125,2401.54052734375,12500.0,88.0,44493.39453125,5414.89697265625,1505.1221923828125,3576.218994140625
2023-12-22,1742.343505859375,27157.9375,11532.7138671875,13246.7177734375,5276.35546875,3979.20849609375,10970.5791015625,6883.59423828125,22741.576171875,406.84814453125,2522.048095703125,12300.0,88.0,43811.875,5414.89697265625,1529.931884765625,3576.218994140625
2023-12-25,1742.343505859375,27157.9375,11532.7138671875,13246.7177734375,5276.35546875,3979.20849609375,10970.5791015625,6883.59423828125,22741.576171875,406.84814453125,2522.048095703125,12300.0,88.0,43811.875,5414.89697265625,1529.931884765625,3576.218994140625
2023-12-26,1749.7578125,27084.98046875,11833.8759765625,13422.8701171875,5242.03759765625,3983.63525390625,11078.6630859375,7177.6171875,23834.50390625,415.67340087890625,2547.87158203125,12480.0,88.0,43811.875,5595.39404296875,1604.361083984375,3576.218994140625
2023-12-27,1720.1007080078125,27084.98046875,11940.1689453125,13669.484375,5276.35546875,3983.63525390625,11114.69140625,7264.09423828125,23903.837890625,418.3210144042969,2552.17529296875,12980.0,88.0,42546.203125,5595.39404296875,1612.6309814453125,3819.1005859375
2023-12-28,1734.9293212890625,26446.615234375,11957.8818359375,13634.2548828125,5242.03759765625,3983.63525390625,11186.748046875,7315.9814453125,23799.830078125,428.0289611816406,2547.87158203125,13500.0,95.0,43811.875,5595.39404296875,1571.2813720703125,3852.601318359375
2023-12-29,1734.9293212890625,26446.615234375,11957.8818359375,13634.2548828125,5242.03759765625,3983.63525390625,11186.748046875,7315.9814453125,23799.830078125,428.0289611816406,2547.87158203125,13500.0,95.0,43811.875,5595.39404296875,1571.2813720703125,3852.601318359375
2024-01-01,1734.9293212890625,26446.615234375,11957.8818359375,13634.2548828125,5242.03759765625,3983.63525390625,11186.748046875,7315.9814453125,23799.830078125,428.0289611816406,2547.87158203125,13500.0,95.0,43811.875,5595.39404296875,1571.2813720703125,3852.601318359375
2024-01-02,1746.0506591796875,27686.869140625,12064.17578125,14374.09765625,5284.93505859375,4116.4228515625,11619.0869140625,7644.59228515625,24527.87109375,430.676513671875,2621.036376953125,13840.0,95.0,44571.28515625,5595.39404296875,1629.1707763671875,3852.601318359375
2024-01-03,1794.2430419921875,27814.54296875,12436.19921875,14233.17578125,5276.35546875,3983.63525390625,11799.2275390625,7782.9599609375,24527.87109375,423.61627197265625,2668.37890625,13700.0,95.0,45272.27734375,5494.3154296875,1658.1153564453125,3869.351806640625
2024-01-04,1783.121826171875,27723.345703125,12879.0830078125,14620.7138671875,5353.5703125,4023.470703125,12257.9912109375,7997.16748046875,25047.890625,434.20672607421875,2715.720947265625,14480.0,95.0,44688.1171875,5638.712890625,1761.4891357421875,3982.41748046875
2024-01-05,1812.77880859375,28270.51953125,13286.5361328125,14973.01953125,5516.57958984375,4129.70166015625,12476.55859375,8102.6259765625,25515.91796875,443.9145202636719,2702.809326171875,15080.0,91.0,43792.40625,5783.1103515625,1835.918212890625,4053.606689453125
2024-01-08,1812.77880859375,28270.51953125,13286.5361328125,14973.01953125,5516.57958984375,4129.70166015625,12476.55859375,8102.6259765625,25515.91796875,443.9145202636719,2702.809326171875,15080.0,91.0,43792.40625,5783.1103515625,1835.918212890625,4053.606689453125
2024-01-09,1775.7076416015625,27358.56640625,13835.7138671875,15554.32421875,5447.94384765625,4085.439208984375,12658.697265625,8322.328125,24891.884765625,465.9778747558594,2711.417236328125,16080.0,91.0,44764.62890625,5804.77001953125,1877.2679443359375,4053.606689453125
2024-01-10,1738.6363525390625,27905.740234375,13463.689453125,15325.3232421875,5533.73828125,4204.94775390625,12567.6279296875,8357.4794921875,25134.560546875,457.152587890625,2711.417236328125,16640.0,91.0,45135.39453125,5905.84765625,1893.8077392578125,4166.67236328125
2024-01-11,1746.0506591796875,27887.498046875,13375.11328125,15325.3232421875,5619.533203125,4284.62060546875,12640.484375,8436.572265625,25481.244140625,450.0923156738281,2698.505615234375,16480.0,88.0,44569.4921875,6043.025390625,1893.8077392578125,4195.98583984375
2024-01-12,1760.8790283203125,28088.125,13729.419921875,15589.552734375,5662.4306640625,4337.73583984375,12567.6279296875,8436.572265625,25481.244140625,453.6223449707031,2765.214599609375,16920.0,88.0,44101.1640625,6050.2451171875,1910.3472900390625,4195.98583984375
2024-01-15,1760.8790283203125,28270.51953125,13888.8603515625,15395.78515625,5748.22509765625,4576.75439453125,12658.697265625,8594.7578125,25481.244140625,457.152587890625,2782.8271484375,16940.0,88.0,44101.1640625,6050.2451171875,1906.21240234375,4204.3603515625
2024-01-16,1731.22216796875,28270.51953125,14438.037109375,15889.015625,5748.22509765625,4700.68896484375,12494.7744140625,9104.466796875,25671.927734375,465.9778747558594,2857.681640625,17000.0,106.0,42891.30859375,5941.947265625,1893.8077392578125,4321.61376953125
2024-01-17,1716.3939208984375,27851.017578125,14508.8984375,15325.3232421875,5748.22509765625,5019.380859375,12549.4130859375,9034.1630859375,25741.2578125,454.5049133300781,2870.891357421875,16140.0,108.0,43281.58203125,5920.28759765625,1819.37841796875,4438.86669921875
2024-01-18,1705.2723388671875,29182.470703125,14880.9228515625,14990.6337890625,5713.9072265625,4975.1171875,12330.84765625,9104.466796875,25931.939453125,451.8573913574219,2906.116943359375,15840.0,108.0,42949.8515625,5920.28759765625,1778.0289306640625,4480.74267578125
2024-01-19,1690.4439697265625,29182.470703125,14969.498046875,15166.7880859375,5585.21484375,4824.62451171875,12294.4189453125,8893.5517578125,25879.931640625,449.2096862792969,2844.471923828125,16100.0,108.0,43418.1796875,5920.28759765625,1852.4581298828125,4229.4853515625
2024-01-22,1690.4439697265625,29182.470703125,14969.498046875,15166.7880859375,5585.21484375,4824.62451171875,12294.4189453125,8893.5517578125,25879.931640625,449.2096862792969,2844.471923828125,16100.0,108.0,43418.1796875,5920.28759765625,1852.4581298828125,4229.4853515625
2024-01-23,1701.5653076171875,29638.44921875,15589.5361328125,14867.326171875,5645.271484375,4983.97021484375,12367.275390625,9086.8916015625,26243.947265625,431.5590515136719,2923.729736328125,16120.0,104.12999725341797,43086.4453125,5775.890625,1778.0289306640625,4413.74072265625
2024-01-24,1701.5653076171875,29638.44921875,15589.5361328125,14867.326171875,5645.271484375,4983.97021484375,12367.275390625,9086.8916015625,26243.947265625,431.5590515136719,2923.729736328125,16120.0,104.12999725341797,43086.4453125,5775.890625,1778.0289306640625,4413.74072265625
2024-01-25,1701.5653076171875,29638.44921875,15589.5361328125,14867.326171875,5645.271484375,4983.97021484375,12367.275390625,9086.8916015625,26243.947265625,431.5590515136719,2923.729736328125,16120.0,104.12999725341797,43086.4453125,5775.890625,1778.0289306640625,4413.74072265625
2024-01-26,1701.5653076171875,29638.44921875,15589.5361328125,14867.326171875,5645.271484375,4983.97021484375,12367.275390625,9086.8916015625,26472.123046875,434.7597351074219,2923.729736328125,16120.0,104.12999725341797,43086.4453125,5775.890625,1778.0289306640625,4413.74072265625
2024-01-29,1775.7076416015625,29984.990234375,14863.205078125,15061.0966796875,5602.375,5134.462890625,12567.6279296875,8999.009765625,26909.25,445.42864990234375,2897.310546875,16480.0,108.0,41954.64453125,5732.5712890625,1790.433837890625,4371.865234375
2024-01-30,1772.0006103515625,29857.314453125,14615.1923828125,14796.8662109375,5516.57958984375,5107.90478515625,12531.2001953125,9122.0439453125,27853.439453125,453.4304504394531,2932.5361328125,16500.0,108.0,41935.13671875,5732.5712890625,1860.72802734375,4396.99072265625
2024-01-31,1731.22216796875,29638.44921875,14526.61328125,14849.7119140625,5490.841796875,5063.64306640625,12494.7744140625,9051.740234375,27800.978515625,457.8758239746094,2919.326416015625,16500.0,106.0,43866.99609375,5732.5712890625,1881.4027099609375,4221.111328125
2024-02-01,1738.6363525390625,29437.81640625,14438.037109375,14937.7880859375,5405.04736328125,5028.23291015625,12385.4892578125,8805.6728515625,27696.068359375,446.31781005859375,2809.24658203125,16300.0,106.0,44296.30078125,5696.4716796875,1860.72802734375,4355.1142578125
2024-02-02,1720.1007080078125,28088.125,14154.591796875,14937.7880859375,5456.52392578125,5001.67529296875,12512.9873046875,9034.1630859375,27696.068359375,442.7614440917969,2826.859130859375,16300.0,106.0,44569.4921875,5696.4716796875,1831.783447265625,4187.6103515625
2024-02-05,1720.1007080078125,28088.125,14012.8681640625,14867.326171875,5465.10302734375,5001.67529296875,12221.5634765625,9051.740234375,27678.587890625,440.9833068847656,2822.456298828125,16300.0,106.0,44881.71484375,5645.93310546875,1819.37841796875,4271.3623046875
2024-02-06,1746.0506591796875,28088.125,14260.8837890625,14814.48046875,5447.94384765625,4992.822265625,12330.84765625,8788.09765625,27101.587890625,444.5396728515625,2822.456298828125,16200.0,106.0,45174.421875,5645.93310546875,1827.6483154296875,4204.3603515625
2024-02-07,1753.4649658203125,27996.93359375,14934.068359375,14761.634765625,5490.841796875,4922.00341796875,12112.279296875,8788.09765625,27766.0078125,445.42864990234375,2862.084716796875,16200.0,106.0,45740.3203125,5660.37255859375,1844.188232421875,4204.3603515625
2024-02-08,1734.9293212890625,29182.470703125,14668.3388671875,14356.482421875,5259.1962890625,4736.099609375,12021.2080078125,8498.0908203125,28640.25,443.6504821777344,2862.084716796875,16000.0,106.0,45740.3203125,5631.4931640625,1806.9736328125,4288.11279296875
2024-02-09,1716.3939208984375,29638.44921875,14367.173828125,14215.5595703125,5387.88720703125,4886.59228515625,11638.716796875,8612.3349609375,27189.0078125,437.4270324707031,2853.278564453125,15340.0,106.0,44974.2421875,5631.4931640625,1773.89404296875,4329.98828125
2024-02-12,1712.6865234375,29182.470703125,14491.18359375,14215.5595703125,5490.841796875,4851.18212890625,11656.9296875,8612.3349609375,27556.18359375,426.758056640625,2782.8271484375,15200.0,106.0,44974.2421875,5631.4931640625,1757.354248046875,4288.11279296875
2024-02-13,1686.7369384765625,29000.078125,14544.328125,14092.251953125,5447.94384765625,4815.77197265625,11292.65234375,8243.2333984375,27538.705078125,435.6488342285156,2721.18212890625,15420.0,106.0,45697.7421875,5631.4931640625,1740.814453125,4229.4853515625
2024-02-14,1686.7369384765625,28908.884765625,14048.2998046875,14620.7138671875,5405.04736328125,4851.18212890625,11110.5107421875,8243.2333984375,27538.705078125,428.5361633300781,2716.77880859375,14840.0,106.0,45658.6328125,5703.69140625,1728.40966796875,4229.4853515625
2024-02-15,1701.5653076171875,28270.51953125,14296.3125,14620.7138671875,5447.94384765625,4948.560546875,11201.58203125,8304.7509765625,27538.705078125,438.31597900390625,2760.810791015625,14820.0,106.0,45658.6328125,5667.59228515625,1740.814453125,4229.4853515625
2024-02-16,1708.9794921875,28033.41015625,14579.759765625,14796.8662109375,5533.73828125,4860.03466796875,11675.1455078125,8568.39453125,27538.705078125,438.31597900390625,2818.052978515625,15000.0,106.0,45658.6328125,5667.59228515625,1744.9493408203125,4254.6123046875
2024-02-19,1683.029541015625,27814.54296875,14172.3076171875,14620.7138671875,5387.88720703125,4780.36181640625,11420.150390625,8568.39453125,26227.337890625,432.09246826171875,2818.052978515625,14920.0,106.0,45658.6328125,5667.59228515625,1736.679443359375,4271.3623046875
2024-02-20,1690.4439697265625,28908.884765625,14473.4677734375,14796.8662109375,5490.841796875,4868.88720703125,11620.501953125,8313.5400390625,27556.18359375,435.6488342285156,2958.955322265625,14780.0,106.0,45658.6328125,5537.634765625,1736.679443359375,4187.6103515625
2024-02-21,1727.51513671875,29273.666015625,14880.9228515625,15096.3251953125,5705.3271484375,4983.97021484375,11802.6416015625,8788.09765625,29269.708984375,440.09423828125,3038.21337890625,14660.0,106.0,45658.6328125,5595.39404296875,1778.0289306640625,4271.3623046875
2024-02-22,1734.9293212890625,29273.666015625,14615.1923828125,15061.0966796875,5791.12255859375,5081.34716796875,12075.8525390625,8788.09765625,28850.0703125,435.6488342285156,3055.825927734375,14160.0,106.0,45658.6328125,5595.39404296875,1802.8387451171875,4187.6103515625
2024-02-23,1727.51513671875,28270.51953125,14880.9228515625,15061.0966796875,5859.75732421875,5116.75732421875,12367.275390625,8656.2744140625,28657.734375,436.5378723144531,3174.712890625,14420.0,106.0,45658.6328125,5775.890625,1802.8387451171875,4187.6103515625
2024-02-26,1738.6363525390625,27723.345703125,14880.9228515625,15149.171875,5825.43994140625,5125.61083984375,12312.6318359375,8612.3349609375,28200.361328125,434.38836669921875,3372.856689453125,14500.0,95.0,45658.6328125,5884.18798828125,1819.37841796875,4187.6103515625
2024-02-27,1749.7578125,27303.849609375,14703.767578125,15272.4794921875,5748.22509765625,5063.64306640625,12312.6318359375,8682.6396484375,28112.236328125,431.7013854980469,3240.760498046875,14600.0,95.0,45658.6328125,5905.84765625,1827.6483154296875,4187.6103515625
2024-02-28,1705.2723388671875,26902.591796875,14526.61328125,15113.94140625,5834.01904296875,5063.64306640625,12604.0556640625,8594.7578125,28112.236328125,438.86651611328125,3187.92236328125,14540.0,95.0,45658.6328125,5848.0888671875,1844.188232421875,4355.1142578125
2024-02-29,1697.858154296875,26410.134765625,14367.173828125,14726.4033203125,5825.43994140625,4922.00341796875,12476.55859375,8875.9775390625,28623.3671875,430.80572509765625,3302.40576171875,14000.0,95.0,45658.6328125,5790.330078125,1831.783447265625,4254.6123046875
2024-03-01,1660.7869873046875,26629.00390625,16209.576171875,14849.7119140625,6005.60791015625,5267.25048828125,12931.9072265625,9139.6201171875,28623.3671875,440.65802001953125,3284.792724609375,14300.0,95.0,45658.6328125,5862.52880859375,1856.5928955078125,4271.3623046875
2024-03-04,1571.8162841796875,26993.78515625,17006.76953125,14884.9423828125,6245.83203125,5453.1533203125,13423.68359375,9403.2626953125,28517.626953125,438.86651611328125,3364.05029296875,14540.0,95.0,45658.6328125,5913.06787109375,1910.3472900390625,4271.3623046875
2024-03-05,1553.28076171875,27249.130859375,16918.189453125,15149.171875,6606.1689453125,5736.4345703125,13842.60546875,9579.025390625,28764.369140625,438.86651611328125,3390.4697265625,14460.0,95.0,45658.6328125,5920.28759765625,1935.1572265625,4271.3623046875
2024-03-06,1545.866455078125,27358.56640625,16882.759765625,15624.78515625,6649.06640625,5842.66455078125,13660.4658203125,9579.025390625,28693.8671875,436.1796569824219,3403.67919921875,14260.0,95.0,45658.6328125,5848.0888671875,1926.88720703125,4430.49072265625
2024-03-07,1549.5736083984375,27650.388671875,16918.189453125,15836.1689453125,6691.962890625,5940.04248046875,13733.3203125,9825.0908203125,28535.244140625,435.28399658203125,3434.501953125,14200.0,95.0,45658.6328125,5891.40771484375,1935.1572265625,4288.11279296875
2024-03-08,1523.6239013671875,27814.54296875,16741.0390625,16029.9384765625,6734.85986328125,5931.18994140625,13441.8974609375,9754.787109375,28200.361328125,425.431884765625,3456.517578125,13900.0,95.0,45658.6328125,5920.28759765625,1918.6173095703125,4313.23828125
2024-03-11,1527.3309326171875,27723.345703125,16687.890625,16206.0888671875,6606.1689453125,5842.66455078125,13642.251953125,9666.904296875,28200.361328125,426.32757568359375,3434.501953125,13860.0,95.0,45800.5390625,5920.28759765625,1918.6173095703125,4313.23828125
2024-03-12,1538.4522705078125,27905.740234375,16510.736328125,15536.708984375,6348.7861328125,5683.31884765625,13022.9775390625,9438.416015625,27583.4765625,411.9971618652344,3434.501953125,13640.0,95.0,45349.3984375,6093.56396484375,1902.07763671875,4313.23828125
2024-03-13,1542.159423828125,27358.56640625,16315.8681640625,16294.1669921875,6674.80419921875,5816.10693359375,13022.9775390625,9649.330078125,27195.7265625,388.71038818359375,3416.888916015625,13480.0,95.0,44917.875,6108.00341796875,1885.537841796875,4363.48974609375
2024-03-14,1571.8162841796875,27358.56640625,16209.576171875,16910.703125,6649.06640625,5709.876953125,13114.046875,9473.568359375,26349.716796875,385.1278381347656,3377.260009765625,13200.0,95.0,45251.32421875,6064.6845703125,1819.37841796875,4371.865234375
2024-03-15,1638.5443115234375,27358.56640625,16050.138671875,17580.08203125,7035.14111328125,5931.18994140625,13022.9775390625,9649.330078125,24234.69140625,365.4235534667969,3082.2451171875,13040.0,95.0,45094.40625,5941.947265625,1720.1396484375,4321.61376953125
2024-03-18,1556.98779296875,27905.740234375,16404.4453125,17351.0859375,6906.44873046875,6019.71533203125,13660.4658203125,9948.1259765625,24234.69140625,387.81475830078125,3275.986083984375,13900.0,95.0,45310.16796875,5963.60693359375,1835.918212890625,4447.24169921875
2024-03-19,1571.8162841796875,27887.498046875,16811.89453125,16998.779296875,6992.244140625,6099.38818359375,13569.39453125,10088.734375,24234.69140625,380.6496276855469,3364.05029296875,13800.0,95.0,45270.94140625,6028.58544921875,1835.918212890625,4447.24169921875
2024-03-20,1575.5233154296875,27887.498046875,16581.599609375,16822.626953125,7052.29931640625,6232.17529296875,13387.2568359375,10018.4306640625,23635.43359375,378.85833740234375,3355.244384765625,13280.0,95.0,44878.64453125,6100.7841796875,1819.37841796875,4321.61376953125
2024-03-21,1575.5233154296875,27796.302734375,16422.16015625,17034.009765625,7120.935546875,6214.470703125,13842.60546875,9860.244140625,23794.0546875,386.95745849609375,3416.888916015625,13480.0,95.0,45270.94140625,6021.365234375,1844.188232421875,4321.61376953125
2024-03-22,1568.109130859375,27340.330078125,16829.615234375,17104.47265625,7258.20654296875,6249.88037109375,13787.9638671875,9754.787109375,23901.171875,385.1575927734375,3447.71142578125,13540.0,95.0,45074.79296875,5775.890625,1885.537841796875,4388.61572265625
2024-03-25,1568.109130859375,,16829.615234375,17104.47265625,7258.20654296875,6249.88037109375,13787.9638671875,9754.787109375,23901.171875,385.1575927734375,3447.71142578125,13540.0,,,5775.890625,1885.537841796875,
2024-03-26,1596.9259033203125,27796.302734375,16652.45703125,17086.85546875,7395.47705078125,6462.34130859375,13933.6748046875,9789.939453125,23812.66015625,388.7572326660156,3399.276123046875,13280.0,95.0,45015.94921875,6285.28173828125,1918.6173095703125,4296.48779296875
2024-03-27,1660.9630126953125,27796.302734375,16422.16015625,17421.546875,7412.63623046875,6595.12939453125,14006.53125,9912.9736328125,23901.171875,386.95745849609375,3465.324462890625,13300.0,95.0,45015.94921875,6325.3154296875,1959.967041015625,4296.48779296875
2024-03-28,1660.9630126953125,27796.302734375,16422.16015625,17421.546875,7412.63623046875,6595.12939453125,14006.53125,9912.9736328125,23901.171875,386.95745849609375,3465.324462890625,13300.0,95.0,45015.94921875,6325.3154296875,1959.967041015625,4296.48779296875
2024-03-29,1660.9630126953125,27796.302734375,16422.16015625,17421.546875,7412.63623046875,6595.12939453125,14006.53125,9912.9736328125,23901.171875,386.95745849609375,3465.324462890625,13300.0,95.0,45015.94921875,6325.3154296875,1959.967041015625,4296.48779296875
2024-04-01,1753.016357421875,27358.56640625,16723.318359375,17263.009765625,7515.5888671875,6533.16162109375,14206.884765625,9877.8203125,23547.078125,394.1566162109375,3478.53369140625,13900.0,95.0,45898.61328125,6325.3154296875,1976.506591796875,4438.86669921875
2024-04-02,1797.0418701171875,28854.166015625,17449.650390625,17492.005859375,7549.9072265625,6577.423828125,14407.2373046875,10071.1572265625,23901.171875,404.9554748535156,3522.56591796875,13660.0,95.0,45663.234375,6341.3291015625,2042.666015625,4472.36767578125
2024-04-03,1833.062744140625,29182.470703125,17662.236328125,17263.009765625,7609.962890625,6577.423828125,14516.521484375,10053.58203125,24308.373046875,402.2555847167969,3566.597900390625,13620.0,95.0,45663.234375,6597.54443359375,2063.340576171875,4472.36767578125
2024-04-04,1857.07666015625,30039.705078125,18158.263671875,17298.240234375,7575.64453125,6586.27587890625,14625.9873046875,10248.75390625,25051.970703125,409.4549865722656,3654.662109375,14300.0,95.0,45663.234375,6445.416015625,2117.09521484375,4606.37060546875
2024-04-05,1833.062744140625,29547.248046875,18140.552734375,16910.703125,7592.8046875,6612.83447265625,14607.587890625,10177.4580078125,24874.923828125,408.55499267578125,3703.097412109375,14500.0,95.0,41387.2109375,6405.3828125,2117.09521484375,4597.99560546875
2024-04-08,1841.0673828125,29638.44921875,17981.115234375,17245.396484375,7618.54150390625,6630.5390625,14717.97265625,10409.1689453125,24963.447265625,413.05450439453125,3725.11376953125,15400.0,95.0,41387.2109375,6397.3759765625,2133.634765625,4606.37060546875
2024-04-09,1825.05810546875,31918.326171875,18565.716796875,17333.47265625,7532.74755859375,6621.6865234375,15085.923828125,10426.9921875,25229.009765625,423.8533630371094,3777.951904296875,16080.0,95.0,41387.2109375,6525.4833984375,2141.904541015625,4664.9970703125
2024-04-10,1797.0418701171875,32191.912109375,19044.037109375,17439.162109375,7404.05615234375,6603.98095703125,15067.5263671875,10516.11328125,26432.921875,423.8533630371094,3742.72607421875,16100.0,100.0,39229.58203125,6413.3896484375,2133.634765625,4690.12353515625
2024-04-11,1809.048828125,32830.27734375,19433.775390625,17351.0859375,7523.6875,6745.6767578125,15085.923828125,10605.232421875,26202.76953125,431.9524841308594,3786.758056640625,15960.0,100.0,39955.33203125,6557.5107421875,2158.4443359375,4857.62744140625
2024-04-12,1793.0394287109375,32830.27734375,19345.19921875,16734.55078125,7610.666015625,6691.7109375,15030.73046875,10872.5908203125,25671.626953125,424.7532958984375,3769.145263671875,16060.0,100.0,41171.44921875,6485.4501953125,2117.09521484375,4857.62744140625
2024-04-15,1793.0394287109375,33060.50390625,19696.275390625,16382.2421875,7567.1767578125,6610.76318359375,14901.9482421875,10658.7041015625,25229.009765625,418.4539489746094,3733.920166015625,15940.0,100.0,41171.44921875,6485.4501953125,2108.824951171875,4882.7529296875
2024-04-16,1793.0394287109375,33613.046875,19570.248046875,16294.1669921875,7410.61474609375,6565.79248046875,14901.9482421875,10444.818359375,25565.40234375,412.1546630859375,3663.468505859375,15320.0,100.0,39072.6640625,6501.46337890625,2034.39599609375,4857.62744140625
2024-04-17,1785.0350341796875,33152.59765625,19354.19921875,16206.0888671875,7175.77099609375,6421.8837890625,14754.76953125,10480.4658203125,25229.009765625,413.95440673828125,3566.597900390625,14840.0,100.0,37268.10546875,6485.4501953125,1951.6968994140625,4857.62744140625
2024-04-18,1781.0325927734375,31587.0546875,18183.943359375,15836.1689453125,6958.32373046875,6116.08056640625,14534.0,10123.98828125,24697.880859375,413.95440673828125,3518.16259765625,14700.0,100.0,34718.1796875,6477.443359375,1902.07763671875,5025.13232421875
2024-04-19,1793.0394287109375,33060.50390625,18255.96484375,15853.7841796875,7262.75048828125,6367.91796875,14497.2041015625,9892.2763671875,25476.880859375,415.7542724609375,3664.097900390625,15160.0,100.0,36150.0625,6549.50390625,1906.21240234375,5268.013671875
2024-04-22,1809.048828125,33613.046875,18796.078125,15941.861328125,7401.9169921875,6466.85498046875,14773.1650390625,10070.515625,24963.447265625,418.4539489746094,3605.72412109375,15000.0,100.0,36150.0625,6549.50390625,1951.6968994140625,5276.38916015625
2024-04-23,1821.055908203125,34994.40625,19714.275390625,15765.7080078125,7306.24072265625,6475.849609375,14681.177734375,10141.810546875,24821.8046875,418.4539489746094,3726.96240234375,15120.0,100.0,36150.0625,6485.4501953125,1939.2921142578125,5402.01708984375
2024-04-24,1841.0673828125,34994.40625,19588.251953125,16029.9384765625,7314.9384765625,6367.91796875,14846.7568359375,10284.4013671875,24662.46875,422.9534606933594,3655.116943359375,14700.0,100.0,35306.625,6485.4501953125,1926.88720703125,5477.3935546875
2024-04-25,1845.069580078125,35804.80078125,19894.31640625,15765.7080078125,7428.01171875,6394.90087890625,15104.3193359375,10213.10546875,24538.888671875,422.95343017578125,3717.98193359375,14500.0,100.0,35306.625,6485.4501953125,2034.39599609375,5494.14404296875
2024-04-26,1841.0673828125,35933.73828125,20704.494140625,15906.630859375,7393.21875,6394.90087890625,15214.705078125,10516.11328125,25125.6796875,426.568359375,3762.884765625,14900.0,100.0,35306.625,6485.4501953125,2026.1259765625,5477.3935546875
2024-04-29,1849.0718994140625,36836.22265625,21190.59765625,16540.783203125,7149.677734375,6394.90087890625,15085.923828125,10569.5849609375,25339.064453125,425.6647033691406,3726.96240234375,15040.0,100.0,35306.625,6525.4833984375,2075.745361328125,5519.26953125
2024-04-30,1825.05810546875,36652.0390625,20812.51953125,15941.861328125,7062.6982421875,6394.90087890625,14828.3583984375,10337.8740234375,25161.251953125,418.4347839355469,3704.5107421875,14800.0,100.0,35306.625,6485.4501953125,2013.72119140625,5519.26953125
2024-05-02,1805.046630859375,36836.22265625,21514.66796875,16558.3984375,6958.32373046875,6394.90087890625,14975.5361328125,10533.9375,25303.501953125,417.5309143066406,3735.94287109375,14780.0,100.0,35796.99609375,6597.54443359375,2133.634765625,5527.64599609375
2024-05-03,1696.98388671875,27258.798828125,17283.751953125,14884.9423828125,6332.07373046875,5540.44873046875,13558.9306640625,9535.7978515625,28770.94921875,442.83587646484375,3430.6015625,14540.0,95.0,45800.5390625,6557.5107421875,1910.3472900390625,4271.3623046875
2024-05-06,1801.0440673828125,36836.22265625,21154.58984375,16734.55078125,6853.94921875,5540.44873046875,14883.5498046875,10337.8740234375,25232.369140625,420.2422180175781,3762.884765625,14800.0,100.0,35796.99609375,6677.611328125,2108.824951171875,5569.521484375
2024-05-07,1817.0533447265625,37204.58203125,21244.611328125,16523.166015625,6888.74169921875,6394.90087890625,14883.5498046875,10391.34375,25161.251953125,419.3385009765625,3753.904052734375,14800.0,100.0,34620.109375,6565.51708984375,2108.824951171875,5603.0224609375
2024-05-08,1825.05810546875,37204.58203125,21154.58984375,16523.166015625,7132.28271484375,6394.90087890625,14865.1533203125,10426.9921875,25161.251953125,420.2422180175781,3762.884765625,14800.0,100.0,34541.6484375,6581.53076171875,2067.4755859375,5695.1494140625
2024-05-09,1825.05810546875,37296.66796875,20992.5546875,16505.55078125,7341.03173828125,6394.90087890625,14938.744140625,10516.11328125,24947.86328125,418.4347839355469,3776.355712890625,14800.0,100.0,34541.6484375,6653.59130859375,2084.015380859375,5862.654296875
2024-05-10,1813.0511474609375,37296.66796875,21604.685546875,16452.705078125,7445.40673828125,6295.96484375,14920.345703125,10533.9375,25161.251953125,418.4347839355469,3776.355712890625,14900.0,100.0,34541.6484375,6685.6181640625,2092.285400390625,6030.15771484375
2024-05-14,1857.07666015625,38493.84765625,22954.98046875,16558.3984375,7262.75048828125,6295.96484375,14993.935546875,10551.76171875,25161.251953125,427.47216796875,3852.691162109375,15000.0,100.0,34541.6484375,6805.71923828125,2112.9599609375,6030.15771484375
2024-05-15,1829.0604248046875,38493.84765625,23945.197265625,16523.166015625,7219.26171875,6295.96484375,15085.923828125,10480.4658203125,25143.46875,421.14593505859375,3870.652587890625,15260.0,100.0,32462.48046875,7005.88720703125,2084.015380859375,5946.40576171875
2024-05-16,1841.0673828125,38401.7578125,23405.076171875,16523.166015625,7349.7294921875,6295.96484375,15012.3330078125,10765.6494140625,25161.251953125,424.760986328125,3924.536376953125,15500.0,100.0,33521.6796875,7510.31103515625,2133.634765625,5854.27880859375
2024-05-17,1857.07666015625,37296.66796875,24107.23046875,16523.166015625,7306.24072265625,6295.96484375,14975.5361328125,10765.6494140625,25161.251953125,422.0497131347656,3906.5751953125,15900.0,100.0,35267.39453125,8150.849609375,2150.174560546875,5862.654296875
2024-05-20,1873.0859375,37296.66796875,24125.234375,16523.166015625,7271.44873046875,6295.96484375,15049.126953125,10819.1201171875,24983.431640625,426.568359375,3933.516845703125,16200.0,100.0,32658.62890625,7974.70166015625,2125.365234375,5896.1552734375
2024-05-21,1873.0859375,36891.46875,23837.173828125,16382.2421875,7219.26171875,6295.96484375,15269.8974609375,11104.302734375,25143.46875,426.568359375,3929.0263671875,15860.0,100.0,32737.087890625,7806.560546875,2146.03955078125,5946.40576171875
2024-05-22,1817.0533447265625,36817.80078125,23495.099609375,16241.3193359375,7193.16796875,6295.96484375,14846.7568359375,11050.8310546875,25036.771484375,422.0497131347656,3942.497314453125,15760.0,100.0,32737.087890625,7582.37158203125,2108.824951171875,5954.78173828125
2024-05-23,1817.0533447265625,36817.80078125,23495.099609375,16573.875,7193.16796875,6295.96484375,14846.7568359375,11050.8310546875,25036.771484375,422.0497131347656,3942.497314453125,15760.0,100.0,32737.087890625,7582.37158203125,2108.824951171875,5954.78173828125
2024-05-24,1845.069580078125,33613.046875,22774.94140625,16699.70703125,7219.26171875,6295.96484375,15067.5263671875,10872.5908203125,24983.431640625,423.857177734375,3929.0263671875,15320.0,100.0,33835.515625,7686.45947265625,2121.22998046875,6013.408203125
2024-05-27,1841.0673828125,33152.59765625,22504.884765625,17149.107421875,7201.8662109375,6295.96484375,14975.5361328125,10961.712890625,24627.79296875,425.6647033691406,3924.536376953125,15620.0,100.0,34325.88671875,7846.59423828125,2141.904541015625,6013.408203125
2024-05-28,1905.1044921875,32231.689453125,21838.73828125,16466.021484375,7227.9599609375,6295.96484375,15233.103515625,10783.4716796875,24735.845703125,424.7569885253906,3924.536376953125,15960.0,100.0,39523.8046875,7686.45947265625,2133.634765625,6013.408203125
2024-05-29,1901.1021728515625,31402.876953125,21424.6484375,16376.142578125,7167.07373046875,6295.96484375,15067.5263671875,10783.4716796875,24628.6875,424.7569885253906,3924.536376953125,15780.0,90.0,43466.37890625,7606.3916015625,2100.55517578125,5946.40576171875
2024-05-30,1881.090576171875,32029.08984375,21964.765625,16933.3984375,7262.75048828125,6295.96484375,15177.9091796875,10783.4716796875,24985.87890625,420.2190856933594,3933.516845703125,15400.0,96.0,47075.5,7606.3916015625,2112.9599609375,6013.408203125
2024-05-31,1889.0953369140625,30389.880859375,21604.685546875,17203.037109375,7132.28271484375,6295.96484375,15104.3193359375,10391.34375,24592.966796875,408.42034912109375,3861.671630859375,15020.0,90.0,57961.7109375,7446.25732421875,2104.68994140625,5778.90185546875
2024-06-04,1897.099853515625,31789.66015625,22396.861328125,17077.20703125,7167.07373046875,6295.96484375,15269.8974609375,10516.11328125,24682.263671875,412.9582824707031,3866.162109375,15120.0,90.0,54921.41796875,7590.3779296875,2108.824951171875,5946.40576171875
2024-06-05,1881.090576171875,32231.689453125,22198.8203125,17256.96484375,7080.09423828125,6295.96484375,15196.306640625,10694.3525390625,24325.0703125,407.5126953125,3830.239501953125,15200.0,95.0,51214.22265625,7678.4521484375,2108.824951171875,5946.40576171875
2024-06-06,1893.0975341796875,33152.59765625,22468.876953125,17131.130859375,7106.18798828125,6295.96484375,15251.5,10694.3525390625,24682.263671875,411.14306640625,3753.904052734375,15060.0,95.0,50998.45703125,7678.4521484375,2104.68994140625,6021.783203125
2024-06-07,1889.0953369140625,32784.23046875,22738.93359375,16789.58984375,7167.07373046875,6295.96484375,15361.8857421875,10819.1201171875,24575.107421875,409.3279113769531,3726.96240234375,15200.0,95.0,55902.15625,7510.31103515625,2129.5,6013.408203125
2024-06-11,1889.0953369140625,33171.015625,22936.974609375,16358.166015625,7054.0009765625,6295.96484375,15288.2939453125,10676.5283203125,24825.138671875,399.34423828125,3726.96240234375,14800.0,95.0,58824.76171875,7446.25732421875,2129.5,5946.40576171875
2024-06-12,1909.10693359375,33152.59765625,22324.841796875,16178.4052734375,7054.0009765625,6295.96484375,15085.923828125,10587.408203125,24825.138671875,399.34423828125,3655.116943359375,14600.0,95.0,58746.30078125,7326.15673828125,2092.285400390625,5963.15625
2024-06-13,1925.1160888671875,33060.50390625,22198.8203125,15908.7626953125,7097.490234375,6295.96484375,15233.103515625,10533.9375,24557.244140625,402.06707763671875,3637.15625,14780.0,95.0,54274.12890625,7310.14306640625,2092.285400390625,5963.15625
2024-06-14,1921.113525390625,32986.8359375,22360.853515625,15746.982421875,7114.88623046875,6295.96484375,15177.9091796875,10480.4658203125,24110.75,395.7138977050781,3695.530029296875,14420.0,95.0,54470.27734375,7206.0556640625,2088.150390625,6005.03271484375
2024-06-17,1945.127685546875,32913.16015625,21910.75390625,15818.8828125,7149.677734375,6295.96484375,15325.091796875,10498.2890625,24521.525390625,395.7138977050781,3610.2138671875,14200.0,95.0,54234.8984375,7125.98828125,2071.610595703125,5988.28271484375
2024-06-18,1957.1348876953125,32047.513671875,22468.876953125,16430.068359375,7114.88623046875,6295.96484375,15269.8974609375,10373.521484375,24467.951171875,395.7138977050781,3637.15625,14200.0,95.0,56882.89453125,7125.98828125,2055.07080078125,5979.9072265625
2024-06-19,1945.127685546875,31734.400390625,22504.884765625,15926.7421875,7088.79296875,6295.96484375,14993.935546875,10266.578125,24110.75,393.8985900878906,3673.07861328125,14000.0,95.0,54156.44140625,7206.0556640625,2055.07080078125,5979.9072265625
2024-06-20,1993.0289306640625,31587.0546875,22252.828125,16034.5966796875,7245.35546875,6224.0107421875,15177.9091796875,10373.521484375,24110.75,395.7138977050781,3632.66552734375,14120.0,95.0,53411.078125,7206.0556640625,2055.07080078125,5979.9072265625
2024-06-21,1963.0906982421875,30942.423828125,22666.919921875,15944.716796875,7045.3037109375,6367.91796875,14957.1396484375,10373.521484375,23217.755859375,393.8985900878906,3682.05908203125,14040.0,95.0,49036.98046875,7238.08251953125,2088.150390625,5569.521484375
2024-06-24,2052.9052734375,30426.716796875,22324.841796875,16178.4052734375,7158.3759765625,6385.90673828125,15159.513671875,10373.521484375,23664.2578125,393.8985900878906,3700.020263671875,14100.0,95.0,50900.38671875,7238.08251953125,2100.55517578125,5921.2802734375
2024-06-25,1967.367431640625,31310.787109375,22594.90234375,15944.716796875,7184.46923828125,6295.96484375,15251.5,10516.11328125,23862.509765625,398.4577331542969,3722.4716796875,14000.0,95.0,50900.38671875,7174.0283203125,2092.285400390625,5946.40576171875
2024-06-26,1980.1982421875,31310.787109375,22180.814453125,16070.548828125,7219.26171875,6322.94775390625,15269.8974609375,10533.9375,23862.509765625,395.7221984863281,3646.136962890625,14260.0,95.0,50802.3125,7174.0283203125,2084.015380859375,5912.9052734375
2024-06-27,1988.751953125,31679.1484375,22054.787109375,16196.3818359375,7201.8662109375,6394.90087890625,15343.4853515625,10516.11328125,23862.509765625,394.8104248046875,3646.136962890625,14100.0,95.0,50802.3125,7174.0283203125,2088.150390625,5946.40576171875
2024-06-28,1984.4752197265625,31679.1484375,21982.771484375,16358.166015625,7245.35546875,7015.50390625,15527.462890625,10605.232421875,23862.509765625,394.8104248046875,3682.05908203125,14260.0,95.0,50802.3125,7206.0556640625,2067.4755859375,5946.40576171875
2024-07-02,1963.0906982421875,31679.1484375,22522.88671875,16358.166015625,7262.75048828125,7015.50390625,15637.84765625,10605.232421875,23862.509765625,393.8985900878906,3623.684814453125,14180.0,95.0,50782.6953125,7214.0625,2112.9599609375,5946.40576171875
2024-07-03,1958.813720703125,30850.330078125,22414.865234375,16448.04296875,7297.5419921875,7015.50390625,15803.42578125,10640.880859375,23593.3828125,394.8104248046875,3682.05908203125,14120.0,95.0,50782.6953125,7214.0625,2100.55517578125,5988.28271484375
2024-07-04,1950.260009765625,30574.0625,22468.876953125,16519.947265625,7349.7294921875,6835.61962890625,15913.91015625,10676.1064453125,23593.3828125,397.5458679199219,3682.05908203125,14120.0,95.0,52253.8046875,7358.18310546875,2129.5,6080.40966796875
2024-07-05,1963.0906982421875,30574.0625,22324.841796875,16466.021484375,7306.24072265625,6835.61962890625,15932.4814453125,10748.3642578125,23413.970703125,393.8985900878906,3700.020263671875,14300.0,95.0,51939.96875,7446.25732421875,2117.09521484375,6072.0341796875
2024-07-08,1933.1524658203125,30713.66796875,22224.40625,16537.923828125,7297.5419921875,7195.38818359375,15969.619140625,10802.5576171875,23306.318359375,392.0751037597656,3740.43310546875,14300.0,95.0,51939.96875,7446.25732421875,2121.22998046875,6030.15771484375
2024-07-09,1916.044921875,30713.66796875,22005.265625,16430.068359375,7336.0234375,7271.5576171875,15969.619140625,10748.3642578125,22893.66015625,388.4278259277344,3749.4140625,13900.0,95.0,50998.45703125,7286.12255859375,2117.09521484375,6130.6611328125
2024-07-10,1890.3836669921875,30713.66796875,21694.818359375,16268.28515625,7371.16552734375,7271.5576171875,15858.2041015625,10658.041015625,22678.35546875,387.5159606933594,3744.923583984375,13900.0,95.0,50017.71875,7222.0693359375,2075.745361328125,6030.15771484375
2024-07-11,1916.044921875,31458.2421875,21877.43359375,16304.2373046875,7379.9521484375,7271.5576171875,15839.6328125,10658.041015625,22498.939453125,382.95697021484375,3834.73046875,13900.0,95.0,50017.71875,7222.0693359375,2125.365234375,6030.15771484375
2024-07-12,1873.276123046875,31495.470703125,21822.6484375,16412.09375,7379.9521484375,7271.5576171875,15765.3564453125,10802.5576171875,22606.58984375,384.7806701660156,3879.63330078125,13980.0,95.0,49527.34765625,7222.0693359375,2150.174560546875,6030.15771484375
2024-07-15,1898.9373779296875,31365.169921875,21475.67578125,16519.947265625,7379.9521484375,7271.5576171875,15616.802734375,10766.427734375,22803.94921875,384.7806701660156,3830.239501953125,13720.0,95.0,49488.12109375,7206.0556640625,2158.4443359375,5988.28271484375
2024-07-16,1864.7222900390625,30713.66796875,21548.7265625,16591.8515625,7371.16552734375,6553.49072265625,15616.802734375,10748.3642578125,22696.296875,387.5159606933594,3803.297607421875,13640.0,95.0,49036.98046875,7206.0556640625,2154.3095703125,6030.15771484375
2024-07-17,1868.9991455078125,30024.935546875,21384.37109375,16537.923828125,7204.23828125,6698.92236328125,15691.078125,10766.427734375,22929.541015625,390.2514343261719,3717.98193359375,13740.0,95.0,49036.98046875,7150.00830078125,2146.03955078125,6072.0341796875
2024-07-18,1864.7222900390625,30322.767578125,21256.5390625,16693.857421875,7371.16552734375,6698.92236328125,15746.787109375,10585.7841796875,22803.94921875,387.5159606933594,3789.826904296875,13800.0,95.0,49036.98046875,7150.00830078125,2129.5,6072.0341796875
2024-07-19,1864.7222900390625,30322.767578125,21238.27734375,16785.580078125,7379.9521484375,6708.01220703125,15728.21875,10694.171875,22965.42578125,387.5159606933594,3828.70849609375,13680.0,84.0,48056.23828125,7061.9345703125,2141.904541015625,6030.15771484375
2024-07-22,1851.8916015625,30434.453125,21457.41796875,16785.580078125,7379.9521484375,6708.01220703125,15821.0634765625,10748.3642578125,22875.716796875,390.2514343261719,3837.857177734375,13680.0,84.0,46487.05859375,7029.90771484375,2150.174560546875,6030.15771484375
2024-07-23,1813.399658203125,29782.953125,21183.490234375,16785.580078125,7274.52392578125,6953.42724609375,15951.0517578125,10802.5576171875,23055.13671875,392.0751037597656,3732.647705078125,13600.0,84.0,50998.45703125,7029.90771484375,2174.984375,6030.15771484375
2024-07-24,1826.2303466796875,30118.009765625,21238.27734375,16858.958984375,7292.095703125,6953.42724609375,15765.3564453125,10712.2353515625,22821.88671875,388.4278259277344,3750.945068359375,13800.0,80.0,51979.19921875,7029.90771484375,2171.076416015625,6072.0341796875
2024-07-25,1830.5072021484375,30118.009765625,21183.490234375,16748.892578125,7379.9521484375,6953.42724609375,15783.92578125,10748.3642578125,22803.94921875,388.4278259277344,3746.370361328125,13700.0,80.0,51979.19921875,7029.90771484375,2175.418701171875,6197.66259765625
2024-07-26,1834.7840576171875,30248.3125,20818.259765625,16400.337890625,7362.38037109375,6953.42724609375,15746.787109375,10549.654296875,22894.990234375,387.51171875,3677.755615234375,13500.0,80.0,51959.58203125,7085.95458984375,2140.68115234375,6281.41455078125
2024-07-29,1821.9534912109375,29782.953125,20124.3203125,16510.408203125,7336.0234375,6953.42724609375,15765.3564453125,10549.654296875,22949.072265625,387.51171875,3659.45849609375,13440.0,80.0,52959.9375,7125.98828125,2131.9970703125,6281.41455078125
2024-07-30,1821.9534912109375,28945.30859375,19649.515625,16180.19921875,7362.38037109375,6953.42724609375,15691.078125,10549.654296875,22552.462890625,380.18292236328125,3622.864013671875,13100.0,81.5,52959.9375,7005.88720703125,2123.3125,6030.15771484375
2024-07-31,1860.4453125,30155.236328125,19631.2578125,16051.7841796875,7336.0234375,6953.42724609375,15393.970703125,10567.7177734375,22552.462890625,389.343994140625,3622.864013671875,13200.0,81.5,53940.67578125,7005.88720703125,2136.33935546875,6046.9091796875
2024-08-01,1813.399658203125,29410.6640625,19722.5625,16143.5078125,7371.16552734375,6953.42724609375,15301.1240234375,10567.7177734375,22534.439453125,392.0922546386719,3659.45849609375,13200.0,81.5,52469.56640625,7005.88720703125,2110.286376953125,6273.0400390625
2024-08-02,1762.0770263671875,29298.974609375,19722.5625,15684.888671875,7230.59521484375,6898.89111328125,15486.814453125,10477.3974609375,22534.439453125,385.6794738769531,3641.1611328125,13340.0,81.5,51979.19921875,6885.78662109375,2071.206787109375,6038.53369140625
2024-08-05,1744.969482421875,28386.875,19156.453125,15042.81640625,7054.8818359375,6717.1015625,15412.5400390625,10369.009765625,22336.130859375,375.6023864746094,3540.52587890625,12900.0,81.5,51979.19921875,6885.78662109375,2071.206787109375,6264.66552734375
2024-08-06,1762.0770263671875,28479.947265625,19759.083984375,15354.6787109375,7046.0966796875,6717.1015625,15505.38671875,10116.1083984375,22173.8828125,375.6023864746094,3586.26953125,13140.0,81.5,55607.93359375,6925.81982421875,2045.1539306640625,6281.41455078125
2024-08-07,1783.46142578125,28573.01953125,19941.703125,15226.2666015625,7063.66796875,6717.1015625,15431.109375,10350.9443359375,22498.37890625,373.7701416015625,3705.20166015625,13000.0,81.5,53254.16015625,6925.81982421875,2101.601806640625,6281.41455078125
2024-08-08,1783.46142578125,28573.01953125,19941.703125,15226.2666015625,7063.66796875,6717.1015625,15431.109375,10350.9443359375,22498.37890625,373.7701416015625,3705.20166015625,13000.0,81.5,53254.16015625,6925.81982421875,2101.601806640625,6281.41455078125
2024-08-09,1826.2303466796875,29261.748046875,20215.625,15079.505859375,7081.2392578125,6308.07666015625,15598.2333984375,10549.654296875,22534.439453125,375.6023864746094,3787.539794921875,13100.0,81.5,54332.97265625,6925.81982421875,2123.3125,6281.41455078125
2024-08-12,1843.337890625,28479.947265625,20617.3828125,15464.7490234375,7432.666015625,6308.07666015625,15653.9404296875,10531.5888671875,22480.35546875,375.6023864746094,3778.390380859375,13080.0,81.5,54725.26953125,6925.81982421875,2084.233154296875,6306.54052734375
2024-08-13,1804.845947265625,28386.875,20836.51953125,16015.095703125,7590.8076171875,6907.98046875,15783.92578125,10477.3974609375,22516.412109375,378.3507080078125,3805.836669921875,13160.0,81.5,55411.78515625,6925.81982421875,2123.3125,6281.41455078125
2024-08-14,1744.969482421875,28386.875,20964.3515625,16858.958984375,7678.66455078125,7226.1103515625,15616.802734375,10639.9765625,22534.439453125,387.51171875,3851.580078125,13300.0,81.5,54058.3671875,7045.9208984375,2097.260009765625,6482.42041015625
2024-08-15,1783.46142578125,28833.619140625,20946.091796875,16748.892578125,7617.16552734375,7226.1103515625,15672.5107421875,10658.041015625,22985.125,387.51171875,3842.431396484375,13920.0,81.5,54058.3671875,7214.0625,2114.62841796875,6544.091796875
2024-08-16,1783.46142578125,29689.876953125,21037.3984375,16693.857421875,7687.44873046875,7226.1103515625,15746.787109375,10658.041015625,22967.09765625,392.0922546386719,3842.431396484375,13840.0,81.5,54901.80078125,7606.3916015625,2145.0234375,6552.65771484375
2024-08-20,1740.692626953125,29689.876953125,20745.21484375,16620.478515625,7678.66455078125,7226.1103515625,15783.92578125,10621.9130859375,22967.09765625,392.0922546386719,3828.70849609375,13580.0,81.5,55568.70703125,7366.1904296875,2110.286376953125,6552.65771484375
2024-08-21,1744.969482421875,33170.76171875,21621.771484375,16455.373046875,7634.73583984375,7226.1103515625,15635.3701171875,10549.654296875,24102.833984375,388.4278259277344,3824.134033203125,13300.0,81.5,56882.89453125,7166.02197265625,2101.601806640625,6381.34716796875
2024-08-22,1740.692626953125,33133.53515625,20781.736328125,16216.888671875,7625.95068359375,7226.1103515625,15542.525390625,10369.009765625,24409.298828125,384.7634582519531,3778.390380859375,13200.0,81.5,56176.765625,7206.0556640625,2084.233154296875,6424.17431640625
2024-08-23,1757.8001708984375,30899.814453125,20453.029296875,15831.6474609375,7678.66455078125,7226.1103515625,15691.078125,10387.07421875,24787.876953125,382.9311828613281,3659.45849609375,13040.0,81.5,56765.20703125,7310.14306640625,2071.206787109375,6167.20751953125
2024-08-26,1774.90771484375,30080.77734375,20343.45703125,15776.6123046875,7731.3779296875,7226.1103515625,15598.2333984375,10441.267578125,25508.986328125,381.09893798828125,3750.945068359375,12860.0,81.5,56686.75,7406.2236328125,2118.970703125,6244.2978515625
2024-08-27,1762.0770263671875,29410.6640625,19941.703125,15905.0263671875,7731.3779296875,7226.1103515625,15653.9404296875,10531.5888671875,25346.9453125,386.6221923828125,3723.4990234375,12800.0,81.5,56882.89453125,7406.2236328125,2166.734375,6218.60107421875
2024-08-28,1757.8001708984375,29782.953125,19722.5625,15996.75,7652.30712890625,7226.1103515625,15691.078125,10567.7177734375,25546.099609375,385.7016296386719,3723.4990234375,12800.0,81.5,57844.01953125,7414.23095703125,2184.10302734375,6338.51806640625
2024-08-29,1749.246337890625,29131.44921875,19375.587890625,15978.40625,7573.23583984375,7226.1103515625,15783.92578125,10387.07421875,25546.099609375,385.7016296386719,3677.755615234375,12700.0,81.5,59000.0,7526.32470703125,2136.33935546875,6424.17431640625
2024-08-30,1757.8001708984375,30043.55078125,19448.634765625,16657.16796875,7309.66650390625,7226.1103515625,15783.92578125,10694.171875,26252.193359375,391.224853515625,3705.20166015625,12680.0,81.5,59000.0,7598.38525390625,2197.129150390625,6595.4853515625
2024-09-02,1757.8001708984375,30043.55078125,19759.083984375,16455.373046875,7336.0234375,7226.1103515625,15598.2333984375,10694.171875,26252.193359375,384.7810974121094,3664.03271484375,12680.0,81.5,58780.0,7414.23095703125,2201.471435546875,6595.4853515625
2024-09-03,1706.4775390625,29038.37890625,19777.349609375,16510.408203125,7336.0234375,7226.1103515625,15783.92578125,10802.5576171875,25745.248046875,384.7810974121094,3682.329833984375,12660.0,81.5,58780.0,7390.2099609375,2175.418701171875,6586.9208984375
2024-09-04,1642.32421875,28852.232421875,19667.779296875,15978.40625,7292.095703125,7226.1103515625,16415.28125,11181.912109375,25527.9921875,383.8605041503906,3622.864013671875,12500.0,81.5,58780.0,7478.2841796875,2179.760498046875,6424.17431640625
2024-09-05,1646.60107421875,28386.875,19631.2578125,15941.71484375,7327.23779296875,7226.1103515625,16341.0068359375,11199.9765625,25618.521484375,389.38372802734375,3659.45849609375,12780.0,81.0,58780.0,7606.3916015625,2197.129150390625,6424.17431640625
2024-09-06,1650.8780517578125,28759.162109375,19302.544921875,15886.6826171875,7125.16796875,7226.1103515625,16248.158203125,11019.330078125,25582.310546875,386.6221923828125,3659.45849609375,12600.0,81.0,60000.0,7526.32470703125,2197.129150390625,6424.17431640625
2024-09-09,1638.04736328125,27549.228515625,18992.09765625,16033.4404296875,7054.8818359375,7226.1103515625,16118.173828125,11019.330078125,25183.998046875,384.7810974121094,3581.695068359375,12480.0,85.5,60500.0,7718.486328125,2184.10302734375,6424.17431640625
2024-09-10,1612.385986328125,27549.228515625,18754.6953125,15739.9228515625,6975.81103515625,7226.1103515625,16248.158203125,11001.2666015625,25763.357421875,385.7016296386719,3586.26953125,12600.0,85.5,60500.0,7686.45947265625,2192.787109375,6424.17431640625
2024-09-11,1629.4935302734375,27921.517578125,18425.986328125,15446.4033203125,6914.3115234375,7226.1103515625,16155.3134765625,10820.6220703125,25274.521484375,385.7016296386719,3586.26953125,12260.0,80.0,61000.0,7526.32470703125,2197.129150390625,6424.17431640625
2024-09-12,1650.8780517578125,28442.71484375,19448.634765625,15611.5078125,6905.52587890625,7226.1103515625,16341.0068359375,10567.7177734375,25527.9921875,386.6221923828125,3618.28955078125,12500.0,80.0,62000.0,7670.44580078125,2179.760498046875,6586.9208984375
2024-09-13,1633.7703857421875,28349.646484375,18772.958984375,15556.4736328125,6940.66845703125,7107.9482421875,16285.296875,10585.7841796875,25509.888671875,386.6221923828125,3586.26953125,12220.0,80.0,64280.0,7886.62744140625,2188.445068359375,6595.4853515625
2024-09-16,1676.539306640625,26339.296875,18809.48046875,15409.71484375,6940.66845703125,7107.9482421875,16229.587890625,10567.7177734375,25238.314453125,385.7016296386719,3558.823486328125,12260.0,80.0,64280.0,8006.728515625,2214.498046875,6612.61669921875
2024-09-17,1672.262451171875,25594.724609375,18535.556640625,15391.3681640625,6923.09765625,7107.9482421875,16470.9921875,10567.7177734375,25437.46875,384.7810974121094,3554.249267578125,12220.0,80.0,66000.0,8006.728515625,2201.471435546875,6595.4853515625
2024-09-18,1629.4935302734375,25129.3671875,18444.24609375,15391.3681640625,6905.52587890625,7107.9482421875,16433.853515625,10585.7841796875,25346.9453125,385.7016296386719,3522.228759765625,12180.0,80.0,66000.0,8086.79541015625,2179.760498046875,6595.4853515625
2024-09-19,1629.4935302734375,23826.359375,18115.537109375,15868.3349609375,6896.74072265625,7107.9482421875,16953.79296875,10477.3974609375,25491.775390625,385.7016296386719,3517.654296875,12000.0,80.0,65980.0,8086.79541015625,2236.20849609375,6595.4853515625
2024-09-20,1616.6629638671875,25594.724609375,18115.537109375,16033.4404296875,6589.2421875,7107.9482421875,16990.931640625,10585.7841796875,25256.419921875,390.3042297363281,3641.1611328125,11800.0,80.0,67000.0,8054.7685546875,2231.86669921875,6681.14111328125
2024-09-23,1642.32421875,26339.296875,18608.603515625,15905.0263671875,6413.529296875,,16898.083984375,10567.7177734375,25075.369140625,384.7810974121094,3613.715087890625,12060.0,80.0,67000.0,8246.9296875,2166.734375,6638.31396484375
2024-09-24,1659.4317626953125,26525.439453125,18992.09765625,16106.8193359375,6413.529296875,,16916.654296875,10585.7841796875,25021.0546875,388.4632263183594,3613.715087890625,12040.0,80.0,66900.0,8198.890625,2214.498046875,6595.4853515625
2024-09-25,1573.89404296875,26525.439453125,19101.6640625,15813.3017578125,6501.38623046875,,16712.392578125,10585.7841796875,24767.37890625,386.6134033203125,3609.140869140625,12160.0,75.0,66900.0,8166.86328125,2223.182373046875,6681.14111328125
2024-09-26,1625.2166748046875,26990.802734375,19174.71484375,16235.232421875,6510.17138671875,,16712.392578125,10838.6875,24767.37890625,388.4632263183594,3613.715087890625,12160.0,75.0,70000.0,8166.86328125,2223.182373046875,6681.14111328125
2024-09-27,1612.385986328125,26804.65625,19266.01953125,15849.9912109375,6615.599609375,,16619.546875,10658.041015625,25294.732421875,388.4632263183594,3567.971923828125,12280.0,75.0,69740.0,8006.728515625,2175.418701171875,6595.4853515625
2024-09-30,1608.109130859375,26990.802734375,19412.11328125,15666.5419921875,6589.2421875,,16341.0068359375,10585.7841796875,25203.80859375,388.4632263183594,3581.695068359375,12400.0,80.0,69740.0,8006.728515625,2153.707763671875,6595.4853515625
2024-10-01,1620.9398193359375,26990.802734375,19339.06640625,15336.333984375,6615.599609375,,16526.69921875,10567.7177734375,25185.625,384.7635498046875,3622.864013671875,12520.0,80.0,69740.0,8102.80908203125,2171.076416015625,6595.4853515625
2024-10-02,1603.832275390625,26525.439453125,19174.71484375,15666.5419921875,6580.45703125,,16322.4384765625,10585.7841796875,24749.19140625,382.9136962890625,3613.715087890625,12340.0,80.0,69740.0,8118.82275390625,2158.050048828125,6595.4853515625
2024-10-03,1629.4935302734375,27009.4140625,19266.01953125,15666.5419921875,6580.45703125,,16786.671875,10585.7841796875,25149.25390625,386.6134033203125,3613.715087890625,12300.0,80.0,69680.0,8006.728515625,2166.734375,6595.4853515625
2024-10-04,1616.6629638671875,26990.802734375,19192.970703125,16015.095703125,6518.95751953125,,16916.873046875,10621.494140625,25258.36328125,383.8387145996094,3604.56640625,12300.0,80.0,69680.0,7974.70166015625,2140.68115234375,6595.4853515625
2024-10-07,1633.7703857421875,26906.01171875,19313.685546875,16235.232421875,6545.31396484375,,17029.275390625,10621.494140625,24694.64453125,381.98883056640625,3586.26953125,12420.0,80.0,69680.0,7974.70166015625,2149.36572265625,6595.4853515625
2024-10-08,1561.0633544921875,26924.85546875,19165.119140625,15776.6123046875,6699.74658203125,,17048.009765625,10713.05859375,24949.228515625,384.7635498046875,3622.864013671875,12480.0,80.0,72000.0,7974.70166015625,2145.0234375,6595.4853515625
2024-10-09,1573.89404296875,26849.486328125,18756.55859375,15629.8525390625,6575.34814453125,,16879.404296875,10713.05859375,24731.013671875,383.8387145996094,3654.884033203125,12700.0,80.0,72000.0,8054.7685546875,2131.9970703125,6595.4853515625
2024-10-10,1578.1710205078125,26792.9609375,19072.263671875,15611.5078125,6699.74658203125,,17104.21484375,10713.05859375,24494.615234375,392.1629333496094,3627.438232421875,13300.0,80.0,75000.0,8166.86328125,2153.707763671875,6595.4853515625
2024-10-11,1578.1710205078125,27188.638671875,19592.24609375,16051.7841796875,6708.63232421875,,17235.3515625,10914.5009765625,24912.859375,392.1629333496094,3645.73583984375,13400.0,80.0,75000.0,8102.80908203125,2166.734375,6706.83837890625
2024-10-15,1522.5714111328125,28827.87109375,19406.5390625,16070.1318359375,6930.77197265625,,18078.38671875,11262.4462890625,24585.53125,396.7874450683594,3613.715087890625,13240.0,80.0,75000.0,8086.79541015625,2188.445068359375,6595.4853515625
2024-10-16,1505.4639892578125,30052.58203125,19815.099609375,16143.5078125,6788.60205078125,,18528.001953125,11390.63671875,25076.517578125,395.86260986328125,3641.1611328125,13800.0,80.0,75000.0,8150.849609375,2231.86669921875,6754.94091796875
2024-10-17,1488.3563232421875,31107.71875,20223.65625,16510.408203125,6859.6875,,18734.076171875,11610.3916015625,24985.591796875,400.4870910644531,3659.45849609375,13940.0,80.0,77000.0,8166.86328125,2236.20849609375,6754.94091796875
2024-10-18,1505.4639892578125,31390.34765625,20632.21875,16528.75390625,7001.85693359375,,18415.599609375,11738.5830078125,25112.888671875,406.03656005859375,3699.108642578125,14520.0,80.0,82500.0,8166.86328125,2231.86669921875,6825.03125
2024-10-21,1475.525634765625,30975.830078125,20725.0703125,16895.650390625,6886.34423828125,,18003.447265625,11628.705078125,25258.36328125,399.562255859375,3652.46142578125,14440.0,80.0,82500.0,8310.984375,2205.813720703125,6746.1796875
2024-10-22,1484.0794677734375,31748.33984375,20892.208984375,16602.1328125,6868.5732421875,,18059.650390625,11537.140625,25112.888671875,403.2618713378906,3568.4970703125,14400.0,80.0,82500.0,8310.984375,2197.129150390625,6746.1796875
2024-10-23,1471.248779296875,31541.080078125,20687.927734375,16271.923828125,6770.8310546875,,17516.36328125,11024.3779296875,25003.77734375,393.08782958984375,3531.17919921875,14200.0,80.0,82500.0,8246.9296875,2201.471435546875,6746.1796875
2024-10-24,1479.802490234375,31296.138671875,20725.0703125,16675.51171875,7072.94140625,,17759.90234375,11262.4462890625,25221.998046875,393.08782958984375,3531.17919921875,14100.0,80.0,77540.0,8326.998046875,2201.471435546875,6746.1796875
2024-10-25,1484.0794677734375,31541.080078125,20706.498046875,16418.68359375,7286.1962890625,,17666.236328125,11024.3779296875,25021.962890625,393.08782958984375,3554.5029296875,14100.0,80.0,77700.0,8326.998046875,2205.813720703125,6746.1796875
2024-10-28,1505.4639892578125,32596.21875,20985.0625,16510.408203125,7455.0224609375,,17329.01953125,11390.63671875,25114.201171875,401.45147705078125,3591.8203125,14480.0,80.0,80000.0,8407.064453125,2188.445068359375,6746.1796875
2024-10-29,1484.0794677734375,31654.134765625,20985.0625,16510.408203125,7348.39599609375,,17329.01953125,11500.5146484375,25095.9296875,399.5927429199219,3526.5146484375,14700.0,80.0,80000.0,8246.9296875,2192.787109375,6746.1796875
2024-10-30,1471.248779296875,32275.912109375,21375.048828125,16437.029296875,7463.90869140625,,17460.158203125,11445.576171875,25095.9296875,391.229248046875,3531.17919921875,14960.0,80.0,80000.0,8343.01171875,2192.787109375,6308.11572265625
2024-10-31,1454.1412353515625,32973.05078125,21579.328125,16125.1630859375,7632.73583984375,,18172.052734375,11793.521484375,25662.150390625,407.02716064453125,3526.5146484375,15080.0,80.0,80000.0,8343.01171875,2197.129150390625,6746.1796875
2024-11-01,1437.03369140625,32784.640625,21393.619140625,15996.75,7588.30810546875,,18059.650390625,12269.6572265625,25808.265625,404.2392578125,3498.5263671875,15200.0,80.0,78480.0,8246.9296875,2192.787109375,6746.1796875
2024-11-05,1419.9261474609375,32973.05078125,21467.90234375,15849.9912109375,7552.763671875,,18097.119140625,12361.2216796875,25790.00390625,408.88568115234375,3540.5087890625,15460.0,80.0,78480.0,8278.95703125,2201.471435546875,6746.1796875
2024-11-06,1454.1412353515625,33218.0,21709.32421875,16492.0625,7463.90869140625,,18040.9140625,12379.5341796875,25424.703125,398.6634521484375,3475.20263671875,15300.0,80.0,78480.0,8246.9296875,2171.076416015625,6746.1796875
2024-11-07,1419.9261474609375,33255.68359375,21635.04296875,16235.232421875,7703.82080078125,,18059.650390625,12306.28125,25205.529296875,398.6634521484375,3489.197021484375,15300.0,80.0,80000.0,8326.998046875,2192.787109375,6746.1796875
2024-11-08,1360.0498046875,33915.140625,21467.90234375,15960.05859375,7437.25146484375,,17516.36328125,12123.1533203125,24895.021484375,395.8756103515625,3465.87353515625,15300.0,80.0,80000.0,8230.916015625,2158.050048828125,6746.1796875
2024-11-12,1411.372314453125,36006.57421875,21969.31640625,15905.0263671875,7677.16357421875,,17703.701171875,12526.0380859375,24840.228515625,407.02716064453125,3414.561767578125,15500.0,80.0,80000.0,8182.876953125,2145.0234375,6877.5986328125
2024-11-13,1419.9261474609375,35648.578125,21542.185546875,15593.1640625,7472.7939453125,,17666.236328125,12544.3505859375,24913.28515625,399.5927429199219,3391.23828125,15300.0,80.0,80000.0,8182.876953125,2153.707763671875,6737.41845703125
2024-11-14,1475.525634765625,33462.94140625,21133.62890625,15629.8525390625,7481.67919921875,,17254.0859375,12123.1533203125,24840.228515625,413.5321044921875,3363.25,15500.0,80.0,80000.0,8182.876953125,2153.707763671875,6746.1796875
2024-11-15,1492.6331787109375,32502.015625,21207.91015625,15574.818359375,7419.47998046875,,17141.6796875,11994.9638671875,24913.28515625,419.10772705078125,3325.932373046875,15500.0,80.0,80000.0,8487.1328125,2153.707763671875,6789.986328125
2024-11-18,1526.8482666015625,31277.298828125,21263.625,15593.1640625,7552.763671875,,17235.3515625,12269.6572265625,25095.9296875,426.54205322265625,3325.932373046875,15500.0,80.0,79000.0,8407.064453125,2179.760498046875,6772.4638671875
2024-11-19,1522.5714111328125,31070.037109375,20892.208984375,15519.783203125,7570.53466796875,,17310.28515625,12361.2216796875,25022.880859375,431.18853759765625,3363.25,15540.0,80.0,79000.0,8407.064453125,2236.20849609375,6772.4638671875
2024-11-20,1501.1868896484375,32012.130859375,21282.1953125,15868.3349609375,7703.82080078125,,17947.24609375,12544.3505859375,24931.548828125,429.3299255371094,3377.244384765625,15740.0,80.0,78980.0,8647.2666015625,2240.55078125,6772.4638671875
2024-11-21,1539.678955078125,31842.548828125,21152.197265625,15813.3017578125,8263.61328125,,17891.041015625,12635.916015625,24931.548828125,423.754150390625,3400.567626953125,15600.0,80.0,79500.0,8567.19921875,2249.235107421875,6746.1796875
2024-11-22,1565.3402099609375,31729.5,21486.474609375,15813.3017578125,8130.32861328125,,18415.599609375,12764.1064453125,25369.90625,422.8249206542969,3400.567626953125,15600.0,79.5,79500.0,8887.46875,2214.498046875,6570.9541015625
2024-11-25,1552.5096435546875,33312.20703125,21356.478515625,15317.990234375,8654.580078125,,18209.5234375,12452.78515625,24383.609375,435.8349609375,3265.291015625,15400.0,79.5,79500.0,8935.5087890625,2257.91943359375,6947.689453125
2024-11-26,1505.4639892578125,34367.34375,21597.900390625,15574.818359375,8503.5244140625,,18715.34375,12819.044921875,25136.79296875,433.96844482421875,3344.591064453125,15560.0,79.5,79500.0,9047.6025390625,2240.55078125,6947.689453125
2024-11-27,1514.0177001953125,33651.359375,21635.04296875,15868.3349609375,8467.9814453125,,18734.076171875,12983.8603515625,25210.1796875,421.8359680175781,3339.92626953125,15400.0,79.5,79500.0,9047.6025390625,2249.235107421875,6641.0439453125
2024-11-28,1522.5714111328125,33707.8828125,21727.8984375,15574.818359375,8494.6396484375,,18734.076171875,13002.173828125,25118.439453125,420.90264892578125,3349.256103515625,15400.0,74.0,79000.0,8967.5361328125,2231.86669921875,6702.373046875
2024-11-29,1539.678955078125,33915.140625,21653.61328125,15409.71484375,8547.953125,,18752.8125,12819.044921875,25210.1796875,424.6358337402344,3349.256103515625,15400.0,74.0,79000.0,8967.5361328125,2240.55078125,6746.1796875
2024-12-02,1518.2945556640625,33255.68359375,21579.328125,15794.9580078125,8574.609375,,18734.076171875,12855.6708984375,25210.1796875,434.9017639160156,3311.938232421875,15480.0,74.0,79000.0,8903.482421875,2257.91943359375,6746.1796875
2024-12-03,1522.5714111328125,32954.21484375,21820.75,15556.4736328125,8530.1796875,,18715.34375,12910.6103515625,24971.662109375,436.7682189941406,3269.955810546875,15420.0,74.0,79000.0,8967.5361328125,2240.55078125,6746.1796875
2024-12-04,1501.1868896484375,32596.21875,21765.0390625,15409.71484375,8512.41015625,,18546.734375,12910.6103515625,24788.181640625,429.3020935058594,3269.955810546875,15400.0,74.0,79000.0,8967.5361328125,2257.91943359375,6746.1796875
2024-12-05,1514.0177001953125,33274.51953125,21727.8984375,15739.9228515625,8592.380859375,,18677.873046875,12910.6103515625,24733.13671875,432.1019592285156,3283.949951171875,15340.0,74.0,79000.0,8839.427734375,2257.91943359375,6746.1796875
2024-12-06,1479.802490234375,33312.20703125,21653.61328125,15483.0927734375,8574.609375,,18359.39453125,12892.294921875,25045.052734375,429.3020935058594,3283.949951171875,15540.0,74.0,79000.0,8839.427734375,2272.06298828125,6746.1796875
2024-12-09,1531.125244140625,33274.51953125,21690.75390625,15428.05859375,8770.0927734375,,18265.7265625,12800.7314453125,24934.96484375,430.2353820800781,3274.62060546875,15520.0,74.0,79000.0,8711.3203125,2262.93798828125,6746.1796875
2024-12-10,1565.3402099609375,33349.8828125,21746.466796875,15373.0244140625,8876.7197265625,,18209.5234375,12654.228515625,24678.09375,429.3020935058594,3241.9677734375,15400.0,74.0,79000.0,8791.3876953125,2276.625244140625,6833.79248046875
2024-12-11,1548.232666015625,33161.46875,21542.185546875,15519.783203125,8850.0625,,18097.119140625,12928.9208984375,24678.09375,428.3687744140625,3255.961669921875,15400.0,74.0,79000.0,8727.333984375,2267.50048828125,6833.79248046875
2024-12-12,1552.5096435546875,33255.68359375,21820.75,15754.22265625,8850.0625,,18172.052734375,13276.8662109375,24696.4375,425.5690612792969,3265.291015625,15400.0,74.0,79000.0,8727.333984375,2276.625244140625,6632.28369140625
2024-12-13,1522.5714111328125,33444.09765625,21783.607421875,15754.22265625,8885.60546875,,18172.052734375,13038.7998046875,24641.39453125,428.3687744140625,3269.955810546875,15500.0,74.0,79000.0,8743.34765625,2290.312255859375,6632.28369140625
2024-12-16,1479.802490234375,33444.09765625,21895.033203125,15735.4658203125,8699.0078125,,18022.181640625,13166.9912109375,24641.39453125,426.5023498535156,3269.955810546875,15400.0,74.0,79000.0,8887.46875,2262.93798828125,6992.67529296875
2024-12-17,1488.3563232421875,33915.140625,22136.455078125,15472.896484375,8867.8330078125,,18078.38671875,13185.302734375,24604.69921875,420.90264892578125,3265.291015625,15300.0,74.0,71600.0,9031.58984375,2258.375732421875,6992.67529296875
2024-12-18,1441.3106689453125,33444.09765625,22285.01953125,15285.345703125,8876.7197265625,,18359.39453125,13551.5615234375,23925.82421875,426.5023498535156,3265.291015625,15320.0,74.0,78000.0,9095.6435546875,2235.563720703125,6903.025390625
2024-12-19,1437.03369140625,35347.11328125,24142.109375,15229.0810546875,8956.6904296875,,19108.759765625,14100.9482421875,23907.47265625,429.3020935058594,3288.61474609375,15200.0,74.0,79000.0,8887.46875,2212.751953125,6678.90087890625
2024-12-20,1411.372314453125,34857.2265625,23714.9765625,15191.5712890625,9187.71484375,,19015.08984375,13862.880859375,24494.615234375,404.10394287109375,3283.949951171875,14540.0,74.0,78000.0,8839.427734375,2208.189697265625,6678.90087890625
2024-12-23,1441.3106689453125,35139.85546875,24104.962890625,15472.896484375,9614.224609375,,19202.4296875,13734.6904296875,24476.263671875,415.3030700683594,3330.59716796875,14600.0,74.0,79000.0,9095.6435546875,2276.625244140625,6678.90087890625
2024-12-24,1419.9261474609375,35282.5078125,24264.97265625,15472.896484375,9347.6572265625,,19146.2265625,14082.6357421875,24182.28125,417.1780700683594,3377.244384765625,14600.0,74.0,79000.0,9095.6435546875,2276.625244140625,6678.90087890625
2024-12-25,1419.9261474609375,35282.5078125,24264.97265625,15472.896484375,9347.6572265625,,19146.2265625,14082.6357421875,24182.28125,417.1780700683594,3377.244384765625,14600.0,74.0,79000.0,9095.6435546875,2276.625244140625,
2024-12-26,1419.9261474609375,35282.5078125,24603.81640625,15660.447265625,9294.34375,,19202.4296875,13954.4462890625,24182.28125,420.92803955078125,3419.226318359375,14600.0,74.0,79000.0,9095.6435546875,2235.563720703125,6678.90087890625
2024-12-27,1419.9261474609375,35187.40234375,24792.064453125,15472.896484375,9223.2578125,,19202.4296875,14119.26171875,24458.755859375,429.3653259277344,3437.885009765625,15000.0,74.0,79000.0,9207.7373046875,2267.50048828125,6678.90087890625
2024-12-30,1432.7568359375,35377.61328125,24490.869140625,15660.447265625,9202.0224609375,,19296.1015625,14137.57421875,24753.658203125,418.1155700683594,3433.220458984375,14680.0,74.0,79000.0,9207.7373046875,2226.43896484375,6678.90087890625
2024-12-31,1432.7568359375,35377.61328125,24490.869140625,15660.447265625,9202.0224609375,,19296.1015625,14137.57421875,24753.658203125,418.1155700683594,3433.220458984375,14680.0,74.0,79000.0,9207.7373046875,2226.43896484375,6678.90087890625
