,ECOPETROL.CL,GRUPOSURA.CL,PFGRUPSURA.CL,ISA.CL,CEMARGOS.CL,PFCEMARGOS.CL,GRUPOARGOS.CL,PFGRUPOARG.CL,BOGOTA.CL,PFAVAL.CL,CELSIA.CL,CORFICOLCF.CL,ETB.CL,NUTRESA.CL,TERPEL.CL,GEB.CL,PROMIGAS.CL
2015-01-01,0.0,0.0,0.0,0.0,0.0,0.0,0.0,0.0,0.0,0.0,0.0,0.0,0.0,0.0,0.0,0.0,0.0
2015-01-02,4714491.0,29690.0,10625.0,53690.0,5877.0,3633.0,25507.0,3400.0,0.0,6757813.0,20720.0,13987.0,953.0,73290.0,90901.0,632831.0,0.0
2015-01-05,9899538.0,80320.0,30520.0,127994.0,182020.0,68900.0,71997.0,37360.0,1709.0,2354168.0,95192.0,118261.0,70787.0,323942.0,50000.0,1438144.0,0.0
2015-01-06,0.0,0.0,30520.0,0.0,0.0,68900.0,0.0,37360.0,0.0,2354168.0,0.0,0.0,0.0,0.0,0.0,0.0,0.0
2015-01-07,6090435.0,73910.0,20770.0,118704.0,294667.0,111842.0,85321.0,19325.0,279.0,9988548.0,88231.0,51335.0,29468.0,188871.0,38000.0,452959.0,0.0
2015-01-08,7717742.0,105102.0,35563.0,112499.0,315630.0,63740.0,218289.0,13296.0,12684.0,8272543.0,193109.0,39964.0,0.0,39384.0,76289.0,30651.0,343.0
2015-01-09,8361947.0,38959.0,114848.0,47452.0,59822.0,61827.0,236987.0,178390.0,6154.0,2269461.0,665653.0,141657.0,1128724.0,270975.0,34197.0,809515.0,0.0
2015-01-12,0.0,0.0,0.0,0.0,0.0,0.0,0.0,0.0,0.0,0.0,0.0,0.0,0.0,0.0,0.0,0.0,0.0
2015-01-13,9196372.0,131807.0,79622.0,267083.0,87711.0,9730.0,250018.0,42531.0,5615.0,4368631.0,147947.0,108664.0,708.0,74328.0,388.0,308057.0,0.0
2015-01-14,9196372.0,131807.0,79622.0,267083.0,87711.0,9730.0,250018.0,42531.0,5615.0,4368631.0,147947.0,108664.0,708.0,74328.0,388.0,308057.0,0.0
2015-01-15,15026577.0,561488.0,184802.0,243072.0,281711.0,195995.0,1050683.0,54359.0,1788.0,5987149.0,181747.0,76555.0,1179395.0,20491.0,1002.0,272559.0,0.0
2015-01-16,16642707.0,221205.0,101113.0,165826.0,363791.0,584023.0,346698.0,25221.0,5530.0,9595951.0,51560.0,97133.0,16000.0,33483.0,1931.0,141118.0,0.0
2015-01-19,0.0,0.0,0.0,0.0,0.0,0.0,0.0,0.0,0.0,0.0,0.0,0.0,0.0,0.0,0.0,0.0,0.0
2015-01-20,1534872.0,92721.0,59818.0,44537.0,28419.0,52541.0,931517.0,6654.0,21949.0,2273951.0,31519.0,7851.0,162990.0,26978.0,4299.0,253542.0,107.0
2015-01-21,4902066.0,86335.0,89686.0,96568.0,236780.0,239474.0,33743.0,102812.0,172.0,2890885.0,194113.0,88235.0,14338.0,63259.0,100000.0,133361.0,0.0
2015-01-22,9302839.0,128122.0,86210.0,235292.0,1293688.0,134038.0,242786.0,90711.0,30812.0,5089342.0,160047.0,40157.0,56165.0,135243.0,0.0,328066.0,0.0
2015-01-23,13882556.0,450661.0,170461.0,105570.0,1149576.0,1387018.0,106724.0,60576.0,3915.0,2789875.0,319550.0,82792.0,24550.0,307283.0,0.0,194142.0,0.0
2015-01-26,9783638.0,552038.0,75595.0,171153.0,122082.0,174179.0,381681.0,23632.0,7005.0,5430883.0,164902.0,187989.0,1134963.0,106088.0,0.0,288173.0,0.0
2015-01-27,9783638.0,552038.0,75595.0,171153.0,122082.0,174179.0,381681.0,23632.0,7005.0,5430883.0,164902.0,184640.0,1134963.0,106088.0,0.0,288173.0,0.0
2015-01-28,10676080.0,375788.0,244662.0,278324.0,280371.0,129135.0,235493.0,71550.0,5480.0,8260070.0,202155.0,79116.0,96602.0,96589.0,2096.0,230810.0,0.0
2015-01-29,12428650.0,391165.0,70835.0,99228.0,400146.0,335925.0,109099.0,117826.0,11230.0,6488914.0,106896.0,75029.0,662020.0,166736.0,8315.0,684090.0,0.0
2015-01-30,10602215.0,208105.0,400215.0,184114.0,393989.0,238613.0,354533.0,26478.0,28014.0,8588185.0,99973.0,270215.0,2202622.0,177859.0,0.0,230607.0,1139.0
2015-02-02,17440624.0,89246.0,56750.0,185388.0,120781.0,577368.0,59744.0,21054.0,5980.0,9067838.0,64151.0,70525.0,277181.0,35786.0,5400.0,810117.0,0.0
2015-02-03,17440624.0,89246.0,56750.0,185388.0,120781.0,577368.0,59744.0,21054.0,0.0,9067838.0,64151.0,70525.0,277181.0,35786.0,0.0,810117.0,0.0
2015-02-04,26745836.0,269251.0,166420.0,144599.0,183451.0,601923.0,94821.0,23805.0,13817.0,4374454.0,398583.0,58558.0,783410.0,201063.0,2379.0,1415237.0,0.0
2015-02-05,18644587.0,175543.0,66182.0,597033.0,547395.0,313920.0,350595.0,63357.0,14869.0,7941913.0,117185.0,71837.0,487739.0,139807.0,18176.0,4245560.0,0.0
2015-02-06,32376866.0,192229.0,48811.0,428267.0,920892.0,390876.0,374069.0,114523.0,1402.0,2980714.0,89497.0,43912.0,727802.0,63014.0,9795.0,38562.0,0.0
2015-02-09,8853197.0,168447.0,49823.0,115303.0,340970.0,214380.0,254839.0,223205.0,3484.0,4538804.0,152851.0,11523.0,315000.0,61598.0,3000.0,277154.0,10288.0
2015-02-10,8853197.0,168447.0,49823.0,115303.0,340970.0,214380.0,254839.0,223205.0,3484.0,4538804.0,152851.0,11523.0,0.0,61598.0,0.0,277154.0,10288.0
2015-02-11,18214391.0,155884.0,123624.0,354002.0,358602.0,235218.0,291768.0,143670.0,27565.0,4341167.0,410795.0,90404.0,514937.0,66036.0,0.0,120534.0,0.0
2015-02-12,20639646.0,236035.0,115471.0,908180.0,3718213.0,253251.0,80791.0,29643.0,19328.0,4023378.0,96113.0,48357.0,0.0,80434.0,3000.0,103927.0,0.0
2015-02-13,19452280.0,233648.0,331845.0,215548.0,429781.0,175185.0,301613.0,56616.0,5162.0,2746496.0,264840.0,74727.0,297122.0,136751.0,3000.0,156186.0,0.0
2015-02-16,693064.0,26575.0,32219.0,136713.0,8538.0,27164.0,49662.0,42773.0,6020.0,746498.0,22790.0,21976.0,37767.0,40079.0,100.0,54674.0,0.0
2015-02-17,693064.0,26575.0,32219.0,136713.0,0.0,27164.0,49662.0,42773.0,0.0,746498.0,22790.0,21976.0,0.0,40079.0,0.0,54674.0,0.0
2015-02-18,19215272.0,133256.0,103572.0,124008.0,509412.0,152327.0,185307.0,37352.0,13240.0,2037482.0,82627.0,50807.0,234937.0,121940.0,21063.0,18465549.0,0.0
2015-02-19,5968344.0,228568.0,105003.0,81829.0,63894.0,129040.0,35478.0,11655.0,1569.0,2612827.0,95485.0,16884.0,149729.0,46562.0,1.0,166030.0,4709.0
2015-02-20,10609043.0,97035.0,18616.0,236664.0,124950.0,87142.0,135503.0,8034.0,6001.0,1183104.0,542078.0,21365.0,245879.0,67178.0,0.0,20550.0,0.0
2015-02-23,10481662.0,131788.0,50494.0,477961.0,93071.0,197322.0,277577.0,70010.0,970.0,4539875.0,200700.0,54500.0,66169.0,190934.0,3000.0,344189.0,0.0
2015-02-24,10481662.0,131788.0,50494.0,477961.0,93071.0,197322.0,277577.0,70010.0,0.0,4539875.0,200700.0,54500.0,0.0,190934.0,3000.0,344189.0,0.0
2015-02-25,6232753.0,67876.0,53374.0,183939.0,267893.0,264345.0,208854.0,46317.0,108224.0,3356524.0,143899.0,133605.0,470447.0,316729.0,1000.0,320460.0,0.0
2015-02-26,7343476.0,78357.0,83877.0,65799.0,255064.0,197001.0,80485.0,59298.0,2558.0,4296646.0,450369.0,38953.0,532321.0,48847.0,6273.0,167687.0,0.0
2015-02-27,7193262.0,200811.0,83217.0,130865.0,232470.0,134916.0,353846.0,82601.0,5314.0,1754093.0,114389.0,95498.0,0.0,83751.0,0.0,2096443.0,0.0
2015-03-02,5489399.0,224899.0,82923.0,173246.0,483838.0,146115.0,90239.0,19234.0,5350.0,1995623.0,42298.0,40462.0,80775.0,127878.0,1000.0,698550.0,0.0
2015-03-03,5489399.0,224899.0,82923.0,173246.0,483838.0,146115.0,90239.0,19234.0,5350.0,1995623.0,42298.0,40462.0,80775.0,127878.0,1000.0,698550.0,0.0
2015-03-04,17851807.0,202538.0,115751.0,229691.0,119190.0,138849.0,249978.0,46960.0,5971.0,9772737.0,164411.0,102848.0,141030.0,686654.0,0.0,251217.0,0.0
2015-03-05,6763892.0,221807.0,110911.0,326375.0,579720.0,245842.0,444012.0,37975.0,8193.0,4497875.0,304877.0,90943.0,292223.0,348259.0,0.0,512421.0,0.0
2015-03-06,6800856.0,240430.0,72040.0,257306.0,905895.0,159040.0,317392.0,64119.0,19038.0,4278712.0,338255.0,63391.0,1906.0,436976.0,58000.0,135063.0,0.0
2015-03-09,7437716.0,123685.0,40721.0,153552.0,110851.0,224991.0,271455.0,40085.0,5001.0,2750783.0,122389.0,30502.0,0.0,124038.0,0.0,122643.0,0.0
2015-03-10,7437716.0,123685.0,40721.0,153552.0,110851.0,224991.0,271455.0,40085.0,5001.0,2750783.0,122389.0,30502.0,0.0,124038.0,0.0,122643.0,0.0
2015-03-11,21037476.0,112102.0,45304.0,111413.0,1143193.0,184452.0,207877.0,392228.0,67705.0,6488256.0,100548.0,72979.0,0.0,133245.0,2755.0,669670.0,0.0
2015-03-12,11646603.0,108132.0,80360.0,226198.0,549159.0,218502.0,185812.0,47033.0,8134.0,5195407.0,179026.0,219410.0,275379.0,150212.0,22725.0,729838.0,2930.0
2015-03-13,8518497.0,200653.0,131836.0,276743.0,3340922.0,259859.0,378157.0,128258.0,23020.0,6259113.0,362285.0,195406.0,161359.0,153332.0,0.0,1794342.0,0.0
2015-03-16,7115406.0,202994.0,92018.0,244245.0,302943.0,76226.0,2178387.0,2026212.0,12435.0,6919006.0,480654.0,31447.0,3381667.0,106015.0,0.0,834549.0,0.0
2015-03-17,7115406.0,202994.0,92018.0,244245.0,302943.0,76226.0,2178387.0,2026212.0,12435.0,6919006.0,480654.0,31447.0,3381667.0,106015.0,0.0,834549.0,0.0
2015-03-18,14980169.0,136849.0,82974.0,273693.0,196942.0,114657.0,278254.0,110500.0,4777.0,7721113.0,179912.0,75231.0,55136.0,95970.0,2080.0,247826.0,0.0
2015-03-19,15017820.0,2759301.0,2053965.0,281661.0,499839.0,341847.0,2491778.0,2374356.0,31074.0,8130201.0,198415.0,82769.0,61066.0,93928.0,1000.0,279939.0,0.0
2015-03-20,9439136.0,389683.0,324862.0,307699.0,756865.0,43149.0,208378.0,224390.0,26229.0,7784730.0,980645.0,34761.0,314944.0,131556.0,0.0,208725.0,0.0
2015-03-23,0.0,0.0,0.0,0.0,0.0,0.0,0.0,0.0,0.0,0.0,0.0,0.0,0.0,0.0,0.0,0.0,0.0
2015-03-24,6864123.0,960765.0,764644.0,170668.0,535624.0,301179.0,287561.0,32891.0,4346.0,21138527.0,1593751.0,44527.0,10236.0,299933.0,0.0,5604851.0,0.0
2015-03-25,6864123.0,960765.0,764644.0,170668.0,535624.0,301179.0,287561.0,32891.0,4346.0,21138527.0,1593751.0,44527.0,0.0,299933.0,0.0,5604851.0,0.0
2015-03-26,17587269.0,890810.0,409959.0,125788.0,1228285.0,240996.0,47252.0,184395.0,2392.0,4167321.0,150392.0,128424.0,0.0,124866.0,8650.0,5505794.0,0.0
2015-03-27,14614419.0,789921.0,757658.0,136745.0,431633.0,146014.0,76127.0,41851.0,105418.0,6980465.0,0.0,49154.0,0.0,89666.0,0.0,395921.0,10867.0
2015-03-30,3207726.0,97133.0,72013.0,57352.0,73923.0,37397.0,56006.0,16593.0,75003.0,7547973.0,10413.0,50854.0,9453.0,35499.0,0.0,85762.0,67118.0
2015-03-31,3207726.0,97133.0,72013.0,57352.0,73923.0,37397.0,56006.0,16593.0,75003.0,7547973.0,10413.0,50854.0,0.0,35499.0,0.0,85762.0,67118.0
2015-04-01,7263984.0,385331.0,77192.0,230521.0,276043.0,122553.0,151024.0,44724.0,50245.0,7108321.0,141695.0,58829.0,429877.0,184351.0,0.0,355735.0,15000.0
2015-04-02,7915591.0,243547.0,25750.0,217025.0,74755.0,107453.0,41650.0,34908.0,9978.0,8109480.0,4868.0,10083.0,395794.0,33143.0,0.0,1100.0,0.0
2015-04-03,0.0,0.0,0.0,0.0,0.0,0.0,0.0,0.0,0.0,0.0,0.0,0.0,0.0,0.0,0.0,0.0,0.0
2015-04-06,14728829.0,270342.0,185368.0,351993.0,206300.0,157412.0,160057.0,30993.0,11005.0,6568410.0,279637.0,26135.0,318011.0,200256.0,75758.0,3075735.0,0.0
2015-04-07,14728829.0,270342.0,185368.0,351993.0,206300.0,157412.0,160057.0,30993.0,11005.0,6568410.0,279637.0,26135.0,318011.0,200256.0,75758.0,3075735.0,0.0
2015-04-08,27664999.0,1578274.0,1119265.0,135275.0,250585.0,177975.0,213179.0,44768.0,60943.0,8451010.0,262608.0,36270.0,0.0,386263.0,9371.0,366585.0,0.0
2015-04-09,13418418.0,3130926.0,391353.0,149820.0,991349.0,71201.0,112876.0,37051.0,53959.0,7901500.0,149451.0,19474.0,0.0,151914.0,155042.0,439536.0,3753.0
2015-04-10,4451518.0,102453.0,323686.0,165736.0,116740.0,62149.0,329241.0,511078.0,29875.0,8170589.0,306835.0,56478.0,0.0,241462.0,151491.0,691328.0,0.0
2015-04-13,10352670.0,64168.0,30967.0,237370.0,152817.0,126916.0,58387.0,7805.0,3291.0,3459207.0,104269.0,82741.0,7938.0,40511.0,5000.0,248253.0,16001.0
2015-04-14,10352670.0,64168.0,30967.0,237370.0,152817.0,126916.0,58387.0,7805.0,0.0,3459207.0,104269.0,82741.0,0.0,40511.0,0.0,248253.0,16001.0
2015-04-15,11457364.0,86166.0,109565.0,225989.0,115832.0,325201.0,151361.0,49094.0,8396.0,5583856.0,709496.0,13095.0,0.0,100681.0,3000.0,213756.0,0.0
2015-04-16,24827516.0,263715.0,195808.0,365403.0,109773.0,189460.0,133087.0,20858.0,5157.0,8927421.0,531604.0,26051.0,542574.0,132653.0,2000.0,480547.0,6689.0
2015-04-17,9462203.0,146285.0,58827.0,177707.0,205131.0,65561.0,128251.0,33708.0,10238.0,10988984.0,109666.0,54470.0,609948.0,34913.0,152000.0,261900.0,0.0
2015-04-20,3685324.0,236030.0,30418.0,208585.0,269235.0,83508.0,115711.0,37332.0,1009.0,11004601.0,65015.0,116327.0,1080262.0,112125.0,2089.0,164854.0,0.0
2015-04-21,3685324.0,236030.0,30418.0,208585.0,269235.0,83508.0,115711.0,37332.0,0.0,11004601.0,65015.0,116327.0,1080262.0,112125.0,0.0,164854.0,0.0
2015-04-22,5837420.0,105604.0,29344.0,211604.0,142151.0,68941.0,282139.0,80663.0,16693.0,6414794.0,121451.0,53021.0,0.0,41938.0,248591.0,148988.0,0.0
2015-04-23,8826768.0,173051.0,44081.0,145415.0,199459.0,101420.0,117888.0,74579.0,4247.0,15597391.0,246083.0,72907.0,0.0,91401.0,2000.0,232896.0,0.0
2015-04-24,8682150.0,91679.0,73824.0,367921.0,361131.0,113834.0,247369.0,119692.0,12409.0,5998776.0,490695.0,111635.0,0.0,219496.0,0.0,293849.0,0.0
2015-04-27,7028224.0,298457.0,225865.0,314489.0,198711.0,179293.0,226257.0,108180.0,2389.0,25533939.0,298832.0,80126.0,157638.0,150919.0,1700.0,3149201.0,0.0
2015-04-28,7028224.0,298457.0,225865.0,314489.0,198711.0,179293.0,226257.0,108180.0,2389.0,25533939.0,298832.0,80126.0,157638.0,150919.0,0.0,3149201.0,0.0
2015-04-29,8348557.0,1388813.0,1333508.0,812213.0,1742241.0,1742802.0,828230.0,781995.0,10984.0,12049467.0,659980.0,127489.0,641549.0,486880.0,3000.0,987702.0,0.0
2015-04-30,3035797.0,1398712.0,1384311.0,230324.0,1896217.0,1449126.0,384842.0,339352.0,9837.0,7721514.0,748138.0,73024.0,1588.0,268506.0,2000.0,196120.0,0.0
2015-05-01,6315265.0,1815120.0,1860746.0,319712.0,6766498.0,7049451.0,3711973.0,3480502.0,25710.0,14480864.0,426197.0,193643.0,1217877.0,93761.0,2000.0,624746.0,0.0
2015-05-04,0.0,0.0,0.0,0.0,0.0,0.0,0.0,0.0,0.0,0.0,0.0,0.0,0.0,0.0,0.0,0.0,0.0
2015-05-05,4869130.0,422886.0,314565.0,381876.0,1132973.0,342990.0,138564.0,70034.0,47688.0,1491400.0,215383.0,30407.0,556074.0,127469.0,0.0,140302.0,0.0
2015-05-06,9267622.0,106997.0,90427.0,614640.0,220700.0,551036.0,64663.0,55837.0,9456.0,12332324.0,91959.0,48155.0,368525.0,61760.0,10000.0,235375.0,0.0
2015-05-07,15968306.0,131372.0,110558.0,249049.0,119207.0,145404.0,158303.0,84678.0,25692.0,11077950.0,164652.0,131795.0,976278.0,123048.0,30193.0,356554.0,0.0
2015-05-08,12501976.0,64175.0,132625.0,341941.0,227909.0,133058.0,98605.0,35111.0,28470.0,6035340.0,338749.0,68790.0,511678.0,57785.0,0.0,268708.0,0.0
2015-05-11,6444600.0,76505.0,134256.0,161695.0,178465.0,135531.0,209381.0,135943.0,2112.0,14314250.0,84314.0,43762.0,66634.0,88575.0,1300.0,41529.0,0.0
2015-05-12,6444600.0,76505.0,134256.0,161695.0,178465.0,135531.0,209381.0,135943.0,2112.0,14314250.0,84314.0,43762.0,0.0,88575.0,0.0,0.0,0.0
2015-05-13,11266570.0,52428.0,93433.0,74978.0,252334.0,158120.0,266238.0,747277.0,7336.0,6469525.0,128421.0,38682.0,687154.0,61673.0,0.0,1384071.0,0.0
2015-05-14,26044384.0,63386.0,49713.0,276413.0,64010.0,54253.0,239630.0,525260.0,7107.0,4750684.0,46648.0,27258.0,2102911.0,291951.0,121545.0,270163.0,0.0
2015-05-15,9446944.0,141984.0,97325.0,173691.0,56777.0,136489.0,347073.0,186279.0,54265.0,7131245.0,57725.0,71144.0,0.0,120368.0,14796.0,212893.0,26000.0
2015-05-18,0.0,0.0,0.0,0.0,0.0,0.0,0.0,0.0,0.0,0.0,0.0,0.0,0.0,0.0,0.0,0.0,0.0
2015-05-19,7517943.0,60169.0,40271.0,519802.0,523920.0,41599.0,130179.0,1124734.0,3160.0,27887601.0,119792.0,85438.0,23158.0,124402.0,88500.0,1898021.0,50000.0
2015-05-20,7517943.0,60169.0,40271.0,519802.0,523920.0,41599.0,130179.0,1124734.0,3160.0,27887601.0,119792.0,85438.0,0.0,124402.0,0.0,1898021.0,50000.0
2015-05-21,9813255.0,96055.0,197722.0,379621.0,382238.0,126390.0,253128.0,78618.0,195167.0,17379413.0,79926.0,89209.0,176651.0,132748.0,0.0,1139350.0,0.0
2015-05-22,3911594.0,84646.0,92534.0,97392.0,30540.0,259743.0,330768.0,51272.0,6794.0,5057255.0,77200.0,66022.0,390917.0,59842.0,0.0,4046496.0,0.0
2015-05-25,832650.0,41387.0,19274.0,39750.0,24032.0,47958.0,68521.0,41490.0,32217.0,1408314.0,113467.0,9135.0,364765.0,12899.0,2000.0,920867.0,0.0
2015-05-26,832650.0,41387.0,19274.0,39750.0,24032.0,47958.0,68521.0,41490.0,32217.0,1408314.0,113467.0,9135.0,0.0,12899.0,0.0,920867.0,0.0
2015-05-27,4592181.0,116401.0,106196.0,704170.0,346059.0,390350.0,385011.0,738741.0,24220.0,32888703.0,0.0,76109.0,820235.0,51209.0,154000.0,1666261.0,0.0
2015-05-28,13280123.0,195511.0,95076.0,446212.0,505148.0,402454.0,304381.0,401164.0,6223.0,9602703.0,505682.0,133619.0,785550.0,473500.0,1200.0,1412405.0,0.0
2015-05-29,4327799.0,125836.0,63048.0,161518.0,169869.0,824957.0,218806.0,500769.0,14296.0,3278576.0,445104.0,17132.0,586791.0,71049.0,563.0,800537.0,0.0
2015-06-01,5378496.0,179461.0,88479.0,677848.0,159858.0,21897.0,252600.0,568617.0,12016.0,2404408.0,191879.0,26320.0,438282.0,156776.0,2001260.0,589488.0,0.0
2015-06-02,5378496.0,179461.0,88479.0,677848.0,159858.0,21897.0,252600.0,568617.0,12016.0,2404408.0,191879.0,26320.0,438282.0,156776.0,2001260.0,589488.0,0.0
2015-06-03,12692834.0,75321.0,90899.0,889930.0,509091.0,454344.0,364497.0,342003.0,19744.0,2711078.0,276520.0,66406.0,360556.0,206338.0,33926.0,584948.0,0.0
2015-06-04,8336256.0,94893.0,101995.0,152533.0,346467.0,67905.0,409840.0,258963.0,2920.0,2717786.0,177150.0,97335.0,239239.0,711550.0,29258.0,426080.0,0.0
2015-06-05,5252442.0,133064.0,89103.0,66257.0,243140.0,348137.0,149482.0,246855.0,36838.0,3004119.0,351577.0,107602.0,16953.0,868085.0,8895.0,154920.0,14000.0
2015-06-08,0.0,0.0,0.0,0.0,0.0,0.0,0.0,0.0,0.0,0.0,0.0,0.0,0.0,0.0,0.0,0.0,0.0
2015-06-09,13013886.0,330697.0,151039.0,168767.0,662577.0,419317.0,267373.0,69386.0,815.0,4666740.0,308502.0,44732.0,18264.0,103202.0,133.0,647746.0,0.0
2015-06-10,13013886.0,330697.0,151039.0,168767.0,662577.0,419317.0,267373.0,69386.0,0.0,4666740.0,308502.0,44732.0,0.0,103202.0,0.0,647746.0,0.0
2015-06-11,11221050.0,188374.0,129831.0,814056.0,1268367.0,1186697.0,889339.0,610026.0,50223.0,4151007.0,1326604.0,114437.0,661257.0,265058.0,0.0,836270.0,0.0
2015-06-12,13475375.0,38046.0,63308.0,111481.0,815218.0,470681.0,799325.0,784559.0,11768.0,2476974.0,250490.0,68931.0,172669.0,241711.0,0.0,452245.0,0.0
2015-06-15,0.0,0.0,0.0,0.0,0.0,0.0,0.0,0.0,0.0,0.0,0.0,0.0,0.0,0.0,0.0,0.0,0.0
2015-06-16,17604505.0,459633.0,136734.0,155683.0,605441.0,408174.0,510307.0,279703.0,8916.0,10356934.0,132112.0,53207.0,114300.0,11701.0,1606.0,758089.0,0.0
2015-06-17,17604505.0,459633.0,136734.0,155683.0,605441.0,408174.0,510307.0,279703.0,8916.0,10356934.0,132112.0,53207.0,114300.0,11701.0,1606.0,758089.0,0.0
2015-06-18,15414681.0,329511.0,387730.0,292766.0,430850.0,426224.0,855634.0,783826.0,15901.0,7091015.0,588988.0,76291.0,711993.0,152189.0,1000.0,1542631.0,0.0
2015-06-19,11220433.0,412084.0,237206.0,120744.0,478721.0,544933.0,339456.0,209819.0,5427.0,6898375.0,197900.0,56938.0,1565865.0,57122.0,630.0,3268696.0,9467563.0
2015-06-22,0.0,0.0,0.0,0.0,0.0,49022.0,0.0,0.0,0.0,0.0,0.0,0.0,0.0,0.0,0.0,0.0,0.0
2015-06-23,10423302.0,117454.0,97852.0,212296.0,81328.0,49022.0,269686.0,26602.0,5859.0,1973413.0,240370.0,78442.0,0.0,108362.0,0.0,18111078.0,0.0
2015-06-24,10941645.0,251367.0,117272.0,298471.0,284854.0,287014.0,346618.0,179789.0,17953.0,6095508.0,321182.0,49357.0,81445.0,101814.0,53248.0,1035123.0,0.0
2015-06-25,11300052.0,140230.0,114708.0,440317.0,115490.0,239034.0,116698.0,117228.0,33885.0,11264159.0,393526.0,74734.0,7944674.0,150203.0,37175.0,3956575.0,0.0
2015-06-26,6288810.0,92531.0,86248.0,356973.0,243078.0,132729.0,136168.0,30311.0,23254.0,3114354.0,133444.0,114987.0,260727.0,41369.0,8537.0,408535.0,0.0
2015-06-29,0.0,0.0,0.0,0.0,0.0,0.0,0.0,0.0,0.0,0.0,0.0,0.0,0.0,0.0,0.0,0.0,0.0
2015-06-30,7813615.0,402941.0,115534.0,386047.0,421721.0,194350.0,301499.0,164405.0,13140.0,7080277.0,76625.0,65737.0,987570.0,79075.0,2000.0,651754.0,0.0
2015-07-01,7813615.0,402941.0,115534.0,386047.0,421721.0,194350.0,301499.0,164405.0,13140.0,7080277.0,76625.0,65737.0,987570.0,79075.0,0.0,651754.0,0.0
2015-07-02,7927639.0,680273.0,275560.0,463785.0,344938.0,173792.0,654938.0,248726.0,3709.0,13380978.0,209686.0,88313.0,0.0,82810.0,16413.0,1141300.0,0.0
2015-07-03,4972974.0,255080.0,199018.0,830013.0,137064.0,112306.0,318142.0,110279.0,3588.0,1633492.0,278225.0,177476.0,363681.0,54552.0,49204.0,268412.0,29000.0
2015-07-06,9285541.0,220821.0,21776.0,214413.0,110443.0,24719.0,101022.0,129080.0,14897.0,3699649.0,91643.0,40813.0,107070.0,46051.0,1500.0,167113.0,1000.0
2015-07-07,9285541.0,220821.0,21776.0,214413.0,110443.0,24719.0,101022.0,129080.0,14897.0,3699649.0,91643.0,40813.0,107070.0,46051.0,0.0,167113.0,0.0
2015-07-08,11036428.0,181068.0,74331.0,415694.0,142285.0,72405.0,120334.0,105763.0,870.0,6392897.0,369285.0,122029.0,215290.0,104524.0,85284.0,352466.0,0.0
2015-07-09,14898139.0,184189.0,93984.0,327012.0,188662.0,532940.0,186068.0,49728.0,17031.0,4755326.0,269776.0,24587.0,26445.0,192770.0,1500.0,19668725.0,69115.0
2015-07-10,12533694.0,684745.0,88421.0,120896.0,243287.0,115037.0,111674.0,126706.0,118.0,2374838.0,147968.0,40081.0,297625.0,70965.0,1500.0,413554.0,0.0
2015-07-13,3676117.0,41722.0,52346.0,233122.0,127283.0,79812.0,139896.0,92507.0,21186.0,2820310.0,365295.0,28689.0,101742.0,33487.0,1700.0,571434.0,0.0
2015-07-14,3676117.0,41722.0,52346.0,233122.0,127283.0,79812.0,139896.0,92507.0,21186.0,2820310.0,365295.0,28689.0,101742.0,33487.0,0.0,571434.0,0.0
2015-07-15,25925306.0,39845.0,64710.0,413845.0,538626.0,277871.0,178298.0,71171.0,0.0,9548981.0,532167.0,33939.0,796460.0,632001.0,0.0,8075604.0,1501.0
2015-07-16,11386052.0,3336012.0,51064.0,616705.0,46298.0,196946.0,188999.0,157941.0,12867.0,6034130.0,158544.0,85703.0,568491.0,186931.0,3500.0,4835056.0,0.0
2015-07-17,4078854.0,2544336.0,49998.0,222356.0,188412.0,975863.0,240842.0,17543.0,6111.0,6342874.0,137138.0,41989.0,4906262.0,33355.0,14300.0,3762543.0,542.0
2015-07-20,0.0,0.0,0.0,0.0,0.0,0.0,0.0,0.0,0.0,0.0,0.0,0.0,0.0,0.0,0.0,0.0,0.0
2015-07-21,4631393.0,234001.0,88536.0,548658.0,204638.0,116159.0,208320.0,30568.0,17566.0,3717700.0,114910.0,47319.0,110160.0,114201.0,4480.0,1497872.0,11764.0
2015-07-22,4631393.0,234001.0,88536.0,548658.0,204638.0,116159.0,208320.0,30568.0,17566.0,3717700.0,114910.0,47319.0,110160.0,114201.0,4480.0,1497872.0,0.0
2015-07-23,8434096.0,157308.0,94219.0,248074.0,289219.0,279813.0,802292.0,71560.0,9502.0,3967559.0,142159.0,42391.0,10100440.0,35112.0,25900.0,848195.0,0.0
2015-07-24,4928322.0,87302.0,43056.0,112352.0,223509.0,299376.0,495715.0,174523.0,35031.0,11221246.0,106713.0,7301.0,6376.0,37828.0,76220.0,865186.0,0.0
2015-07-27,8558715.0,299831.0,45597.0,360831.0,368819.0,452068.0,226214.0,44846.0,1241.0,4926366.0,398876.0,109520.0,519186.0,316664.0,17518.0,2780144.0,0.0
2015-07-28,8558715.0,299831.0,45597.0,360831.0,368819.0,452068.0,226214.0,44846.0,1241.0,4926366.0,398876.0,109520.0,519186.0,316664.0,17518.0,2780144.0,0.0
2015-07-29,10100275.0,213707.0,214565.0,270560.0,402173.0,370046.0,290066.0,128822.0,12751.0,4797077.0,271579.0,60857.0,97008.0,194020.0,14270.0,912752.0,425.0
2015-07-30,38508238.0,188362.0,118131.0,361371.0,348627.0,333491.0,153214.0,38008.0,17232.0,3980897.0,249575.0,69064.0,127667.0,138232.0,35613.0,912752.0,112201.0
2015-07-31,7494106.0,117622.0,42074.0,162139.0,178794.0,220275.0,107595.0,75161.0,4061.0,2176395.0,108726.0,90057.0,9828078.0,95121.0,184018.0,36848.0,421.0
2015-08-03,6345655.0,39855.0,54038.0,86491.0,74412.0,95997.0,122048.0,79029.0,3087.0,1422685.0,127359.0,25656.0,846339.0,140007.0,1000.0,320258.0,0.0
2015-08-04,6345655.0,39855.0,54038.0,86491.0,74412.0,95997.0,122048.0,79029.0,3087.0,947560.0,127359.0,25656.0,846339.0,140007.0,0.0,320258.0,0.0
2015-08-05,5434119.0,48721.0,27506.0,141007.0,102326.0,52807.0,158087.0,33542.0,487.0,947560.0,108874.0,22656.0,768565.0,31245.0,30946.0,401182.0,0.0
2015-08-06,8077810.0,180279.0,111420.0,322520.0,340572.0,283462.0,295221.0,132674.0,59002.0,5540604.0,343439.0,84132.0,1567984.0,107430.0,30946.0,213912.0,0.0
2015-08-07,11853243.0,106534.0,98344.0,128261.0,101697.0,38326.0,110773.0,69138.0,0.0,1223279.0,46246.0,24532.0,339120.0,140093.0,0.0,161562.0,0.0
2015-08-10,8696391.0,130029.0,62619.0,209247.0,61707377.0,178495.0,137352.0,66932.0,217.0,3559737.0,94984.0,45060.0,1110144.0,85540.0,0.0,19412.0,0.0
2015-08-11,8696391.0,130029.0,62619.0,209247.0,61707377.0,178495.0,137352.0,66932.0,217.0,3559737.0,94984.0,45060.0,1110144.0,85540.0,2000.0,19412.0,0.0
2015-08-12,10894299.0,68739.0,37620.0,390875.0,301767.0,280405.0,134401.0,89427.0,481.0,4262369.0,453273.0,41983.0,992423.0,177857.0,2000.0,1143769.0,0.0
2015-08-13,16039771.0,102372.0,61532.0,73689.0,52243.0,171820.0,532767.0,54715.0,15939.0,3560741.0,214506.0,79166.0,739550.0,185422.0,1035.0,1609064.0,0.0
2015-08-14,17882900.0,152695.0,69714.0,271153.0,146958.0,258293.0,215110.0,75670.0,2874.0,1110613.0,274894.0,51911.0,2815836.0,78710.0,0.0,2255944.0,0.0
2015-08-17,0.0,0.0,0.0,0.0,0.0,0.0,0.0,0.0,0.0,0.0,0.0,0.0,0.0,0.0,0.0,0.0,0.0
2015-08-18,6733127.0,151605.0,153584.0,253819.0,490663.0,164049.0,310701.0,59459.0,7846.0,3214819.0,303418.0,95794.0,877457.0,212972.0,0.0,1201786.0,0.0
2015-08-19,6733127.0,151605.0,153584.0,253819.0,490663.0,164049.0,310701.0,59459.0,7846.0,3214819.0,303418.0,95794.0,877457.0,212972.0,0.0,1201786.0,0.0
2015-08-20,8097646.0,149895.0,68472.0,195021.0,126616.0,398309.0,538446.0,233305.0,26590.0,1895103.0,847568.0,27884.0,365305.0,255869.0,69.0,963563.0,0.0
2015-08-21,8843665.0,228048.0,149778.0,184351.0,328141.0,93536.0,324716.0,195321.0,8404.0,2723578.0,23686.0,91617.0,542845.0,59742.0,0.0,2853436.0,5007.0
2015-08-24,12633124.0,249361.0,161756.0,336019.0,411387.0,441496.0,319324.0,201099.0,5567.0,16322726.0,170280.0,94467.0,897795.0,327993.0,0.0,3013436.0,0.0
2015-08-25,12633124.0,249361.0,161756.0,336019.0,411387.0,441496.0,319324.0,201099.0,5567.0,16322726.0,170280.0,94467.0,897795.0,327993.0,0.0,3013436.0,0.0
2015-08-26,6571241.0,141799.0,111781.0,286187.0,393960.0,182399.0,230297.0,129830.0,16703.0,8173063.0,820462.0,128298.0,262087.0,208171.0,21675.0,8019662.0,289518.0
2015-08-27,7760124.0,569224.0,82737.0,438918.0,310883.0,404728.0,129029.0,40022.0,4224.0,4082195.0,1392344.0,100719.0,1009711.0,412142.0,21675.0,1051373.0,0.0
2015-08-28,13776166.0,351338.0,114338.0,640342.0,351316.0,990635.0,260231.0,84300.0,22905.0,10432848.0,856496.0,84993.0,5079433.0,407873.0,2000.0,4895275.0,0.0
2015-08-31,12466608.0,190523.0,150024.0,351746.0,725054.0,248025.0,180235.0,31482.0,36266.0,7830600.0,568579.0,193553.0,200222.0,116811.0,154805.0,870109.0,0.0
2015-09-01,12466608.0,190523.0,150024.0,351746.0,725054.0,248025.0,180235.0,31482.0,36266.0,7830600.0,568579.0,193553.0,200222.0,116811.0,154805.0,183570.0,0.0
2015-09-02,7242108.0,273190.0,130231.0,304505.0,304720.0,500287.0,121006.0,27825.0,8550.0,3382431.0,245210.0,64940.0,512748.0,123928.0,8650.0,183570.0,0.0
2015-09-03,14685158.0,403151.0,118731.0,199484.0,337474.0,148551.0,151690.0,51475.0,12612.0,2124150.0,605633.0,252762.0,901824.0,182049.0,2000.0,325935.0,39990.0
2015-09-04,11775395.0,376909.0,74810.0,1858182.0,920922.0,930188.0,417545.0,180467.0,1478.0,1924161.0,382493.0,94758.0,596959.0,282849.0,17000.0,1659379.0,0.0
2015-09-07,904460.0,123840.0,101191.0,46126.0,754750.0,1269774.0,589457.0,527215.0,6775.0,543033.0,49585.0,20596.0,100658.0,16879.0,1549.0,471246.0,0.0
2015-09-08,904460.0,123840.0,101191.0,46126.0,754750.0,1269774.0,589457.0,527215.0,6775.0,543033.0,49585.0,20596.0,100658.0,16879.0,1549.0,471246.0,1000.0
2015-09-09,9330566.0,359274.0,205738.0,3168202.0,1063434.0,1145689.0,596693.0,492544.0,3403.0,2541797.0,548198.0,61426.0,304839.0,222001.0,10252.0,2024128.0,4168.0
2015-09-10,9170838.0,85172.0,48674.0,681145.0,153343.0,258198.0,1249825.0,141401.0,6394.0,1459002.0,250831.0,106958.0,92953.0,56890.0,10000.0,8476367.0,0.0
2015-09-11,10423281.0,344520.0,98372.0,826558.0,334294.0,355334.0,718273.0,149428.0,4123.0,5887757.0,293775.0,178928.0,1880770.0,149211.0,6000.0,12948850.0,0.0
2015-09-14,5043319.0,308026.0,646505.0,263139.0,69533.0,356723.0,1304646.0,615223.0,18358.0,1902960.0,371768.0,78498.0,451333.0,66105.0,0.0,46328.0,32779.0
2015-09-15,5043319.0,308026.0,646505.0,263139.0,69533.0,356723.0,1304646.0,615223.0,18358.0,1902960.0,371768.0,78498.0,451333.0,66105.0,0.0,46328.0,0.0
2015-09-16,7881181.0,213795.0,98866.0,514437.0,851971.0,2380241.0,805934.0,583775.0,64.0,2732978.0,411753.0,328609.0,379050.0,112290.0,3261.0,4021416.0,0.0
2015-09-17,19066452.0,182973.0,138987.0,280510.0,607896.0,4269378.0,873480.0,92757.0,35528.0,3407753.0,132678.0,98854.0,1423227.0,313589.0,3261.0,1217901.0,0.0
2015-09-18,11170243.0,78227.0,52364.0,233089.0,247639.0,2629901.0,2415146.0,558206.0,18918.0,3093206.0,258580.0,38963.0,750203.0,82293.0,0.0,235736.0,0.0
2015-09-21,3184281.0,231581.0,32813.0,105777.0,281132.0,379833.0,59808.0,2438.0,15320.0,1843926.0,108144.0,28779.0,269501.0,24929.0,70.0,652063.0,0.0
2015-09-22,3184281.0,231581.0,32813.0,105777.0,281132.0,379833.0,59808.0,2438.0,15320.0,1843926.0,108144.0,28779.0,269501.0,24929.0,0.0,652063.0,0.0
2015-09-23,5225079.0,165277.0,63377.0,287628.0,282451.0,795676.0,539104.0,6176.0,12645.0,5261667.0,43747.0,34864.0,679525.0,90115.0,118013.0,764252.0,0.0
2015-09-24,6684510.0,180631.0,61738.0,205855.0,1086255.0,225159.0,970609.0,312823.0,12887.0,2689920.0,111402.0,41483.0,1504834.0,254049.0,118013.0,356731.0,852.0
2015-09-25,6694954.0,129330.0,410718.0,251099.0,531847.0,202521.0,288588.0,2407.0,18692.0,4034540.0,72961.0,139854.0,3178957.0,25175.0,119.0,3800485.0,852.0
2015-09-28,5999794.0,44485.0,10864.0,42569.0,215127.0,1253279.0,205513.0,33113.0,0.0,1612063.0,3877.0,55442.0,235089.0,30312.0,0.0,7221740.0,0.0
2015-09-29,5999794.0,44485.0,10864.0,42569.0,215127.0,1253279.0,205513.0,33113.0,661.0,1612063.0,3877.0,55442.0,235089.0,30312.0,0.0,7221740.0,0.0
2015-09-30,4974172.0,530794.0,379230.0,137082.0,141118.0,95741.0,96634.0,38318.0,661.0,1422158.0,95737.0,81277.0,389442.0,25627.0,6000.0,17523129.0,0.0
2015-10-01,11188754.0,326475.0,258116.0,299006.0,540304.0,138474.0,357043.0,51586.0,13563.0,2931475.0,33615.0,93279.0,972407.0,143165.0,6000.0,456620.0,0.0
2015-10-02,8006632.0,51720.0,16592.0,334181.0,3179775.0,2964147.0,28791.0,9087.0,2522.0,1102096.0,8047.0,29924.0,722223.0,68987.0,0.0,320291.0,0.0
2015-10-05,6185285.0,210443.0,113183.0,141412.0,194021.0,88155.0,101284.0,4668.0,10427.0,4203966.0,162332.0,108034.0,276399.0,66735.0,210.0,523094.0,0.0
2015-10-06,6185285.0,210443.0,113183.0,141412.0,194021.0,88155.0,101284.0,4668.0,10427.0,4203966.0,162332.0,108034.0,276399.0,66735.0,0.0,2545020.0,0.0
2015-10-07,13967110.0,219041.0,153658.0,280425.0,279533.0,115580.0,121103.0,6204.0,22865.0,1254944.0,37845.0,109941.0,533192.0,33392.0,5600.0,781888.0,0.0
2015-10-08,22074929.0,163875.0,259126.0,195030.0,210414.0,289909.0,270310.0,93782.0,24650.0,6462270.0,7877.0,121051.0,245097.0,189686.0,433.0,781888.0,0.0
2015-10-09,16704878.0,93595.0,80425.0,83113.0,241264.0,114640.0,145432.0,50513.0,11974.0,2079004.0,590151.0,63533.0,442691.0,276007.0,433.0,2064395.0,0.0
2015-10-12,0.0,0.0,0.0,0.0,0.0,0.0,0.0,0.0,0.0,0.0,0.0,0.0,0.0,0.0,0.0,0.0,0.0
2015-10-13,9176511.0,213280.0,89830.0,203644.0,271607.0,97963.0,186864.0,20235.0,15450.0,5678933.0,88591.0,112424.0,1347640.0,80602.0,60.0,64564.0,0.0
2015-10-14,9176511.0,213280.0,89830.0,203644.0,271607.0,97963.0,186864.0,20235.0,15450.0,5678933.0,88591.0,112424.0,1347640.0,80602.0,0.0,64564.0,0.0
2015-10-15,10066516.0,70451.0,27836.0,145852.0,118954.0,101995.0,184687.0,64735.0,11961.0,2122952.0,56863.0,236095.0,2760449.0,99650.0,300.0,395000.0,0.0
2015-10-16,16930037.0,85566.0,32488.0,207013.0,113118.0,32624.0,157979.0,18209.0,1437.0,1415796.0,92720.0,100498.0,2157344.0,54172.0,0.0,135538.0,0.0
2015-10-19,11325220.0,74126.0,23186.0,232342.0,193653.0,148111.0,77355.0,3926.0,5016.0,2514364.0,121016.0,40254.0,786806.0,285194.0,330729.0,1848.0,0.0
2015-10-20,11325220.0,74126.0,23186.0,232342.0,193653.0,148111.0,77355.0,3926.0,5016.0,2514364.0,121016.0,40254.0,786806.0,285194.0,0.0,1848.0,0.0
2015-10-21,8152267.0,262814.0,115817.0,367629.0,317468.0,238534.0,122778.0,106981.0,2394.0,3876733.0,373110.0,70519.0,1006544.0,119830.0,37748.0,350657.0,0.0
2015-10-22,5778485.0,236471.0,35031.0,61690.0,107818.0,76007.0,82315.0,6979.0,1096.0,3693463.0,1403.0,74607.0,1158777.0,77638.0,70.0,329403.0,2854.0
2015-10-23,8685631.0,193763.0,101013.0,262408.0,328153.0,187672.0,185415.0,48937.0,16592.0,4345398.0,1340483.0,61306.0,461203.0,65023.0,70.0,123030.0,0.0
2015-10-26,4400223.0,85543.0,73945.0,188467.0,331109.0,274387.0,267851.0,111808.0,28554.0,3854467.0,132910.0,68902.0,2552994.0,25798.0,84178.0,439131.0,18000.0
2015-10-27,4400223.0,85543.0,73945.0,188467.0,331109.0,274387.0,267851.0,111808.0,28554.0,2055163.0,132910.0,68902.0,2552994.0,25798.0,350.0,439131.0,18000.0
2015-10-28,6087675.0,180892.0,50784.0,136247.0,525175.0,308619.0,158962.0,17832.0,6455.0,2055163.0,735864.0,137971.0,1382634.0,341103.0,350.0,158686.0,0.0
2015-10-29,8255393.0,149935.0,161768.0,213683.0,252449.0,284776.0,149834.0,55660.0,14254.0,1863373.0,582644.0,45721.0,159670.0,139194.0,2050.0,467030.0,0.0
2015-10-30,4679511.0,64013.0,95668.0,387508.0,38564.0,34727.0,175132.0,3700.0,19895.0,2307612.0,45647.0,5890.0,1169801.0,17574.0,41210.0,174401.0,2000.0
2015-11-02,0.0,0.0,0.0,0.0,0.0,0.0,0.0,0.0,0.0,0.0,0.0,0.0,0.0,0.0,0.0,0.0,0.0
2015-11-03,8447272.0,214447.0,128248.0,154177.0,229408.0,79104.0,174203.0,69041.0,4666.0,2727664.0,159392.0,117424.0,749078.0,39186.0,5060.0,116999.0,0.0
2015-11-04,8447272.0,214447.0,128248.0,154177.0,229408.0,79104.0,174203.0,69041.0,4666.0,2727664.0,159392.0,117424.0,749078.0,39186.0,5060.0,116999.0,0.0
2015-11-05,9838784.0,157467.0,155550.0,292001.0,242518.0,154553.0,447496.0,34865.0,1621.0,1966001.0,6567.0,88172.0,903333.0,19627.0,5000.0,1800000.0,634.0
2015-11-06,19504902.0,228488.0,150134.0,665139.0,151149.0,146496.0,55313.0,31872.0,17270.0,1418420.0,16591.0,19236.0,2309455.0,216884.0,5000.0,17201.0,0.0
2015-11-09,6126865.0,327568.0,184310.0,114506.0,170014.0,77012.0,19133.0,106791.0,2183.0,649860.0,92834.0,28860.0,575065.0,95874.0,0.0,199964.0,0.0
2015-11-10,6126865.0,327568.0,184310.0,114506.0,170014.0,77012.0,19133.0,106791.0,2183.0,649860.0,92834.0,28860.0,575065.0,95874.0,1244.0,199964.0,89710.0
2015-11-11,6042647.0,4828978.0,218907.0,188759.0,61532.0,169429.0,714923.0,368170.0,12507.0,1644520.0,335305.0,43239.0,1663683.0,163424.0,1244.0,35788.0,89710.0
2015-11-12,5142971.0,20689.0,20700.0,264668.0,58688.0,93711.0,63323.0,230617.0,3226.0,1618498.0,174929.0,28720.0,2147340.0,83199.0,3212.0,79668.0,6250.0
2015-11-13,9180113.0,270086.0,486695.0,147005.0,159566.0,272136.0,270908.0,230617.0,12492.0,1842457.0,389135.0,56294.0,202459.0,403419.0,864.0,79668.0,740.0
2015-11-16,0.0,0.0,0.0,0.0,0.0,0.0,0.0,0.0,0.0,0.0,0.0,0.0,0.0,0.0,0.0,0.0,0.0
2015-11-17,10643964.0,646328.0,380059.0,377670.0,518157.0,108621.0,387394.0,76827.0,4881.0,3124773.0,167724.0,208511.0,1018895.0,189892.0,0.0,218846.0,0.0
2015-11-18,10643964.0,646328.0,380059.0,377670.0,518157.0,108621.0,387394.0,76827.0,4881.0,3124773.0,167724.0,208511.0,1018895.0,189892.0,0.0,218846.0,0.0
2015-11-19,10761998.0,374485.0,180428.0,120153.0,20386.0,36924.0,266087.0,7959.0,5306.0,1917883.0,361710.0,59363.0,905665.0,123812.0,200000.0,20000.0,1012000.0
2015-11-20,10353832.0,589229.0,154444.0,223123.0,127363.0,145490.0,544347.0,3518.0,5306.0,4449988.0,154410.0,62576.0,257258.0,234300.0,200000.0,14724.0,0.0
2015-11-23,6110817.0,222413.0,96662.0,124183.0,128312.0,38126.0,118294.0,31411.0,14733.0,1357824.0,210001.0,41662.0,3354381.0,153236.0,15000.0,0.0,0.0
2015-11-24,6110817.0,222413.0,96662.0,124183.0,128312.0,38126.0,118294.0,31411.0,14733.0,1357824.0,210001.0,41662.0,3354381.0,153236.0,0.0,206878.0,0.0
2015-11-25,19422561.0,211640.0,124071.0,318721.0,392230.0,141868.0,340309.0,59148.0,7613.0,8726204.0,103250.0,65040.0,1439356.0,22036.0,856.0,206878.0,0.0
2015-11-26,14272803.0,271295.0,77078.0,520511.0,354052.0,146288.0,505274.0,297137.0,12863.0,18368139.0,803902.0,136554.0,851432.0,119911.0,0.0,70553.0,509.0
2015-11-27,1389676.0,69800.0,46180.0,43001.0,44831.0,19413.0,67725.0,8624.0,1765.0,318198.0,132189.0,27528.0,2347321.0,22830.0,0.0,47326.0,0.0
2015-11-30,34329278.0,712501.0,573213.0,1664606.0,1303990.0,291203.0,945688.0,37947.0,7085.0,11260216.0,111118.0,227687.0,8380400.0,388958.0,0.0,2236007.0,0.0
2015-12-01,34329278.0,712501.0,573213.0,1664606.0,1303990.0,291203.0,945688.0,37947.0,7085.0,11260216.0,111118.0,227687.0,8380400.0,388958.0,0.0,2236007.0,7914.0
2015-12-02,7036801.0,308182.0,292679.0,243952.0,97690.0,64736.0,192136.0,49499.0,3691.0,2995062.0,1089933.0,54559.0,35029647.0,173116.0,20000.0,404929.0,7914.0
2015-12-03,6780246.0,158876.0,35092.0,194305.0,291452.0,172342.0,130592.0,25569.0,5176.0,3457320.0,59313.0,55617.0,477110.0,98568.0,0.0,772096.0,0.0
2015-12-04,5867001.0,143317.0,52286.0,80856.0,121138.0,90708.0,80807.0,16789.0,3749.0,4407015.0,87990.0,7630.0,311948.0,579592.0,0.0,93434.0,0.0
2015-12-07,5929753.0,236718.0,128209.0,91115.0,294419.0,121017.0,191740.0,52382.0,3656.0,2698639.0,46786.0,20450.0,681287.0,332088.0,0.0,0.0,0.0
2015-12-08,5929753.0,236718.0,128209.0,91115.0,294419.0,121017.0,191740.0,52382.0,0.0,2698639.0,46786.0,20450.0,681287.0,332088.0,0.0,0.0,0.0
2015-12-09,8875766.0,146243.0,63162.0,217155.0,244338.0,196858.0,250286.0,46070.0,5758.0,3405223.0,195258.0,27457.0,1665972.0,159661.0,0.0,58756.0,0.0
2015-12-10,8875766.0,146243.0,63162.0,217155.0,244338.0,196858.0,250286.0,46070.0,5758.0,3405223.0,195258.0,27457.0,1665972.0,159661.0,50000.0,58756.0,0.0
2015-12-11,3932535.0,322696.0,249317.0,251392.0,351463.0,89374.0,140399.0,8045.0,4326.0,8176456.0,104361.0,210963.0,139910.0,286245.0,50000.0,203215.0,0.0
2015-12-14,10126049.0,89723.0,62277.0,707734.0,203735.0,103463.0,915066.0,129659.0,1624.0,3818317.0,166407.0,42000.0,220520.0,405635.0,0.0,81213.0,0.0
2015-12-15,10126049.0,89723.0,62277.0,707734.0,203735.0,103463.0,915066.0,129659.0,1624.0,3818317.0,166407.0,42000.0,220520.0,405635.0,0.0,81213.0,0.0
2015-12-16,9555837.0,169055.0,112777.0,254553.0,258253.0,151935.0,514740.0,442571.0,11552.0,3657479.0,265976.0,65436.0,2044901.0,129499.0,0.0,118713.0,0.0
2015-12-17,5691581.0,342520.0,153483.0,264828.0,319101.0,266023.0,87049.0,143105.0,3330.0,4510548.0,113834.0,94764.0,480346.0,162240.0,190000.0,81459.0,196.0
2015-12-18,8677628.0,218859.0,111381.0,455337.0,644350.0,461851.0,152819.0,168675.0,3971.0,4481491.0,277691.0,128325.0,6099506.0,371534.0,190000.0,259743.0,0.0
2015-12-21,6081720.0,108650.0,22332.0,189367.0,135384.0,140268.0,40551.0,9205.0,367.0,4487191.0,74530.0,13249.0,867537.0,79040.0,4430.0,56420.0,0.0
2015-12-22,6081720.0,108650.0,22332.0,189367.0,135384.0,140268.0,40551.0,9205.0,367.0,4487191.0,74530.0,13249.0,867537.0,79040.0,4430.0,56420.0,5317.0
2015-12-23,2789429.0,58150.0,30405.0,108521.0,178949.0,66868.0,10857622.0,1874.0,2261.0,3221294.0,237256.0,42451.0,736750.0,72521.0,2000.0,14554.0,0.0
2015-12-24,6778061.0,65888.0,87514.0,137835.0,150018.0,82122.0,198036.0,34586.0,16721.0,5699036.0,544324.0,44538.0,683712.0,101763.0,0.0,65122.0,0.0
2015-12-25,2900079.0,49846.0,26372.0,110788.0,0.0,51957.0,51725.0,19442.0,0.0,4459594.0,66614.0,26291.0,1043802.0,78956.0,0.0,54026.0,0.0
2015-12-28,3057501.0,26059.0,30152.0,74925.0,31808.0,70960.0,69958.0,10258.0,0.0,1094027.0,49488.0,14050.0,226854.0,22384.0,734.0,112384.0,0.0
2015-12-29,3057501.0,26059.0,30152.0,74925.0,31808.0,70960.0,69958.0,10258.0,62.0,1094027.0,49488.0,14050.0,226854.0,22384.0,0.0,55239.0,0.0
2015-12-30,2358582.0,2894142.0,8921.0,135747.0,38010.0,26475.0,36948.0,5654.0,0.0,5456392.0,142587.0,23215.0,492923.0,46067.0,24500.0,55239.0,2000.0
2015-12-31,2004637.0,0.0,32704.0,202592.0,53152.0,121185.0,175343.0,5654.0,0.0,2344349.0,47438.0,61155.0,252426.0,17746.0,24500.0,0.0,0.0
2016-01-01,0.0,0.0,0.0,0.0,0.0,0.0,0.0,0.0,0.0,0.0,0.0,0.0,0.0,0.0,0.0,0.0,0.0
2016-01-04,2838452.0,49742.0,8137.0,83255.0,94862.0,7223.0,37502.0,2147.0,0.0,2063794.0,31821.0,29014.0,233263.0,43779.0,1000.0,25803.0,0.0
2016-01-05,2838452.0,49742.0,8137.0,83255.0,94862.0,7223.0,37502.0,2147.0,198.0,2063794.0,31821.0,29014.0,233263.0,43779.0,4000.0,25803.0,9129.0
2016-01-06,5489806.0,96230.0,34163.0,180601.0,187436.0,92495.0,119796.0,2275.0,198.0,1108462.0,506911.0,39536.0,2898239.0,9337.0,4000.0,69050.0,0.0
2016-01-07,5171972.0,114402.0,205779.0,166367.0,143243.0,132930.0,119796.0,7890.0,1613.0,2998974.0,222415.0,88385.0,444633.0,814459.0,5000.0,255907.0,0.0
2016-01-08,6077752.0,87918.0,37500.0,182049.0,118809.0,23618.0,62460.0,55148.0,720.0,1017033.0,1249015.0,17924.0,470380.0,199746.0,0.0,77676.0,0.0
2016-01-11,0.0,0.0,0.0,0.0,0.0,0.0,0.0,0.0,0.0,0.0,0.0,0.0,0.0,0.0,0.0,0.0,0.0
2016-01-12,14073512.0,327213.0,71981.0,208765.0,200730.0,92440.0,145377.0,39474.0,5157.0,3875856.0,242260.0,97279.0,1277374.0,243888.0,3219.0,6441.0,450.0
2016-01-13,14073512.0,327213.0,71981.0,208765.0,200730.0,92440.0,145377.0,39474.0,5157.0,3875856.0,242260.0,97279.0,1277374.0,243888.0,3219.0,6441.0,0.0
2016-01-14,10172368.0,182027.0,45094.0,293085.0,137313.0,141594.0,254036.0,17331.0,5498.0,3185782.0,554907.0,59646.0,3439327.0,408261.0,0.0,256411.0,0.0
2016-01-15,8648680.0,499309.0,41160.0,325732.0,449470.0,160597.0,548964.0,102594.0,3872.0,2613473.0,500100.0,51422.0,908932.0,160774.0,0.0,366846.0,5000.0
2016-01-18,6795457.0,136186.0,47252.0,248699.0,362949.0,186181.0,120712.0,64103.0,1138.0,2336862.0,308091.0,39521.0,1006551.0,9480.0,0.0,115958.0,0.0
2016-01-19,6795457.0,136186.0,47252.0,248699.0,362949.0,186181.0,120712.0,64103.0,1138.0,2336862.0,308091.0,39521.0,1006551.0,9480.0,0.0,115958.0,7550.0
2016-01-20,13718117.0,167027.0,112456.0,418009.0,244025.0,296414.0,155550.0,67537.0,2939.0,4320418.0,11739.0,67171.0,1392330.0,202683.0,0.0,303551.0,5000.0
2016-01-21,15922245.0,236366.0,79966.0,2607282.0,270407.0,99292.0,218411.0,68810.0,4506.0,2761228.0,610689.0,95148.0,1096660.0,218651.0,0.0,2904023.0,0.0
2016-01-22,12594160.0,430319.0,86009.0,2038284.0,195574.0,734624.0,206852.0,46964.0,2320.0,4704067.0,130189.0,52017.0,1627036.0,98506.0,0.0,669348.0,0.0
2016-01-25,14192806.0,199217.0,111565.0,331984.0,109483.0,34021.0,197338.0,23461.0,6603.0,2713404.0,612037.0,33039.0,774551.0,71327.0,1423.0,236916.0,1262.0
2016-01-26,14192806.0,199217.0,111565.0,331984.0,109483.0,34021.0,197338.0,23461.0,6603.0,2713404.0,612037.0,33039.0,774551.0,71327.0,0.0,236916.0,0.0
2016-01-27,12766330.0,114281.0,80386.0,415816.0,19169756.0,433107.0,243426.0,206428.0,8630.0,3332155.0,134434.0,26109.0,5691308.0,218072.0,4819.0,176336.0,6538.0
2016-01-28,11105561.0,69562.0,95509.0,1556533.0,336837.0,7411.0,199588.0,188131.0,1152.0,3979720.0,66409.0,24975.0,1591510.0,148886.0,4819.0,69267.0,0.0
2016-01-29,23876003.0,192675.0,102447.0,405426.0,170016.0,53829.0,269600.0,65459.0,23329.0,5339969.0,309366.0,22224.0,574916.0,211018.0,2353.0,37559.0,0.0
2016-02-01,13373859.0,207173.0,40706.0,306632.0,68695.0,86901.0,173886.0,68697.0,1954.0,2213434.0,79495.0,50139.0,77712.0,155672.0,0.0,197615.0,0.0
2016-02-02,13373859.0,207173.0,40706.0,306632.0,68695.0,86901.0,173886.0,68697.0,1954.0,2213434.0,79495.0,50139.0,77712.0,155672.0,70.0,197615.0,1748.0
2016-02-03,12717332.0,154658.0,77520.0,906103.0,509218.0,217016.0,130904.0,22178.0,1543.0,1994655.0,100522.0,25840.0,189388.0,58881.0,70.0,14440.0,0.0
2016-02-04,18496852.0,204942.0,136481.0,83667.0,328266.0,146521.0,166405.0,135744.0,1129.0,2524830.0,156525.0,22178.0,317033.0,73477.0,0.0,14732.0,0.0
2016-02-05,19873948.0,209922.0,70431.0,250549.0,288100.0,370418.0,256234.0,106408.0,23464.0,3571153.0,1206489.0,31818.0,1071876.0,645609.0,0.0,132932.0,5353.0
2016-02-08,7403197.0,30760.0,32447.0,59714.0,29103.0,96404.0,61804.0,76144.0,933.0,3200620.0,226621.0,18093.0,81739.0,53633.0,0.0,45630.0,0.0
2016-02-09,7403197.0,30760.0,32447.0,59714.0,29103.0,96404.0,61804.0,76144.0,933.0,3200620.0,226621.0,18093.0,81739.0,53633.0,6757.0,45630.0,0.0
2016-02-10,23965471.0,184713.0,221549.0,512965.0,709925.0,576894.0,272712.0,210288.0,13342.0,1728960.0,623704.0,77097.0,863023.0,377036.0,0.0,584243.0,0.0
2016-02-11,14508051.0,143743.0,55187.0,514377.0,571009.0,337822.0,3244149.0,346105.0,15164.0,1728960.0,593487.0,141961.0,1909654.0,201425.0,445.0,203920.0,0.0
2016-02-12,24579078.0,1684806.0,167574.0,290896.0,549234.0,249569.0,406910.0,257130.0,4319.0,5106394.0,254968.0,43047.0,10630548.0,195843.0,0.0,603365.0,8562.0
2016-02-15,5184385.0,28212.0,19493.0,72576.0,61822.0,155110.0,68247.0,3867.0,319.0,776752.0,24215.0,10054.0,89415.0,26972.0,0.0,23836.0,31451.0
2016-02-16,5184385.0,28212.0,19493.0,72576.0,61822.0,155110.0,68247.0,3867.0,319.0,776752.0,24215.0,10054.0,89415.0,26972.0,0.0,23836.0,0.0
2016-02-17,24226093.0,247971.0,191438.0,732170.0,25432051.0,1553542.0,310733.0,86274.0,31739.0,4206626.0,2072748.0,99037.0,581917.0,436798.0,0.0,395423.0,4368.0
2016-02-18,30398566.0,305129.0,392194.0,569124.0,1183353.0,657308.0,272093.0,231039.0,34898.0,5406847.0,481621.0,137034.0,1014633.0,111163.0,0.0,228311.0,0.0
2016-02-19,32381043.0,317668.0,249756.0,421881.0,477704.0,777257.0,411793.0,187564.0,68051.0,6900113.0,244083.0,71396.0,848888.0,199121.0,0.0,228377.0,0.0
2016-02-22,16447235.0,143683.0,110469.0,152924.0,450849.0,679668.0,123728.0,50678.0,14784.0,4019870.0,291805.0,15685.0,2988479.0,142872.0,1000.0,385671.0,0.0
2016-02-23,16447235.0,143683.0,110469.0,152924.0,450849.0,679668.0,123728.0,50678.0,14784.0,4019870.0,291805.0,15685.0,2988479.0,142872.0,0.0,385671.0,0.0
2016-02-24,24878580.0,202736.0,63437.0,376940.0,366883.0,346834.0,191012.0,71235.0,7770.0,3667658.0,147280.0,17751.0,8135949.0,50473.0,53809.0,325610.0,0.0
2016-02-25,24046584.0,242379.0,107869.0,500818.0,516993.0,190678.0,284182.0,471005.0,17038.0,6230476.0,958041.0,43650.0,4291969.0,148179.0,53809.0,1244829.0,0.0
2016-02-26,30677392.0,163130.0,152970.0,469879.0,1107068.0,181896.0,472666.0,327255.0,20431.0,6730999.0,540876.0,83395.0,4122184.0,311686.0,5417.0,983003.0,2082.0
2016-02-29,18919883.0,252477.0,126393.0,465649.0,894836.0,216830.0,224430.0,21453.0,3073.0,4612886.0,1332490.0,105050.0,2504775.0,70835.0,4280.0,1835803.0,0.0
2016-03-01,18919883.0,252477.0,126393.0,465649.0,894836.0,216830.0,224430.0,21453.0,6004.0,4612886.0,1332490.0,105050.0,2504775.0,70835.0,289.0,1835803.0,139821.0
2016-03-02,24038929.0,164135.0,84088.0,1112620.0,249380.0,458589.0,343471.0,319121.0,6004.0,3860246.0,2210861.0,224731.0,1654170.0,330554.0,0.0,320032.0,0.0
2016-03-03,44854626.0,516942.0,144191.0,394243.0,878869.0,630482.0,508027.0,180405.0,15638.0,3196253.0,954838.0,134687.0,1289842.0,370047.0,0.0,1281550.0,0.0
2016-03-04,25035594.0,202046.0,88516.0,324539.0,975949.0,922072.0,348904.0,191533.0,17920.0,7445157.0,781026.0,188599.0,4578797.0,267805.0,289.0,1309681.0,0.0
2016-03-07,36767104.0,72774.0,98096.0,222868.0,223340.0,247578.0,102434.0,498307.0,12027.0,3492691.0,252229.0,17578.0,5379807.0,143703.0,2381.0,92213.0,9068.0
2016-03-08,36767104.0,72774.0,98096.0,222868.0,223340.0,247578.0,102434.0,498307.0,12027.0,3492691.0,252229.0,17578.0,5379807.0,143703.0,1.0,92213.0,0.0
2016-03-09,32501797.0,178318.0,63583.0,286749.0,487437.0,666816.0,213537.0,73969.0,4885.0,3359881.0,194725.0,22436.0,678195.0,611838.0,0.0,236574.0,0.0
2016-03-10,29130546.0,185693.0,131126.0,180215.0,260198.0,222229.0,545322.0,70127.0,6412.0,2998879.0,181048.0,23520.0,1745638.0,118661.0,6444.0,674069.0,0.0
2016-03-11,19242811.0,225101.0,194977.0,1228506.0,394205.0,373877.0,315280.0,99959.0,11999.0,4164914.0,542552.0,47044.0,899923.0,538658.0,340.0,305721.0,0.0
2016-03-14,5575416.0,90838.0,85736.0,119796.0,94276.0,39128.0,73378.0,25825.0,10167.0,3032628.0,259000.0,22912.0,288320.0,66939.0,173.0,53500.0,0.0
2016-03-15,5575416.0,90838.0,85736.0,365085.0,94276.0,39128.0,73378.0,25825.0,10167.0,3032628.0,259000.0,22912.0,288320.0,66939.0,173.0,53500.0,0.0
2016-03-16,19701904.0,324087.0,180367.0,365085.0,306842.0,263241.0,286994.0,114241.0,10348.0,5392909.0,355950.0,30350.0,1315438.0,159573.0,0.0,589383.0,0.0
2016-03-17,15960555.0,224873.0,292953.0,273255.0,348442.0,180111.0,234588.0,392338.0,13038.0,4365847.0,344249.0,30350.0,1899098.0,84305.0,0.0,297852.0,0.0
2016-03-18,32235682.0,997973.0,743540.0,603198.0,1392682.0,1067263.0,1636747.0,1228946.0,37092.0,14375530.0,574361.0,234065.0,1798681.0,213254.0,7364.0,418752.0,3107.0
2016-03-21,0.0,0.0,0.0,0.0,0.0,0.0,0.0,0.0,0.0,0.0,0.0,0.0,0.0,0.0,0.0,0.0,0.0
2016-03-22,19430183.0,294532.0,169450.0,336163.0,396015.0,173306.0,430598.0,204972.0,917.0,6189751.0,399458.0,67420.0,1278387.0,89736.0,0.0,222144.0,0.0
2016-03-23,19430183.0,294532.0,169450.0,336163.0,396015.0,173306.0,430598.0,204972.0,917.0,6189751.0,399458.0,67420.0,1278387.0,89736.0,773.0,222144.0,0.0
2016-03-24,12778363.0,95581.0,54401.0,125275.0,163707.0,0.0,78448.0,23801.0,0.0,1181995.0,623715.0,25181.0,577000.0,25400.0,0.0,170500.0,0.0
2016-03-25,0.0,0.0,0.0,0.0,0.0,0.0,0.0,0.0,0.0,0.0,0.0,0.0,0.0,0.0,0.0,0.0,0.0
2016-03-28,8036178.0,518790.0,0.0,0.0,0.0,0.0,0.0,0.0,301.0,0.0,1445374000.0,0.0,0.0,1865934.0,200.0,0.0,0.0
2016-03-29,9997403.0,177003.0,107784.0,333687.0,359931.0,519106.0,362928.0,77877.0,11071.0,2804141.0,236601.0,50860.0,209310.0,152054.0,2450.0,61638.0,0.0
2016-03-30,9997403.0,177003.0,107784.0,333687.0,359931.0,519106.0,362928.0,77877.0,11071.0,2804141.0,236601.0,50860.0,209310.0,152054.0,0.0,61638.0,0.0
2016-03-31,19409861.0,192344.0,167272.0,283628.0,917614.0,673570.0,337592.0,141126.0,4102.0,7808349.0,1562067.0,35804.0,675277.0,91058.0,0.0,348330.0,4238.0
2016-04-01,14440344.0,554760.0,404787.0,771941.0,1349606.0,664740.0,1001333.0,535483.0,45936.0,9040606.0,1025511.0,160296.0,2448026.0,404320.0,0.0,1448288.0,0.0
2016-04-04,10923096.0,61633.0,32484.0,91067.0,350808.0,224448.0,481927.0,362030.0,70006.0,2431907.0,443658.0,20416.0,26851.0,84397.0,1.0,227957.0,0.0
2016-04-05,10923096.0,61633.0,32484.0,91067.0,350808.0,224448.0,481927.0,362030.0,70006.0,2431907.0,443658.0,20416.0,26851.0,84397.0,0.0,227957.0,0.0
2016-04-06,9468641.0,86534.0,24085.0,195862.0,116420.0,178026.0,239780.0,115701.0,697.0,1711870.0,383709.0,21603.0,503658.0,60303.0,0.0,110571.0,0.0
2016-04-07,25448916.0,191895.0,123979.0,169301.0,672598.0,503352.0,430623.0,167937.0,3002.0,4339430.0,1202707.0,50807.0,972404.0,181439.0,0.0,399162.0,0.0
2016-04-08,16118666.0,194085.0,131926.0,696566.0,684845.0,764094.0,87412.0,37845.0,3865.0,3604348.0,498380.0,79253.0,223535.0,92034.0,0.0,366797.0,0.0
2016-04-11,12289478.0,167004.0,74602.0,284955.0,418332.0,372656.0,189277.0,69323.0,17693.0,4559196.0,2073654.0,210853.0,530563.0,254072.0,900.0,476435.0,10000.0
2016-04-12,12289478.0,167004.0,74602.0,284955.0,418332.0,372656.0,189277.0,69323.0,17693.0,4559196.0,2073654.0,210853.0,530563.0,254072.0,900.0,476435.0,10000.0
2016-04-13,26352605.0,239803.0,150419.0,1102993.0,325385.0,308124.0,189079.0,249897.0,18563.0,6087043.0,550885.0,118233.0,1291354.0,380440.0,6040.0,1088017.0,0.0
2016-04-14,22272454.0,598489.0,264569.0,751770.0,377921.0,756894.0,282259.0,111544.0,17148.0,9954462.0,941455.0,157683.0,787537.0,638933.0,1944.0,850079.0,4290.0
2016-04-15,10560376.0,86687.0,244487.0,346083.0,638257.0,849067.0,229960.0,12129.0,9866.0,2065039.0,1449659.0,116087.0,104024.0,172034.0,15000.0,80326.0,0.0
2016-04-18,17912580.0,96622.0,48287.0,940047.0,244949.0,260806.0,425719.0,63243.0,14435.0,2711248.0,342416.0,883534.0,250678.0,101234.0,0.0,528696.0,0.0
2016-04-19,17912580.0,96622.0,48287.0,940047.0,244949.0,260806.0,425719.0,63243.0,14435.0,2711248.0,342416.0,883534.0,250678.0,101234.0,50729.0,528696.0,6200.0
2016-04-20,21199231.0,62687.0,82186.0,781790.0,581406.0,183304.0,97745.0,33590.0,13751.0,3484921.0,607010.0,115065.0,662685.0,58239.0,50729.0,272210.0,425.0
2016-04-21,32377577.0,339338.0,241285.0,978901.0,836174.0,97812.0,136715.0,31543.0,6529.0,5174287.0,502498.0,49901.0,474419.0,74621.0,0.0,191856.0,425.0
2016-04-22,19987956.0,141536.0,84061.0,857633.0,754924.0,400733.0,215204.0,82049.0,7729.0,2408006.0,489163.0,67393.0,374129.0,153511.0,0.0,812559.0,8303.0
2016-04-25,9809184.0,340913.0,290275.0,1377079.0,262591.0,176852.0,409120.0,340651.0,333.0,3385545.0,759794.0,45129.0,241688.0,105202.0,0.0,223301.0,0.0
2016-04-26,9809184.0,340913.0,290275.0,1377079.0,262591.0,176852.0,409120.0,340651.0,333.0,3385545.0,759794.0,45129.0,241688.0,105202.0,14029.0,223301.0,20726.0
2016-04-27,9746287.0,219115.0,77892.0,1359418.0,618383.0,576216.0,271763.0,152878.0,744.0,5522278.0,242225.0,173398.0,29598.0,44844.0,14029.0,69277.0,12100.0
2016-04-28,36584221.0,106349.0,173507.0,446360.0,616280.0,548220.0,38278.0,39076.0,744.0,5446523.0,624015.0,54333.0,601088.0,90483.0,24000.0,146094.0,0.0
2016-04-29,20394386.0,262891.0,127755.0,1211882.0,722343.0,362384.0,176501.0,124307.0,6219.0,6270527.0,1420707.0,98392.0,1014385.0,145730.0,0.0,606711.0,0.0
2016-05-02,15331507.0,64316.0,37186.0,478077.0,229841.0,135333.0,145375.0,93515.0,6340.0,2984740.0,74562.0,51914.0,1495297.0,258092.0,0.0,255306.0,0.0
2016-05-03,15331507.0,64316.0,37186.0,478077.0,229841.0,135333.0,145375.0,93515.0,6340.0,2984740.0,74562.0,51914.0,1495297.0,258092.0,0.0,255306.0,0.0
2016-05-04,8866458.0,263554.0,75581.0,340000.0,777236.0,473719.0,112475.0,104918.0,10224.0,5106003.0,530076.0,375468.0,540784.0,86188.0,0.0,146849.0,0.0
2016-05-05,23233151.0,1098939.0,1101180.0,185267.0,360052.0,258088.0,145123.0,49779.0,886.0,4338145.0,1895365.0,53586.0,849955.0,80239.0,0.0,1625000.0,0.0
2016-05-06,14849808.0,2559333.0,2433377.0,250228.0,237707.0,173411.0,98866.0,47596.0,1253.0,2016366.0,218489.0,78418.0,1673776.0,150762.0,0.0,341393.0,0.0
2016-05-09,0.0,0.0,0.0,0.0,0.0,0.0,0.0,0.0,0.0,0.0,0.0,0.0,0.0,0.0,0.0,0.0,0.0
2016-05-10,10440095.0,224651.0,100381.0,503382.0,963360.0,263823.0,413766.0,143412.0,6322.0,5423039.0,2502422.0,70011.0,561866.0,211761.0,500.0,522281.0,0.0
2016-05-11,10440095.0,224651.0,100381.0,503382.0,963360.0,263823.0,413766.0,143412.0,6322.0,5423039.0,2502422.0,70011.0,561866.0,211761.0,500.0,522281.0,0.0
2016-05-12,13275611.0,2299051.0,2151189.0,2387446.0,1328872.0,1019161.0,307532.0,216327.0,21066.0,50444245.0,6961586.0,131238.0,639166.0,316822.0,0.0,669641.0,66171.0
2016-05-13,12487711.0,354339.0,377304.0,1168384.0,612520.0,798628.0,520139.0,369718.0,78544.0,11275124.0,1391672.0,147207.0,558962.0,406284.0,0.0,2099647.0,66171.0
2016-05-16,17138320.0,395868.0,248271.0,337875.0,935412.0,453226.0,188256.0,94100.0,5228.0,6591338.0,419099.0,43203.0,579516.0,167052.0,0.0,234319.0,0.0
2016-05-17,17138320.0,395868.0,248271.0,337875.0,935412.0,453226.0,188256.0,94100.0,5228.0,6591338.0,419099.0,43203.0,579516.0,167052.0,0.0,234319.0,0.0
2016-05-18,17817473.0,98866.0,36100.0,658655.0,172772.0,112195.0,163755.0,9274.0,1011.0,7364851.0,530437.0,80093.0,659538.0,24327.0,0.0,60604.0,0.0
2016-05-19,17300529.0,200853.0,69222.0,348373.0,1038112.0,577561.0,280313.0,113085.0,5642.0,5716895.0,337392.0,159909.0,916776.0,152429.0,0.0,325979.0,484.0
2016-05-20,13483569.0,160032.0,45329.0,664986.0,682991.0,362495.0,136751.0,87922.0,7788.0,4457024.0,188339.0,228017.0,916776.0,143512.0,0.0,240237.0,0.0
2016-05-23,6067501.0,83644.0,53267.0,174052.0,244853.0,161654.0,192918.0,39108.0,29176.0,2143434.0,99813.0,40782.0,5299904.0,38432.0,0.0,241814.0,0.0
2016-05-24,6067501.0,83644.0,53267.0,174052.0,244853.0,161654.0,192918.0,39108.0,29176.0,2143434.0,99813.0,40782.0,5299904.0,38432.0,7470.0,241814.0,0.0
2016-05-25,6913293.0,174358.0,172075.0,660567.0,594764.0,289249.0,100379.0,56985.0,543587.0,2013334.0,367938.0,186287.0,6025473.0,140877.0,16311.0,367903.0,0.0
2016-05-26,20129520.0,213360.0,164750.0,1088660.0,404936.0,187682.0,114447.0,67904.0,12810.0,4389517.0,2092608.0,30545.0,1499752.0,94381.0,0.0,397964.0,10000.0
2016-05-27,12281156.0,270550.0,72035.0,211072.0,521642.0,374370.0,271918.0,152797.0,6124.0,3847231.0,550777.0,109445.0,605229.0,67179.0,0.0,438658.0,0.0
2016-05-30,0.0,0.0,0.0,0.0,0.0,0.0,0.0,0.0,0.0,0.0,0.0,0.0,0.0,0.0,0.0,0.0,0.0
2016-05-31,26018349.0,786826.0,1090627.0,1099844.0,3498984.0,305456.0,712546.0,130848.0,13869.0,10861551.0,448612.0,340650.0,2361610.0,157888.0,0.0,31133.0,0.0
2016-06-01,26018349.0,786826.0,1090627.0,1099844.0,3498984.0,305456.0,712546.0,130848.0,13869.0,10861551.0,448612.0,340650.0,2361610.0,157888.0,7000.0,31133.0,36411.0
2016-06-02,8610179.0,281752.0,301279.0,255824.0,196070.0,272343.0,261692.0,61482.0,11488.0,4205981.0,22933.0,27484.0,310459.0,330440.0,7000.0,597523.0,0.0
2016-06-03,6206885.0,72213.0,65495.0,90228.0,42059.0,125333.0,145313.0,56515.0,0.0,2134155.0,134850.0,6904.0,534484.0,37180.0,0.0,97790.0,0.0
2016-06-06,0.0,0.0,0.0,0.0,0.0,0.0,0.0,0.0,0.0,0.0,0.0,0.0,0.0,0.0,0.0,0.0,0.0
2016-06-07,19940073.0,195419.0,143076.0,255598.0,983263.0,729076.0,135282.0,36855.0,6700.0,3355809.0,93677.0,85640.0,632717.0,37847.0,648.0,155650.0,0.0
2016-06-08,19940073.0,195419.0,143076.0,255598.0,983263.0,729076.0,135282.0,36855.0,6700.0,3355809.0,93677.0,85640.0,632717.0,37847.0,0.0,155650.0,103.0
2016-06-09,15776777.0,354557.0,151787.0,263378.0,524204.0,386882.0,297423.0,232860.0,6891.0,2767865.0,168552.0,155265.0,357803.0,206772.0,0.0,321790.0,103.0
2016-06-10,13242316.0,100351.0,65446.0,357370.0,238591.0,204292.0,206351.0,53142.0,10604.0,2273088.0,793717.0,104386.0,396411.0,38494.0,0.0,1591586.0,0.0
2016-06-13,7256502.0,63845.0,46972.0,128755.0,89187.0,95831.0,37151.0,37008.0,10410.0,1391359.0,189693.0,29975.0,657395.0,118009.0,0.0,27930.0,0.0
2016-06-14,0.0,0.0,0.0,0.0,0.0,0.0,0.0,0.0,0.0,0.0,0.0,0.0,0.0,0.0,0.0,0.0,0.0
2016-06-15,5627028.0,201107.0,39447.0,105297.0,537686.0,400980.0,144965.0,237920.0,737.0,2504354.0,745165.0,35418.0,203024.0,189234.0,0.0,150579.0,11000.0
2016-06-16,13523751.0,155686.0,30021.0,167036.0,318071.0,53790.0,542697.0,165723.0,1971.0,2959234.0,1956633.0,31926.0,369000.0,880855.0,430.0,98172.0,0.0
2016-06-17,13523751.0,43516.0,18462.0,147239.0,362959.0,144425.0,56089.0,34957.0,5317.0,2581784.0,87713.0,63929.0,444195.0,351037.0,500.0,104775.0,0.0
2016-06-20,16429838.0,259823.0,39799.0,213443.0,386062.0,178410.0,151309.0,52497.0,4659.0,1713620.0,476984.0,36684.0,173344.0,733421.0,185.0,174544.0,0.0
2016-06-21,16429838.0,259823.0,39799.0,213443.0,386062.0,178410.0,151309.0,52497.0,4659.0,1713620.0,476984.0,36684.0,173344.0,733421.0,0.0,174544.0,0.0
2016-06-22,15360357.0,242574.0,66320.0,787075.0,672858.0,664903.0,311556.0,104120.0,54147.0,2941507.0,283083.0,131776.0,194904.0,568286.0,0.0,777546.0,13006.0
2016-06-23,10880616.0,403775.0,65945.0,779217.0,404669.0,285979.0,489399.0,269339.0,32483.0,3141723.0,231522.0,78625.0,212331.0,1367105.0,0.0,825094.0,0.0
2016-06-24,6224162.0,157248.0,27358.0,327774.0,288880.0,152547.0,171970.0,24284.0,8036.0,951042.0,322350.0,58344.0,267670.0,126103.0,397.0,138400.0,0.0
2016-06-27,8155716.0,59922.0,92337.0,138552.0,63437.0,50189.0,56905.0,34077.0,1848.0,4770441.0,91977.0,23744.0,195354.0,93511.0,0.0,219576.0,0.0
2016-06-28,8155716.0,59922.0,92337.0,138552.0,63437.0,50189.0,56905.0,34077.0,1848.0,4770441.0,91977.0,23744.0,195354.0,93511.0,0.0,219576.0,0.0
2016-06-29,5122511.0,48417.0,25733.0,224186.0,81703.0,90081.0,127919.0,56490.0,2046.0,2307889.0,131948.0,107573.0,104012.0,65973.0,0.0,529485.0,0.0
2016-06-30,5073936.0,46826.0,20788.0,137316.0,126810.0,67334.0,43910.0,40247.0,5792.0,1273536.0,41482.0,16036.0,596291.0,30645.0,15000.0,3055108.0,0.0
2016-07-01,7869302.0,150634.0,46183.0,335190.0,682787.0,481706.0,204714.0,31491.0,8692.0,4111666.0,30529.0,90495.0,233782.0,94951.0,15000.0,136478.0,0.0
2016-07-04,0.0,0.0,0.0,0.0,0.0,0.0,0.0,0.0,0.0,0.0,0.0,0.0,0.0,0.0,0.0,0.0,0.0
2016-07-05,7415475.0,56368.0,30995.0,115902.0,443250.0,223958.0,59471.0,22144.0,4601.0,1303751.0,31394.0,24121.0,40921.0,20229.0,0.0,130403.0,0.0
2016-07-06,7415475.0,56368.0,30995.0,115902.0,443250.0,223958.0,59471.0,22144.0,4601.0,1303751.0,31394.0,24121.0,40921.0,20229.0,0.0,130403.0,3759.0
2016-07-07,6077781.0,80983.0,36571.0,267879.0,435423.0,36690.0,116696.0,14777.0,2667.0,1946054.0,77073.0,18240.0,357406.0,94648.0,0.0,279280.0,3759.0
2016-07-08,13660539.0,114108.0,20764.0,768820.0,235576.0,291408.0,190260.0,11503.0,40885.0,5193255.0,203103.0,21360.0,850433.0,135105.0,8570.0,283166.0,9623.0
2016-07-11,4082790.0,53580.0,37690.0,149102.0,113019.0,79044.0,82272.0,4852.0,5053.0,2390636.0,215532.0,42364.0,218426.0,7652.0,6512.0,104725.0,776.0
2016-07-12,4082790.0,53580.0,37690.0,149102.0,113019.0,79044.0,82272.0,4852.0,5053.0,2390636.0,215532.0,42364.0,218426.0,7652.0,0.0,104725.0,565.0
2016-07-13,7717455.0,158051.0,84875.0,380653.0,465121.0,203245.0,313527.0,159381.0,4113.0,3373581.0,99378.0,111907.0,103186.0,180916.0,7127.0,10967489.0,565.0
2016-07-14,11460450.0,260942.0,121838.0,459705.0,527183.0,423521.0,376684.0,131467.0,7065.0,3397195.0,161650.0,178819.0,79877.0,123664.0,7127.0,186820.0,0.0
2016-07-15,6039150.0,312453.0,126871.0,658024.0,485344.0,102161.0,388442.0,93004.0,6083.0,2468960.0,75838.0,97075.0,310360.0,373844.0,0.0,186820.0,4500.0
2016-07-18,4539943.0,185019.0,83566.0,397693.0,226131.0,259600.0,251516.0,57816.0,113.0,3096207.0,94883.0,60032.0,182152.0,219079.0,7000.0,202358.0,1700.0
2016-07-19,4539943.0,185019.0,83566.0,397693.0,226131.0,259600.0,251516.0,57816.0,113.0,3096207.0,94883.0,60032.0,182152.0,219079.0,0.0,202358.0,5000.0
2016-07-20,18459800.0,207683.0,164728.0,793373.0,413773.0,0.0,451522.0,558057.0,5838.0,3980059.0,0.0,99859.0,182664.0,276060.0,0.0,241842.0,0.0
2016-07-21,17095694.0,129724.0,95036.0,167867.0,392548.0,412936.0,111937.0,413283.0,1807.0,7903417.0,41457.0,50793.0,186285.0,59757.0,0.0,1133000.0,2500.0
2016-07-22,17095694.0,129724.0,95036.0,167867.0,392548.0,412936.0,111937.0,413283.0,1807.0,7903417.0,41457.0,50793.0,5200.0,59757.0,15000.0,1133000.0,0.0
2016-07-25,7636555.0,260735.0,59122.0,418979.0,416082.0,100768.0,75462.0,21372.0,4337.0,5150711.0,220435.0,49012.0,103423.0,145984.0,765.0,1059777.0,972.0
2016-07-26,7636555.0,260735.0,59122.0,418979.0,416082.0,100768.0,75462.0,21372.0,4337.0,5150711.0,220435.0,49012.0,103423.0,145984.0,3308.0,1059777.0,0.0
2016-07-27,5957306.0,245300.0,75712.0,293125.0,411336.0,162321.0,43646.0,204673.0,933.0,1483169.0,88623.0,73489.0,150469.0,90898.0,3308.0,1011706.0,0.0
2016-07-28,8865630.0,197691.0,181621.0,195308.0,910015.0,42766.0,122826.0,38108.0,8609.0,4232696.0,415497.0,72259.0,4307908.0,120141.0,14132.0,205678.0,0.0
2016-07-29,8852642.0,121343.0,46768.0,139466.0,643104.0,297938.0,81344.0,8999.0,11956.0,4232696.0,344377.0,88486.0,774466.0,169865.0,0.0,595416.0,10000.0
2016-08-01,6125293.0,93455.0,55566.0,146301.0,100854.0,59283.0,204425.0,7642.0,3403.0,2856677.0,593047.0,23336.0,118905.0,79457.0,0.0,38100.0,32068.0
2016-08-02,6125293.0,93455.0,55566.0,146301.0,100854.0,59283.0,204425.0,7642.0,3403.0,2856677.0,593047.0,23336.0,118905.0,79457.0,16000.0,38100.0,0.0
2016-08-03,13981999.0,103913.0,66908.0,286908.0,236825.0,356234.0,95824.0,45609.0,2945.0,2291344.0,370314.0,38845.0,175252.0,138328.0,0.0,308700.0,12891.0
2016-08-04,10703169.0,193072.0,181405.0,328242.0,345347.0,89263.0,131310.0,49238.0,20787.0,4149244.0,233579.0,44052.0,130017.0,128053.0,0.0,18600.0,0.0
2016-08-05,6519396.0,60934.0,62047.0,151441.0,706506.0,277250.0,95400.0,62671.0,1218.0,1086578.0,428579.0,38191.0,16628.0,139931.0,0.0,18600.0,0.0
2016-08-08,5309196.0,115669.0,35288.0,341439.0,132341.0,13840.0,160305.0,13296.0,809.0,2621433.0,206043.0,39761.0,928608.0,6718.0,0.0,50385.0,0.0
2016-08-09,5309196.0,115669.0,35288.0,341439.0,132341.0,13840.0,160305.0,13296.0,809.0,2621433.0,206043.0,39761.0,928608.0,6718.0,0.0,50385.0,0.0
2016-08-10,9718338.0,207941.0,94849.0,386755.0,463042.0,128777.0,296858.0,255060.0,5686.0,11881946.0,130338.0,55062.0,47333.0,45158.0,268.0,86230.0,37182.0
2016-08-11,8455899.0,189541.0,149334.0,125028.0,656024.0,464253.0,200045.0,28895.0,19261.0,2671817.0,1179620.0,89302.0,96393.0,104661.0,0.0,1058.0,37182.0
2016-08-12,7835880.0,233812.0,76234.0,164503.0,379930.0,274738.0,272280.0,59272.0,559.0,3729420.0,74141.0,60417.0,1098523.0,199353.0,0.0,649564.0,0.0
2016-08-15,0.0,0.0,0.0,0.0,0.0,0.0,0.0,0.0,0.0,0.0,0.0,0.0,0.0,0.0,0.0,0.0,0.0
2016-08-16,11703119.0,381555.0,137000.0,760505.0,862544.0,992655.0,265374.0,85670.0,15754.0,6637467.0,1732006.0,183539.0,502558.0,499959.0,3400.0,843341.0,0.0
2016-08-17,11703119.0,381555.0,137000.0,760505.0,862544.0,992655.0,265374.0,85670.0,15754.0,6637467.0,1732006.0,183539.0,502558.0,499959.0,3400.0,843341.0,0.0
2016-08-18,16521484.0,254933.0,65159.0,314084.0,535996.0,670639.0,179181.0,68592.0,9757.0,13476309.0,1767452.0,81980.0,61492.0,146042.0,0.0,405985.0,0.0
2016-08-19,10671015.0,151635.0,59962.0,173408.0,459074.0,87007.0,123222.0,53663.0,8442.0,6920834.0,3978751.0,132711.0,537753.0,217045.0,0.0,439293.0,0.0
2016-08-22,7908393.0,213831.0,19892.0,139375.0,270050.0,215878.0,92194.0,110116.0,2885.0,2855039.0,311297.0,45099.0,82187.0,38518.0,0.0,140372.0,0.0
2016-08-23,7908393.0,213831.0,19892.0,139375.0,270050.0,215878.0,92194.0,110116.0,2885.0,2855039.0,311297.0,45099.0,82187.0,38518.0,0.0,140372.0,0.0
2016-08-24,12024578.0,104263.0,84633.0,158227.0,352803.0,157455.0,124966.0,97456.0,27979.0,5113752.0,1559759.0,17216.0,502072.0,146570.0,23351.0,86906.0,2000.0
2016-08-25,5361615.0,394093.0,81648.0,701432.0,252375.0,477545.0,373586.0,466576.0,21764.0,3595123.0,2164298.0,151340.0,154725.0,601311.0,11374.0,2040717.0,0.0
2016-08-26,12513528.0,259809.0,120618.0,722696.0,612867.0,836306.0,267228.0,141342.0,10029.0,7454345.0,330341.0,417639.0,97073.0,313469.0,0.0,1173006.0,8145.0
2016-08-29,5529992.0,235273.0,168567.0,229208.0,173883.0,83105.0,250830.0,33498.0,8710.0,1805946.0,184299.0,217738.0,73002.0,52649.0,0.0,479305.0,0.0
2016-08-30,5529992.0,235273.0,168567.0,229208.0,173883.0,83105.0,250830.0,33498.0,8710.0,1805946.0,184299.0,217738.0,73002.0,52649.0,0.0,479305.0,6617.0
2016-08-31,5537784.0,205052.0,70653.0,415672.0,389409.0,402685.0,254128.0,105174.0,16777.0,3245663.0,708419.0,150721.0,222833.0,498966.0,42475.0,987218.0,6617.0
2016-09-01,13726354.0,312765.0,2528669.0,654442.0,1043164.0,886097.0,433227.0,282565.0,38785.0,5770406.0,1838455.0,254187.0,885773.0,348653.0,42475.0,2535043.0,21465.0
2016-09-02,6752139.0,108010.0,28461.0,47035.0,67482.0,35419.0,86745.0,34889.0,833.0,2133242.0,400688.0,204973.0,2530968.0,123848.0,0.0,90477.0,0.0
2016-09-05,4149694.0,73975.0,22430.0,98426.0,219014.0,101495.0,199556.0,58508.0,12560.0,1302179.0,85587.0,26331.0,535401.0,86976.0,0.0,137400.0,11351.0
2016-09-06,4149694.0,73975.0,22430.0,98426.0,219014.0,101495.0,199556.0,58508.0,12560.0,2295752.0,85587.0,26331.0,535401.0,86976.0,0.0,137400.0,0.0
2016-09-07,6959339.0,175717.0,80480.0,273397.0,208827.0,110455.0,203712.0,61827.0,8799.0,2295752.0,607914.0,124607.0,20516.0,124528.0,0.0,971489.0,0.0
2016-09-08,18939956.0,244172.0,235551.0,454674.0,381892.0,268249.0,503484.0,324842.0,20207.0,5082052.0,1394665.0,108094.0,45054.0,212318.0,6000.0,1054988.0,0.0
2016-09-09,23290212.0,291005.0,215742.0,336484.0,391298.0,569080.0,271915.0,271918.0,63164.0,4706271.0,1247133.0,380488.0,494712.0,115765.0,0.0,1201491.0,0.0
2016-09-12,9200669.0,36076.0,48988.0,154074.0,345973.0,26414.0,186655.0,179280.0,1926.0,2001920.0,85235.0,70786.0,9702.0,88026.0,266.0,124157.0,0.0
2016-09-13,9200669.0,36076.0,48988.0,154074.0,345973.0,26414.0,186655.0,179280.0,1926.0,2001920.0,85235.0,70786.0,9702.0,88026.0,0.0,124157.0,3850.0
2016-09-14,14775557.0,98692.0,100019.0,252417.0,451350.0,152946.0,61994.0,32855.0,2444.0,1977023.0,527813.0,159860.0,1996004.0,207555.0,942.0,76252.0,3850.0
2016-09-15,20195595.0,862074.0,164908.0,460643.0,313202.0,51122.0,363391.0,202389.0,18288.0,1351009.0,729220.0,282154.0,204225.0,60009.0,0.0,15062.0,0.0
2016-09-16,9966481.0,118509.0,51095.0,234200.0,131857.0,163383.0,174651.0,147389.0,15179.0,5591638.0,223236.0,859351.0,396193.0,187903.0,3724.0,32145.0,0.0
2016-09-19,8537742.0,54771.0,43335.0,152927.0,512113.0,47028.0,287731.0,60055.0,18615.0,3298043.0,69737.0,536603.0,366373.0,28921.0,0.0,2625350.0,9448.0
2016-09-20,8537742.0,54771.0,43335.0,152927.0,512113.0,47028.0,287731.0,60055.0,18615.0,3298043.0,69737.0,536603.0,366373.0,28921.0,0.0,2625350.0,10000.0
2016-09-21,15067025.0,452983.0,291209.0,278389.0,574230.0,445387.0,185547.0,46758.0,17448.0,7984829.0,146758.0,79919.0,162439.0,61579.0,0.0,543307.0,0.0
2016-09-22,14521237.0,229181.0,57526.0,413417.0,495876.0,78798.0,207285.0,69242.0,1025.0,3158967.0,35278.0,55651.0,160905.0,87122.0,0.0,136989.0,0.0
2016-09-23,8604531.0,190603.0,130697.0,327614.0,321998.0,40268.0,224506.0,191733.0,3456.0,6200400.0,234587.0,99391.0,103777.0,113477.0,0.0,376382.0,0.0
2016-09-26,7722750.0,57986.0,22038.0,150498.0,148393.0,246462.0,159740.0,54778.0,182.0,1354894.0,151502.0,158269.0,203704.0,65344.0,829.0,200805.0,3821.0
2016-09-27,7722750.0,57986.0,22038.0,150498.0,148393.0,246462.0,159740.0,54778.0,182.0,1354894.0,151502.0,158269.0,203704.0,65344.0,0.0,200805.0,910.0
2016-09-28,15041515.0,65039.0,44466.0,301458.0,591855.0,35681.0,222882.0,16695.0,2821.0,4026815.0,161873.0,98535.0,129416.0,102421.0,850360.0,651006.0,910.0
2016-09-29,15188472.0,38975.0,23689.0,322190.0,453315.0,48261.0,382749.0,17925.0,591.0,5495046.0,17214.0,82557.0,135148.0,47519.0,850360.0,28866.0,11916.0
2016-09-30,16492066.0,80021.0,45232.0,219620.0,862517.0,149313.0,295447.0,51264.0,5245.0,5150506.0,68270.0,274269.0,31162.0,61165.0,592182.0,741212.0,993.0
2016-10-03,13392357.0,99790.0,30408.0,212150.0,285684.0,100964.0,132502.0,19551.0,15406.0,3575411.0,71345.0,51953.0,186549.0,20706.0,14186.0,2604652.0,0.0
2016-10-04,13392357.0,99790.0,30408.0,212150.0,285684.0,100964.0,132502.0,19551.0,15406.0,3575411.0,71345.0,50865.0,186549.0,20706.0,0.0,2604652.0,0.0
2016-10-05,10834400.0,87179.0,32319.0,250696.0,147753.0,41065.0,155789.0,34137.0,3583.0,5589070.0,202650.0,110917.0,226378.0,95590.0,0.0,1053013.0,0.0
2016-10-06,18156773.0,67787.0,19818.0,186587.0,909571.0,141637.0,271287.0,36044.0,25335.0,5348200.0,55863.0,49123.0,487216.0,51027.0,0.0,80754.0,0.0
2016-10-07,20682869.0,72163.0,24518.0,213982.0,385762.0,639243.0,321975.0,41477.0,14364.0,1477227.0,590344.0,203603.0,600204.0,80376.0,500.0,80754.0,0.0
2016-10-10,8087249.0,34648.0,33551.0,193402.0,114013.0,7054.0,87117.0,24976.0,37056.0,3205818.0,62321.0,34168.0,426352.0,26136.0,240.0,579500.0,0.0
2016-10-11,8087249.0,34648.0,33551.0,193402.0,114013.0,7054.0,87117.0,24976.0,37056.0,3205818.0,62321.0,34168.0,426352.0,26136.0,0.0,579500.0,2000.0
2016-10-12,13890889.0,104233.0,80526.0,215332.0,144345.0,706528.0,110307.0,22787.0,7292.0,4832934.0,31574.0,132771.0,1486.0,58357.0,0.0,68020.0,2000.0
2016-10-13,6663398.0,151906.0,54499.0,731961.0,693279.0,254726.0,425398.0,48233.0,792.0,6232165.0,154497.0,15942.0,560109.0,338760.0,4947.0,86136.0,11098.0
2016-10-14,6639393.0,72824.0,58368.0,381864.0,620409.0,300499.0,172066.0,9539.0,1871.0,2695587.0,182422.0,26514.0,328731.0,196181.0,0.0,165599.0,0.0
2016-10-17,0.0,0.0,0.0,0.0,0.0,0.0,0.0,0.0,0.0,0.0,0.0,0.0,0.0,0.0,0.0,0.0,0.0
2016-10-18,9053575.0,43994.0,214680.0,125328.0,169555.0,30207.0,118760.0,17496.0,6452.0,5632096.0,403627.0,453840.0,17605.0,116065.0,4060.0,6580.0,0.0
2016-10-19,9053575.0,43994.0,214680.0,125328.0,169555.0,30207.0,118760.0,17496.0,6452.0,5632096.0,403627.0,453840.0,17605.0,116065.0,4060.0,6580.0,61500.0
2016-10-20,18027001.0,125556.0,39878.0,69000.0,132289.0,127003.0,170482.0,96737.0,161.0,10360527.0,740061.0,75712.0,1023017.0,40976.0,0.0,152888.0,0.0
2016-10-21,10736148.0,16826.0,23413.0,28224.0,97174.0,31930.0,180297.0,120865.0,3202.0,1601100.0,25361.0,53783.0,75712.0,447222.0,0.0,92792.0,0.0
2016-10-24,9734124.0,102065.0,19826.0,147319.0,146965.0,190014.0,90889.0,10094.0,3818.0,7194064.0,30170.0,46563.0,967393.0,1407656.0,43657.0,1542.0,0.0
2016-10-25,9734124.0,102065.0,19826.0,147319.0,146965.0,190014.0,90889.0,10094.0,3818.0,7194064.0,30170.0,46563.0,967393.0,1407656.0,43657.0,1542.0,0.0
2016-10-26,3607885.0,38539.0,33729.0,89485.0,56997.0,449682.0,107969.0,6505.0,1261.0,3017344.0,344597.0,150313.0,195312.0,550235.0,20213.0,1284664.0,0.0
2016-10-27,15833976.0,58142.0,60176.0,65597.0,51479.0,1189880.0,95514.0,13329.0,732.0,3163119.0,193602.0,32971.0,54187.0,97814.0,3413.0,1284664.0,0.0
2016-10-28,9850192.0,50875.0,44345.0,228057.0,370952.0,53199.0,138138.0,65743.0,3861.0,3867678.0,334326.0,48989.0,336043.0,208374.0,8000.0,115413.0,4000.0
2016-10-31,8577900.0,341486.0,103011.0,526959.0,432264.0,141953.0,346170.0,101767.0,19798.0,6954356.0,250688.0,110448.0,279873.0,266532.0,0.0,1748887.0,0.0
2016-11-01,8577900.0,341486.0,103011.0,526959.0,432264.0,141953.0,346170.0,101767.0,19798.0,6954356.0,250688.0,110448.0,279873.0,266532.0,7500.0,1748887.0,0.0
2016-11-02,7643860.0,135893.0,40931.0,461139.0,111200.0,760556.0,99997.0,78486.0,832.0,1282100.0,71900.0,26167.0,910894.0,120761.0,7500.0,12746.0,0.0
2016-11-03,12591526.0,95340.0,53915.0,420445.0,176129.0,157097.0,171995.0,117012.0,7326.0,4461293.0,858273.0,171934.0,209401.0,69282.0,0.0,734838.0,0.0
2016-11-04,14872967.0,178327.0,67701.0,575065.0,874733.0,363653.0,147826.0,84492.0,14133.0,3477043.0,839071.0,775317.0,401612.0,320802.0,0.0,635959.0,0.0
2016-11-07,0.0,0.0,0.0,0.0,0.0,0.0,0.0,0.0,0.0,0.0,0.0,0.0,0.0,0.0,0.0,0.0,0.0
2016-11-08,5165744.0,532365.0,48521.0,211239.0,112410.0,57315.0,246290.0,21749.0,5058.0,2242445.0,18860.0,58127.0,569446.0,69766.0,0.0,53577.0,0.0
2016-11-09,5165744.0,532365.0,48521.0,211239.0,112410.0,57315.0,246290.0,21749.0,5058.0,2242445.0,18860.0,58127.0,569446.0,69766.0,35411.0,53577.0,22934.0
2016-11-10,7630838.0,67673.0,13364.0,121540.0,186904.0,50645.0,198851.0,67650.0,15539.0,1286943.0,20300.0,37130.0,215028.0,87226.0,35411.0,145958.0,22934.0
2016-11-11,18656840.0,329125.0,127362.0,799971.0,1145713.0,167921.0,317528.0,66657.0,15539.0,4607033.0,488390.0,237152.0,2412857.0,170996.0,1963.0,2459876.0,0.0
2016-11-14,0.0,0.0,0.0,0.0,0.0,0.0,0.0,0.0,0.0,0.0,0.0,0.0,0.0,0.0,0.0,0.0,0.0
2016-11-15,11375592.0,324113.0,138106.0,524294.0,576731.0,167068.0,304022.0,49852.0,721.0,6864044.0,64774.0,108965.0,257352.0,146057.0,47000.0,346199.0,0.0
2016-11-16,6880573.0,249381.0,83228.0,407485.0,445652.0,730545.0,298587.0,41446.0,13766.0,3143083.0,127721.0,151687.0,511203.0,220193.0,0.0,861478.0,0.0
2016-11-17,8867645.0,255700.0,91742.0,166231.0,587827.0,80181.0,405883.0,84691.0,2489.0,3885785.0,682667.0,41153.0,63165.0,216342.0,0.0,667294.0,0.0
2016-11-18,5265385.0,131733.0,62185.0,134987.0,494958.0,78899.0,151853.0,254335.0,8053.0,1642473.0,292101.0,177529.0,50000.0,41122.0,0.0,12600.0,0.0
2016-11-21,8446754.0,140658.0,145245.0,225017.0,462597.0,73410.0,68109.0,71994.0,5411.0,5940492.0,145570.0,111888.0,136580.0,77673.0,415.0,75710.0,0.0
2016-11-22,9738669.0,83381.0,100266.0,169523.0,293021.0,64718.0,326460.0,86144.0,7529.0,5126315.0,138964.0,185362.0,840550.0,175841.0,13520.0,192086.0,0.0
2016-11-23,2808026.0,137922.0,42596.0,83196.0,222777.0,161345.0,159131.0,93750.0,46931.0,1970621.0,411325.0,254628.0,1849075.0,344157.0,48200.0,448943.0,170000.0
2016-11-24,876322.0,152985.0,29804.0,110755.0,25532.0,34690.0,60931.0,0.0,2962.0,571263.0,12272.0,17077.0,73605.0,31739.0,13128.0,0.0,0.0
2016-11-25,5060184.0,180519.0,168892.0,88593.0,161527.0,26606.0,128441.0,87512.0,12548.0,1220168.0,317576.0,48603.0,340778.0,60008.0,2045.0,182058.0,13869.0
2016-11-28,6409321.0,127637.0,126935.0,300074.0,187066.0,291180.0,205052.0,82997.0,7126.0,1880457.0,349614.0,80798.0,308779.0,153314.0,100155.0,140103.0,0.0
2016-11-29,9470046.0,361997.0,377109.0,135793.0,391293.0,118317.0,192394.0,43672.0,3785.0,4584655.0,72515.0,106221.0,2688928.0,107028.0,9343.0,380182.0,0.0
2016-11-30,29076862.0,662579.0,1265703.0,569341.0,665334.0,240833.0,908561.0,10461226.0,99035.0,8265108.0,666685.0,617386.0,2446691.0,101750.0,1208.0,2391406.0,1570.0
2016-12-01,16409961.0,673337.0,570313.0,147564.0,452119.0,31308.0,209040.0,47420.0,2380.0,3138522.0,56225.0,173858.0,4744447.0,74726.0,0.0,155934.0,3105.0
2016-12-02,5608226.0,579588.0,314989.0,462387.0,241577.0,195166.0,55353.0,19842.0,8182.0,2719384.0,194761.0,65545.0,566581.0,188534.0,0.0,0.0,0.0
2016-12-05,4941022.0,303397.0,76057.0,76955.0,290969.0,86872.0,85759.0,176357.0,6266.0,5709379.0,382583.0,76157.0,543244.0,79688.0,32124.0,182744.0,7000.0
2016-12-06,11906490.0,133715.0,134788.0,536141.0,263195.0,139392.0,135655.0,38855.0,9897.0,5871464.0,119901.0,84633.0,838210.0,19545.0,1500.0,133243.0,74124.0
2016-12-07,6999927.0,386838.0,120097.0,203010.0,521712.0,416157.0,65051.0,417442.0,733.0,3546315.0,439679.0,151891.0,430974.0,89807.0,2606.0,328797.0,0.0
2016-12-08,0.0,0.0,0.0,0.0,0.0,0.0,0.0,0.0,0.0,0.0,0.0,0.0,0.0,0.0,0.0,0.0,0.0
2016-12-09,3897613.0,187814.0,83948.0,506962.0,820263.0,267884.0,166429.0,529577.0,2129.0,6259821.0,189215.0,117783.0,325566.0,211596.0,0.0,18100.0,0.0
2016-12-12,13877428.0,118068.0,14859.0,161614.0,427482.0,68789.0,79954.0,234997.0,1469.0,3261820.0,182891.0,78458.0,6165751.0,105102.0,87377.0,442339.0,0.0
2016-12-13,14539716.0,133918.0,68403.0,241903.0,444799.0,169523.0,2228415.0,3517674.0,18898.0,2956270.0,121492.0,223393.0,218622.0,113834.0,0.0,405416.0,0.0
2016-12-14,14980472.0,204335.0,100530.0,1106018.0,349507.0,101241.0,162069.0,146802.0,16376.0,2824523.0,174716.0,50549.0,586594.0,129272.0,0.0,927244.0,0.0
2016-12-15,10190683.0,163685.0,30732.0,442011.0,740998.0,129950.0,113427.0,2743445.0,11609.0,2471670.0,206353.0,142655.0,693776.0,24020.0,0.0,222749.0,2665.0
2016-12-16,22117156.0,304577.0,111254.0,625497.0,576077.0,298140.0,362413.0,70244.0,9141.0,23497239.0,123520.0,128724.0,368242.0,151094.0,5000.0,314620.0,394.0
2016-12-19,10852892.0,120893.0,86075.0,891677.0,387682.0,5608.0,264169.0,725382.0,2056.0,2274140.0,76390.0,61124.0,582669.0,187829.0,0.0,962954.0,9919.0
2016-12-20,8196426.0,181089.0,151057.0,137373.0,319061.0,60348.0,202350.0,68873.0,2785.0,1959321.0,198652.0,180109.0,1311559.0,106465.0,0.0,269550.0,0.0
2016-12-21,6050319.0,217935.0,46073.0,139702.0,328325.0,82107.0,157357.0,71988.0,3539.0,6243625.0,281044.0,128637.0,1175668.0,98374.0,233500.0,946791.0,0.0
2016-12-22,5378113.0,171916.0,147050.0,441482.0,217568.0,76853.0,228341.0,671110.0,25447.0,2964087.0,170990.0,118695.0,576665.0,69895.0,99860.0,549255.0,28852.0
2016-12-23,6284310.0,105993.0,80655.0,273209.0,158271.0,20581.0,79478.0,21438.0,4560.0,1465857.0,75734.0,67700.0,507458.0,125301.0,53410.0,88114.0,13267.0
2016-12-26,834312.0,78296.0,74928.0,141434.0,55847.0,20889.0,60602.0,67789.0,14266.0,1959141.0,49376.0,94001.0,54129.0,59772.0,17500.0,37569.0,0.0
2016-12-27,3047440.0,11319.0,26408.0,95075.0,200757.0,30577.0,14258.0,31631.0,196.0,700600.0,63894.0,20282.0,61482.0,32131.0,0.0,221557.0,0.0
2016-12-28,3569257.0,93602.0,62909.0,262159.0,352815.0,17149.0,101405.0,8088.0,1740.0,1888715.0,111945.0,28558.0,126980.0,23038.0,0.0,36300.0,4554.0
2016-12-29,2905127.0,110208.0,61013.0,163290.0,156532.0,18565.0,116161.0,24704.0,2044.0,1249313.0,48310.0,39389.0,57441.0,29257.0,100000.0,290.0,0.0
2016-12-30,0.0,0.0,0.0,0.0,0.0,0.0,0.0,0.0,0.0,0.0,0.0,0.0,0.0,0.0,0.0,0.0,0.0
2017-01-02,249910.0,26405.0,17228.0,10524.0,60105.0,3625.0,3553.0,4798.0,0.0,753787.0,5680.0,1868.0,10700.0,6.0,5499.0,0.0,0.0
2017-01-03,7339088.0,84698.0,14916.0,76867.0,121234.0,17120.0,25929.0,31151.0,1438.0,3178568.0,24185.0,16410.0,76704.0,82170.0,0.0,11050.0,0.0
2017-01-04,9999689.0,79144.0,37175.0,139152.0,124735.0,40178.0,141760.0,108338.0,615.0,3551541.0,69441.0,21667.0,64720.0,468500.0,0.0,439492.0,0.0
2017-01-05,11357751.0,85879.0,176484.0,962532.0,218496.0,22164.0,232107.0,37133.0,23867.0,4053904.0,241019.0,53319.0,104680.0,190719.0,0.0,648150.0,0.0
2017-01-06,8716044.0,134839.0,233166.0,164581.0,133660.0,33669.0,135658.0,33671.0,4739.0,2446045.0,50674.0,34356.0,72146.0,93612.0,0.0,243408.0,0.0
2017-01-09,0.0,0.0,0.0,0.0,0.0,0.0,0.0,0.0,0.0,0.0,0.0,0.0,0.0,0.0,0.0,0.0,0.0
2017-01-10,2877399.0,57950.0,172962.0,228809.0,185305.0,64001.0,117223.0,53637.0,2028.0,2721950.0,232992.0,18194.0,710852.0,367238.0,45496.0,206928.0,0.0
2017-01-11,6672875.0,72014.0,31766.0,124983.0,127376.0,55464.0,242736.0,144270.0,4428.0,5452487.0,1622136.0,129026.0,525646.0,40774.0,191.0,274775.0,510.0
2017-01-12,13447512.0,182588.0,34304.0,297958.0,695821.0,37219.0,157221.0,1145241.0,5476.0,4617276.0,2970334.0,63946.0,1835880.0,76271.0,0.0,538856.0,6000.0
2017-01-13,6462155.0,50471.0,25973.0,133744.0,55651.0,37582.0,40191.0,20744.0,67797.0,918118.0,372552.0,56056.0,679468.0,16289.0,2910.0,70542.0,2000.0
2017-01-16,386205.0,16526.0,1788.0,39564.0,14917.0,8184.0,37444.0,22026.0,957.0,379595.0,18321.0,18546.0,149762.0,19946.0,0.0,2105.0,0.0
2017-01-17,8325466.0,54080.0,22668.0,161459.0,89402.0,34237.0,51962.0,199783.0,3870.0,939212.0,1022318.0,94690.0,1587209.0,115786.0,500.0,169015.0,0.0
2017-01-18,8890258.0,64288.0,39444.0,477181.0,522388.0,22388.0,43781.0,15833.0,853.0,1102852.0,343591.0,49260.0,474613.0,13867.0,0.0,119052.0,0.0
2017-01-19,6984803.0,236083.0,206942.0,770784.0,706036.0,90914.0,91517.0,100782.0,3486.0,3066184.0,560267.0,237042.0,209277.0,67599.0,0.0,82914.0,0.0
2017-01-20,6224751.0,165931.0,38546.0,75085.0,89001.0,18192.0,102743.0,65751.0,7735.0,4373151.0,1207114.0,25716.0,275423.0,40013.0,0.0,636.0,0.0
2017-01-23,9830033.0,178948.0,116682.0,287140.0,251877.0,35704.0,103708.0,90095.0,8900.0,3715900.0,211436.0,91523.0,1417087.0,81467.0,0.0,499500.0,0.0
2017-01-24,6699039.0,140289.0,136001.0,248735.0,106360.0,85003.0,184123.0,476639.0,4567.0,2187152.0,1108341.0,119197.0,2138357.0,92307.0,1591.0,168936.0,0.0
2017-01-25,27471002.0,95806.0,32100.0,904966.0,39740.0,87959.0,174436.0,140362.0,16265.0,2752786.0,503831.0,25335.0,1657844.0,268161.0,0.0,363750.0,0.0
2017-01-26,5022399.0,252227.0,65565.0,413102.0,460039.0,375724.0,123718.0,219149.0,1937.0,7144116.0,774461.0,92178.0,2505924.0,112486.0,3000.0,64925.0,0.0
2017-01-27,8667913.0,92466.0,23147.0,701271.0,881637.0,164782.0,134271.0,289620.0,3873.0,16081291.0,2053980.0,150960.0,174182.0,169430.0,0.0,227214.0,0.0
2017-01-30,22727812.0,123853.0,53434.0,177303.0,111480.0,77743.0,101909.0,53793.0,9563.0,6239054.0,537249.0,322508.0,312062.0,18074.0,9909.0,94383.0,0.0
2017-01-31,9563074.0,340355.0,189899.0,749124.0,637070.0,296839.0,749111.0,1830266.0,59350.0,8552027.0,711032.0,680300.0,585340.0,466284.0,45055.0,1544227.0,19054.0
2017-02-01,5678202.0,305551.0,88220.0,270287.0,208915.0,27784.0,120241.0,23467.0,3612.0,2869018.0,712852.0,116672.0,582566.0,190077.0,0.0,125018.0,0.0
2017-02-02,13291369.0,161451.0,76414.0,2167268.0,276041.0,50379.0,231168.0,127987.0,10827.0,2320737.0,383008.0,250294.0,191059.0,176169.0,0.0,499438.0,0.0
2017-02-03,4463303.0,108669.0,55023.0,259443.0,105768.0,27508.0,75618.0,117795.0,3528.0,5553691.0,192552.0,198123.0,1361190.0,68309.0,0.0,289700.0,10000.0
2017-02-06,26388871.0,146166.0,125645.0,268834.0,4445148.0,99484.0,106252.0,25817.0,1476.0,1969146.0,25704.0,60353.0,248686.0,49736.0,0.0,55840.0,0.0
2017-02-07,24528989.0,38938.0,12622.0,492621.0,328093.0,180519.0,64610.0,80418.0,8050.0,4401299.0,654336.0,129439.0,505080.0,36230.0,1000.0,158067.0,3049.0
2017-02-08,28493735.0,117637.0,73006.0,293697.0,335617.0,191827.0,447275.0,91910.0,11928.0,5714430.0,328662.0,139668.0,418121.0,595247.0,0.0,321789.0,5717.0
2017-02-09,9602541.0,131967.0,57904.0,480039.0,132458.0,72830.0,130486.0,80408.0,13435.0,5819236.0,1088609.0,492973.0,341957.0,134398.0,0.0,270582.0,0.0
2017-02-10,8805701.0,99219.0,13753.0,162295.0,151577.0,517586.0,158924.0,105774.0,4688.0,4516112.0,531141.0,499029.0,419727.0,78558.0,0.0,146964.0,10672.0
2017-02-13,6766381.0,104385.0,25463.0,368818.0,199159.0,55401.0,108949.0,75414.0,49480.0,4054734.0,418693.0,421952.0,267945.0,14809.0,540.0,88912.0,10505.0
2017-02-14,11704126.0,194092.0,61212.0,472400.0,621772.0,164160.0,230517.0,97896.0,57290.0,15616215.0,580106.0,1353422.0,452917.0,61635.0,0.0,544834.0,10945.0
2017-02-15,14899103.0,135249.0,57702.0,558711.0,689025.0,641582.0,222568.0,198315.0,33347.0,16698512.0,185380.0,827887.0,97322.0,88996.0,4238.0,143660.0,2592.0
2017-02-16,9663043.0,54432.0,78678.0,315687.0,189759.0,77620.0,119596.0,79285.0,11110.0,5288936.0,277305.0,880184.0,191018.0,139383.0,0.0,315078.0,0.0
2017-02-17,12850188.0,106098.0,60732.0,275912.0,224348.0,88031.0,326535.0,108934.0,12755.0,3552294.0,235502.0,364126.0,395811.0,57870.0,0.0,434274.0,3049.0
2017-02-20,687219.0,3871.0,10074.0,176382.0,36155.0,36462.0,5352.0,1248.0,474.0,262275.0,185856.0,51058.0,123127.0,16064.0,0.0,293664.0,1052.0
2017-02-21,8547107.0,185828.0,43700.0,404700.0,460508.0,788454.0,102153.0,390894.0,8246.0,4197604.0,341700.0,302412.0,6605241.0,93369.0,81666.0,486312.0,10000.0
2017-02-22,15587660.0,227807.0,78820.0,244326.0,107656.0,75912.0,89896.0,21613.0,7420.0,5602377.0,453778.0,92157.0,271860.0,50760.0,0.0,92107.0,6775.0
2017-02-23,13220253.0,209097.0,50550.0,705452.0,898462.0,172022.0,262768.0,1149523.0,22827.0,16676088.0,1197278.0,220123.0,1784048.0,59184.0,0.0,16020.0,0.0
2017-02-24,12353982.0,23727.0,35763.0,1280788.0,117950.0,92626.0,60423.0,112523.0,2707.0,4498473.0,2095032.0,270940.0,1726345.0,85527.0,1991.0,398154.0,2000.0
2017-02-27,5271081.0,54235.0,47496.0,200067.0,164321.0,92147.0,86138.0,17090.0,6679.0,1501388.0,251813.0,134093.0,89775.0,484228.0,0.0,171195.0,0.0
2017-02-28,5346119.0,282803.0,138828.0,415313.0,282474.0,130147.0,2286034.0,178180.0,117858.0,5955211.0,246731.0,188795.0,2794750.0,169891.0,4000.0,579260.0,0.0
2017-03-01,8058912.0,282305.0,56463.0,304618.0,197182.0,151676.0,59309.0,80485.0,7831.0,2668578.0,264455.0,197340.0,3153663.0,301974.0,0.0,334873.0,0.0
2017-03-02,7680603.0,181161.0,101251.0,423820.0,250660.0,213204.0,418190.0,96869.0,7492.0,14787798.0,290848.0,69505.0,610926.0,72359.0,4342.0,402294.0,0.0
2017-03-03,7766438.0,329098.0,168638.0,155972.0,74534.0,153550.0,52457.0,23713.0,344.0,713126.0,152260.0,120476.0,953.0,86081.0,0.0,106340.0,0.0
2017-03-06,6423917.0,4680177.0,413637.0,202935.0,185353.0,80724.0,43884.0,24232.0,400.0,2801087.0,199104.0,207991.0,248218.0,25475.0,0.0,76000.0,0.0
2017-03-07,9531697.0,240880.0,60482.0,480742.0,354415.0,186206.0,168908.0,47916.0,9631.0,2864256.0,593534.0,398878.0,73176.0,95847.0,50558.0,513028.0,0.0
2017-03-08,10389203.0,61471.0,17683.0,160680.0,402715.0,9600.0,3875023.0,1772554.0,1367.0,23536186.0,58677.0,1084944.0,977928.0,73260.0,69.0,54175.0,1970.0
2017-03-09,7672648.0,179434.0,53163.0,1038696.0,382695.0,99982.0,207728.0,67882.0,12218.0,4548287.0,357504.0,240319.0,162055.0,118407.0,0.0,496725.0,8030.0
2017-03-10,5133200.0,114016.0,68252.0,151238.0,207156.0,325346.0,123223.0,33619.0,6353.0,1778358.0,167640.0,177291.0,68531.0,80304.0,181081.0,471100.0,1970.0
2017-03-13,5360239.0,72288.0,149444.0,267712.0,371954.0,365381.0,96408.0,18988.0,240.0,2173397.0,111405.0,301425.0,31207.0,25784.0,0.0,328489.0,0.0
2017-03-14,11979389.0,197054.0,163908.0,235935.0,305437.0,204195.0,161278.0,74541.0,21679.0,2756349.0,586902.0,195641.0,88975.0,50840.0,0.0,510100.0,0.0
2017-03-15,9120595.0,114931.0,166633.0,279199.0,228003.0,176196.0,81960.0,37462.0,5344.0,1084122.0,367399.0,69886.0,3229776.0,126989.0,2119.0,134840.0,1000.0
2017-03-16,10086763.0,109395.0,76154.0,305269.0,273221.0,238195.0,526668.0,196995.0,14979.0,3120510.0,546769.0,169826.0,2622512.0,145909.0,1000.0,123875.0,316372.0
2017-03-17,26058899.0,681288.0,568950.0,1708334.0,1126362.0,345730.0,1557241.0,147804.0,75754.0,24136023.0,1288318.0,498796.0,197972.0,611488.0,0.0,205176.0,51147.0
2017-03-20,0.0,0.0,0.0,0.0,0.0,0.0,0.0,0.0,0.0,0.0,0.0,0.0,0.0,0.0,0.0,0.0,0.0
2017-03-21,12050259.0,137759.0,176724.0,333409.0,200578.0,88875.0,169850.0,6060.0,6494.0,3426211.0,173382.0,384565.0,29537.0,23624.0,0.0,454249.0,27669.0
2017-03-22,14641088.0,107785.0,40371.0,406446.0,293990.0,313730.0,164909.0,41628.0,985.0,3012864.0,424980.0,212385.0,179680.0,106509.0,2045.0,3740704.0,2564.0
2017-03-23,7215440.0,241772.0,189587.0,525072.0,325200.0,97313.0,309797.0,135816.0,20493.0,8443208.0,633929.0,209385.0,623113.0,115653.0,11764.0,818252.0,11713.0
2017-03-24,4342717.0,64987.0,79664.0,153386.0,122714.0,58062.0,100202.0,36613.0,5733.0,850606.0,59957.0,166676.0,137858.0,59027.0,71411.0,320680.0,2080.0
2017-03-27,11931617.0,96386.0,26497.0,157242.0,93737.0,31684.0,64557.0,34299.0,5899.0,2649039.0,340785.0,97783.0,230378.0,45826.0,0.0,333781.0,0.0
2017-03-28,9334419.0,85030.0,68939.0,444190.0,164606.0,175798.0,103626.0,34421.0,4546.0,3444965.0,759528.0,90317.0,825805.0,148076.0,14148.0,242035.0,60000.0
2017-03-29,8208901.0,79646.0,48082.0,145689.0,226857.0,102585.0,145756.0,15330.0,2524.0,3350211.0,271017.0,97708.0,97585.0,91428.0,1285.0,93989.0,2668.0
2017-03-30,7329544.0,102810.0,63021.0,275283.0,255504.0,52686.0,306100.0,112148.0,5844.0,3973266.0,326350.0,448747.0,716360.0,164088.0,536764.0,147123.0,0.0
2017-03-31,3900736.0,127192.0,99834.0,202970.0,222182.0,92574.0,180145.0,53226.0,20371.0,1817003.0,284839.0,123101.0,35970.0,69840.0,11000.0,34000.0,29475.0
2017-04-03,6498200.0,136175.0,64569.0,279764.0,131928.0,28815.0,190070.0,4152.0,51193.0,696679.0,415294.0,66379.0,79979.0,170808.0,300.0,531580.0,2697.0
2017-04-04,8804619.0,1148856.0,1957118.0,243234.0,352922.0,351038.0,114686.0,76241.0,27685.0,2457723.0,248615.0,73254.0,116927.0,110442.0,0.0,833373.0,0.0
2017-04-05,24141835.0,166962.0,143834.0,622587.0,745688.0,486669.0,156135.0,87220.0,15397.0,3449074.0,237550.0,401691.0,199477.0,299531.0,0.0,330185.0,0.0
2017-04-06,13404523.0,44858.0,31913.0,194836.0,64966.0,50406.0,93283.0,214792.0,39814.0,2540981.0,252967.0,85526.0,71057.0,276497.0,0.0,255878.0,0.0
2017-04-07,13237263.0,80819.0,108863.0,534074.0,198444.0,46570.0,251730.0,162319.0,40897.0,2090393.0,191548.0,65001.0,159695.0,49124.0,0.0,174268.0,0.0
2017-04-10,7498767.0,224492.0,300371.0,141128.0,152139.0,24270.0,65038.0,15227.0,5319.0,8410053.0,191470.0,19448.0,11570.0,27455.0,3000.0,257047.0,0.0
2017-04-11,14016447.0,136270.0,153817.0,395412.0,212371.0,21658.0,131486.0,38276.0,1385.0,6503420.0,199536.0,72391.0,10953.0,112171.0,0.0,804466.0,0.0
2017-04-12,8407318.0,344853.0,116649.0,1522728.0,381856.0,1930.0,237694.0,15500.0,1381.0,6062581.0,36857.0,36345.0,40184.0,37341.0,25472.0,33986.0,0.0
2017-04-13,0.0,0.0,0.0,0.0,0.0,0.0,0.0,0.0,0.0,0.0,0.0,0.0,0.0,0.0,0.0,0.0,0.0
2017-04-14,0.0,0.0,0.0,0.0,0.0,0.0,0.0,0.0,0.0,0.0,0.0,0.0,0.0,0.0,0.0,0.0,0.0
2017-04-17,10285199.0,54977.0,56016.0,278118.0,58786.0,78050.0,65126.0,27346.0,4026.0,1306385.0,250064.0,62496.0,24181.0,41082.0,0.0,73947.0,2668.0
2017-04-18,6393254.0,55249.0,67048.0,403244.0,123338.0,37001.0,119332.0,87446.0,5385.0,2437272.0,183428.0,171888.0,75281.0,208502.0,0.0,252030.0,37934.0
2017-04-19,27128593.0,393017.0,136873.0,1317685.0,1393329.0,567215.0,193782.0,62865.0,50330.0,4675699.0,539201.0,174519.0,231340.0,184546.0,32000.0,805815.0,380000.0
2017-04-20,22497483.0,119980.0,151607.0,526213.0,323182.0,93770.0,118718.0,49970.0,26037.0,1907553.0,1419799.0,116033.0,505033.0,70263.0,5830.0,108000.0,0.0
2017-04-21,14808557.0,80394.0,128233.0,275413.0,65126.0,54316.0,111585.0,17675.0,2896.0,1150565.0,34490.0,76915.0,511750.0,135107.0,0.0,438967.0,0.0
2017-04-24,11794674.0,152552.0,381565.0,235423.0,587580.0,640900.0,63925.0,65261.0,7122.0,7646279.0,102886.0,122995.0,658121.0,54141.0,3500.0,623932.0,2000.0
2017-04-25,11079811.0,192666.0,240955.0,207446.0,124931.0,99484.0,223119.0,61028.0,6103.0,3355632.0,417447.0,206219.0,185814.0,49547.0,0.0,294561.0,5336.0
2017-04-26,13528444.0,173941.0,99436.0,169897.0,236036.0,245038.0,164013.0,180117.0,18573.0,3836906.0,253332.0,170186.0,10001.0,199449.0,0.0,591921.0,0.0
2017-04-27,20157914.0,372592.0,288636.0,758034.0,2499353.0,41498.0,169845.0,54958.0,6661.0,9995731.0,22433.0,121710.0,2227739.0,33925.0,0.0,973014.0,60000.0
2017-04-28,10777353.0,317148.0,530140.0,410262.0,296074.0,227914.0,237648.0,24250.0,35588.0,6460000.0,403659.0,112143.0,1045543.0,507263.0,11000.0,2781720.0,0.0
2017-05-01,0.0,0.0,0.0,0.0,0.0,0.0,0.0,0.0,0.0,0.0,0.0,0.0,0.0,0.0,0.0,0.0,0.0
2017-05-02,19571150.0,80571.0,74139.0,286800.0,184471.0,112301.0,144951.0,63691.0,23963.0,4564525.0,236679.0,147519.0,727511.0,96497.0,17000.0,1441055.0,0.0
2017-05-03,12986004.0,90881.0,74155.0,99461.0,56190.0,79873.0,66869.0,31541.0,13441.0,6293868.0,196906.0,243005.0,757859.0,110400.0,0.0,1320590.0,5336.0
2017-05-04,26090881.0,118948.0,263213.0,182862.0,158443.0,55624.0,272005.0,26892.0,3840.0,3696498.0,932994.0,239781.0,479934.0,88317.0,88625.0,534940.0,566428.0
2017-05-05,24208051.0,41844.0,98964.0,179204.0,171237.0,153458.0,276695.0,280280.0,2334.0,2339625.0,696645.0,255191.0,1058021.0,261311.0,86535.0,1247883.0,1000.0
2017-05-08,15644413.0,995215.0,124558.0,383357.0,244181.0,270044.0,220620.0,236217.0,25930.0,4415000.0,1757665.0,418517.0,945604.0,266630.0,0.0,1866270.0,0.0
2017-05-09,11939098.0,171343.0,122526.0,482033.0,382393.0,1016258.0,317791.0,224902.0,11379.0,5293424.0,548220.0,376939.0,212955.0,341008.0,0.0,730212.0,0.0
2017-05-10,21505317.0,242733.0,217123.0,421826.0,287377.0,131803.0,276446.0,120720.0,18927.0,6449722.0,446700.0,306886.0,442578.0,235089.0,0.0,2251910.0,0.0
2017-05-11,30895373.0,204691.0,156650.0,591900.0,296182.0,596631.0,138923.0,151374.0,9498.0,8802508.0,181121.0,246045.0,347966.0,329356.0,26000.0,1763297.0,36225.0
2017-05-12,43538557.0,562379.0,695844.0,716940.0,1367343.0,1223352.0,611346.0,990670.0,29406.0,14214433.0,2897823.0,152235.0,1794462.0,318966.0,19846.0,1194145.0,1082392.0
2017-05-15,0.0,0.0,0.0,0.0,0.0,0.0,0.0,0.0,0.0,0.0,0.0,0.0,0.0,0.0,0.0,0.0,0.0
2017-05-16,14860687.0,436151.0,187062.0,398587.0,394171.0,244687.0,221875.0,229846.0,5972.0,7120983.0,894158.0,855046.0,338450.0,335113.0,0.0,1913592.0,0.0
2017-05-17,23903104.0,217661.0,130073.0,545198.0,384852.0,149674.0,385791.0,410542.0,15337.0,4366727.0,433471.0,565703.0,19929.0,312994.0,0.0,956604.0,0.0
2017-05-18,17600140.0,185381.0,107978.0,588735.0,669238.0,426719.0,141209.0,162171.0,5864.0,3414586.0,510256.0,142145.0,1103846.0,181228.0,18145.0,651822.0,189970.0
2017-05-19,10869792.0,382998.0,1036426.0,1313801.0,348604.0,367470.0,165086.0,129421.0,13473.0,4727883.0,437319.0,294347.0,648563.0,243528.0,0.0,1000867.0,0.0
2017-05-22,10314404.0,54758.0,132200.0,652397.0,119352.0,37334.0,122478.0,57212.0,193.0,5434232.0,64674.0,95316.0,1582502.0,481556.0,0.0,413564.0,1000.0
2017-05-23,8998082.0,313649.0,314339.0,1047997.0,314704.0,198684.0,247904.0,68077.0,8368.0,3336595.0,639897.0,365111.0,200633.0,146201.0,8800.0,974590.0,0.0
2017-05-24,11777085.0,237099.0,434566.0,1379377.0,609768.0,180889.0,339699.0,121823.0,4980.0,6743268.0,1218542.0,296601.0,11743.0,604923.0,0.0,823435.0,0.0
2017-05-25,13614716.0,117387.0,61435.0,915117.0,429139.0,169246.0,195970.0,37502.0,4109.0,3039756.0,160936.0,182012.0,1011057.0,100150.0,0.0,218176.0,0.0
2017-05-26,7877184.0,131640.0,31646.0,1287032.0,310299.0,27598.0,256820.0,13194.0,17685.0,1456751.0,687525.0,418393.0,412199.0,67743.0,1597803.0,584308.0,0.0
2017-05-29,0.0,0.0,0.0,0.0,0.0,0.0,0.0,0.0,0.0,0.0,0.0,0.0,0.0,0.0,0.0,0.0,0.0
2017-05-30,4664602.0,186397.0,43109.0,1679081.0,330331.0,535392.0,99220.0,32822.0,1177.0,2153245.0,374742.0,456804.0,53237.0,65342.0,0.0,250777.0,0.0
2017-05-31,46994696.0,531364.0,1579296.0,7564317.0,1512343.0,339584.0,823076.0,148381.0,11876.0,13414697.0,435812.0,9759348.0,1929407.0,182073.0,0.0,875746.0,0.0
2017-06-01,12674947.0,53555.0,150854.0,699958.0,355814.0,79597.0,168382.0,68446.0,27017.0,13259475.0,143300.0,574451.0,20176.0,124719.0,9153.0,1800563.0,1000.0
2017-06-02,16151516.0,2579651.0,808559.0,508394.0,130738.0,80974.0,66116.0,21113.0,11753.0,3926008.0,104348.0,346302.0,552718.0,64195.0,0.0,63370.0,0.0
2017-06-05,16269845.0,145834.0,65293.0,270802.0,190732.0,24770.0,128474.0,34081.0,3696.0,3205853.0,127205.0,532276.0,920246.0,54287.0,17100.0,167979.0,0.0
2017-06-06,14538874.0,189489.0,79941.0,903598.0,93768.0,26680.0,88049.0,31045.0,7743.0,2839433.0,300991.0,663126.0,368744.0,170160.0,0.0,703391.0,0.0
2017-06-07,9703217.0,213222.0,693617.0,337274.0,725537.0,24017.0,153234.0,69208.0,9029.0,3315073.0,407657.0,177706.0,522699.0,218139.0,10200.0,236007.0,0.0
2017-06-08,12692206.0,1185083.0,106283.0,515861.0,675689.0,80024.0,282251.0,385867.0,28582.0,7522772.0,379569.0,529763.0,302975.0,260640.0,1000.0,527986.0,191000.0
2017-06-09,9118491.0,84497.0,18945.0,333590.0,156726.0,52887.0,84855.0,17789.0,2365.0,13221830.0,161600.0,154796.0,2262644.0,47516.0,25000.0,415883.0,101466.0
2017-06-12,6973881.0,123737.0,62184.0,234500.0,145376.0,48055.0,74668.0,32262.0,7212.0,2503669.0,6362.0,108750.0,486154.0,88043.0,0.0,6569.0,1004.0
2017-06-13,5099728.0,42840.0,14468.0,472672.0,282506.0,26553.0,88276.0,66204.0,493.0,3092498.0,23831.0,137984.0,66855.0,133651.0,0.0,470722.0,0.0
2017-06-14,22489612.0,341297.0,166244.0,552460.0,488241.0,232905.0,151846.0,18294.0,968.0,12543091.0,251870.0,287766.0,172490.0,35502.0,29469.0,1739866.0,9160.0
2017-06-15,4867454.0,162656.0,98161.0,315777.0,422962.0,98473.0,47854.0,180993.0,8464.0,4710875.0,566410.0,46143.0,346194.0,87490.0,0.0,1594401.0,8294.0
2017-06-16,12416427.0,687807.0,766203.0,1163147.0,1919883.0,350256.0,224693.0,97988.0,17578.0,17868446.0,528936.0,123927.0,30017.0,179618.0,0.0,463604.0,921.0
2017-06-19,0.0,0.0,0.0,0.0,0.0,0.0,0.0,0.0,0.0,0.0,0.0,0.0,0.0,0.0,0.0,0.0,0.0
2017-06-20,17642206.0,435248.0,253817.0,428995.0,817642.0,75669.0,97501.0,14825.0,11697.0,8457326.0,173553.0,112341.0,553177.0,71371.0,0.0,445764.0,1041.0
2017-06-21,15889850.0,343441.0,101681.0,300362.0,1265810.0,43599.0,337386.0,155461.0,9646.0,3265492.0,24202.0,206957.0,761243.0,810724.0,0.0,650398.0,200000.0
2017-06-22,6005698.0,262830.0,64140.0,407780.0,362555.0,38894.0,100378.0,19362.0,4942.0,4148756.0,106951.0,55542.0,768920.0,92670.0,0.0,879895.0,0.0
2017-06-23,4290734.0,119390.0,19409.0,255305.0,468768.0,126441.0,74449.0,48779.0,3920.0,1938371.0,126663.0,93328.0,1405825.0,39764.0,0.0,666423.0,592500.0
2017-06-26,0.0,0.0,0.0,0.0,0.0,0.0,0.0,0.0,0.0,0.0,0.0,0.0,0.0,0.0,0.0,0.0,0.0
2017-06-27,6420355.0,125801.0,27480.0,255299.0,517958.0,26061.0,253209.0,32982.0,7361.0,1610250.0,30702.0,68595.0,45950.0,234330.0,0.0,516421.0,69804.0
2017-06-28,15469295.0,198229.0,66265.0,431495.0,70847.0,81266.0,21825.0,33216.0,0.0,2007848.0,61400.0,144147.0,338251.0,55780.0,6533.0,1510513.0,5008650.0
2017-06-29,9496004.0,253414.0,18092.0,393465.0,328145.0,92853.0,57855.0,10370.0,10571.0,6330871.0,549323.0,256230.0,181865.0,166799.0,0.0,795496.0,0.0
2017-06-30,11130778.0,566315.0,68463.0,611882.0,456643.0,102792.0,353100.0,39995.0,13748.0,4593909.0,177133.0,167685.0,182747.0,309931.0,0.0,797514.0,33050.0
2017-07-03,0.0,0.0,0.0,0.0,0.0,0.0,0.0,0.0,0.0,0.0,0.0,0.0,0.0,0.0,0.0,0.0,0.0
2017-07-04,4932486.0,201662.0,199200.0,177194.0,125974.0,8785.0,66586.0,46252.0,1664.0,1014667.0,67076.0,60733.0,23560.0,151416.0,10788.0,444439.0,28000.0
2017-07-05,0.0,0.0,0.0,0.0,0.0,0.0,0.0,0.0,0.0,0.0,0.0,0.0,0.0,0.0,0.0,0.0,0.0
2017-07-06,8156033.0,177925.0,281916.0,331970.0,129151.0,154311.0,134324.0,52140.0,64606.0,5726541.0,360729.0,399618.0,128039.0,71904.0,0.0,399013.0,0.0
2017-07-07,5719603.0,42012.0,19476.0,274560.0,32011.0,54338.0,26833.0,8630.0,590.0,3290420.0,80900.0,102377.0,102353.0,24257.0,152263.0,225388.0,71115.0
2017-07-10,2245278.0,47154.0,18540.0,120633.0,27711.0,23630.0,27656.0,14355.0,6771.0,1082439.0,53929.0,83353.0,80016.0,38103.0,1597.0,487335.0,70000.0
2017-07-11,7743433.0,90269.0,58479.0,210066.0,486055.0,102227.0,85322.0,18244.0,2390.0,3800758.0,98791.0,147927.0,908375.0,31220.0,0.0,671771.0,136045.0
2017-07-12,15158197.0,317284.0,125783.0,364264.0,1030822.0,283009.0,186251.0,170135.0,23204.0,3377136.0,205847.0,336076.0,372331.0,282554.0,38000.0,240517.0,495961.0
2017-07-13,12735680.0,147591.0,271791.0,591086.0,308773.0,311424.0,342736.0,334777.0,5170.0,6085756.0,246851.0,230269.0,389321.0,230916.0,10000.0,728155.0,1318595.0
2017-07-14,7562248.0,85229.0,80426.0,335813.0,282342.0,445812.0,114945.0,29471.0,42517.0,5319578.0,132624.0,229497.0,264524.0,136897.0,0.0,276500.0,17700.0
2017-07-17,4292953.0,135789.0,60709.0,234688.0,366774.0,34394.0,140857.0,28351.0,10960.0,3991216.0,49850.0,66568.0,1221053.0,78725.0,0.0,452267.0,16000.0
2017-07-18,5960795.0,63597.0,6173.0,344004.0,175096.0,109326.0,58931.0,80394.0,11154.0,3164973.0,86413.0,127910.0,837055.0,27064.0,0.0,111012.0,850.0
2017-07-19,6949823.0,85451.0,44466.0,286384.0,313883.0,43949.0,114133.0,28741.0,54563.0,5671418.0,112289.0,111370.0,166072.0,61095.0,19991.0,315884.0,4911.0
2017-07-20,0.0,0.0,0.0,0.0,0.0,0.0,0.0,0.0,0.0,0.0,0.0,0.0,0.0,0.0,0.0,0.0,0.0
2017-07-21,5932260.0,46638.0,35739.0,214632.0,37376.0,7636.0,19484.0,9737.0,59714.0,2874002.0,25042.0,9597.0,308413.0,67359.0,0.0,811359.0,278.0
2017-07-24,4206364.0,191784.0,35071.0,281869.0,543443.0,179447.0,186800.0,98939.0,31513.0,3495011.0,130242.0,98263.0,144464.0,174236.0,0.0,198269.0,2083052.0
2017-07-25,9773432.0,201964.0,70165.0,637288.0,403075.0,55821.0,301717.0,216809.0,11173.0,6180054.0,236818.0,328527.0,786391.0,69347.0,1967.0,962269.0,350252.0
2017-07-26,13150986.0,80033.0,80527.0,224698.0,9016445.0,10170172.0,83251.0,33293.0,10968.0,2322070.0,244560.0,256511.0,671304.0,86428.0,0.0,329539.0,40630.0
2017-07-27,6584112.0,132217.0,182487.0,223014.0,180497.0,75544.0,173906.0,138728.0,13827.0,3043081.0,690416.0,193529.0,367714.0,92944.0,19205.0,388133.0,45939.0
2017-07-28,7821590.0,60964.0,95400.0,139274.0,59036.0,172818.0,144894.0,50288.0,24801.0,6107120.0,1314170.0,129103.0,325875.0,279805.0,62000.0,411693.0,13000.0
2017-07-31,6878289.0,297949.0,451112.0,1121690.0,586913.0,84321.0,396025.0,230006.0,79054.0,10181411.0,610540.0,187649.0,3882991.0,150171.0,0.0,2092048.0,536753.0
2017-08-01,13189282.0,128303.0,174646.0,398839.0,174544.0,77586.0,74439.0,21416.0,19984.0,1769952.0,158537.0,155293.0,354595.0,109013.0,9509.0,97053.0,1231.0
2017-08-02,4602013.0,45742.0,68369.0,215635.0,89892.0,48222.0,50044.0,42732.0,7518.0,8628101.0,372302.0,49544.0,181976.0,66943.0,5308.0,27003.0,7900.0
2017-08-03,8630856.0,71507.0,109282.0,367800.0,56621.0,69154.0,157468.0,51078.0,21292.0,2781108.0,4392.0,123564.0,26163.0,34623.0,52400.0,8250.0,1055.0
2017-08-04,5554053.0,22498.0,28242.0,117408.0,64701.0,27257.0,47482.0,5303.0,302.0,1572005.0,382656.0,12132.0,66352.0,242302.0,2629.0,4426.0,370.0
2017-08-07,0.0,0.0,0.0,0.0,0.0,0.0,0.0,0.0,0.0,0.0,0.0,0.0,0.0,0.0,0.0,0.0,0.0
2017-08-08,9185708.0,64152.0,44512.0,467973.0,808771.0,280408.0,83170.0,15037.0,15654.0,3012567.0,137920.0,69069.0,42406.0,198710.0,0.0,101508.0,14734.0
2017-08-09,12241679.0,137924.0,71902.0,179685.0,157678.0,126030.0,163906.0,16030.0,1469.0,1610798.0,975410.0,65766.0,22254.0,280867.0,0.0,259250.0,350.0
2017-08-10,6372985.0,74638.0,57455.0,483392.0,249858.0,82921.0,44569.0,26990.0,3250.0,4111123.0,8387.0,139597.0,190514.0,186127.0,915.0,1088685.0,250.0
2017-08-11,4817331.0,63876.0,24769.0,188751.0,111251.0,12474.0,64671.0,8008.0,1085.0,3839717.0,89481.0,41206.0,189282.0,71631.0,0.0,26312.0,1000.0
2017-08-14,6937904.0,58747.0,42773.0,250107.0,132676.0,552667.0,178228.0,13212.0,13228.0,10073831.0,246984.0,144336.0,484691.0,98387.0,0.0,446933.0,1000.0
2017-08-15,9791870.0,45236.0,20838.0,195949.0,493111.0,6878.0,31780.0,33964.0,2433.0,3994766.0,53438.0,41255.0,173239.0,78629.0,0.0,247562.0,1287.0
2017-08-16,11683648.0,258184.0,111516.0,376911.0,589544.0,129759.0,229260.0,144806.0,13893.0,5242291.0,341134.0,158453.0,555611.0,900989.0,0.0,2420070.0,11500.0
2017-08-17,5508736.0,203457.0,91975.0,419179.0,168699.0,179284.0,284623.0,165925.0,22980.0,5207493.0,264308.0,92789.0,436272.0,386278.0,0.0,799412.0,1000.0
2017-08-18,2612156.0,150645.0,56384.0,143908.0,97137.0,25091.0,16967.0,36807.0,13286.0,812536.0,166508.0,106385.0,887547.0,30784.0,20940.0,198203.0,144879.0
2017-08-21,0.0,0.0,0.0,0.0,0.0,0.0,0.0,0.0,0.0,0.0,0.0,0.0,0.0,0.0,0.0,0.0,0.0
2017-08-22,3580399.0,80919.0,66134.0,479157.0,332569.0,20910.0,139251.0,173255.0,10966.0,4341651.0,233861.0,24885.0,44514.0,96259.0,0.0,382192.0,13889.0
2017-08-23,5000630.0,32143.0,33488.0,95072.0,93787.0,50934.0,55204.0,12090.0,110182.0,2353589.0,154542.0,218763.0,134954.0,43583.0,26600.0,54652.0,20362.0
2017-08-24,5473918.0,48286.0,12502.0,102966.0,93529.0,72877.0,86033.0,19247.0,3705.0,4182711.0,33642.0,126147.0,247136.0,39024.0,0.0,829985.0,1330.0
2017-08-25,13192714.0,76108.0,32291.0,128292.0,88405.0,90398.0,111074.0,89047.0,10503.0,2819205.0,82361.0,79821.0,68625.0,69264.0,16915.0,80267.0,1000.0
2017-08-28,17061618.0,81938.0,37900.0,347646.0,169579.0,47245.0,81802.0,4533.0,2740.0,3808235.0,288360.0,52075.0,62669.0,77164.0,47542.0,181433.0,23444.0
2017-08-29,6430331.0,80334.0,34096.0,158266.0,301598.0,11802.0,120889.0,113639.0,10071.0,3178502.0,323914.0,19048.0,371035.0,117482.0,0.0,738295.0,1730.0
2017-08-30,6762565.0,33364.0,14850.0,132280.0,211447.0,57246.0,71093.0,42482.0,7204.0,2883202.0,106172.0,40053.0,5070.0,55103.0,0.0,960501.0,2868.0
2017-08-31,14849724.0,168584.0,126982.0,286218.0,331433.0,51197.0,1866696.0,196684.0,96125.0,6884004.0,559706.0,546946.0,212504.0,131725.0,1000.0,243735.0,54000.0
2017-09-01,0.0,0.0,0.0,0.0,0.0,0.0,0.0,0.0,0.0,0.0,0.0,0.0,0.0,0.0,0.0,0.0,0.0
2017-09-04,1681353.0,59355.0,56473.0,41494.0,40031.0,11005.0,142887.0,28022.0,8577.0,1158049.0,147750.0,177180.0,59334.0,31629.0,0.0,462938.0,14488.0
2017-09-05,6773099.0,132073.0,76752.0,243887.0,298743.0,78089.0,251236.0,40281.0,52025.0,3893913.0,412112.0,95715.0,690964.0,111812.0,0.0,625011.0,20766.0
2017-09-06,5251163.0,119131.0,35226.0,202416.0,223348.0,102263.0,104737.0,2251.0,1898.0,3814881.0,94687.0,78587.0,7192809.0,81269.0,0.0,221068.0,1380.0
2017-09-07,1157449.0,32122.0,53806.0,121682.0,84047.0,46841.0,95215.0,24553.0,6620.0,1724746.0,62867.0,13324.0,474700.0,109593.0,0.0,856321.0,6000.0
2017-09-08,9830178.0,27257.0,27255.0,91514.0,92336.0,37833.0,207337.0,31781.0,3531.0,3915165.0,472472.0,108731.0,66890.0,5374.0,18659.0,116622.0,10000.0
2017-09-11,11848384.0,49029.0,21267.0,42531.0,96672.0,13890.0,152744.0,30818.0,3427.0,2858589.0,256202.0,88019.0,555349.0,31721.0,0.0,1248395.0,9400.0
2017-09-12,7883138.0,93437.0,100743.0,387244.0,325760.0,130903.0,754951.0,28132.0,40667.0,3671210.0,577781.0,517941.0,527704.0,204198.0,7139.0,2687732.0,44260.0
2017-09-13,9359288.0,57609.0,65435.0,257373.0,160808.0,7872.0,257939.0,43401.0,50278.0,3360302.0,125348.0,52650.0,1449588.0,126910.0,16076.0,404900.0,426194.0
2017-09-14,9512375.0,174463.0,23312.0,419964.0,531492.0,36084.0,459869.0,66496.0,34616.0,4894949.0,228976.0,305434.0,370173.0,170113.0,930.0,232646.0,1339.0
2017-09-15,13227093.0,410657.0,139434.0,1451128.0,1639088.0,278830.0,9442776.0,131418.0,102476.0,11413900.0,627104.0,1628417.0,181455.0,217116.0,15180.0,6254565.0,750.0
2017-09-18,5058990.0,94426.0,17970.0,281765.0,154540.0,94227.0,2937762.0,61963.0,1253.0,2282266.0,174161.0,283848.0,707118.0,46615.0,613.0,635641.0,82452.0
2017-09-19,5635249.0,68531.0,27074.0,205785.0,151167.0,32034.0,298985.0,95165.0,15207.0,1521176.0,152317.0,96916.0,191108.0,31434.0,0.0,143723.0,57244.0
2017-09-20,8063475.0,117300.0,53120.0,163921.0,131388.0,172098.0,530466.0,60888.0,4132.0,2534527.0,96166.0,206347.0,8769.0,61605.0,7633.0,557043.0,620376.0
2017-09-21,7747157.0,87472.0,77824.0,129127.0,416013.0,236527.0,364815.0,192923.0,14371.0,2188116.0,168052.0,86007.0,334668.0,108502.0,0.0,250232.0,41259.0
2017-09-22,4423079.0,41411.0,52421.0,49231.0,91871.0,10067.0,395143.0,16072.0,1904.0,1709904.0,280469.0,174116.0,136975.0,16318.0,0.0,17898.0,91099.0
2017-09-25,9752774.0,47719.0,13699.0,189453.0,124870.0,17800.0,783278.0,406005.0,488.0,1306062.0,15183.0,25182.0,244815.0,103544.0,0.0,1964597.0,8023.0
2017-09-26,32249015.0,14869.0,21639.0,129020.0,16685.0,67024.0,56786.0,3936.0,16849.0,4620401.0,496183.0,108433.0,982250.0,17734.0,7000.0,8409350.0,10000.0
2017-09-27,19907679.0,77159.0,73995.0,563650.0,210228.0,90029.0,808089.0,32121.0,16601.0,2648014.0,199139.0,177300.0,156354.0,57695.0,0.0,410369.0,0.0
2017-09-28,19679980.0,139740.0,46503.0,236444.0,173297.0,35429.0,882981.0,14430.0,14281.0,17808532.0,171516.0,68175.0,110547.0,148306.0,17000.0,40550.0,0.0
2017-09-29,16482232.0,107162.0,56302.0,234462.0,209838.0,33857.0,697361.0,8495.0,2341.0,2541704.0,332031.0,111786.0,116853.0,16047.0,3577.0,11647184.0,10984.0
2017-10-02,3290073.0,75410.0,19704.0,109193.0,66944.0,53259.0,190110.0,18843.0,14463.0,2331819.0,70352.0,36493.0,115568.0,25779.0,1500.0,3027724.0,160000.0
2017-10-03,20583887.0,89630.0,82708.0,234530.0,147550.0,104357.0,190488.0,360277.0,13860.0,9202841.0,58539.0,217665.0,29837.0,26274.0,31756.0,1193417.0,0.0
2017-10-04,6081803.0,26727.0,120201.0,78344.0,350776.0,32756.0,97276.0,38118.0,18252.0,2864996.0,116446.0,22521.0,72364.0,375007.0,320.0,386340.0,32075.0
2017-10-05,5714056.0,54777.0,122826.0,333660.0,199670.0,31862.0,53217.0,11689.0,36537.0,12202044.0,192902.0,27314.0,85610.0,64521.0,1500.0,1267597.0,0.0
2017-10-06,5050193.0,150286.0,265184.0,2078427.0,214575.0,76955.0,119303.0,30496.0,1942.0,2332811.0,82100.0,343610.0,84407.0,31229.0,0.0,221682.0,2796.0
2017-10-09,2435060.0,31388.0,33081.0,78846.0,39329.0,59869.0,42699.0,36690.0,30648.0,521064.0,94358.0,17520.0,151680.0,9377.0,0.0,73580.0,5130.0
2017-10-10,12475096.0,32539.0,30428.0,356912.0,139423.0,56970.0,149247.0,25071.0,14151.0,3148247.0,137814.0,113501.0,6363.0,20525.0,0.0,381000.0,7909.0
2017-10-11,7331710.0,133663.0,23164.0,423954.0,183492.0,16645.0,122650.0,21521.0,3038.0,3001659.0,134325.0,60924.0,51136.0,37777.0,0.0,1927741.0,312933.0
2017-10-12,4961242.0,41105.0,28941.0,116179.0,184790.0,99038.0,83210.0,14146.0,2775.0,2116009.0,180061.0,571161.0,214090.0,69684.0,9935.0,2599121.0,345532.0
2017-10-13,4961242.0,41105.0,28941.0,116179.0,184790.0,99038.0,83210.0,14146.0,2775.0,2116009.0,180061.0,571161.0,214090.0,69684.0,9935.0,2599121.0,345532.0
2017-10-16,0.0,0.0,0.0,0.0,0.0,0.0,0.0,0.0,0.0,0.0,0.0,0.0,0.0,0.0,0.0,0.0,0.0
2017-10-17,18879027.0,212889.0,121255.0,234158.0,1253097.0,48644.0,369162.0,29017.0,4517.0,5391572.0,194579.0,57165.0,777346.0,35501.0,5430.0,490503.0,262327.0
2017-10-18,16074406.0,208792.0,173103.0,111978.0,137671.0,211574.0,100663.0,51536.0,6667.0,1500074.0,200664.0,8067.0,100957.0,30811.0,0.0,1314975.0,212327.0
2017-10-19,5861440.0,542938.0,144931.0,118814.0,473777.0,81312.0,189700.0,66835.0,7223.0,2297531.0,127958.0,35021.0,331753.0,98725.0,0.0,1559741.0,250052.0
2017-10-20,12650194.0,53845.0,28270.0,295465.0,99753.0,85724.0,204824.0,48461.0,6811.0,2571615.0,212178.0,69832.0,364002.0,90301.0,151.0,1640924.0,276327.0
2017-10-23,14551438.0,170498.0,79357.0,588480.0,534977.0,111792.0,450615.0,66752.0,17185.0,6140205.0,243928.0,50528.0,246441.0,53012.0,0.0,409455.0,488827.0
2017-10-24,18934398.0,640744.0,305558.0,417447.0,588582.0,94704.0,262035.0,31228.0,273162.0,9723636.0,391480.0,94628.0,113214.0,102001.0,0.0,2228412.0,214407.0
2017-10-25,28053940.0,464541.0,121172.0,265405.0,976878.0,154602.0,213812.0,8190.0,1797.0,2819291.0,583257.0,61254.0,46534.0,118357.0,32475.0,3264112.0,247450.0
2017-10-26,47826636.0,81259.0,28207.0,228366.0,195819.0,21794.0,415850.0,51551.0,4215.0,3035088.0,989488.0,152524.0,37157.0,50453.0,1219.0,914219.0,253585.0
2017-10-27,37478084.0,150181.0,126803.0,173544.0,251600.0,35156.0,358392.0,47956.0,8491.0,9620198.0,370027.0,84615.0,854232.0,42703.0,0.0,2219814.0,216651.0
2017-10-30,21020666.0,187426.0,85471.0,197306.0,124726.0,33374.0,99163.0,20747.0,5465.0,4235576.0,754386.0,116497.0,297119.0,113843.0,41762.0,500242.0,873787.0
2017-10-31,30069947.0,622940.0,295682.0,707732.0,588213.0,214049.0,580439.0,418977.0,38110.0,12235898.0,918361.0,158876.0,2070911.0,313408.0,30000.0,2713029.0,5999023.0
2017-11-01,37494992.0,322797.0,27511.0,366063.0,264439.0,43879.0,200234.0,25988.0,13010.0,3426858.0,1179295.0,65334.0,116713.0,185112.0,0.0,1769643.0,1911.0
2017-11-02,24538433.0,154491.0,39696.0,416602.0,74569.0,11088.0,65452.0,27807.0,230.0,6090419.0,26782.0,34462.0,7728.0,50194.0,0.0,1594992.0,74260.0
2017-11-03,20867459.0,146378.0,34369.0,171075.0,44680.0,5200.0,163696.0,7536.0,9854.0,1489621.0,63836.0,24855.0,167645.0,20420.0,0.0,1785996.0,41176.0
2017-11-06,0.0,0.0,0.0,0.0,0.0,0.0,0.0,0.0,0.0,0.0,0.0,0.0,0.0,0.0,0.0,0.0,0.0
2017-11-07,27828439.0,83922.0,15819.0,322706.0,203316.0,58949.0,69159.0,18033.0,11144.0,13101907.0,113285.0,22923.0,106885.0,132489.0,7980.0,311641.0,46588.0
2017-11-08,23510033.0,25246.0,22073.0,427457.0,48139.0,174661.0,19820.0,4610.0,13686.0,2053242.0,122105.0,30373.0,16369.0,40291.0,0.0,576084.0,121816.0
2017-11-09,28193874.0,190399.0,42974.0,169238.0,137721.0,202495.0,146900.0,21189.0,5938.0,4345780.0,181273.0,12016.0,106761.0,65901.0,0.0,145470.0,37638.0
2017-11-10,12260042.0,185509.0,44019.0,134555.0,129034.0,58441.0,87386.0,39802.0,1371.0,2939745.0,46121.0,28176.0,63267.0,169772.0,0.0,2126043.0,0.0
2017-11-13,0.0,0.0,0.0,0.0,0.0,0.0,0.0,0.0,0.0,0.0,0.0,0.0,0.0,0.0,0.0,0.0,0.0
2017-11-14,17685671.0,228895.0,153553.0,364249.0,346975.0,116510.0,232407.0,79556.0,15108.0,2640483.0,135888.0,64406.0,88544.0,57428.0,0.0,771586.0,40431.0
2017-11-15,16555579.0,343601.0,252150.0,359642.0,187982.0,332999.0,195100.0,24312.0,8.0,1881496.0,222908.0,61272.0,106213.0,155865.0,0.0,502391.0,1032.0
2017-11-16,9212645.0,145546.0,141108.0,422700.0,208547.0,45814.0,342677.0,53559.0,27929.0,2435827.0,91635.0,50059.0,255560.0,105521.0,0.0,462110.0,65452.0
2017-11-17,4446506.0,104714.0,45292.0,233359.0,95718.0,50042.0,46259.0,36487.0,6746.0,1928477.0,121498.0,45743.0,484939.0,76206.0,0.0,63279.0,2550.0
2017-11-20,15360494.0,85240.0,42517.0,269268.0,73141.0,165934.0,40635.0,16301.0,5882.0,2405967.0,139010.0,28057.0,31113.0,36374.0,5268.0,7259731.0,4095.0
2017-11-21,6371727.0,30414.0,62872.0,173436.0,159070.0,86726.0,65132.0,37347.0,2742.0,1833825.0,110055.0,31465.0,95130.0,70906.0,1000.0,992766.0,15038.0
2017-11-22,14944164.0,33582.0,16775.0,291338.0,382426.0,60019.0,81197.0,76382.0,14599.0,3461423.0,375959.0,124225.0,179237.0,18543.0,0.0,406412.0,0.0
2017-11-23,1586700.0,8233.0,9873.0,47737.0,2820382.0,37130.0,18511.0,16558.0,1912.0,729393.0,35147.0,57146.0,156679.0,13924.0,0.0,596013.0,0.0
2017-11-24,5744033.0,51667.0,15688.0,110436.0,186695.0,18324.0,68818.0,17059.0,4753.0,1080230.0,666362.0,621209.0,194099.0,189647.0,500.0,674789.0,400.0
2017-11-27,12876798.0,69152.0,33713.0,381863.0,127229.0,26984.0,106365.0,62195.0,4071.0,2604004.0,26143.0,58232.0,310804.0,17126.0,1957.0,490037.0,4546.0
2017-11-28,14773209.0,217089.0,71200.0,598541.0,844303.0,168930.0,163645.0,28466.0,1909.0,3359690.0,309682.0,111533.0,94294.0,176688.0,2710.0,1205757.0,20224.0
2017-11-29,7792172.0,103842.0,28755.0,307914.0,220202.0,58299.0,319655.0,355613.0,1343.0,5902431.0,30751.0,78329.0,68115.0,119177.0,134286.0,625448.0,0.0
2017-11-30,10485098.0,473922.0,249336.0,1028547.0,1255136.0,103905.0,582502.0,294003.0,9480.0,20136683.0,475506.0,198872.0,93200.0,44690.0,25725.0,750690.0,124914.0
2017-12-01,4317477.0,99667.0,17239.0,261311.0,253151.0,55915.0,305525.0,227039.0,4989.0,4710148.0,409392.0,55886.0,779371.0,42408.0,25725.0,424561.0,11739.0
2017-12-04,8748169.0,33225.0,17049.0,249259.0,81381.0,13942.0,32764.0,11602.0,2592.0,2333161.0,211397.0,12957.0,40263.0,37424.0,57270.0,101399.0,0.0
2017-12-05,7250965.0,136829.0,13543.0,233646.0,91947.0,316388.0,47212.0,142304.0,9190.0,2717232.0,178701.0,52351.0,35329.0,35781.0,0.0,486583.0,0.0
2017-12-06,14086341.0,198698.0,61712.0,394012.0,196272.0,140143.0,515168.0,68493.0,66384.0,7688566.0,215683.0,83610.0,505591.0,15995.0,0.0,1279299.0,273.0
2017-12-07,3778324.0,158616.0,83658.0,178308.0,354296.0,55921.0,143661.0,62227.0,21552.0,8982173.0,330465.0,143697.0,36643.0,22447.0,0.0,538925.0,1006.0
2017-12-08,0.0,0.0,0.0,0.0,0.0,0.0,0.0,0.0,0.0,0.0,0.0,0.0,0.0,0.0,0.0,0.0,0.0
2017-12-11,0.0,0.0,0.0,0.0,0.0,0.0,0.0,0.0,0.0,0.0,0.0,0.0,0.0,0.0,0.0,0.0,0.0
2017-12-12,22107193.0,239260.0,26974.0,171429.0,289435.0,72075.0,350784.0,34101.0,248913.0,5314812.0,178833.0,184868.0,322544.0,87198.0,0.0,1346078.0,19656.0
2017-12-13,17248131.0,444738.0,179171.0,817724.0,716202.0,26453.0,590627.0,16045.0,1811.0,12989545.0,518860.0,251421.0,90307.0,399329.0,1650.0,1210533.0,0.0
2017-12-14,0.0,0.0,0.0,0.0,0.0,0.0,0.0,0.0,0.0,0.0,0.0,0.0,0.0,0.0,0.0,0.0,0.0
2017-12-15,19767856.0,499856.0,170561.0,861795.0,1086206.0,238140.0,812464.0,106311.0,14535.0,9637766.0,479442.0,69228.0,2334011.0,95214.0,0.0,1089868.0,26208.0
2017-12-18,14530699.0,50509.0,286302.0,170453.0,148602.0,197172.0,197760.0,100469.0,19405.0,2501460.0,162220.0,89401.0,366935.0,44259.0,0.0,645042.0,0.0
2017-12-19,6921344.0,80717.0,47803.0,231209.0,72740.0,97068.0,633683.0,20401.0,7464.0,2797858.0,858781.0,58863.0,1195126.0,22766.0,1125.0,450738.0,2103.0
2017-12-20,7731081.0,164525.0,39549.0,717916.0,189683.0,228953.0,705859.0,89561.0,7865.0,7781168.0,552313.0,81949.0,274593.0,97313.0,0.0,560026.0,1365.0
2017-12-21,7463169.0,298454.0,146291.0,205710.0,368652.0,11478.0,189910.0,137699.0,19864.0,1683223.0,2746022.0,26236.0,662765.0,105529.0,0.0,4711549.0,660.0
2017-12-22,5497130.0,18227.0,22846.0,393093.0,61318.0,25184.0,1258056.0,66790.0,2407.0,706035.0,361855.0,150566.0,16018.0,112905.0,0.0,676082.0,1685.0
2017-12-25,0.0,0.0,0.0,0.0,0.0,0.0,0.0,0.0,0.0,0.0,0.0,0.0,0.0,0.0,0.0,0.0,0.0
2017-12-26,8802635.0,52583.0,31934.0,98167.0,91344.0,50975.0,253421.0,31970.0,1044.0,1035843.0,81309.0,7005.0,20000.0,24993.0,0.0,76765.0,0.0
2017-12-27,7003466.0,41871.0,68628.0,155822.0,112720.0,42047.0,73772.0,62718.0,174.0,2798234.0,77417.0,46472.0,32362.0,19243.0,0.0,316990.0,0.0
2017-12-28,11666842.0,83273.0,99840.0,245685.0,291136.0,227351.0,125326.0,252150.0,3628.0,2732604.0,241363.0,80998.0,113750.0,57409.0,0.0,216690.0,0.0
2017-12-29,11666842.0,83273.0,99840.0,245685.0,291136.0,227351.0,125326.0,252150.0,3628.0,2732604.0,241363.0,80998.0,113750.0,57409.0,0.0,216690.0,0.0
2018-01-01,0.0,0.0,0.0,0.0,0.0,0.0,0.0,0.0,0.0,0.0,0.0,0.0,0.0,0.0,0.0,0.0,0.0
2018-01-02,13141281.0,26707.0,3421.0,57159.0,11600.0,0.0,11179.0,1694.0,61.0,1154806.0,18059.0,28045.0,9882.0,13893.0,0.0,136016.0,0.0
2018-01-03,14138880.0,94381.0,2001.0,45861.0,23632.0,1101.0,14435.0,2558.0,2271.0,931585.0,11630.0,15638.0,18765.0,402.0,0.0,425874.0,0.0
2018-01-04,0.0,0.0,0.0,0.0,0.0,0.0,0.0,0.0,0.0,0.0,0.0,0.0,0.0,0.0,0.0,0.0,0.0
2018-01-05,20328667.0,232482.0,52313.0,310829.0,224869.0,93045.0,204220.0,13571.0,11353.0,3230357.0,73649.0,31412.0,16608.0,24880.0,0.0,276754.0,0.0
2018-01-08,0.0,0.0,0.0,0.0,0.0,0.0,0.0,0.0,0.0,0.0,0.0,0.0,0.0,0.0,0.0,0.0,0.0
2018-01-09,26201125.0,309845.0,113221.0,310501.0,182376.0,3941.0,101923.0,16793.0,6464.0,5547357.0,151362.0,23511.0,88786.0,100240.0,0.0,1297012.0,0.0
2018-01-10,32007488.0,217153.0,48358.0,440630.0,41553.0,33545.0,58488.0,15724.0,8126.0,4335101.0,271783.0,69459.0,329919.0,192287.0,0.0,1496428.0,0.0
2018-01-11,34648132.0,91826.0,22600.0,154966.0,123502.0,34930.0,38137.0,900.0,9711.0,2259100.0,266509.0,41406.0,73513.0,23291.0,0.0,278980.0,0.0
2018-01-12,34648132.0,91826.0,22600.0,154966.0,123502.0,34930.0,38137.0,900.0,9711.0,2259100.0,266509.0,41406.0,73513.0,23291.0,0.0,278980.0,0.0
2018-01-15,2946870.0,21840.0,7218.0,81623.0,21836.0,89460.0,36576.0,26205.0,409.0,804445.0,102622.0,22478.0,115928.0,60854.0,0.0,820703.0,0.0
2018-01-16,32134766.0,83514.0,51767.0,273486.0,163334.0,103875.0,171699.0,80259.0,2498.0,2280581.0,212218.0,84305.0,547502.0,32164.0,0.0,928164.0,0.0
2018-01-17,32134766.0,83514.0,51767.0,273486.0,163334.0,103875.0,171699.0,80259.0,2498.0,2280581.0,212218.0,84305.0,547502.0,32164.0,0.0,928164.0,0.0
2018-01-18,0.0,0.0,0.0,0.0,0.0,0.0,0.0,0.0,0.0,0.0,0.0,0.0,0.0,0.0,0.0,0.0,0.0
2018-01-19,14965210.0,76754.0,49825.0,193586.0,164556.0,7311.0,108750.0,55443.0,4480.0,3207215.0,834729.0,23597.0,131283.0,137031.0,20000.0,1802813.0,665.0
2018-01-22,28051940.0,160781.0,135441.0,307921.0,269504.0,92495.0,321093.0,61225.0,45787.0,1976519.0,451793.0,52341.0,389075.0,319276.0,1500.0,332864.0,0.0
2018-01-23,26581818.0,104874.0,36400.0,229879.0,170104.0,224663.0,610726.0,342421.0,3731.0,2248682.0,1175550.0,30802.0,360284.0,102559.0,0.0,718063.0,1588.0
2018-01-24,30949877.0,223276.0,223672.0,276801.0,135266.0,125140.0,0.0,118895.0,10709.0,5753359.0,1611089.0,100493.0,471181.0,188366.0,28262.0,1229132.0,6860.0
2018-01-25,33400416.0,163868.0,204962.0,416071.0,267356.0,141449.0,189290.0,106637.0,13236.0,4505074.0,757920.0,91430.0,792972.0,35630.0,16604.0,573255.0,522.0
2018-01-26,12041550.0,104366.0,47580.0,272288.0,249686.0,190489.0,170122.0,53936.0,3696.0,2736276.0,158867.0,121912.0,241528.0,123628.0,17532.0,1147951.0,522.0
2018-01-29,15119376.0,91263.0,53141.0,189101.0,226519.0,45394.0,140138.0,60372.0,11564.0,1917767.0,872440.0,143697.0,298760.0,85982.0,0.0,670282.0,0.0
2018-01-30,14499932.0,65081.0,33998.0,328261.0,117277.0,63548.0,91727.0,28180.0,2187.0,2097571.0,327804.0,33852.0,337037.0,145764.0,0.0,1019415.0,10000.0
2018-01-31,25363265.0,348151.0,169676.0,826613.0,383310.0,152546.0,353251.0,171916.0,36949.0,3328831.0,721094.0,326249.0,550946.0,224956.0,0.0,2648954.0,98184.0
2018-02-01,25623817.0,278148.0,26075.0,556569.0,191738.0,365386.0,334556.0,79019.0,4299.0,2481211.0,890492.0,226336.0,45797.0,193742.0,29721.0,4643282.0,1331.0
2018-02-02,14506478.0,265482.0,41392.0,500515.0,78297.0,35371.0,498717.0,141685.0,931.0,2256037.0,187296.0,58525.0,101906.0,26687.0,21104.0,3620728.0,1331.0
2018-02-05,30386881.0,252393.0,90661.0,741805.0,430887.0,163351.0,342958.0,62571.0,12751.0,3576065.0,247111.0,36590.0,205146.0,195735.0,0.0,1214599.0,31624.0
2018-02-06,41850522.0,596327.0,68640.0,395429.0,492323.0,49403.0,254118.0,30409.0,2884.0,4798657.0,386683.0,15756.0,32514.0,607167.0,70000.0,3874080.0,11524.0
2018-02-07,26251111.0,112111.0,41651.0,590421.0,253459.0,32488.0,106202.0,27358.0,726.0,1511749.0,520988.0,32793.0,61919.0,82854.0,1652.0,319649.0,1708.0
2018-02-08,27935087.0,37661.0,28344.0,140039.0,71216.0,64720.0,90186.0,39218.0,5216.0,1942511.0,1167402.0,15710.0,230429.0,97135.0,1139.0,265122.0,49835.0
2018-02-09,37452535.0,173017.0,53611.0,514227.0,223508.0,36578.0,127529.0,47547.0,6136.0,1691169.0,844613.0,172441.0,182920.0,148426.0,48729.0,658721.0,114.0
2018-02-12,18168976.0,118195.0,44025.0,303522.0,208616.0,51125.0,161489.0,53471.0,2676.0,1375662.0,602265.0,54387.0,62924.0,49090.0,1734.0,355674.0,5659.0
2018-02-13,8517290.0,173568.0,59288.0,192680.0,413472.0,79991.0,209999.0,116239.0,6452.0,3677971.0,506938.0,22256.0,423206.0,304229.0,0.0,1443126.0,27554.0
2018-02-14,25341788.0,429932.0,568975.0,255658.0,160808.0,100426.0,318073.0,31481.0,8406.0,8367873.0,1305570.0,57943.0,67516.0,304445.0,0.0,1230612.0,5360.0
2018-02-15,19775146.0,345416.0,62818.0,258878.0,120638.0,47068.0,93872.0,44294.0,11042.0,1416685.0,1603890.0,61126.0,274681.0,78558.0,100.0,4313626.0,30750.0
2018-02-16,16524347.0,136536.0,74447.0,565916.0,152746.0,100247.0,103511.0,58676.0,13194.0,4039927.0,514848.0,53138.0,92036.0,8796.0,45543.0,671247.0,1602.0
2018-02-19,2258002.0,23565.0,24748.0,85830.0,30214.0,122967.0,16216.0,10699.0,6870.0,968296.0,1228053.0,376041.0,332421.0,153010.0,0.0,894140.0,24744.0
2018-02-20,17638048.0,163246.0,43118.0,331130.0,89685.0,89790.0,83693.0,23267.0,17500.0,1495544.0,1653996.0,28335.0,475706.0,245533.0,3670.0,1884229.0,302.0
2018-02-21,16584419.0,143549.0,116455.0,485971.0,366657.0,350024.0,159537.0,63386.0,7195.0,5897363.0,772939.0,71597.0,255140.0,93368.0,0.0,1102371.0,16443.0
2018-02-22,19293858.0,208041.0,211863.0,111905.0,389902.0,875014.0,140681.0,66619.0,6184.0,2556562.0,135714.0,15092.0,246905.0,261849.0,0.0,1380329.0,24911.0
2018-02-23,16841489.0,72721.0,12312.0,133936.0,97002.0,38456.0,36025.0,53113.0,65.0,2299666.0,804888.0,17734.0,323064.0,116025.0,0.0,1378117.0,112.0
2018-02-26,17069960.0,50055.0,40576.0,111403.0,245326.0,26624.0,111696.0,27203.0,4203.0,1571214.0,113756.0,37153.0,116536.0,61033.0,150.0,568626.0,9044.0
2018-02-27,20941570.0,164449.0,159819.0,404244.0,129095.0,66411.0,216038.0,67222.0,11474.0,2096981.0,469755.0,53820.0,445632.0,129825.0,41843.0,1394073.0,3458.0
2018-02-28,31369955.0,350598.0,254550.0,795407.0,337477.0,599509.0,630959.0,80851.0,24044.0,3878503.0,401294.0,59583.0,328213.0,161023.0,915.0,4256940.0,13566.0
2018-03-01,20283458.0,134943.0,223475.0,351747.0,1486967.0,225071.0,663991.0,60623.0,8622.0,2981879.0,687760.0,103450.0,133645.0,257484.0,538.0,2120368.0,29526.0
2018-03-02,8127804.0,77644.0,23982.0,245546.0,308961.0,19775.0,109544.0,10604.0,847.0,2423447.0,160026.0,48508.0,71941.0,97829.0,2252.0,9518519.0,29526.0
2018-03-05,11840054.0,43481.0,76309.0,325821.0,2726127.0,56362.0,168663.0,19500.0,689.0,694253.0,159387.0,55985.0,114034.0,39848.0,1730.0,162010.0,0.0
2018-03-06,14059913.0,91983.0,123614.0,149270.0,28235624.0,1359574.0,193529.0,61844.0,7531.0,2665315.0,35615.0,288323.0,154811.0,44162.0,21124.0,152124.0,25894.0
2018-03-07,11803339.0,107284.0,171254.0,365057.0,519112.0,129207.0,462647.0,314685.0,5905.0,4286799.0,304536.0,29914.0,80343.0,49546.0,0.0,535729.0,12834.0
2018-03-08,10040367.0,38266.0,16651.0,135926.0,78382.0,252188.0,214656.0,311194.0,16033.0,788132.0,142892.0,45402.0,23151.0,110834.0,3023.0,836971.0,10723.0
2018-03-09,15772647.0,102849.0,38504.0,150074.0,21419546.0,1730620.0,161896.0,282966.0,24030.0,3272362.0,288261.0,84316.0,434868.0,162889.0,3140.0,584836.0,32066.0
2018-03-12,9264212.0,149658.0,29420.0,124852.0,82804.0,24169.0,92377.0,8547.0,1817.0,1221786.0,16683.0,18622.0,164917.0,15639.0,145676.0,1202068.0,0.0
2018-03-13,0.0,0.0,0.0,0.0,0.0,0.0,0.0,0.0,0.0,0.0,0.0,0.0,0.0,0.0,0.0,0.0,0.0
2018-03-14,8492631.0,57760.0,33066.0,125543.0,311155.0,42462.0,137883.0,9291.0,4125.0,6506356.0,45395.0,8334.0,123826.0,111033.0,57757.0,564540.0,16163.0
2018-03-15,18235875.0,87892.0,34008.0,500885.0,706040.0,333326.0,76055.0,25083.0,12392.0,1890678.0,69884.0,22045.0,296790.0,163903.0,7586.0,810341.0,7980.0
2018-03-16,18235875.0,87892.0,34008.0,500885.0,706040.0,333326.0,76055.0,25083.0,12392.0,1890678.0,69884.0,22045.0,296790.0,163903.0,7586.0,810341.0,7980.0
2018-03-19,0.0,0.0,0.0,0.0,0.0,0.0,0.0,0.0,0.0,0.0,0.0,0.0,0.0,0.0,0.0,0.0,0.0
2018-03-20,19753133.0,107602.0,51050.0,246812.0,2997487.0,39478.0,103718.0,33690.0,1075.0,13943212.0,128591.0,464659.0,92254.0,40466.0,4157.0,274429.0,0.0
2018-03-21,28627695.0,99803.0,90243.0,360987.0,647286.0,52163.0,193954.0,119102.0,8186.0,2956043.0,741068.0,53864.0,83514.0,72513.0,0.0,1220672.0,18818.0
2018-03-22,22941374.0,293576.0,49395.0,525804.0,3560805.0,248651.0,142329.0,32129.0,9564.0,3331199.0,1187856.0,443026.0,102240.0,41430.0,0.0,1203604.0,266.0
2018-03-23,22941374.0,293576.0,49395.0,525804.0,3560805.0,248651.0,142329.0,32129.0,9564.0,3331199.0,1187856.0,443026.0,102240.0,41430.0,0.0,1203604.0,266.0
2018-03-26,14256329.0,88088.0,13983.0,324959.0,208691.0,55620.0,46051.0,3225.0,3827.0,2131756.0,127724.0,18611.0,78796.0,43742.0,0.0,843743.0,266.0
2018-03-27,16069655.0,114577.0,14910.0,283976.0,163678.0,21006.0,73351.0,14589.0,82.0,3639246.0,265153.0,74078.0,62690.0,29127.0,80.0,236617.0,0.0
2018-03-28,16069655.0,114577.0,14910.0,283976.0,163678.0,21006.0,73351.0,14589.0,82.0,3639246.0,265153.0,74078.0,62690.0,29127.0,80.0,236617.0,0.0
2018-03-29,0.0,0.0,0.0,0.0,0.0,0.0,0.0,0.0,0.0,0.0,0.0,0.0,0.0,0.0,0.0,0.0,0.0
2018-03-30,0.0,0.0,0.0,0.0,0.0,0.0,0.0,0.0,0.0,0.0,0.0,0.0,0.0,0.0,0.0,0.0,0.0
2018-04-02,17643131.0,101372.0,107901.0,97435.0,231133.0,11040.0,183940.0,4825.0,5165.0,8904542.0,95584.0,31845.0,582511.0,9985.0,0.0,207838.0,0.0
2018-04-03,13109179.0,86005.0,42316.0,461370.0,1122083.0,916175.0,150073.0,26512.0,5921.0,19979560.0,431928.0,482036.0,2363770.0,74651.0,0.0,1128724.0,0.0
2018-04-04,16780793.0,199460.0,138043.0,185882.0,1172481.0,2408.0,149792.0,68986.0,13698.0,9011547.0,455502.0,28404.0,231866.0,129987.0,0.0,2305762.0,6426.0
2018-04-05,11539363.0,785838.0,50556.0,219757.0,1160221.0,8584.0,166286.0,10453.0,26021.0,9435088.0,686655.0,426085.0,433151.0,160288.0,0.0,6159952.0,0.0
2018-04-06,11539363.0,785838.0,50556.0,219757.0,1160221.0,8584.0,166286.0,10453.0,26021.0,9435088.0,686655.0,426085.0,433151.0,160288.0,0.0,6159952.0,0.0
2018-04-09,14311863.0,701783.0,167584.0,391221.0,2319337.0,112849.0,231142.0,157430.0,16257.0,6373833.0,425526.0,179680.0,309056.0,125390.0,0.0,881202.0,66111.0
2018-04-10,16216677.0,740899.0,76735.0,178718.0,178024.0,15098.0,98168.0,64970.0,4189.0,1029470.0,113883.0,58865.0,147663.0,28461.0,1157943.0,804246.0,7733.0
2018-04-11,28627360.0,3979650.0,101729.0,1566784.0,4539057.0,436257.0,521135.0,68639.0,14990.0,8090455.0,598173.0,139718.0,426307.0,119214.0,107891.0,1300849.0,50806.0
2018-04-12,20202015.0,256824.0,54757.0,640193.0,970605.0,28156.0,122440.0,65004.0,6064.0,4642442.0,367338.0,90957.0,96768.0,112153.0,140.0,720260.0,1202.0
2018-04-13,20202015.0,256824.0,54757.0,640193.0,970605.0,28156.0,122440.0,65004.0,6064.0,4642442.0,367338.0,90957.0,96768.0,112153.0,140.0,720260.0,1202.0
2018-04-16,11157389.0,100399.0,13988.0,105619.0,101708.0,34034.0,28965.0,5289.0,7401.0,1342295.0,168313.0,11324.0,251775.0,48768.0,0.0,531470.0,0.0
2018-04-17,27452832.0,345450.0,50876.0,158023.0,369708.0,6282.0,121081.0,33707.0,19155.0,1706454.0,371857.0,82494.0,54020.0,41851.0,0.0,999504.0,16647.0
2018-04-18,36420033.0,515712.0,143163.0,400111.0,762142.0,94932.0,3209850.0,118940.0,8902.0,3581960.0,198155.0,38327.0,215286.0,102141.0,0.0,2160508.0,10466.0
2018-04-19,29262974.0,721879.0,45417.0,538357.0,669685.0,3523981.0,99014.0,19314.0,34679.0,1747683.0,267419.0,158606.0,75072.0,114644.0,0.0,867521.0,4592.0
2018-04-20,29262974.0,721879.0,45417.0,538357.0,669685.0,3523981.0,99014.0,19314.0,34679.0,1747683.0,267419.0,158606.0,75072.0,114644.0,0.0,867521.0,4592.0
2018-04-23,16787753.0,217788.0,155990.0,830285.0,566952.0,47101.0,286184.0,81790.0,2554.0,8044265.0,299274.0,433496.0,129653.0,152120.0,0.0,761984.0,600.0
2018-04-24,26203386.0,774319.0,155761.0,957988.0,413523.0,772266.0,314806.0,120273.0,32935.0,3134995.0,328819.0,47012.0,409674.0,117192.0,21000.0,2335621.0,20600.0
2018-04-25,20320188.0,378636.0,25038.0,674802.0,280744.0,32465.0,78458.0,40793.0,17406.0,5079980.0,388770.0,59145.0,442590.0,123674.0,15000.0,1789867.0,1300.0
2018-04-26,16649951.0,133561.0,47140.0,521725.0,602250.0,59011.0,215142.0,46644.0,4552.0,2783187.0,240751.0,58492.0,74288.0,74128.0,0.0,287519.0,2083.0
2018-04-27,16649951.0,133561.0,47140.0,521725.0,602250.0,59011.0,215142.0,46644.0,4552.0,2783187.0,240751.0,58492.0,74288.0,74128.0,0.0,287519.0,2083.0
2018-04-30,16583150.0,245922.0,149774.0,543093.0,658986.0,212710.0,373137.0,178341.0,28163.0,4008623.0,935863.0,115648.0,621594.0,415335.0,11982.0,2087903.0,168473.0
2018-05-01,0.0,0.0,0.0,0.0,0.0,0.0,0.0,0.0,0.0,0.0,0.0,0.0,0.0,0.0,0.0,0.0,0.0
2018-05-02,12936543.0,254140.0,64629.0,299436.0,194993.0,62285.0,137050.0,38699.0,11122.0,4192697.0,2776344.0,44172.0,131818.0,200828.0,30776.0,741723.0,47955.0
2018-05-03,16028975.0,468475.0,123433.0,599307.0,684415.0,2211.0,445595.0,31543.0,7077.0,3817729.0,50624.0,61136.0,141236.0,379941.0,33546.0,889674.0,3500.0
2018-05-04,16028975.0,468475.0,123433.0,599307.0,684415.0,2211.0,445595.0,31543.0,7077.0,3817729.0,50624.0,61136.0,141236.0,379941.0,33546.0,889674.0,3500.0
2018-05-07,8968340.0,43402.0,22249.0,266425.0,100283.0,7089.0,61581.0,6061.0,1680.0,1313574.0,613196.0,70072.0,238846.0,18911.0,0.0,1348150.0,1070.0
2018-05-08,27490772.0,147697.0,58017.0,376590.0,287708.0,29068.0,157446.0,11938.0,4000.0,1324323.0,151305.0,26734.0,17449.0,453379.0,106.0,287297.0,0.0
2018-05-09,16116983.0,1478256.0,47584.0,252696.0,244766.0,24129.0,121761.0,93295.0,24934.0,1998280.0,218588.0,71065.0,355998.0,86633.0,0.0,2198388.0,27757.0
2018-05-10,16109816.0,114546.0,35092.0,313987.0,121270.0,4420.0,93291.0,24807.0,21157.0,4828195.0,213531.0,79032.0,4792939.0,125037.0,0.0,1001489.0,13254.0
2018-05-11,16109816.0,114546.0,35092.0,313987.0,121270.0,4420.0,93291.0,24807.0,21157.0,4828195.0,213531.0,79032.0,4792939.0,125037.0,0.0,1001489.0,13254.0
2018-05-14,0.0,0.0,0.0,0.0,0.0,0.0,0.0,0.0,0.0,0.0,0.0,0.0,0.0,0.0,0.0,0.0,0.0
2018-05-15,24354249.0,333817.0,28783.0,748634.0,160779.0,51351.0,107346.0,18706.0,19127.0,2353624.0,36622.0,48289.0,209303.0,71053.0,0.0,710820.0,2500.0
2018-05-16,17888339.0,52327.0,38052.0,410911.0,197432.0,36404.0,56502.0,5530.0,2397.0,2171381.0,372076.0,22281.0,250962.0,11938.0,0.0,990311.0,8801.0
2018-05-17,15789105.0,241885.0,77507.0,442544.0,399027.0,28892.0,183537.0,25347.0,9773.0,3925043.0,130435.0,81379.0,12467.0,42751.0,1163.0,769669.0,20271.0
2018-05-18,15789105.0,241885.0,77507.0,442544.0,399027.0,28892.0,183537.0,25347.0,9773.0,3925043.0,130435.0,81379.0,12467.0,42751.0,1163.0,769669.0,20271.0
2018-05-21,8976904.0,108408.0,29200.0,338543.0,253975.0,53648.0,114793.0,14902.0,12287.0,1616349.0,126669.0,87782.0,115333.0,190222.0,8583.0,1336408.0,44230.0
2018-05-22,8591944.0,202906.0,37345.0,304792.0,556931.0,148577.0,328872.0,85698.0,15250.0,6995196.0,292595.0,166699.0,517823.0,136543.0,0.0,1837158.0,51155.0
2018-05-23,13700566.0,318762.0,42418.0,491680.0,136315.0,602472.0,126718.0,70837.0,11744.0,4241727.0,155357.0,27741.0,89754.0,330379.0,0.0,1657210.0,15280.0
2018-05-24,21049094.0,346885.0,67636.0,360551.0,315062.0,48869.0,172484.0,70526.0,22596.0,5470061.0,66215.0,403775.0,44570.0,61260.0,0.0,1957117.0,9756.0
2018-05-25,21049094.0,346885.0,67636.0,360551.0,315062.0,48869.0,172484.0,70526.0,22596.0,5470061.0,66215.0,403775.0,44570.0,61260.0,0.0,1957117.0,9756.0
2018-05-28,5455141.0,166336.0,42652.0,166185.0,128501.0,2569.0,100421.0,4577.0,282.0,1707375.0,63135.0,46770.0,1042975.0,15245.0,0.0,5206241.0,5707.0
2018-05-29,30216473.0,299105.0,112646.0,177173.0,523807.0,247144.0,211777.0,115251.0,17585.0,1163028.0,111317.0,167060.0,20899.0,51896.0,22358.0,411035.0,0.0
2018-05-30,17779156.0,1163379.0,976521.0,413021.0,359264.0,72627.0,248127.0,84757.0,12609.0,5270560.0,374215.0,325397.0,44273.0,117884.0,58086.0,1861826.0,28211.0
2018-05-31,31990505.0,1399443.0,673866.0,3276985.0,1483013.0,104922.0,676625.0,92741.0,21126.0,26852949.0,403356.0,423107.0,722583.0,121199.0,124507.0,1680022.0,0.0
2018-06-01,31990505.0,1399443.0,673866.0,3276985.0,1483013.0,104922.0,676625.0,92741.0,21126.0,26852949.0,403356.0,423107.0,722583.0,121199.0,124507.0,1680022.0,0.0
2018-06-04,0.0,0.0,0.0,0.0,0.0,0.0,0.0,0.0,0.0,0.0,0.0,0.0,0.0,0.0,0.0,0.0,0.0
2018-06-05,10739782.0,268323.0,208743.0,531229.0,280476.0,25114.0,416207.0,197316.0,6931.0,4878858.0,53631.0,30082.0,314785.0,96566.0,0.0,628351.0,16348.0
2018-06-06,11052273.0,525166.0,37741.0,318689.0,342807.0,39630.0,348297.0,286700.0,8527.0,1637424.0,809780.0,169946.0,59644.0,51754.0,795.0,677206.0,21780.0
2018-06-07,6633669.0,201968.0,14514.0,307039.0,228961.0,20467.0,142433.0,112978.0,16033.0,4669231.0,1371258.0,145180.0,13893.0,429063.0,0.0,307870.0,4529.0
2018-06-08,6633669.0,201968.0,14514.0,307039.0,228961.0,20467.0,142433.0,112978.0,16033.0,4669231.0,1371258.0,145180.0,13893.0,429063.0,0.0,307870.0,4529.0
2018-06-11,0.0,0.0,0.0,0.0,0.0,0.0,0.0,0.0,0.0,0.0,0.0,0.0,0.0,0.0,0.0,0.0,0.0
2018-06-12,9577879.0,208644.0,40084.0,404701.0,305273.0,2500.0,201158.0,611.0,12838.0,13988049.0,104947.0,50070.0,215650.0,36412.0,0.0,1998222.0,0.0
2018-06-13,6428358.0,196537.0,50753.0,324760.0,362091.0,41484.0,303011.0,17362.0,14752.0,3696511.0,205759.0,99479.0,28984.0,36439.0,0.0,643837.0,10745.0
2018-06-14,6623430.0,154930.0,55473.0,299133.0,639252.0,36817.0,311119.0,240565.0,17891.0,9996503.0,209268.0,558009.0,48368.0,97030.0,0.0,2159489.0,36247.0
2018-06-15,6623430.0,154930.0,55473.0,299133.0,639252.0,36817.0,311119.0,240565.0,17891.0,9996503.0,209268.0,558009.0,48368.0,97030.0,0.0,2159489.0,36247.0
2018-06-18,11007236.0,312056.0,116965.0,581706.0,382971.0,15966.0,524345.0,150380.0,6341.0,6934397.0,305670.0,299259.0,64210.0,123982.0,0.0,2238337.0,542.0
2018-06-19,8412981.0,399372.0,74322.0,560402.0,722861.0,21692.0,182755.0,650690.0,21067.0,3081062.0,179819.0,48425.0,70331.0,17536.0,0.0,987459.0,25203.0
2018-06-20,19876293.0,144114.0,89039.0,600790.0,606419.0,384769.0,128197.0,354805.0,43248.0,4940684.0,285970.0,43316.0,99239.0,147992.0,0.0,1179358.0,18428.0
2018-06-21,16288179.0,204614.0,59050.0,1409674.0,599357.0,58888.0,574130.0,485099.0,12892.0,5724020.0,387349.0,54852.0,310325.0,86097.0,0.0,4400685.0,53540.0
2018-06-22,16288179.0,204614.0,59050.0,1409674.0,599357.0,58888.0,574130.0,485099.0,12892.0,5724020.0,387349.0,54852.0,310325.0,86097.0,0.0,4400685.0,53540.0
2018-06-25,6008351.0,102421.0,70711.0,296141.0,509389.0,263474.0,299426.0,247746.0,6099.0,2812110.0,275688.0,45401.0,62159.0,77652.0,101.0,593215.0,13821.0
2018-06-26,12069217.0,222146.0,69220.0,392483.0,1040328.0,517079.0,274709.0,371466.0,6775.0,8136718.0,160496.0,85396.0,302197.0,99748.0,0.0,1589546.0,22926.0
2018-06-27,11116758.0,125414.0,52870.0,486542.0,725861.0,560843.0,158738.0,38189.0,18528.0,5668557.0,394464.0,19139.0,565418.0,118118.0,0.0,3416766.0,13320.0
2018-06-28,8542495.0,213292.0,40807.0,747742.0,224524.0,12399.0,158544.0,59154.0,64513.0,2106444.0,165121.0,30241.0,124693.0,36013.0,110468.0,2299965.0,16260.0
2018-06-29,8542495.0,213292.0,40807.0,747742.0,224524.0,12399.0,158544.0,59154.0,64513.0,2106444.0,165121.0,30241.0,124693.0,36013.0,110468.0,2299965.0,16260.0
2018-07-02,0.0,0.0,0.0,0.0,0.0,0.0,0.0,0.0,0.0,0.0,0.0,0.0,0.0,0.0,0.0,0.0,0.0
2018-07-03,6264362.0,442757.0,117412.0,229564.0,205098.0,9515.0,116032.0,2383.0,9775.0,3547187.0,7768.0,467373.0,79446.0,6283.0,0.0,892107.0,3583.0
2018-07-04,2377383.0,20766.0,703.0,34475.0,71087.0,6960.0,20304.0,145.0,1962.0,448782.0,37745.0,14689.0,81805.0,5252.0,0.0,596742.0,625.0
2018-07-05,8018256.0,316384.0,65832.0,268671.0,1245082.0,28249.0,162172.0,35702.0,9533.0,3137576.0,271675.0,52477.0,43126.0,62359.0,8385.0,1029659.0,28635.0
2018-07-06,8018256.0,316384.0,65832.0,268671.0,1245082.0,28249.0,162172.0,35702.0,9533.0,3137576.0,271675.0,52477.0,43126.0,62359.0,8385.0,1029659.0,28635.0
2018-07-09,12479255.0,154139.0,98026.0,406387.0,90914.0,39186.0,174594.0,67319.0,3934.0,5762911.0,85640.0,45803.0,23400.0,496661.0,382.0,358118.0,31342.0
2018-07-10,10187398.0,302620.0,62960.0,281217.0,258944.0,59299.0,202126.0,51751.0,6056.0,2369759.0,327134.0,41982.0,208497.0,730253.0,6945.0,937789.0,34407.0
2018-07-11,8161239.0,159522.0,63829.0,237551.0,153010.0,33859.0,210806.0,74361.0,3654.0,1140334.0,330186.0,19761.0,1026192.0,367742.0,0.0,1009575.0,10027.0
2018-07-12,11450756.0,155825.0,58502.0,187311.0,281080.0,21405.0,151528.0,58696.0,13245.0,1826879.0,255418.0,9824.0,365488.0,45444.0,6575.0,1281374.0,0.0
2018-07-13,11450756.0,155825.0,58502.0,187311.0,281080.0,21405.0,151528.0,58696.0,13245.0,1826879.0,255418.0,9824.0,365488.0,45444.0,6575.0,1281374.0,0.0
2018-07-16,11523267.0,44238.0,47587.0,273630.0,601646.0,231411.0,103604.0,42208.0,7784.0,1691382.0,345889.0,56241.0,199841.0,211669.0,751.0,2313584.0,29901.0
2018-07-17,7721833.0,236711.0,24513.0,467780.0,112080.0,57658.0,144148.0,46695.0,5182.0,2704173.0,275338.0,113430.0,13035160.0,86158.0,23618.0,1780273.0,14661.0
2018-07-18,6749112.0,80185.0,45381.0,171744.0,179352.0,32229.0,290226.0,168422.0,12304.0,6966078.0,408402.0,50151.0,88780.0,456970.0,1625.0,738289.0,11043.0
2018-07-19,6749112.0,80185.0,45381.0,171744.0,179352.0,32229.0,290226.0,168422.0,12304.0,6966078.0,408402.0,50151.0,88780.0,456970.0,1625.0,738289.0,11043.0
2018-07-20,0.0,0.0,0.0,0.0,0.0,0.0,0.0,0.0,0.0,0.0,0.0,0.0,0.0,0.0,0.0,0.0,0.0
2018-07-23,4729684.0,94986.0,32415.0,131819.0,208162.0,23525.0,141940.0,17754.0,10360.0,1503390.0,399042.0,20334.0,48458.0,85064.0,11699.0,368745.0,5600.0
2018-07-24,4971962.0,106384.0,31790.0,81799.0,1109604.0,19665.0,104151.0,48609.0,27535.0,5354875.0,1162129.0,49289.0,692525.0,162137.0,68627.0,405471.0,25901.0
2018-07-25,7339026.0,2905926.0,2098069.0,223534.0,148005.0,65665.0,46709.0,44101.0,2742.0,10412754.0,629762.0,28470.0,149986.0,53419.0,11500.0,1280325.0,11279.0
2018-07-26,6349490.0,385863.0,208812.0,161624.0,291327.0,38723.0,249424.0,244171.0,6812.0,2149641.0,286775.0,34002.0,18519.0,107100.0,0.0,4186146.0,14946.0
2018-07-27,6349490.0,385863.0,208812.0,161624.0,291327.0,38723.0,249424.0,244171.0,6812.0,2149641.0,286775.0,34002.0,18519.0,107100.0,0.0,4186146.0,14946.0
2018-07-30,13245670.0,93992.0,129662.0,238080.0,231028.0,5369.0,158761.0,100960.0,1557.0,7155873.0,87705.0,62934.0,56433.0,131602.0,0.0,1500204.0,3636.0
2018-07-31,11049846.0,910341.0,168908.0,351298.0,417504.0,293385.0,193716.0,890707.0,14056.0,174811778.0,930430.0,141646.0,131469.0,177186.0,2140.0,2688308.0,44977.0
2018-08-01,9668493.0,161176.0,37733.0,543193.0,166686.0,49958.0,125450.0,33794.0,26445.0,5452547.0,126427.0,22401.0,46733.0,71408.0,7471.0,1680577.0,18932.0
2018-08-02,5263757.0,183500.0,11678.0,133640.0,41942.0,55528.0,86042.0,22042.0,10439.0,10939091.0,101663.0,263718.0,58419.0,44681.0,618.0,6315971.0,21962.0
2018-08-03,5263757.0,183500.0,11678.0,133640.0,41942.0,55528.0,86042.0,22042.0,10439.0,10939091.0,101663.0,263718.0,58419.0,44681.0,618.0,6315971.0,21962.0
2018-08-06,3443163.0,59383.0,12951.0,152832.0,123831.0,55917.0,92918.0,41644.0,0.0,2133134.0,2102.0,46873.0,197681.0,14042.0,0.0,221525.0,0.0
2018-08-07,0.0,0.0,0.0,0.0,0.0,0.0,0.0,0.0,0.0,0.0,0.0,0.0,0.0,0.0,0.0,0.0,0.0
2018-08-08,6418299.0,61386.0,44259.0,296161.0,137659.0,26242.0,195950.0,191411.0,6166.0,5743175.0,202044.0,63002.0,420466.0,162942.0,3000.0,443504.0,19008.0
2018-08-09,14488186.0,82369.0,63622.0,520799.0,248720.0,91960.0,155912.0,99103.0,10592.0,2431363.0,965871.0,36433.0,333965.0,54353.0,40004.0,6632751.0,29039.0
2018-08-10,14488186.0,82369.0,63622.0,520799.0,248720.0,91960.0,155912.0,99103.0,10592.0,2431363.0,965871.0,36433.0,333965.0,54353.0,40004.0,6632751.0,29039.0
2018-08-13,6514274.0,43308.0,7455.0,154380.0,93196.0,11024.0,56206.0,10659.0,3543.0,4221075.0,1692704.0,53500.0,919610.0,50743.0,11606.0,1330660.0,2883.0
2018-08-14,7673084.0,33313.0,12916.0,83550.0,29939.0,7724.0,35804.0,6454.0,3965.0,1200069.0,52608.0,10130.0,189936.0,22656.0,233.0,221406.0,2874.0
2018-08-15,18888018.0,77470.0,34833.0,1133114.0,257319.0,41456.0,135601.0,38498.0,7238.0,13286250.0,210716.0,57485.0,490188.0,89236.0,2106.0,1221687.0,35425.0
2018-08-16,7319286.0,151225.0,100934.0,1074733.0,176061.0,226887.0,2575995.0,232051.0,5711.0,5135591.0,150280.0,34872.0,456378.0,95717.0,87894.0,3652122.0,105253.0
2018-08-17,7319286.0,151225.0,100934.0,1074733.0,176061.0,226887.0,2575995.0,232051.0,5711.0,5135591.0,150280.0,34872.0,456378.0,95717.0,87894.0,3652122.0,105253.0
2018-08-20,0.0,0.0,0.0,0.0,0.0,0.0,0.0,0.0,0.0,0.0,0.0,0.0,0.0,0.0,0.0,0.0,0.0
2018-08-21,12711478.0,101230.0,45690.0,236570.0,77544.0,10007.0,227279.0,6429.0,1578.0,8622458.0,54172.0,356398.0,216400.0,52969.0,1600.0,714251.0,5420.0
2018-08-22,12451012.0,155542.0,24212.0,227308.0,485231.0,110814.0,551281.0,150671.0,8248.0,4394552.0,1116128.0,146470.0,164640.0,84603.0,0.0,985876.0,45505.0
2018-08-23,7774766.0,43083.0,27225.0,212671.0,97305.0,8964.0,418379.0,341293.0,2868.0,3311555.0,1103435.0,76621.0,455877.0,63521.0,0.0,439879.0,7981.0
2018-08-24,7774766.0,43083.0,27225.0,212671.0,97305.0,8964.0,418379.0,341293.0,2868.0,3311555.0,1103435.0,76621.0,455877.0,63521.0,0.0,439879.0,7981.0
2018-08-27,6358829.0,495426.0,49367.0,115838.0,542532.0,48782.0,128162.0,8282.0,19102.0,1860908.0,111370.0,51893.0,213847.0,33880.0,0.0,1059188.0,17037.0
2018-08-28,11295869.0,114728.0,221321.0,257770.0,238891.0,28360.0,91210.0,364534.0,115.0,1334979.0,167234.0,19058.0,365761.0,38091.0,0.0,265186.0,17824.0
2018-08-29,11463307.0,1958406.0,51727.0,388743.0,141510.0,25894.0,112503.0,516000.0,9241.0,3979420.0,98864.0,61908.0,291486.0,57888.0,0.0,844281.0,44805.0
2018-08-30,9527838.0,313595.0,56663.0,68404.0,422642.0,73992.0,1599279.0,4311.0,11786.0,1691814.0,762728.0,31851.0,25596.0,156009.0,25143.0,1733667.0,28400.0
2018-08-31,9527838.0,313595.0,56663.0,68404.0,422642.0,73992.0,1599279.0,4311.0,11786.0,1691814.0,762728.0,31851.0,25596.0,156009.0,25143.0,1733667.0,28400.0
2018-09-03,1050647.0,6974.0,6544.0,9074.0,37142.0,1429.0,9327.0,3390.0,1020.0,2581729.0,9279.0,19031.0,19200.0,11006.0,0.0,440291.0,0.0
2018-09-04,10856040.0,352118.0,22018.0,50487.0,314563.0,24050.0,95155.0,15816.0,4561.0,1629353.0,1193909.0,15921.0,45182.0,119092.0,29946.0,1344485.0,11728.0
2018-09-05,10502983.0,407858.0,66086.0,389973.0,546031.0,57083.0,346700.0,55329.0,5647.0,2749557.0,59415.0,594712.0,40446.0,230755.0,1530.0,1438587.0,33844.0
2018-09-06,7824380.0,322372.0,87148.0,387144.0,782558.0,9720.0,262462.0,22471.0,11073.0,5071991.0,178977.0,535182.0,227919.0,534663.0,80748.0,8267266.0,11321.0
2018-09-07,7824380.0,322372.0,87148.0,387144.0,782558.0,9720.0,262462.0,22471.0,11073.0,5071991.0,178977.0,535182.0,227919.0,534663.0,80748.0,8267266.0,11321.0
2018-09-10,8714286.0,189703.0,31656.0,378218.0,1114990.0,36552.0,187712.0,27308.0,8692.0,1229245.0,107104.0,48826.0,214115.0,58844.0,12096.0,628287.0,20894.0
2018-09-11,14248165.0,126390.0,23475.0,134389.0,244205.0,56930.0,63369.0,15478.0,5025.0,2844131.0,262123.0,59300.0,305087.0,31967.0,18300.0,1002438.0,2034.0
2018-09-12,39334861.0,389809.0,166501.0,968270.0,878247.0,11592.0,543042.0,2260.0,107.0,12656183.0,502970.0,111449.0,425027.0,94657.0,10000.0,899489.0,0.0
2018-09-13,20313517.0,202967.0,39051.0,166356.0,419734.0,3793.0,155513.0,29242.0,0.0,3512071.0,56944.0,11484.0,320091.0,106584.0,0.0,550914.0,5000.0
2018-09-14,20313517.0,202967.0,39051.0,166356.0,419734.0,3793.0,155513.0,29242.0,0.0,3512071.0,56944.0,11484.0,320091.0,106584.0,0.0,550914.0,5000.0
2018-09-17,10148892.0,56692.0,14016.0,163539.0,225167.0,60852.0,28094.0,8008.0,5991.0,3451453.0,905343.0,287617.0,162912.0,29471.0,0.0,553563.0,4787.0
2018-09-18,15456002.0,22404.0,28210.0,246780.0,1168936.0,3921.0,20649.0,5686.0,18578.0,1978328.0,38315.0,16084.0,162120.0,192058.0,0.0,1271192.0,23801.0
2018-09-19,9418841.0,80859.0,75660.0,198441.0,606459.0,24744.0,177238.0,1055783.0,3366.0,1970869.0,683920.0,163309.0,390230.0,19066.0,3887.0,655911.0,27016.0
2018-09-20,17197063.0,379360.0,57909.0,118889.0,1157151.0,20443.0,344317.0,157932.0,12078.0,1891686.0,80060.0,85291.0,123281.0,227210.0,251678.0,800660.0,813.0
2018-09-21,17197063.0,379360.0,57909.0,118889.0,1157151.0,20443.0,344317.0,157932.0,12078.0,1891686.0,80060.0,85291.0,123281.0,227210.0,251678.0,800660.0,813.0
2018-09-24,14600630.0,68915.0,22043.0,456868.0,84595.0,15036.0,549469.0,5850.0,14896.0,2357996.0,40829.0,31040.0,160508.0,41150.0,2390.0,919259.0,0.0
2018-09-25,11925910.0,126255.0,404685.0,156893.0,145639.0,24400.0,71826.0,160.0,0.0,1386377.0,837090.0,207620.0,102300.0,86374.0,112754.0,432653.0,578.0
2018-09-26,13196514.0,169702.0,104609.0,400747.0,443452.0,5673.0,100169.0,360391.0,2570.0,1412483.0,2018163.0,8625.0,45077.0,161430.0,1600.0,165974.0,1455.0
2018-09-27,12282181.0,111661.0,27225.0,124641.0,416566.0,60319.0,102604.0,0.0,51003.0,10705910.0,68190.0,85278.0,31212.0,37294.0,2191.0,545755.0,1842.0
2018-09-28,12282181.0,111661.0,27225.0,124641.0,416566.0,60319.0,102604.0,0.0,51003.0,10705910.0,68190.0,85278.0,31212.0,37294.0,2191.0,545755.0,1842.0
2018-10-01,10917747.0,172971.0,58137.0,84978.0,1464102.0,16333.0,81139.0,24591.0,752.0,1874658.0,500055.0,21457.0,361719.0,37919.0,573447.0,914686.0,1257.0
2018-10-02,10917747.0,172971.0,58137.0,84978.0,1464102.0,16333.0,81139.0,24591.0,752.0,1874658.0,500055.0,21457.0,361719.0,37919.0,573447.0,914686.0,1257.0
2018-10-03,12111665.0,77754.0,5932.0,97638.0,645656.0,11525.0,501422.0,246.0,1355.0,1038321.0,396850.0,266163.0,108676348.0,95812.0,23273.0,3348562.0,57026.0
2018-10-04,8424196.0,116168.0,42414.0,218520.0,168119.0,61401.0,66125.0,39149.0,388.0,1648156.0,152267.0,16860.0,237373.0,84741.0,476.0,1227487.0,2883.0
2018-10-05,7168472.0,71955.0,12569.0,219212.0,273043.0,106892.0,144728.0,14394.0,1452.0,944475.0,86731.0,29298.0,241863.0,119489.0,136530.0,1212236.0,1930.0
2018-10-08,0.0,0.0,0.0,0.0,0.0,0.0,0.0,0.0,0.0,0.0,0.0,0.0,0.0,0.0,0.0,0.0,0.0
2018-10-09,0.0,0.0,0.0,0.0,0.0,0.0,0.0,0.0,0.0,0.0,0.0,0.0,0.0,0.0,0.0,0.0,0.0
2018-10-10,16971940.0,233234.0,33489.0,303295.0,181024.0,52217.0,223836.0,12621.0,7983.0,7062020.0,44520.0,17523.0,3719.0,10658.0,781.0,1381293.0,0.0
2018-10-11,16971940.0,233234.0,33489.0,303295.0,181024.0,52217.0,223836.0,12621.0,7983.0,7062020.0,44520.0,17523.0,3719.0,10658.0,781.0,1381293.0,0.0
2018-10-12,18863255.0,333484.0,30282.0,214573.0,679607.0,1310.0,161311.0,37294.0,4942.0,5843551.0,254553.0,61798.0,461953.0,54677.0,52000.0,644540.0,6018.0
2018-10-15,0.0,0.0,0.0,0.0,0.0,0.0,0.0,0.0,0.0,0.0,0.0,0.0,0.0,0.0,0.0,0.0,0.0
2018-10-16,14927040.0,84671.0,24864.0,112713.0,232297.0,5550.0,1917316.0,4941484.0,744.0,18922001.0,252092.0,72056.0,235947.0,40485.0,4023.0,789676.0,45000.0
2018-10-17,14927040.0,84671.0,24864.0,112713.0,232297.0,5550.0,1917316.0,4941484.0,744.0,18922001.0,252092.0,72056.0,235947.0,40485.0,4023.0,789676.0,45000.0
2018-10-18,14355175.0,74870.0,13336.0,81403.0,169982.0,13202.0,16391212.0,396617.0,8346.0,2730884.0,47628.0,92820.0,1037013.0,152229.0,5000.0,2424866.0,0.0
2018-10-19,11056166.0,119280.0,59605.0,104630.0,117822.0,113319.0,904046.0,3035928.0,25482.0,2529995.0,421123.0,23505.0,5593092.0,32045.0,3130.0,8071707.0,9887.0
2018-10-22,10439667.0,92440.0,19686.0,80633.0,105706.0,1412.0,194238.0,4997.0,666.0,22527426.0,284630.0,18042.0,339669.0,21056.0,0.0,2037083.0,865.0
2018-10-23,10439667.0,92440.0,19686.0,80633.0,105706.0,1412.0,194238.0,4997.0,666.0,22527426.0,284630.0,18042.0,339669.0,21056.0,0.0,2037083.0,865.0
2018-10-24,21589698.0,271887.0,22686.0,326445.0,1046035.0,3947.0,1026738.0,25511.0,7145.0,2132890.0,707739.0,33817.0,384152.0,165650.0,0.0,1957599.0,35325.0
2018-10-25,14531835.0,128400.0,45689.0,204897.0,334084.0,8758.0,246767.0,16767.0,269.0,3330616.0,796668.0,170589.0,384937.0,239311.0,0.0,1541585.0,82.0
2018-10-26,10998574.0,17699452.0,33067.0,168881.0,780546.0,9097.0,589974.0,198672.0,11183.0,3654856.0,84617.0,618036.0,23780.0,13400.0,0.0,1083370.0,28215.0
2018-10-29,13411134.0,179173.0,28613.0,199255.0,344785.0,3920.0,246505.0,50558.0,11168.0,27506750.0,141629.0,23456.0,695961.0,215607.0,27633.0,831192.0,36664.0
2018-10-30,13411134.0,179173.0,28613.0,199255.0,344785.0,3920.0,246505.0,50558.0,11168.0,27506750.0,141629.0,23456.0,695961.0,215607.0,27633.0,831192.0,36664.0
2018-10-31,13259255.0,608669.0,54529.0,331898.0,536129.0,47012.0,735567.0,15321.0,43172.0,2857721.0,246554.0,48772.0,3897358.0,264009.0,4500.0,4364958.0,1132.0
2018-11-01,19988688.0,986311.0,266316.0,902564.0,918736.0,267219.0,612330.0,158301.0,59090.0,7769773.0,649443.0,604693.0,1836357.0,405410.0,0.0,34553401.0,3252635.0
2018-11-02,20423762.0,293082.0,200068.0,143365.0,301949.0,148402.0,188852.0,73957.0,50112.0,11758602.0,478216.0,341336.0,815425.0,255296.0,1386.0,4172037.0,557999.0
2018-11-05,0.0,0.0,0.0,0.0,0.0,0.0,0.0,0.0,0.0,0.0,0.0,0.0,0.0,0.0,0.0,0.0,0.0
2018-11-06,16632301.0,388206.0,149290.0,255158.0,464479.0,17726.0,339788.0,49398.0,22903.0,9435451.0,135645.0,23783.0,139659.0,199201.0,0.0,2886804.0,7417817.0
2018-11-07,16632301.0,388206.0,149290.0,255158.0,464479.0,17726.0,339788.0,49398.0,22903.0,9435451.0,135645.0,23783.0,139659.0,199201.0,0.0,2886804.0,7417817.0
2018-11-08,6368643.0,710953.0,285729.0,353973.0,772660.0,62411.0,996982.0,60483.0,15708.0,4906681.0,152143.0,104184.0,981495.0,252976.0,1000.0,1568604.0,3835.0
2018-11-09,6625652.0,704233.0,26052.0,434354.0,312894.0,48882.0,481007.0,109592.0,63728.0,2529701.0,132986.0,59631.0,224679.0,244525.0,442.0,1379576.0,22767.0
2018-11-12,0.0,0.0,0.0,0.0,0.0,0.0,0.0,0.0,0.0,0.0,0.0,0.0,0.0,0.0,0.0,0.0,0.0
2018-11-13,16995386.0,54385.0,22631.0,33020.0,373169.0,14766.0,170569.0,1874.0,15361.0,2676647.0,270060.0,119842.0,0.0,22803.0,5456.0,196977.0,0.0
2018-11-14,16995386.0,54385.0,22631.0,33020.0,373169.0,14766.0,170569.0,1874.0,15361.0,2676647.0,270060.0,119842.0,0.0,22803.0,5456.0,196977.0,0.0
2018-11-15,7679936.0,493962.0,28308.0,194793.0,481525.0,44439.0,915764.0,180795.0,7958.0,2467982.0,42291.0,582653.0,467914.0,176402.0,4396.0,1375248.0,1544.0
2018-11-16,9607023.0,379040.0,352504.0,284346.0,1690310.0,39646.0,776962.0,577354.0,22566.0,6392941.0,70323.0,64010.0,97276.0,108606.0,0.0,1181280.0,0.0
2018-11-19,10232438.0,76994.0,40416.0,165956.0,190426.0,2056.0,193912.0,7300.0,14269.0,2953802.0,11271.0,22570.0,286953.0,60180.0,242.0,302067.0,40283.0
2018-11-20,19450389.0,175989.0,111052.0,288311.0,598478.0,304491.0,246465.0,101495.0,12157.0,2223584.0,127310.0,113770.0,1473.0,97557.0,1461.0,332443.0,30439.0
2018-11-21,14925956.0,540577.0,22699.0,314054.0,630960.0,292544.0,559910.0,74206.0,31877.0,9875153.0,198699.0,474331.0,521328.0,56781.0,1635.0,1173891.0,25273.0
2018-11-22,934743.0,34199.0,3699.0,61260.0,25350.0,5055.0,28247.0,5580.0,19679.0,1329659.0,40002.0,28538.0,2088418.0,12774.0,1635.0,144497.0,25273.0
2018-11-23,6399259.0,119965.0,2195.0,68705.0,118774.0,8797.0,175603.0,72621.0,1172.0,1037333.0,25795.0,85923.0,649346.0,21404.0,1000.0,369285.0,67091.0
2018-11-26,9311343.0,370680.0,37463.0,278700.0,302801.0,70566.0,317965.0,4590.0,19209.0,4006759.0,226145.0,102342.0,230572.0,54877.0,0.0,874947.0,0.0
2018-11-27,8308975.0,432674.0,120844.0,606659.0,485206.0,43579.0,134008.0,23049.0,8265.0,7106079.0,130437.0,484873.0,373580.0,100231.0,0.0,370321.0,0.0
2018-11-28,8624702.0,282901.0,52852.0,329366.0,194907.0,56123.0,407796.0,34703.0,5996.0,8969902.0,643029.0,96867.0,299152.0,120443.0,0.0,3058719.0,0.0
2018-11-29,5244413.0,163300.0,47207.0,273899.0,507843.0,4400.0,171722.0,32634.0,3826.0,7242294.0,197973.0,312866.0,430097.0,376713.0,3511.0,557783.0,1036897.0
2018-11-30,13431997.0,770875.0,211902.0,789192.0,1142046.0,160557.0,823566.0,95892.0,31161.0,6043649.0,158202.0,70307.0,550629.0,52974.0,3511.0,1292024.0,4644.0
2018-12-03,10101567.0,1038936.0,992305.0,293717.0,464888.0,180457.0,323554.0,84847.0,3145.0,3524108.0,237215.0,76985.0,811550.0,16203.0,39880.0,1190153.0,0.0
2018-12-04,13854527.0,450246.0,1342322.0,530492.0,237649.0,28154.0,155934.0,22013.0,2885.0,4319779.0,84810.0,96445.0,271572.0,33390.0,63993.0,1137400.0,8579.0
2018-12-05,1978815.0,196226.0,52706.0,132967.0,761431.0,169091.0,114392.0,40242.0,21375.0,1414683.0,25000.0,10526.0,34489.0,64902.0,4572.0,1517757.0,8470.0
2018-12-06,16609818.0,327932.0,48608.0,452317.0,421791.0,46494.0,137600.0,50791.0,1544.0,3757247.0,58575.0,60294.0,524154.0,62345.0,4572.0,207150.0,8470.0
2018-12-07,6760129.0,90024.0,26349.0,374312.0,813221.0,25670.0,177867.0,209887.0,4129.0,12144894.0,201898.0,112340.0,1452487.0,42777.0,16373.0,460353.0,451070.0
2018-12-10,6282141.0,35360.0,52074.0,118195.0,56234.0,201048.0,204353.0,2314.0,1322.0,855827.0,342970.0,7992.0,175116.0,6889.0,0.0,373604.0,0.0
2018-12-11,9665068.0,496584.0,92689.0,515901.0,518006.0,21284.0,250039.0,64944.0,10855.0,2114224.0,79807.0,63745.0,67353.0,35450.0,17650.0,884107.0,0.0
2018-12-12,13562497.0,314714.0,368542.0,553321.0,636732.0,56378.0,469514.0,31110.0,5210.0,12000305.0,553583.0,350235.0,581776.0,118714.0,6250.0,952617.0,0.0
2018-12-13,9908391.0,256777.0,30590.0,333738.0,136751.0,865.0,200139.0,30925.0,22753.0,2470243.0,73055.0,87774.0,30421.0,185603.0,10245.0,4330324.0,0.0
2018-12-14,4207407.0,466683.0,35031.0,245315.0,752630.0,91440.0,175733.0,20743.0,11130.0,7604719.0,169243.0,527273.0,422946.0,53065.0,10245.0,367348.0,6721.0
2018-12-17,5896945.0,124192.0,26270.0,323418.0,523850.0,16058.0,539758.0,107988.0,12418.0,3273512.0,250631.0,246666.0,676806.0,27131.0,13000.0,701132.0,5000.0
2018-12-18,7065095.0,126346.0,70681.0,540699.0,303613.0,74526.0,188011.0,97827.0,11089.0,1790714.0,52789.0,203413.0,70107.0,65649.0,1055.0,342825.0,5156.0
2018-12-19,5674603.0,484215.0,250932.0,549295.0,625817.0,89752.0,292584.0,76476.0,25499.0,6502696.0,478075.0,213872.0,116634.0,23820.0,21771.0,934948.0,5156.0
2018-12-20,5934871.0,627635.0,48665.0,388990.0,322303.0,138057.0,519724.0,64381.0,4576.0,6333985.0,87902.0,602539.0,1945093.0,105420.0,6797.0,329703.0,5497.0
2018-12-21,10728528.0,962598.0,861600.0,713750.0,770725.0,288200.0,1262584.0,115842.0,19539.0,18189875.0,311889.0,568087.0,4114561.0,275140.0,6797.0,1773975.0,1758.0
2018-12-24,870803.0,114749.0,58250.0,72908.0,241686.0,38499.0,128534.0,60272.0,3510.0,318866.0,13583.0,280174.0,100000.0,81843.0,0.0,1058382.0,1000.0
2018-12-25,0.0,0.0,0.0,0.0,0.0,0.0,0.0,0.0,0.0,0.0,0.0,0.0,0.0,0.0,0.0,0.0,0.0
2018-12-26,1948568.0,56284.0,30481.0,27818.0,48164.0,6320.0,49106.0,50933.0,3235.0,146509.0,20792.0,10184.0,13500.0,2682.0,3470.0,248447.0,0.0
2018-12-27,1254598.0,307263.0,77728.0,229420.0,98099.0,6420.0,78514.0,50933.0,624.0,1104577.0,18595.0,38202.0,211621.0,49366.0,3470.0,124255.0,0.0
2018-12-28,1221981.0,119139.0,77769.0,188696.0,60933.0,27755.0,194272.0,179763.0,1821.0,741778.0,34982.0,99906.0,21500.0,185406.0,0.0,1644592.0,1208.0
2018-12-31,0.0,0.0,0.0,0.0,0.0,0.0,0.0,0.0,0.0,0.0,0.0,0.0,0.0,0.0,0.0,0.0,0.0
2019-01-01,0.0,0.0,0.0,0.0,0.0,0.0,0.0,0.0,0.0,0.0,0.0,0.0,0.0,0.0,0.0,0.0,0.0
2019-01-02,3248654.0,23092.0,9990.0,114425.0,26106.0,0.0,36406.0,2000.0,1478.0,332897.0,0.0,13118.0,294858.0,0.0,0.0,74023.0,0.0
2019-01-03,3564545.0,406092.0,51415.0,226936.0,125765.0,4109.0,311719.0,196257.0,2358.0,1280743.0,15987.0,11724.0,139940.0,11954.0,0.0,76251.0,0.0
2019-01-04,6283276.0,251931.0,25330.0,121745.0,186896.0,16689.0,119222.0,66394.0,7626.0,1517098.0,84175.0,75771.0,234290.0,24706.0,0.0,270668.0,0.0
2019-01-07,0.0,0.0,0.0,0.0,0.0,0.0,0.0,0.0,0.0,0.0,0.0,0.0,0.0,0.0,0.0,0.0,0.0
2019-01-08,10433247.0,513093.0,243173.0,510695.0,246784.0,11998.0,574063.0,93388.0,12387.0,9520802.0,189628.0,51665.0,211270.0,248726.0,0.0,978850.0,460.0
2019-01-09,19261532.0,675838.0,147230.0,485823.0,857614.0,134662.0,508025.0,146242.0,3540.0,23161980.0,63785.0,308922.0,304430.0,232779.0,0.0,1212193.0,460.0
2019-01-10,8057694.0,538050.0,43689.0,365659.0,295556.0,61843.0,236414.0,17742.0,2222.0,3209889.0,120876.0,63641.0,177704.0,23849.0,0.0,5782224.0,1100.0
2019-01-11,6321562.0,645778.0,89471.0,453186.0,359830.0,49568.0,170232.0,47022.0,9576.0,4830626.0,397501.0,25662.0,201873.0,73815.0,0.0,6996996.0,6462.0
2019-01-14,6623394.0,2168208.0,25801.0,581865.0,513760.0,16488.0,209453.0,18561.0,6291.0,4658001.0,71499.0,20968.0,145410.0,218948.0,0.0,2009820.0,0.0
2019-01-15,7237761.0,243244.0,200949.0,322976.0,329496.0,118488.0,286205.0,34933.0,11694.0,2164394.0,190538.0,6217.0,69878.0,542478.0,0.0,2885723.0,40738.0
2019-01-16,4357159.0,408587.0,41168.0,595485.0,348711.0,81265.0,134962.0,190616.0,6299.0,3648207.0,321908.0,375129.0,33956.0,146516.0,52606.0,3200806.0,37552.0
2019-01-17,8334890.0,178655.0,51794.0,476155.0,480544.0,3972.0,137246.0,79257.0,2492.0,2575103.0,15000.0,201719.0,328381.0,120709.0,12654.0,2255244.0,37552.0
2019-01-18,7826480.0,323850.0,58837.0,875422.0,820409.0,16710.0,366176.0,3528.0,59934.0,3016508.0,2262457.0,195873.0,92518.0,12737.0,2919.0,2537216.0,0.0
2019-01-21,1048747.0,131638.0,12393.0,125945.0,76548.0,11975.0,31961.0,14350.0,4331.0,518809.0,25193.0,63260.0,88242.0,96045.0,0.0,165290.0,0.0
2019-01-22,12160021.0,409434.0,182931.0,484096.0,385160.0,69478.0,492061.0,232393.0,8104.0,3670886.0,1247912.0,370601.0,633861.0,26696.0,90000.0,737777.0,0.0
2019-01-23,12426378.0,290581.0,662471.0,248069.0,393200.0,115162.0,239420.0,184660.0,2695.0,3227899.0,971786.0,91159.0,370400.0,137059.0,4521.0,3362606.0,1181.0
2019-01-24,7651766.0,376057.0,172041.0,440866.0,583563.0,470823.0,352670.0,131278.0,14940.0,5682877.0,1220953.0,140933.0,502134.0,496823.0,8113.0,6361901.0,1181.0
2019-01-25,4945551.0,465054.0,109672.0,489629.0,1866358.0,43068.0,215901.0,208632.0,32862.0,7427579.0,1813476.0,117193.0,421138.0,300860.0,15605.0,2000993.0,0.0
2019-01-28,12471217.0,503991.0,240991.0,783792.0,1260430.0,11191.0,547340.0,43294.0,17824.0,6464302.0,347273.0,66018.0,238581.0,141814.0,44795.0,431815.0,42000.0
2019-01-29,3963042.0,206864.0,57962.0,342281.0,981769.0,63766.0,157138.0,67147.0,9220.0,1832073.0,687358.0,138718.0,238885.0,208820.0,212.0,3348341.0,10000.0
2019-01-30,9857503.0,352219.0,119064.0,677095.0,2948464.0,532423.0,340539.0,76980.0,3396.0,1946762.0,409512.0,60780.0,176676.0,216729.0,150000.0,590284.0,397.0
2019-01-31,19474876.0,1380030.0,628600.0,1678684.0,3898121.0,322596.0,1781282.0,838770.0,80397.0,12686155.0,1363959.0,211232.0,1342607.0,648960.0,50000.0,2843294.0,10000.0
2019-02-01,8739212.0,140645.0,84586.0,233218.0,404646.0,26127.0,338013.0,2894.0,2294.0,3146839.0,40100.0,67099.0,226847.0,141358.0,50000.0,403430.0,2305.0
2019-02-04,7602380.0,367504.0,72522.0,2038988.0,975009.0,52794.0,331302.0,130348.0,46560.0,8306385.0,101112.0,63158.0,1066400.0,180125.0,25500.0,615042.0,0.0
2019-02-05,8635033.0,296300.0,104059.0,314452.0,892396.0,39790.0,164079.0,77676.0,16642.0,6287741.0,548477.0,292879.0,483923.0,286335.0,25500.0,2227387.0,20223.0
2019-02-06,7116058.0,277612.0,85701.0,434858.0,972397.0,37670.0,175147.0,66739.0,10650.0,3313466.0,536516.0,229604.0,305403.0,202095.0,3400.0,954396.0,20223.0
2019-02-07,6100198.0,201693.0,34402.0,157060.0,251624.0,644.0,154334.0,770.0,3667.0,2264811.0,459477.0,79471.0,322034.0,236017.0,3400.0,704587.0,5320.0
2019-02-08,4167003.0,117946.0,7181.0,428689.0,140711.0,508211.0,91417.0,39163.0,7232.0,1024401.0,149337.0,395905.0,73536.0,273616.0,64.0,112335.0,6793.0
2019-02-11,3006197.0,106615.0,18767.0,126456.0,557748.0,4456.0,120190.0,12210.0,161.0,2570772.0,16358.0,140770.0,202136.0,34900.0,0.0,391219.0,1000.0
2019-02-12,9386146.0,192421.0,18389.0,309956.0,516039.0,13947.0,298337.0,400.0,55250.0,2907663.0,54314.0,422711.0,2082384.0,122270.0,120671.0,836338.0,1000.0
2019-02-13,8948829.0,253396.0,55140.0,364151.0,213293.0,40317.0,220343.0,33755.0,7733.0,3790405.0,148152.0,212287.0,581131.0,229909.0,171643.0,1104878.0,0.0
2019-02-14,11802796.0,120279.0,13417.0,498520.0,322886.0,40317.0,59739.0,1326.0,16287.0,2365586.0,288777.0,27336.0,158453.0,71890.0,171643.0,1206517.0,0.0
2019-02-15,15356251.0,316119.0,76080.0,509202.0,332019.0,119311.0,194023.0,94647.0,8717.0,2345078.0,73541.0,82063.0,25738.0,144223.0,0.0,1014717.0,4472.0
2019-02-18,4180758.0,97969.0,30462.0,283841.0,226200.0,2568.0,104394.0,4876.0,461.0,2731740.0,183171.0,56695.0,41905.0,119423.0,0.0,326976.0,0.0
2019-02-19,12115850.0,233660.0,107254.0,674216.0,1862805.0,18519.0,271595.0,19856.0,3813.0,4875337.0,86509.0,14032.0,21634.0,83894.0,0.0,3724349.0,310.0
2019-02-20,10276551.0,391129.0,70662.0,542927.0,2131446.0,22671.0,211430.0,81812.0,2721.0,4524188.0,400786.0,131116.0,20280.0,119387.0,0.0,2187175.0,26906.0
2019-02-21,9385092.0,199911.0,60843.0,632310.0,370997.0,186683.0,311997.0,76034.0,14219.0,2016241.0,195935.0,38826.0,3729151.0,69374.0,1737.0,1688820.0,12499.0
2019-02-22,7309152.0,251064.0,87181.0,238681.0,331333.0,26126.0,83138.0,94746.0,2220.0,1778373.0,221605.0,12869.0,1620776.0,93984.0,400000.0,1045381.0,700.0
2019-02-25,9493878.0,292656.0,69426.0,183429.0,2404281.0,40534.0,187537.0,10322.0,11627.0,3251234.0,18506.0,225560.0,235182.0,70457.0,556.0,2088144.0,0.0
2019-02-26,11231374.0,204863.0,90297.0,570775.0,2197495.0,20364.0,218391.0,68212.0,6440.0,7006870.0,402871.0,111381.0,1750078.0,369843.0,805.0,4084231.0,686.0
2019-02-27,16567735.0,459539.0,71580.0,377208.0,592070.0,41709.0,147785.0,27898.0,714.0,3222383.0,637814.0,63774.0,928731.0,65363.0,805.0,5304614.0,686.0
2019-02-28,17520323.0,435241.0,139061.0,398693.0,979735.0,99869.0,408920.0,306583.0,25069.0,5828588.0,2878383.0,386114.0,1871037.0,183366.0,495.0,3947122.0,21195.0
2019-03-01,7656986.0,127050.0,70739.0,225657.0,537577.0,54925.0,127565.0,35589.0,10785.0,5855694.0,73884.0,93129.0,662399.0,115177.0,495.0,2766337.0,21195.0
2019-03-04,4792294.0,37314.0,22935.0,121360.0,506202.0,5041.0,83528.0,36608.0,1640.0,1337958.0,106212.0,117247.0,1244739.0,64510.0,649.0,1630298.0,1925.0
2019-03-05,5165139.0,68161.0,47049.0,137985.0,396854.0,7993.0,87116.0,64704.0,2721.0,1718006.0,112471.0,142337.0,216237.0,68368.0,45300.0,1978839.0,1925.0
2019-03-06,9913817.0,427480.0,36403.0,725527.0,1820162.0,45948.0,505232.0,63230.0,27954.0,6332554.0,113325.0,60210.0,232203.0,195155.0,45300.0,1905544.0,0.0
2019-03-07,6364873.0,134773.0,60578.0,428324.0,302241.0,28213.0,275831.0,28832.0,9742.0,2247349.0,1033402.0,23668.0,1535539.0,93622.0,1191.0,2123700.0,0.0
2019-03-08,9138499.0,222840.0,40143.0,306796.0,350359.0,23579.0,162764.0,4597.0,9128.0,1325633.0,87833.0,53234.0,782506.0,108056.0,1191.0,2000527.0,2431.0
2019-03-11,5744203.0,403969.0,36761.0,379832.0,2273181.0,57783.0,233941.0,29630.0,4544.0,3401677.0,256479.0,10386.0,944343.0,78321.0,0.0,748595.0,2518.0
2019-03-12,5365227.0,134917.0,53889.0,420978.0,177184.0,86244.0,387237.0,46178.0,6965.0,5953692.0,194281.0,244572.0,3252351.0,4216375.0,0.0,472199.0,16748.0
2019-03-13,14279248.0,1096477.0,101705.0,743387.0,558378.0,51382.0,473167.0,69802.0,10581.0,6196821.0,377384.0,290916.0,3032446.0,148303.0,1000.0,2710757.0,96695.0
2019-03-14,9329107.0,549697.0,57414.0,1601647.0,658688.0,87040.0,432102.0,222462.0,31896.0,2567671.0,306792.0,105293.0,533784.0,144975.0,1000.0,10256849.0,96695.0
2019-03-15,23178647.0,1611885.0,348429.0,1314472.0,4890736.0,188407.0,1592780.0,121466.0,36627.0,18201528.0,678687.0,345402.0,778382.0,230096.0,43323.0,41177790.0,110.0
2019-03-18,6406881.0,591103.0,61925.0,289668.0,3857025.0,110402.0,251042.0,209275.0,16144.0,8628117.0,558827.0,115656.0,735786.0,172732.0,0.0,6344872.0,4501.0
2019-03-19,10532784.0,586146.0,100863.0,479502.0,4610959.0,97638.0,199500.0,2007617.0,14764.0,3187527.0,87325.0,609522.0,499401.0,69280.0,767000.0,4347698.0,111699.0
2019-03-20,11661983.0,501671.0,164467.0,1309365.0,2269207.0,115729.0,339572.0,37815.0,6822.0,6755562.0,322715.0,37068.0,781792.0,169359.0,1666.0,2355993.0,111699.0
2019-03-21,5239193.0,506947.0,58009.0,554803.0,1538408.0,214204.0,333385.0,502733.0,28812.0,3171475.0,197928.0,396423.0,930684.0,228668.0,7864.0,2311608.0,157587.0
2019-03-22,6648471.0,287619.0,55115.0,606118.0,28207612.0,55217.0,300155.0,55007.0,6612.0,4044156.0,157668.0,161677.0,4160301.0,30278.0,5480.0,1328417.0,27672.0
2019-03-25,0.0,0.0,0.0,0.0,0.0,0.0,0.0,0.0,0.0,0.0,0.0,0.0,0.0,0.0,0.0,0.0,0.0
2019-03-26,9346452.0,181176.0,40653.0,457737.0,1239996.0,131064.0,137142.0,37981.0,1508.0,2406729.0,48553.0,45039.0,5782053.0,59869.0,3900.0,2941222.0,20000.0
2019-03-27,13990797.0,226035.0,62418.0,251391.0,818995.0,67506.0,160996.0,55570.0,9597.0,3780866.0,308372.0,118680.0,3074950.0,202179.0,30000.0,3129008.0,23871.0
2019-03-28,7697706.0,222992.0,31063.0,256032.0,810502.0,72313.0,212277.0,45541.0,2365.0,4727439.0,298569.0,65149.0,686563.0,182468.0,20777.0,1345669.0,4746.0
2019-03-29,9377927.0,442326.0,112937.0,762261.0,2572249.0,35670.0,258920.0,128116.0,2269.0,2605750.0,91461.0,105340.0,637866.0,168478.0,20777.0,1004516.0,30019.0
2019-04-01,5739291.0,198857.0,23776.0,344773.0,321005.0,44328.0,157162.0,16881.0,6831.0,1814971.0,76519.0,157673.0,346668.0,165048.0,21214.0,344906.0,2724.0
2019-04-02,5903940.0,94281.0,12390.0,274869.0,572416.0,268069.0,81063.0,34910.0,2474.0,3191341.0,336613.0,34844.0,319453.0,170839.0,58283.0,584672.0,20334.0
2019-04-03,16271351.0,161165.0,6062.0,180873.0,1754129.0,50542.0,192463.0,38703.0,3553.0,4350157.0,323890.0,200906.0,703295.0,148108.0,58283.0,1789100.0,47030.0
2019-04-04,7455678.0,73379.0,23295.0,194928.0,1794965.0,7972.0,72335.0,13270.0,16774.0,3085232.0,132919.0,45826.0,1010442.0,177596.0,0.0,1899770.0,14838.0
2019-04-05,7110813.0,340212.0,16685.0,312299.0,11771209.0,123301.0,206835.0,14113.0,21586.0,6168754.0,206684.0,351650.0,537319.0,50676.0,2000.0,2849285.0,45257.0
2019-04-08,10507730.0,98141.0,23515.0,194947.0,8265150.0,10426.0,144199.0,121841.0,31001.0,3956888.0,290505.0,45891.0,708318.0,15611.0,1000.0,855777.0,1187.0
2019-04-09,8503562.0,299020.0,106453.0,372945.0,922681.0,62115.0,280286.0,35429.0,11006.0,7885544.0,762197.0,240904.0,334127.0,100862.0,1000.0,649722.0,4028.0
2019-04-10,5462559.0,180185.0,34540.0,236614.0,709940.0,65720.0,263153.0,31754.0,26219.0,8677462.0,1654719.0,23867.0,93707.0,53113.0,18944.0,854715.0,150126.0
2019-04-11,10879006.0,208691.0,10475.0,326959.0,983813.0,29092.0,123714.0,23081.0,9716.0,2799802.0,184803.0,167637.0,8960.0,57437.0,18944.0,1333434.0,122458.0
2019-04-12,10879006.0,208691.0,10475.0,326959.0,983813.0,29092.0,123714.0,23081.0,9716.0,2799802.0,184803.0,167637.0,8960.0,57437.0,0.0,1333434.0,122458.0
2019-04-15,9705618.0,168092.0,63559.0,161894.0,489756.0,13987.0,156649.0,25213.0,918.0,2584966.0,55663.0,14563.0,200491.0,107463.0,0.0,1804847.0,964.0
2019-04-16,9705618.0,168092.0,63559.0,161894.0,489756.0,13987.0,156649.0,25213.0,918.0,2584966.0,55663.0,14563.0,200491.0,107463.0,0.0,1804847.0,964.0
2019-04-17,5079774.0,377900.0,30281.0,190883.0,206602.0,31515.0,197470.0,21725.0,3751.0,2308661.0,368531.0,40541.0,234606.0,84545.0,8320.0,770366.0,17185.0
2019-04-18,0.0,0.0,0.0,0.0,0.0,0.0,0.0,0.0,0.0,0.0,0.0,0.0,0.0,0.0,0.0,0.0,0.0
2019-04-19,0.0,0.0,0.0,0.0,0.0,0.0,0.0,0.0,0.0,0.0,0.0,0.0,0.0,0.0,0.0,0.0,0.0
2019-04-22,8289813.0,219816.0,74774.0,811157.0,234307.0,7349.0,271210.0,68211.0,2541.0,2511149.0,28037.0,72087.0,28720.0,58113.0,61043.0,1059180.0,222400.0
2019-04-23,8289813.0,219816.0,74774.0,811157.0,234307.0,7349.0,271210.0,68211.0,2541.0,2511149.0,28037.0,72087.0,28720.0,58113.0,61043.0,1059180.0,222400.0
2019-04-24,7539902.0,101070.0,13765.0,183491.0,506284.0,32426.0,83097.0,18491.0,20682.0,895118.0,302227.0,106543.0,256551.0,49008.0,3000.0,9090669.0,52316.0
2019-04-25,11308327.0,286884.0,118825.0,290165.0,903860.0,277195.0,189563.0,73287.0,12829.0,1862390.0,630246.0,43230.0,95490.0,116214.0,96.0,2866684.0,108939.0
2019-04-26,8953053.0,274190.0,113112.0,253467.0,962261.0,7490.0,133115.0,182837.0,16367.0,3178605.0,312577.0,52461.0,57300.0,175820.0,0.0,3696524.0,0.0
2019-04-29,6477106.0,194601.0,69414.0,117917.0,241832.0,4823.0,57867.0,16737.0,12168.0,2421079.0,195948.0,73860.0,79373.0,61897.0,0.0,1757488.0,122733.0
2019-04-30,6477106.0,194601.0,69414.0,117917.0,241832.0,4823.0,57867.0,16737.0,12168.0,2421079.0,195948.0,73860.0,79373.0,61897.0,0.0,1757488.0,122733.0
2019-05-01,0.0,0.0,0.0,0.0,0.0,0.0,0.0,0.0,0.0,0.0,0.0,0.0,0.0,0.0,0.0,0.0,0.0
2019-05-02,6161574.0,107822.0,85770.0,152666.0,383672.0,875.0,29342.0,7084.0,4168.0,3400346.0,241980.0,89582.0,53243.0,261946.0,46233.0,3791968.0,29082.0
2019-05-03,6161574.0,107822.0,85770.0,152666.0,383672.0,875.0,29342.0,7084.0,4168.0,3400346.0,241980.0,89582.0,53243.0,261946.0,46233.0,3791968.0,29082.0
2019-05-06,11354037.0,71412.0,8893.0,140191.0,707592.0,6160.0,96894.0,9671.0,16831.0,1706715.0,67846.0,15361.0,71270.0,36682.0,900.0,269559.0,4600.0
2019-05-07,11354037.0,71412.0,8893.0,140191.0,707592.0,6160.0,96894.0,9671.0,16831.0,1706715.0,67846.0,15361.0,71270.0,36682.0,900.0,269559.0,4600.0
2019-05-08,13581622.0,267605.0,18668.0,245380.0,304510.0,138686.0,314933.0,165160.0,1132.0,847269.0,19458.0,92936.0,358870.0,245298.0,0.0,2627094.0,2324.0
2019-05-09,8801817.0,186289.0,88402.0,269413.0,1022346.0,28972.0,281554.0,9910.0,2581.0,2911925.0,115150.0,302223.0,214706.0,130576.0,25283.0,1288700.0,32407.0
2019-05-10,10765028.0,184619.0,75208.0,313648.0,356742.0,20398.0,231854.0,20870.0,3723.0,4223753.0,107820.0,248456.0,100000.0,29972.0,25000.0,2289747.0,2000.0
2019-05-13,10416626.0,176747.0,73138.0,459044.0,250997.0,0.0,259318.0,25577.0,5230.0,10396334.0,70957.0,26434.0,18409.0,93733.0,23000.0,503941.0,0.0
2019-05-14,10416626.0,176747.0,73138.0,459044.0,250997.0,0.0,259318.0,25577.0,5230.0,10396334.0,70957.0,26434.0,18409.0,93733.0,23000.0,503941.0,0.0
2019-05-15,6765603.0,298921.0,84315.0,391139.0,418308.0,19968.0,479969.0,220034.0,3172.0,4679963.0,243901.0,28122.0,7800.0,169574.0,60000.0,5826372.0,0.0
2019-05-16,6303211.0,157311.0,72318.0,765888.0,544217.0,12008.0,237742.0,37853.0,4969.0,3531552.0,48222.0,209029.0,508702.0,111407.0,2255.0,671068.0,25933.0
2019-05-17,10888703.0,290458.0,108368.0,521377.0,1259661.0,15971.0,216451.0,19087.0,519.0,6280738.0,242888.0,20561.0,463609.0,43213.0,12151.0,5896000.0,2537.0
2019-05-20,8327176.0,207300.0,52055.0,653426.0,512146.0,1520.0,158691.0,2991.0,636.0,4446424.0,37804.0,24494.0,81384.0,489053.0,108942.0,199395.0,230.0
2019-05-21,8327176.0,207300.0,52055.0,653426.0,512146.0,1520.0,158691.0,2991.0,636.0,4446424.0,37804.0,24494.0,81384.0,489053.0,108942.0,199395.0,230.0
2019-05-22,2179400.0,551575.0,33545.0,449324.0,625627.0,9189.0,164796.0,20011.0,16233.0,4474411.0,224208.0,467467.0,730757.0,174914.0,0.0,559308.0,0.0
2019-05-23,10367392.0,234362.0,59305.0,610387.0,809862.0,59695.0,225906.0,107083.0,1290.0,3496991.0,170592.0,258723.0,352139.0,153463.0,0.0,401114.0,0.0
2019-05-24,4769839.0,51556.0,32254.0,1574173.0,478004.0,8804.0,166331.0,8336.0,2306.0,2033594.0,57658.0,114798.0,1589675.0,102770.0,600000.0,361671.0,0.0
2019-05-27,2394410.0,56949.0,22711.0,76926.0,481769.0,6033.0,118555.0,24126.0,1065.0,391394.0,21782.0,94876.0,803412.0,3085.0,5867.0,65897.0,0.0
2019-05-28,2394410.0,56949.0,22711.0,76926.0,481769.0,6033.0,118555.0,24126.0,1065.0,391394.0,21782.0,94876.0,803412.0,3085.0,5867.0,65897.0,0.0
2019-05-29,29574029.0,1409175.0,761812.0,8495581.0,2142571.0,100035.0,417782.0,87022.0,25075.0,18472398.0,155104.0,416402.0,429549.0,34695.0,0.0,4178210.0,292.0
2019-05-30,7063770.0,102303.0,116497.0,496584.0,958581.0,75151.0,127156.0,235090.0,6742.0,3641654.0,103968.0,107056.0,295586.0,62670.0,0.0,1211333.0,0.0
2019-05-31,7234796.0,85115.0,90417.0,2013061.0,257966.0,27599.0,174514.0,102728.0,1672.0,3525294.0,67482.0,455705.0,615103.0,78887.0,20833.0,1024956.0,0.0
2019-06-03,0.0,0.0,0.0,0.0,0.0,0.0,0.0,0.0,0.0,0.0,0.0,0.0,0.0,0.0,0.0,0.0,0.0
2019-06-04,6758198.0,169810.0,69874.0,897160.0,155888.0,63839.0,43277.0,11147.0,19388.0,6353941.0,239725.0,81379.0,64487.0,32089.0,0.0,777382.0,2638.0
2019-06-05,6758198.0,169810.0,69874.0,897160.0,155888.0,63839.0,43277.0,11147.0,19388.0,6353941.0,239725.0,81379.0,64487.0,32089.0,0.0,777382.0,2638.0
2019-06-06,6672149.0,125804.0,48531.0,1661547.0,471838.0,13595.0,105100.0,21006.0,2358.0,2905938.0,38899.0,39472.0,237176.0,42445.0,0.0,195680.0,252.0
2019-06-07,4011992.0,59613.0,12552.0,1357980.0,334781.0,44377.0,129227.0,20655.0,7442.0,6671527.0,177400.0,28799.0,198764.0,39715.0,0.0,364297.0,0.0
2019-06-10,0.0,0.0,0.0,0.0,0.0,0.0,0.0,0.0,0.0,0.0,0.0,0.0,0.0,0.0,13700.0,0.0,0.0
2019-06-11,5399104.0,564283.0,254756.0,231329.0,305353.0,19323.0,146227.0,16073.0,17145.0,2402804.0,44731.0,97802.0,757960.0,23230.0,0.0,4025228.0,92689.0
2019-06-12,6106663.0,244890.0,37155.0,484620.0,303977.0,7560.0,158953.0,9308.0,3319.0,14333499.0,15485.0,173894.0,426989.0,21441.0,0.0,3029748.0,0.0
2019-06-13,5583184.0,258288.0,202037.0,446164.0,637283.0,35976.0,837942.0,299546.0,5653.0,2546250.0,95752.0,341849.0,1704880.0,147619.0,0.0,2959554.0,5419.0
2019-06-14,5155252.0,139722.0,55409.0,241292.0,424445.0,18308.0,308929.0,205791.0,18306.0,2761015.0,139202.0,217226.0,563170.0,122723.0,0.0,1758430.0,34316.0
2019-06-17,4608904.0,77131.0,98109.0,582702.0,252930.0,20524.0,268840.0,215210.0,2924.0,2009230.0,73019.0,112876.0,83977.0,450904.0,0.0,1526703.0,106713.0
2019-06-18,7447076.0,118106.0,76784.0,386016.0,915840.0,39039.0,279058.0,115679.0,14082.0,5213272.0,188190.0,30646.0,777553.0,179554.0,17300.0,2704209.0,197169.0
2019-06-19,12198650.0,142602.0,91306.0,278454.0,349802.0,23018.0,229727.0,4635.0,10312.0,1328059.0,52759.0,29248.0,221800.0,666533.0,2606.0,1799357.0,100000.0
2019-06-20,16391803.0,188601.0,69274.0,1248119.0,530207.0,91138.0,200761.0,18856.0,1344.0,1838635.0,41659.0,131880.0,131207.0,519197.0,1000.0,1805673.0,85546.0
2019-06-21,21757049.0,722658.0,281665.0,1430646.0,1236051.0,108863.0,736075.0,41486.0,4984.0,15823946.0,139735.0,67169.0,208000.0,2491599.0,25000.0,4712437.0,216873.0
2019-06-24,0.0,0.0,0.0,0.0,0.0,0.0,0.0,0.0,0.0,0.0,0.0,0.0,0.0,0.0,0.0,0.0,0.0
2019-06-25,4156229.0,181787.0,67081.0,580323.0,583642.0,74429.0,298306.0,54195.0,15529.0,3155390.0,68244.0,38328.0,239272.0,59441.0,63092.0,1440821.0,20935.0
2019-06-26,3607123.0,140683.0,11969.0,746589.0,420080.0,29858.0,120766.0,12805.0,1309.0,1765060.0,80938.0,14228.0,399881.0,45455.0,0.0,562397.0,22391.0
2019-06-27,2083500.0,111524.0,38701.0,588421.0,192757.0,28845.0,42033.0,54977.0,8030.0,2914109.0,63726.0,46497.0,586648.0,123191.0,0.0,712132.0,0.0
2019-06-28,4335966.0,104966.0,25017.0,287437.0,201216.0,19836.0,145891.0,12016.0,5736.0,1254957.0,34581.0,7006.0,14682.0,185377.0,0.0,1515355.0,0.0
2019-07-01,0.0,0.0,0.0,0.0,0.0,0.0,0.0,0.0,0.0,0.0,0.0,0.0,0.0,0.0,0.0,0.0,0.0
2019-07-02,5021167.0,235125.0,44543.0,500784.0,285064.0,35692.0,114068.0,21404.0,209.0,2164859.0,100378.0,12033.0,40781.0,157706.0,0.0,628931.0,0.0
2019-07-03,5021167.0,235125.0,44543.0,500784.0,285064.0,35692.0,114068.0,21404.0,209.0,2164859.0,100378.0,12033.0,40781.0,157706.0,0.0,628931.0,0.0
2019-07-04,6361946.0,53326.0,21806.0,486945.0,284955.0,63158.0,128595.0,30406.0,4602.0,2220189.0,109330.0,5245.0,1274.0,181001.0,0.0,2281001.0,97452.0
2019-07-05,533292.0,110170.0,4302.0,32395.0,163797.0,6200.0,29246.0,4662.0,1456.0,4045300.0,37122.0,19892.0,266533.0,126302.0,0.0,419528.0,380000.0
2019-07-08,3103843.0,110628.0,87298.0,388554.0,256454.0,155255.0,203771.0,54106.0,12190.0,3013124.0,421710.0,116592.0,80800.0,306483.0,500.0,1454408.0,22607.0
2019-07-09,3103843.0,110628.0,87298.0,388554.0,256454.0,155255.0,203771.0,54106.0,12190.0,3013124.0,421710.0,116592.0,80800.0,306483.0,500.0,1454408.0,22607.0
2019-07-10,3784443.0,99499.0,46826.0,290994.0,307194.0,68874.0,98203.0,61474.0,27537.0,2056476.0,236409.0,45538.0,28600.0,51631.0,60346.0,1101366.0,45488.0
2019-07-11,11032060.0,344175.0,69877.0,958150.0,1707682.0,196753.0,215447.0,85258.0,49707.0,3582146.0,365528.0,71131.0,334130.0,106654.0,500.0,6823320.0,191951.0
2019-07-12,9532391.0,277096.0,69020.0,589623.0,1552764.0,153404.0,111934.0,28445.0,7047.0,1826999.0,133853.0,70190.0,311998.0,168097.0,28.0,2534759.0,25125.0
2019-07-15,7984092.0,282920.0,72853.0,932195.0,630049.0,156437.0,156642.0,93127.0,4817.0,4327324.0,50372.0,171411.0,316606.0,24944.0,0.0,439963.0,2423273.0
2019-07-16,7984092.0,282920.0,72853.0,932195.0,630049.0,156437.0,156642.0,93127.0,4817.0,4327324.0,50372.0,171411.0,316606.0,24944.0,0.0,439963.0,2423273.0
2019-07-17,12964170.0,430048.0,82963.0,386432.0,559175.0,88878.0,275383.0,187612.0,41055.0,2715661.0,329954.0,481402.0,646486.0,199375.0,0.0,3168541.0,603.0
2019-07-18,8677681.0,353231.0,53653.0,228615.0,360135.0,48556.0,130496.0,225565.0,6055.0,1327923.0,104726.0,757695.0,1189574.0,121335.0,0.0,1856676.0,198380.0
2019-07-19,11484086.0,136231.0,31429.0,250545.0,306276.0,19260.0,81243.0,19676.0,2800.0,1101836.0,1728841.0,191437.0,894510.0,156792.0,0.0,1040382.0,4220.0
2019-07-22,9657346.0,99655.0,18291.0,270330.0,62625.0,20682.0,97516.0,23824.0,5051.0,1232741.0,49174.0,25377.0,141137.0,66832.0,0.0,423795.0,75770.0
2019-07-23,9657346.0,99655.0,18291.0,270330.0,62625.0,20682.0,97516.0,23824.0,5051.0,1232741.0,49174.0,25377.0,141137.0,66832.0,0.0,423795.0,75770.0
2019-07-24,8419774.0,99890.0,33899.0,598463.0,439387.0,43165.0,138130.0,27220.0,9183.0,1738066.0,157462.0,412086.0,1110263.0,62221.0,0.0,713272.0,30570.0
2019-07-25,5059919.0,78854.0,30483.0,117499.0,150687.0,14579.0,90316.0,23775.0,4637.0,2753457.0,239754.0,252089.0,1342746.0,276472.0,5371.0,302408.0,110956.0
2019-07-26,14662303.0,138970.0,71836.0,958041.0,275359.0,57471.0,48645.0,12150.0,16224.0,1821321.0,261882.0,19126.0,28359.0,405194.0,1500.0,352421.0,86739.0
2019-07-29,7563923.0,176868.0,9103.0,274250.0,163489.0,0.0,82706.0,1084.0,18931.0,5426455.0,43986.0,23067.0,165910.0,78113.0,61097.0,385450.0,28600.0
2019-07-30,7563923.0,176868.0,9103.0,274250.0,163489.0,0.0,82706.0,1084.0,18931.0,5426455.0,43986.0,23067.0,165910.0,78113.0,61097.0,385450.0,28600.0
2019-07-31,6437270.0,23699.0,10977.0,205511.0,162135.0,1230.0,36786.0,8413.0,448.0,1120735.0,1110005.0,42547.0,138803.0,156437.0,87900.0,472385.0,32417.0
2019-08-01,13543704.0,277941.0,152198.0,1501212.0,1296764.0,356986.0,409533.0,455570.0,32642.0,10010931.0,560771.0,120841.0,483635.0,469983.0,445.0,1997127.0,58052.0
2019-08-02,11161834.0,226272.0,46100.0,690956.0,416829.0,18013.0,291424.0,111426.0,8378.0,2262133.0,77733.0,72642.0,258655.0,64791.0,9000.0,2325143.0,5000.0
2019-08-05,7914172.0,280036.0,85457.0,326225.0,605365.0,31216.0,270869.0,46066.0,14894.0,5329766.0,131166.0,55066.0,173158.0,122761.0,575.0,947329.0,26855.0
2019-08-06,7914172.0,280036.0,85457.0,326225.0,605365.0,31216.0,270869.0,46066.0,14894.0,5329766.0,131166.0,55066.0,173158.0,122761.0,575.0,947329.0,26855.0
2019-08-07,0.0,0.0,0.0,0.0,0.0,0.0,0.0,0.0,0.0,0.0,0.0,0.0,0.0,0.0,0.0,0.0,0.0
2019-08-08,9820542.0,252975.0,85554.0,444625.0,637612.0,21985.0,392365.0,36662.0,11040.0,5091432.0,61811.0,44124.0,620765.0,35768.0,0.0,1293541.0,604.0
2019-08-09,9820542.0,252975.0,85554.0,444625.0,637612.0,21985.0,392365.0,36662.0,11040.0,5091432.0,61811.0,44124.0,620765.0,35768.0,0.0,1293541.0,604.0
2019-08-12,4271132.0,141098.0,35974.0,141412.0,426172.0,175.0,189464.0,2757.0,0.0,1553450.0,67000.0,17094.0,6347.0,14271.0,0.0,513209.0,160.0
2019-08-13,4271132.0,141098.0,35974.0,141412.0,426172.0,175.0,189464.0,2757.0,0.0,1553450.0,67000.0,17094.0,6347.0,14271.0,0.0,513209.0,160.0
2019-08-14,9778701.0,171016.0,93227.0,216405.0,599932.0,5889.0,272919.0,8165.0,3747.0,3279496.0,154031.0,87190.0,276045.0,64278.0,1500.0,1827918.0,10400.0
2019-08-15,11453330.0,185343.0,90016.0,278938.0,576511.0,13152.0,300974.0,11410.0,24127.0,3886820.0,82127.0,32595.0,444378.0,39903.0,0.0,1051483.0,16500.0
2019-08-16,11000514.0,320813.0,39780.0,280565.0,239214.0,17273.0,153873.0,77187.0,2596.0,2177065.0,314274.0,62674.0,201644.0,109143.0,0.0,914737.0,14626.0
2019-08-19,0.0,0.0,0.0,0.0,0.0,0.0,0.0,0.0,0.0,0.0,0.0,0.0,0.0,0.0,0.0,0.0,0.0
2019-08-20,6668753.0,246177.0,55237.0,1145980.0,337622.0,32979.0,229168.0,41616.0,2858.0,4386501.0,81287.0,126453.0,65601.0,100303.0,0.0,1075142.0,2150.0
2019-08-21,6668753.0,246177.0,55237.0,1145980.0,337622.0,32979.0,229168.0,41616.0,2858.0,4386501.0,81287.0,126453.0,65601.0,100303.0,0.0,1075142.0,2150.0
2019-08-22,11229753.0,337067.0,60895.0,356978.0,592639.0,9257.0,199525.0,28637.0,8117.0,6974063.0,708318.0,174103.0,32508.0,220196.0,0.0,1336581.0,45620.0
2019-08-23,11494244.0,136833.0,56707.0,216542.0,503124.0,15110.0,186852.0,47814.0,3075.0,2971837.0,57405.0,25562.0,21073.0,33589.0,0.0,607662.0,1400.0
2019-08-26,4803630.0,90554.0,15003.0,157830.0,4135995.0,9378.0,670051.0,72398.0,1926.0,870498.0,47363.0,96941.0,16236.0,36983.0,0.0,2187964.0,13011.0
2019-08-27,4803630.0,90554.0,15003.0,157830.0,4135995.0,9378.0,670051.0,72398.0,1926.0,870498.0,47363.0,96941.0,16236.0,36983.0,0.0,2187964.0,13011.0
2019-08-28,14789501.0,508984.0,186317.0,877983.0,1618461.0,45986.0,903421.0,281829.0,14090.0,7625001.0,65126.0,93806.0,41848.0,80986.0,22700.0,784039.0,2451.0
2019-08-29,2175126.0,178154.0,89349.0,242779.0,544813.0,18972.0,310159.0,151293.0,8204.0,9843188.0,104982.0,57059.0,77899.0,119907.0,11.0,424949.0,480.0
2019-08-30,10418779.0,78899.0,20695.0,216291.0,996397.0,57870.0,343106.0,23893.0,5213.0,7246550.0,178740.0,43898.0,73378.0,14390.0,0.0,462001.0,32267.0
2019-09-02,729983.0,14758.0,100233.0,44219.0,135179.0,0.0,134997.0,54075.0,0.0,885834.0,49482.0,1210.0,32324.0,14648.0,0.0,41651.0,8100.0
2019-09-03,729983.0,14758.0,100233.0,44219.0,135179.0,0.0,134997.0,54075.0,0.0,885834.0,49482.0,1210.0,32324.0,14648.0,0.0,41651.0,8100.0
2019-09-04,4559444.0,353576.0,62904.0,263882.0,780280.0,32173.0,1053543.0,65522.0,13877.0,4891181.0,253483.0,49249.0,69328.0,120440.0,0.0,762990.0,45515.0
2019-09-05,8143579.0,209477.0,25203.0,364246.0,492646.0,2507.0,275068.0,26045.0,3587.0,7670244.0,133.0,106493.0,114603.0,55659.0,18849.0,1449361.0,32720.0
2019-09-06,11050367.0,272667.0,106429.0,244028.0,669253.0,15730.0,270646.0,32389.0,3378.0,7936447.0,231131.0,62244.0,50715.0,280954.0,10374.0,1055303.0,45899.0
2019-09-09,5221691.0,71944.0,25056.0,106875.0,378311.0,22632.0,464171.0,101858.0,17328.0,3764525.0,75874.0,10410.0,75847.0,46998.0,0.0,767625.0,1060.0
2019-09-10,5221691.0,71944.0,25056.0,106875.0,378311.0,22632.0,464171.0,101858.0,17328.0,3764525.0,75874.0,10410.0,75847.0,46998.0,0.0,767625.0,1060.0
2019-09-11,16100072.0,347453.0,34212.0,317875.0,595158.0,15530.0,796830.0,54108.0,5040.0,5381470.0,42558.0,156400.0,68799.0,43508.0,0.0,534351.0,5121.0
2019-09-12,10849539.0,158794.0,36585.0,344543.0,491554.0,59223.0,292174.0,61630.0,23809.0,3303685.0,58382.0,21810.0,110653.0,157025.0,1000.0,1946061.0,43659.0
2019-09-13,13279572.0,80840.0,61917.0,824542.0,475349.0,21306.0,673778.0,28405.0,4561.0,5052821.0,1538840.0,167666.0,35694.0,78910.0,16800.0,7026736.0,22439.0
2019-09-16,26022243.0,201192.0,47531.0,438203.0,977544.0,36262.0,809152.0,49358.0,13378.0,4095113.0,225335.0,220754.0,592942.0,76612.0,2292.0,1326969.0,8268.0
2019-09-17,26022243.0,201192.0,47531.0,438203.0,977544.0,36262.0,809152.0,49358.0,13378.0,4095113.0,225335.0,220754.0,592942.0,76612.0,2292.0,1326969.0,8268.0
2019-09-18,21514444.0,179764.0,41426.0,302824.0,794951.0,13136.0,670841.0,18742.0,16981.0,2903013.0,458076.0,38884.0,551272.0,47946.0,977.0,532868.0,181690.0
2019-09-19,10805883.0,278189.0,62291.0,458326.0,657818.0,153010.0,441431.0,6882.0,6783.0,2599264.0,70955.0,103088.0,3018.0,44275.0,0.0,1453802.0,67021.0
2019-09-20,6166785.0,302338.0,72797.0,571262.0,556805.0,17441.0,1007504.0,21868.0,2068.0,1941928.0,429908.0,126295.0,101239.0,398389.0,720.0,7596356.0,205733.0
2019-09-23,4559357.0,375957.0,27785.0,100194.0,218829.0,83201.0,442521.0,231823.0,33501.0,4813976.0,192174.0,100524.0,568308.0,31486.0,7660.0,2304249.0,230874.0
2019-09-24,4559357.0,375957.0,27785.0,100194.0,218829.0,83201.0,442521.0,231823.0,33501.0,4813976.0,192174.0,100524.0,568308.0,31486.0,7660.0,2304249.0,230874.0
2019-09-25,5900758.0,1853688.0,93484.0,166349.0,565951.0,98508.0,446353.0,50463.0,60094.0,4938230.0,476688.0,218172.0,428865.0,77847.0,0.0,653262.0,273152.0
2019-09-26,4637253.0,240209.0,66984.0,269767.0,1236282.0,77700.0,3838880.0,11113.0,7345.0,2815771.0,55264.0,38835.0,51830.0,49461.0,1669.0,2358136.0,48954.0
2019-09-27,5540612.0,327502.0,59130.0,205810.0,610152.0,178378.0,322035.0,21716.0,11907.0,1971956.0,326867.0,289236.0,172781.0,117723.0,0.0,589933.0,165024.0
2019-09-30,4737543.0,317807.0,178402.0,527746.0,569439.0,122289.0,507541.0,53898.0,14978.0,2640421.0,95882.0,147401.0,668571.0,77711.0,0.0,1799414.0,62029.0
2019-10-01,4737543.0,317807.0,178402.0,527746.0,569439.0,122289.0,507541.0,53898.0,14978.0,2640421.0,95882.0,147401.0,668571.0,77711.0,0.0,1799414.0,62029.0
2019-10-02,5188118.0,654527.0,36519.0,112672.0,608214.0,87129.0,276148.0,39201.0,24120.0,1208084.0,177916.0,16648.0,187210.0,194148.0,0.0,1632180.0,18562.0
2019-10-03,10118173.0,390561.0,177830.0,784991.0,960832.0,102326.0,534101.0,62600.0,9747.0,8369230.0,201509.0,14184.0,326808.0,52028.0,0.0,635871.0,920.0
2019-10-04,4454138.0,244335.0,35531.0,162863.0,194367.0,141227.0,1293870.0,1168816.0,1574.0,1090829.0,158881.0,56645.0,339174.0,119851.0,0.0,692665.0,283248.0
2019-10-07,1853824.0,43447.0,132223.0,89880.0,193413.0,107373.0,41755.0,20221.0,6596.0,1114378.0,43818.0,7506.0,1313496.0,48657.0,0.0,588850.0,37086.0
2019-10-08,1853824.0,43447.0,132223.0,89880.0,193413.0,107373.0,41755.0,20221.0,6596.0,1114378.0,43818.0,7506.0,1313496.0,48657.0,0.0,588850.0,37086.0
2019-10-09,4374373.0,188957.0,138537.0,437765.0,157867.0,41176.0,176532.0,5756.0,9748.0,2429397.0,6790.0,79566.0,4481311.0,30384.0,0.0,690994.0,81270.0
2019-10-10,1556897.0,59383.0,20966.0,65691.0,4088996.0,3969346.0,36636.0,21608.0,13669.0,475403.0,82100.0,26155.0,143588.0,187702.0,0.0,2482375.0,257947.0
2019-10-11,2540750.0,93332.0,39097.0,369616.0,67732.0,76208.0,141347.0,80096.0,11767.0,7036089.0,147859.0,29858.0,363524.0,37845.0,6759.0,7249670.0,26452.0
2019-10-14,0.0,0.0,0.0,0.0,0.0,0.0,0.0,0.0,0.0,0.0,0.0,0.0,0.0,0.0,0.0,0.0,0.0
2019-10-15,6419426.0,116306.0,116305.0,187847.0,228826.0,132959.0,101609.0,32421.0,24264.0,2415761.0,97824.0,14056.0,146838.0,39484.0,0.0,654023.0,26910.0
2019-10-16,6419426.0,116306.0,116305.0,187847.0,228826.0,132959.0,101609.0,32421.0,24264.0,2415761.0,97824.0,14056.0,146838.0,39484.0,0.0,654023.0,26910.0
2019-10-17,4858984.0,139759.0,120316.0,231405.0,381812.0,49952.0,128712.0,9755.0,57985.0,3546502.0,548.0,44385.0,264104.0,121453.0,430.0,4951660.0,1036916.0
2019-10-18,7218174.0,156440.0,612442.0,277768.0,254590.0,42252.0,148042.0,47343.0,19883.0,2664833.0,464123.0,53563.0,2131308.0,75846.0,0.0,7523804.0,26535.0
2019-10-21,4437458.0,183866.0,235644.0,433006.0,518574.0,96102.0,281415.0,41845.0,20616.0,2528497.0,156247.0,212902.0,87138.0,88840.0,0.0,1699192.0,30213.0
2019-10-22,4437458.0,183866.0,235644.0,433006.0,518574.0,96102.0,281415.0,41845.0,20616.0,2528497.0,156247.0,212902.0,87138.0,88840.0,0.0,1699192.0,30213.0
2019-10-23,6466847.0,350345.0,93283.0,374514.0,440631.0,13494.0,219592.0,82765.0,9654.0,2626522.0,71322.0,81772.0,588008.0,105018.0,0.0,607327.0,506075.0
2019-10-24,6117226.0,132458.0,304057.0,130433.0,755696.0,25275.0,261841.0,444587.0,652.0,4464497.0,171802.0,117181.0,246311.0,59497.0,0.0,1144027.0,22785.0
2019-10-25,3614227.0,137278.0,60494.0,182922.0,741161.0,9941.0,91800.0,35997.0,6056.0,24429675.0,98099.0,167979.0,857743.0,317953.0,477.0,691304.0,14578.0
2019-10-28,4473981.0,89059.0,299192.0,277861.0,349055.0,68413.0,90092.0,104032.0,54884.0,4132644.0,100790.0,53869.0,2215034.0,41743.0,0.0,720003.0,7931.0
2019-10-29,4473981.0,89059.0,299192.0,277861.0,349055.0,68413.0,90092.0,104032.0,54884.0,4132644.0,100790.0,53869.0,2215034.0,41743.0,0.0,720003.0,7931.0
2019-10-30,6764726.0,401334.0,223378.0,295873.0,954580.0,8589.0,170683.0,73045.0,18440.0,5472954.0,955981.0,175611.0,790228.0,40430.0,0.0,2164907.0,368923.0
2019-10-31,10165290.0,427743.0,428617.0,746735.0,2060226.0,409860.0,316340.0,713147.0,27497.0,5256217.0,299829.0,200551.0,18263313.0,322453.0,258.0,4754992.0,9705526.0
2019-11-01,10165290.0,427743.0,428617.0,746735.0,2060226.0,409860.0,316340.0,713147.0,27497.0,5256217.0,299829.0,200551.0,18263313.0,322453.0,258.0,4754992.0,9705526.0
2019-11-04,0.0,0.0,0.0,0.0,0.0,0.0,0.0,0.0,0.0,0.0,0.0,0.0,0.0,0.0,0.0,0.0,0.0
2019-11-05,8157776.0,441193.0,301409.0,524569.0,890967.0,4522.0,491960.0,37122.0,18150.0,6871465.0,106620.0,223844.0,78372.0,284653.0,8985.0,1347442.0,0.0
2019-11-06,6206385.0,386496.0,175779.0,330199.0,2845562.0,1566656.0,279109.0,68332.0,7691.0,2514238.0,108140.0,268322.0,70331.0,207983.0,8985.0,3219155.0,6830.0
2019-11-07,4105229.0,229167.0,97769.0,148785.0,647403.0,6132.0,146215.0,6371.0,439.0,3566853.0,103267.0,75331.0,41770.0,73555.0,0.0,887651.0,232000.0
2019-11-08,9898989.0,726409.0,1034422.0,191859.0,10069084.0,81417.0,105522.0,53297.0,4386.0,1701660.0,119773.0,66357.0,204737.0,46043.0,1089.0,936157.0,51980.0
2019-11-11,0.0,0.0,0.0,0.0,0.0,0.0,0.0,0.0,0.0,0.0,0.0,0.0,0.0,0.0,0.0,0.0,0.0
2019-11-12,7872068.0,316005.0,110882.0,403247.0,1318390.0,22735.0,137558.0,16129.0,24714.0,6079253.0,91671.0,97031.0,74967.0,85444.0,0.0,1232627.0,13514.0
2019-11-13,7650822.0,79250.0,95105.0,123052.0,862872.0,91690.0,126453.0,21807.0,8823.0,3251604.0,62798.0,35128.0,89656.0,223390.0,608.0,3792367.0,32144.0
2019-11-14,3466487.0,359161.0,694707.0,144410.0,2510135.0,1209611.0,91000.0,115402.0,17690.0,870302.0,29781.0,37159.0,110905.0,92493.0,8172.0,1736135.0,38752.0
2019-11-15,6849468.0,86142.0,49454.0,65142.0,359311.0,1870.0,22296.0,5800.0,1811.0,3088473.0,29669.0,3290.0,581578.0,21207.0,8172.0,282232.0,8022.0
2019-11-18,2313562.0,55221.0,66018.0,100392.0,150060.0,50.0,65062.0,526.0,654.0,973008.0,75697.0,13500.0,62319319.0,12464.0,0.0,5438833.0,0.0
2019-11-19,4581151.0,60808.0,207114.0,421439.0,1084273.0,50.0,126743.0,15670.0,553.0,3300664.0,11367.0,20839.0,12552364.0,28950.0,0.0,498995.0,0.0
2019-11-20,5262115.0,117005.0,632560.0,320226.0,1169999.0,3883.0,85630.0,7905.0,27901.0,811402.0,51458.0,54947.0,6766.0,196583.0,35741.0,416608.0,32736.0
2019-11-21,3789029.0,110233.0,186504.0,265218.0,357106.0,35596.0,308732.0,752.0,2725.0,4264964.0,62243.0,23522.0,4763.0,103485.0,35741.0,350130.0,32736.0
2019-11-22,3640134.0,162574.0,262300.0,207677.0,450263.0,23947.0,92285.0,8727.0,19161.0,1667549.0,307131.0,21617.0,78017.0,22293.0,0.0,672328.0,11438.0
2019-11-25,4164207.0,138106.0,106756.0,529285.0,728928.0,165062.0,261576.0,32760.0,19638.0,4412601.0,3162813.0,24524.0,427515.0,114837.0,41022.0,2114692.0,6916.0
2019-11-26,24955444.0,1396758.0,8242427.0,2022148.0,38486175.0,188771.0,2201892.0,133808.0,17542.0,12656832.0,524596.0,291209.0,1822067.0,261429.0,5000.0,3464163.0,27709.0
2019-11-27,4592429.0,781875.0,4155171.0,161708.0,10123565.0,423605.0,220138.0,58341.0,8553.0,10027307.0,83374.0,45179.0,389316.0,210654.0,5000.0,2010439.0,5320.0
2019-11-28,1978222.0,179052.0,569868.0,155094.0,1573599.0,66859.0,96428.0,321288.0,14174.0,1313767.0,137004.0,53750.0,162811.0,87540.0,0.0,1341331.0,14098.0
2019-11-29,1978222.0,179052.0,569868.0,155094.0,1573599.0,66859.0,96428.0,321288.0,14174.0,1313767.0,137004.0,53750.0,162811.0,87540.0,0.0,1341331.0,14098.0
2019-12-02,5026067.0,49163.0,373160.0,391152.0,2430989.0,195296.0,531920.0,5955.0,64.0,2552434.0,236745.0,51254.0,31253.0,91681.0,0.0,1867457.0,5015.0
2019-12-03,7601326.0,158995.0,237101.0,266146.0,924670.0,1700.0,125170.0,120628.0,3182.0,1257914.0,267984.0,6384.0,60051.0,219705.0,0.0,1168981.0,37656.0
2019-12-04,12462185.0,224791.0,363963.0,225486.0,1290015.0,17000.0,208681.0,19395.0,18930.0,3870776.0,116557.0,58912.0,230774.0,111817.0,0.0,1620915.0,284.0
2019-12-05,7022378.0,167036.0,477295.0,284701.0,1297459.0,549852.0,157229.0,67423.0,4102.0,4514157.0,30851.0,19353.0,25954.0,94069.0,0.0,770127.0,2660.0
2019-12-06,4118806.0,135694.0,516393.0,136263.0,1030142.0,23055.0,55581.0,8415.0,12831.0,36620308.0,84873.0,8679.0,45058.0,520553.0,0.0,837103.0,2660.0
2019-12-09,2948052.0,177479.0,468389.0,113078.0,442783.0,3546.0,122611.0,29960.0,4965.0,2541154.0,154186.0,53849.0,288600.0,21742.0,0.0,1015997.0,20710.0
2019-12-10,2228273.0,173090.0,69327.0,500063.0,262419.0,17951.0,29287.0,6054.0,3390.0,15785102.0,66582.0,9137.0,49000.0,53122.0,6499.0,388189.0,20710.0
2019-12-11,6058568.0,152983.0,292062.0,125393.0,1115153.0,11368.0,52287.0,6733.0,4626.0,17127156.0,72445.0,18867.0,308059.0,39300.0,6499.0,1397040.0,2660.0
2019-12-12,4054747.0,259757.0,468950.0,401798.0,5242374.0,220885.0,234445.0,19993.0,1493.0,7061657.0,632733.0,128375.0,187656.0,65001.0,0.0,2917327.0,10627.0
2019-12-13,5109510.0,361539.0,712283.0,220990.0,743532.0,270065.0,160157.0,56845.0,6957.0,6453962.0,206319.0,64163.0,45124.0,140127.0,10534.0,3100782.0,9952.0
2019-12-16,5115521.0,320208.0,362059.0,159599.0,627720.0,19707.0,183915.0,24926.0,10030.0,1670270.0,249970.0,110633.0,40000.0,593118.0,5800.0,2072520.0,5722.0
2019-12-17,3888307.0,395199.0,610595.0,256309.0,540325.0,24367.0,197582.0,15728.0,1891.0,5990176.0,38434.0,54791.0,1306922.0,136006.0,4782.0,1141716.0,5722.0
2019-12-18,9019561.0,431640.0,134095.0,329098.0,173561.0,54041.0,179105.0,44851.0,17214.0,4621725.0,707027.0,119935.0,289210.0,236992.0,4782.0,3178570.0,0.0
2019-12-19,2541743.0,123427.0,177904.0,168845.0,343630.0,51271.0,172428.0,29003.0,820.0,2946045.0,107777.0,29595.0,92229.0,205606.0,59697.0,1752327.0,0.0
2019-12-20,14978193.0,1166995.0,250527.0,1725636.0,1226361.0,56125.0,1655190.0,137574.0,4429.0,14304987.0,296714.0,68282.0,18712795.0,464846.0,1000.0,1258722.0,11189.0
2019-12-23,2633740.0,316807.0,65410.0,154429.0,134594.0,58627.0,157197.0,316312.0,12145.0,2864798.0,264381.0,141033.0,728594.0,43598.0,710.0,749666.0,8188.0
2019-12-24,712256.0,27233.0,31140.0,11667.0,289120.0,58627.0,15984.0,30939.0,26.0,209817.0,110643.0,7678.0,107779.0,51930.0,710.0,745879.0,2854.0
2019-12-25,0.0,0.0,0.0,0.0,0.0,0.0,0.0,0.0,0.0,0.0,0.0,0.0,0.0,0.0,0.0,0.0,0.0
2019-12-26,1139144.0,136473.0,85847.0,70718.0,195403.0,2719.0,55434.0,0.0,273.0,1703572.0,6000.0,2982.0,19681.0,29640.0,0.0,2580988.0,0.0
2019-12-27,1579779.0,87014.0,31325.0,165597.0,91103.0,1917.0,60827.0,2256.0,5206.0,1174813.0,22629.0,89756.0,194273.0,50993.0,0.0,378061.0,1679.0
2019-12-30,1725871.0,190472.0,92853.0,260467.0,749761.0,6530.0,217294.0,16968.0,1160.0,1752336.0,47324.0,95712.0,485096.0,31347.0,3060.0,307819.0,2166.0
2019-12-31,0.0,0.0,0.0,0.0,0.0,0.0,0.0,0.0,0.0,0.0,0.0,0.0,0.0,0.0,0.0,0.0,0.0
2020-01-01,0.0,0.0,0.0,0.0,0.0,0.0,0.0,0.0,0.0,0.0,0.0,0.0,0.0,0.0,0.0,0.0,0.0
2020-01-02,0.0,0.0,0.0,0.0,0.0,0.0,0.0,0.0,0.0,0.0,0.0,0.0,0.0,0.0,0.0,0.0,0.0
2020-01-03,7724860.0,139787.0,9709.0,583812.0,470774.0,12414.0,182811.0,60173.0,1398.0,1999278.0,18024.0,20724.0,98534.0,16498.0,9867.0,183165.0,10243.0
2020-01-06,0.0,0.0,0.0,0.0,0.0,0.0,0.0,0.0,0.0,0.0,0.0,0.0,0.0,0.0,0.0,0.0,0.0
2020-01-07,6097335.0,35385.0,46784.0,389433.0,168708.0,50477.0,61261.0,1906.0,341.0,1833673.0,63027.0,9908.0,390501.0,11458.0,143054.0,526079.0,0.0
2020-01-08,15799402.0,82407.0,89349.0,193356.0,84933.0,14226.0,95666.0,65405.0,341.0,11462106.0,48427.0,22399.0,773079.0,393360.0,700.0,804239.0,0.0
2020-01-09,2358976.0,92221.0,12042.0,204536.0,262888.0,10691.0,299628.0,24098.0,7707.0,10772539.0,87446.0,159453.0,982059.0,48828.0,4500.0,662344.0,13142.0
2020-01-10,8254121.0,92334.0,22667.0,126810.0,227467.0,9399.0,116221.0,57605.0,9367.0,1534433.0,285957.0,296535.0,386084.0,347496.0,7000.0,1709737.0,25769.0
2020-01-13,3948381.0,109540.0,14602.0,342679.0,443469.0,19221.0,143841.0,47388.0,4356.0,6811471.0,169406.0,49648.0,369637.0,82499.0,27398.0,4477263.0,0.0
2020-01-14,10348555.0,210877.0,120183.0,302318.0,470524.0,55241.0,169083.0,40749.0,10307.0,3945709.0,139082.0,182284.0,227637.0,661543.0,27398.0,7634875.0,11438.0
2020-01-15,10545147.0,170117.0,50067.0,701243.0,248409.0,69380.0,602873.0,433223.0,1535.0,4516021.0,148170.0,28312.0,523081.0,372125.0,10751.0,1603308.0,218.0
2020-01-16,4263274.0,201368.0,41554.0,179853.0,507860.0,6010.0,194371.0,7503.0,6931.0,6274029.0,49211.0,53173.0,731665.0,25625.0,1359.0,2835734.0,9201.0
2020-01-17,4263274.0,201368.0,41554.0,179853.0,507860.0,6010.0,194371.0,7503.0,6931.0,6274029.0,49211.0,53173.0,731665.0,25625.0,1359.0,2835734.0,9201.0
2020-01-20,1249626.0,10739.0,75804.0,31753.0,21490.0,44717.0,79792.0,9425.0,1208.0,101088.0,10562.0,17083.0,71084.0,10537.0,0.0,615815.0,0.0
2020-01-21,4162755.0,115607.0,79861.0,77355.0,275263.0,6735.0,102211.0,44472.0,4891.0,2556472.0,88680.0,119781.0,1019438.0,158242.0,0.0,1193837.0,5000.0
2020-01-22,3946234.0,52799.0,39814.0,153921.0,8266.0,15646.0,174026.0,48219.0,537.0,8640717.0,39604.0,26823.0,3825729.0,7254.0,212703.0,1003189.0,3640.0
2020-01-23,5523224.0,59198.0,32716.0,67420.0,327555.0,17317.0,102951.0,52591.0,3038.0,1913722.0,391853.0,53881.0,317439.0,45047.0,24004.0,2752733.0,49994.0
2020-01-24,5848873.0,7390.0,21800.0,118173.0,332185.0,62275.0,85394.0,9799.0,7031.0,10155560.0,195439.0,20406.0,408983.0,59743.0,24004.0,633588.0,1598.0
2020-01-27,17911845.0,112975.0,125206.0,84768.0,372452.0,145739.0,46744.0,67550.0,10487.0,2692896.0,219571.0,260399.0,345523.0,64001.0,610.0,1673372.0,33391.0
2020-01-28,9741845.0,133031.0,139552.0,253650.0,308201.0,71049.0,180261.0,54149.0,31883.0,2095592.0,307667.0,67098.0,41005.0,56592.0,610.0,1292611.0,108896.0
2020-01-29,6951412.0,203412.0,410469.0,223096.0,295515.0,144277.0,112885.0,93458.0,40131.0,4029657.0,233004.0,261848.0,63983.0,49153.0,100.0,1302584.0,83731.0
2020-01-30,9469906.0,241297.0,202702.0,340370.0,191329.0,74006.0,181221.0,81315.0,17727.0,2938619.0,113421.0,75619.0,196037.0,75263.0,2887.0,1675980.0,104281.0
2020-01-31,19502919.0,449504.0,365515.0,831855.0,906355.0,519477.0,455333.0,684384.0,73980.0,9947614.0,667960.0,361232.0,231048.0,333386.0,20000.0,2912815.0,198328.0
2020-02-03,7113412.0,81381.0,23394.0,339272.0,80965.0,170399.0,71266.0,4916.0,1296.0,2436174.0,60989.0,13711.0,160786.0,35954.0,0.0,994268.0,49468.0
2020-02-04,6751347.0,262940.0,185885.0,280751.0,469986.0,27897.0,269717.0,17406.0,30356.0,4725756.0,148308.0,37949.0,6541.0,122202.0,1000.0,1182210.0,5301.0
2020-02-05,8119290.0,212814.0,64927.0,241014.0,584239.0,64787.0,233100.0,27985.0,20320.0,3541747.0,97497.0,90110.0,38483.0,176569.0,1000.0,3755658.0,108110.0
2020-02-06,6321212.0,157717.0,35341.0,379450.0,622793.0,80393.0,153748.0,34463.0,15655.0,6204902.0,130523.0,56256.0,1141511.0,40365.0,13603.0,3635066.0,48545.0
2020-02-07,3225700.0,49832.0,150632.0,333992.0,400120.0,115111.0,44919.0,27391.0,6662.0,1360388.0,113743.0,37217.0,11279.0,132594.0,13603.0,3317489.0,7400.0
2020-02-10,2706843.0,192314.0,134936.0,548728.0,293512.0,113606.0,271226.0,72232.0,18507.0,1754561.0,63147.0,25687.0,1372989.0,165880.0,103156.0,830189.0,4840.0
2020-02-11,6594906.0,221492.0,82417.0,1061906.0,948863.0,56291.0,145910.0,210506.0,7458.0,2852754.0,152463.0,32014.0,260787.0,196416.0,103156.0,1813114.0,274814.0
2020-02-12,11129921.0,536935.0,189360.0,455057.0,2186623.0,152037.0,154146.0,274439.0,65.0,4652341.0,253356.0,54563.0,17200.0,42342.0,0.0,1533799.0,4400.0
2020-02-13,5160683.0,129137.0,31477.0,201970.0,443221.0,30420.0,119073.0,47495.0,3469.0,12318861.0,66618.0,53977.0,5351.0,32247.0,0.0,782072.0,6358.0
2020-02-14,4912203.0,191059.0,111797.0,345161.0,717421.0,102318.0,132500.0,59252.0,16032.0,4435796.0,123323.0,23833.0,124283.0,34091.0,6000.0,1016900.0,51300.0
2020-02-17,881320.0,41926.0,3822.0,57308.0,305672.0,41436.0,28283.0,6242.0,43.0,905008.0,76499.0,19357.0,253.0,70642.0,1117.0,273074.0,1000.0
2020-02-18,8252194.0,463082.0,214009.0,574462.0,720495.0,51544.0,408120.0,17570.0,14661.0,5054125.0,203087.0,85449.0,73047.0,204097.0,4050.0,5245225.0,8516.0
2020-02-19,9608802.0,317731.0,85083.0,159027.0,2040014.0,29755.0,236141.0,41381.0,13230.0,7826421.0,151099.0,38526.0,2831522.0,44039.0,0.0,1154028.0,6210.0
2020-02-20,10651758.0,136237.0,109983.0,281194.0,648765.0,16838.0,147870.0,64146.0,5208.0,9426198.0,1214259.0,137011.0,51192407.0,63705.0,2150.0,5524742.0,6423.0
2020-02-21,7169948.0,152453.0,252587.0,389527.0,1126915.0,56006.0,118985.0,21336.0,1276.0,4773254.0,1459869.0,39683.0,1952784.0,191682.0,47996.0,4721813.0,13355.0
2020-02-24,7712437.0,233724.0,191211.0,597726.0,1377148.0,88620.0,313498.0,61498.0,3187.0,9764255.0,440989.0,99068.0,788938.0,194342.0,467085.0,5758028.0,46083.0
2020-02-25,15117172.0,294544.0,53859.0,316445.0,774542.0,71386.0,397525.0,20108.0,12771.0,6220159.0,785390.0,149473.0,249330.0,166892.0,365015.0,1845928.0,26210.0
2020-02-26,16865710.0,368719.0,142288.0,924876.0,984055.0,48999.0,618693.0,45030.0,56178.0,14947053.0,289609.0,1295003.0,1585685.0,67480.0,13778.0,1742956.0,2030.0
2020-02-27,29340734.0,380886.0,198665.0,649365.0,2282298.0,100833.0,315856.0,119116.0,23025.0,12306462.0,502930.0,225630.0,670865.0,432076.0,13778.0,3323174.0,36990.0
2020-02-28,16511945.0,529261.0,136796.0,696751.0,1575453.0,176501.0,1371546.0,13491.0,14486.0,15609953.0,224707.0,200801.0,319963.0,247559.0,6566.0,3957763.0,882.0
2020-03-02,9566943.0,304848.0,145826.0,284234.0,936508.0,58719.0,558216.0,1952.0,292.0,6593294.0,139913.0,50905.0,115220.0,150968.0,4465.0,1643622.0,1000.0
2020-03-03,9011373.0,359522.0,124207.0,780973.0,1096658.0,30366.0,703129.0,54683.0,5070.0,10357580.0,279167.0,233002.0,377972.0,79849.0,4465.0,4406827.0,8050.0
2020-03-04,8163611.0,148376.0,134585.0,638270.0,820295.0,25600.0,102114.0,37378.0,828.0,2230884.0,365326.0,288320.0,282205.0,143869.0,0.0,1786575.0,8050.0
2020-03-05,9583301.0,88900.0,56911.0,727057.0,583550.0,13820.0,360694.0,14086.0,2526.0,4575831.0,274847.0,66582.0,104445.0,129024.0,11900.0,723764.0,12020.0
2020-03-06,24604844.0,156434.0,26483.0,372473.0,381955.0,29212.0,205664.0,26960.0,7368.0,15360762.0,452799.0,239974.0,849953.0,47016.0,2913.0,1200600.0,3430.0
2020-03-09,22069066.0,274859.0,65049.0,586279.0,1001162.0,89555.0,321055.0,14279.0,8285.0,13048290.0,1569232.0,116485.0,935157.0,79305.0,10287.0,5827338.0,14650.0
2020-03-10,20140007.0,300086.0,68640.0,398896.0,2024928.0,49479.0,254521.0,30718.0,4349.0,5132038.0,933283.0,142688.0,756127.0,124306.0,800.0,4305817.0,11620.0
2020-03-11,13011176.0,370347.0,218040.0,970137.0,1493101.0,43787.0,586201.0,11907.0,22157.0,9118408.0,370902.0,134518.0,329685.0,71104.0,800.0,7554389.0,7400.0
2020-03-12,10344282.0,258635.0,72503.0,210020.0,918631.0,101232.0,157863.0,17045.0,26488.0,3521629.0,512331.0,140264.0,82026.0,47881.0,48282.0,4617424.0,6660.0
2020-03-13,10344282.0,258635.0,72503.0,210020.0,918631.0,101232.0,157863.0,17045.0,26488.0,3521629.0,512331.0,140264.0,82026.0,47881.0,48282.0,4617424.0,6660.0
2020-03-16,10747456.0,329073.0,82017.0,640500.0,1123202.0,26429.0,318054.0,12145.0,6080.0,3454877.0,611147.0,88173.0,127794.0,82374.0,333.0,1740792.0,15950.0
2020-03-17,13772260.0,674519.0,296978.0,1448519.0,1217438.0,118163.0,649026.0,16824.0,37722.0,68229974.0,41906.0,185946.0,305759.0,91495.0,5555.0,3899256.0,15950.0
2020-03-18,10864759.0,339101.0,360539.0,3461107.0,1203193.0,236373.0,246150.0,32935.0,7516.0,47171201.0,196685.0,175068.0,670636.0,103364.0,5681.0,2798684.0,1190.0
2020-03-19,11059614.0,370829.0,362528.0,500708.0,1176179.0,53169.0,192511.0,57856.0,6507.0,5349224.0,204795.0,279989.0,857279.0,74427.0,5681.0,2894500.0,1190.0
2020-03-20,23972474.0,645127.0,451482.0,1807020.0,3728322.0,39944.0,851784.0,73446.0,33673.0,9967507.0,756430.0,257015.0,120000.0,108760.0,5986.0,54879082.0,73671.0
2020-03-23,0.0,0.0,0.0,0.0,0.0,0.0,0.0,0.0,0.0,0.0,0.0,0.0,0.0,0.0,0.0,0.0,0.0
2020-03-24,11955457.0,432155.0,117953.0,1103778.0,873938.0,77066.0,393262.0,45880.0,61000.0,8196677.0,13193.0,83385.0,414084.0,189175.0,0.0,1991716.0,21070.0
2020-03-25,11207523.0,173950.0,464937.0,633972.0,1067862.0,153424.0,131958.0,103609.0,58815.0,5565391.0,195052.0,57405.0,798190.0,449115.0,3958.0,4794115.0,33490.0
2020-03-26,11207523.0,173950.0,464937.0,633972.0,1067862.0,153424.0,131958.0,103609.0,58815.0,5565391.0,195052.0,57405.0,798190.0,449115.0,3958.0,4794115.0,33490.0
2020-03-27,10404293.0,348303.0,236428.0,440174.0,920870.0,173298.0,774442.0,34730.0,33530.0,7475861.0,174645.0,168687.0,208902.0,160787.0,0.0,1067971.0,6684.0
2020-03-30,10355161.0,89652.0,63310.0,350369.0,1053390.0,41250.0,260076.0,21218.0,8408.0,2371971.0,121350.0,9519.0,760810.0,145487.0,0.0,2103759.0,21889.0
2020-03-31,12181603.0,212727.0,174788.0,741804.0,1873766.0,72237.0,457904.0,313980.0,11960.0,7552033.0,172689.0,92962.0,2941062.0,262042.0,0.0,2052921.0,6928.0
2020-04-01,7069486.0,265014.0,111823.0,467344.0,192731.0,27134.0,438506.0,78300.0,8279.0,3963111.0,427465.0,29262.0,485400.0,66242.0,35643.0,533174.0,6928.0
2020-04-02,13563088.0,222581.0,64499.0,410968.0,668250.0,42312.0,311213.0,53397.0,7764.0,4588701.0,315196.0,216405.0,170261.0,156155.0,35643.0,1497828.0,33210.0
2020-04-03,16688585.0,182669.0,33618.0,721042.0,312320.0,49909.0,439929.0,45115.0,3760.0,5674132.0,32886.0,7704.0,166866.0,417367.0,8355.0,260856.0,14512.0
2020-04-06,10533034.0,257808.0,126186.0,520879.0,428436.0,11036.0,609202.0,32943.0,2414.0,8490763.0,15648.0,44699.0,290788.0,178627.0,0.0,354339.0,2200.0
2020-04-07,10777565.0,294126.0,141715.0,397415.0,546314.0,49445.0,495964.0,81944.0,6039.0,5180641.0,431020.0,48473.0,328557.0,335980.0,12400.0,1301201.0,18984.0
2020-04-08,10307472.0,245965.0,72314.0,149575.0,248922.0,17234.0,124016.0,21081.0,13591.0,3672177.0,26466.0,10787.0,1062982.0,95798.0,8025.0,704549.0,130910.0
2020-04-09,0.0,0.0,0.0,0.0,0.0,0.0,0.0,0.0,0.0,0.0,0.0,0.0,0.0,0.0,0.0,0.0,0.0
2020-04-10,0.0,0.0,0.0,0.0,0.0,0.0,0.0,0.0,0.0,0.0,0.0,0.0,0.0,0.0,0.0,0.0,0.0
2020-04-13,11564770.0,166910.0,134666.0,279163.0,227307.0,27515.0,269957.0,13285.0,5199.0,4512713.0,2983.0,19306.0,211140.0,37814.0,2850.0,1641739.0,80000.0
2020-04-14,8853810.0,336309.0,283519.0,506112.0,466877.0,50245.0,477300.0,53528.0,9051.0,12969539.0,238442.0,81836.0,883081.0,261669.0,8983.0,2346894.0,80416.0
2020-04-15,13033038.0,391206.0,136606.0,643969.0,215226.0,18505.0,301600.0,33927.0,4083.0,7959234.0,148860.0,34491.0,1702758.0,176002.0,1750.0,1642750.0,13500.0
2020-04-16,12347568.0,264757.0,58886.0,671820.0,514224.0,49383.0,360588.0,29156.0,5778.0,5884683.0,55099.0,72460.0,14550.0,175712.0,5000.0,1621436.0,12769.0
2020-04-17,16118621.0,170225.0,158318.0,168465.0,344994.0,20809.0,167538.0,17346.0,4342.0,6299928.0,76530.0,166761.0,166642.0,36683.0,5000.0,653272.0,11100.0
2020-04-20,16782644.0,95869.0,134595.0,272009.0,801319.0,7560.0,144112.0,14349.0,2360.0,4848827.0,20240.0,65834.0,2838834.0,67349.0,4000.0,1433439.0,8100.0
2020-04-21,10735447.0,219695.0,147312.0,175195.0,614293.0,69565.0,223130.0,26689.0,17186.0,3513094.0,76808.0,76396.0,2519244.0,165894.0,1000.0,2820157.0,39990.0
2020-04-22,9170947.0,256041.0,119625.0,224470.0,256141.0,9227.0,781238.0,86123.0,6814.0,11044173.0,675967.0,90553.0,360819.0,190495.0,38162.0,1802508.0,31540.0
2020-04-23,11894067.0,292443.0,87847.0,218201.0,204090.0,72276.0,455682.0,49983.0,2171.0,16022569.0,55725.0,45057.0,349814.0,134915.0,13221.0,1256764.0,12389.0
2020-04-24,6921465.0,373082.0,33686.0,626588.0,317974.0,68177.0,326090.0,24026.0,838.0,14026611.0,247782.0,49935.0,137500.0,303126.0,25534.0,517417.0,2300.0
2020-04-27,7096405.0,211409.0,63054.0,165691.0,119465.0,10383.0,434536.0,86526.0,12882.0,4885953.0,36617.0,80038.0,1348911.0,32840.0,2100.0,868147.0,6210.0
2020-04-28,16011029.0,178131.0,60712.0,338178.0,246279.0,26637.0,225841.0,61400.0,19693.0,6295075.0,72733.0,105955.0,347738.0,388226.0,10510.0,754782.0,14850.0
2020-04-29,9963145.0,423146.0,47186.0,345243.0,286379.0,41377.0,393453.0,20311.0,31731.0,7059355.0,323406.0,49896.0,65868.0,249507.0,53393.0,481767.0,1350.0
2020-04-30,12267171.0,347932.0,51714.0,272798.0,168126.0,37324.0,187800.0,41333.0,22051.0,9434795.0,63795.0,74477.0,701427.0,161266.0,10024.0,2233801.0,2160.0
2020-05-01,0.0,0.0,0.0,0.0,0.0,0.0,0.0,0.0,0.0,0.0,0.0,0.0,0.0,0.0,0.0,0.0,0.0
2020-05-04,8665862.0,241556.0,34789.0,189674.0,152523.0,25586.0,292428.0,34950.0,8733.0,11918678.0,96928.0,29356.0,206115.0,34637.0,0.0,1588248.0,1840.0
2020-05-05,9909915.0,52503.0,52967.0,45233.0,100660.0,1478.0,37692.0,4850.0,8483.0,2530486.0,19547.0,3817.0,628978.0,50759.0,4010.0,1923033.0,3870.0
2020-05-06,10692926.0,122787.0,31300.0,254044.0,398255.0,106370.0,150310.0,14438.0,15259.0,16352957.0,332159.0,24122.0,245476.0,40518.0,1101.0,596927.0,17510.0
2020-05-07,14827973.0,360830.0,20890.0,422643.0,256491.0,82601.0,316269.0,45426.0,9272.0,12224952.0,93832.0,35239.0,136213.0,576427.0,1450.0,1758989.0,44882.0
2020-05-08,10319435.0,237424.0,21086.0,338676.0,108061.0,39861.0,266985.0,60180.0,10603.0,9448032.0,82927.0,57738.0,2356457.0,28689.0,21394.0,956380.0,21060.0
2020-05-11,6220042.0,342725.0,106997.0,211195.0,86208.0,26149.0,201545.0,10111.0,3320.0,10543948.0,106735.0,22662.0,136580.0,27784.0,1998.0,631196.0,7560.0
2020-05-12,6818728.0,108886.0,26952.0,187587.0,54637.0,17339.0,110441.0,8704.0,3797.0,6739984.0,46795.0,15633.0,34559.0,26014.0,1057.0,508710.0,2400.0
2020-05-13,8963520.0,101475.0,50611.0,188974.0,136836.0,109965.0,1263770.0,59291.0,12497.0,14318956.0,226252.0,17708.0,16544000.0,77978.0,1353.0,1902435.0,16180.0
2020-05-14,7392449.0,91304.0,17510.0,237712.0,25762.0,1710.0,392574.0,14577.0,1242.0,27290239.0,52100.0,18749.0,42458.0,433515.0,1353.0,479471.0,14600.0
2020-05-15,3589475.0,119930.0,61944.0,112033.0,427000.0,76064.0,251270.0,41471.0,11482.0,29531292.0,20476.0,20981.0,115800.0,2771.0,2563.0,289521.0,15620.0
2020-05-18,10044395.0,297886.0,71522.0,751308.0,355172.0,127586.0,476911.0,19063.0,28641.0,38165265.0,82630.0,66200.0,1604823.0,150054.0,5990.0,1055554.0,40200.0
2020-05-19,7930509.0,252830.0,23128.0,106618.0,91037.0,24642.0,410516.0,25275.0,20617.0,17340748.0,33896.0,10045.0,455604.0,71833.0,6438.0,891601.0,1096.0
2020-05-20,3290415.0,408823.0,42668.0,133006.0,134343.0,29203.0,208676.0,49143.0,129.0,35090040.0,44826.0,85452.0,40000.0,47000.0,4287.0,2942595.0,7000.0
2020-05-21,4135495.0,138870.0,27059.0,582771.0,36870.0,2556.0,201460.0,49143.0,10945.0,16766418.0,49636.0,85452.0,418404.0,80181.0,5282.0,1494447.0,6935.0
2020-05-22,3517980.0,144471.0,23249.0,207421.0,134444.0,13717.0,652409.0,39326.0,4029.0,19722491.0,2500.0,73515.0,373649.0,51328.0,3550.0,126950.0,2720.0
2020-05-25,0.0,0.0,0.0,0.0,0.0,0.0,0.0,0.0,0.0,0.0,0.0,0.0,0.0,0.0,0.0,0.0,0.0
2020-05-26,4726377.0,246485.0,19915.0,203090.0,118613.0,31252.0,302091.0,85634.0,4759.0,20680903.0,48195.0,50065.0,122000.0,51577.0,19467.0,4188355.0,15840.0
2020-05-27,8228583.0,306690.0,79557.0,244283.0,190310.0,9190.0,381613.0,66763.0,3667.0,24502418.0,39556.0,31686.0,73700.0,112573.0,17304.0,1273704.0,180.0
2020-05-28,7849505.0,223498.0,29861.0,202331.0,157611.0,8770.0,1216305.0,13634.0,22558.0,31975497.0,212922.0,18364.0,348319.0,205185.0,5571.0,872211.0,30540.0
2020-05-29,29863458.0,1304504.0,76276.0,2946216.0,361558.0,112497.0,25539870.0,98676.0,12280.0,390259044.0,274838.0,85653.0,321382.0,240928.0,2771.0,4412723.0,2238.0
2020-06-01,7844708.0,380007.0,182842.0,304132.0,360144.0,16914.0,2335922.0,111920.0,8318.0,28572869.0,141387.0,92280.0,443264.0,48335.0,3307.0,832079.0,541.0
2020-06-02,11383701.0,536831.0,69903.0,193663.0,293756.0,58108.0,485594.0,48705.0,21358.0,8750081.0,72184.0,72419.0,263250.0,79901.0,15648.0,723352.0,82995.0
2020-06-03,11383701.0,536831.0,69903.0,193663.0,293756.0,58108.0,485594.0,48705.0,21358.0,8750081.0,72184.0,72419.0,263250.0,79901.0,15648.0,723352.0,82995.0
2020-06-04,11007653.0,406755.0,110438.0,604930.0,286648.0,52690.0,1143405.0,47501.0,25821.0,20361998.0,177514.0,81554.0,2848093.0,83025.0,22872.0,1743788.0,220564.0
2020-06-05,16488874.0,306138.0,137280.0,479386.0,615238.0,273932.0,825119.0,127615.0,56805.0,21239699.0,177422.0,99279.0,685446.0,190724.0,260562.0,3811347.0,61744.0
2020-06-08,9945161.0,415492.0,139642.0,387412.0,431486.0,202871.0,1031070.0,152229.0,52880.0,15580525.0,99008.0,21005.0,1282183.0,108860.0,56841.0,583940.0,10893.0
2020-06-09,8945287.0,258815.0,72509.0,625479.0,345303.0,53269.0,1364118.0,56152.0,30278.0,21198170.0,356332.0,57627.0,750728.0,395845.0,71816.0,1091695.0,55278.0
2020-06-10,10134344.0,689709.0,31102.0,547107.0,161566.0,53468.0,465047.0,37670.0,8661.0,11534922.0,420881.0,161206.0,611874.0,136292.0,16781.0,952818.0,25380.0
2020-06-11,10533204.0,202578.0,60924.0,281193.0,256972.0,73191.0,714236.0,49570.0,45761.0,17482139.0,127627.0,34332.0,1253280.0,59547.0,82117.0,572196.0,14409.0
2020-06-12,7234884.0,231899.0,41726.0,417602.0,356427.0,51804.0,593312.0,7680.0,26262.0,17802681.0,159947.0,22145.0,787284.0,135066.0,92534.0,1672396.0,1500.0
2020-06-15,0.0,0.0,0.0,0.0,0.0,0.0,0.0,0.0,0.0,0.0,0.0,0.0,0.0,0.0,0.0,0.0,0.0
2020-06-16,10245848.0,304925.0,22475.0,441161.0,258907.0,60634.0,691387.0,35636.0,59144.0,7608095.0,88894.0,42338.0,1140800.0,231343.0,31517.0,2202523.0,10000.0
2020-06-17,9196768.0,117517.0,39262.0,333055.0,100468.0,12642.0,822889.0,11680.0,14247.0,3042280.0,1062680.0,39681.0,160119.0,224445.0,16043.0,523988.0,2700.0
2020-06-18,6715724.0,372049.0,12265.0,234604.0,419905.0,12642.0,1234490.0,5527.0,77153.0,5772930.0,424853.0,31596.0,43200.0,638537.0,3915.0,618766.0,651.0
2020-06-19,28699680.0,1158464.0,148918.0,1499263.0,8637261.0,37722.0,4409363.0,73433.0,185313.0,18513425.0,2492396.0,336291.0,373000.0,996068.0,29481.0,46507472.0,10336.0
2020-06-22,0.0,0.0,0.0,0.0,0.0,0.0,0.0,0.0,0.0,0.0,0.0,0.0,0.0,0.0,0.0,0.0,0.0
2020-06-23,7059430.0,490091.0,142056.0,574378.0,76078.0,25392.0,764095.0,40674.0,7427.0,9846763.0,805898.0,137776.0,612955.0,501141.0,6346.0,2114520.0,4320.0
2020-06-24,5958456.0,250422.0,53752.0,284510.0,19178.0,10981.0,151318.0,23173.0,10159.0,9488767.0,88081.0,5737.0,1297724.0,56643.0,8261.0,434340.0,73570.0
2020-06-25,5052016.0,209355.0,3248.0,155976.0,130495.0,1344.0,205791.0,6884.0,33716.0,8738658.0,30475.0,69289.0,1475732.0,26760.0,9218.0,817628.0,44100.0
2020-06-26,4530295.0,120547.0,17206.0,376290.0,121366.0,7734.0,145870.0,8761.0,4750.0,3107454.0,5247.0,14950.0,40373.0,7634.0,1094.0,220665.0,1220.0
2020-06-29,0.0,0.0,0.0,0.0,0.0,0.0,0.0,0.0,0.0,0.0,0.0,0.0,0.0,0.0,0.0,0.0,0.0
2020-06-30,4237837.0,171400.0,1465.0,201481.0,104018.0,10639.0,46015.0,3550.0,4968.0,4163920.0,61749.0,23545.0,1052000.0,73834.0,1734.0,223876.0,13500.0
2020-07-01,3908052.0,121440.0,11287.0,195536.0,75226.0,6406.0,153902.0,7932.0,3572.0,2446708.0,58675.0,46693.0,361014.0,43707.0,1751.0,251698.0,2700.0
2020-07-02,4356721.0,186580.0,8006.0,309881.0,121468.0,23296.0,60993.0,10485.0,8974.0,4025608.0,742122.0,89694.0,252036.0,62818.0,1450.0,798124.0,4000.0
2020-07-03,521127.0,64429.0,32240.0,47844.0,71592.0,14280.0,40360.0,11438.0,5460.0,721818.0,29123.0,32564.0,10000.0,135289.0,11464.0,202827.0,6468.0
2020-07-06,5537955.0,170590.0,20405.0,102864.0,74571.0,8907.0,228706.0,4257.0,3797.0,4677310.0,493196.0,92303.0,43041.0,166871.0,2600.0,349190.0,0.0
2020-07-07,10383304.0,215421.0,47674.0,559830.0,147977.0,61694.0,76939.0,18714.0,4168.0,4468406.0,122895.0,18387.0,711443.0,229156.0,3907.0,5916802.0,1080.0
2020-07-08,7976028.0,66932.0,130181.0,906647.0,233295.0,58083.0,190862.0,102384.0,10343.0,5675027.0,61837.0,71183.0,643809.0,72066.0,6513.0,2344705.0,2022085.0
2020-07-09,11185829.0,200181.0,54815.0,1575657.0,224206.0,61332.0,181791.0,46330.0,10173.0,10106527.0,309247.0,38315.0,327194.0,344854.0,6980.0,1005469.0,58010.0
2020-07-10,8891607.0,230086.0,42876.0,611441.0,345080.0,48229.0,211978.0,43891.0,7561.0,2328042.0,398449.0,50617.0,1656382.0,216776.0,6545.0,760183.0,228172.0
2020-07-13,9305887.0,92059.0,36624.0,202789.0,107188.0,43572.0,149195.0,8300.0,8764.0,11176316.0,254247.0,26373.0,225297.0,162165.0,51503.0,719008.0,19980.0
2020-07-14,6960499.0,103705.0,52279.0,399710.0,261718.0,13120.0,215670.0,13324.0,5297.0,8412858.0,288991.0,52666.0,289868.0,84335.0,90947.0,579168.0,7249.0
2020-07-15,7334693.0,164924.0,35531.0,376242.0,233223.0,38263.0,421133.0,37596.0,8821.0,5050736.0,323422.0,73046.0,253550.0,270757.0,36059.0,2338411.0,40838.0
2020-07-16,5270454.0,166178.0,26627.0,414223.0,145715.0,11631.0,154605.0,13050.0,5353.0,3325883.0,58966.0,41365.0,269495.0,85779.0,23726.0,1137183.0,10067.0
2020-07-17,8701282.0,116381.0,16375.0,180777.0,197171.0,44961.0,104525.0,38912.0,9263.0,10029883.0,328679.0,162722.0,952245.0,193074.0,4285.0,637754.0,35100.0
2020-07-20,0.0,0.0,0.0,0.0,0.0,0.0,0.0,0.0,0.0,0.0,0.0,0.0,0.0,0.0,0.0,0.0,0.0
2020-07-21,7677988.0,540246.0,101436.0,825783.0,475261.0,138684.0,548033.0,120425.0,16465.0,5683099.0,276292.0,200551.0,43000.0,195335.0,4140.0,1443640.0,43779.0
2020-07-22,4847476.0,143254.0,48034.0,578859.0,805139.0,277579.0,261447.0,65629.0,14076.0,3139855.0,245718.0,55616.0,348744.0,109180.0,7664.0,1181713.0,35100.0
2020-07-23,3316759.0,195840.0,93011.0,295181.0,598435.0,158135.0,429552.0,197030.0,14587.0,5132505.0,150674.0,157491.0,2054848.0,470372.0,11335.0,1015618.0,35801.0
2020-07-24,2071057.0,202441.0,40916.0,85654.0,339571.0,67305.0,345104.0,101975.0,6439.0,3414551.0,91343.0,111140.0,336410.0,46672.0,3800.0,798312.0,27760.0
2020-07-27,4069203.0,134037.0,38984.0,259951.0,235667.0,123561.0,163459.0,41480.0,9175.0,2730622.0,91374.0,36976.0,2777424.0,27715.0,20533.0,694844.0,7671.0
2020-07-28,6319852.0,152332.0,37152.0,279057.0,205922.0,32738.0,176866.0,17129.0,1053.0,5201552.0,539371.0,36301.0,1861454.0,90423.0,15299.0,750395.0,7671.0
2020-07-29,3325585.0,84674.0,30704.0,101486.0,138343.0,77667.0,83541.0,15984.0,11128.0,31152753.0,83036.0,28963.0,1936881.0,159735.0,10299.0,559942.0,7400.0
2020-07-30,9467433.0,95286.0,23782.0,299912.0,311254.0,17924.0,288344.0,12325.0,6395.0,5446950.0,33240.0,55779.0,1121351.0,373989.0,950.0,1085492.0,8100.0
2020-07-31,24437213.0,1230069.0,365761.0,1853011.0,3291240.0,608168.0,2036415.0,509907.0,88218.0,20250993.0,1792938.0,317549.0,20813053.0,975848.0,12000.0,9734659.0,1004562.0
2020-08-03,15750884.0,167294.0,127248.0,255949.0,2234151.0,185166.0,295407.0,311140.0,41442.0,8790747.0,73902.0,12294.0,724815.0,194113.0,2045.0,1247243.0,291058.0
2020-08-04,11020072.0,238463.0,23046.0,264838.0,290451.0,21579.0,80065.0,31856.0,17120.0,8034553.0,327067.0,124724.0,173772.0,516784.0,1128.0,1715874.0,97947.0
2020-08-05,9774071.0,198337.0,60614.0,82285.0,501776.0,41053.0,195888.0,14313.0,2849.0,3396325.0,56179.0,112946.0,155951.0,196580.0,1030.0,693773.0,28340.0
2020-08-06,3797025.0,155261.0,49805.0,97594.0,1498147.0,126440.0,112834.0,26089.0,2553.0,9327862.0,32217.0,78466.0,527858.0,191897.0,1400.0,271923.0,7240.0
2020-08-07,0.0,0.0,0.0,0.0,0.0,0.0,0.0,0.0,0.0,0.0,0.0,0.0,0.0,0.0,0.0,0.0,0.0
2020-08-10,818180.0,26510.0,7650.0,68927.0,367684.0,48575.0,42029.0,4583.0,7397.0,4345290.0,10363.0,9821.0,187402.0,70242.0,145.0,156834.0,13753.0
2020-08-11,5764333.0,160445.0,57869.0,382147.0,632812.0,69713.0,93283.0,29081.0,5871.0,5398624.0,522068.0,16132.0,272040.0,112161.0,2800.0,434724.0,13681.0
2020-08-12,5649771.0,52785.0,10515.0,282886.0,239323.0,14516.0,43192.0,65287.0,11185.0,1353643.0,172762.0,34151.0,585977.0,23247.0,2800.0,1798260.0,7946.0
2020-08-13,2689853.0,324277.0,22577.0,203599.0,139776.0,27172.0,116745.0,62375.0,7806.0,1617132.0,146354.0,36401.0,139387.0,117173.0,200.0,555831.0,95069.0
2020-08-14,2036156.0,156629.0,35163.0,157645.0,371167.0,19242.0,56507.0,45357.0,3632.0,4434730.0,42529.0,15306.0,194686.0,65410.0,3513.0,218386.0,8640.0
2020-08-17,0.0,0.0,0.0,0.0,0.0,0.0,0.0,0.0,0.0,0.0,0.0,0.0,0.0,0.0,0.0,0.0,0.0
2020-08-18,12192692.0,155086.0,69556.0,483825.0,198388.0,107864.0,117726.0,57035.0,6627.0,3948594.0,109183.0,34288.0,149001.0,297224.0,3100.0,580377.0,19575.0
2020-08-19,10589268.0,231356.0,126572.0,214204.0,1424670.0,161586.0,207392.0,163459.0,12914.0,7276527.0,106924.0,89673.0,108726.0,280094.0,3100.0,707544.0,52720.0
2020-08-20,7954303.0,370667.0,156115.0,532060.0,2166614.0,146789.0,325965.0,91525.0,17154.0,3565204.0,227897.0,59355.0,112598.0,162578.0,10018.0,1505705.0,49825.0
2020-08-21,7749558.0,182302.0,105898.0,497644.0,1143792.0,164030.0,579978.0,201468.0,9987.0,5783102.0,331890.0,75688.0,2000252.0,187517.0,24920.0,1514655.0,22662.0
2020-08-24,0.0,0.0,0.0,0.0,0.0,0.0,0.0,0.0,0.0,0.0,0.0,0.0,0.0,0.0,0.0,0.0,0.0
2020-08-25,7440790.0,337245.0,211157.0,246659.0,858603.0,143483.0,342388.0,113458.0,24563.0,14971731.0,239214.0,163728.0,522899.0,898194.0,33088.0,1087567.0,64367.0
2020-08-26,12395444.0,418993.0,134730.0,371804.0,2154654.0,351845.0,534116.0,244386.0,12101.0,9587674.0,226360.0,95564.0,1712901.0,260224.0,122628.0,1032547.0,42867.0
2020-08-27,8988562.0,131361.0,92218.0,296885.0,564431.0,135776.0,306817.0,127053.0,18182.0,6505065.0,119901.0,52478.0,980627.0,188112.0,17406.0,1358418.0,15000.0
2020-08-28,4404734.0,205854.0,66111.0,129674.0,1601568.0,97229.0,406828.0,84136.0,5308.0,7950995.0,124245.0,14797.0,1150683.0,193959.0,90742.0,637854.0,6480.0
2020-08-31,16761532.0,725084.0,54601.0,440893.0,1154982.0,162251.0,136113.0,105430.0,15992.0,6628658.0,267677.0,38784.0,702020.0,374522.0,28423.0,686975.0,22808.0
2020-09-01,23874773.0,732608.0,177286.0,1405953.0,1085292.0,534594.0,516015.0,71019.0,16232.0,12667203.0,1186439.0,108529.0,325317.0,172692.0,22532.0,4097081.0,21129.0
2020-09-02,13493395.0,386865.0,174929.0,247325.0,361005.0,329173.0,558345.0,105132.0,6341.0,11510090.0,290264.0,83774.0,1609347.0,298829.0,38860.0,1360689.0,16988.0
2020-09-03,7216291.0,337190.0,63382.0,164543.0,650991.0,186414.0,384813.0,61159.0,12941.0,7839904.0,94952.0,25103.0,354352.0,122355.0,83395.0,732198.0,22129.0
2020-09-04,2826449.0,150650.0,54236.0,248588.0,847435.0,66596.0,197877.0,48865.0,1029.0,2705047.0,144362.0,10939.0,15614.0,84543.0,11047.0,1364513.0,28040.0
2020-09-07,1177698.0,119837.0,39856.0,146534.0,247723.0,40583.0,200394.0,16865.0,0.0,1842954.0,39794.0,42274.0,251112.0,20066.0,28419.0,878159.0,240.0
2020-09-08,11068581.0,390375.0,20935.0,141044.0,230326.0,114400.0,94419.0,21317.0,1555.0,5414031.0,134966.0,36263.0,228610.0,20536.0,236050.0,696839.0,2640.0
2020-09-09,7373185.0,196360.0,120785.0,235718.0,248754.0,125396.0,124553.0,12252.0,5630.0,4140017.0,164840.0,40251.0,653507.0,154107.0,129889.0,485484.0,2284.0
2020-09-10,12231527.0,214236.0,102868.0,104848.0,285095.0,170203.0,625895.0,43284.0,9171.0,58794075.0,63648.0,109444.0,248465.0,39277.0,74750.0,1055799.0,55860.0
2020-09-11,5017679.0,121615.0,75901.0,132018.0,826972.0,19954.0,241507.0,18661.0,14368.0,2946480.0,53598.0,14996.0,79549.0,14704.0,30240.0,963242.0,554332.0
2020-09-14,6719901.0,280553.0,14996.0,29111.0,335525.0,15829.0,111712.0,10338.0,8340.0,8587893.0,163795.0,13267.0,155406.0,16692.0,19465.0,232063.0,13664.0
2020-09-15,12386675.0,162476.0,15056.0,607372.0,386938.0,22504.0,442924.0,18487.0,8246.0,2532273.0,72761.0,10274.0,300891.0,101092.0,101260.0,329378.0,703817.0
2020-09-16,7633052.0,178168.0,37753.0,347346.0,621692.0,35871.0,433790.0,37992.0,23605.0,22392661.0,128265.0,51432.0,65811.0,290745.0,2571.0,550890.0,415216.0
2020-09-17,7486941.0,199206.0,21559.0,546423.0,1872157.0,84614.0,113458.0,13280.0,6823.0,2857845.0,176609.0,32103.0,83797.0,92173.0,14738.0,332169.0,354200.0
2020-09-18,31691332.0,713583.0,31539.0,1938236.0,4024915.0,138117.0,2186683.0,12832.0,26345.0,17312002.0,279693.0,299774.0,716963.0,250657.0,126471.0,9502474.0,949126.0
2020-09-21,11736328.0,134903.0,20631.0,141737.0,360535.0,109164.0,109678.0,28065.0,4658.0,4717446.0,111456.0,62984.0,50782.0,29467.0,7030.0,589883.0,37052.0
2020-09-22,26218671.0,567709.0,40187.0,1038811.0,544315.0,41451.0,115338.0,7493.0,3672.0,1915721.0,62816.0,5182.0,16176.0,32677.0,2370.0,577667.0,45280.0
2020-09-23,22119689.0,131162.0,29364.0,127871.0,473638.0,19991.0,111078.0,17024.0,9080.0,5901494.0,62042.0,71166.0,47307.0,16736.0,9660.0,589807.0,12480.0
2020-09-24,10533574.0,164026.0,194481.0,170686.0,388039.0,26717.0,223769.0,7896.0,4517.0,5297270.0,131374.0,3313.0,50421.0,23725.0,15698.0,287180.0,8993.0
2020-09-25,9715293.0,472304.0,18565.0,171876.0,265126.0,6286.0,214490.0,7326.0,6116.0,1142057.0,14360.0,36855.0,281344.0,15119.0,500.0,865588.0,8993.0
2020-09-28,5748586.0,255065.0,8133.0,80741.0,251700.0,18612.0,104187.0,7692.0,8315.0,1932150.0,52036.0,11107.0,60662.0,23716.0,8805.0,237064.0,4402.0
2020-09-29,9396424.0,249073.0,165551.0,397259.0,377912.0,34782.0,195116.0,19817.0,2365.0,4328558.0,35835.0,73683.0,38200.0,141067.0,13407.0,1468471.0,16190.0
2020-09-30,7099240.0,76523.0,166601.0,237962.0,187174.0,49314.0,265161.0,184699.0,4084.0,7887545.0,68560.0,28113.0,329602.0,63068.0,200.0,1696710.0,8804.0
2020-10-01,15904373.0,54450.0,29258.0,9044.0,116050.0,49011.0,139564.0,188128.0,6635.0,1823719.0,49810.0,22867.0,102292.0,52490.0,22953.0,167677.0,10709.0
2020-10-02,6743466.0,27114.0,1909.0,68920.0,70439.0,34742.0,40224.0,48695.0,150.0,1663454.0,28435.0,3831.0,9579.0,38895.0,4405.0,245434.0,10709.0
2020-10-05,5746505.0,113281.0,2912.0,132295.0,20627.0,6050.0,74715.0,22545.0,2055.0,13200381.0,6644.0,15588.0,151913.0,13463.0,1860.0,59011.0,0.0
2020-10-06,7743203.0,211521.0,24842.0,146791.0,45070.0,25128.0,74835.0,29873.0,1260.0,3393660.0,73552.0,45239.0,194119.0,49405.0,2496.0,2000200.0,688.0
2020-10-07,7623991.0,79796.0,11510.0,105128.0,166242.0,65507.0,249047.0,20232.0,988.0,905484.0,93896.0,91432.0,203299.0,46320.0,5191.0,537541.0,4320.0
2020-10-08,7623991.0,79796.0,11510.0,105128.0,166242.0,65507.0,249047.0,20232.0,988.0,905484.0,93896.0,91432.0,203299.0,46320.0,5191.0,537541.0,4320.0
2020-10-09,4220206.0,210955.0,3262.0,153025.0,162592.0,8288.0,98843.0,5502.0,12803.0,6054950.0,150681.0,8161.0,2331.0,141302.0,200.0,1034119.0,2160.0
2020-10-12,0.0,0.0,0.0,0.0,0.0,0.0,0.0,0.0,0.0,0.0,0.0,0.0,0.0,0.0,0.0,0.0,0.0
2020-10-13,7712532.0,78918.0,937.0,142847.0,124734.0,3230.0,105735.0,7429.0,4734.0,4496861.0,12685.0,33377.0,577000.0,9939.0,36961.0,130078.0,2093.0
2020-10-14,4060661.0,213827.0,81167.0,275918.0,370043.0,9243.0,288877.0,36237.0,13551.0,9492431.0,712634.0,76983.0,81512.0,64480.0,9626.0,1741915.0,13188.0
2020-10-15,8739012.0,100779.0,13036.0,340296.0,1730214.0,24564.0,289465.0,16565.0,10867.0,7540742.0,32558.0,36356.0,97471.0,435494.0,7129.0,140301.0,10766.0
2020-10-16,6809216.0,139458.0,30545.0,297758.0,147210.0,11609.0,101533.0,15230.0,14599.0,3200804.0,63449.0,16957.0,66571.0,49756.0,4517.0,428348.0,84581.0
2020-10-19,8643602.0,246703.0,56850.0,199980.0,584171.0,16405.0,147639.0,18100.0,1873.0,4047701.0,18060.0,43845.0,19549.0,123267.0,8889.0,207163.0,13648.0
2020-10-20,4842262.0,133849.0,10902.0,200876.0,625585.0,26995.0,714236.0,32196.0,24631.0,7543208.0,96636.0,98200.0,916296.0,98926.0,30633.0,2683151.0,19400.0
2020-10-21,11967396.0,89366.0,23828.0,153158.0,245645.0,6100.0,98712.0,3880.0,14142.0,11269556.0,144404.0,24635.0,6355.0,286152.0,31052.0,419753.0,3880.0
2020-10-22,5366874.0,122749.0,7985.0,164447.0,88931.0,6100.0,19623.0,14142.0,14142.0,1198305.0,101235.0,4121.0,233258.0,19298.0,26708.0,438768.0,3880.0
2020-10-23,3768861.0,31216.0,11992.0,45654.0,9586.0,0.0,3726.0,1157.0,25.0,253448.0,24412.0,60.0,36500.0,65490.0,26708.0,210443.0,144.0
2020-10-26,8026668.0,192123.0,1405.0,333817.0,32011.0,9654.0,30091.0,4367.0,283.0,1160574.0,61602.0,703.0,18977.0,37079.0,37776.0,209401.0,1740.0
2020-10-27,9979732.0,207633.0,37089.0,351284.0,361772.0,10620.0,211820.0,11459.0,5017.0,5249364.0,42095.0,56395.0,4775.0,33016.0,56096.0,1273949.0,26957.0
2020-10-28,19294360.0,148301.0,75687.0,488900.0,539118.0,41708.0,320159.0,23556.0,1264.0,4498232.0,25370.0,14275.0,43671.0,49838.0,76677.0,613961.0,159881.0
2020-10-29,7487469.0,156183.0,63023.0,188922.0,520275.0,25739.0,130770.0,22456.0,9160.0,5061570.0,50631.0,57021.0,344074.0,73560.0,117158.0,545565.0,19493.0
2020-10-30,14066645.0,288065.0,252797.0,481152.0,606834.0,43666.0,226812.0,322036.0,33418.0,15109855.0,1496526.0,299832.0,1720607.0,324206.0,3133802.0,3205414.0,74583.0
2020-11-02,0.0,0.0,0.0,0.0,0.0,0.0,0.0,0.0,0.0,0.0,0.0,0.0,0.0,0.0,0.0,0.0,0.0
2020-11-03,6239928.0,105024.0,57824.0,126052.0,339118.0,80022.0,85151.0,18247.0,9209.0,4443320.0,185821.0,27519.0,839581.0,118378.0,43335.0,192093.0,76058.0
2020-11-04,8774101.0,104041.0,96850.0,76727.0,356256.0,27461.0,60292.0,44116.0,3459.0,1211568.0,127477.0,27634.0,71044.0,133675.0,17446.0,232220.0,76058.0
2020-11-05,4760886.0,361816.0,110435.0,95777.0,174255.0,27461.0,110284.0,17486.0,2571.0,13632716.0,142822.0,43597.0,249.0,10004.0,8790.0,1878450.0,0.0
2020-11-06,4760886.0,361816.0,110435.0,95777.0,174255.0,0.0,110284.0,17486.0,2571.0,13632716.0,142822.0,43597.0,249.0,10004.0,8790.0,1878450.0,0.0
2020-11-09,25395667.0,425806.0,318546.0,657639.0,2026313.0,124541.0,259892.0,57575.0,19471.0,10375921.0,146160.0,168582.0,1069727.0,176854.0,41651.0,676422.0,23868.0
2020-11-10,8743850.0,91254.0,58504.0,161374.0,331744.0,39028.0,77385.0,13973.0,3385.0,2941285.0,41109.0,62914.0,74139.0,58060.0,59362.0,419373.0,7425.0
2020-11-11,7797342.0,98297.0,81005.0,186208.0,1062750.0,55129.0,125717.0,15566.0,2997.0,3191605.0,199544.0,71125.0,42379.0,38186.0,14675.0,678183.0,240.0
2020-11-12,8862495.0,204405.0,116459.0,341344.0,535195.0,2885.0,314225.0,55980.0,979.0,3620977.0,274373.0,82337.0,80571.0,39082.0,13039.0,1181346.0,4397.0
2020-11-13,4624405.0,174579.0,206878.0,235887.0,117665.0,62138.0,105978.0,61605.0,2444.0,1620205.0,116674.0,56103.0,354295.0,19085.0,6160.0,67043.0,4397.0
2020-11-16,0.0,0.0,0.0,0.0,0.0,0.0,0.0,0.0,0.0,0.0,0.0,0.0,0.0,0.0,0.0,0.0,0.0
2020-11-17,28212249.0,462154.0,289195.0,340612.0,208121.0,56991.0,136508.0,17714.0,9430.0,11183185.0,108026.0,26546.0,11900908.0,222648.0,53096.0,448907.0,6890.0
2020-11-18,14202593.0,308915.0,131892.0,209580.0,146924.0,64633.0,1024678.0,29114.0,8208.0,5881630.0,173801.0,105221.0,17876867.0,514733.0,21045.0,553293.0,6914.0
2020-11-19,8014181.0,119048.0,88300.0,116383.0,242939.0,71816.0,281130.0,5488.0,283.0,4804058.0,47132.0,51697.0,1787319.0,29224.0,9691.0,552211.0,15363.0
2020-11-20,5132119.0,173651.0,83652.0,79743.0,87880.0,16259.0,244598.0,14810.0,249.0,4563276.0,131272.0,39546.0,185301.0,29403.0,9998.0,794570.0,15363.0
2020-11-23,14339461.0,109744.0,71298.0,280355.0,431292.0,13251.0,77781.0,5937.0,701.0,7306953.0,108130.0,76824.0,119934.0,367305.0,9647.0,665215.0,145.0
2020-11-24,19051745.0,279313.0,262275.0,224033.0,772819.0,174740.0,514215.0,84197.0,18755.0,23097735.0,537684.0,275868.0,949851.0,404012.0,49001.0,2035898.0,34985.0
2020-11-25,11882465.0,184947.0,61505.0,290033.0,507188.0,158107.0,171570.0,15206.0,10571.0,5523089.0,67789.0,34688.0,90002.0,105658.0,12600.0,561013.0,42963.0
2020-11-26,3883406.0,92398.0,15711.0,69975.0,348687.0,36085.0,13344.0,3845.0,2604.0,3226062.0,69879.0,142408.0,515148.0,41885.0,4571.0,33794.0,1008.0
2020-11-27,14551255.0,125646.0,77587.0,125942.0,258043.0,85341.0,109370.0,17690.0,1352.0,7542491.0,40834.0,24987.0,13888.0,558603.0,66446.0,312595.0,7217.0
2020-11-30,37338399.0,975404.0,41944.0,1010395.0,471600.0,43855.0,283872.0,20531.0,13031.0,6387521.0,491199.0,136951.0,964326.0,149787.0,87245.0,884828.0,4307.0
2020-12-01,7171086.0,331464.0,107767.0,172951.0,505978.0,191810.0,139223.0,50737.0,12801.0,7177772.0,812080.0,276760.0,534038.0,152063.0,100312.0,623054.0,10833.0
2020-12-02,11971241.0,582003.0,160719.0,602990.0,903990.0,110075.0,336861.0,13093.0,14537.0,11052251.0,298318.0,112290.0,723482.0,124902.0,11495.0,1943998.0,62065.0
2020-12-03,29317116.0,244049.0,125738.0,597544.0,442340.0,41858.0,249089.0,23473.0,13520.0,5005330.0,1123413.0,75333.0,298140.0,53826.0,36856.0,1039087.0,11003.0
2020-12-04,29317116.0,244049.0,125738.0,597544.0,442340.0,41858.0,249089.0,23473.0,13520.0,5005330.0,1123413.0,75333.0,298140.0,53826.0,36856.0,1039087.0,11003.0
2020-12-07,7718216.0,507965.0,580441.0,369552.0,624955.0,176254.0,407453.0,127087.0,11593.0,6937880.0,424115.0,65707.0,961181.0,251539.0,53564.0,1844428.0,21001.0
2020-12-08,0.0,0.0,0.0,0.0,0.0,0.0,0.0,0.0,0.0,0.0,0.0,0.0,0.0,0.0,0.0,0.0,0.0
2020-12-09,15162004.0,284844.0,267095.0,356426.0,774197.0,266734.0,219470.0,78404.0,34240.0,9913408.0,254304.0,101301.0,888221.0,117016.0,39146.0,579041.0,24125.0
2020-12-10,23136611.0,382337.0,365137.0,169030.0,942567.0,159358.0,274102.0,150656.0,14500.0,8619739.0,177022.0,83037.0,826128.0,117008.0,21166.0,752297.0,3236.0
2020-12-11,11398898.0,363180.0,118268.0,191751.0,663619.0,121541.0,183315.0,73860.0,5367.0,8662323.0,204416.0,34545.0,553576.0,132439.0,20846.0,4595261.0,10668.0
2020-12-14,12270306.0,634277.0,118099.0,341166.0,1706386.0,472246.0,226869.0,50391.0,7740.0,4971622.0,171345.0,106835.0,519944.0,486641.0,18673.0,966084.0,11758.0
2020-12-15,10130165.0,234861.0,230444.0,765968.0,278599.0,143016.0,308160.0,91160.0,3561.0,8061776.0,80406.0,135790.0,282458.0,154566.0,7991.0,850516.0,32413.0
2020-12-16,12159557.0,363614.0,250533.0,601745.0,882059.0,201066.0,703079.0,97043.0,14394.0,7157343.0,667460.0,150455.0,2226222.0,568182.0,12228.0,1163747.0,32478.0
2020-12-17,10115209.0,538460.0,188294.0,175451.0,534401.0,135020.0,351088.0,73011.0,17487.0,7600559.0,220582.0,435817.0,678829.0,133817.0,9130.0,926811.0,27367.0
2020-12-18,22098196.0,1717056.0,134643.0,1352836.0,1099129.0,150138.0,286132.0,70968.0,8571.0,7216562.0,410487.0,239964.0,179413.0,220663.0,33711.0,1422427.0,129055.0
2020-12-21,15482687.0,739959.0,347169.0,351794.0,1087523.0,237221.0,245726.0,150483.0,10996.0,8381071.0,147618.0,97528.0,1451869.0,230153.0,40193.0,1340148.0,6773.0
2020-12-22,6341993.0,320816.0,104689.0,96534.0,521749.0,94981.0,74868.0,46711.0,8859.0,4756371.0,99831.0,24830.0,32555.0,113657.0,8495.0,1665581.0,29574.0
2020-12-23,3999868.0,326683.0,63229.0,64641.0,527275.0,81025.0,85579.0,55524.0,8689.0,2457234.0,140883.0,29662.0,1051898.0,79685.0,434.0,1015894.0,6749.0
2020-12-24,987014.0,55361.0,34690.0,7296.0,10423.0,2716.0,85579.0,492.0,157.0,146511.0,140883.0,2597.0,1051898.0,79685.0,616.0,41463.0,6749.0
2020-12-25,0.0,0.0,0.0,0.0,0.0,0.0,0.0,0.0,0.0,0.0,0.0,0.0,0.0,0.0,0.0,0.0,0.0
2020-12-28,4514790.0,265580.0,65048.0,31741.0,339872.0,44336.0,143799.0,29242.0,6563.0,2450101.0,128565.0,36596.0,176434.0,54219.0,7989.0,554758.0,30051.0
2020-12-29,4353100.0,108150.0,54865.0,124629.0,876717.0,247963.0,146208.0,76451.0,3198.0,5496322.0,92472.0,52510.0,668622.0,85570.0,32209.0,540484.0,22189.0
2020-12-30,2994874.0,146718.0,102294.0,313752.0,651787.0,252624.0,185645.0,98885.0,4052.0,1917970.0,91600.0,43699.0,404196.0,92767.0,2295.0,750859.0,13952.0
2020-12-31,0.0,0.0,0.0,0.0,0.0,0.0,0.0,0.0,0.0,0.0,0.0,0.0,0.0,0.0,0.0,0.0,0.0
2021-01-01,0.0,0.0,0.0,0.0,0.0,0.0,0.0,0.0,0.0,0.0,0.0,0.0,0.0,0.0,0.0,0.0,0.0
2021-01-04,4040858.0,165196.0,65531.0,93883.0,454985.0,45430.0,55405.0,24663.0,8321.0,4593057.0,51970.0,9306.0,317066.0,149191.0,10281.0,327362.0,7100.0
2021-01-05,17309698.0,320050.0,70705.0,246130.0,457026.0,134206.0,99423.0,33677.0,3562.0,4421593.0,57969.0,46231.0,372131.0,57761.0,6804.0,682240.0,5736.0
2021-01-06,9275133.0,543055.0,68527.0,421848.0,338976.0,53887.0,124024.0,39718.0,4809.0,4455779.0,156107.0,60009.0,712268.0,16525.0,1122.0,224810.0,5534.0
2021-01-07,10947046.0,519069.0,35703.0,207833.0,539179.0,87625.0,313103.0,54800.0,348.0,5151919.0,38232.0,34255.0,791081.0,77560.0,5720.0,808173.0,765.0
2021-01-08,9130572.0,281418.0,18479.0,426641.0,154796.0,29387.0,115944.0,7930.0,4488.0,1968620.0,36097.0,17806.0,840290.0,39024.0,12391.0,334170.0,1098.0
2021-01-11,0.0,0.0,0.0,0.0,0.0,0.0,0.0,0.0,0.0,0.0,0.0,0.0,0.0,0.0,0.0,0.0,0.0
2021-01-12,17953674.0,649206.0,58452.0,397261.0,404930.0,36038.0,130886.0,39280.0,5040.0,2638234.0,53679.0,211802.0,520995.0,135614.0,3963.0,932475.0,10359.0
2021-01-13,10619672.0,201950.0,120951.0,548941.0,431279.0,72863.0,187797.0,19302.0,7984.0,3813263.0,59757.0,66516.0,1059726.0,40625.0,6349.0,1951432.0,1665.0
2021-01-14,17946399.0,238780.0,50720.0,266684.0,450706.0,98569.0,156940.0,18069.0,8261.0,12393418.0,292419.0,40947.0,561658.0,64848.0,7089.0,3083649.0,16653.0
2021-01-15,25652138.0,135546.0,58598.0,126587.0,208320.0,25214.0,108784.0,44678.0,1289.0,2534612.0,96573.0,52241.0,542586.0,13443.0,39076.0,603375.0,11901.0
2021-01-18,2229417.0,69858.0,112659.0,99998.0,83762.0,250.0,117277.0,5131.0,1211.0,1646458.0,47580.0,27217.0,23914.0,29678.0,186.0,982573.0,1105.0
2021-01-19,6482433.0,159593.0,37816.0,280182.0,112083.0,38077.0,46560.0,11655.0,2163.0,4871353.0,161271.0,42643.0,457395.0,85483.0,2554.0,1494460.0,3276.0
2021-01-20,9723064.0,174941.0,41222.0,368220.0,93777.0,157459.0,129726.0,19382.0,9618.0,1823046.0,74934.0,106359.0,15324.0,70442.0,741.0,787681.0,3782.0
2021-01-21,12308330.0,376951.0,24852.0,264834.0,527820.0,57381.0,131246.0,44489.0,2771.0,4036193.0,158315.0,112658.0,82557.0,209122.0,4761.0,841821.0,17186.0
2021-01-22,6359694.0,199026.0,24373.0,515927.0,376794.0,71482.0,107748.0,18147.0,5214.0,4921626.0,333513.0,117468.0,727921.0,87488.0,6434.0,1263152.0,13737.0
2021-01-25,9991787.0,192123.0,13634.0,677083.0,100033.0,102809.0,85012.0,6041.0,4145.0,11947780.0,64974.0,23484.0,135830.0,127968.0,3364.0,1608940.0,13748.0
2021-01-26,6229063.0,151964.0,37105.0,344252.0,108137.0,69323.0,70965.0,35876.0,220.0,5726492.0,168631.0,49637.0,12422.0,63541.0,1646.0,1572213.0,4859.0
2021-01-27,25125885.0,298248.0,38945.0,1016207.0,630624.0,99346.0,202769.0,94131.0,8419.0,4869364.0,67273.0,155915.0,73382.0,117291.0,4553.0,4249468.0,20502.0
2021-01-28,15718698.0,252129.0,46562.0,385381.0,180126.0,57213.0,68158.0,35083.0,853.0,4161929.0,163131.0,77440.0,1956.0,38499.0,212.0,1119569.0,2052.0
2021-01-29,31092376.0,825351.0,266602.0,1681291.0,1111066.0,570666.0,524037.0,259973.0,59065.0,10106440.0,1606658.0,155393.0,17693659.0,461893.0,167333.0,3879692.0,286458.0
2021-02-01,0.0,0.0,0.0,0.0,0.0,0.0,0.0,0.0,0.0,0.0,0.0,0.0,0.0,0.0,0.0,0.0,0.0
2021-02-02,17363428.0,510542.0,86505.0,504283.0,173624.0,45409.0,268053.0,13778.0,6865.0,20170295.0,207873.0,81000.0,3655035.0,387036.0,51027.0,1960232.0,21387.0
2021-02-03,11235339.0,556331.0,41882.0,597929.0,550674.0,26505.0,188640.0,45090.0,5046.0,4103766.0,46073.0,71504.0,168.0,148241.0,15393.0,3332703.0,21387.0
2021-02-04,5469669.0,420445.0,119137.0,262343.0,432052.0,33847.0,118250.0,4665.0,7407.0,1839393.0,69305.0,57294.0,106118.0,175944.0,1700.0,1706568.0,10935.0
2021-02-05,7015243.0,192237.0,30846.0,233871.0,644633.0,56062.0,59425.0,34697.0,6210.0,4353768.0,246287.0,26797.0,38769.0,154266.0,6485.0,854115.0,12109.0
2021-02-08,11647576.0,181655.0,20962.0,330889.0,1065634.0,52677.0,223113.0,7026.0,6008.0,5925882.0,305779.0,84933.0,457136.0,248204.0,7698.0,1933804.0,28907.0
2021-02-09,9574735.0,255618.0,25169.0,304792.0,265727.0,39959.0,263704.0,12010.0,7373.0,4615461.0,330295.0,87606.0,711717.0,123441.0,9768.0,8004826.0,12508.0
2021-02-10,5506776.0,166201.0,32117.0,269536.0,468559.0,37383.0,146099.0,25656.0,8929.0,3287068.0,46240.0,64039.0,4648114.0,153441.0,1990.0,7875856.0,11640.0
2021-02-11,4313112.0,112981.0,9429.0,142970.0,153784.0,19906.0,72718.0,23010.0,2950.0,2270137.0,86796.0,46776.0,5273719.0,104982.0,3179.0,405803.0,5389.0
2021-02-12,5864980.0,113264.0,8792.0,133434.0,123168.0,13379.0,109654.0,19854.0,3395.0,1174318.0,235681.0,31364.0,4524216.0,79082.0,9170.0,254288.0,10876.0
2021-02-15,1318624.0,69758.0,21005.0,25575.0,102953.0,49570.0,33287.0,14344.0,7060.0,299569.0,36584.0,17173.0,341289.0,53186.0,1200.0,60219.0,0.0
2021-02-16,8810049.0,143356.0,42418.0,200077.0,408929.0,58268.0,307803.0,11856.0,2682.0,4405960.0,269930.0,65255.0,414767.0,165560.0,3531.0,697230.0,11328.0
2021-02-17,13240489.0,177040.0,8415.0,221126.0,41192.0,62448.0,82875.0,4809.0,1718.0,32408780.0,80200.0,12155.0,69274.0,98289.0,15519.0,312602.0,2940.0
2021-02-18,15456250.0,404559.0,16306.0,217583.0,154066.0,35595.0,104308.0,4334.0,1458.0,3427771.0,547341.0,36028.0,348030.0,76881.0,15519.0,460089.0,4761.0
2021-02-19,18141689.0,132854.0,35995.0,782101.0,73751.0,37611.0,134770.0,33429.0,6204.0,3696631.0,153083.0,33349.0,373179.0,83111.0,22900.0,802054.0,7313.0
2021-02-22,18274283.0,129571.0,34196.0,200795.0,454570.0,64169.0,161526.0,19611.0,12994.0,4740023.0,40653.0,27410.0,194016.0,20795.0,3685.0,3472966.0,5099.0
2021-02-23,12504238.0,380866.0,42020.0,342851.0,339707.0,54897.0,186537.0,37085.0,8301.0,5804737.0,163167.0,118791.0,677599.0,58615.0,10370.0,4767562.0,15320.0
2021-02-24,11899639.0,391853.0,315118.0,519651.0,500472.0,76808.0,257908.0,64774.0,4104.0,8690675.0,148112.0,181143.0,27087.0,119716.0,6263.0,2926339.0,1369825.0
2021-02-25,11391994.0,195933.0,68436.0,284581.0,189026.0,20493.0,86482.0,25134.0,11463.0,5500688.0,132695.0,52829.0,591686.0,328674.0,3743.0,394023.0,9572.0
2021-02-26,8797301.0,458737.0,22157.0,499688.0,189984.0,12214.0,128200.0,12886.0,5242.0,4782467.0,40531.0,119818.0,911624.0,12234.0,4473.0,739885.0,8196.0
2021-03-01,4622065.0,344752.0,46916.0,152239.0,62121.0,44220.0,69353.0,22487.0,2537.0,1895898.0,43688.0,48680.0,105207.0,42625.0,6993.0,2453121.0,172449.0
2021-03-02,4334480.0,101144.0,6096.0,661546.0,105635.0,7392.0,93941.0,1.0,9519.0,5858988.0,355101.0,18265.0,29935.0,67670.0,3.0,2705509.0,4185.0
2021-03-03,12689731.0,196769.0,10766.0,364625.0,269888.0,14447.0,201529.0,8899.0,3053.0,37164514.0,1079831.0,66686.0,827261.0,156541.0,10085.0,2817098.0,301845.0
2021-03-04,17902729.0,319361.0,104903.0,461648.0,200905.0,23953.0,43204.0,6101.0,4152.0,12239706.0,38903.0,567408.0,722399.0,277212.0,7200.0,3280481.0,5642.0
2021-03-05,29174819.0,349146.0,58646.0,260141.0,290287.0,65094.0,191754.0,30733.0,3396.0,4335707.0,135260.0,47128.0,1042603.0,79399.0,29574.0,1790815.0,7921.0
2021-03-08,7693085.0,76675.0,11763.0,129893.0,111837.0,67553.0,56008.0,31784.0,6080.0,1571802.0,60355.0,37415.0,114696.0,111837.0,7459.0,1289310.0,9951.0
2021-03-09,10445352.0,126468.0,20966.0,157218.0,112335.0,25404.0,273325.0,19315.0,5103.0,1877433.0,63634.0,34209.0,178575.0,212323.0,8217.0,2160389.0,8908.0
2021-03-10,5881588.0,116339.0,22760.0,300883.0,96047.0,34801.0,46778.0,6420.0,7814.0,1085587.0,48113.0,39548.0,229832.0,116499.0,22801.0,1501990.0,1100.0
2021-03-11,8898569.0,289765.0,209185.0,228683.0,191282.0,20696.0,19281.0,19807.0,1950.0,1085587.0,230127.0,3530.0,525419.0,38086.0,8207.0,1007919.0,134.0
2021-03-12,5568620.0,55372.0,11568.0,161950.0,99025.0,13766.0,29351.0,737.0,347.0,5297963.0,191217.0,18128.0,55100.0,49161.0,62574.0,2050616.0,50.0
2021-03-15,24149551.0,243033.0,18223.0,145374.0,134340.0,27484.0,50664.0,11484.0,4552.0,2488091.0,101876.0,23759.0,99458.0,19414.0,10276.0,1129328.0,20515.0
2021-03-16,8982507.0,65587.0,22918.0,150717.0,225084.0,18318.0,96304.0,28649.0,3824.0,3372128.0,110057.0,348782.0,269726.0,729663.0,3870.0,1080896.0,116570.0
2021-03-17,6262461.0,160843.0,10284.0,257813.0,186323.0,15961.0,61428.0,1021.0,7998.0,3784430.0,787074.0,9356.0,239581.0,196342.0,5602.0,1269688.0,34073.0
2021-03-18,17131001.0,531957.0,21758.0,719106.0,1155430.0,29330.0,92096.0,17762.0,9892.0,4641913.0,53657.0,108920.0,1063316.0,18746.0,7413.0,591310.0,125740.0
2021-03-19,25816964.0,1234108.0,317582.0,2016069.0,3581241.0,55239.0,1611681.0,8666.0,1836.0,9193779.0,1385282.0,334251.0,885371.0,1587932.0,681.0,88644711.0,570790.0
2021-03-22,0.0,0.0,0.0,0.0,0.0,0.0,0.0,0.0,0.0,0.0,0.0,0.0,0.0,0.0,0.0,0.0,0.0
2021-03-23,6630157.0,209096.0,54579.0,171595.0,1320125.0,55186.0,120925.0,7327.0,52261.0,17799758.0,1563243.0,53974.0,246922.0,120588.0,7351.0,3260456.0,4780.0
2021-03-24,6774272.0,254158.0,22851.0,90836.0,660946.0,23727.0,520985.0,29194.0,3252.0,1337606.0,39446.0,8887.0,123844.0,66504.0,2600.0,1448372.0,136736.0
2021-03-25,9231560.0,445114.0,37566.0,334956.0,317061.0,15463.0,89372.0,11190.0,102.0,1392325.0,62217.0,5686.0,12981.0,205430.0,22404.0,622322.0,1019.0
2021-03-26,8817050.0,204555.0,6967.0,165463.0,203464.0,9956.0,90850.0,4055.0,1384.0,1625058.0,103295.0,21643.0,3911.0,35021.0,14748.0,779485.0,2114.0
2021-03-29,6566877.0,87676.0,36033.0,222466.0,117536.0,5708.0,36023.0,7097.0,1214.0,693522.0,36132.0,3921.0,120026.0,67776.0,6278.0,563867.0,8903.0
2021-03-30,3213145.0,215650.0,16003.0,344978.0,583700.0,41867.0,133534.0,1549.0,169.0,771640.0,30696.0,18011.0,95093.0,4263.0,10375.0,1193557.0,27906.0
2021-03-31,4416833.0,162671.0,14275.0,199414.0,212444.0,23309.0,146807.0,13290.0,1054.0,180184.0,20348.0,20316.0,122080.0,3879.0,1630.0,767135.0,1200.0
2021-04-01,0.0,0.0,0.0,0.0,0.0,0.0,0.0,0.0,0.0,0.0,0.0,0.0,0.0,0.0,0.0,0.0,0.0
2021-04-02,0.0,0.0,0.0,0.0,0.0,0.0,0.0,0.0,0.0,0.0,0.0,0.0,0.0,0.0,0.0,0.0,0.0
2021-04-05,4522847.0,34174.0,12057.0,38026.0,870931.0,42725.0,125619.0,11180.0,862.0,1056864.0,1234090.0,9148.0,1840.0,44711.0,59.0,258072.0,5008.0
2021-04-06,5471644.0,65462.0,25572.0,49989.0,405781.0,52150.0,168309.0,72608.0,160.0,1385329.0,346553.0,69825.0,9840.0,17259.0,286.0,505034.0,1455.0
2021-04-07,6996672.0,235975.0,20552.0,111943.0,715992.0,18303.0,162043.0,4980.0,354.0,1662291.0,17236.0,16875.0,4657.0,14505.0,2284.0,348468.0,7185.0
2021-04-08,11337712.0,213080.0,27974.0,458303.0,1232867.0,13825.0,59533.0,29687.0,14693.0,3868559.0,47494.0,43685.0,37981.0,99746.0,6229.0,339343.0,69841.0
2021-04-09,6046526.0,664121.0,11415.0,58024.0,371938.0,106318.0,52402.0,13588.0,7123.0,892658.0,6244.0,53047.0,324963.0,203281.0,641.0,720153.0,40087.0
2021-04-12,3661122.0,90354.0,30742.0,153140.0,96689.0,79887.0,81966.0,32922.0,5865.0,1358508.0,45490.0,18491.0,156349.0,71705.0,2073.0,262877.0,14219.0
2021-04-13,5259855.0,79043.0,22944.0,314514.0,150414.0,59970.0,109131.0,1823.0,7961.0,1544721.0,163301.0,117939.0,44249.0,68800.0,440.0,657922.0,9169.0
2021-04-14,5259855.0,79043.0,22944.0,314514.0,150414.0,59970.0,109131.0,1823.0,7961.0,1544721.0,163301.0,117939.0,44249.0,68800.0,440.0,657922.0,9169.0
2021-04-15,2192639.0,152742.0,27810.0,182029.0,85838.0,15885.0,50003.0,103044.0,3588.0,1089062.0,40712.0,22503.0,36532.0,22436.0,12466.0,219217.0,50827.0
2021-04-16,5415036.0,450473.0,32288.0,150257.0,1310366.0,34659.0,71147.0,25251.0,3271.0,1778040.0,99821.0,119407.0,48074.0,163619.0,11789.0,946165.0,11324.0
2021-04-19,2267381.0,271744.0,32115.0,108860.0,715513.0,44092.0,208507.0,28433.0,8652.0,1734865.0,66573.0,15138.0,78909.0,116352.0,8790.0,760963.0,29571.0
2021-04-20,14066953.0,304189.0,39308.0,249407.0,560643.0,21757.0,558333.0,3093.0,5248.0,5516909.0,97074.0,28197.0,46785.0,255016.0,75.0,653080.0,9274.0
2021-04-21,14922111.0,381164.0,75126.0,145833.0,126031.0,16585.0,16361.0,2145.0,3107.0,5281439.0,142490.0,100479.0,159988.0,120135.0,2755.0,874273.0,32228.0
2021-04-22,3524786.0,92327.0,75126.0,166230.0,323908.0,38070.0,175101.0,11393.0,2966.0,2670717.0,282100.0,217226.0,27556.0,71341.0,2849.0,1092389.0,9520.0
2021-04-23,5199199.0,99221.0,42701.0,166247.0,1337616.0,34583.0,16294.0,1923.0,3640.0,2612815.0,100230.0,80879.0,21109.0,72885.0,190.0,613906.0,11836.0
2021-04-26,7838254.0,217382.0,40122.0,267840.0,219688.0,953.0,223593.0,12449.0,5690.0,1789534.0,69537.0,102600.0,12450.0,84319.0,3242.0,0.0,4559.0
2021-04-27,7795390.0,365190.0,50636.0,832123.0,326084.0,20311.0,209018.0,24819.0,13489.0,5106407.0,394908.0,40365.0,95165.0,594752.0,2366.0,1301073.0,12927.0
2021-04-28,9592224.0,239872.0,69155.0,989507.0,95049.0,42247.0,483625.0,12158.0,3804.0,7100213.0,242288.0,132372.0,115765.0,81199.0,105903.0,1402412.0,12927.0
2021-04-29,6363904.0,366032.0,100271.0,1129954.0,139760.0,39453.0,66394.0,21015.0,1202.0,980442.0,128827.0,35143.0,140695.0,29937.0,3959.0,418616.0,3943.0
2021-04-30,33073566.0,153082.0,63881.0,377990.0,439635.0,434.0,190866.0,6858.0,1443.0,2142064.0,104214.0,80849.0,711771.0,70231.0,3231.0,1608377.0,10681.0
2021-05-03,9009088.0,158686.0,41597.0,171475.0,409227.0,118360.0,164951.0,38372.0,2441.0,3358127.0,115716.0,30588.0,436062.0,140397.0,1063.0,2069952.0,6379.0
2021-05-04,5700811.0,154383.0,33007.0,434518.0,293672.0,1713.0,199624.0,33039.0,1824.0,6625594.0,225263.0,23552.0,25436.0,247757.0,2597.0,2109049.0,4148.0
2021-05-05,10639359.0,300592.0,57524.0,353327.0,194721.0,27189.0,89716.0,17689.0,2784.0,8817833.0,62885.0,56423.0,32429.0,50067.0,3302.0,2281685.0,542.0
2021-05-06,10639359.0,226349.0,125810.0,561720.0,381971.0,37445.0,242992.0,42144.0,575.0,6158616.0,216296.0,58336.0,20136.0,51690.0,8276.0,2293073.0,500.0
2021-05-07,5011242.0,191745.0,63826.0,464213.0,530520.0,37821.0,184624.0,15730.0,5080.0,3291799.0,80862.0,39281.0,409365.0,137900.0,8276.0,1001282.0,2368.0
2021-05-10,9735462.0,198772.0,103929.0,185075.0,370462.0,68707.0,304144.0,0.0,4929.0,2039315.0,101248.0,87364.0,655791.0,83589.0,3384.0,976222.0,4776.0
2021-05-11,6642099.0,195052.0,63474.0,387993.0,263417.0,42985.0,304144.0,15232.0,7050.0,2916462.0,28330.0,82030.0,505850.0,121348.0,1677.0,1057804.0,7623.0
2021-05-12,11853518.0,168478.0,9322.0,577427.0,696192.0,58120.0,239447.0,26474.0,9051.0,4113089.0,139031.0,36670.0,43205.0,89923.0,27164.0,2118963.0,15026.0
2021-05-13,5126794.0,114848.0,21853.0,278662.0,146432.0,20306.0,56392.0,1351.0,2953.0,2438384.0,127563.0,48888.0,197968.0,14103.0,1583.0,492667.0,1121.0
2021-05-14,8700156.0,180392.0,48386.0,279972.0,308674.0,14075.0,89233.0,30738.0,10744.0,1674980.0,61636.0,32447.0,320482.0,82774.0,17209.0,1027144.0,10701.0
2021-05-17,0.0,0.0,0.0,0.0,0.0,0.0,0.0,0.0,0.0,0.0,0.0,0.0,0.0,0.0,0.0,0.0,0.0
2021-05-18,6444461.0,207551.0,7939.0,167465.0,357967.0,3107.0,57018.0,6501.0,3533.0,866435.0,24239.0,76734.0,35075.0,22562.0,159.0,325553.0,4555.0
2021-05-19,10008144.0,132975.0,18945.0,224941.0,187646.0,15967.0,52754.0,9332.0,1410.0,3332390.0,113519.0,120545.0,29019.0,114235.0,1161.0,1194631.0,9027.0
2021-05-20,6535738.0,245582.0,21315.0,456504.0,1163233.0,24552.0,452074.0,33331.0,3648.0,4754103.0,217998.0,32816.0,348693.0,77058.0,548.0,2143805.0,2357.0
2021-05-21,7898337.0,372425.0,34648.0,871591.0,1220775.0,20647.0,337560.0,6920.0,39537.0,5012828.0,40724.0,49398.0,9973.0,241614.0,39.0,1160209.0,3317.0
2021-05-24,3220281.0,89565.0,18959.0,205854.0,117260.0,36742.0,46521.0,18010.0,9280.0,1797245.0,120173.0,34882.0,368743.0,50673.0,121.0,1005894.0,5382.0
2021-05-25,6167530.0,160936.0,49821.0,356539.0,657640.0,49870.0,188749.0,26608.0,29923.0,3672591.0,166494.0,94793.0,184027.0,181817.0,253.0,1269074.0,33892.0
2021-05-26,1703125.0,140786.0,68136.0,209731.0,310912.0,33066.0,181566.0,30644.0,15267.0,2496664.0,155044.0,71214.0,184027.0,769206.0,14621.0,745745.0,22136.0
2021-05-27,23711641.0,805608.0,101117.0,4155246.0,2382934.0,240613.0,1002842.0,212967.0,1589188.0,8128108.0,1594011.0,269037.0,3423062.0,4537656.0,122650.0,11762844.0,2436378.0
2021-05-28,6988095.0,305367.0,117640.0,479263.0,1049863.0,489477.0,534348.0,159964.0,17327.0,3949904.0,1627126.0,61331.0,481703.0,200139.0,187147.0,8297221.0,861042.0
2021-05-31,3704266.0,103061.0,20135.0,205833.0,104066.0,15387.0,23152.0,11361.0,3904.0,1016749.0,1829.0,12276.0,22387.0,60968.0,25689.0,284754.0,117791.0
2021-06-01,4841267.0,257583.0,42035.0,260083.0,732579.0,39408.0,193309.0,48856.0,8580.0,2427137.0,614321.0,18855.0,59251.0,75193.0,94.0,907501.0,88547.0
2021-06-02,6774011.0,341352.0,75374.0,460446.0,764462.0,21513.0,270236.0,23112.0,16054.0,2920792.0,20472.0,87746.0,257936.0,200436.0,2760.0,2179418.0,1872.0
2021-06-03,4383687.0,165831.0,35300.0,958371.0,242815.0,24109.0,113747.0,52437.0,10381.0,1761922.0,73779.0,123932.0,18763.0,112776.0,278.0,1026889.0,1872.0
2021-06-04,4948889.0,212957.0,21299.0,178422.0,237287.0,566.0,115000.0,13818.0,7075.0,1704991.0,80134.0,42588.0,8438.0,90136.0,1630.0,642285.0,19989.0
2021-06-07,0.0,0.0,0.0,0.0,0.0,0.0,0.0,0.0,0.0,0.0,0.0,0.0,0.0,0.0,0.0,0.0,0.0
2021-06-08,5233325.0,188972.0,11998.0,196427.0,123590.0,40486.0,112220.0,43591.0,3862.0,1326714.0,228363.0,43120.0,637.0,91622.0,8564.0,437620.0,11516.0
2021-06-09,6410795.0,145657.0,16743.0,229599.0,243963.0,20643.0,46602.0,7798.0,172800.0,10936217.0,256615.0,32096.0,111193.0,209296.0,16205.0,4644982.0,8890.0
2021-06-10,6954690.0,82750.0,14420.0,364586.0,78313.0,18518.0,30447.0,1296.0,1039.0,1012267.0,35181.0,107859.0,137731.0,59198.0,9863.0,560352.0,9681.0
2021-06-11,2198754.0,199638.0,7523.0,180876.0,297739.0,17600.0,94633.0,16789.0,2747.0,23106262.0,148607.0,55904.0,130177.0,68305.0,3326.0,443786.0,11303.0
2021-06-14,0.0,0.0,0.0,0.0,0.0,0.0,0.0,0.0,0.0,0.0,0.0,0.0,0.0,0.0,0.0,0.0,0.0
2021-06-15,12097174.0,108879.0,8366.0,276919.0,741460.0,6940.0,23421.0,34150.0,1738.0,6514769.0,6685.0,57249.0,173843.0,50557.0,11771.0,723993.0,3667.0
2021-06-16,5183658.0,331783.0,22174.0,145876.0,283926.0,1021.0,116602.0,1878.0,1068.0,4800719.0,310298.0,31960.0,59321.0,138964.0,4960.0,246375.0,15775.0
2021-06-17,4533111.0,172421.0,15183.0,171056.0,57079.0,6008.0,37954.0,2955.0,3184.0,6421713.0,213708.0,23647.0,320.0,95777.0,271.0,23961.0,51319.0
2021-06-18,13496476.0,667591.0,51917.0,710180.0,686234.0,117534.0,304788.0,99646.0,9166.0,8695297.0,63597.0,66129.0,127996.0,69443.0,70.0,3424187.0,38576.0
2021-06-21,12336283.0,142648.0,11885.0,310903.0,191277.0,12810.0,111937.0,47418.0,32150.0,2059420.0,50213.0,42291.0,173640.0,63965.0,861.0,198789.0,63398.0
2021-06-22,7765307.0,491957.0,31792.0,319491.0,97919.0,36358.0,43330.0,6230.0,4027.0,4082311.0,159368.0,214203.0,79181.0,67398.0,2095.0,748948.0,247346.0
2021-06-23,8200864.0,111477.0,127186.0,259177.0,559786.0,1908.0,50665.0,791.0,4073.0,2075381.0,237627.0,123070.0,2000.0,74086.0,1419.0,1101202.0,44421.0
2021-06-24,22177460.0,286131.0,22633.0,511182.0,1072605.0,193704.0,511820.0,21212.0,9527.0,2124831.0,135963.0,25254.0,284843.0,579824.0,5508.0,1432860.0,93758.0
2021-06-25,7662470.0,122920.0,6072.0,122558.0,779724.0,28542.0,122368.0,26022.0,5079.0,2974479.0,73165.0,2846.0,293071.0,65154.0,3190.0,768497.0,2087.0
2021-06-28,7146398.0,107964.0,7370.0,86384.0,326834.0,4495.0,54957.0,7231.0,2347.0,5332832.0,31785.0,9958.0,52783.0,62101.0,3039.0,154586.0,52637.0
2021-06-29,3165714.0,291719.0,17936.0,186281.0,317731.0,24476.0,94444.0,3439.0,6108.0,1450785.0,134869.0,12476.0,33698.0,76082.0,1957.0,1710618.0,6.0
2021-06-30,5484442.0,337967.0,82902.0,330166.0,589876.0,44050.0,203678.0,61433.0,1060.0,3744273.0,87339.0,70042.0,279090.0,81615.0,616.0,839532.0,19458.0
2021-07-01,7286301.0,231878.0,70481.0,307738.0,186929.0,23409.0,125659.0,25214.0,4252.0,1458070.0,292775.0,36175.0,90374.0,130283.0,5152.0,556975.0,9351.0
2021-07-02,4169352.0,399346.0,48069.0,167423.0,450477.0,49152.0,175875.0,18549.0,2340.0,3901649.0,24570.0,13081.0,128239.0,62553.0,603.0,450564.0,21778.0
2021-07-05,0.0,0.0,0.0,0.0,0.0,0.0,0.0,0.0,0.0,0.0,0.0,0.0,0.0,0.0,0.0,0.0,0.0
2021-07-06,8427012.0,279344.0,23693.0,58077.0,253472.0,28959.0,91593.0,41796.0,10342.0,3727666.0,33384.0,21643.0,67631.0,77315.0,3649.0,179486.0,35515.0
2021-07-07,5504496.0,159949.0,35684.0,144290.0,850494.0,79610.0,143464.0,3190.0,12294.0,1555505.0,133326.0,16227.0,22938.0,96616.0,4360.0,520351.0,18019.0
2021-07-08,9243599.0,214439.0,50928.0,559851.0,840005.0,38646.0,112858.0,35192.0,4689.0,3766353.0,307025.0,59412.0,888478.0,109971.0,17473.0,970222.0,18287.0
2021-07-09,4282806.0,207120.0,37724.0,467343.0,819248.0,35114.0,196612.0,5749.0,1762.0,4582636.0,36071.0,35071.0,260928.0,140783.0,3645.0,1298780.0,11560.0
2021-07-12,5325467.0,115134.0,0.0,48831.0,0.0,26819.0,0.0,6121.0,0.0,5698758.0,0.0,58748.0,0.0,0.0,0.0,55027.0,6250.0
2021-07-13,5483532.0,188204.0,2479.0,157188.0,169870.0,8337.0,304399.0,6215.0,6354.0,1198462.0,3520.0,4940.0,24654.0,331331.0,39901.0,365771.0,742.0
2021-07-14,9931511.0,149905.0,25441.0,265324.0,973147.0,1621.0,168303.0,2396.0,6421.0,3705258.0,18409.0,16866.0,57817.0,74262.0,87.0,204845.0,114.0
2021-07-15,18393886.0,118973.0,6357.0,93000.0,658990.0,1142.0,44659.0,9323.0,140.0,5767799.0,19987.0,17081.0,434992.0,32991.0,12073.0,425151.0,645.0
2021-07-16,11464922.0,94666.0,19218.0,45744.0,272065.0,1231.0,27029.0,2175.0,1548.0,909892.0,77607.0,7983.0,167244.0,9992.0,26950.0,1235450.0,1997.0
2021-07-19,13624527.0,140383.0,15520.0,652815.0,38218.0,6856.0,45345.0,1498.0,2497.0,909501.0,68950.0,6731.0,25807.0,14943.0,16772.0,1109920.0,16360.0
2021-07-20,0.0,0.0,0.0,0.0,0.0,0.0,0.0,0.0,0.0,0.0,0.0,0.0,0.0,0.0,0.0,0.0,0.0
2021-07-21,9624067.0,237867.0,36694.0,383085.0,406606.0,4237.0,75333.0,38935.0,6019.0,2584081.0,191916.0,790876.0,17334.0,172315.0,19583.0,900150.0,10452.0
2021-07-22,3372672.0,226172.0,12752.0,44763.0,392811.0,1138.0,35546.0,1673.0,2028.0,223565497.0,98360.0,18790.0,38872.0,22196.0,13504.0,138973.0,298.0
2021-07-23,4656611.0,60833.0,4015.0,25998.0,1546911.0,3179.0,16000.0,2884.0,796.0,9084809.0,36883.0,2797.0,59796.0,49664.0,10564.0,295755.0,203.0
2021-07-26,3486441.0,94186.0,15722.0,89539.0,547399.0,18829.0,17218.0,6272.0,3299.0,2120230.0,151824.0,106644.0,215192.0,54163.0,3872.0,304068.0,6500.0
2021-07-27,3549917.0,418939.0,23305.0,130541.0,1810387.0,5201.0,20791.0,13396.0,10556.0,4025261.0,592100.0,23214.0,8493.0,93552.0,258.0,496055.0,4949.0
2021-07-28,3603332.0,174109.0,16730.0,124631.0,773979.0,72516.0,71783.0,13240.0,4603.0,2868586.0,32322.0,16178.0,134528.0,31295.0,6623.0,307972.0,6358.0
2021-07-29,4509669.0,370972.0,6107.0,90672.0,116426.0,33671.0,171883.0,3204.0,247.0,2133015.0,35702.0,72396.0,216936.0,79550.0,9890.0,90309.0,4099.0
2021-07-30,4253278.0,144004.0,11090.0,125682.0,164556.0,16431.0,65998.0,25757.0,3669.0,1415492.0,41450.0,14502.0,352011.0,26089.0,5783.0,270682.0,15018.0
2021-08-02,7127962.0,158551.0,10796.0,144689.0,150069.0,10949.0,83241.0,1156.0,11388.0,977439.0,64420.0,123603.0,6904.0,211304.0,56652.0,967667.0,48472.0
2021-08-03,6638848.0,75984.0,17375.0,126336.0,1189977.0,22617.0,75538.0,955.0,8035.0,1218518.0,6879.0,20405.0,24878.0,52893.0,5842.0,350512.0,4784.0
2021-08-04,7124338.0,114409.0,24773.0,166105.0,75955.0,5342.0,40627.0,24722.0,5617.0,2762222.0,43459.0,140807.0,157631.0,54381.0,40177.0,953524.0,30236.0
2021-08-05,5401185.0,168020.0,30487.0,82880.0,590622.0,22950.0,30788.0,25953.0,1252.0,1474074.0,148746.0,14725.0,22307.0,59815.0,5092.0,378571.0,4766.0
2021-08-06,6271514.0,153366.0,184054.0,87637.0,61525.0,9720.0,67537.0,5729.0,1744.0,4385240.0,912.0,26558.0,5043.0,48881.0,20532.0,268254.0,2563.0
2021-08-09,2652671.0,47935.0,66709.0,100548.0,57182.0,3461.0,46641.0,595.0,467.0,1177779.0,21800.0,10270.0,3398.0,21055.0,14069.0,1062094.0,959.0
2021-08-10,3192339.0,100581.0,38474.0,167375.0,1262139.0,67975.0,20740.0,11355.0,4757.0,5691912.0,152193.0,9270.0,713.0,82504.0,33374.0,312862.0,1735.0
2021-08-11,4483199.0,283280.0,76659.0,225470.0,272695.0,21920.0,43630.0,10172.0,836.0,11083909.0,45582.0,275772.0,191055.0,46530.0,5338.0,798800.0,2086.0
2021-08-12,14421133.0,408553.0,26212.0,466199.0,499718.0,16553.0,295909.0,2199.0,1655.0,19914140.0,77746.0,483124.0,11136.0,296622.0,322.0,292372.0,2365.0
2021-08-13,10136567.0,268551.0,42954.0,297490.0,611394.0,49992.0,295909.0,25797.0,4828.0,155709003.0,64599.0,83336.0,507760.0,73775.0,2979.0,978090.0,102861.0
2021-08-16,0.0,0.0,0.0,0.0,0.0,0.0,0.0,0.0,0.0,0.0,0.0,0.0,0.0,0.0,0.0,0.0,0.0
2021-08-17,16809775.0,208168.0,41984.0,379341.0,765343.0,50669.0,172185.0,45263.0,4613.0,11916451.0,484414.0,57326.0,137832.0,188736.0,19520.0,2319814.0,28859.0
2021-08-18,19940777.0,494008.0,61345.0,793451.0,529644.0,37300.0,338373.0,48967.0,4774.0,6220127.0,374832.0,256178.0,478329.0,110298.0,125102.0,1726430.0,56134.0
2021-08-19,26281811.0,272017.0,53203.0,809559.0,644400.0,42144.0,207747.0,42658.0,8414.0,6815887.0,108945.0,78391.0,113177.0,139665.0,9685.0,941949.0,43321.0
2021-08-20,8752103.0,279491.0,43659.0,438647.0,217557.0,28186.0,219907.0,14049.0,8656.0,9378283.0,455399.0,16457.0,18213.0,72183.0,15536.0,1139772.0,11781.0
2021-08-23,13498886.0,241336.0,21216.0,481402.0,961221.0,35684.0,114491.0,16793.0,4086.0,6956138.0,120955.0,807154.0,157420.0,64842.0,48059.0,2032748.0,11652.0
2021-08-24,7433555.0,385900.0,36749.0,238522.0,141687.0,20347.0,115582.0,11347.0,4333.0,5349443.0,34060.0,72219.0,489759.0,32292.0,42293.0,1752093.0,1449.0
2021-08-25,5720906.0,214660.0,14341.0,318502.0,442365.0,52979.0,188449.0,17769.0,5406.0,6031990.0,83501.0,528396.0,349034.0,55828.0,2724.0,434022.0,13095.0
2021-08-26,4769304.0,143880.0,42599.0,142717.0,119516.0,25820.0,45620.0,74765.0,1367.0,5238121.0,55373.0,29800.0,823216.0,39655.0,18477.0,219398.0,71227.0
2021-08-27,3745459.0,228848.0,17959.0,142717.0,187106.0,101350.0,70595.0,28141.0,1431.0,8834047.0,81180.0,37985.0,79754.0,74178.0,7547.0,929896.0,32606.0
2021-08-30,6052363.0,256638.0,19073.0,68761.0,340350.0,40836.0,229875.0,42460.0,2358.0,1502244.0,49007.0,9556.0,15123.0,99601.0,3084.0,409113.0,4447.0
2021-08-31,13546721.0,536191.0,32616.0,949567.0,925246.0,175035.0,481240.0,214647.0,13843.0,3534922.0,369665.0,38126.0,249637.0,80654.0,14668.0,1118632.0,7404.0
2021-09-01,5798273.0,328029.0,34751.0,163736.0,270619.0,15069.0,91813.0,148026.0,1586.0,2673959.0,31477.0,47969.0,133869.0,143320.0,8680.0,699182.0,41847.0
2021-09-02,7577854.0,206396.0,26437.0,102603.0,170305.0,29321.0,350060.0,129538.0,3512.0,3879018.0,58188.0,27895.0,56250.0,89641.0,70285.0,929166.0,25014.0
2021-09-03,4592535.0,121289.0,12447.0,2065435.0,378280.0,500.0,18840.0,2149.0,3036.0,2425009.0,5001.0,540705.0,26264.0,24287.0,12740.0,1621690.0,5882.0
2021-09-06,460789.0,26609.0,1546.0,100266.0,136257.0,3955.0,44804.0,1935.0,2204.0,734524.0,21160.0,7774.0,67448.0,43958.0,125.0,92747.0,95.0
2021-09-07,5045330.0,97141.0,15225.0,210589.0,153263.0,3278.0,87387.0,11845.0,1174.0,4164530.0,41845.0,39877.0,436962.0,55733.0,29243.0,404864.0,3806.0
2021-09-08,9486900.0,204681.0,36117.0,217141.0,141972.0,100436.0,48587.0,162858.0,1644.0,3903402.0,41784.0,77290.0,90485.0,129708.0,1611.0,379809.0,22372.0
2021-09-09,7113355.0,294720.0,13771.0,146595.0,555653.0,31430.0,88200.0,10495.0,7651.0,15174557.0,112618.0,165450.0,101768.0,79100.0,785.0,973212.0,87309.0
2021-09-10,8577128.0,148000.0,8863.0,143841.0,87608.0,20651.0,69267.0,14491.0,2400.0,2698718.0,56305.0,14531.0,101358.0,71775.0,4439.0,2085807.0,6650.0
2021-09-13,3619237.0,259612.0,33860.0,112516.0,345204.0,68611.0,169019.0,27684.0,8814.0,2472324.0,6069.0,78377.0,430063.0,99665.0,6770.0,277060.0,9525.0
2021-09-14,10547815.0,72264.0,19355.0,439951.0,867596.0,10403.0,550241.0,35822.0,3260.0,3153298.0,270838.0,429266.0,201688.0,390412.0,35.0,691684.0,144.0
2021-09-15,9324577.0,185556.0,43447.0,231826.0,1038155.0,137382.0,754851.0,22980.0,13202.0,5629401.0,419274.0,242931.0,114307.0,99626.0,3268.0,1114605.0,6266.0
2021-09-16,8998709.0,259726.0,36660.0,475065.0,571641.0,34133.0,663022.0,26589.0,28850.0,9228072.0,429920.0,348669.0,398745.0,199860.0,340.0,256725.0,106250.0
2021-09-17,32807519.0,1518537.0,151427.0,3267956.0,1273664.0,19141.0,1102720.0,14608.0,39661.0,10354476.0,918011.0,1824857.0,27380.0,240138.0,7216.0,2553165.0,106250.0
2021-09-20,10274992.0,51385.0,16113.0,59495.0,101145.0,32270.0,115998.0,2883.0,42321.0,4085502.0,259497.0,129838.0,58692.0,53497.0,3392.0,1184758.0,18137.0
2021-09-21,6917834.0,88552.0,26079.0,157642.0,298622.0,38089.0,52419.0,30951.0,10.0,2826374.0,164168.0,430169.0,88854.0,254308.0,4486.0,58535.0,8735.0
2021-09-22,5159582.0,246532.0,25319.0,83330.0,520737.0,28411.0,95901.0,63302.0,3072.0,1997255.0,70367.0,181676.0,266966.0,61221.0,3553.0,446720.0,7708.0
2021-09-23,3826854.0,263135.0,15183.0,87345.0,395646.0,8071.0,134354.0,21097.0,45.0,6131861.0,142342.0,103906.0,160584.0,55554.0,8632.0,598544.0,3261.0
2021-09-24,3225890.0,94686.0,19924.0,134024.0,289516.0,23881.0,71824.0,9120.0,143.0,2058352.0,25946.0,105222.0,133425.0,49443.0,14627.0,261438.0,12.0
2021-09-27,24689828.0,267672.0,42906.0,113732.0,372597.0,23960.0,228578.0,38445.0,11026.0,14540249.0,80475.0,192689.0,647283.0,329290.0,8025.0,1270984.0,11379.0
2021-09-28,14934689.0,398341.0,82733.0,418362.0,355386.0,26287.0,382567.0,27216.0,1593.0,14900827.0,69529.0,322799.0,116071.0,151632.0,25111.0,2086087.0,29779.0
2021-09-29,6867408.0,290731.0,155810.0,100235.0,445446.0,23054.0,265960.0,32945.0,7275.0,1838985.0,117065.0,74902.0,59495.0,576897.0,29993.0,876146.0,20861.0
2021-09-30,9121455.0,280466.0,91727.0,253269.0,334683.0,13461.0,87040.0,27903.0,4033.0,1855391.0,47741.0,127684.0,1932074.0,54930.0,16228.0,2663856.0,12924.0
2021-10-01,12980976.0,280083.0,60413.0,209845.0,161428.0,10810.0,474017.0,15981.0,2599.0,4149682.0,16484.0,492983.0,27425.0,345675.0,6118.0,712209.0,5465.0
2021-10-04,13932200.0,201854.0,94911.0,473160.0,174482.0,54065.0,199704.0,32567.0,25427.0,5982125.0,86123.0,113989.0,920451.0,171271.0,10669.0,844645.0,5981.0
2021-10-05,13280293.0,328510.0,158762.0,350210.0,1460643.0,309716.0,593319.0,126668.0,73792.0,21492991.0,77130.0,369931.0,343531.0,277120.0,38923.0,4026866.0,171461.0
2021-10-06,7350961.0,152219.0,81891.0,221367.0,901289.0,29230.0,451237.0,30649.0,11772.0,23574115.0,165560.0,97261.0,146937.0,66675.0,639998.0,843570.0,33370.0
2021-10-07,15713380.0,154254.0,70278.0,439569.0,800889.0,71645.0,1042006.0,146640.0,2718.0,5580949.0,157306.0,149470.0,448426.0,422602.0,44975.0,664787.0,78018.0
2021-10-08,8837314.0,137633.0,54167.0,181562.0,217531.0,103504.0,248476.0,47545.0,1918.0,2223885.0,86159.0,121625.0,4729.0,50720.0,18060.0,719981.0,37625.0
2021-10-11,6445357.0,213664.0,65272.0,183170.0,440335.0,267532.0,578252.0,87094.0,22270.0,3183215.0,274235.0,84777.0,571024.0,60105.0,42545.0,1878647.0,107828.0
2021-10-12,5264251.0,173375.0,50194.0,93242.0,377308.0,20107.0,220154.0,35059.0,2931.0,3990828.0,21358.0,103522.0,293056.0,64068.0,17554.0,913083.0,1749.0
2021-10-13,8213428.0,147218.0,88244.0,168842.0,1414053.0,137801.0,531269.0,23245.0,1.0,18222568.0,443175.0,237123.0,243636.0,56550.0,1316.0,105365.0,9262.0
2021-10-14,8191706.0,135281.0,177012.0,133058.0,415411.0,57948.0,1116265.0,118341.0,10887.0,4957684.0,528249.0,44829.0,533973.0,451510.0,17032.0,910884.0,57601.0
2021-10-15,6910787.0,255327.0,92936.0,215473.0,189668.0,27234.0,256510.0,28716.0,5551.0,6250301.0,210537.0,47846.0,405916.0,66717.0,9188.0,345149.0,12911.0
2021-10-18,0.0,0.0,0.0,0.0,0.0,0.0,0.0,0.0,0.0,0.0,0.0,0.0,0.0,0.0,0.0,0.0,0.0
2021-10-19,6660039.0,369167.0,41510.0,223637.0,322781.0,19427.0,612311.0,30445.0,616.0,5046905.0,105982.0,13605.0,225750.0,421819.0,17248.0,461852.0,27964.0
2021-10-20,3977754.0,161885.0,36249.0,337893.0,339720.0,5873.0,209538.0,90327.0,10529.0,1236156.0,95246.0,59055.0,784592.0,101660.0,8545.0,319869.0,70628.0
2021-10-21,8166633.0,107853.0,84168.0,81915.0,1083048.0,7476.0,123492.0,91395.0,722.0,6184203.0,61065.0,23828.0,360677.0,141470.0,9923.0,322216.0,1993.0
2021-10-22,5456653.0,85306.0,28817.0,151320.0,172959.0,2710.0,58230.0,8138.0,3261.0,2271676.0,76798.0,36385.0,411396.0,40830.0,1654.0,1350535.0,8854.0
2021-10-25,6206129.0,64726.0,92240.0,880418.0,177805.0,8992.0,57376.0,6471.0,21628.0,5166494.0,22585.0,104034.0,81778.0,246644.0,3607.0,761062.0,2140.0
2021-10-26,9554915.0,244116.0,86905.0,386388.0,387812.0,22586.0,214248.0,16895.0,13349.0,4667208.0,76135.0,356256.0,7803.0,48920.0,5951.0,1661957.0,12579.0
2021-10-27,11161810.0,171116.0,29198.0,336583.0,104504.0,8883.0,248707.0,18912.0,4000.0,2635634.0,54362.0,291555.0,177105.0,22022.0,7742.0,560878.0,21361.0
2021-10-28,6982868.0,417942.0,68085.0,274989.0,619807.0,45393.0,148147.0,61399.0,14801.0,2766974.0,126176.0,50939.0,966566.0,154645.0,26642.0,1254624.0,31849.0
2021-10-29,14648307.0,322145.0,24467.0,227863.0,220987.0,11500.0,113668.0,24736.0,2085.0,2025026.0,37217.0,98995.0,268472.0,130404.0,5393.0,626056.0,7723.0
2021-11-01,0.0,0.0,0.0,0.0,0.0,0.0,0.0,0.0,0.0,0.0,0.0,0.0,0.0,0.0,0.0,0.0,0.0
2021-11-02,6747707.0,188223.0,48201.0,552155.0,402930.0,39999.0,151069.0,66427.0,17787.0,6159987.0,188136.0,196633.0,147696.0,249863.0,45217.0,1805468.0,28775.0
2021-11-03,8941835.0,313145.0,55986.0,603171.0,385369.0,33978.0,176979.0,12954.0,2115.0,9203502.0,36661.0,109055.0,21326.0,82085.0,10027.0,1724855.0,14855.0
2021-11-04,9498288.0,281722.0,49191.0,195110.0,714075.0,38825.0,156211.0,7632.0,1473.0,3568456.0,43303.0,88440.0,62724.0,50854.0,4482.0,2197131.0,5227.0
2021-11-05,4637018.0,41468.0,14660.0,153697.0,1073895.0,8007.0,70960.0,1724.0,9874.0,3043913.0,82224.0,29055.0,80381.0,71498.0,9665.0,1731315.0,5848.0
2021-11-08,5640906.0,204426.0,27491.0,107391.0,155053.0,11819.0,42838.0,21051.0,2772.0,988582.0,77964.0,20447.0,29230.0,50433.0,20361.0,640336.0,11856.0
2021-11-09,6463581.0,376270.0,38321.0,289517.0,483145.0,18021.0,165265.0,19924.0,4241.0,2110728.0,93497.0,101596.0,313804.0,129479.0,27655.0,1031818.0,7808.0
2021-11-10,12135058.0,362053.0,19524.0,253991.0,963774.0,47493.0,193440.0,41218.0,3586.0,3823406.0,3096010.0,100428.0,19137.0,84756.0,18689.0,1265137.0,14675.0
2021-11-11,4441965.0,1364105.0,90118.0,130713.0,914448.0,19755.0,236978.0,60338.0,587.0,3671433.0,145038.0,96660.0,55147.0,84756.0,23619.0,276295.0,19397.0
2021-11-12,4057950.0,1058969.0,12796.0,392139.0,163022.0,19577.0,161112.0,14426.0,554.0,1939866.0,29388.0,40429.0,276230.0,0.0,4215.0,273970.0,10896.0
2021-11-15,0.0,0.0,0.0,0.0,0.0,0.0,0.0,0.0,0.0,0.0,0.0,0.0,0.0,0.0,0.0,0.0,0.0
2021-11-16,5613888.0,159288.0,13115.0,237602.0,70617.0,7466.0,48604.0,12512.0,1832.0,7755113.0,80042.0,140870.0,77189.0,0.0,12487.0,1113703.0,6593.0
2021-11-17,6306844.0,373617.0,17974.0,206300.0,71842.0,14960.0,143428.0,17592.0,9512.0,4344537.0,473980.0,108465.0,114704.0,0.0,2267.0,322844.0,5978.0
2021-11-18,8222251.0,125406.0,15100.0,436986.0,67375.0,20694.0,122223.0,6967.0,3810.0,9838030.0,28707.0,25560.0,114704.0,0.0,1737.0,573150.0,29180.0
2021-11-19,9313395.0,236359.0,36581.0,242065.0,746347.0,11148.0,148534.0,13426.0,1592.0,5433082.0,41310.0,41816.0,73967.0,0.0,20884.0,1097109.0,12450.0
2021-11-22,4203864.0,220127.0,20200.0,95406.0,122607.0,25520.0,253976.0,14836.0,10473.0,6015870.0,111540.0,15341.0,22958.0,730800.0,6923.0,990643.0,3404.0
2021-11-23,3979993.0,124476.0,2903.0,360548.0,567560.0,17760.0,67362.0,87218.0,4480.0,2672368.0,9203.0,43071.0,60648.0,206509.0,1679.0,704929.0,249.0
2021-11-24,1700213.0,357410.0,44856.0,266428.0,972863.0,12354.0,193632.0,30168.0,3860.0,2430341.0,47869.0,18760.0,300781.0,392828.0,7141.0,349197.0,9104.0
2021-11-25,624426.0,767094.0,29844.0,141165.0,76919.0,9624.0,156721.0,30955.0,2865.0,1948208.0,141298.0,46816.0,136757.0,157301.0,6476.0,273877.0,708.0
2021-11-26,11299503.0,525583.0,155199.0,292657.0,288611.0,29965.0,1042099.0,69630.0,1745.0,1983995.0,106865.0,48288.0,131776.0,357623.0,12319.0,565183.0,15536.0
2021-11-29,19034738.0,1672680.0,129399.0,484279.0,81246.0,19979.0,676967.0,47215.0,7511.0,3667886.0,415187.0,99909.0,395392.0,543892.0,5918.0,1028582.0,8794.0
2021-11-30,23596991.0,3047007.0,237741.0,2925365.0,1581472.0,125546.0,944694.0,94273.0,23073.0,11694696.0,267678.0,535924.0,225107.0,407214.0,31262.0,2112077.0,85973.0
2021-12-01,9450523.0,3047007.0,637267.0,690382.0,837446.0,134160.0,2913944.0,440043.0,22393.0,6873313.0,526071.0,68610.0,98686.0,398407.0,124424.0,689678.0,53409.0
2021-12-02,6131027.0,0.0,373631.0,460966.0,906716.0,104663.0,1638310.0,296470.0,10955.0,3807453.0,221248.0,30494.0,138623.0,129028.0,10211.0,1070659.0,1105.0
2021-12-03,10709235.0,0.0,153773.0,261620.0,526066.0,125342.0,354874.0,181259.0,4228.0,4515499.0,212245.0,61886.0,157831.0,157966.0,27770.0,538113.0,12325.0
2021-12-06,3074555.0,0.0,92365.0,185726.0,332153.0,148816.0,678420.0,225956.0,3042.0,3958416.0,54463.0,53508.0,146212.0,355259.0,18315.0,305288.0,7470.0
2021-12-07,3416560.0,0.0,77550.0,240218.0,883229.0,65918.0,618689.0,192163.0,4283.0,3900703.0,30782.0,61264.0,1079342.0,638317.0,29740.0,257683.0,45456.0
2021-12-08,0.0,0.0,0.0,0.0,0.0,0.0,0.0,0.0,0.0,0.0,0.0,0.0,0.0,0.0,0.0,0.0,0.0
2021-12-09,3482371.0,0.0,77452.0,226161.0,251879.0,36991.0,0.0,59784.0,11259.0,15568941.0,51341.0,39414.0,317932.0,727735.0,42973.0,417373.0,6722.0
2021-12-10,3069361.0,0.0,13476.0,208350.0,184591.0,9598.0,246186.0,21622.0,3447.0,8075352.0,38676.0,14480.0,161963.0,339645.0,4558.0,535784.0,8369.0
2021-12-13,2947731.0,0.0,24276.0,409135.0,162844.0,26969.0,108668.0,19008.0,8239.0,2496109.0,42552.0,33961.0,110590.0,120914.0,28412.0,499439.0,5448.0
2021-12-14,2719016.0,0.0,26910.0,121018.0,611141.0,16069.0,201267.0,18115.0,211.0,1193444.0,25566.0,22651.0,10092.0,576064.0,7124.0,179110.0,7363.0
2021-12-15,1950102.0,0.0,168551.0,208443.0,299783.0,18350.0,87468.0,22812.0,6823.0,1978998.0,17241.0,11229.0,180371.0,192689.0,9403.0,351361.0,3332.0
2021-12-16,8036244.0,0.0,379056.0,148660.0,395276.0,51819.0,247730.0,56396.0,9267.0,3765136.0,87848.0,75960.0,745250.0,846598.0,35736.0,1338671.0,14550.0
2021-12-17,14456509.0,1634687.0,156814.0,1306795.0,660541.0,131630.0,243379.0,54936.0,27341.0,13492289.0,188959.0,159146.0,244920.0,228089.0,5915.0,2814084.0,184221.0
2021-12-20,8685943.0,666138.0,209008.0,159494.0,569957.0,42080.0,173756.0,47845.0,4632.0,6795172.0,253324.0,31211.0,11768.0,161675.0,13213.0,532147.0,25314.0
2021-12-21,3217651.0,484279.0,167779.0,64529.0,188335.0,6626.0,140148.0,66572.0,10140.0,1680259.0,31152.0,25755.0,202808.0,64218.0,32546.0,444373.0,18368.0
2021-12-22,2600757.0,247096.0,59422.0,87514.0,120037.0,33987.0,97220.0,6177.0,12345.0,1570701.0,166678.0,19858.0,1945.0,50279.0,2744.0,508857.0,45418.0
2021-12-23,1044193.0,322149.0,27889.0,672849.0,165902.0,12357.0,36776.0,15548.0,6363.0,8451118.0,9338.0,9514.0,6147.0,79527.0,106650.0,303795.0,31298.0
2021-12-24,103836.0,84665.0,6735.0,25557.0,15114.0,4366.0,10683.0,597.0,4.0,208594.0,2700.0,3919.0,4585.0,5196.0,10652.0,17671.0,480.0
2021-12-27,1568017.0,175852.0,50473.0,240750.0,35163.0,9054.0,14276.0,3162.0,5074.0,1270869.0,29212.0,12177.0,15799.0,15169.0,23151.0,166281.0,4831.0
2021-12-28,1882670.0,475841.0,111268.0,76426.0,123866.0,83367.0,64032.0,4410.0,1108.0,1699608.0,47427.0,12484.0,226206.0,257953.0,37186.0,118649.0,5677.0
2021-12-29,1240317.0,168334.0,36887.0,60299.0,59137.0,11467.0,24412.0,2570.0,3161.0,2689638.0,13780.0,682.0,26327.0,64862.0,34307.0,113310.0,11806.0
2021-12-30,1872967.0,335547.0,21966.0,59060.0,73402.0,27223.0,49814.0,2114.0,990.0,2238391.0,19143.0,2971.0,10219.0,40068.0,35834.0,214100.0,2529.0
2021-12-31,0.0,0.0,0.0,0.0,0.0,0.0,0.0,0.0,0.0,0.0,0.0,0.0,0.0,0.0,0.0,0.0,0.0
2022-01-03,1485217.0,154716.0,65651.0,35991.0,74298.0,7858.0,18802.0,4022.0,118.0,1299261.0,18530.0,11989.0,192985.0,26410.0,21177.0,153596.0,5219.0
2022-01-04,1835536.0,299898.0,43907.0,47146.0,145173.0,13968.0,9777.0,8858.0,1822.0,1342555.0,31766.0,18739.0,235688.0,72315.0,18755.0,77867.0,6185.0
2022-01-05,3494795.0,599012.0,35835.0,291116.0,398927.0,59566.0,55164.0,166759.0,186.0,397025.0,18459.0,26671.0,75826.0,345685.0,29196.0,53562.0,16619.0
2022-01-06,2915271.0,785568.0,140110.0,195018.0,124266.0,152351.0,156230.0,129618.0,2790.0,2272591.0,18212.0,4799.0,405019.0,224237.0,42964.0,619564.0,10957.0
2022-01-07,1891873.0,212202.0,61828.0,137339.0,419373.0,21573.0,229003.0,41829.0,654.0,1073258.0,137055.0,10252.0,235911.0,959736.0,3606.0,348388.0,4725.0
2022-01-10,0.0,0.0,0.0,0.0,0.0,0.0,0.0,0.0,0.0,0.0,0.0,0.0,0.0,0.0,0.0,0.0,0.0
2022-01-11,5376506.0,214427.0,109746.0,252133.0,108514.0,91146.0,109600.0,46596.0,9494.0,1339991.0,20510.0,9313.0,19198.0,111238.0,30954.0,69977.0,1384.0
2022-01-12,6445367.0,90637.0,221968.0,238890.0,306083.0,347502.0,564952.0,315320.0,4959.0,12815713.0,185681.0,23865.0,58396.0,38688.0,48765.0,680860.0,40320.0
2022-01-13,12694470.0,161476.0,807039.0,644200.0,258006.0,131547.0,624917.0,379175.0,5476.0,6394570.0,275099.0,55607.0,207966.0,69482.0,41048.0,1464830.0,40579.0
2022-01-14,16307521.0,123120494.0,410225.0,866718.0,1243985.0,384675.0,758043.0,333212.0,28733.0,6795000.0,393979.0,144581.0,104614.0,119189.0,27831.0,5903660.0,61660.0
2022-01-17,0.0,0.0,0.0,0.0,0.0,0.0,0.0,0.0,0.0,0.0,0.0,0.0,0.0,0.0,0.0,0.0,0.0
2022-01-18,0.0,0.0,0.0,0.0,0.0,0.0,0.0,0.0,0.0,0.0,0.0,0.0,0.0,0.0,0.0,0.0,0.0
2022-01-19,0.0,0.0,0.0,0.0,0.0,0.0,0.0,0.0,0.0,0.0,0.0,0.0,0.0,0.0,0.0,0.0,0.0
2022-01-20,8401319.0,0.0,346757.0,145424.0,705283.0,324181.0,614823.0,86567.0,23293.0,2819296.0,177397.0,122568.0,241741.0,0.0,88623.0,1481061.0,232014.0
2022-01-21,13863443.0,0.0,97007.0,255820.0,499729.0,113266.0,444021.0,136779.0,30216.0,9275828.0,593955.0,44846.0,1102726.0,0.0,32126.0,1431516.0,33371.0
2022-01-24,13372595.0,0.0,312559.0,116636.0,959281.0,60864.0,562849.0,96372.0,3569.0,2545496.0,195781.0,29627.0,292839.0,0.0,24067.0,577395.0,6913.0
2022-01-25,11362812.0,0.0,317148.0,385021.0,206334.0,42978.0,346693.0,177687.0,1630.0,4560511.0,91462.0,113889.0,49052.0,0.0,79335.0,830414.0,10451.0
2022-01-26,11891193.0,0.0,193383.0,308665.0,123923.0,73689.0,256079.0,71245.0,51122.0,5674522.0,182258.0,90854.0,393880.0,0.0,40287.0,742791.0,123187.0
2022-01-27,4163245.0,0.0,164054.0,75783.0,724664.0,33148.0,176103.0,14563.0,2116.0,12763528.0,209877.0,71187.0,293862.0,0.0,26434.0,2019938.0,200985.0
2022-01-28,5774786.0,0.0,703915.0,174568.0,118391.0,40905.0,477779.0,169686.0,10210.0,2707571.0,339164.0,82184.0,226895.0,0.0,16894.0,327579.0,27890.0
2022-01-31,6130784.0,0.0,269706.0,152745.0,293451.0,14585.0,210528.0,93209.0,15376.0,2754492.0,130035.0,53277.0,282554.0,0.0,18956.0,915927.0,12164.0
2022-02-01,5063447.0,2864357.0,406035.0,161727.0,299813.0,54548.0,322920.0,61968.0,10053.0,4756676.0,139683.0,72538.0,340848.0,94465.0,31226.0,981900.0,56409.0
2022-02-02,6617229.0,593815.0,235582.0,178719.0,965005.0,49865.0,882876.0,72676.0,6533.0,1787236.0,206857.0,57224.0,364197.0,72554.0,14583.0,1153110.0,44094.0
2022-02-03,4880281.0,646338.0,224671.0,180701.0,560596.0,37753.0,205365.0,88259.0,2332.0,3087318.0,79576.0,7102.0,40223.0,197551.0,26685.0,692748.0,28827.0
2022-02-04,9715789.0,1741271.0,231215.0,345748.0,223694.0,55201.0,2306146.0,76714.0,5942.0,1847813.0,325411.0,12157.0,433721.0,147393.0,12186.0,443455.0,96006.0
2022-02-07,7396143.0,203219.0,169430.0,148097.0,443171.0,78661.0,316897.0,66523.0,47702.0,6078173.0,140303.0,27199.0,58374.0,85949.0,24612.0,490396.0,30851.0
2022-02-08,8901783.0,291721.0,64295.0,267419.0,105570.0,64232.0,314659.0,16902.0,17352.0,4861709.0,51288.0,17075.0,322532.0,52543.0,2917.0,386719.0,21055.0
2022-02-09,2794938.0,592357.0,109538.0,818838.0,292390.0,106245.0,189375.0,20384.0,3938.0,2322177.0,140291.0,33990.0,518273.0,92572.0,15253.0,1189309.0,7785.0
2022-02-10,7209811.0,233258.0,143889.0,415325.0,463745.0,177776.0,508061.0,69923.0,5399.0,3606847.0,230953.0,46333.0,79805.0,179313.0,18318.0,674672.0,24912.0
2022-02-11,13695401.0,336761.0,82531.0,512196.0,555100.0,102658.0,3003831.0,92698.0,5673.0,2296928.0,110636.0,13681.0,49824.0,179313.0,26727.0,735592.0,17865.0
2022-02-14,11582281.0,285402.0,94722.0,511606.0,264144.0,50832.0,244754.0,47001.0,3798.0,10057016.0,115150.0,5865.0,213236.0,132219.0,3786.0,1105965.0,2123.0
2022-02-15,15178169.0,230296.0,141492.0,189553.0,298894.0,26921.0,133408.0,37120.0,1745.0,1829130.0,90790.0,42023.0,576804.0,190180.0,15142.0,782387.0,1493.0
2022-02-16,36605391.0,125456.0,138802.0,187602.0,719319.0,81136.0,170547.0,50485.0,17049.0,4623909.0,140032.0,40929.0,247542.0,358762.0,25188.0,1300059.0,18431.0
2022-02-17,6267680.0,161195.0,76659.0,423048.0,323415.0,26898.0,173154.0,18205.0,2896.0,1994676.0,122598.0,41273.0,336936.0,47790.0,47653.0,829418.0,31013.0
2022-02-18,4793160.0,170017.0,109555.0,663417.0,961112.0,73606.0,108195.0,21159.0,1633.0,1582023.0,146254.0,54024.0,224311.0,368347.0,69846.0,654903.0,347265.0
2022-02-21,3813654.0,34466.0,71224.0,229398.0,103367.0,15703.0,211034.0,11071.0,3959.0,234245.0,55420.0,46571.0,11894.0,562053.0,8303.0,219244.0,3077.0
2022-02-22,13491882.0,267240.0,170689.0,326466.0,152633.0,26887.0,370619.0,64820.0,3301.0,1387858.0,197047.0,47791.0,137158.0,523472.0,42501.0,1454831.0,11399.0
2022-02-23,5149743.0,316184.0,240277.0,622595.0,221050.0,29861.0,292990.0,38440.0,1339.0,2265751.0,258804.0,21638.0,26178.0,352062.0,129300.0,1523145.0,15950.0
2022-02-24,13387186.0,76297.0,127860.0,580290.0,313109.0,51604.0,238563.0,91492.0,10652.0,3568780.0,380868.0,37810.0,127601.0,354906.0,11542.0,1629188.0,106650.0
2022-02-25,5739641.0,718347.0,77579.0,542094.0,200283.0,22581.0,107157.0,42641.0,421.0,1393025.0,152864.0,81873.0,22994.0,4292245.0,7763.0,321076.0,1542.0
2022-02-28,34517449.0,765059.0,324502.0,4051613.0,436829.0,24937.0,324545.0,136490.0,14036.0,2071581.0,190403.0,120382.0,141285.0,31987.0,36442.0,1038331.0,9233.0
2022-03-01,16216845.0,765059.0,355624.0,74999.0,334177.0,31605.0,308722.0,111006.0,4292.0,4619593.0,134694.0,26739.0,123035.0,31987.0,31537.0,2011345.0,27886.0
2022-03-02,10980706.0,0.0,48437.0,248388.0,514779.0,32847.0,190968.0,36176.0,13500.0,3651196.0,331223.0,35291.0,89235.0,0.0,11831.0,1179721.0,21340.0
2022-03-03,12463616.0,0.0,19904.0,320309.0,163866.0,43817.0,537197.0,34048.0,1994.0,2784228.0,211564.0,57431.0,2489232.0,0.0,116131.0,1018723.0,13895.0
2022-03-04,16244962.0,29244355.0,92313.0,92011.0,234971.0,56919.0,64146.0,46668.0,814.0,735628.0,266092.0,47982.0,20226.0,15377773.0,20409.0,815782.0,293263.0
2022-03-07,24658241.0,0.0,844818.0,150257.0,444347.0,154077.0,129204.0,129174.0,2266.0,1709364.0,249275.0,64297.0,49987.0,0.0,41868.0,903795.0,40431.0
2022-03-08,19963431.0,0.0,96591.0,232244.0,160325.0,146860.0,259376.0,11401.0,12896.0,9229164.0,309366.0,28967.0,247503.0,0.0,79178.0,1363081.0,69995.0
2022-03-09,15815327.0,0.0,254823.0,326349.0,187943.0,63394.0,921915.0,25029.0,8808.0,3474166.0,213581.0,46909.0,855155.0,0.0,18814.0,2457291.0,35216.0
2022-03-10,40710260840.0,0.0,760734410.0,4041404790.0,1520926360.0,206860825.0,3104210320.0,331975495.0,549256760.0,11675513993.0,992865662.0,5548533630.0,17187786.0,0.0,579973730.0,1858328028.0,662800995.0
2022-03-11,11974382.0,0.0,33611.0,174222.0,249925.0,51118.0,232475.0,35864.0,7731.0,11248106.0,231822.0,203063.0,94016.0,0.0,50983.0,742489.0,93989.0
2022-03-14,19354640.0,0.0,40252.0,161586.0,88862.0,77182.0,295446.0,42549.0,22633.0,597697.0,88112.0,12421.0,297662.0,0.0,53253.0,511939.0,19181.0
2022-03-15,19914296.0,0.0,43967.0,157520.0,100935.0,54974.0,165142.0,11721.0,2290.0,3919910.0,157093.0,18786.0,100701.0,0.0,88582.0,1005566.0,11487.0
2022-03-16,9235072.0,0.0,23123.0,236080.0,75954.0,33675.0,503170.0,102717.0,14723.0,3740690.0,1469035.0,16498.0,1229833.0,0.0,76214.0,657206.0,11631.0
2022-03-17,12913446.0,0.0,25482.0,179090.0,107491.0,23815.0,526270.0,28105.0,13019.0,5575658.0,58271.0,79738.0,4975.0,0.0,162337.0,355618.0,11442.0
2022-03-18,23470109.0,0.0,221154.0,1726233.0,640844.0,9262.0,8678816.0,55599.0,27345.0,8076830.0,247735.0,38773.0,1149438.0,0.0,128682.0,3143199.0,20848.0
2022-03-21,0.0,0.0,0.0,0.0,0.0,0.0,0.0,0.0,0.0,0.0,0.0,0.0,0.0,0.0,0.0,0.0,0.0
2022-03-22,4465475.0,0.0,85083.0,209615.0,46264.0,39144.0,545707.0,25115.0,0.0,0.0,43742.0,53044.0,24952.0,0.0,34224.0,406454.0,13232.0
2022-03-23,23689512.0,0.0,36628.0,289210.0,196329.0,2081.0,283014.0,3606.0,0.0,0.0,71427.0,15448.0,9093.0,0.0,6117.0,457251.0,13232.0
2022-03-24,13642896.0,0.0,231793.0,427957.0,491792.0,108674.0,877621.0,87883.0,0.0,0.0,1126436.0,15397.0,77497.0,0.0,17613.0,808361.0,29572.0
2022-03-25,11197149.0,0.0,472635.0,392069.0,711585.0,64123.0,1188024.0,133531.0,0.0,0.0,269386.0,45613.0,210682.0,0.0,23038.0,985750.0,61377.0
2022-03-28,6932464.0,0.0,79964.0,223204.0,715859.0,13536.0,405465.0,49638.0,0.0,0.0,841628.0,20198.0,43435.0,0.0,16194.0,9155884.0,16077.0
2022-03-29,10327164.0,0.0,203155.0,215707.0,735074.0,22084.0,804482.0,29267.0,0.0,0.0,252402.0,29880.0,302036.0,0.0,33400.0,2168478.0,5448.0
2022-03-30,10327164.0,0.0,203155.0,215707.0,735074.0,22084.0,804482.0,29267.0,0.0,0.0,252402.0,29880.0,302036.0,0.0,33400.0,2168478.0,5448.0
2022-03-31,8624478.0,166459.0,79815.0,220034.0,147355.0,29110.0,352048.0,25355.0,24658.0,8048263.0,25485.0,24280.0,100741.0,10364.0,10398.0,480081.0,9612.0
2022-04-01,9923633.0,543882.0,68737.0,356055.0,502318.0,55150.0,186484.0,10488.0,77150.0,1385299.0,118029.0,29073.0,138644.0,359645.0,10795.0,511340.0,6332.0
2022-04-04,0.0,0.0,0.0,0.0,0.0,0.0,0.0,0.0,0.0,0.0,0.0,0.0,0.0,0.0,0.0,0.0,0.0
2022-04-05,6643194.0,163275.0,59071.0,250702.0,354120.0,24684.0,737551.0,45944.0,70675.0,6867180.0,133040.0,31792.0,101080.0,73881.0,39546.0,554561.0,38404.0
2022-04-06,12412293.0,457120.0,63394.0,345556.0,730583.0,63577.0,1005934.0,58804.0,20630.0,7852817.0,204758.0,309355.0,399521.0,251764.0,22433.0,704051.0,33769.0
2022-04-07,5507741.0,683766.0,44770.0,342220.0,452218.0,63577.0,329946.0,12242.0,101850.0,5507835.0,111180.0,52482.0,137055.0,489637.0,41612.0,3388400.0,40840.0
2022-04-08,12116893.0,1742067.0,41101.0,1139135.0,1693086.0,80745.0,1686666.0,38520.0,153854.0,90895928.0,957423.0,212138.0,61626.0,210669.0,9398.0,7629529.0,1522792.0
2022-04-11,5125297.0,60584.0,15123.0,97603.0,131579.0,16337.0,140903.0,18336.0,5526.0,1845547.0,26260.0,4223.0,6059.0,62147.0,14193.0,197336.0,227922.0
2022-04-12,5706343.0,50642.0,15123.0,132879.0,139546.0,44751.0,82141.0,12602.0,28837.0,1310361.0,26260.0,28507.0,123099.0,51021.0,6615.0,277957.0,168060.0
2022-04-13,8603801.0,143011.0,4544.0,72886.0,40704.0,5718.0,27706.0,1596.0,2778.0,827613.0,58134.0,10408.0,11713.0,19836.0,5598.0,64625.0,103178.0
2022-04-14,0.0,0.0,0.0,0.0,0.0,0.0,0.0,0.0,0.0,0.0,0.0,0.0,0.0,0.0,0.0,0.0,0.0
2022-04-15,0.0,0.0,0.0,0.0,0.0,0.0,0.0,0.0,0.0,0.0,0.0,0.0,0.0,0.0,0.0,0.0,0.0
2022-04-18,9585332.0,274684.0,71026.0,452721.0,628884.0,44941.0,119800.0,44455.0,11021.0,1644540.0,72856.0,23803.0,465934.0,166228.0,7060.0,852854.0,39276.0
2022-04-19,9382755.0,98952.0,37289.0,391611.0,259339.0,77594.0,87898.0,47855.0,2574.0,2579210.0,310476.0,153760.0,794199.0,218678.0,9120.0,1356355.0,104382.0
2022-04-20,13838365.0,105177.0,51669.0,295783.0,152739.0,174884.0,130103.0,47855.0,9573.0,1271805.0,53558.0,258220.0,27050.0,178172.0,4750.0,1079692.0,30797.0
2022-04-21,14071159.0,254263.0,35074.0,262444.0,197761.0,19422.0,302900.0,40616.0,4570.0,2133819.0,735428.0,158424.0,47051.0,124760.0,10181.0,1603287.0,19606.0
2022-04-22,12121244.0,142667.0,65951.0,656563.0,863538.0,256267.0,429853.0,261543.0,34350.0,7295085.0,189214.0,165895.0,251438.0,51481.0,45529.0,1318750.0,161997.0
2022-04-25,16781329.0,138191.0,137904.0,350000.0,543704.0,13351.0,390957.0,19997.0,21745.0,3873438.0,424795.0,44557.0,241911.0,236454.0,5211.0,3613970.0,18962.0
2022-04-26,10587178.0,96446.0,43323.0,481338.0,228342.0,25052.0,525733.0,10049.0,26751.0,7228785.0,160526.0,157527.0,136424.0,333306.0,24510.0,1102398.0,30757.0
2022-04-27,9823025.0,91075.0,52404.0,152884.0,233664.0,81948.0,333653.0,34141.0,17884.0,4415721.0,170846.0,39839.0,82636.0,27825.0,9291.0,1285838.0,15430.0
2022-04-28,6758303.0,107630.0,74468.0,200942.0,148855.0,29165.0,203373.0,30944.0,16363.0,2846197.0,209098.0,54628.0,38561.0,49748.0,4608.0,510790.0,8604.0
2022-04-29,6758303.0,107630.0,74468.0,200942.0,148855.0,29165.0,203373.0,30944.0,16363.0,2846197.0,209098.0,54628.0,38561.0,49748.0,4608.0,510790.0,8604.0
2022-05-02,6976007.0,72914.0,11730.0,89157.0,474547.0,33239.0,113542.0,16424.0,7462.0,2242093.0,137986.0,32684.0,95668.0,14157.0,31195.0,207911.0,34108.0
2022-05-03,9994912.0,61198.0,60207.0,182436.0,112722.0,100949.0,77759.0,22934.0,54660.0,2467090.0,193748.0,20385.0,50888.0,10105.0,56596.0,1489979.0,35278.0
2022-05-04,19448935.0,58474.0,96969.0,244484.0,309237.0,25131.0,151232.0,20563.0,16024.0,4273829.0,85136.0,39909.0,20693.0,6994.0,44903.0,1063366.0,29806.0
2022-05-05,9724254.0,145325.0,139719.0,134162.0,337002.0,11504.0,130661.0,12936.0,6981.0,5129198.0,84828.0,45368.0,8115.0,7123.0,12718.0,868971.0,21345.0
2022-05-06,3961668.0,126314.0,75966.0,345940.0,326571.0,24997.0,123515.0,45550.0,86301.0,3120109.0,90264.0,3420.0,46274.0,25692.0,10691.0,1161089.0,49209.0
2022-05-09,14981554.0,105617.0,64860.0,211001.0,300336.0,62419.0,208710.0,35180.0,33122.0,4157027.0,71322.0,18337.0,381139.0,9231.0,33544.0,1425329.0,21433.0
2022-05-10,6817853.0,62822.0,71066.0,301522.0,276905.0,36987.0,272485.0,10164.0,9077.0,4198292.0,127080.0,17280.0,350498.0,4667.0,20603.0,1301133.0,49917.0
2022-05-11,15293357.0,197961.0,235433.0,201739.0,139694.0,6972.0,66915.0,14956.0,5273.0,1663667.0,54860.0,17280.0,293571.0,451.0,14813.0,1419825.0,107584.0
2022-05-12,7438751.0,34927.0,30991.0,176808.0,116250.0,11788.0,246657.0,43964.0,9407.0,2352755.0,213116.0,37002.0,299933.0,6614.0,12793.0,928740.0,86632.0
2022-05-13,7706578.0,121444.0,53267.0,586037.0,191313.0,9245.0,716722.0,24378.0,20215.0,2091973.0,132918.0,43123.0,84825.0,17998.0,5248.0,703568.0,8518.0
2022-05-16,9137923.0,45037.0,288450.0,402874.0,158412.0,28517.0,603272.0,53063.0,36560.0,6974897.0,15902.0,31166.0,71965.0,3104.0,195931.0,2226439.0,244978.0
2022-05-17,9933418.0,184622.0,50867.0,440881.0,654632.0,22627.0,759577.0,244113.0,26796.0,3003730.0,110697.0,39626.0,172205.0,346031.0,16358.0,1858841.0,34386.0
2022-05-18,15353061.0,47060.0,44039.0,193081.0,236848.0,35934.0,785431.0,36624.0,14307.0,5477251.0,270920.0,75666.0,1278827.0,13906.0,10097.0,1819828.0,65042.0
2022-05-19,10094070.0,163582.0,30211.0,271776.0,339664.0,46479.0,1068793.0,50248.0,25104.0,3147079.0,153505.0,44012.0,24301.0,16358.0,8062.0,1008277.0,30980.0
2022-05-20,7977121.0,20474.0,51488.0,564225.0,541527.0,35060.0,1068793.0,87057.0,887.0,4507516.0,48040.0,35459.0,195844.0,22303.0,12854.0,1340785.0,27110.0
2022-05-23,5337946.0,250394.0,44058.0,869442.0,195648.0,26495.0,0.0,26154.0,2070.0,2654250.0,80853.0,31460.0,528917.0,12934.0,129183.0,0.0,16696.0
2022-05-24,3297405.0,61508.0,50070.0,825554.0,109661.0,10262.0,0.0,10862.0,17748.0,6598706.0,61551.0,81873.0,667849.0,12665.0,4507.0,0.0,10320.0
2022-05-25,5706392.0,479567.0,45641.0,804690.0,124289.0,24130.0,0.0,10862.0,21409.0,4340136.0,109202.0,23728.0,31843.0,6755.0,3765.0,0.0,144508.0
2022-05-26,5791234.0,73178.0,28513.0,266769.0,93951.0,36518.0,0.0,36851.0,27346.0,6490045.0,67362.0,17312.0,100840.0,12173.0,6238.0,0.0,8579.0
2022-05-27,4954261.0,262369.0,59098.0,583072.0,88946.0,65336.0,0.0,41181.0,6454.0,8193436.0,70222.0,26421.0,248028.0,6485.0,5519.0,12497.0,38794.0
2022-05-30,0.0,0.0,0.0,0.0,0.0,0.0,0.0,0.0,0.0,0.0,0.0,0.0,0.0,0.0,0.0,0.0,0.0
2022-05-31,46273560.0,14258374.0,171599.0,3435387.0,881778.0,172421.0,0.0,166173.0,183588.0,17454070.0,415947.0,113435.0,2149654.0,183444.0,57071.0,135.0,92498.0
2022-06-01,11246594.0,30841.0,95977.0,382202.0,660493.0,48155.0,0.0,23802.0,18050.0,2191666.0,61281.0,67703.0,932513.0,23604.0,109729.0,416986.0,20179.0
2022-06-02,7132586.0,196598.0,129090.0,189360.0,641685.0,46405.0,0.0,44767.0,52709.0,6750697.0,48413.0,174361.0,212970.0,9461.0,40734.0,262659.0,48123.0
2022-06-03,11597736.0,292292.0,101337.0,92563.0,447489.0,30493.0,0.0,17801.0,9121.0,7101267.0,207695.0,58629.0,853537.0,24857.0,17398.0,31711.0,61806.0
2022-06-06,4598283.0,262868.0,131600.0,112136.0,190872.0,8831.0,0.0,51428.0,89682.0,3834941.0,109048.0,56605.0,18632.0,28627.0,5700.0,195169.0,33114.0
2022-06-07,7170384.0,64320.0,83432.0,346648.0,399419.0,43351.0,0.0,32530.0,25478.0,5351407.0,246390.0,38538.0,449910.0,257341.0,16223.0,413478.0,103385.0
2022-06-08,4921973.0,83957.0,83369.0,253497.0,398146.0,27495.0,0.0,11539.0,11969.0,3459166.0,180454.0,20832.0,13648.0,33111.0,15389.0,297642.0,21479.0
2022-06-09,8733067.0,61349.0,77959.0,206522.0,204394.0,37830.0,0.0,42442.0,9177.0,1983441.0,461233.0,39502.0,84823.0,15301.0,27457.0,117110.0,28345.0
2022-06-10,6344693.0,332478.0,19417.0,454897.0,230621.0,24411.0,0.0,59259.0,12289.0,8939228.0,128910.0,66051.0,39543.0,5564.0,41474.0,187193.0,57110.0
2022-06-13,9141484.0,20061.0,203538.0,513002.0,194634.0,4130.0,704986.0,71970.0,17533.0,2830724.0,183116.0,103060.0,285343.0,11824.0,12483.0,5222.0,33957.0
2022-06-14,6088210.0,25254.0,17961.0,307387.0,144818.0,25698.0,390798.0,19365.0,25044.0,1522902.0,132513.0,43391.0,1031329.0,6899.0,51125.0,65633.0,13203.0
2022-06-15,6088210.0,24580.0,29307.0,295701.0,472908.0,82164.0,593134.0,79730.0,13177.0,1596437.0,134325.0,38101.0,242550.0,21252.0,18992.0,219522.0,42849.0
2022-06-16,11726058.0,161190.0,92061.0,455020.0,78659.0,8947.0,257620.0,229423.0,126.0,1610106.0,97336.0,22089.0,42940.0,4731.0,2338.0,32214.0,17675.0
2022-06-17,39523174.0,1685675.0,342959.0,2013926.0,684333.0,29624.0,184384.0,43467.0,8536.0,2694916.0,154643.0,14548.0,368660.0,1480240.0,16806.0,67963.0,36365.0
2022-06-20,0.0,0.0,0.0,0.0,0.0,0.0,0.0,0.0,0.0,0.0,0.0,0.0,0.0,0.0,0.0,0.0,0.0
2022-06-21,25004815.0,110019.0,84276.0,339408.0,298259.0,101665.0,285478.0,71471.0,26739.0,4688090.0,434813.0,22139.0,668035.0,93307.0,67648.0,401606.0,50613.0
2022-06-22,12483075.0,23890.0,45843.0,429162.0,186335.0,77677.0,148146.0,32972.0,12813.0,1878811.0,256469.0,25265.0,217121.0,30140.0,41339.0,236190.0,50321.0
2022-06-23,26266483.0,30649.0,57867.0,536878.0,124780.0,58619.0,174891.0,31958.0,31241.0,6367809.0,172170.0,36512.0,811647.0,42941.0,57723.0,105104.0,22377.0
2022-06-24,11747960.0,44774.0,21991.0,140284.0,334009.0,67060.0,381216.0,51959.0,12423.0,1746340.0,140936.0,35090.0,182891.0,1471.0,99482.0,47103.0,226098.0
2022-06-27,0.0,0.0,0.0,0.0,0.0,0.0,0.0,0.0,0.0,0.0,0.0,0.0,0.0,0.0,0.0,0.0,0.0
2022-06-28,0.0,0.0,0.0,0.0,0.0,0.0,0.0,0.0,0.0,0.0,0.0,0.0,0.0,0.0,0.0,0.0,0.0
2022-06-29,0.0,0.0,0.0,0.0,0.0,0.0,0.0,0.0,0.0,0.0,0.0,0.0,0.0,0.0,0.0,0.0,0.0
2022-06-30,9054237.0,37333.0,79668.0,573428.0,118179.0,37601.0,266451.0,21680.0,26454.0,9114489.0,95224.0,338109.0,19775.0,17430.0,17277.0,229705.0,11357.0
2022-07-01,10699220.0,7137.0,120779.0,273642.0,66023.0,37290.0,131609.0,13277.0,15618.0,1811365.0,180108.0,48206.0,44815.0,41819.0,9637.0,1135161.0,23058.0
2022-07-04,0.0,0.0,0.0,0.0,0.0,0.0,0.0,0.0,0.0,0.0,0.0,0.0,0.0,0.0,0.0,0.0,0.0
2022-07-05,8613559.0,57316.0,22424.0,109135.0,158494.0,54290.0,79769.0,50949.0,4837.0,1249817.0,172031.0,25359.0,6704.0,225330.0,21204.0,592674.0,17788.0
2022-07-06,8613559.0,57316.0,22424.0,109135.0,158494.0,54290.0,79769.0,50949.0,4837.0,1249817.0,172031.0,25359.0,6704.0,225330.0,21204.0,592674.0,17788.0
2022-07-07,4971410.0,85898.0,25935.0,562773.0,94404.0,20051.0,1245641.0,10118.0,21421.0,2625288.0,108812.0,53898.0,53031.0,10566.0,9891.0,2963766.0,8339.0
2022-07-08,5030759.0,6189.0,58676.0,156579.0,203368.0,34053.0,130540.0,23197.0,8550.0,2518532.0,68699.0,28047.0,412111.0,24662.0,21519.0,1519359.0,90777.0
2022-07-11,7095067.0,17604.0,98692.0,401916.0,418273.0,32714.0,343053.0,11057.0,11165.0,3335521.0,118609.0,27491.0,186737.0,39475.0,12899.0,578232.0,5065.0
2022-07-12,19966931.0,11353.0,48642.0,131431.0,242341.0,50274.0,391394.0,50115.0,14049.0,1757995.0,131178.0,22903.0,48307.0,53610.0,15125.0,1377178.0,24669.0
2022-07-13,5508819.0,12520.0,50753.0,134883.0,78412.0,65426.0,51523.0,32503.0,6697.0,642084.0,104464.0,5960.0,2317.0,3431.0,3826.0,80516.0,8287.0
2022-07-14,8270276.0,60394.0,45636.0,526640.0,346406.0,68088.0,145277.0,97585.0,24986.0,2564364.0,122554.0,103479.0,43118.0,30572.0,28163.0,464612.0,13953.0
2022-07-15,5832165.0,10555.0,20378.0,119403.0,221397.0,120214.0,100097.0,13252.0,20277.0,1747877.0,24769.0,125233.0,20377.0,16791.0,6640.0,335852.0,202042.0
2022-07-18,4644568.0,3415.0,10863.0,62233.0,169525.0,32330.0,121724.0,2288.0,27607.0,677381.0,125255.0,32518.0,325412.0,4009.0,4955.0,260193.0,6446.0
2022-07-19,5127802.0,13753.0,8427.0,142217.0,236674.0,16027.0,26729.0,14986.0,11749.0,270259.0,7684.0,19065.0,186483.0,2056.0,24974.0,226548.0,6013.0
2022-07-20,0.0,0.0,0.0,0.0,0.0,0.0,0.0,0.0,0.0,0.0,0.0,0.0,0.0,0.0,0.0,0.0,0.0
2022-07-21,7409333.0,18928.0,12903.0,188088.0,441598.0,33069.0,216577.0,19481.0,8499.0,2389234.0,89484.0,136726.0,121924.0,13843.0,8628.0,565583.0,9683.0
2022-07-22,4512408.0,10429.0,12667.0,220889.0,177202.0,37481.0,49166.0,78532.0,1482.0,1962066.0,53240.0,9253.0,39318.0,87614.0,23838.0,425083.0,8142.0
2022-07-25,2817647.0,121196.0,53921.0,146341.0,237720.0,5474.0,73156.0,43356.0,706.0,1479926.0,126049.0,30572.0,266816.0,16253.0,5764.0,382788.0,507.0
2022-07-26,2764700.0,7806.0,21006.0,27566.0,112235.0,97577.0,144187.0,8330.0,600.0,1074210.0,33882.0,9228.0,610560.0,7220.0,9896.0,40580.0,822.0
2022-07-27,4067297.0,4791.0,29937.0,121242.0,72722.0,10531.0,183300.0,24184.0,1630.0,972642.0,107824.0,15354.0,129422.0,5411.0,8881.0,943307.0,1381.0
2022-07-28,3606294.0,17762.0,24826.0,150919.0,408788.0,2907.0,35505.0,9053.0,4014.0,544830.0,1926749.0,2836.0,56964.0,8860.0,7921.0,788622.0,797.0
2022-07-29,7960916.0,15939.0,14787.0,214123.0,241678.0,131755.0,115346.0,11853.0,4418.0,599406.0,248464.0,63070.0,15128.0,10265.0,3596.0,568446.0,12231.0
2022-08-01,3705747.0,5298.0,15298.0,283533.0,133847.0,26596.0,42934.0,22296.0,48034.0,2716029.0,165877.0,59009.0,51622.0,9006.0,15211.0,662189.0,14896.0
2022-08-02,14759269.0,5396.0,79032.0,160971.0,267965.0,63682.0,40160.0,22166.0,447.0,1061822.0,153763.0,15290.0,1684.0,69038.0,22771.0,1060498.0,6010.0
2022-08-03,9795816.0,4892.0,25023.0,374833.0,151005.0,33658.0,83567.0,19761.0,3403.0,3380778.0,95015.0,17912.0,20192.0,9061.0,8475.0,2105150.0,10512.0
2022-08-04,12296777.0,9002.0,14093.0,140389.0,50560.0,13817.0,51434.0,17236.0,2414.0,6408210.0,61274.0,16834.0,12919.0,11175.0,9951.0,214631.0,1940.0
2022-08-05,4967710.0,2163.0,16251.0,84091.0,78902.0,84825.0,45762.0,31164.0,774.0,530890.0,49875.0,26444.0,3447.0,12523.0,26876.0,1303645.0,9790.0
2022-08-08,5045596.0,11909.0,14983.0,230695.0,359899.0,21561.0,209599.0,36102.0,17844.0,2377972.0,904360.0,147914.0,42363.0,12276.0,16300.0,518585.0,20478.0
2022-08-09,6248690.0,40959.0,10530.0,135111.0,108808.0,34551.0,216999.0,63754.0,4598.0,1870791.0,162677.0,18116.0,616.0,20138.0,60448.0,495680.0,25162.0
2022-08-10,4250261.0,21612.0,29029.0,95256.0,174873.0,55804.0,245647.0,40359.0,3968.0,3116576.0,609487.0,46145.0,13300.0,16400.0,17108.0,372675.0,13244.0
2022-08-11,3434744.0,21281.0,4624.0,82101.0,320785.0,34441.0,70215.0,36718.0,5535.0,2067087.0,124561.0,31108.0,37453.0,5863.0,30576.0,177351.0,26926.0
2022-08-12,3481580.0,24475.0,23566.0,178059.0,61744.0,39113.0,81624.0,45587.0,2107.0,3590280.0,198827.0,26072.0,15171.0,4976.0,17476.0,225157.0,16097.0
2022-08-15,0.0,0.0,0.0,0.0,0.0,0.0,0.0,0.0,0.0,0.0,0.0,0.0,0.0,0.0,0.0,0.0,0.0
2022-08-16,0.0,0.0,0.0,0.0,0.0,0.0,0.0,0.0,0.0,0.0,0.0,0.0,0.0,0.0,0.0,0.0,0.0
2022-08-17,4789225.0,18216.0,39881.0,295634.0,1710563.0,23924.0,237171.0,36776.0,7172.0,4686936.0,611071.0,47297.0,37574.0,27052.0,32003.0,540244.0,19124.0
2022-08-18,13500923.0,5122.0,22883.0,217418.0,2122043.0,44386.0,84982.0,36549.0,10514.0,275648.0,728398.0,30692.0,13944.0,33665.0,56627.0,837201.0,31180.0
2022-08-19,2992851.0,27572.0,32367.0,59697.0,183089.0,175321.0,96289.0,40003.0,6636.0,485882.0,167341.0,23149.0,169810.0,5836.0,20524.0,367104.0,22791.0
2022-08-22,3761761.0,52568.0,211760.0,348085.0,108518.0,35680.0,139233.0,7322.0,4373.0,2818999.0,42505.0,57395.0,67667.0,871.0,39464.0,305129.0,67167.0
2022-08-23,13877097.0,4573.0,32070.0,189271.0,81401.0,54088.0,517952.0,17715.0,5559.0,813438.0,54779.0,51131.0,23367.0,954.0,21565.0,4015642.0,8172.0
2022-08-24,6358022.0,2004.0,8865.0,135331.0,329426.0,65160.0,236246.0,36869.0,4389.0,338128.0,103969.0,17799.0,29133.0,7608.0,61025.0,364856.0,17064.0
2022-08-25,4671873.0,22246.0,58287.0,490515.0,222148.0,25849.0,136941.0,40296.0,6841.0,696175.0,129869.0,54589.0,46864.0,19320.0,9646.0,4598567.0,22249.0
2022-08-26,9272266.0,2384.0,1851.0,91642.0,254963.0,13584.0,28237.0,14565.0,2789.0,741944.0,18003.0,5296.0,18482.0,3.0,82153.0,158328.0,13837.0
2022-08-29,9155932.0,8917.0,10148.0,160333.0,199421.0,14487.0,80912.0,4765.0,1345.0,1885517.0,88774.0,35981.0,70329.0,5262.0,14055.0,516622.0,35167.0
2022-08-30,9900741.0,13116.0,23110.0,65913.0,44803.0,37683.0,85781.0,7356.0,766.0,779764.0,128377.0,214042.0,62992.0,3862.0,8576.0,170994.0,25070.0
2022-08-31,23852106.0,33332.0,52809.0,1814950.0,395031.0,67361.0,125579.0,37694.0,17558.0,959995.0,272374.0,579904.0,120061.0,33427.0,37316.0,1484204.0,184579.0
2022-09-01,7260050.0,11076.0,6004.0,334129.0,111127.0,25259.0,83209.0,12409.0,3494.0,89386.0,30041.0,10353.0,49298.0,121525.0,8984.0,227172.0,4859.0
2022-09-02,4997266.0,29726.0,13833.0,220738.0,122333.0,4754.0,45633.0,5481.0,996.0,762324.0,97497.0,5270.0,170002.0,13102.0,75563.0,94327.0,4378.0
2022-09-05,1089796.0,7624.0,12420.0,29256.0,82448.0,5896.0,50841.0,15612.0,1903.0,141891.0,104212.0,2474.0,182771.0,6506.0,6484.0,72169.0,22336.0
2022-09-06,2978120.0,16010.0,17941.0,90927.0,305774.0,34533.0,22934.0,7851.0,1061.0,656603.0,80455.0,11313.0,20580.0,9000.0,2699.0,866047.0,11673.0
2022-09-07,4054581.0,34582.0,7770.0,77042.0,96396.0,2510.0,31644.0,5302.0,9751.0,2613339.0,58864.0,11179.0,81542.0,6357.0,3223.0,755829.0,9156.0
2022-09-08,5573422.0,15134.0,21668.0,162935.0,167464.0,6780.0,35844.0,9860.0,1117.0,470618.0,137690.0,7587.0,15510.0,5289.0,47056.0,212212.0,4268.0
2022-09-09,5190574.0,57111.0,3723.0,82465.0,698523.0,22047.0,66591.0,12821.0,601.0,9004273.0,35842.0,19992.0,22773.0,4951.0,1017.0,210210.0,17991.0
2022-09-12,4305164.0,19455.0,9181.0,120408.0,98190.0,12735.0,48763.0,27151.0,2403.0,449355.0,43664.0,1153.0,70746.0,178686.0,10119.0,134977.0,3217.0
2022-09-13,5586669.0,34900.0,57537.0,100315.0,867757.0,8266.0,118143.0,27535.0,2128.0,560084.0,51699.0,4983.0,65140.0,6374.0,15726.0,302859.0,14708.0
2022-09-14,7384883.0,227921.0,22816.0,221713.0,343388.0,22165.0,67990.0,35544.0,622.0,5876366.0,129306.0,10370.0,20658.0,27663.0,21878.0,264627.0,6746.0
2022-09-15,5064177.0,63336.0,14714.0,119871.0,897856.0,19104.0,274816.0,42885.0,3764.0,862948.0,167333.0,20458.0,4472.0,76322.0,6332.0,2500947.0,4633.0
2022-09-16,21572838.0,732572.0,99399.0,959070.0,897856.0,15656.0,1646678.0,33698.0,50300.0,20945244.0,415306.0,43146.0,100000.0,314363.0,2030.0,3007133.0,3213.0
2022-09-19,2612146.0,21286.0,218564.0,108210.0,247461.0,11851.0,101813.0,6671.0,5743.0,1035709.0,195680.0,288368.0,6182.0,16151.0,6966.0,3114087.0,5503.0
2022-09-20,7905464.0,41349.0,170468.0,176422.0,140947.0,74763.0,36248.0,13893.0,10707.0,8133090.0,211462.0,114744.0,39130.0,13174.0,8488.0,1069988.0,2433.0
2022-09-21,7001838.0,54468.0,84759.0,192576.0,195006.0,26628.0,238025.0,13673.0,6879.0,492994.0,269573.0,19650.0,330.0,13174.0,7945.0,593348.0,145933.0
2022-09-22,4102971.0,9279.0,10690.0,368748.0,88216.0,30396.0,96027.0,15979.0,1366.0,1578537.0,367096.0,9590.0,167412.0,0.0,20854.0,6223450.0,5587.0
2022-09-23,9944859.0,1532.0,17841.0,83414.0,160306.0,97094.0,132156.0,7700.0,7506.0,817655.0,57974.0,15348.0,33649.0,0.0,6939.0,182893.0,7180.0
2022-09-26,5590268.0,23808.0,16465.0,182495.0,124447.0,63925.0,30652.0,9807.0,4294.0,836027.0,76110.0,39520.0,51923.0,0.0,7279.0,826340.0,16288.0
2022-09-27,4025883.0,34053.0,14566.0,210232.0,88251.0,3563.0,165109.0,7674.0,8150.0,926918.0,54955.0,23768.0,25664.0,0.0,5312.0,957819.0,22883.0
2022-09-28,3738569.0,11232.0,12086.0,208563.0,26813.0,4702.0,35757.0,4362.0,70145.0,3709298.0,209848.0,18466.0,29511.0,0.0,5492.0,429061.0,15169.0
2022-09-29,2743619.0,10459.0,14568.0,746930.0,150417.0,11393.0,19156.0,12114.0,1157.0,434770.0,343223.0,5193.0,117262.0,0.0,4370.0,24891.0,9400.0
2022-09-30,3932254.0,46512.0,6368.0,247624.0,199429.0,4873.0,84366.0,8945.0,1698.0,659645.0,87787.0,3643.0,393464.0,0.0,13379.0,291694.0,3969.0
2022-10-03,6272451.0,3096.0,8558.0,93529.0,25867.0,19882.0,49335.0,101805.0,755.0,1812964.0,165595.0,4388.0,13798.0,0.0,23398.0,158908.0,5830.0
2022-10-04,7237401.0,13017.0,13862.0,144636.0,280550.0,14627.0,97870.0,107878.0,963.0,2216281.0,208451.0,28609.0,1236.0,0.0,24249.0,774796.0,3530.0
2022-10-05,10043541.0,37288.0,67070.0,110724.0,256037.0,34526.0,126203.0,11986.0,2090.0,406051.0,79180.0,29441.0,44171.0,0.0,15144.0,195879.0,18137.0
2022-10-06,10533768.0,10572.0,16922.0,123775.0,145420.0,6163.0,108281.0,12943.0,533.0,915093.0,18047.0,2407.0,175239.0,0.0,11829.0,5091.0,16659.0
2022-10-07,6702153.0,1791.0,8196.0,124015.0,89994.0,4746.0,13486.0,7136.0,584.0,1050135.0,41383.0,17360.0,2476.0,0.0,21176.0,105281.0,1388.0
2022-10-10,4409461.0,87.0,5732.0,76659.0,23479.0,11051.0,23474.0,7060.0,124.0,530021.0,24792.0,892.0,15812.0,0.0,8535.0,32709.0,26019.0
2022-10-11,5892516.0,2430.0,42963.0,354837.0,126018.0,11637.0,43522.0,5420.0,444.0,267295.0,28493.0,18392.0,1341.0,0.0,9510.0,24170.0,7952.0
2022-10-12,4927800.0,6813.0,2244.0,156216.0,7357.0,93220.0,34393.0,9961.0,520.0,108616.0,107967.0,17837.0,743.0,0.0,2281.0,2275.0,36015.0
2022-10-13,6309464.0,7990.0,41628.0,278741.0,193895.0,23953.0,8099.0,3888.0,1630.0,2483135.0,59009.0,20478.0,11662.0,0.0,38429.0,68619.0,23748.0
2022-10-14,4774223.0,67088.0,43633.0,171864.0,256683.0,28354.0,28692.0,30689.0,916.0,2842458.0,61774.0,25230.0,3322.0,0.0,14028.0,874268.0,10022.0
2022-10-17,0.0,0.0,0.0,0.0,0.0,0.0,0.0,0.0,0.0,0.0,0.0,0.0,0.0,0.0,0.0,0.0,0.0
2022-10-18,6116479.0,24947.0,25511.0,313803.0,163196.0,72585.0,97746.0,40127.0,2033.0,1708721.0,160783.0,29090.0,731303.0,0.0,8573.0,203596.0,12525.0
2022-10-19,12400647.0,25500.0,54612.0,204710.0,138839.0,54414.0,133409.0,60332.0,6074.0,5561511.0,137140.0,30448.0,438100.0,0.0,7826.0,270959.0,11417.0
2022-10-20,12400647.0,25500.0,54612.0,204710.0,138839.0,54414.0,133409.0,60332.0,6074.0,5561511.0,137140.0,30448.0,438100.0,0.0,7826.0,270959.0,11417.0
2022-10-21,18944675.0,27293.0,36299.0,369219.0,99669.0,10826.0,49131.0,21208.0,4739.0,5461520.0,314620.0,16606.0,143783.0,35727.0,1794.0,405166.0,6749.0
2022-10-24,7370038.0,53817.0,47064.0,190516.0,202495.0,50892.0,64943.0,22250.0,3147.0,2518332.0,72055.0,80360.0,224932.0,118609.0,14389.0,341893.0,17822.0
2022-10-25,6051687.0,18149.0,42178.0,295832.0,78720.0,7248.0,11386.0,17542.0,5129.0,367318.0,75808.0,8737.0,96474.0,37932.0,2523.0,279442.0,12853.0
2022-10-26,7506813.0,28892.0,9249.0,324061.0,119272.0,19939.0,165547.0,11263.0,2354.0,541148.0,135879.0,269998.0,14900.0,28584.0,23587.0,154905.0,7705.0
2022-10-27,9223454.0,20735.0,35916.0,214156.0,138558.0,31776.0,38580.0,31373.0,10997.0,526623.0,86563.0,322155.0,13455.0,13750.0,4374.0,645679.0,12122.0
2022-10-28,17374042.0,16108.0,96862.0,241497.0,192105.0,27217.0,86536.0,113863.0,7851.0,423897.0,146481.0,17364.0,40728.0,10782.0,7926.0,435305.0,9936.0
2022-10-31,9966124.0,2739.0,116917.0,199430.0,57013.0,60515.0,91124.0,36166.0,3260.0,1158799.0,234979.0,7576.0,27232.0,5597.0,12628.0,93320.0,50332.0
2022-11-01,15593405.0,4088.0,177908.0,215326.0,223701.0,139695.0,241648.0,47065.0,7876.0,552850.0,303928.0,1093235.0,56278.0,9890.0,25448.0,1780814.0,22383.0
2022-11-02,6792140.0,43529.0,36674.0,329445.0,242945.0,28102.0,62811.0,48888.0,9338.0,3962905.0,119112.0,36017.0,64617.0,26068.0,8379.0,212849.0,5619.0
2022-11-03,4026780.0,27846.0,87095.0,241972.0,33251.0,3978.0,125642.0,13912.0,3054.0,879854.0,84393.0,23717.0,1515.0,10695.0,9641.0,351663.0,7772.0
2022-11-04,5616093.0,29673.0,23727.0,190469.0,140826.0,25015.0,106681.0,16832.0,4532.0,1166171.0,60489.0,34152.0,97073.0,10624.0,18749.0,106517.0,16258.0
2022-11-07,0.0,0.0,0.0,0.0,0.0,0.0,0.0,0.0,0.0,0.0,0.0,0.0,0.0,0.0,0.0,0.0,0.0
2022-11-08,3792341.0,22283.0,42170.0,231971.0,108927.0,51470.0,50183.0,12271.0,4588.0,596700.0,96623.0,11533.0,300252.0,31243.0,29289.0,128767.0,17295.0
2022-11-09,8928254.0,11797.0,44964.0,325139.0,257429.0,51330.0,66824.0,23067.0,6884.0,969553.0,145186.0,41928.0,357224.0,8639.0,23211.0,69248.0,3492.0
2022-11-10,13999872.0,3094.0,31639.0,303031.0,104255.0,68542.0,177937.0,41663.0,18329.0,1830203.0,52208.0,126439.0,296488.0,32937.0,18512.0,621202.0,8483.0
2022-11-11,42656376.0,18404.0,25738.0,129953.0,378982.0,16510.0,61122.0,69051.0,10984.0,1394910.0,50946.0,133820.0,25820.0,13628.0,28769.0,454941.0,15872.0
2022-11-14,0.0,0.0,0.0,0.0,0.0,0.0,0.0,0.0,0.0,0.0,0.0,0.0,0.0,0.0,0.0,0.0,0.0
2022-11-15,28127413.0,11536.0,25765.0,275510.0,369783.0,84617.0,200973.0,109268.0,6380.0,1613758.0,164112.0,103129.0,38720.0,52825.0,33230.0,620029.0,48399.0
2022-11-16,17874188.0,3285.0,15847.0,172241.0,691912.0,22837.0,278327.0,18833.0,8473.0,691861.0,154654.0,24015.0,10000.0,11917.0,10362.0,131047.0,8592.0
2022-11-17,10933896.0,10048.0,61447.0,95583.0,165055.0,8961.0,217637.0,33032.0,3922.0,1652261.0,69732.0,99041.0,5302.0,62149.0,46000.0,192661.0,19481.0
2022-11-18,7813398.0,4063.0,46022.0,196407.0,89337.0,17697.0,42456.0,6778.0,5303.0,2061439.0,76552.0,94739.0,316.0,6836.0,2665.0,112463.0,48883.0
2022-11-21,13172050.0,9247.0,20233.0,221928.0,12463.0,35814.0,78221.0,17975.0,10071.0,7015975.0,105861.0,32725.0,674925.0,41128.0,21106.0,154365.0,39885.0
2022-11-22,13172050.0,9247.0,20233.0,221928.0,12463.0,35814.0,78221.0,17975.0,10071.0,7015975.0,105861.0,32725.0,674925.0,41128.0,21106.0,154365.0,39885.0
2022-11-23,15320143413.0,433031850.0,428810280.0,3992980710.0,355052655.0,22691561.0,806694080.0,135510290.0,1174152400.0,731881406.0,386058539.0,1446008190.0,8019944.0,516598061.0,11270220.0,1491532571.0,127061918.0
2022-11-24,0.0,0.0,0.0,0.0,0.0,0.0,0.0,0.0,0.0,0.0,0.0,0.0,0.0,0.0,0.0,0.0,0.0
2022-11-25,11708659.0,0.0,0.0,169128.0,73438.0,19776.0,197581.0,0.0,7693.0,1049523.0,0.0,0.0,1017236.0,0.0,0.0,405139.0,0.0
2022-11-28,18856433.0,129.0,7172.0,10319.0,73873.0,918.0,41088.0,2089.0,4461.0,120859538.0,103524.0,54890.0,1688.0,403.0,1435.0,98189.0,11852.0
2022-11-29,16195668.0,7.0,18994.0,107777.0,353015.0,1605.0,92914.0,1271.0,376.0,1227633.0,41033.0,30860.0,6744.0,8034.0,6585.0,136570.0,15279.0
2022-11-30,308627836.0,3164142.0,300397.0,2368992.0,427832.0,445673.0,966790.0,423078.0,92272.0,23936113.0,120509.0,140651.0,251634.0,98262.0,33832.0,2681032.0,89095.0
2022-12-01,147003134.0,1388.0,17281.0,675463.0,1598160.0,19117.0,47175.0,124728.0,82904.0,4852675.0,757787.0,247702.0,339949.0,29042.0,46067.0,3831220.0,189286.0
2022-12-02,11840118.0,7305.0,32958.0,160909.0,222323.0,1702.0,53617.0,99165.0,13882.0,1638597.0,541599.0,59994.0,27930.0,17401.0,1075.0,261846.0,3163.0
2022-12-05,8478467.0,38139.0,58863.0,98390.0,90547.0,39419.0,45733.0,5801.0,164.0,1544793.0,17288.0,107281.0,276962.0,90807.0,23084.0,255729.0,29499.0
2022-12-06,3484172.0,4838.0,18064.0,41231.0,63051.0,5694.0,36634.0,7412.0,17.0,1046055.0,7229.0,8442.0,1953.0,2581.0,292.0,4316.0,522.0
2022-12-07,11886847.0,7180.0,10983.0,294381.0,314018.0,155.0,94300.0,11376.0,1188.0,1935371.0,66550.0,8758.0,36925.0,9385.0,7124.0,124013.0,1003.0
2022-12-08,0.0,0.0,0.0,0.0,0.0,0.0,0.0,0.0,0.0,0.0,0.0,0.0,0.0,0.0,0.0,0.0,0.0
2022-12-09,12477101.0,7693.0,8374.0,346559.0,123912.0,14063.0,99971.0,2910.0,563.0,256255.0,44940.0,10217.0,4573.0,2113.0,8098.0,122053.0,650.0
2022-12-12,2347822.0,15635.0,9582.0,130061.0,119236.0,20865.0,77992.0,4113.0,920.0,1463870.0,56087.0,33154.0,12594.0,18297.0,971.0,140285.0,913.0
2022-12-13,5329134.0,412.0,29804.0,259620.0,128392.0,4127.0,82275.0,4803.0,2538.0,2837742.0,57374.0,34342.0,191236.0,681.0,19900.0,192691.0,7059.0
2022-12-14,11606278.0,49732.0,87523.0,289377.0,133450.0,209.0,53847.0,6605.0,27034.0,3154397.0,109251.0,7666.0,18100.0,6448.0,5003.0,132190.0,6261.0
2022-12-15,4272355.0,11630.0,61023.0,207215.0,75798.0,13897.0,82759.0,8451.0,2274.0,3145212.0,135211.0,9130.0,8700.0,4766.0,3761.0,164596.0,5760.0
2022-12-16,4650468.0,54016.0,25770.0,814245.0,130980.0,5274.0,53609.0,36603.0,9203.0,207380.0,119223.0,29034.0,3009.0,22751.0,3260.0,105532.0,1303.0
2022-12-19,16255879.0,11483.0,19388.0,870128.0,40578.0,2781.0,105651.0,9046.0,9455.0,1943582.0,208841.0,27151.0,15141.0,3390.0,3863.0,158451.0,6231.0
2022-12-20,12021096.0,104277.0,38996.0,228311.0,154505.0,47884.0,83897.0,8902.0,15944.0,1369887.0,123193.0,28673.0,1787.0,921.0,1811.0,95678.0,5514.0
2022-12-21,30554239.0,541.0,12788.0,166112.0,83704.0,52320.0,433691.0,14899.0,6450.0,916700.0,112741.0,29291.0,306622.0,23158.0,5581.0,129836.0,3488.0
2022-12-22,2952942.0,7183.0,18858.0,908481.0,13778.0,10150.0,27354.0,10027.0,4990.0,83911.0,125066.0,13540.0,57190.0,275.0,22526.0,886239.0,980.0
2022-12-23,0.0,2739.0,202023.0,53925.0,4679.0,6225.0,94433.0,1506.0,16457.0,1148052.0,28569.0,46120.0,147271.0,1338.0,796.0,1121609.0,1212.0
2022-12-26,1135993.0,4461.0,25369.0,251422.0,50695.0,9045.0,14149.0,8892.0,552.0,126448.0,32582.0,11718.0,6183.0,1252.0,3600.0,336865.0,2763.0
2022-12-27,15275167.0,4249.0,19644.0,63442.0,92628.0,114730.0,190296.0,10747.0,2214.0,1930144.0,51275.0,27518.0,14006.0,1435.0,6879.0,170491.0,6164.0
2022-12-28,2433228.0,13043.0,2001.0,120598.0,129928.0,15047.0,110682.0,14992.0,7065.0,4367944.0,34078.0,81357.0,3038.0,2583.0,2905.0,55322.0,4789.0
2022-12-29,6856768.0,34322.0,23081.0,227197.0,100341.0,89576.0,137956.0,22087.0,9941.0,3789989.0,100665.0,14973.0,55000.0,2427.0,6352.0,147610.0,5477.0
2022-12-30,0.0,0.0,0.0,0.0,0.0,0.0,0.0,0.0,0.0,0.0,0.0,0.0,0.0,0.0,0.0,0.0,0.0
2023-01-02,1474560.0,712.0,352.0,11412.0,20133.0,6321.0,450.0,3022.0,424.0,110077.0,29951.0,1047.0,0.0,1386.0,3618.0,130954.0,8078.0
2023-01-03,8883437.0,3511.0,19237.0,152085.0,113306.0,7735.0,90079.0,10743.0,1068.0,2118309.0,28911.0,82180.0,5800.0,4073.0,2127.0,307457.0,3829.0
2023-01-04,14320260.0,1799.0,10513.0,112159.0,80108.0,5691.0,91678.0,4304.0,682.0,1956544.0,54510.0,22266.0,4863.0,1526.0,3960.0,142462.0,6803.0
2023-01-05,9307020.0,11404.0,20134.0,244408.0,140179.0,11513.0,93975.0,18997.0,987.0,1137790.0,48694.0,25540.0,56615.0,8055.0,2352.0,302741.0,4447.0
2023-01-06,21712400.0,7287.0,23233.0,50274.0,45717.0,16883.0,140382.0,14292.0,2279.0,475696.0,49165.0,20169.0,8424.0,8222.0,12126.0,257049.0,2400.0
2023-01-09,0.0,0.0,0.0,0.0,0.0,0.0,0.0,0.0,0.0,0.0,0.0,0.0,0.0,0.0,0.0,0.0,0.0
2023-01-10,8389320.0,9624.0,69854.0,490146.0,533110.0,14784.0,117625.0,18014.0,1086.0,4515590.0,74236.0,30754.0,1298.0,1549.0,24350.0,184842.0,4558.0
2023-01-11,10383564.0,6438.0,44776.0,126104.0,365976.0,61735.0,87964.0,10186.0,638.0,15240098.0,188824.0,95932.0,167400.0,2649.0,4385.0,399089.0,3088.0
2023-01-12,16049836.0,13534.0,117585.0,165204.0,577088.0,22958.0,91520.0,18341.0,9650.0,5077257.0,68923.0,91618.0,56793.0,6659.0,22621.0,724519.0,6847.0
2023-01-13,8619623.0,68.0,19063.0,199822.0,13862.0,14735.0,20876.0,9042.0,738.0,1367110.0,20742.0,53347.0,68518.0,3735.0,8940.0,221570.0,2145.0
2023-01-16,400070.0,806.0,8813.0,12422.0,1102.0,7837.0,13465.0,6268.0,145.0,233505.0,20655.0,1629.0,30255.0,1089.0,4295.0,4156213.0,5203.0
2023-01-17,4391571.0,19484.0,7121.0,473694.0,56177.0,4198.0,49911.0,11653.0,4488.0,318064.0,12849.0,3557.0,7187.0,8123.0,7109.0,3004121.0,1903.0
2023-01-18,12467371.0,6483.0,42354.0,217793.0,362730.0,71419.0,92081.0,12027.0,5951.0,1468582.0,75943.0,56559.0,6846.0,3203.0,53325.0,1329498.0,13960.0
2023-01-19,4342351.0,9599.0,8095.0,255714.0,80700.0,6540.0,140897.0,9024.0,275.0,3523217.0,200745.0,26592.0,28342.0,638.0,14387.0,935105.0,978.0
2023-01-20,4671757.0,1673.0,24276.0,130762.0,36179.0,2276.0,76078.0,546.0,27.0,8057042.0,81818.0,18341.0,3602.0,6569.0,1296.0,1331305.0,121739.0
2023-01-23,6986901.0,1216.0,26202.0,162553.0,330166.0,3437.0,171668.0,22455.0,3640.0,2921321.0,31843.0,97736.0,4159.0,7184.0,7938.0,1450002.0,5397.0
2023-01-24,9074076.0,15970.0,25302.0,134169.0,299807.0,9943.0,60543.0,41026.0,3472.0,1075372.0,112065.0,32942.0,12485.0,11793.0,9689.0,2107656.0,7748.0
2023-01-25,11432596.0,9200.0,24140.0,239530.0,184601.0,98007.0,45515.0,37667.0,8134.0,2171051.0,129197.0,21967.0,36045.0,9238.0,13346.0,2479318.0,17052.0
2023-01-26,4177451.0,13233.0,19914.0,251110.0,280826.0,10018.0,104891.0,39534.0,1141.0,2890007.0,111128.0,27243.0,124820.0,14774.0,3931.0,1242608.0,551.0
2023-01-27,17102952.0,5940.0,43416.0,593402.0,186267.0,71049.0,83205.0,15528.0,5749.0,1348071.0,183604.0,43628.0,36716.0,13976.0,11696.0,1565654.0,3613.0
2023-01-30,7138778.0,5453.0,15129.0,516668.0,75801.0,9744.0,40851.0,6128.0,4447.0,1485769.0,173551.0,17234.0,99240.0,8854.0,6027.0,1044804.0,698.0
2023-01-31,6765146.0,51440.0,17499.0,692967.0,334053.0,14036.0,105269.0,44578.0,2624.0,3359966.0,51716.0,67619.0,83145.0,16669.0,13288.0,2445921.0,15647.0
2023-02-01,9267539.0,5637.0,57457.0,487316.0,212669.0,3987.0,96586.0,132376.0,12210.0,4199193.0,58870.0,111819.0,4004.0,3892.0,3153.0,224107.0,18680.0
2023-02-02,7972438.0,7462.0,13001.0,311543.0,167114.0,50339.0,148509.0,35617.0,1046.0,1157429.0,264941.0,124612.0,74796.0,8247.0,9361.0,578481.0,16902.0
2023-02-03,4054828.0,6343.0,29928.0,512250.0,622587.0,30923.0,369087.0,7671.0,736.0,2456220.0,113719.0,26081.0,1376.0,17890.0,3581.0,1055832.0,2000.0
2023-02-06,4339228.0,10464.0,23529.0,84198.0,26851.0,19569.0,4406.0,20782.0,1389.0,6393396.0,102046.0,38487.0,2000.0,13102.0,5935.0,215173.0,2737.0
2023-02-07,9271012.0,11198.0,19999.0,97442.0,135672.0,32466.0,476189.0,16449.0,5290.0,5193944.0,85978.0,25745.0,7751.0,13940.0,1584.0,149266.0,2337.0
2023-02-08,6591305.0,17561.0,43617.0,208517.0,1194620.0,12637.0,103921.0,43936.0,8642.0,1423631.0,89033.0,21837.0,4889.0,28387.0,1729.0,568445.0,10531.0
2023-02-09,15347845.0,5692.0,36338.0,131657.0,566252.0,8093.0,36077.0,15318.0,2702.0,2444225.0,72617.0,28844.0,0.0,14174.0,13585.0,1521137.0,351.0
2023-02-10,10479063.0,6887.0,6637.0,292967.0,78756.0,11986.0,131378.0,6532.0,749.0,4218905.0,58703.0,41430.0,0.0,12175.0,14223.0,5314950.0,7944.0
2023-02-13,3704363.0,15830.0,7771.0,147804.0,105161.0,12766.0,104221.0,9541.0,1514.0,4413252.0,117376.0,638.0,30659.0,5760.0,15855.0,1090640.0,6422.0
2023-02-14,3650026.0,20247.0,230002.0,279726.0,1228727.0,106689.0,293831.0,39642.0,7639.0,2018066.0,615451.0,42607.0,277.0,2585.0,5592.0,480580.0,1595.0
2023-02-15,5464723.0,17977.0,78089.0,276083.0,403720.0,193437.0,217863.0,74109.0,2053.0,2369170.0,300065.0,38280.0,320.0,1357.0,22945.0,2005108.0,15884.0
2023-02-16,6622766.0,11573.0,122849.0,502016.0,254650.0,48678.0,129136.0,51837.0,355.0,1296871.0,947299.0,46460.0,0.0,6290.0,2951.0,2851420.0,8048.0
2023-02-17,4895456.0,8654.0,112811.0,88061.0,166960.0,28320.0,158974.0,22102.0,343.0,1172654.0,166842.0,50169.0,55147.0,2180.0,6447.0,212078.0,3688.0
2023-02-20,216139.0,10411.0,95333.0,40325.0,231889.0,11915.0,50995.0,4791.0,3583.0,1292257.0,76780.0,1176.0,0.0,9742.0,1440.0,37353.0,3631.0
2023-02-21,4331156.0,7744.0,91601.0,205592.0,1105554.0,136449.0,159360.0,22914.0,2109.0,1876185.0,428165.0,29057.0,1930.0,153.0,1443.0,351652.0,39526.0
2023-02-22,4313119.0,1877.0,153095.0,78174.0,231524.0,24594.0,47015.0,2867.0,275.0,369523.0,168884.0,17431.0,0.0,262.0,3650.0,263918.0,3552.0
2023-02-23,7625165.0,495.0,50216.0,287719.0,393952.0,113142.0,239372.0,30620.0,4849.0,1093550.0,403649.0,43111.0,727.0,6090.0,16070.0,130151.0,4627.0
2023-02-24,4829578.0,22155.0,32302.0,186004.0,260419.0,45010.0,288968.0,13760.0,5947.0,998340.0,61301.0,54439.0,901.0,3563.0,8316.0,295876.0,5843.0
2023-02-27,7412112.0,17115.0,39063.0,49264.0,757718.0,80158.0,285919.0,19109.0,5912.0,1375268.0,777792.0,79074.0,399.0,1732.0,7703.0,482432.0,1686.0
2023-02-28,10760292.0,30521.0,52736.0,834359.0,5625277.0,161076.0,240897.0,18803.0,23462.0,1624401.0,244584.0,3120498.0,10355.0,3711.0,7969.0,2135424.0,1568.0
2023-03-01,20111742.0,7734.0,237942.0,90755.0,3769799.0,32938.0,86151.0,24722.0,130420.0,1564086.0,112978.0,770528.0,1560.0,2825.0,12534.0,188711.0,707.0
2023-03-02,7299509.0,72091.0,74950.0,63989.0,149257.0,56684.0,143205.0,12544.0,15873.0,9379944.0,36034.0,263827.0,1888.0,5069.0,4639.0,566937.0,12883.0
2023-03-03,4622687.0,25916.0,145022.0,115632.0,131518.0,124964.0,176213.0,28757.0,11551.0,2027239.0,614219.0,147471.0,5777.0,2641.0,6115.0,753978.0,28107.0
2023-03-06,4586106.0,14805.0,110238.0,106521.0,116378.0,78817.0,179335.0,38106.0,7296.0,1034840.0,137316.0,72796.0,14704.0,20770.0,21462.0,1317600.0,24707.0
2023-03-07,3520665.0,43472.0,76071.0,244753.0,163197.0,59209.0,576893.0,47141.0,10295.0,1692401.0,189079.0,119437.0,433507.0,34097.0,11005.0,326382.0,6646.0
2023-03-08,2735097.0,313406.0,81977.0,132869.0,280568.0,174439.0,146765.0,42346.0,39246.0,6514205.0,186258.0,65228.0,80342.0,37853.0,3392.0,171138.0,8081.0
2023-03-09,3896396.0,22375.0,41024.0,51498.0,727890.0,94483.0,184923.0,23695.0,7545.0,2983219.0,122545.0,160806.0,200.0,18801.0,13015.0,379819.0,6977.0
2023-03-10,5144534.0,31865.0,31947.0,234544.0,194925.0,349923.0,157646.0,97477.0,1474.0,4052590.0,98067.0,50846.0,347.0,11115.0,157.0,1191615.0,8047.0
2023-03-13,4864747.0,121123.0,100410.0,221711.0,199345.0,122736.0,125553.0,26540.0,45259.0,1655481.0,111130.0,27684.0,2715.0,41904.0,1649.0,860832.0,2525.0
2023-03-14,8010652.0,26240.0,24939.0,115324.0,818696.0,39536.0,145037.0,19423.0,86483.0,4629833.0,82310.0,74811.0,12882.0,6791.0,51844.0,172250.0,645.0
2023-03-15,15027576.0,68856.0,73531.0,332036.0,993323.0,158954.0,120840.0,26991.0,138046.0,1974916.0,835907.0,85161.0,296424.0,21227.0,5702.0,621361.0,27589.0
2023-03-16,9236815.0,70231.0,6391.0,573747.0,174621.0,74883.0,398198.0,48873.0,20426.0,1792883.0,2808407.0,168106.0,130.0,1729.0,4655.0,1886471.0,4105.0
2023-03-17,7243872.0,859288.0,156069.0,2176660.0,20089398.0,45090.0,402841.0,24399.0,124351.0,7179812.0,678465.0,170343.0,7710.0,187369.0,10485.0,5069042.0,8330.0
2023-03-20,0.0,0.0,0.0,0.0,0.0,0.0,0.0,0.0,0.0,0.0,0.0,0.0,0.0,0.0,0.0,0.0,0.0
2023-03-21,2656243.0,3930863.0,88473.0,39248.0,1336107.0,96328.0,181893.0,13368.0,480.0,1559567.0,69033.0,39177.0,2527.0,122473.0,7250.0,156630.0,10775.0
2023-03-22,4543865.0,19873.0,78980.0,364963.0,336829.0,23650.0,277631.0,17636.0,831.0,1090002.0,56824.0,18498.0,4814.0,3329.0,35624.0,253688.0,27046.0
2023-03-23,8728507.0,16617.0,54832.0,79612.0,115918.0,19007.0,48792.0,49697.0,628.0,1429686.0,40386.0,25630.0,0.0,565235.0,60596.0,657906.0,3624.0
2023-03-24,2886134.0,20415.0,25516.0,749724.0,143366.0,26688.0,147367.0,15692.0,77561.0,6463468.0,2136811.0,46194.0,17131.0,11312.0,20483.0,196886.0,1212.0
2023-03-27,3538882.0,41190.0,25497.0,176114.0,169486.0,49414.0,125206.0,9067.0,10470.0,1832677.0,246634.0,13602.0,27729.0,226679.0,72692.0,1282472.0,8558.0
2023-03-28,2498340.0,7009.0,20409.0,335922.0,65160.0,5587.0,15889.0,9222.0,5723.0,6729993.0,442091.0,144316.0,34284.0,4872.0,16543.0,179196.0,4765.0
2023-03-29,2167508.0,13469.0,174406.0,279957.0,3026802.0,23108.0,81465.0,864.0,199270.0,8272610.0,142922.0,29929.0,28610.0,20623.0,7731.0,289544.0,496.0
2023-03-30,3071543.0,26835.0,62599.0,257571.0,4743855.0,34371.0,124012.0,29792.0,3672.0,8381789.0,140681.0,99116.0,512348.0,6970.0,13634.0,1848562.0,11178.0
2023-03-31,3719322.0,31423.0,52112.0,184777.0,431692.0,99785.0,61758.0,12250.0,282.0,1117735.0,162355.0,15256.0,11670.0,4592.0,10078.0,211965.0,2973.0
2023-04-03,9371127.0,4843.0,20951.0,101356.0,297620.0,12609.0,53692.0,1197.0,430.0,1057394.0,131574.0,6634.0,49604.0,105890.0,18900.0,33900.0,61010.0
2023-04-04,4966824.0,11666.0,80622.0,182872.0,490396.0,125937.0,30638.0,11270.0,530.0,1812938.0,48162.0,105719.0,153984.0,68679.0,9814.0,658709.0,5104.0
2023-04-05,1483413.0,7452.0,29546.0,203978.0,252390.0,49528.0,119219.0,26861.0,3249.0,1338752.0,172385.0,13346.0,59491.0,12919.0,25817.0,890554.0,53211.0
2023-04-06,0.0,0.0,0.0,0.0,0.0,0.0,0.0,0.0,0.0,0.0,0.0,0.0,0.0,0.0,0.0,0.0,0.0
2023-04-07,0.0,0.0,0.0,0.0,0.0,0.0,0.0,0.0,0.0,0.0,0.0,0.0,0.0,0.0,0.0,0.0,0.0
2023-04-10,2932430.0,7409.0,39735.0,168040.0,528457.0,39810.0,45810.0,8294.0,3084.0,480317.0,169997.0,107920.0,16949.0,23229.0,19570.0,1199278.0,52001.0
2023-04-11,5116689.0,25510.0,47703.0,476769.0,1112877.0,56276.0,303459.0,22130.0,7501.0,1098318.0,857380.0,68837.0,222042.0,28859.0,3319.0,1514093.0,72131.0
2023-04-12,6354579.0,12094.0,90798.0,443275.0,66801.0,13871.0,122893.0,18591.0,330.0,1093458.0,76726.0,255733.0,101211.0,26907.0,21925.0,2200434.0,2358.0
2023-04-13,1633921.0,5764360.0,42642.0,212905.0,131977.0,17132.0,139518.0,4898.0,4981.0,2251389.0,124938.0,82377.0,237787.0,22724.0,19636.0,77947.0,152814.0
2023-04-14,0.0,0.0,0.0,0.0,0.0,0.0,0.0,0.0,0.0,0.0,0.0,0.0,0.0,0.0,0.0,0.0,0.0
2023-04-17,4362363.0,5730.0,48176.0,168628.0,576499.0,43275.0,98098.0,26019.0,13417.0,3254037.0,171116.0,29972.0,27162.0,21615.0,19164.0,494552.0,6749.0
2023-04-18,4410073.0,15710.0,55440.0,101103.0,157652.0,96289.0,43536.0,48213.0,5257.0,3225233.0,80796.0,140533.0,203337.0,6797.0,6846.0,384451.0,157616.0
2023-04-19,2257821.0,401.0,53670.0,177613.0,230417.0,26614.0,23554.0,15150.0,1824.0,1565150.0,236076.0,12187.0,11745.0,12130.0,13670.0,325185.0,4977.0
2023-04-20,6702508.0,16684.0,107089.0,50687.0,135679.0,11808.0,16528.0,3624.0,2114.0,1650571.0,6339.0,14843.0,85490.0,850.0,9621.0,418249.0,1935.0
2023-04-21,4636042.0,2368.0,34392.0,132272.0,33170.0,34281.0,58199.0,17360.0,3085.0,2303311.0,330218.0,16986.0,19141.0,2511.0,17741.0,1450774.0,2532.0
2023-04-24,4944020.0,12344.0,20954.0,154885.0,75018.0,160649.0,52769.0,25991.0,3201.0,1444161.0,80564.0,66720.0,22833.0,3998.0,5382.0,213520.0,26575.0
2023-04-25,13644209.0,5583.0,12205.0,158950.0,80867.0,20909.0,151956.0,1235.0,4734.0,3181995.0,58330.0,49046.0,99088.0,5513.0,6955.0,251322.0,47860.0
2023-04-26,17871151.0,15562.0,52324.0,305162.0,155350.0,23314.0,47839.0,11415.0,892.0,2672707.0,94307.0,38211.0,11739.0,29142.0,3311.0,185061.0,47950.0
2023-04-27,7471579.0,7756.0,39687.0,279775.0,244364.0,9357.0,85560.0,11638.0,34461.0,7370134.0,33622.0,205655.0,9174.0,62916.0,12271.0,985614.0,40526.0
2023-04-28,5599669.0,28178.0,34385.0,240075.0,258935.0,88307.0,67217.0,24051.0,20330.0,2594291.0,144976.0,29150.0,866730.0,112258.0,20282.0,2272110.0,73654.0
2023-05-01,0.0,0.0,0.0,0.0,0.0,0.0,0.0,0.0,0.0,0.0,0.0,0.0,0.0,0.0,0.0,0.0,0.0
2023-05-02,13816971.0,63190.0,37410.0,323981.0,255843.0,5977.0,153623.0,2840.0,19760.0,4557434.0,121538.0,99183.0,8239.0,134367.0,7889.0,739586.0,9194.0
2023-05-03,8038527.0,73066.0,33304.0,256830.0,157557.0,10736.0,117583.0,15505.0,32792.0,1933970.0,130867.0,25567.0,16336.0,29048.0,5754.0,809282.0,7767.0
2023-05-04,9881513.0,34572.0,9640.0,215288.0,151873.0,7867.0,88864.0,16037.0,9092.0,2214331.0,107467.0,77089.0,101432.0,30406.0,2093.0,41779.0,2489.0
2023-05-05,5986789.0,28124.0,22458.0,186284.0,50900.0,12846.0,34393.0,28679.0,6527.0,618037.0,39376.0,3658.0,104103.0,42629.0,5114.0,425522.0,8495.0
2023-05-08,2877842.0,34029.0,33582.0,603058.0,977516.0,20028.0,14728.0,437.0,11506.0,129988.0,41297.0,131651.0,35000.0,4866.0,8059.0,112631.0,15341.0
2023-05-09,3485287.0,7720.0,3948.0,171632.0,39265.0,5813.0,29533.0,547.0,802.0,61480.0,54521.0,15274.0,1205.0,5371.0,5020.0,94462.0,1229.0
2023-05-10,1632876.0,245.0,35907.0,201962.0,69408.0,21301.0,190231.0,210543.0,10453.0,507405.0,2261.0,230003.0,1724.0,1969.0,780.0,326441.0,5292.0
2023-05-11,5735378.0,2632.0,61963.0,220495.0,736774.0,22354.0,71672.0,21086.0,1645.0,695189.0,52085.0,46134.0,18709.0,3403.0,2838.0,252871.0,6730.0
2023-05-12,4617782.0,96081.0,44197.0,178021.0,184930.0,35959.0,149060.0,22471.0,13005.0,740808.0,124461.0,31702.0,8678.0,4641.0,2637.0,312317.0,4217.0
2023-05-15,1896365.0,20792.0,23285.0,288445.0,23034.0,6615.0,334721.0,13701.0,993.0,377052.0,3841.0,9281.0,52540.0,3761.0,10068.0,183052.0,1154.0
2023-05-16,2894034.0,5427.0,27343.0,100330.0,65067.0,6759.0,105915.0,24754.0,56.0,408545.0,4153.0,46140.0,0.0,6265.0,5908.0,89888.0,473.0
2023-05-17,3505405.0,17582.0,25269.0,129600.0,118041.0,4600.0,28384.0,36082.0,188.0,234904.0,25814.0,3849.0,2148.0,433.0,3697.0,125483.0,1947.0
2023-05-18,2979190.0,28761.0,23100.0,204110.0,300594.0,1024.0,237065.0,29513.0,1373.0,628322.0,42389.0,2739.0,2076.0,3576.0,1000.0,375777.0,1458.0
2023-05-19,2164202.0,118.0,38499.0,45149.0,130405.0,60504.0,22349.0,853.0,211.0,280303.0,26867.0,16738.0,46645.0,599.0,1776.0,47842.0,397.0
2023-05-22,0.0,0.0,0.0,0.0,0.0,0.0,0.0,0.0,0.0,0.0,0.0,0.0,0.0,0.0,0.0,0.0,0.0
2023-05-23,2039006.0,800.0,11115.0,227737.0,86540.0,17850.0,42799.0,33350.0,1205.0,931288.0,14736.0,49630.0,95547.0,11240.0,1432.0,55149.0,5267.0
2023-05-24,1375488.0,1003.0,33681.0,56687.0,20955.0,39831.0,35509.0,18596.0,482.0,175225.0,27691.0,29096.0,6016.0,6139.0,7826.0,54018.0,3181.0
2023-05-25,1853350.0,0.0,0.0,181248.0,58310.0,10517.0,0.0,0.0,117.0,249684.0,11846.0,11518.0,19136.0,0.0,7543.0,215777.0,4385.0
2023-05-26,992708.0,0.0,0.0,120791.0,31753.0,16052.0,0.0,0.0,137.0,271693.0,32704.0,36933.0,13525.0,0.0,4002.0,1199454.0,11028.0
2023-05-29,294344.0,0.0,0.0,69246.0,108118.0,2773.0,0.0,0.0,835.0,125413.0,4837.0,32449.0,10217.0,0.0,5839.0,48493.0,2084.0
2023-05-30,5553440.0,0.0,0.0,208541.0,271909.0,24274.0,0.0,0.0,983.0,422338.0,33679.0,36640.0,953.0,0.0,4387.0,276091.0,10562.0
2023-05-31,3241967.0,0.0,0.0,2527866.0,1084947.0,17082.0,0.0,0.0,22390.0,1062628.0,382727.0,1043278.0,37742.0,0.0,17502.0,1320487.0,316523.0
2023-06-01,1730206.0,0.0,0.0,136384.0,913329.0,91247.0,0.0,0.0,16534.0,1684049.0,113625.0,85999.0,2178.0,0.0,5749.0,388280.0,526603.0
2023-06-02,2059397.0,0.0,0.0,241778.0,2517815.0,20087.0,0.0,0.0,4355.0,2306002.0,469191.0,25202.0,223442.0,0.0,3408.0,436713.0,24143.0
2023-06-05,1646721.0,0.0,0.0,38513.0,546660.0,79349.0,0.0,0.0,230849.0,2333812.0,69281.0,29295.0,57056.0,0.0,11248.0,501960.0,74494.0
2023-06-06,2777808.0,0.0,0.0,270244.0,1085969.0,114049.0,0.0,0.0,16537.0,9278297.0,419961.0,103770.0,131450.0,0.0,10788.0,2210299.0,108648.0
2023-06-07,2716894.0,0.0,0.0,131662.0,551580.0,49790.0,0.0,0.0,16768.0,1263287.0,414824.0,57873.0,668773.0,0.0,7190.0,716864.0,40049.0
2023-06-08,3050800.0,0.0,0.0,73353.0,598101.0,34246.0,0.0,0.0,1153.0,563523.0,47867.0,33322.0,5113.0,0.0,3453.0,270698.0,20488.0
2023-06-09,0.0,0.0,0.0,0.0,0.0,0.0,0.0,0.0,0.0,0.0,0.0,0.0,0.0,0.0,0.0,0.0,0.0
2023-06-12,0.0,0.0,0.0,0.0,0.0,0.0,0.0,0.0,0.0,0.0,0.0,0.0,0.0,0.0,0.0,0.0,0.0
2023-06-13,1997559.0,0.0,0.0,146051.0,159263.0,144942.0,0.0,0.0,289.0,632977.0,102227.0,124109.0,33609.0,0.0,18789.0,308115.0,25176.0
2023-06-14,1530465.0,0.0,0.0,472820.0,1803795.0,62301.0,0.0,0.0,1374.0,635583.0,50415.0,177312.0,131461.0,0.0,3692.0,236368.0,43452.0
2023-06-15,2787163.0,0.0,0.0,459949.0,165304.0,35402.0,0.0,0.0,1335.0,671884.0,48336.0,12622.0,25908.0,0.0,11156.0,102690.0,9529.0
2023-06-16,9259418.0,84643.0,680639.0,1071480.0,96266.0,144830.0,1088877.0,292016.0,2887.0,3867291.0,39761.0,8685.0,91711.0,73692.0,6389.0,510777.0,149663.0
2023-06-19,0.0,0.0,0.0,0.0,0.0,0.0,0.0,0.0,0.0,0.0,0.0,0.0,0.0,0.0,0.0,0.0,0.0
2023-06-20,5475954.0,38448.0,119985.0,407777.0,221063.0,34359.0,614842.0,74906.0,269.0,744563.0,151399.0,8254.0,153289.0,10631.0,3874.0,275424.0,45752.0
2023-06-21,4023686.0,564.0,51287.0,201950.0,86727.0,18463.0,180443.0,17632.0,4053.0,89520.0,28878.0,11101.0,10120.0,48575.0,2012.0,785621.0,4760.0
2023-06-22,2222590.0,6177.0,63093.0,100339.0,575844.0,23466.0,90539.0,31353.0,5.0,1874857.0,33565.0,5631.0,12707.0,1853.0,2814.0,89438.0,10662.0
2023-06-23,2057088.0,41766.0,43309.0,173066.0,52931.0,28602.0,55268.0,70314.0,2178.0,1157003.0,6942.0,3912.0,5904.0,969.0,2191.0,228560.0,171.0
2023-06-26,1250225.0,13677.0,86373.0,146187.0,3614.0,3740.0,40683.0,13580.0,3869.0,298813.0,7898.0,11573.0,26948.0,16023.0,7109.0,374201.0,1375.0
2023-06-27,2534263.0,4731.0,50158.0,220394.0,173823.0,48949.0,53514.0,16156.0,2427.0,5733966.0,86549.0,63081.0,29207.0,20726.0,4109.0,505532.0,8935.0
2023-06-28,1729947.0,493.0,5249.0,89459.0,14678.0,6146.0,24831.0,3858.0,351.0,181931.0,28577.0,10975.0,1142912.0,466.0,10103.0,116838.0,1103.0
2023-06-29,3885081.0,707.0,109436.0,113308.0,272215.0,52487.0,302571.0,33738.0,517.0,1019448.0,9595.0,23615.0,191022.0,1898.0,1261.0,652147.0,4461.0
2023-06-30,2786231.0,11662.0,9599.0,122418.0,300418.0,29525.0,66245.0,23790.0,307.0,125754.0,61963.0,10040.0,34391.0,4886.0,2402.0,378974.0,1131.0
2023-07-03,0.0,0.0,0.0,0.0,0.0,0.0,0.0,0.0,0.0,0.0,0.0,0.0,0.0,0.0,0.0,0.0,0.0
2023-07-04,242094.0,490.0,19810.0,53473.0,51430.0,30231.0,46970.0,21550.0,3467.0,221053.0,28642.0,956.0,200501.0,5475.0,1505.0,212077.0,1308.0
2023-07-05,1698983.0,917.0,18783.0,834694.0,214317.0,23098.0,77440.0,86200.0,10242.0,432658.0,65022.0,3447.0,1303.0,36465.0,5346.0,535183.0,424.0
2023-07-06,1362332.0,1464.0,35007.0,379541.0,156153.0,71615.0,105000.0,33476.0,2581.0,1764513.0,31055.0,34147.0,0.0,3796.0,3705.0,81403.0,48909.0
2023-07-07,4169861.0,4838.0,39997.0,279703.0,327086.0,79525.0,92068.0,32447.0,2801.0,1688614.0,71193.0,7436.0,43824.0,13144.0,3957.0,5398235.0,9340.0
2023-07-10,2674017.0,12559.0,10706.0,129993.0,240726.0,51709.0,65470.0,12140.0,6979.0,107643.0,48618.0,3190.0,4487.0,7849.0,2667.0,100117.0,12088.0
2023-07-11,8395624.0,26164.0,24814.0,211684.0,377486.0,15781.0,313918.0,16418.0,8945.0,714626.0,244429.0,61592.0,2842.0,20448.0,824.0,1039755.0,3042.0
2023-07-12,2811015.0,5671.0,85584.0,470887.0,114706.0,68990.0,184290.0,35396.0,34644.0,235181.0,162697.0,13562.0,20495.0,38833.0,4061.0,205747.0,7828.0
2023-07-13,5176500.0,4246.0,69865.0,296298.0,259281.0,19399.0,100586.0,27445.0,13147.0,898846.0,172335.0,26472.0,13344.0,3174.0,3666.0,360342.0,3602.0
2023-07-14,3534854.0,1115.0,84563.0,512540.0,127720.0,16597.0,79942.0,11421.0,2029.0,146736.0,32893.0,18079.0,2850.0,66754.0,3316.0,193999.0,7922.0
2023-07-17,1900688.0,56833.0,127254.0,115754.0,390828.0,73433.0,134914.0,10960.0,5203.0,1050338.0,62755.0,5021.0,2718.0,5104.0,847.0,169532.0,6052.0
2023-07-18,974314.0,2624.0,35391.0,82071.0,1302819.0,94621.0,181429.0,77098.0,1990.0,6962124.0,51881.0,6659.0,447168.0,195.0,14983.0,567801.0,5261.0
2023-07-19,3890027.0,12555.0,30512.0,247152.0,447840.0,17682.0,128472.0,78801.0,7404.0,3492818.0,195784.0,16559.0,130890.0,13058.0,3312.0,1629767.0,9629.0
2023-07-20,0.0,0.0,0.0,0.0,0.0,0.0,0.0,0.0,0.0,0.0,0.0,0.0,0.0,0.0,0.0,0.0,0.0
2023-07-21,2083141.0,15369.0,14820.0,192379.0,206186.0,49812.0,98397.0,34898.0,5292.0,736658.0,104471.0,86839.0,21605.0,10262.0,6416.0,357963.0,9196.0
2023-07-24,4709605.0,4869.0,25282.0,79294.0,343243.0,12538.0,100850.0,11173.0,3851.0,248988.0,54919.0,20190.0,331735.0,385.0,3388.0,224616.0,4682.0
2023-07-25,10164221.0,1240.0,68912.0,111484.0,158622.0,9964.0,99804.0,25698.0,1773.0,374895.0,31492.0,45229.0,40791.0,1013.0,4986.0,251235.0,115.0
2023-07-26,3579686.0,4005.0,137603.0,228514.0,313723.0,15620.0,95822.0,827840.0,9346.0,9477658.0,107190.0,22655.0,69744.0,3698.0,7574.0,824438.0,3528.0
2023-07-27,2183614.0,2438.0,41194.0,199869.0,1433562.0,15118.0,86991.0,17771.0,2991.0,145332.0,80395.0,19901.0,1537170.0,3657.0,4148.0,793603.0,481.0
2023-07-28,2395808.0,17223.0,37551.0,29441.0,124864.0,3968.0,265895.0,14252.0,1671.0,41412.0,4348.0,2900.0,212236.0,14702.0,4259.0,451922.0,1511.0
2023-07-31,0.0,0.0,0.0,0.0,0.0,0.0,0.0,0.0,0.0,0.0,0.0,0.0,0.0,0.0,0.0,0.0,0.0
2023-08-01,2997101.0,10322.0,34042.0,76797.0,119856.0,45859.0,67684.0,13769.0,186.0,328786.0,26653.0,23989.0,94308.0,21296.0,3959.0,416118.0,8290.0
2023-08-02,2962515.0,577.0,29587.0,196205.0,140495.0,12797.0,228997.0,3031.0,254.0,1162226.0,128756.0,9552.0,3564609.0,1209.0,3785.0,457106.0,1433.0
2023-08-03,6699148.0,9189.0,27388.0,64767.0,98031.0,21501.0,145110.0,19655.0,3135.0,1190019.0,112597.0,13392.0,681875.0,3562.0,5381.0,189272.0,4068.0
2023-08-04,0.0,0.0,0.0,0.0,0.0,0.0,0.0,0.0,0.0,0.0,0.0,0.0,0.0,0.0,0.0,0.0,0.0
2023-08-07,0.0,0.0,0.0,0.0,0.0,0.0,0.0,0.0,0.0,0.0,0.0,0.0,0.0,0.0,0.0,0.0,0.0
2023-08-08,2835644.0,6285.0,44482.0,161024.0,128202.0,18233.0,132391.0,4011.0,2015.0,1448531.0,51675.0,1602.0,728268.0,105.0,1000.0,38799.0,1242.0
2023-08-09,8513993.0,3807.0,52203.0,372041.0,95004.0,32805.0,65988.0,11691.0,8167.0,925436.0,249361.0,9669.0,130665.0,6748.0,33908.0,969501.0,11583.0
2023-08-10,2157838.0,11042.0,73097.0,118139.0,285080.0,25107.0,31162.0,1663.0,10362.0,805768.0,91090.0,18608.0,2210.0,13605.0,4291.0,385066.0,6694.0
2023-08-11,4085.0,124826280.0,488694870.0,687764106.0,511381808.0,46137501.0,973811570.0,58136050.0,116396330.0,339261555.0,320070719.0,406840620.0,65934150.0,406637989.0,21328930.0,431017026.0,59266628.0
2023-08-14,1327110.0,378.0,35118.0,88118.0,203166.0,78456.0,132435.0,174994.0,4377.0,1510024.0,27505.0,858.0,37629.0,4828.0,2562.0,632993.0,902.0
2023-08-15,2308542.0,2129.0,3187.0,54953.0,370333.0,9451.0,125613.0,32123.0,837.0,323541.0,44609.0,70190.0,7280.0,9994.0,6062.0,319993.0,9159.0
2023-08-16,3670828.0,9723.0,34537.0,233167.0,155545.0,46711.0,83676.0,25333.0,1005.0,5681962.0,47109.0,30051.0,10150.0,33428.0,10841.0,587678.0,4671.0
2023-08-17,589643.0,4209.0,28187.0,673660.0,108509.0,11710.0,105810.0,27331.0,1011.0,523578.0,37970.0,3314.0,29549.0,1766.0,3058.0,123695.0,3105.0
2023-08-18,1326201.0,1919.0,73126.0,147170.0,188359.0,157717.0,62674.0,15278.0,750.0,392827.0,60734.0,7764.0,167719.0,3234.0,2221.0,189255.0,3932.0
2023-08-21,0.0,0.0,0.0,0.0,0.0,0.0,0.0,0.0,0.0,0.0,0.0,0.0,0.0,0.0,0.0,0.0,0.0
2023-08-22,2365736.0,10865.0,91800.0,296569.0,234043.0,3861.0,114690.0,16787.0,397.0,1732017.0,55249.0,183186.0,120812.0,15871.0,4887.0,495058.0,5684.0
2023-08-23,1838690.0,1473.0,49936.0,266518.0,201950.0,42945.0,62099.0,41943.0,551.0,723217.0,78981.0,58048.0,692592.0,3180.0,893649.0,637611.0,3347.0
2023-08-24,4138161.0,4997.0,50502.0,142391.0,197254.0,157233.0,52138.0,29176.0,4812.0,4161130.0,36277.0,31360.0,11119.0,24377.0,2573.0,489664.0,4752.0
2023-08-25,7548139.0,7896.0,34124.0,110793.0,243904.0,7780.0,75772.0,27202.0,3591.0,1322746.0,54457.0,38310.0,50556.0,21218.0,20502.0,166996.0,13735.0
2023-08-28,5446812.0,3432.0,26569.0,76990.0,233829.0,22262.0,280785.0,12167.0,201.0,144363.0,21640.0,25513.0,10074.0,115.0,2930.0,239763.0,7257.0
2023-08-29,5360637.0,9244.0,27123.0,283968.0,556351.0,46965.0,161823.0,50487.0,3373.0,1264819.0,511259.0,32354.0,53946.0,34530.0,4641.0,433119.0,13385.0
2023-08-30,4698598.0,13421.0,30210.0,88387.0,498012.0,21244.0,137333.0,40372.0,7601.0,2184896.0,151276.0,25873.0,13968.0,4248.0,6141.0,284095.0,7178.0
2023-08-31,8043923.0,22335.0,98971.0,899504.0,19385969.0,155347.0,4346280.0,138170.0,6234.0,27882450.0,460100.0,885069.0,32602.0,109023.0,5968.0,2157381.0,12748.0
2023-09-01,988501.0,36576.0,44444.0,660817.0,3845342.0,309512.0,1265662.0,85478.0,12223.0,326073.0,127853.0,409283.0,7412.0,7324.0,4754.0,131564.0,8109.0
2023-09-04,264509.0,34567.0,4680.0,32857.0,252821.0,11218.0,125444.0,34883.0,3998.0,28468.0,127321.0,8693.0,0.0,103.0,1603.0,12499.0,4828.0
2023-09-05,3513747.0,21829.0,11459.0,409157.0,220487.0,17233.0,180583.0,28947.0,5896.0,114228.0,104813.0,16381.0,2888.0,3125.0,2307.0,224864.0,11203.0
2023-09-06,4406266.0,32877.0,74510.0,195294.0,816033.0,229681.0,151737.0,36770.0,13736.0,662952.0,149773.0,47513.0,21006.0,7746.0,12203.0,414140.0,53550.0
2023-09-07,3539191.0,46254.0,58571.0,179901.0,9534074.0,1171210.0,1340490.0,83738.0,8090.0,3866876.0,199065.0,40242.0,46055.0,13365.0,9070.0,1264743.0,26608.0
2023-09-08,3378947.0,7879.0,16500.0,118123.0,1467550.0,226773.0,462335.0,95802.0,3061.0,489643.0,105333.0,16032.0,6947.0,3885.0,1593.0,247171.0,30257.0
2023-09-11,2430673.0,6204.0,5731.0,677189.0,117670.0,69215.0,202181.0,46772.0,11133.0,148837.0,92974.0,64758.0,60618.0,153.0,437.0,82877.0,2337.0
2023-09-12,5899237.0,24140.0,2032.0,1128022.0,1089662.0,54090.0,362849.0,47522.0,8490.0,2898051.0,104052.0,99133.0,0.0,26844.0,374.0,440127.0,42727.0
2023-09-13,2775262.0,17646.0,29166.0,636761.0,528927.0,148590.0,4648023.0,40417.0,63960.0,723454.0,45852.0,77745.0,0.0,4495.0,662.0,2641268.0,16042.0
2023-09-14,4456154.0,306658.0,19535.0,62299.0,1495085.0,49295.0,174587.0,12525.0,254169.0,1460180.0,76742.0,341192.0,3789.0,68751.0,144.0,2156166.0,25130.0
2023-09-15,8248170.0,262799.0,2300069.0,2319191.0,2053445.0,690936.0,579481.0,13485.0,158150.0,19045758.0,783828.0,356990.0,14695.0,160714.0,10361.0,5086238.0,9154.0
2023-09-18,2094746.0,254009.0,204571.0,59854.0,265169.0,43113.0,320140.0,69215.0,5732.0,3539753.0,83830.0,102182.0,32643.0,7798.0,5693.0,865160.0,13234.0
2023-09-19,5320123.0,7765.0,81207.0,391767.0,72565.0,16847.0,99770.0,29565.0,31923.0,1618503.0,242941.0,23743.0,3389.0,4697.0,11912.0,238290.0,6045.0
2023-09-20,7651789.0,16745.0,258705.0,148699.0,177721.0,18477.0,342877.0,18150.0,4263.0,5806646.0,117554.0,24900.0,186.0,565.0,4217.0,130826.0,12860.0
2023-09-21,6845300.0,5670.0,21301.0,301972.0,229250.0,97027.0,169634.0,23507.0,8460.0,245883.0,95798.0,4902.0,3273.0,87.0,7705.0,213693.0,4050.0
2023-09-22,12185823.0,8685.0,105969.0,125067.0,341503.0,182868.0,148180.0,20082.0,8093.0,264407.0,14234.0,117.0,8254.0,92.0,7200.0,1676746.0,6147.0
2023-09-25,9026013.0,30381.0,115612.0,516277.0,59072.0,197565.0,137502.0,27949.0,2495.0,1478669.0,99599.0,4784.0,500.0,39.0,12388.0,87931.0,31604.0
2023-09-26,15081201.0,5436.0,53437.0,303486.0,736494.0,201644.0,340194.0,48421.0,2681.0,77913.0,111266.0,32602.0,0.0,52.0,10169.0,490379.0,3897.0
2023-09-27,13683348.0,5933.0,568720.0,557509.0,619562.0,224974.0,346548.0,76054.0,1657.0,11810345.0,305085.0,43529.0,26293.0,21432.0,2994.0,766021.0,24589.0
2023-09-28,6752718.0,16484.0,268331.0,146385.0,4004655.0,268932.0,484445.0,120132.0,4724.0,384018.0,215516.0,23150.0,73799.0,7878.0,12642.0,187729.0,11246.0
2023-09-29,5947252.0,32637.0,178832.0,178828.0,3534921.0,426417.0,291574.0,47480.0,7231.0,5625385.0,299453.0,32108.0,74451.0,3408.0,11754.0,384957.0,5107.0
2023-10-02,7263625.0,61930.0,41335.0,304565.0,386382.0,84657.0,121116.0,47040.0,585.0,770867.0,136753.0,7341.0,15000.0,5969.0,7582.0,30612.0,2466.0
2023-10-03,3929995.0,6280.0,65212.0,275865.0,834528.0,45847.0,675222.0,48125.0,7727.0,1580376.0,54279.0,27701.0,10175.0,5234.0,11771.0,222561.0,17154.0
2023-10-04,6808446.0,6381.0,61674.0,75374.0,304041.0,31356.0,611517.0,19740.0,2097.0,12197468.0,126324.0,4569.0,30000.0,66439.0,4948.0,115661.0,2303.0
2023-10-05,2323044.0,30949.0,40735.0,181297.0,254705.0,47186.0,100712.0,32244.0,2038.0,95788.0,245162.0,9649.0,13082.0,141406.0,1475.0,25183.0,1127.0
2023-10-06,5006039.0,11079.0,71847.0,70602.0,293794.0,70940.0,104177.0,39942.0,1105.0,312127.0,125173.0,25693.0,6488.0,10973.0,45697.0,983173.0,1146.0
2023-10-09,9458486.0,3325.0,45708.0,48391.0,988553.0,31015.0,104811.0,48204.0,1732.0,20879.0,171753.0,773.0,483134.0,202.0,11347.0,267045.0,3926.0
2023-10-10,1472519.0,1185.0,22442.0,167572.0,369258.0,60086.0,137683.0,93532.0,274.0,14743.0,426180.0,836.0,321692.0,603.0,3071.0,119888.0,335.0
2023-10-11,4191759.0,2092.0,8345.0,336706.0,294743.0,227519.0,106710.0,19642.0,1642.0,180566.0,226018.0,4551.0,84235.0,143.0,1557.0,326766.0,5203.0
2023-10-12,8764499.0,3234.0,6900.0,113166.0,828533.0,93323.0,178584.0,38493.0,1323.0,128622.0,263919.0,33300.0,15407.0,714.0,739.0,353675.0,5397.0
2023-10-13,6325395.0,4514.0,7172.0,118157.0,175256.0,72083.0,101247.0,15903.0,1183.0,99583.0,42071.0,14068.0,9720.0,3890.0,3240.0,164295.0,1442.0
2023-10-16,0.0,0.0,0.0,0.0,0.0,0.0,0.0,0.0,0.0,0.0,0.0,0.0,0.0,0.0,0.0,0.0,0.0
2023-10-17,1474056.0,18616.0,19465.0,109030.0,891007.0,86077.0,130146.0,58706.0,2069.0,3139667.0,861603.0,19006.0,69293.0,5846.0,14788.0,331664.0,12157.0
2023-10-18,3205582.0,8652.0,56492.0,200362.0,1598866.0,99507.0,129188.0,26480.0,2033.0,340586.0,203125.0,5838.0,106737.0,15492.0,2888.0,205616.0,5463.0
2023-10-19,5958099.0,15672.0,148548.0,150404.0,891042.0,62306.0,106976.0,49545.0,3526.0,532231.0,257452.0,12703.0,100273.0,11527.0,15275.0,294720.0,8874.0
2023-10-20,7005109.0,16920.0,28248.0,267701.0,168603.0,52057.0,129907.0,19736.0,2528.0,517872.0,523266.0,9554.0,27190.0,27969.0,10810.0,396847.0,10681.0
2023-10-23,2671569.0,10879.0,21184.0,75084.0,529672.0,44249.0,95001.0,16846.0,4726.0,119308.0,113991.0,4641.0,16224.0,4815.0,4157.0,145881.0,13973.0
2023-10-24,2457161.0,11447.0,40708.0,45517.0,187575.0,21423.0,101553.0,26476.0,1668.0,420881.0,29450.0,6031.0,144721.0,185.0,7677.0,3059528.0,4049.0
2023-10-25,1636778.0,6078.0,4925.0,81564.0,284610.0,12378.0,50174.0,9468.0,2478.0,113195.0,37828.0,699.0,0.0,22599.0,3452.0,137443.0,1806.0
2023-10-26,3692565.0,4821.0,24447.0,280505.0,1317792.0,17376.0,34994.0,12712.0,1662.0,292365.0,92407.0,14553.0,138717.0,37867.0,2179.0,301394.0,3287.0
2023-10-27,1191949.0,5707.0,4985.0,325817.0,55274.0,45064.0,237333.0,9052.0,1123.0,351982.0,88136.0,24376.0,182254.0,11395.0,9600.0,181358.0,10499.0
2023-10-30,2829265.0,15302.0,43589.0,114894.0,65909.0,62229.0,48415.0,24262.0,7298.0,332711.0,112962.0,40334.0,184526.0,14903.0,2683.0,242559.0,2744.0
2023-10-31,5020434.0,7775.0,22643.0,147541.0,180029.0,20411.0,36265.0,6812.0,4348.0,551391.0,8620.0,1591.0,201100.0,77.0,9095.0,3632949.0,10448.0
2023-11-01,6001824.0,12201.0,28017.0,130996.0,66364.0,17254.0,220288.0,11180.0,3738.0,1262629.0,151646.0,44769.0,1221.0,2167.0,1143.0,208756.0,65545.0
2023-11-02,1228867.0,7135.0,6631.0,54147.0,163895.0,11801.0,12728.0,70846.0,1278.0,1931546.0,25523.0,709717.0,380.0,6094.0,5061.0,102171.0,52330.0
2023-11-03,2410303.0,7516.0,26569.0,185328.0,91883.0,34332.0,23113.0,112709.0,4812.0,306022.0,22827.0,66746.0,201490.0,30223.0,5128.0,221077.0,13469.0
2023-11-06,0.0,0.0,0.0,0.0,0.0,0.0,0.0,0.0,0.0,0.0,0.0,0.0,0.0,0.0,0.0,0.0,0.0
2023-11-07,7028953.0,3613.0,6689.0,187673.0,624381.0,25244.0,303495.0,86470.0,3001.0,974898.0,56228.0,2671.0,1325.0,5290.0,4234.0,185949.0,2682.0
2023-11-08,3140392.0,6147.0,18423.0,65701.0,396397.0,266180.0,136305.0,11240.0,1320.0,337025.0,30558.0,9159.0,267888.0,100.0,4627.0,88386.0,3678.0
2023-11-09,3248223.0,4709.0,59092.0,124274.0,252343.0,37166.0,150948.0,19121.0,2978.0,1858573.0,57946.0,4313.0,3371.0,211.0,6818.0,13793.0,714.0
2023-11-10,2714615.0,16852.0,71304.0,197106.0,321402.0,93980.0,633523.0,15160.0,2169.0,373168.0,86449.0,8331.0,0.0,3332.0,3560.0,52475.0,5847.0
2023-11-13,0.0,0.0,0.0,0.0,0.0,0.0,0.0,0.0,0.0,0.0,0.0,0.0,0.0,0.0,0.0,0.0,0.0
2023-11-14,2136750.0,2347.0,48893.0,191875.0,565722.0,59797.0,440118.0,65082.0,1126.0,144215.0,37713.0,6023.0,229585.0,3369.0,38550.0,93084.0,1167.0
2023-11-15,5642606.0,4774.0,10139.0,410070.0,181724.0,38829.0,137799.0,15446.0,1183.0,237991.0,120809.0,4436.0,108814.0,5737.0,12364.0,114170.0,10060.0
2023-11-16,7083452.0,8407.0,16520.0,309314.0,1642178.0,54181.0,195993.0,29201.0,1908.0,1119457.0,59807.0,19423.0,20000.0,2518.0,25637.0,75221.0,134.0
2023-11-17,15778986.0,7432.0,27554.0,229176.0,6335718.0,78884.0,523099.0,16262.0,11042.0,340768.0,338030.0,37104.0,16653.0,114432.0,11649.0,976067.0,39229.0
2023-11-20,4925112.0,13816.0,40945.0,213241.0,697746.0,54086.0,138008.0,18171.0,8983.0,712795.0,83496.0,18868.0,125694.0,6669.0,3576.0,803456.0,61896.0
2023-11-21,3394906.0,21466.0,9727.0,117724.0,631978.0,70593.0,810349.0,38503.0,13518.0,104530.0,257695.0,23075.0,5292.0,6489.0,15829.0,278800.0,650.0
2023-11-22,3351513.0,27430.0,36906.0,244624.0,347862.0,88123.0,483600.0,17788.0,8773.0,278314.0,226432.0,220294.0,439.0,1037.0,3663.0,479834.0,5129.0
2023-11-23,685504.0,5039.0,35800.0,252668.0,541833.0,39629.0,224151.0,13545.0,2498.0,142889.0,77620.0,9580.0,10696.0,893.0,1251.0,272520.0,2148.0
2023-11-24,6234950.0,14022.0,15304.0,333701.0,370130.0,46230.0,115611.0,14749.0,1810.0,151702.0,471498.0,5671.0,50000.0,192.0,325.0,270357.0,7978.0
2023-11-27,3056721.0,7020.0,32735.0,342329.0,2730690.0,28293.0,235356.0,10308.0,2049.0,64628.0,72330.0,44632.0,6307.0,2394.0,8119.0,625229.0,13881.0
2023-11-28,1439171.0,8457.0,74191.0,171786.0,1329441.0,52019.0,355343.0,16361.0,2798.0,259360.0,77970.0,11296.0,16275.0,69249.0,11258.0,1879178.0,47995.0
2023-11-29,2550560.0,33574.0,139051.0,568118.0,684921.0,97549.0,720024.0,29846.0,7069.0,975983.0,71059.0,27935.0,8837.0,5431.0,2828.0,328147.0,22765.0
2023-11-30,2879024.0,8124.0,151931.0,2180442.0,767056.0,75764.0,469186.0,59930.0,2266.0,891031.0,2056271.0,34897.0,7483.0,106349.0,16661.0,274470.0,6179.0
2023-12-01,1148199.0,8370.0,30256.0,236859.0,2391705.0,66908.0,109301.0,13178.0,1529.0,117040.0,81621.0,889.0,407.0,0.0,2422.0,286701.0,6930.0
2023-12-04,2766644.0,10734.0,69639.0,326892.0,268325.0,79340.0,413271.0,32722.0,3721.0,677493.0,127784.0,13340.0,18315.0,0.0,8447.0,306370.0,14807.0
2023-12-05,4096468.0,5503.0,53392.0,315082.0,199348.0,32455.0,357290.0,56735.0,1691.0,339055.0,150678.0,6707.0,23070.0,0.0,3182.0,677026.0,6800.0
2023-12-06,4633742.0,10312.0,96245.0,145288.0,122992.0,31681.0,254813.0,23531.0,3745.0,339535.0,78868.0,11669.0,9990.0,580.0,2715.0,485418.0,7420.0
2023-12-07,3090924.0,2297.0,0.0,279730.0,333411.0,80256.0,279409.0,8665.0,330.0,762989.0,59847.0,21192.0,215142.0,1700.0,8580.0,559692.0,10419.0
2023-12-08,0.0,0.0,0.0,0.0,0.0,0.0,0.0,0.0,0.0,0.0,0.0,0.0,0.0,0.0,0.0,0.0,0.0
2023-12-11,3834050.0,754.0,15930.0,184309.0,1113638.0,117125.0,178374.0,24774.0,6289.0,214018.0,113570.0,29160.0,467989.0,2878.0,2977.0,439350.0,9740.0
2023-12-12,3633423.0,10626.0,114160.0,152471.0,582216.0,148718.0,419964.0,102891.0,5153.0,624431.0,349674.0,33726.0,334329.0,0.0,2845.0,418158.0,5238.0
2023-12-13,4871093.0,13948.0,25151.0,424543.0,1032331.0,54444.0,329773.0,30964.0,7266.0,1341875.0,965107.0,20250.0,135712.0,0.0,7103.0,715835.0,14913.0
2023-12-14,6758435.0,6612.0,61926.0,581016.0,474545.0,156398.0,375718.0,79268.0,4217.0,637300.0,822843.0,56762.0,287950.0,0.0,4381.0,1120828.0,46965.0
2023-12-15,5102460.0,10682.0,103224.0,1411651.0,1234067.0,215872.0,289535.0,31681.0,2602.0,2470911.0,219113.0,47406.0,22297.0,0.0,7661.0,308605.0,43295.0
2023-12-18,2216390.0,1818.0,115551.0,126705.0,589276.0,50358.0,333420.0,80558.0,584.0,838138.0,270199.0,30484.0,39047.0,25229.0,11991.0,516670.0,2386.0
2023-12-19,7175601.0,28530.0,81983.0,247873.0,1531138.0,82710.0,339800.0,19405.0,13657.0,1513671.0,591701.0,93563.0,403538.0,39619.0,11793.0,1496306.0,38797.0
2023-12-20,5785343.0,44068.0,107222.0,310935.0,1149455.0,208145.0,326750.0,83769.0,27950.0,2662894.0,1105754.0,150408.0,532513.0,23622.0,23303.0,1485858.0,43115.0
2023-12-21,6531896.0,13511.0,22602.0,343860.0,452816.0,61798.0,254479.0,35955.0,9475.0,328241.0,327634.0,25670.0,604469.0,502.0,6083.0,67941.0,11923.0
2023-12-22,4392751.0,4826.0,27221.0,144570.0,218285.0,72405.0,227507.0,26916.0,2318.0,271313.0,691341.0,36204.0,432.0,8505.0,6366.0,457697.0,6789.0
2023-12-25,0.0,0.0,0.0,0.0,0.0,0.0,0.0,0.0,0.0,0.0,0.0,0.0,0.0,0.0,0.0,0.0,0.0
2023-12-26,2872866.0,2947.0,14986.0,45431.0,352007.0,48377.0,118411.0,19516.0,3759.0,433251.0,204720.0,10469.0,166276.0,333.0,21888.0,499245.0,2549.0
2023-12-27,1521621.0,7760.0,20626.0,462650.0,108658.0,24068.0,112503.0,40913.0,2002.0,418666.0,387833.0,30418.0,9966.0,6891.0,3856.0,513758.0,24331.0
2023-12-28,1282756.0,7668.0,10399.0,330634.0,378592.0,349292.0,257183.0,17571.0,3639.0,385676.0,384268.0,51060.0,174691.0,6322.0,4871.0,235131.0,24672.0
2023-12-29,0.0,0.0,0.0,0.0,0.0,0.0,0.0,0.0,0.0,0.0,0.0,0.0,0.0,0.0,0.0,0.0,0.0
2024-01-01,0.0,0.0,0.0,0.0,0.0,0.0,0.0,0.0,0.0,0.0,0.0,0.0,0.0,0.0,0.0,0.0,0.0
2024-01-02,740229.0,5137.0,12654.0,333946.0,1043924.0,39409.0,148023.0,26134.0,1943.0,275276.0,199932.0,8229.0,211304.0,1935.0,5539.0,94112.0,5308.0
2024-01-03,2824764.0,3462.0,37904.0,349464.0,452270.0,58960.0,132616.0,45525.0,4112.0,629684.0,550471.0,18496.0,8569.0,1495.0,10030.0,348714.0,38650.0
2024-01-04,7680764.0,9721.0,89792.0,590039.0,335040.0,264870.0,136806.0,58660.0,11647.0,737208.0,473049.0,47241.0,190173.0,4861.0,16968.0,366735.0,63093.0
2024-01-05,2593112.0,16868.0,113563.0,414704.0,454025.0,117739.0,128557.0,73033.0,11216.0,1379792.0,859356.0,64029.0,325156.0,5072.0,31454.0,1126284.0,79454.0
2024-01-08,0.0,0.0,0.0,0.0,0.0,0.0,0.0,0.0,0.0,0.0,0.0,0.0,0.0,0.0,0.0,0.0,0.0
2024-01-09,6205275.0,7815.0,86029.0,247113.0,557823.0,144943.0,194769.0,51979.0,5559.0,2296481.0,934033.0,45073.0,103347.0,13790.0,26124.0,1011299.0,27991.0
2024-01-10,3053737.0,1330.0,113167.0,209076.0,452794.0,54748.0,475026.0,68562.0,5529.0,1573750.0,275877.0,26880.0,96095.0,6278.0,10892.0,1211026.0,29319.0
2024-01-11,1809844.0,2421.0,43629.0,312386.0,773873.0,92516.0,88315.0,14661.0,2363.0,1227567.0,822312.0,20493.0,301311.0,2943.0,9163.0,453185.0,6366.0
2024-01-12,2884748.0,14035.0,50995.0,305426.0,734346.0,174083.0,291247.0,57141.0,8786.0,1826917.0,315311.0,66034.0,319136.0,37287.0,5366.0,2467241.0,3766.0
2024-01-15,427263.0,732.0,19358.0,117841.0,390363.0,154235.0,159203.0,31913.0,284.0,414041.0,232454.0,2677.0,147486.0,405.0,5719.0,38021.0,10776.0
2024-01-16,4253709.0,163535.0,162425.0,415951.0,394522.0,207645.0,393345.0,163563.0,13214.0,6075414.0,279868.0,160370.0,3058694.0,4092.0,16078.0,874290.0,27342.0
2024-01-17,5092743.0,9478.0,74284.0,554381.0,523435.0,226068.0,208865.0,116250.0,5941.0,5129885.0,1120495.0,21524.0,1454591.0,11142.0,8038.0,3894001.0,285953.0
2024-01-18,4888401.0,137568.0,1040288.0,807275.0,432904.0,393864.0,283493.0,27629.0,6304.0,284104.0,332514.0,94697.0,97275.0,2756.0,12458.0,4291230.0,6661.0
2024-01-19,4223169.0,5803.0,142626.0,325771.0,313464.0,55784.0,182276.0,59556.0,2566.0,8577035.0,328089.0,15516.0,64801.0,802.0,8121.0,316979.0,14493.0
2024-01-22,0.0,0.0,0.0,0.0,0.0,0.0,0.0,0.0,0.0,0.0,0.0,0.0,0.0,0.0,0.0,0.0,0.0
2024-01-23,4438261.0,13852.0,121626.0,328638.0,1349718.0,83439.0,420907.0,38190.0,7490.0,18499696.0,268563.0,107247.0,114417.0,14693.0,41715.0,865797.0,23182.0
2024-01-24,0.0,0.0,0.0,0.0,0.0,0.0,0.0,0.0,0.0,0.0,0.0,0.0,0.0,0.0,0.0,0.0,0.0
2024-01-25,0.0,0.0,0.0,0.0,0.0,0.0,0.0,0.0,0.0,0.0,0.0,0.0,0.0,0.0,0.0,0.0,0.0
2024-01-26,0.0,0.0,0.0,0.0,0.0,0.0,0.0,0.0,0.0,0.0,0.0,0.0,0.0,0.0,0.0,0.0,0.0
2024-01-29,3334508.0,15268.0,53472.0,263521.0,200462.0,70932.0,217185.0,22455.0,813.0,660478.0,385906.0,3543.0,189857.0,14086.0,9583.0,124705.0,14382.0
2024-01-30,2041122.0,12485.0,43534.0,510066.0,337403.0,70173.0,187456.0,24428.0,9419.0,816717.0,195598.0,24805.0,56919.0,20946.0,11385.0,375760.0,16767.0
2024-01-31,5674933.0,7018.0,31753.0,315020.0,447186.0,65487.0,84102.0,18267.0,1941.0,440852.0,139997.0,13642.0,788055.0,19059.0,2862.0,192533.0,72735.0
2024-02-01,2856567.0,6622.0,62279.0,241892.0,286459.0,63687.0,73631.0,27392.0,2172.0,256749.0,416908.0,7334.0,106759.0,5399.0,9239.0,180128.0,13028.0
2024-02-02,1329585.0,12081.0,47536.0,86731.0,571108.0,93950.0,84037.0,24660.0,849.0,238745.0,270846.0,5609.0,103300.0,29599.0,3778.0,97862.0,21423.0
2024-02-05,1307406.0,1170.0,16097.0,120010.0,125419.0,4635.0,68904.0,11797.0,1377.0,65316.0,98182.0,3769.0,53371.0,5060.0,15996.0,59834.0,7133.0
2024-02-06,1728880.0,469.0,39717.0,133552.0,325956.0,307763.0,54129.0,29635.0,3848.0,1060566.0,204555.0,1376.0,63814.0,2350.0,3134.0,187934.0,7440.0
2024-02-07,1985107.0,10264.0,73010.0,228412.0,1360959.0,8529.0,64142.0,21620.0,2349.0,3124191.0,338277.0,35699.0,9392.0,11793.0,4870.0,2865024.0,374.0
2024-02-08,7357052.0,22969.0,72339.0,269162.0,390836.0,65061.0,92437.0,91809.0,6343.0,2616495.0,91690.0,29149.0,80118.0,870.0,6489.0,193793.0,20759.0
2024-02-09,3991935.0,10875.0,35666.0,235899.0,265599.0,53964.0,90635.0,14811.0,614.0,648362.0,104881.0,127721.0,100814.0,11560.0,4842.0,210400.0,7525.0
2024-02-12,3416185.0,12831.0,1575128.0,0.0,559848.0,30563.0,69258.0,2535.0,1784.0,711888.0,50189.0,21672.0,345.0,378.0,1857.0,2688533.0,7839.0
2024-02-13,3168712.0,11920.0,7375.0,312107.0,56501.0,57817.0,216449.0,17698.0,1178.0,3135587.0,274859.0,10838.0,16248.0,5060.0,4972.0,100036.0,19351.0
2024-02-14,2353063.0,4549.0,18187.0,301394.0,207512.0,10217.0,70928.0,662.0,8648.0,687241.0,35646.0,16973.0,0.0,1376.0,2569.0,340202.0,2200.0
2024-02-15,4545594.0,949.0,20973.0,77007.0,51877.0,20097.0,53569.0,8174.0,4685.0,120802.0,191438.0,16803.0,479.0,47.0,9567.0,415423.0,2913.0
2024-02-16,3215751.0,22359.0,7587.0,115617.0,368021.0,21318.0,646766.0,57687.0,1013.0,42253.0,368191.0,28313.0,70775.0,350.0,1478.0,92006.0,6491.0
2024-02-19,355978.0,6415.0,22586.0,228343.0,129074.0,17355.0,20853.0,15291.0,6351.0,219963.0,89312.0,2160.0,5063.0,0.0,4292.0,113104.0,11620.0
2024-02-20,2612608.0,4872.0,46036.0,177819.0,63336.0,152243.0,52053.0,15239.0,10107.0,346581.0,914519.0,7598.0,140256.0,0.0,6342.0,183590.0,12450.0
2024-02-21,5196637.0,4596.0,107292.0,797793.0,1528633.0,187972.0,166870.0,46504.0,24673.0,804064.0,460876.0,49452.0,18469.0,0.0,8789.0,1918769.0,15663.0
2024-02-22,2135737.0,293.0,66168.0,282119.0,350215.0,208934.0,51672.0,6406.0,9978.0,2030640.0,503339.0,51636.0,6840.0,0.0,1614.0,1513121.0,27513.0
2024-02-23,1395482.0,32557.0,24353.0,499888.0,292022.0,56836.0,397704.0,24375.0,4484.0,232549.0,605710.0,19594.0,46794.0,0.0,26297.0,198876.0,8827.0
2024-02-26,4085477.0,17964.0,60981.0,185033.0,163261.0,74597.0,53976.0,53927.0,30427.0,1574294.0,1125804.0,13744.0,806480.0,0.0,24653.0,394241.0,4699.0
2024-02-27,2181966.0,2462.0,16960.0,134540.0,187329.0,38500.0,85251.0,51377.0,8930.0,1538569.0,595622.0,15681.0,200530.0,0.0,9551.0,446097.0,699.0
2024-02-28,4521562.0,11130.0,17933.0,192055.0,198202.0,61278.0,173304.0,28182.0,403.0,437343.0,759255.0,10268.0,149499.0,0.0,12611.0,370617.0,27085.0
2024-02-29,3385269.0,61155.0,63515.0,1369569.0,848522.0,155143.0,370195.0,313453.0,219036.0,2235579.0,4398918.0,67244.0,167850.0,0.0,6711.0,1795262.0,4961.0
2024-03-01,9331162.0,24656.0,632460.0,210754.0,1557887.0,273045.0,596406.0,138548.0,30353.0,1109675.0,1395947.0,124488.0,147144.0,0.0,19708.0,1103677.0,38079.0
2024-03-04,19324407.0,8485.0,299477.0,153555.0,1041698.0,266018.0,1116339.0,104336.0,2025.0,572345.0,515293.0,222818.0,86733.0,0.0,20946.0,2511417.0,15031.0
2024-03-05,6639850.0,4171.0,193195.0,266136.0,1096151.0,237723.0,410408.0,306607.0,10181.0,477140.0,327091.0,117789.0,139682.0,0.0,31702.0,6037623.0,4291.0
2024-03-06,4092863.0,4125.0,78524.0,612659.0,944178.0,129115.0,190150.0,53611.0,4751.0,1562295.0,401568.0,71921.0,359986.0,0.0,11936.0,1105959.0,15395.0
2024-03-07,5057413.0,12054.0,78186.0,461027.0,504664.0,117395.0,105833.0,33319.0,6594.0,1095174.0,217631.0,105276.0,131123.0,0.0,2636.0,467802.0,17265.0
2024-03-08,5733447.0,12474.0,66063.0,840251.0,462067.0,264754.0,115838.0,34655.0,1548.0,411720.0,221878.0,146002.0,33665.0,0.0,8143.0,462742.0,3728.0
2024-03-11,7513846.0,4790.0,35427.0,293109.0,866829.0,92634.0,239683.0,21339.0,50.0,322885.0,153741.0,20053.0,290000.0,454.0,3557.0,697896.0,4806.0
2024-03-12,4786471.0,2813.0,43067.0,1339219.0,960950.0,59160.0,826171.0,27238.0,1397.0,1571239.0,191639.0,13247.0,11221.0,2207.0,20276.0,577564.0,1498.0
2024-03-13,3251229.0,503912.0,64184.0,388119.0,249544.0,79356.0,624155.0,13653.0,7297.0,11817134.0,122083.0,10725.0,5098.0,158362.0,7978.0,4286299.0,6827.0
2024-03-14,7189970.0,1103.0,70483.0,641999.0,1252889.0,48299.0,141642.0,29881.0,1804.0,2871686.0,165578.0,9867.0,23605.0,76167.0,14668.0,14418710.0,9277.0
2024-03-15,46520253.0,850895.0,177821.0,2310908.0,2272640.0,108863.0,2254159.0,95659.0,37916.0,165325860.0,3558941.0,135828.0,55455.0,139076.0,31541.0,16841510.0,15941.0
2024-03-18,4839131.0,180494.0,227385.0,510175.0,668893.0,212774.0,301160.0,145158.0,46581.0,10368797.0,563291.0,62695.0,57488.0,197986.0,15187.0,1321917.0,9966.0
2024-03-19,1504884.0,4987.0,51256.0,120885.0,826546.0,54984.0,197159.0,28714.0,10302.0,3531554.0,745085.0,12359.0,20820.0,4155.0,3479.0,578082.0,3198.0
2024-03-20,1157509.0,755.0,69887.0,230860.0,392221.0,199575.0,74678.0,57079.0,19863.0,1787102.0,275103.0,15429.0,56156.0,34990.0,10200.0,337358.0,13307.0
2024-03-21,2224496.0,4404.0,35573.0,511136.0,113856.0,45087.0,118537.0,42692.0,21710.0,2199886.0,251036.0,17454.0,8954.0,85377.0,47538.0,1016259.0,5575.0
2024-03-22,2823812.0,7222.0,910824.0,157004.0,456604.0,39781.0,104366.0,40126.0,32076.0,5047799.0,236674.0,45699.0,56100.0,1528.0,34745.0,727474.0,21334.0
2024-03-25,0.0,0.0,0.0,0.0,0.0,0.0,0.0,0.0,0.0,0.0,0.0,0.0,0.0,0.0,0.0,0.0,0.0
2024-03-26,9764642.0,2920.0,70392.0,162065.0,805085.0,169751.0,149904.0,38654.0,4711.0,1199785.0,350392.0,36144.0,59229.0,1224.0,47912.0,653147.0,10830.0
2024-03-27,2506698.0,1173.0,49863.0,120625.0,146521.0,31305.0,158039.0,21210.0,13340.0,1063763.0,348771.0,7203.0,6560.0,88.0,21677.0,908332.0,3343.0
2024-03-28,0.0,0.0,0.0,0.0,0.0,0.0,0.0,0.0,0.0,0.0,0.0,0.0,0.0,0.0,0.0,0.0,0.0
2024-03-29,0.0,0.0,0.0,0.0,0.0,0.0,0.0,0.0,0.0,0.0,0.0,0.0,0.0,0.0,0.0,0.0,0.0
2024-04-01,5859130.0,4330.0,58184.0,219905.0,3477458.0,67414.0,210528.0,34111.0,16470.0,2451939.0,275013.0,36921.0,32150.0,8594.0,12665.0,900139.0,31830.0
2024-04-02,8688457.0,58565.0,696743.0,438854.0,1022543.0,151476.0,290915.0,218395.0,28216.0,5117113.0,1668049.0,68495.0,284408.0,8665.0,24456.0,2279287.0,63215.0
2024-04-03,5243795.0,12932.0,114471.0,160918.0,353352.0,34028.0,210332.0,50005.0,6518.0,1892777.0,564491.0,73043.0,47103.0,537.0,50368.0,781047.0,21949.0
2024-04-04,12176907.0,8282.0,585487.0,483991.0,2212648.0,215194.0,758070.0,69076.0,31171.0,8174570.0,852961.0,45191.0,34854.0,269.0,30116.0,3093268.0,87787.0
2024-04-05,4071398.0,16293.0,241809.0,363594.0,209559.0,79490.0,252518.0,40176.0,15739.0,2842794.0,375421.0,129177.0,5605.0,3317.0,71530.0,558896.0,79469.0
2024-04-08,7340985.0,7950.0,64902.0,566399.0,260182.0,117611.0,210499.0,69298.0,247503.0,1262992.0,247282.0,276043.0,0.0,1256.0,11501.0,1111590.0,12182.0
2024-04-09,12903501.0,118645.0,320026.0,802037.0,1024348.0,170885.0,774435.0,84927.0,100391.0,8907378.0,846842.0,110741.0,229777.0,1065.0,77895.0,2940976.0,39413.0
2024-04-10,16875100.0,21573.0,409122.0,1261186.0,831164.0,214084.0,2582626.0,733070.0,25417.0,5737061.0,518003.0,143496.0,404348.0,3126.0,43084.0,1829104.0,88902.0
2024-04-11,35746674.0,123848.0,300097.0,1671828.0,2040158.0,352557.0,1034476.0,329936.0,100396.0,16868684.0,2164093.0,515539.0,1642896.0,3692.0,31258.0,6277139.0,56419.0
2024-04-12,11415649.0,17786.0,86445.0,242744.0,428935.0,193295.0,2422034.0,74778.0,22899.0,2675431.0,225625.0,300283.0,114285.0,2452.0,28572.0,2474641.0,20907.0
2024-04-15,2029360.0,932.0,65496.0,460631.0,89092.0,60387.0,162854.0,38198.0,7271.0,5484832.0,540385.0,25686.0,84764.0,1247.0,10342.0,2228384.0,23040.0
2024-04-16,2888028.0,4059.0,175096.0,397824.0,288062.0,313344.0,385281.0,92048.0,4277.0,1242886.0,546834.0,27636.0,31123.0,5042.0,9077.0,639527.0,31875.0
2024-04-17,1793681.0,80826.0,85059.0,562475.0,370982.0,106902.0,710104.0,477559.0,17613.0,2352145.0,393891.0,112386.0,12045.0,1147.0,73142.0,1553507.0,24034.0
2024-04-18,6072825.0,9315.0,244472.0,402311.0,686059.0,213259.0,383070.0,119763.0,7782.0,1822254.0,335689.0,105207.0,57083.0,6309.0,17841.0,506752.0,118447.0
2024-04-19,4595170.0,1548.0,87324.0,548947.0,544511.0,136329.0,112275.0,40804.0,13556.0,1441301.0,329979.0,95486.0,0.0,1048.0,33624.0,372322.0,440013.0
2024-04-22,2334478.0,10916.0,67632.0,345702.0,309133.0,80802.0,159957.0,26909.0,8866.0,1210005.0,200425.0,162395.0,87844.0,543.0,2600.0,267812.0,12368.0
2024-04-23,3659440.0,8594.0,82569.0,269107.0,277067.0,27264.0,259300.0,176936.0,2952.0,560699.0,172414.0,33971.0,11062.0,129.0,15833.0,434331.0,50430.0
2024-04-24,3212078.0,955.0,66652.0,1238924.0,214586.0,21175.0,1697931.0,25065.0,8099.0,1552661.0,70932.0,179543.0,10100.0,1944.0,13768.0,217276.0,24653.0
2024-04-25,3233638.0,9463.0,181519.0,401738.0,588044.0,42509.0,347223.0,23713.0,15583.0,453890.0,175717.0,79444.0,3176.0,386.0,792.0,869538.0,15944.0
2024-04-26,3367269.0,6991.0,190777.0,474192.0,420943.0,0.0,374534.0,96630.0,9755.0,656498.0,599038.0,81288.0,1131.0,471.0,20678.0,387818.0,41553.0
2024-04-29,1441847.0,5196.0,73702.0,443960.0,448729.0,0.0,110796.0,67654.0,4485.0,722186.0,276310.0,71728.0,97298.0,2179.0,19932.0,359459.0,51392.0
2024-04-30,2532463.0,30999.0,86112.0,615670.0,651535.0,0.0,164600.0,38010.0,11358.0,999261.0,108703.0,31115.0,46851.0,134.0,6759.0,1198710.0,49316.0
2024-05-02,2631900.0,14849.0,53335.0,757800.0,591337.0,0.0,239218.0,49625.0,3213.0,634021.0,237313.0,51651.0,6135.0,2032.0,18507.0,2704534.0,15961.0
2024-05-03,19324407.0,8485.0,299477.0,153555.0,1041698.0,266018.0,1116339.0,104336.0,2025.0,572345.0,515293.0,222818.0,86733.0,350.0,20946.0,2511417.0,15031.0
2024-05-06,1538075.0,26230.0,24141.0,244289.0,1339443.0,0.0,88938.0,16959.0,2882.0,668506.0,92607.0,82394.0,3907.0,200.0,15769.0,182990.0,43569.0
2024-05-07,1794703.0,4414.0,27882.0,473189.0,410728.0,1104.0,145504.0,28706.0,15146.0,1164993.0,195483.0,69401.0,18722.0,813.0,16215.0,1365347.0,56381.0
2024-05-08,4268678.0,3070.0,28890.0,641427.0,684745.0,1715.0,105480.0,57532.0,4286.0,690160.0,195215.0,36226.0,115066.0,1524.0,20084.0,2367811.0,36732.0
2024-05-09,6212654.0,5326.0,37542.0,456948.0,2476285.0,31.0,114697.0,158650.0,4639.0,2078109.0,394389.0,406594.0,4070.0,361.0,20272.0,581924.0,60051.0
2024-05-10,1623748.0,28.0,99544.0,389945.0,1275544.0,1686.0,338633.0,70891.0,6240.0,830237.0,246003.0,107304.0,2521.0,80.0,25857.0,478325.0,230228.0
2024-05-14,2646558.0,21876.0,159888.0,453803.0,1400980.0,324.0,53749.0,37590.0,6843.0,1463572.0,352342.0,87804.0,21313.0,490.0,37202.0,924866.0,51698.0
2024-05-15,5450341.0,5414.0,198705.0,265723.0,718351.0,753.0,316668.0,92074.0,23053.0,1109430.0,469256.0,109928.0,14370.0,2428.0,53886.0,316703.0,19236.0
2024-05-16,2902612.0,4271.0,222283.0,418874.0,1399816.0,2232.0,207173.0,57554.0,21634.0,1187130.0,225460.0,119065.0,31299.0,1687.0,50246.0,1125096.0,76163.0
2024-05-17,5087485.0,5207.0,212493.0,729299.0,288753.0,488.0,270237.0,26094.0,16504.0,719398.0,294376.0,409120.0,256923.0,1404.0,129621.0,1215416.0,17127.0
2024-05-20,4943778.0,66317.0,116733.0,891597.0,483544.0,328.0,162519.0,40116.0,19743.0,1033666.0,298398.0,244740.0,83991.0,2842.0,53585.0,811622.0,18806.0
2024-05-21,4842768.0,35385.0,92036.0,260985.0,597992.0,416.0,179505.0,87184.0,3365.0,683943.0,265221.0,54474.0,936870.0,2861.0,49638.0,268612.0,21708.0
2024-05-22,3575054.0,560.0,203589.0,300968.0,753363.0,260.0,109642.0,43705.0,23176.0,3173703.0,273564.0,392217.0,302887.0,1609.0,43751.0,1893464.0,36639.0
2024-05-23,0.0,0.0,0.0,0.0,0.0,260.0,0.0,0.0,0.0,0.0,0.0,0.0,0.0,0.0,0.0,0.0,0.0
2024-05-24,3863187.0,14305.0,118495.0,194875.0,359216.0,11.0,73136.0,60214.0,4079.0,1187416.0,130525.0,37959.0,75560.0,388.0,24709.0,336682.0,29636.0
2024-05-27,617530.0,10564.0,453230.0,211783.0,268726.0,97.0,141935.0,12125.0,5569.0,90563.0,106058.0,10025.0,11146.0,1449.0,44313.0,230836.0,46750.0
2024-05-28,12831748.0,40181.0,117204.0,414909.0,204839.0,57.0,133090.0,34766.0,682.0,307719.0,171247.0,18290.0,0.0,32300.0,31690.0,256779.0,28208.0
2024-05-29,3468339.0,16126.0,108795.0,181123.0,287261.0,41.0,110377.0,83659.0,2124.0,1261940.0,215983.0,12005.0,1428514.0,14725.0,17678.0,287862.0,52433.0
2024-05-30,4044530.0,10721.0,67325.0,411322.0,567185.0,1146.0,565808.0,42773.0,6666.0,2229141.0,295091.0,48222.0,663194.0,10575.0,9173.0,583868.0,40578.0
2024-05-31,24241779.0,389520.0,390585.0,3329019.0,2428791.0,200.0,913288.0,582377.0,60008.0,20538021.0,856227.0,250104.0,370778.0,22123.0,87862.0,7251943.0,271791.0
2024-06-04,2807299.0,123302.0,55577.0,276882.0,98709.0,52.0,71888.0,66641.0,1424.0,972581.0,533172.0,17207.0,951210.0,19592.0,6202.0,267519.0,30481.0
2024-06-05,2708666.0,8242.0,86339.0,420313.0,156621.0,132.0,181923.0,35363.0,20433.0,1255514.0,472715.0,83013.0,2365250.0,3716.0,5430.0,2497875.0,10193.0
2024-06-06,4076719.0,12778.0,38303.0,192304.0,352036.0,201.0,297545.0,43361.0,3180.0,154599.0,488687.0,114510.0,157.0,4447.0,3476.0,1008098.0,52194.0
2024-06-07,2497038.0,5003.0,34981.0,169161.0,368201.0,59.0,390724.0,2582.0,16341.0,601639.0,279949.0,18011.0,10073.0,49988.0,42661.0,322396.0,28052.0
2024-06-11,11030569.0,27401.0,489089.0,630125.0,551493.0,114.0,109038.0,37369.0,22439.0,869218.0,137522.0,53002.0,7975.0,10234.0,20514.0,114138.0,50831.0
2024-06-12,2905209.0,19852.0,54905.0,265793.0,290755.0,72.0,163299.0,341737.0,13922.0,1516117.0,408089.0,38627.0,81874.0,5915.0,13269.0,257153.0,43661.0
2024-06-13,8104328.0,11366.0,26169.0,248231.0,292512.0,116.0,71505.0,13701.0,18621.0,1526187.0,157841.0,32063.0,23326.0,3961.0,24724.0,281530.0,28271.0
2024-06-14,3673384.0,6243.0,34147.0,191171.0,267852.0,122.0,1279233.0,20017.0,25800.0,1582776.0,273521.0,30669.0,30485.0,1305.0,18409.0,162772.0,48204.0
2024-06-17,7160858.0,3763.0,19346.0,382291.0,361525.0,80.0,47277.0,12813.0,3647.0,774337.0,178166.0,18162.0,7497.0,1543.0,42406.0,345927.0,14550.0
2024-06-18,10713094.0,2948.0,32943.0,167500.0,387782.0,162.0,29844.0,22333.0,5040.0,858338.0,160301.0,46303.0,8002.0,7647.0,56950.0,584147.0,49871.0
2024-06-19,2262115.0,5576.0,196759.0,185060.0,335835.0,71.0,38154.0,26061.0,4884.0,2411429.0,76045.0,53359.0,60109.0,3456.0,15080.0,71782.0,1313.0
2024-06-20,14674196.0,2548.0,51825.0,364679.0,426131.0,21634.0,578673.0,340359.0,3562.0,1072543.0,136487.0,60048.0,11077.0,11536.0,23418.0,193551.0,56935.0
2024-06-21,6947967.0,8198.0,85839.0,414186.0,543341.0,19357.0,149780.0,87054.0,51371.0,1837933.0,350075.0,49586.0,19714.0,30682.0,27823.0,230928.0,157097.0
2024-06-24,10451423.0,4553.0,56532.0,311647.0,441440.0,7577.0,54649.0,33909.0,12735.0,1179307.0,144111.0,33552.0,33885.0,1139.0,5481.0,1115759.0,48549.0
2024-06-25,10609494.0,34329.0,374315.0,185931.0,354265.0,8501.0,103419.0,6082.0,12306.0,1394646.0,60224.0,35191.0,9516.0,4344.0,11197.0,375936.0,57771.0
2024-06-26,4831613.0,1525.0,7087.0,408176.0,646397.0,18281.0,38056.0,14447.0,803.0,989041.0,200137.0,46745.0,0.0,1504.0,2331.0,1080399.0,49524.0
2024-06-27,3107771.0,3156.0,9172.0,135684.0,351441.0,33026.0,140621.0,9035.0,525.0,1148593.0,148878.0,15094.0,180898.0,648.0,2144.0,1252924.0,43150.0
2024-06-28,3160569.0,4272.0,13745.0,355884.0,327711.0,9094.0,234030.0,48297.0,7657.0,3359813.0,52081.0,19988.0,46436.0,796.0,3130.0,1047755.0,49684.0
2024-07-02,5244266.0,388.0,111735.0,369708.0,201668.0,9387.0,308117.0,20714.0,352.0,3377529.0,148569.0,96136.0,9710.0,1128.0,8227.0,1381212.0,873.0
2024-07-03,657438.0,6600.0,10963.0,140773.0,534892.0,4078.0,128597.0,15644.0,3273.0,217999.0,132394.0,9761.0,4540.0,442.0,1423.0,237851.0,44223.0
2024-07-04,576494.0,5286.0,20501.0,75726.0,408502.0,2808.0,49988.0,5681.0,249.0,112035.0,68856.0,1777.0,28498.0,2723.0,5069.0,57356.0,27385.0
2024-07-05,1181503.0,9368.0,95074.0,278229.0,329590.0,104.0,102727.0,1023706.0,3164.0,1232273.0,98414.0,14540.0,87585.0,912.0,7440.0,240436.0,23575.0
2024-07-08,1759779.0,12821.0,46926.0,199408.0,989615.0,22238.0,93029.0,30543.0,30164.0,1784837.0,152214.0,21940.0,32623.0,505.0,2390.0,253130.0,21900.0
2024-07-09,2124227.0,2641.0,43001.0,133964.0,4152599.0,2159.0,64430.0,70013.0,15100.0,798065.0,142411.0,20260.0,8247.0,16100.0,14512.0,427181.0,8733.0
2024-07-10,1432778.0,1481.0,62800.0,201467.0,1358863.0,714.0,83221.0,30225.0,9097.0,756983.0,110615.0,17369.0,119117.0,8833.0,6620.0,2214032.0,54730.0
2024-07-11,2316263.0,9490.0,39831.0,136472.0,625946.0,458.0,14721.0,29386.0,10042.0,4483806.0,228470.0,33983.0,37500.0,34.0,1700.0,543680.0,43201.0
2024-07-12,1614329.0,3013.0,13773.0,180494.0,505699.0,287.0,121845.0,24878.0,48357.0,6326406.0,209792.0,52316.0,187138.0,1836.0,3156.0,152393.0,38136.0
2024-07-15,1884204.0,3470.0,91734.0,131728.0,242819.0,284.0,67997.0,17795.0,3162.0,4143112.0,176510.0,57819.0,1106.0,1300.0,18268.0,490057.0,5991.0
2024-07-16,1360136.0,4416.0,78363.0,147937.0,401348.0,12016.0,46176.0,15055.0,8101.0,4111193.0,158293.0,46748.0,91800.0,2293.0,2852.0,288686.0,42148.0
2024-07-17,2822705.0,3854.0,32528.0,142496.0,3786091.0,2008.0,267054.0,27226.0,2848.0,765143.0,161076.0,60816.0,6426.0,806.0,23158.0,620238.0,44053.0
2024-07-18,2168709.0,6935.0,12902.0,120388.0,1992360.0,276.0,56474.0,19326.0,4356.0,212324.0,151053.0,14413.0,953.0,6196.0,18709.0,680366.0,12435.0
2024-07-19,703052.0,6074.0,38611.0,209263.0,744996.0,2526.0,33103.0,10145.0,3675.0,1393292.0,111058.0,7048.0,2441710.0,1975.0,16224.0,383557.0,9026.0
2024-07-22,1558937.0,1768.0,61749.0,232307.0,335976.0,2107.0,1082835.0,23102.0,9168.0,1770106.0,99340.0,2060.0,179580.0,4679.0,12820.0,1343211.0,17111.0
2024-07-23,2484596.0,4051.0,42154.0,139601.0,640168.0,2428.0,111436.0,7780.0,2636.0,579897.0,101454.0,7164.0,16332.0,20934.0,1561.0,2836279.0,1760.0
2024-07-24,5984209.0,1687.0,7172.0,148480.0,36947.0,305.0,53300.0,10405.0,3482.0,779577.0,21856.0,5215.0,859023.0,5093.0,1695.0,580047.0,11780.0
2024-07-25,2479672.0,337.0,4096.0,47784.0,443899.0,279.0,73979.0,11858.0,3798.0,95413.0,9235.0,9036.0,38739.0,2160.0,2361.0,292584.0,11894.0
2024-07-26,1136815.0,2430.0,140132.0,129374.0,77151.0,440.0,206698.0,17061.0,4939.0,541547.0,55793.0,9937.0,43294.0,1932.0,9697.0,567111.0,47526.0
2024-07-29,1603264.0,20170.0,20868.0,133598.0,474408.0,1389.0,57427.0,3484.0,3230.0,75418.0,683862.0,10452.0,8192.0,894.0,3953.0,182734.0,30628.0
2024-07-30,3138473.0,8825.0,70726.0,99162.0,464471.0,424.0,65237.0,42975.0,14593.0,1226190.0,524535.0,18678.0,1644868.0,1852.0,3817.0,1833483.0,69402.0
2024-07-31,3125676.0,7894.0,27777.0,281830.0,795324.0,167.0,65057.0,18632.0,16646.0,1774416.0,430790.0,60905.0,106585.0,7201.0,3021.0,554503.0,46334.0
2024-08-01,1339193.0,1532.0,12278.0,93585.0,197287.0,157.0,3948.0,7228.0,10981.0,302549.0,134450.0,2314.0,52005.0,6465.0,2780.0,149092.0,42639.0
2024-08-02,2243567.0,17686.0,35385.0,225178.0,111873.0,2642.0,542295.0,74329.0,8858.0,379215.0,42030.0,8028.0,6078.0,5866.0,5273.0,528232.0,54324.0
2024-08-05,5015388.0,7577.0,59408.0,302902.0,273506.0,2373.0,140022.0,61807.0,11777.0,923796.0,64816.0,34516.0,80164.0,3204.0,30506.0,477562.0,91862.0
2024-08-06,2244090.0,1286.0,11906.0,538418.0,210094.0,27.0,38408.0,8276.0,4163.0,1066365.0,125128.0,16660.0,2472.0,5625.0,5537.0,316723.0,41789.0
2024-08-07,938096.0,7779.0,32453.0,222609.0,358164.0,1669.0,873968.0,73008.0,2620.0,1131155.0,129162.0,19419.0,35470.0,12494.0,9422.0,310403.0,37406.0
2024-08-08,938096.0,7779.0,32453.0,222609.0,358164.0,1669.0,873968.0,73008.0,2620.0,1131155.0,129162.0,19419.0,35470.0,12494.0,9422.0,310403.0,37406.0
2024-08-09,747871.0,1444.0,10168.0,270548.0,261754.0,7346.0,305706.0,21912.0,5707.0,1037991.0,197573.0,6680.0,88329.0,4231.0,2949.0,274129.0,25472.0
2024-08-12,1442585.0,1160.0,23498.0,275699.0,1339268.0,348.0,119411.0,204091.0,2400.0,1242169.0,237535.0,5833.0,2522.0,4460.0,2000.0,249725.0,38460.0
2024-08-13,2087310.0,25989.0,46501.0,322768.0,1867916.0,5638.0,67271.0,32740.0,12584.0,585824.0,167708.0,11070.0,10802.0,4407.0,2592.0,286189.0,9904.0
2024-08-14,2125074.0,18447.0,47548.0,472118.0,3611858.0,5691.0,80270.0,31201.0,7862.0,675228.0,200562.0,16159.0,39430.0,3634.0,11928.0,1304526.0,25970.0
2024-08-15,2325725.0,940.0,45682.0,382236.0,2115607.0,491.0,31439.0,12147.0,7137.0,653854.0,159425.0,17242.0,17795.0,752.0,24657.0,363201.0,25303.0
2024-08-16,475665.0,11344.0,406418.0,265174.0,912632.0,184.0,104664.0,31196.0,1799.0,374893.0,119381.0,25162.0,16725.0,2119.0,80191.0,1987479.0,8443.0
2024-08-20,2147502.0,5416.0,7475.0,220234.0,882825.0,575.0,292243.0,21527.0,1707.0,176745.0,90713.0,16615.0,25557.0,10726.0,11458.0,43249.0,4912.0
2024-08-21,4599954.0,86971.0,92104.0,90182.0,497051.0,101.0,634774.0,811235.0,71679.0,407442.0,77070.0,31065.0,0.0,1499.0,22361.0,719441.0,8770.0
2024-08-22,1785861.0,40178.0,145211.0,342861.0,708518.0,336.0,378442.0,17519.0,28161.0,337017.0,473955.0,8984.0,182361.0,3317.0,61852.0,1169630.0,12023.0
2024-08-23,1636368.0,37855.0,24976.0,222757.0,1057902.0,307.0,58241.0,9545.0,65540.0,285900.0,129162.0,8396.0,27232.0,2455.0,35928.0,249497.0,78387.0
2024-08-26,3993178.0,8635.0,16770.0,152954.0,4129712.0,347.0,45689.0,7179.0,22000.0,383398.0,86556.0,8392.0,20881.0,1516.0,62379.0,329471.0,49073.0
2024-08-27,538198.0,16587.0,26156.0,211506.0,1322364.0,3871.0,20164.0,14580.0,5411.0,885661.0,94933.0,13653.0,296834.0,5495.0,11043.0,810735.0,64670.0
2024-08-28,4906030.0,7412.0,40612.0,217317.0,1258772.0,450.0,221828.0,15207.0,13443.0,833085.0,90891.0,50268.0,58006.0,4719.0,13741.0,236033.0,38066.0
2024-08-29,1394222.0,10775.0,38914.0,168608.0,1447394.0,335.0,292725.0,13926.0,1598.0,467433.0,67276.0,18255.0,77923.0,1846.0,28641.0,55153.0,41962.0
2024-08-30,4814784.0,15591.0,213141.0,1439352.0,16565579.0,1695.0,147883.0,72559.0,320088.0,5237808.0,212349.0,38991.0,40881.0,375.0,13454.0,1514244.0,29157.0
2024-09-02,541167.0,458.0,18057.0,224386.0,1727735.0,512.0,5970.0,51953.0,929.0,248618.0,74777.0,22678.0,20849.0,902.0,14340.0,239278.0,24460.0
2024-09-03,4664982.0,14065.0,27011.0,178043.0,337074.0,1429.0,36237.0,61523.0,3319.0,1488455.0,116775.0,58184.0,107708.0,27.0,8779.0,142230.0,10119.0
2024-09-04,4184691.0,9987.0,39560.0,111500.0,282546.0,1028.0,402879.0,153157.0,6462.0,1248277.0,209417.0,181133.0,141167.0,99.0,11283.0,644345.0,3440.0
2024-09-05,3050805.0,12932.0,36113.0,270427.0,375276.0,1924.0,204982.0,41854.0,13827.0,639809.0,190614.0,24435.0,997951.0,303.0,41098.0,1353708.0,2538.0
2024-09-06,2036101.0,14581.0,51628.0,183277.0,555508.0,200.0,279658.0,33868.0,1378.0,291911.0,159259.0,10445.0,5386.0,2442.0,1470713.0,418573.0,118.0
2024-09-09,632904.0,12289.0,88864.0,125849.0,987345.0,2611.0,304855.0,4775.0,7466.0,1847444.0,105849.0,15424.0,370994.0,4033.0,26147.0,684920.0,4907.0
2024-09-10,2647945.0,1481.0,12641.0,84146.0,410910.0,86.0,415715.0,7579.0,2718.0,481407.0,103872.0,34353.0,11538.0,145.0,22556.0,67798.0,1111.0
2024-09-11,2824013.0,5832.0,72859.0,204849.0,1172467.0,27.0,344223.0,27229.0,5660.0,924936.0,84144.0,21637.0,516637.0,586.0,38380.0,1315970.0,14972.0
2024-09-12,1878299.0,102134.0,531804.0,108359.0,2392946.0,51.0,60282.0,25241.0,8787.0,611047.0,143462.0,9002.0,1000.0,2476.0,15069.0,242045.0,47647.0
2024-09-13,1802042.0,2758.0,328002.0,94773.0,627656.0,3560.0,106586.0,546017.0,2300.0,1169395.0,289821.0,19694.0,20549.0,1825.0,30415.0,1280006.0,35080.0
2024-09-16,880390.0,265834.0,651494.0,86611.0,588565.0,163.0,21405.0,28014.0,7063.0,971286.0,140218.0,24247.0,42620.0,693.0,46492.0,640642.0,13177.0
2024-09-17,1827731.0,207525.0,51597.0,68038.0,342910.0,69.0,857801.0,59127.0,5018.0,743955.0,126460.0,18451.0,0.0,4825.0,15478.0,141304.0,7997.0
2024-09-18,1175718.0,60622.0,79296.0,71678.0,573217.0,85.0,53244.0,36372.0,5173.0,394279.0,119911.0,9299.0,39745.0,1084.0,33379.0,368763.0,55949.0
2024-09-19,2961596.0,488569.0,62029.0,108540.0,284960.0,334.0,338910.0,7235.0,11040.0,5204265.0,470074.0,12631.0,100087.0,369.0,3506.0,2972075.0,8792.0
2024-09-20,13528138.0,289637.0,519832.0,1058189.0,20105682.0,537.0,1559630.0,199326.0,41550.0,7354004.0,3518634.0,256979.0,20587.0,3292.0,5480.0,6453093.0,9543.0
2024-09-23,1265822.0,65460.0,192873.0,521134.0,1047259.0,0.0,70387.0,104625.0,3596.0,173568.0,94593.0,33148.0,15566.0,162.0,30700.0,155850.0,5518.0
2024-09-24,747060.0,33413.0,759738.0,258481.0,687124.0,0.0,59979.0,91025.0,4015.0,603727.0,97303.0,18892.0,183467.0,2582.0,40579.0,305500.0,3116.0
2024-09-25,6687027.0,58157.0,20023.0,274753.0,869014.0,0.0,40143.0,9142.0,3415.0,207818.0,86365.0,10115.0,623584.0,2189.0,16430.0,154996.0,2292.0
2024-09-26,428813.0,2270.0,10999.0,123316.0,1055685.0,0.0,11950.0,1250.0,0.0,879884.0,62494.0,98.0,953.0,2793.0,0.0,225.0,0.0
2024-09-27,1126465.0,50074.0,336834.0,228914.0,1588857.0,0.0,56280.0,21166.0,4445.0,270050.0,144818.0,27373.0,91754.0,4149.0,6676.0,107282.0,23986.0
2024-09-30,647242.0,46918.0,70417.0,200389.0,592566.0,0.0,85006.0,19864.0,4303.0,258088.0,114757.0,22381.0,456990.0,171.0,6703.0,441231.0,9795.0
2024-10-01,4063372.0,17035.0,20315.0,149678.0,431253.0,0.0,86681.0,12866.0,16730.0,1405086.0,95603.0,30511.0,25367.0,94.0,2828.0,168600.0,21769.0
2024-10-02,3356663.0,50211.0,44084.0,209262.0,512411.0,0.0,186574.0,122333.0,3082.0,446226.0,71968.0,15787.0,156177.0,216.0,19810.0,346111.0,10718.0
2024-10-03,6255158.0,76280.0,192066.0,251611.0,648546.0,0.0,107382.0,27929.0,9958.0,730699.0,141102.0,133261.0,3624.0,1544.0,6674.0,603252.0,6626.0
2024-10-04,8587882.0,37699.0,46521.0,700999.0,315046.0,0.0,106182.0,11949.0,6508.0,1119447.0,93844.0,16341.0,6413.0,236.0,7663.0,139120.0,12197.0
2024-10-07,2953727.0,3314.0,46170.0,202116.0,87187.0,0.0,130616.0,20219.0,4512.0,410511.0,88847.0,4332.0,25678.0,126.0,2254.0,60627.0,5297.0
2024-10-08,4439792.0,12902.0,53630.0,443634.0,640653.0,0.0,84808.0,5198.0,7860.0,716193.0,85793.0,106164.0,51025.0,10015.0,2159.0,73349.0,1015.0
2024-10-09,716014.0,2292.0,63761.0,137874.0,586321.0,0.0,460468.0,14616.0,7214.0,11500964.0,59900.0,304404.0,27223.0,35.0,6206.0,1422486.0,4446.0
2024-10-10,563418.0,3430.0,38215.0,365912.0,358271.0,0.0,209132.0,1390.0,2882.0,2192769.0,75984.0,118865.0,47066.0,4725.0,38159.0,122845.0,3529.0
2024-10-11,661262.0,46547.0,216542.0,264507.0,437616.0,0.0,28712.0,14702.0,4212.0,106295.0,93609.0,79999.0,29300.0,40.0,12024.0,69347.0,10138.0
2024-10-15,3092248.0,189372.0,354236.0,299367.0,775394.0,0.0,170796.0,490197.0,2287.0,1024035.0,100601.0,184491.0,24790.0,413.0,14748.0,191777.0,55935.0
2024-10-16,1938916.0,104399.0,334351.0,99540.0,1827627.0,0.0,253288.0,188439.0,20506.0,526700.0,216022.0,74494.0,11257.0,267.0,8213.0,459750.0,16190.0
2024-10-17,1646150.0,125203.0,218811.0,146261.0,292097.0,0.0,164227.0,139312.0,18892.0,580935.0,174965.0,111754.0,10186.0,5060.0,12221.0,949744.0,2204.0
2024-10-18,1035365.0,41462.0,200437.0,277165.0,431698.0,0.0,43230.0,82232.0,60215.0,638279.0,145416.0,152232.0,45357.0,1989.0,70916.0,707320.0,5363.0
2024-10-21,1518111.0,49618.0,240995.0,143277.0,337512.0,0.0,60107.0,79700.0,15966.0,282469.0,47393.0,43430.0,113896.0,503.0,14696.0,1257992.0,43359.0
2024-10-22,597438.0,113286.0,141708.0,157400.0,321259.0,0.0,61558.0,13807.0,5145.0,377552.0,139705.0,16821.0,79363.0,58.0,2357.0,195501.0,32791.0
2024-10-23,747123.0,71794.0,184163.0,177590.0,434653.0,0.0,166687.0,41203.0,7092.0,667443.0,119585.0,52848.0,1068475.0,293.0,3580.0,437567.0,8632.0
2024-10-24,646270.0,10062.0,77945.0,42417.0,1202219.0,0.0,32281.0,5435.0,527.0,10161.0,12224.0,3959.0,430.0,880.0,7924.0,279591.0,1172.0
2024-10-25,4161780.0,50272.0,74736.0,151356.0,6138097.0,0.0,102397.0,18337.0,1739.0,384524.0,31955.0,12508.0,7076.0,760.0,3721.0,224497.0,20269.0
2024-10-28,1120545.0,84581.0,329880.0,161154.0,1224041.0,0.0,442616.0,68709.0,25961.0,685053.0,36200.0,26901.0,34512.0,1970.0,5600.0,392403.0,42016.0
2024-10-29,3534444.0,67218.0,270733.0,105196.0,348280.0,0.0,149629.0,19208.0,3552.0,185554.0,38554.0,45684.0,6330.0,1347.0,9465.0,341679.0,40352.0
2024-10-30,8237601.0,61869.0,350532.0,439985.0,1333190.0,0.0,745260.0,32424.0,6031.0,1045339.0,259642.0,130816.0,43209.0,185.0,21535.0,1482657.0,52475.0
2024-10-31,1906006.0,64546.0,143471.0,241433.0,2511715.0,0.0,475962.0,52578.0,23630.0,1059552.0,143943.0,243148.0,131051.0,80.0,3799.0,370592.0,41062.0
2024-11-01,1279462.0,37297.0,64181.0,180410.0,380947.0,0.0,74340.0,43550.0,16273.0,176483.0,51383.0,18245.0,1250.0,459.0,8844.0,264365.0,2187.0
2024-11-05,1430781.0,29940.0,35163.0,266648.0,467415.0,0.0,75676.0,30819.0,9108.0,463295.0,95851.0,129254.0,2185.0,153.0,35274.0,744153.0,28813.0
2024-11-06,3067020.0,7585.0,127960.0,543311.0,275045.0,0.0,89934.0,58220.0,6677.0,920668.0,170937.0,65689.0,45034.0,32.0,8364.0,1401136.0,16354.0
2024-11-07,4492120.0,24848.0,75364.0,155378.0,656684.0,0.0,84641.0,21628.0,4312.0,550786.0,170044.0,112263.0,31593.0,3079.0,8475.0,479013.0,6555.0
2024-11-08,3504709.0,48875.0,149870.0,99744.0,589190.0,0.0,281775.0,39783.0,9313.0,5801771.0,117613.0,54097.0,35818.0,91.0,4523.0,789939.0,16319.0
2024-11-12,4035537.0,171349.0,1141742.0,251857.0,714102.0,0.0,185496.0,44893.0,6412.0,1713749.0,126963.0,50611.0,5652.0,1154.0,11840.0,756019.0,13860.0
2024-11-13,3101555.0,45196.0,84283.0,179642.0,379458.0,0.0,267203.0,19798.0,9556.0,1535397.0,110756.0,90488.0,52647.0,70.0,4300.0,1717514.0,11815.0
2024-11-14,7040349.0,137700.0,89546.0,226548.0,627969.0,0.0,72244.0,38049.0,2989.0,5305865.0,129139.0,107060.0,59252.0,68.0,10785.0,1556507.0,24249.0
2024-11-15,6779903.0,68824.0,87225.0,355957.0,415226.0,0.0,93827.0,49885.0,4523.0,2161452.0,165633.0,82170.0,120139.0,135.0,270371.0,387384.0,22091.0
2024-11-18,22336343.0,63962.0,96756.0,222505.0,329641.0,0.0,133690.0,76928.0,11475.0,11416556.0,315526.0,59907.0,62798.0,2694.0,12114.0,553634.0,33161.0
2024-11-19,2001199.0,112091.0,146419.0,246799.0,699355.0,0.0,169878.0,68078.0,5487.0,1593521.0,465640.0,125735.0,68662.0,56.0,17589.0,735196.0,9124.0
2024-11-20,1979812.0,242445.0,59677.0,461120.0,305288.0,0.0,137063.0,29660.0,15729.0,561802.0,313613.0,89962.0,2621.0,238.0,8781.0,426664.0,1462.0
2024-11-21,4562757.0,72386.0,91084.0,345992.0,2639640.0,0.0,508098.0,64919.0,68065.0,1810826.0,235716.0,24981.0,20714.0,204.0,11391.0,313839.0,7816.0
2024-11-22,3612013.0,30481.0,71291.0,253322.0,1177713.0,0.0,410072.0,29297.0,19163.0,599389.0,350704.0,126751.0,574157.0,59.0,48628.0,727898.0,7888.0
2024-11-25,6776122.0,984804.0,207616.0,3275998.0,5475939.0,0.0,572081.0,315203.0,249030.0,4738625.0,3120378.0,1255306.0,205019.0,197.0,1076218.0,3144530.0,82363.0
2024-11-26,2917605.0,63911.0,176471.0,143427.0,781918.0,0.0,99789.0,45484.0,43278.0,876079.0,821207.0,4726.0,1753.0,32.0,39052.0,71545.0,2241.0
2024-11-27,1754730.0,32763.0,692237.0,229225.0,630772.0,0.0,130909.0,462337.0,2219.0,978967.0,171075.0,90956.0,6783.0,38.0,25607.0,326593.0,2157.0
2024-11-28,390661.0,15696.0,52387.0,98810.0,767701.0,0.0,26142.0,28819.0,39238.0,446822.0,264591.0,32116.0,380429.0,8521.0,11937.0,82899.0,3273.0
2024-11-29,3718837.0,16399.0,36385.0,348018.0,5869139.0,0.0,112496.0,22385.0,4457.0,655885.0,327243.0,104505.0,63776.0,67.0,8051.0,349456.0,10764.0
2024-12-02,4060471.0,26984.0,58914.0,163460.0,643393.0,0.0,97696.0,52800.0,998.0,1518337.0,369136.0,148723.0,60643.0,208.0,29394.0,409334.0,14227.0
2024-12-03,2344916.0,28971.0,82880.0,460885.0,389412.0,0.0,97969.0,78816.0,3741.0,629255.0,262731.0,13798.0,42893.0,138.0,83597.0,521689.0,28578.0
2024-12-04,2169505.0,17545.0,134804.0,238521.0,487481.0,0.0,56501.0,20039.0,9416.0,1065136.0,466144.0,22265.0,40513.0,21.0,6069.0,188403.0,10941.0
2024-12-05,1427475.0,81314.0,468091.0,305117.0,355045.0,0.0,99122.0,53984.0,21791.0,1048007.0,156726.0,72112.0,33558.0,34.0,23063.0,451597.0,13069.0
2024-12-06,2833974.0,97193.0,168986.0,104920.0,141163.0,0.0,85906.0,5677.0,504.0,432615.0,111610.0,24881.0,89566.0,1395.0,2720.0,663973.0,4463.0
2024-12-09,10208273.0,52219.0,158156.0,271768.0,1016511.0,0.0,892647.0,1064475.0,14767.0,2910537.0,160469.0,32673.0,72840.0,13.0,15788.0,690666.0,16382.0
2024-12-10,2440404.0,5759.0,391797.0,221554.0,440788.0,0.0,104082.0,51074.0,7011.0,1125631.0,247406.0,105336.0,176549.0,2.0,6882.0,451438.0,23583.0
2024-12-11,1677639.0,9654.0,61432.0,341130.0,272525.0,0.0,95963.0,39721.0,10009.0,3291949.0,114322.0,18197.0,137495.0,48.0,5794.0,718089.0,24205.0
2024-12-12,958522.0,14917.0,53154.0,115655.0,253008.0,0.0,70074.0,52158.0,2598.0,280216.0,87332.0,13456.0,476275.0,35.0,2015.0,297036.0,6430.0
2024-12-13,3068223.0,31755.0,16073.0,188860.0,393920.0,0.0,66184.0,14791.0,11950.0,520262.0,275302.0,33978.0,137800.0,8142.0,12097.0,1060128.0,4237.0
2024-12-16,7011190.0,422.0,20731.0,175549.0,1714219.0,0.0,116717.0,13925.0,9634.0,2551589.0,104672.0,10853.0,496774.0,20.0,6449.0,418922.0,11871.0
2024-12-17,1890078.0,9855.0,106899.0,100813.0,264658.0,0.0,82760.0,125594.0,947.0,2419369.0,98245.0,16212.0,24713.0,827.0,4659.0,154279.0,2379.0
2024-12-18,1717497.0,10309.0,129031.0,659890.0,476585.0,0.0,78274.0,291236.0,25221.0,1541855.0,193178.0,7050.0,102454.0,5046.0,5946.0,540082.0,23484.0
2024-12-19,3845811.0,250988.0,458568.0,736196.0,586812.0,0.0,301753.0,158828.0,11169.0,1940641.0,259271.0,104162.0,43100.0,3133.0,7852.0,779095.0,10208.0
2024-12-20,8584660.0,28992.0,354757.0,824849.0,2965182.0,0.0,89220.0,41262.0,5192.0,6434703.0,255196.0,59976.0,62450.0,2216.0,18132.0,415719.0,1549.0
2024-12-23,1414658.0,10829.0,133695.0,217773.0,832521.0,0.0,95164.0,59118.0,3512.0,783388.0,209501.0,26755.0,63067.0,7980.0,46734.0,466888.0,5465.0
2024-12-24,427333.0,3461.0,38085.0,6736.0,46385.0,0.0,47204.0,16642.0,600.0,9923.0,121032.0,250.0,66112.0,1500.0,1581.0,19536.0,0.0
2024-12-25,0.0,0.0,0.0,0.0,0.0,0.0,0.0,0.0,0.0,0.0,0.0,0.0,0.0,0.0,0.0,0.0,0.0
2024-12-26,595134.0,6904.0,115834.0,29359.0,103433.0,0.0,56601.0,54866.0,961.0,177204.0,142021.0,1712.0,14457.0,848.0,3003.0,68757.0,1487.0
2024-12-27,2455787.0,4959.0,51563.0,69021.0,136211.0,0.0,14977.0,22353.0,3962.0,722242.0,142174.0,15817.0,43685.0,1236.0,1766.0,108609.0,2245.0
2024-12-30,796963.0,21875.0,61443.0,157139.0,166737.0,0.0,75542.0,45052.0,3223.0,639595.0,219306.0,17084.0,2075.0,17273.0,6926.0,131891.0,1430.0
2024-12-31,0.0,0.0,0.0,0.0,0.0,0.0,0.0,0.0,0.0,0.0,0.0,0.0,0.0,0.0,0.0,0.0,0.0
