fecha,close,adjclose,volume
2015-01-01,28640.0,13893.3935546875,0
2015-01-02,28480.0,13815.7763671875,200016
2015-01-05,27820.0,13495.607421875,1041330
2015-01-06,27820.0,13495.607421875,1041330
2015-01-07,28180.0,13670.2451171875,795320
2015-01-08,27960.0,13563.5205078125,1064198
2015-01-09,27380.0,13282.1630859375,843024
2015-01-12,27380.0,13282.1630859375,0
2015-01-13,27980.0,13573.224609375,269655
2015-01-14,27980.0,13573.224609375,269655
2015-01-15,27260.0,13223.947265625,1268884
2015-01-16,27320.0,13253.056640625,185948
2015-01-19,27320.0,13253.056640625,0
2015-01-20,27160.0,13175.4345703125,132359
2015-01-21,27380.0,13282.1630859375,376124
2015-01-22,27400.0,13291.861328125,1462505
2015-01-23,27700.0,13437.39453125,194256
2015-01-26,28560.0,13854.5849609375,537445
2015-01-27,28560.0,13854.5849609375,537445
2015-01-28,28580.0,13864.2890625,574579
2015-01-29,28340.0,13747.8623046875,535096
2015-01-30,28420.0,13786.66796875,1350573
2015-02-02,28420.0,13786.66796875,707373
2015-02-03,28420.0,13786.66796875,707373
2015-02-04,28220.0,13689.64453125,405121
2015-02-05,27940.0,13553.81640625,798204
2015-02-06,27940.0,13553.81640625,473213
2015-02-09,27640.0,13408.2880859375,240387
2015-02-10,27640.0,13408.2880859375,240387
2015-02-11,27560.0,13369.48046875,879591
2015-02-12,27300.0,13243.353515625,725358
2015-02-13,26660.0,12932.8857421875,568397
2015-02-16,26680.0,12942.583984375,69096
2015-02-17,26680.0,12942.583984375,69096
2015-02-18,26480.0,12845.5634765625,783856
2015-02-19,26620.0,12913.4833984375,1277318
2015-02-20,26600.0,12903.779296875,635191
2015-02-23,26460.0,12835.86328125,547414
2015-02-24,26460.0,12835.86328125,547414
2015-02-25,26000.0,12612.7216796875,799019
2015-02-26,25960.0,12593.314453125,606532
2015-02-27,25940.0,12583.609375,567183
2015-03-02,25400.0,12321.6552734375,450062
2015-03-03,25400.0,12321.6552734375,450062
2015-03-04,25480.0,12360.4619140625,621814
2015-03-05,25300.0,12273.13671875,600158
2015-03-06,25000.0,12127.61328125,829823
2015-03-09,23800.0,11545.48828125,4046491
2015-03-10,23800.0,11545.48828125,4046491
2015-03-11,24060.0,11671.611328125,917446
2015-03-12,24160.0,11720.1240234375,680835
2015-03-13,24620.0,11943.2705078125,801460
2015-03-16,25600.0,12418.671875,423276
2015-03-17,25600.0,12418.671875,423276
2015-03-18,25600.0,12418.671875,611916
2015-03-19,26100.0,12661.224609375,430213
2015-03-20,25940.0,12583.609375,559833
2015-03-23,25940.0,12583.609375,0
2015-03-24,24360.0,11817.1416015625,616105
2015-03-25,24360.0,11817.1416015625,616105
2015-03-26,25100.0,12280.732421875,439917
2015-03-27,24980.0,12222.017578125,323017
2015-03-30,25060.0,12261.1552734375,178874
2015-03-31,25060.0,12261.1552734375,178874
2015-04-01,25400.0,12427.509765625,643992
2015-04-02,26000.0,12721.07421875,251926
2015-04-03,26000.0,12721.07421875,0
2015-04-06,26300.0,12867.85546875,388881
2015-04-07,26300.0,12867.85546875,388881
2015-04-08,25940.0,12691.716796875,213888
2015-04-09,25800.0,12623.216796875,270954
2015-04-10,25980.0,12711.2919921875,230794
2015-04-13,26360.0,12897.2138671875,228094
2015-04-14,26360.0,12897.2138671875,228094
2015-04-15,26680.0,13053.783203125,436801
2015-04-16,26580.0,13004.8564453125,337560
2015-04-17,26400.0,12916.7841796875,189450
2015-04-20,26080.0,12760.2177734375,312398
2015-04-21,26080.0,12760.2177734375,312398
2015-04-22,25920.0,12681.9365234375,226946
2015-04-23,26500.0,12965.71484375,342150
2015-04-24,26900.0,13161.421875,258758
2015-04-27,27560.0,13484.337890625,411203
2015-04-28,27560.0,13484.337890625,411203
2015-04-29,27760.0,13582.1923828125,341927
2015-04-30,27460.0,13435.4130859375,1039934
2015-05-01,26060.0,12750.4287109375,5777577
2015-05-04,26060.0,12750.4287109375,0
2015-05-05,27100.0,13259.275390625,574159
2015-05-06,27480.0,13445.1953125,379520
2015-05-07,27240.0,13327.7734375,337340
2015-05-08,26920.0,13171.2041015625,684866
2015-05-11,27220.0,13317.9892578125,666560
2015-05-12,27220.0,13317.9892578125,666560
2015-05-13,27180.0,13298.4169921875,294556
2015-05-14,27220.0,13317.9892578125,678921
2015-05-15,27360.0,13386.4814453125,442455
2015-05-18,27220.0,13317.9892578125,0
2015-05-19,27900.0,13650.6953125,767128
2015-05-20,27900.0,13650.6953125,767128
2015-05-21,27900.0,13650.6953125,1051655
2015-05-22,27300.0,13357.12890625,257067
2015-05-25,26900.0,13161.421875,22143
2015-05-26,26900.0,13161.421875,22143
2015-05-27,26600.0,13014.6396484375,465440
2015-05-28,25980.0,12711.2919921875,621620
2015-05-29,26000.0,12721.07421875,724434
2015-06-01,25580.0,12515.5830078125,308207
2015-06-02,25580.0,12515.5830078125,308207
2015-06-03,26100.0,12770.001953125,329947
2015-06-04,26080.0,12760.2177734375,289163
2015-06-05,25640.0,12544.93359375,340823
2015-06-08,25580.0,12515.5830078125,0
2015-06-09,25500.0,12476.4384765625,300086
2015-06-10,25500.0,12476.4384765625,300086
2015-06-11,26000.0,12721.07421875,841892
2015-06-12,26740.0,13083.13671875,455477
2015-06-15,25500.0,12476.4384765625,0
2015-06-16,27660.0,13533.265625,940620
2015-06-17,27660.0,13533.265625,940620
2015-06-18,27560.0,13484.337890625,601456
2015-06-19,27760.0,13582.1923828125,968152
2015-06-22,25500.0,12476.4384765625,0
2015-06-23,27720.0,13562.623046875,247348
2015-06-24,27920.0,13763.5048828125,399331
2015-06-25,27500.0,13556.458984375,756387
2015-06-26,27120.0,13369.1376953125,211655
2015-06-29,25500.0,12570.5361328125,0
2015-06-30,27900.0,13753.6484375,641596
2015-07-01,27900.0,13753.6484375,641596
2015-07-02,27500.0,13556.458984375,821346
2015-07-03,27360.0,13487.4453125,625620
2015-07-06,27000.0,13309.982421875,368661
2015-07-07,27000.0,13309.982421875,368661
2015-07-08,26900.0,13260.6845703125,381076
2015-07-09,26660.0,13142.375,526038
2015-07-10,26760.0,13191.6689453125,683285
2015-07-13,27360.0,13487.4453125,283226
2015-07-14,27360.0,13487.4453125,283226
2015-07-15,27560.0,13586.0380859375,332502
2015-07-16,27600.0,13605.75390625,121198
2015-07-17,27600.0,13605.75390625,418450
2015-07-20,27400.0,13507.16796875,0
2015-07-21,26800.0,13211.3857421875,194696
2015-07-22,26800.0,13211.3857421875,194696
2015-07-23,26900.0,13260.6845703125,381339
2015-07-24,27200.0,13408.572265625,281001
2015-07-27,27220.0,13418.43359375,265318
2015-07-28,27220.0,13418.43359375,265318
2015-07-29,27360.0,13487.4453125,380985
2015-07-30,27940.0,13773.3642578125,554605
2015-07-31,27700.0,13655.0546875,223463
2015-08-03,27680.0,13645.1943359375,418542
2015-08-04,27680.0,13645.1943359375,418542
2015-08-05,27700.0,13655.0546875,481673
2015-08-06,28000.0,13802.94140625,792520
2015-08-07,28000.0,13802.94140625,1169463
2015-08-10,27720.0,13664.9130859375,231588
2015-08-11,27720.0,13664.9130859375,231588
2015-08-12,27300.0,13457.8671875,130179
2015-08-13,27320.0,13467.7294921875,254895
2015-08-14,27240.0,13428.291015625,314284
2015-08-17,26760.0,13191.6689453125,0
2015-08-18,26020.0,12826.876953125,1943871
2015-08-19,26020.0,12826.876953125,1943871
2015-08-20,25080.0,12363.4921875,1484323
2015-08-21,24840.0,12245.1796875,926293
2015-08-24,24200.0,11929.6826171875,566105
2015-08-25,24200.0,11929.6826171875,566105
2015-08-26,24400.0,12028.27734375,635350
2015-08-27,24920.0,12284.6181640625,432083
2015-08-28,25800.0,12718.421875,640109
2015-08-31,26380.0,13004.3427734375,672202
2015-09-01,26380.0,13004.3427734375,672202
2015-09-02,25700.0,12669.1279296875,550718
2015-09-03,26200.0,12915.6123046875,672442
2015-09-04,26420.0,13024.0576171875,554539
2015-09-07,25720.0,12678.9853515625,38442
2015-09-08,25720.0,12678.9853515625,38442
2015-09-09,26240.0,12935.328125,376116
2015-09-10,25600.0,12619.833984375,522712
2015-09-11,26160.0,12895.890625,477594
2015-09-14,25980.0,12807.1611328125,215834
2015-09-15,25980.0,12807.1611328125,215834
2015-09-16,26080.0,12856.4541015625,494030
2015-09-17,26560.0,13093.0751953125,733267
2015-09-18,26140.0,12886.0302734375,683928
2015-09-21,25420.0,12531.099609375,494537
2015-09-22,25420.0,12531.099609375,494537
2015-09-23,24640.0,12146.5888671875,1073000
2015-09-24,24160.0,11909.96875,1092360
2015-09-25,24840.0,12351.259765625,847966
2015-09-28,24500.0,12182.2001953125,496703
2015-09-29,24500.0,12182.2001953125,496703
2015-09-30,24460.0,12162.3125,175788
2015-10-01,24960.0,12410.9287109375,674197
2015-10-02,25000.0,12430.818359375,349242
2015-10-05,26000.0,12928.0498046875,793907
2015-10-06,26000.0,12928.0498046875,793907
2015-10-07,26700.0,13276.1162109375,1917841
2015-10-08,27620.0,13733.5673828125,2160368
2015-10-09,27680.0,13763.40234375,688143
2015-10-12,28000.0,13922.517578125,0
2015-10-13,26900.0,13375.5625,1245433
2015-10-14,26900.0,13375.5625,1245433
2015-10-15,27200.0,13524.7294921875,659700
2015-10-16,27120.0,13484.955078125,484703
2015-10-19,27200.0,13524.7294921875,562753
2015-10-20,27200.0,13524.7294921875,562753
2015-10-21,27180.0,13514.7841796875,261264
2015-10-22,27300.0,13574.4521484375,641483
2015-10-23,26940.0,13395.4501953125,611295
2015-10-26,27100.0,13475.0078125,258270
2015-10-27,27100.0,13475.0078125,258270
2015-10-28,26680.0,13266.1728515625,874568
2015-10-29,25620.0,12739.1005859375,1588997
2015-10-30,25380.0,12619.767578125,811272
2015-11-02,25120.0,12490.4873046875,0
2015-11-03,24460.0,12162.3125,1152367
2015-11-04,24460.0,12162.3125,1152367
2015-11-05,24720.0,12291.5927734375,2556662
2015-11-06,25080.0,12470.5966796875,289806
2015-11-09,25080.0,12470.5966796875,1191143
2015-11-10,25080.0,12470.5966796875,1191143
2015-11-11,25160.0,12510.37890625,829775
2015-11-12,24760.0,12311.48046875,1436246
2015-11-13,24580.0,12221.9814453125,582265
2015-11-16,23860.0,11863.9765625,0
2015-11-17,23060.0,11466.1845703125,966591
2015-11-18,23060.0,11466.1845703125,966591
2015-11-19,23100.0,11486.076171875,1440569
2015-11-20,22860.0,11366.744140625,1375600
2015-11-23,23440.0,11655.130859375,370445
2015-11-24,23440.0,11655.130859375,370445
2015-11-25,22860.0,11366.744140625,893342
2015-11-26,22400.0,11138.0146484375,732450
2015-11-27,22700.0,11287.1845703125,75522
2015-11-30,22400.0,11138.0146484375,2079487
2015-12-01,22400.0,11138.0146484375,2079487
2015-12-02,22300.0,11088.287109375,586296
2015-12-03,21500.0,10690.50390625,948099
2015-12-04,21040.0,10461.7763671875,908712
2015-12-07,20380.0,10133.6005859375,264387
2015-12-08,20380.0,10133.6005859375,264387
2015-12-09,20420.0,10153.4970703125,605245
2015-12-10,20420.0,10153.4970703125,605245
2015-12-11,20400.0,10143.546875,788893
2015-12-14,20300.0,10093.8251953125,737222
2015-12-15,20300.0,10093.8251953125,737222
2015-12-16,21020.0,10451.8330078125,1016501
2015-12-17,22600.0,11237.4619140625,556273
2015-12-18,22780.0,11326.9580078125,735832
2015-12-21,22000.0,10939.1240234375,508112
2015-12-22,22000.0,10939.1240234375,508112
2015-12-23,21900.0,10889.3974609375,428029
2015-12-24,22780.0,11435.3076171875,376294
2015-12-25,22520.0,11304.794921875,307049
2015-12-28,22120.0,11103.9970703125,209085
2015-12-29,22120.0,11103.9970703125,209085
2015-12-30,21940.0,11013.6396484375,185773
2015-12-31,21600.0,10842.9609375,193126
2016-01-01,21600.0,10842.9609375,0
2016-01-04,21280.0,10682.3232421875,223754
2016-01-05,21280.0,10682.3232421875,223754
2016-01-06,21760.0,10923.2822265625,90143
2016-01-07,21200.0,10642.169921875,342142
2016-01-08,20760.0,10421.29296875,402621
2016-01-11,20840.0,10461.4501953125,0
2016-01-12,20920.0,10501.615234375,278415
2016-01-13,20920.0,10501.615234375,278415
2016-01-14,20960.0,10521.6875,242931
2016-01-15,22320.0,11204.3916015625,618331
2016-01-18,20700.0,10391.1728515625,228646
2016-01-19,20700.0,10391.1728515625,228646
2016-01-20,21600.0,10842.9609375,445840
2016-01-21,22000.0,11043.76171875,1178127
2016-01-22,22400.0,11244.5517578125,1145504
2016-01-25,22780.0,11435.3076171875,605958
2016-01-26,22780.0,11435.3076171875,605958
2016-01-27,22740.0,11415.2294921875,901484
2016-01-28,22900.0,11495.546875,955779
2016-01-29,23240.0,11666.22265625,665318
2016-02-01,24040.0,12067.8173828125,681910
2016-02-02,24040.0,12067.8173828125,681910
2016-02-03,23740.0,11917.2197265625,688417
2016-02-04,24560.0,12328.8486328125,1260695
2016-02-05,24460.0,12278.650390625,1072381
2016-02-08,24620.0,12358.9697265625,466812
2016-02-09,24620.0,12358.9697265625,466812
2016-02-10,24460.0,12278.650390625,1697335
2016-02-11,24420.0,12258.5693359375,542272
2016-02-12,24120.0,12107.9755859375,988632
2016-02-15,24780.0,12439.2861328125,105639
2016-02-16,24780.0,12439.2861328125,105639
2016-02-17,24760.0,12429.2470703125,1019815
2016-02-18,25100.0,12599.92578125,1065217
2016-02-19,24820.0,12459.369140625,920725
2016-02-22,24740.0,12419.2080078125,288405
2016-02-23,24740.0,12419.2080078125,288405
2016-02-24,24660.0,12379.048828125,803440
2016-02-25,24460.0,12278.650390625,650893
2016-02-26,24400.0,12248.53125,726507
2016-02-29,24740.0,12419.2080078125,490325
2016-03-01,24740.0,12419.2080078125,490325
2016-03-02,24880.0,12489.486328125,317811
2016-03-03,25200.0,12650.125,932320
2016-03-04,25700.0,12901.1142578125,2037719
2016-03-07,26260.0,13182.2294921875,2098649
2016-03-08,26260.0,13182.2294921875,2098649
2016-03-09,26200.0,13152.1103515625,813198
2016-03-10,26400.0,13252.509765625,1649910
2016-03-11,26400.0,13252.509765625,1101277
2016-03-14,26520.0,13312.7490234375,370416
2016-03-15,26520.0,13312.7490234375,370416
2016-03-16,25900.0,13001.5146484375,905471
2016-03-17,25400.0,12750.517578125,846557
2016-03-18,26200.0,13152.1103515625,1279424
2016-03-21,26200.0,13152.1103515625,0
2016-03-22,25680.0,12891.078125,658428
2016-03-23,25680.0,12891.078125,658428
2016-03-24,25460.0,12780.6416015625,355366
2016-03-25,25460.0,12780.6416015625,0
2016-03-28,25460.0,12893.0810546875,0
2016-03-29,25080.0,12700.6416015625,935441
2016-03-30,25080.0,12700.6416015625,935441
2016-03-31,25540.0,12933.59375,903723
2016-04-01,25880.0,13105.771484375,1332916
2016-04-04,26100.0,13217.177734375,373944
2016-04-05,26100.0,13217.177734375,373944
2016-04-06,25600.0,12963.974609375,219610
2016-04-07,25780.0,13055.126953125,494262
2016-04-08,25780.0,13055.126953125,453332
2016-04-11,26340.0,13338.7119140625,770990
2016-04-12,26340.0,13338.7119140625,770990
2016-04-13,27280.0,13814.7353515625,1159559
2016-04-14,28060.0,14209.7294921875,2571855
2016-04-15,27800.0,14078.06640625,653797
2016-04-18,27500.0,13926.14453125,582898
2016-04-19,27500.0,13926.14453125,582898
2016-04-20,27920.0,14138.83984375,482240
2016-04-21,28400.0,14381.9091796875,1285893
2016-04-22,28500.0,14432.548828125,2075592
2016-04-25,28280.0,14321.1435546875,360576
2016-04-26,28280.0,14321.1435546875,360576
2016-04-27,28240.0,14300.884765625,395370
2016-04-28,28300.0,14331.2705078125,555127
2016-04-29,28180.0,14270.50390625,1631055
2016-05-02,27160.0,13753.9658203125,358359
2016-05-03,27160.0,13753.9658203125,358359
2016-05-04,26800.0,13571.6591796875,1217299
2016-05-05,26580.0,13460.25,1085865
2016-05-06,26020.0,13176.66015625,582573
2016-05-09,26220.0,13277.9462890625,0
2016-05-10,26980.0,13662.814453125,541362
2016-05-11,26980.0,13662.814453125,541362
2016-05-12,26800.0,13571.6591796875,1363463
2016-05-13,27020.0,13683.068359375,1250262
2016-05-16,27340.0,13845.1181640625,856950
2016-05-17,27340.0,13845.1181640625,856950
2016-05-18,27040.0,13693.1982421875,507899
2016-05-19,27300.0,13824.8623046875,520913
2016-05-20,26900.0,13622.30078125,392496
2016-05-23,27200.0,13774.2216796875,461356
2016-05-24,27200.0,13774.2216796875,461356
2016-05-25,26680.0,13510.8896484375,398015
2016-05-26,25760.0,13044.9970703125,1359111
2016-05-27,26080.0,13207.0498046875,670111
2016-05-30,25640.0,12984.2314453125,0
2016-05-31,25280.0,12801.923828125,1153350
2016-06-01,25280.0,12801.923828125,1153350
2016-06-02,25360.0,12842.4365234375,1270168
2016-06-03,25440.0,12882.94921875,789716
2016-06-06,25720.0,13024.740234375,0
2016-06-07,25200.0,12761.4140625,1201307
2016-06-08,25200.0,12761.4140625,1201307
2016-06-09,25980.0,13156.4072265625,940466
2016-06-10,25900.0,13115.8896484375,310272
2016-06-13,25300.0,12812.05078125,577160
2016-06-14,25300.0,12812.05078125,0
2016-06-15,25140.0,12731.03125,719584
2016-06-16,25280.0,12801.923828125,212402
2016-06-17,25400.0,12862.69140625,270348
2016-06-20,25700.0,13014.619140625,228361
2016-06-21,25700.0,13014.619140625,228361
2016-06-22,25720.0,13024.740234375,315702
2016-06-23,25780.0,13055.126953125,439094
2016-06-24,26200.0,13267.8193359375,484639
2016-06-27,25300.0,12921.55078125,317536
2016-06-28,25300.0,12921.55078125,317536
2016-06-29,25340.0,12941.9873046875,179752
2016-06-30,25620.0,13084.9931640625,322330
2016-07-01,25480.0,13013.4892578125,295472
2016-07-04,25700.0,13125.8525390625,0
2016-07-05,25400.0,12972.625,223499
2016-07-06,25400.0,12972.625,223499
2016-07-07,25420.0,12982.83984375,135193
2016-07-08,25380.0,12962.4111328125,175754
2016-07-11,25540.0,13044.1328125,343347
2016-07-12,25540.0,13044.1328125,343347
2016-07-13,25780.0,13166.7060546875,575569
2016-07-14,25780.0,13166.7060546875,361105
2016-07-15,25860.0,13207.56640625,803120
2016-07-18,25980.0,13268.8544921875,381969
2016-07-19,25980.0,13268.8544921875,381969
2016-07-20,25960.0,13258.6396484375,358542
2016-07-21,26000.0,13279.0703125,294024
2016-07-22,26000.0,13279.0703125,294024
2016-07-25,25860.0,13207.56640625,229596
2016-07-26,25860.0,13207.56640625,229596
2016-07-27,25800.0,13176.9228515625,372455
2016-07-28,26120.0,13340.357421875,310477
2016-07-29,26000.0,13279.0703125,170478
2016-08-01,26020.0,13289.279296875,218243
2016-08-02,26020.0,13289.279296875,218243
2016-08-03,26080.0,13319.9296875,250757
2016-08-04,26300.0,13432.2890625,663647
2016-08-05,26360.0,13462.935546875,464573
2016-08-08,26500.0,13534.4384765625,738845
2016-08-09,26500.0,13534.4384765625,738845
2016-08-10,26900.0,13738.728515625,905718
2016-08-11,26960.0,13769.3720703125,870438
2016-08-12,27180.0,13881.7314453125,1807899
2016-08-15,27180.0,13881.7314453125,0
2016-08-16,27380.0,13983.8798828125,1658264
2016-08-17,27380.0,13983.8798828125,1658264
2016-08-18,27320.0,13953.2353515625,1107408
2016-08-19,27180.0,13881.7314453125,979082
2016-08-22,28080.0,14341.3955078125,3549120
2016-08-23,28080.0,14341.3955078125,3549120
2016-08-24,28180.0,14392.4697265625,2035516
2016-08-25,28280.0,14443.544921875,1726310
2016-08-26,28360.0,14484.3984375,1072355
2016-08-29,28560.0,14586.5458984375,1465817
2016-08-30,28560.0,14586.5458984375,1465817
2016-08-31,28640.0,14627.404296875,2157037
2016-09-01,29100.0,14862.3408203125,1177587
2016-09-02,29260.0,14944.0595703125,799918
2016-09-05,29780.0,15209.642578125,170151
2016-09-06,29780.0,15209.642578125,170151
2016-09-07,29760.0,15199.42578125,962139
2016-09-08,30200.0,15424.1474609375,834512
2016-09-09,29940.0,15291.3564453125,976702
2016-09-12,29700.0,15168.7763671875,555255
2016-09-13,29700.0,15168.7763671875,555255
2016-09-14,29220.0,14923.6298828125,617824
2016-09-15,29020.0,14821.4833984375,654589
2016-09-16,29280.0,14954.275390625,617976
2016-09-19,28200.0,14402.6826171875,589058
2016-09-20,28200.0,14402.6826171875,589058
2016-09-21,27720.0,14157.5322265625,1539348
2016-09-22,27600.0,14096.2451171875,588647
2016-09-23,28000.0,14300.533203125,823014
2016-09-26,27680.0,14137.103515625,462181
2016-09-27,27680.0,14251.41796875,462181
2016-09-28,27260.0,14035.17578125,590689
2016-09-29,28320.0,14580.9296875,589612
2016-09-30,28100.0,14467.66015625,288418
2016-10-03,27640.0,14230.8212890625,610400
2016-10-04,27640.0,14230.8212890625,610400
2016-10-05,27800.0,14313.197265625,587562
2016-10-06,27820.0,14323.498046875,289889
2016-10-07,27640.0,14230.8212890625,720280
2016-10-10,27800.0,14313.197265625,381068
2016-10-11,27800.0,14313.197265625,381068
2016-10-12,28180.0,14508.84765625,523759
2016-10-13,28040.0,14436.765625,658184
2016-10-14,28280.0,14560.3369140625,387264
2016-10-17,28100.0,14467.66015625,0
2016-10-18,28300.0,14570.6357421875,171111
2016-10-19,28300.0,14570.6357421875,171111
2016-10-20,28460.0,14653.0087890625,1053108
2016-10-21,28600.0,14725.0859375,493305
2016-10-24,28660.0,14755.9794921875,275205
2016-10-25,28660.0,14755.9794921875,275205
2016-10-26,28440.0,14642.708984375,1182240
2016-10-27,28540.0,14694.1923828125,559325
2016-10-28,28500.0,14673.6005859375,359009
2016-10-31,28540.0,14694.1923828125,2677713
2016-11-01,28540.0,14694.1923828125,2677713
2016-11-02,29140.0,15003.1142578125,1537901
2016-11-03,29060.0,14961.92578125,1838009
2016-11-04,29060.0,14961.92578125,2150232
2016-11-07,28520.0,14683.896484375,0
2016-11-08,28680.0,14766.2763671875,607446
2016-11-09,28680.0,14766.2763671875,607446
2016-11-10,28380.0,14611.8203125,788758
2016-11-11,27520.0,14169.037109375,924209
2016-11-14,27140.0,13973.38671875,0
2016-11-15,26860.0,13829.228515625,1134559
2016-11-16,26900.0,13849.8212890625,764346
2016-11-17,26820.0,13808.630859375,607482
2016-11-18,26820.0,13808.630859375,625361
2016-11-21,26500.0,13643.8779296875,1245679
2016-11-22,26120.0,13448.2294921875,1472472
2016-11-23,26500.0,13643.8779296875,659321
2016-11-24,26400.0,13592.3935546875,52538
2016-11-25,26140.0,13458.52734375,287284
2016-11-28,25900.0,13334.95703125,712521
2016-11-29,25640.0,13201.0947265625,471681
2016-11-30,26000.0,13386.447265625,1532604
2016-12-01,26320.0,13551.19921875,419560
2016-12-02,26600.0,13695.3623046875,225619
2016-12-05,26820.0,13808.630859375,403196
2016-12-06,26860.0,13829.228515625,414841
2016-12-07,26820.0,13808.630859375,1125122
2016-12-08,26820.0,13808.630859375,0
2016-12-09,26980.0,13891.013671875,1578367
2016-12-12,27000.0,13901.310546875,1565500
2016-12-13,27300.0,14055.767578125,2550458
2016-12-14,26900.0,13849.8212890625,569278
2016-12-15,27800.0,14313.197265625,597180
2016-12-16,27680.0,14251.41796875,826476
2016-12-19,27240.0,14024.8740234375,703986
2016-12-20,27100.0,13952.794921875,723593
2016-12-21,26980.0,13891.013671875,613678
2016-12-22,27200.0,14004.275390625,606107
2016-12-23,26940.0,13870.4169921875,104546
2016-12-26,27180.0,14110.2724609375,170252
2016-12-27,26920.0,13975.2998046875,84099
2016-12-28,27460.0,14255.634765625,271731
2016-12-29,27180.0,14110.2724609375,142974
2016-12-30,27180.0,14110.2724609375,0
2017-01-02,27120.0,14079.126953125,9046
2017-01-03,27640.0,14349.080078125,824080
2017-01-04,27860.0,14463.291015625,421293
2017-01-05,27840.0,14452.908203125,503705
2017-01-06,27840.0,14452.908203125,490165
2017-01-09,27840.0,14452.908203125,0
2017-01-10,28280.0,14681.3349609375,1894359
2017-01-11,28380.0,14733.2451171875,982917
2017-01-12,28180.0,14629.419921875,2540732
2017-01-13,27920.0,14494.443359375,303249
2017-01-16,27700.0,14380.23046875,39376
2017-01-17,27720.0,14390.61328125,172153
2017-01-18,27840.0,14452.908203125,2791899
2017-01-19,27660.0,14359.4658203125,375704
2017-01-20,27660.0,14359.4658203125,287488
2017-01-23,27660.0,14359.4658203125,941643
2017-01-24,27740.0,14400.9990234375,397728
2017-01-25,27780.0,14421.7587890625,223898
2017-01-26,28160.0,14619.0322265625,460960
2017-01-27,27780.0,14421.7587890625,177626
2017-01-30,27620.0,14338.69921875,240351
2017-01-31,27560.0,14307.552734375,578579
2017-02-01,27580.0,14317.9326171875,290262
2017-02-02,27840.0,14452.908203125,387507
2017-02-03,27800.0,14432.1435546875,219644
2017-02-06,27800.0,14432.1435546875,656356
2017-02-07,27480.0,14266.017578125,322052
2017-02-08,27280.0,14162.189453125,761571
2017-02-09,27220.0,14131.044921875,666207
2017-02-10,27240.0,14141.4228515625,600575
2017-02-13,27300.0,14172.5712890625,174885
2017-02-14,26840.0,13933.7646484375,342443
2017-02-15,27300.0,14172.5712890625,236977
2017-02-16,27640.0,14349.080078125,627278
2017-02-17,27340.0,14193.3359375,244421
2017-02-20,27400.0,14224.490234375,5473
2017-02-21,27200.0,14120.654296875,232979
2017-02-22,27400.0,14224.490234375,191179
2017-02-23,27820.0,14442.5283203125,897214
2017-02-24,27240.0,14141.4228515625,510163
2017-02-27,27680.0,14369.849609375,192776
2017-02-28,27300.0,14172.5712890625,517102
2017-03-01,27520.0,14286.78515625,866858
2017-03-02,27400.0,14224.490234375,511140
2017-03-03,27580.0,14317.9326171875,37644
2017-03-06,27640.0,14349.080078125,112020
2017-03-07,27540.0,14297.1708984375,361313
2017-03-08,27600.0,14328.3193359375,439154
2017-03-09,27400.0,14224.490234375,1083005
2017-03-10,27600.0,14328.3193359375,226145
2017-03-13,27880.0,14473.6728515625,331898
2017-03-14,27100.0,14068.744140625,759258
2017-03-15,27360.0,14203.7197265625,294087
2017-03-16,27660.0,14359.4658203125,240138
2017-03-17,27560.0,14307.552734375,1492285
2017-03-20,27560.0,14307.552734375,0
2017-03-21,27880.0,14473.6728515625,1075576
2017-03-22,28500.0,14795.541015625,562731
2017-03-23,28500.0,14795.541015625,855580
2017-03-24,28460.0,14774.7783203125,362608
2017-03-27,28780.0,14940.900390625,545493
2017-03-28,29140.0,15253.7255859375,1272622
2017-03-29,28800.0,15075.7431640625,308003
2017-03-30,29060.0,15211.84375,513611
2017-03-31,28700.0,15023.400390625,336305
2017-04-03,29100.0,15232.7802734375,549735
2017-04-04,29080.0,15222.31640625,421773
2017-04-05,29200.0,15285.1337890625,894323
2017-04-06,28860.0,15107.1552734375,466403
2017-04-07,28700.0,15023.400390625,461871
2017-04-10,29060.0,15211.84375,206197
2017-04-11,29040.0,15201.376953125,269363
2017-04-12,28720.0,15033.869140625,320422
2017-04-13,28720.0,15033.869140625,0
2017-04-14,28720.0,15033.869140625,0
2017-04-17,28920.0,15138.5634765625,133848
2017-04-18,28560.0,14950.1142578125,309639
2017-04-19,28000.0,14656.9775390625,1091570
2017-04-20,28220.0,14772.1357421875,652386
2017-04-21,28360.0,14845.42578125,666912
2017-04-24,28660.0,15002.46484375,1099837
2017-04-25,29000.0,15180.439453125,596511
2017-04-26,28960.0,15159.501953125,456070
2017-04-27,28500.0,14918.7119140625,411979
2017-04-28,28720.0,15033.869140625,1234224
2017-05-01,28720.0,15033.869140625,0
2017-05-02,29280.0,15327.0107421875,482235
2017-05-03,29160.0,15264.1953125,311225
2017-05-04,29560.0,15473.578125,896817
2017-05-05,29660.0,15525.9248046875,640338
2017-05-08,30200.0,15808.5986328125,939373
2017-05-09,30680.0,16059.859375,1144417
2017-05-10,31140.0,16300.6494140625,1298950
2017-05-11,31460.0,16468.15625,1997999
2017-05-12,31600.0,16541.443359375,514973
2017-05-15,31600.0,16541.443359375,0
2017-05-16,32160.0,16834.583984375,598275
2017-05-17,31880.0,16688.013671875,531774
2017-05-18,31660.0,16572.8515625,513803
2017-05-19,32140.0,16824.111328125,1296522
2017-05-22,32040.0,16771.765625,396146
2017-05-23,32200.0,16855.51953125,491595
2017-05-24,32260.0,16886.93359375,402626
2017-05-25,32000.0,16750.830078125,200343
2017-05-26,32120.0,16813.646484375,235708
2017-05-29,32120.0,16813.646484375,0
2017-05-30,31900.0,16698.482421875,170271
2017-05-31,32260.0,16886.93359375,3080929
2017-06-01,32240.0,16876.46484375,1115517
2017-06-02,32200.0,16855.51953125,904770
2017-06-05,32520.0,17023.037109375,342082
2017-06-06,32980.0,17263.822265625,640262
2017-06-07,32500.0,17012.5625,480979
2017-06-08,32780.0,17159.12890625,378601
2017-06-09,32600.0,17064.90625,115846
2017-06-12,32800.0,17169.6015625,471703
2017-06-13,33140.0,17347.578125,405761
2017-06-14,33500.0,17536.025390625,356537
2017-06-15,33400.0,17483.68359375,407459
2017-06-16,34200.0,17902.451171875,605690
2017-06-19,34200.0,17902.451171875,0
2017-06-20,34280.0,17944.322265625,501923
2017-06-21,33000.0,17274.296875,367435
2017-06-22,32180.0,16845.046875,541679
2017-06-23,32140.0,16824.111328125,627048
2017-06-26,32140.0,16824.111328125,0
2017-06-27,32800.0,17297.47265625,207270
2017-06-28,33680.0,17761.5546875,593914
2017-06-29,34000.0,17930.306640625,236275
2017-06-30,33900.0,17877.57421875,169345
2017-07-03,33900.0,17877.57421875,0
2017-07-04,34200.0,18035.783203125,83236
2017-07-05,34400.0,18141.2578125,272512
2017-07-06,34200.0,18035.783203125,179026
2017-07-07,33700.0,17772.10546875,77630
2017-07-10,33740.0,17793.197265625,96100
2017-07-11,34300.0,18088.5234375,246464
2017-07-12,34900.0,18404.927734375,116437
2017-07-13,34880.0,18394.388671875,183308
2017-07-14,34300.0,18088.5234375,539831
2017-07-17,34000.0,17930.306640625,669015
2017-07-18,33800.0,17824.8359375,570247
2017-07-19,33000.0,17402.94921875,529041
2017-07-20,33000.0,17402.94921875,0
2017-07-21,33080.0,17445.138671875,51796
2017-07-24,33500.0,17666.62890625,439939
2017-07-25,33260.0,17540.0625,250586
2017-07-26,32840.0,17318.568359375,767434
2017-07-27,33060.0,17434.59375,450517
2017-07-28,33500.0,17666.62890625,200155
2017-07-31,32700.0,17244.7421875,1974674
2017-08-01,32940.0,17371.302734375,535803
2017-08-02,33000.0,17402.94921875,181433
2017-08-03,32700.0,17244.7421875,315273
2017-08-04,32800.0,17297.47265625,133088
2017-08-07,32800.0,17297.47265625,0
2017-08-08,32680.0,17234.19140625,188395
2017-08-09,32100.0,16928.32421875,888960
2017-08-10,32000.0,16875.58203125,1102629
2017-08-11,32300.0,17033.794921875,594377
2017-08-14,32300.0,17033.794921875,484625
2017-08-15,31900.0,16822.84765625,684181
2017-08-16,32800.0,17297.47265625,905408
2017-08-17,32460.0,17118.169921875,2512509
2017-08-18,32960.0,17381.85546875,232840
2017-08-21,32960.0,17381.85546875,0
2017-08-22,33060.0,17434.59375,260037
2017-08-23,33280.0,17550.607421875,3526646
2017-08-24,32800.0,17297.47265625,166847
2017-08-25,32680.0,17234.19140625,163117
2017-08-28,32640.0,17213.09765625,331176
2017-08-29,33100.0,17455.681640625,409961
2017-08-30,32580.0,17181.451171875,319436
2017-08-31,33600.0,17719.365234375,1529694
2017-09-01,34600.0,18246.728515625,722836
2017-09-04,35260.0,18594.78515625,170306
2017-09-05,34780.0,18341.65234375,1063192
2017-09-06,35320.0,18626.4296875,393406
2017-09-07,35000.0,18457.673828125,334101
2017-09-08,34880.0,18394.388671875,241472
2017-09-11,35300.0,18615.876953125,197904
2017-09-12,35300.0,18615.876953125,599705
2017-09-13,34880.0,18394.388671875,268740
2017-09-14,34440.0,18162.34765625,720518
2017-09-15,34240.0,18056.873046875,1788041
2017-09-18,34520.0,18204.5390625,135563
2017-09-19,34300.0,18088.5234375,708080
2017-09-20,33620.0,17729.91015625,501159
2017-09-21,33920.0,17888.119140625,349515
2017-09-22,34400.0,18141.2578125,394054
2017-09-25,34160.0,18014.689453125,214794
2017-09-26,33920.0,18013.41015625,854945
2017-09-27,33960.0,18034.65625,552106
2017-09-28,33760.0,17928.44921875,2816036
2017-09-29,33780.0,17939.068359375,641891
2017-10-02,33980.0,18045.28125,163880
2017-10-03,34200.0,18162.109375,365037
2017-10-04,33600.0,17843.4765625,703388
2017-10-05,33700.0,17896.583984375,469110
2017-10-06,33480.0,17779.740234375,865433
2017-10-09,33000.0,17524.84375,322277
2017-10-10,33040.0,17546.083984375,359852
2017-10-11,32920.0,17482.357421875,333437
2017-10-12,32900.0,17471.734375,553800
2017-10-13,32900.0,17471.734375,553800
2017-10-16,32900.0,17471.734375,0
2017-10-17,32480.0,17248.6953125,969398
2017-10-18,32360.0,17184.966796875,1670205
2017-10-19,32120.0,17057.513671875,671476
2017-10-20,32020.0,17004.40625,415562
2017-10-23,31980.0,16983.162109375,615062
2017-10-24,31880.0,16930.05859375,731658
2017-10-25,31980.0,16983.162109375,849340
2017-10-26,32120.0,17057.513671875,560085
2017-10-27,29900.0,15878.5673828125,5293988
2017-10-30,28900.0,15347.5146484375,1880682
2017-10-31,29000.0,15400.6162109375,1911998
2017-11-01,29060.0,15432.4775390625,1841009
2017-11-02,28480.0,15124.4658203125,1030425
2017-11-03,28180.0,14965.1494140625,953569
2017-11-06,28180.0,14965.1494140625,0
2017-11-07,28620.0,15198.822265625,670970
2017-11-08,29000.0,15400.6162109375,1741031
2017-11-09,29280.0,15549.314453125,1817002
2017-11-10,29040.0,15421.859375,924235
2017-11-13,29040.0,15421.859375,0
2017-11-14,28500.0,15135.09375,1703328
2017-11-15,28620.0,15198.822265625,598283
2017-11-16,28820.0,15305.0234375,1175084
2017-11-17,29120.0,15464.3408203125,440105
2017-11-20,29300.0,15559.935546875,540446
2017-11-21,29540.0,15687.3896484375,995500
2017-11-22,29540.0,15687.3896484375,525090
2017-11-23,29440.0,15634.28125,43928
2017-11-24,29520.0,15676.767578125,346510
2017-11-27,29120.0,15464.3408203125,561035
2017-11-28,29380.0,15602.416015625,812775
2017-11-29,29360.0,15591.80078125,509038
2017-11-30,29200.0,15506.830078125,1587232
2017-12-01,28980.0,15389.998046875,510067
2017-12-04,28780.0,15283.7861328125,361277
2017-12-05,28900.0,15347.5146484375,1295871
2017-12-06,29420.0,15623.66015625,852341
2017-12-07,29380.0,15602.416015625,770210
2017-12-08,29380.0,15602.416015625,0
2017-12-11,29380.0,15602.416015625,0
2017-12-12,29840.0,15846.70703125,940951
2017-12-13,29720.0,15782.9765625,1489648
2017-12-14,29720.0,15782.9765625,0
2017-12-15,29180.0,15496.208984375,1683304
2017-12-18,29620.0,15729.87109375,842782
2017-12-19,29640.0,15740.4970703125,529610
2017-12-20,29500.0,15792.7392578125,1236797
2017-12-21,29660.0,15878.3984375,295391
2017-12-22,29600.0,15846.2802734375,253271
2017-12-25,29600.0,15846.2802734375,0
2017-12-26,29500.0,15792.7392578125,45109
2017-12-27,29700.0,15899.8115234375,205234
2017-12-28,29920.0,16017.591796875,221697
2017-12-29,29920.0,16017.591796875,221697
2018-01-01,29920.0,16017.591796875,0
2018-01-02,29980.0,16049.7080078125,150702
2018-01-03,29900.0,16006.8818359375,313471
2018-01-04,29900.0,16006.8818359375,0
2018-01-05,31100.0,16649.298828125,609126
2018-01-08,31100.0,16649.298828125,0
2018-01-09,30800.0,16488.701171875,701047
2018-01-10,30520.0,16338.798828125,743043
2018-01-11,30040.0,16081.8310546875,423775
2018-01-12,30040.0,16081.8310546875,423775
2018-01-15,30000.0,16060.416015625,86362
2018-01-16,31160.0,16681.41796875,968880
2018-01-17,31160.0,16681.41796875,968880
2018-01-18,31160.0,16681.41796875,0
2018-01-19,31180.0,16692.12890625,356451
2018-01-22,30760.0,16467.28515625,365410
2018-01-23,30900.0,16542.234375,416716
2018-01-24,31700.0,16970.505859375,764124
2018-01-25,32240.0,17259.59765625,893280
2018-01-26,32680.0,17495.146484375,507270
2018-01-29,32540.0,17420.197265625,474744
2018-01-30,32580.0,17441.611328125,194633
2018-01-31,32460.0,17377.36328125,2198306
2018-02-01,32660.0,17484.4375,554379
2018-02-02,32080.0,17173.935546875,570801
2018-02-05,31120.0,16660.00390625,1143139
2018-02-06,31280.0,16745.666015625,602726
2018-02-07,31560.0,16895.560546875,558599
2018-02-08,31200.0,16702.83203125,997052
2018-02-09,31260.0,16734.95703125,768683
2018-02-12,31520.0,16874.146484375,579704
2018-02-13,31580.0,16906.267578125,388762
2018-02-14,32060.0,17163.23046875,842341
2018-02-15,31820.0,17034.74609375,491585
2018-02-16,32060.0,17163.23046875,755487
2018-02-19,31840.0,17045.45703125,27461
2018-02-20,32240.0,17259.59765625,1024392
2018-02-21,32380.0,17334.541015625,1468675
2018-02-22,32660.0,17484.4375,1973016
2018-02-23,32360.0,17323.8359375,557537
2018-02-26,31780.0,17013.333984375,726905
2018-02-27,31400.0,16809.8984375,1188579
2018-02-28,30180.0,16156.7783203125,960120
2018-03-01,30000.0,16060.416015625,424290
2018-03-02,30240.0,16188.8994140625,260972
2018-03-05,30620.0,16392.330078125,177699
2018-03-06,31040.0,16617.17578125,587512
2018-03-07,31300.0,16756.3671875,1048468
2018-03-08,31300.0,16756.3671875,378186
2018-03-09,31580.0,16906.267578125,551771
2018-03-12,31300.0,16756.3671875,140171
2018-03-13,31300.0,16756.3671875,0
2018-03-14,30600.0,16381.625,312661
2018-03-15,30560.0,16360.20703125,473092
2018-03-16,30560.0,16360.20703125,473092
2018-03-19,30560.0,16360.20703125,0
2018-03-20,30900.0,16542.234375,700385
2018-03-21,30540.0,16349.5029296875,955107
2018-03-22,30180.0,16156.7783203125,612519
2018-03-23,30180.0,16294.453125,612519
2018-03-26,30400.0,16413.23828125,283241
2018-03-27,29780.0,16078.494140625,1169945
2018-03-28,29780.0,16078.494140625,1169945
2018-03-29,29780.0,16078.494140625,0
2018-03-30,29780.0,16078.494140625,0
2018-04-02,30160.0,16283.6640625,404819
2018-04-03,31300.0,16899.15625,1363388
2018-04-04,31900.0,17223.1015625,918402
2018-04-05,32600.0,17601.03515625,949099
2018-04-06,32600.0,17601.03515625,949099
2018-04-09,33100.0,17870.994140625,1103676
2018-04-10,34120.0,18421.69140625,1435660
2018-04-11,34300.0,18518.880859375,809427
2018-04-12,34000.0,18356.91015625,370283
2018-04-13,34000.0,18356.91015625,370283
2018-04-16,33400.0,18032.966796875,94521
2018-04-17,34080.0,18400.103515625,344785
2018-04-18,33940.0,18324.513671875,608271
2018-04-19,34300.0,18518.880859375,650625
2018-04-20,34300.0,18518.880859375,650625
2018-04-23,34400.0,18572.87109375,393802
2018-04-24,33400.0,18032.966796875,598517
2018-04-25,33060.0,17849.388671875,738831
2018-04-26,33160.0,17903.38671875,550824
2018-04-27,33160.0,17903.38671875,550824
2018-04-30,33300.0,17978.96875,1601066
2018-05-01,33300.0,17978.96875,0
2018-05-02,33460.0,18065.359375,416822
2018-05-03,34000.0,18356.91015625,2268499
2018-05-04,34000.0,18356.91015625,2268499
2018-05-07,33860.0,18281.318359375,364406
2018-05-08,34320.0,18529.681640625,4664952
2018-05-09,34220.0,18475.685546875,988410
2018-05-10,33820.0,18259.720703125,682243
2018-05-11,33820.0,18259.720703125,682243
2018-05-14,33820.0,18259.720703125,0
2018-05-15,34360.0,18551.275390625,2515991
2018-05-16,33500.0,18086.951171875,1066998
2018-05-17,33000.0,17817.001953125,986945
2018-05-18,33000.0,17817.001953125,986945
2018-05-21,32620.0,17611.83203125,426343
2018-05-22,32920.0,17773.80859375,939709
2018-05-23,32660.0,17633.431640625,358487
2018-05-24,32420.0,17503.853515625,1180364
2018-05-25,32420.0,17503.853515625,1180364
2018-05-28,33680.0,18184.140625,295628
2018-05-29,33680.0,18184.140625,770667
2018-05-30,33400.0,18032.966796875,416418
2018-05-31,33500.0,18086.951171875,1849975
2018-06-01,33500.0,18086.951171875,1849975
2018-06-04,33500.0,18086.951171875,0
2018-06-05,33900.0,18302.923828125,556100
2018-06-06,33620.0,18151.7421875,847199
2018-06-07,33100.0,17870.994140625,1838624
2018-06-08,33100.0,17870.994140625,1838624
2018-06-11,33100.0,17870.994140625,0
2018-06-12,33780.0,18238.130859375,590926
2018-06-13,34180.0,18454.091796875,393727
2018-06-14,33760.0,18227.330078125,650311
2018-06-15,33760.0,18227.330078125,650311
2018-06-18,34660.0,18713.24609375,640841
2018-06-19,34300.0,18518.880859375,970925
2018-06-20,34200.0,18464.892578125,803596
2018-06-21,34500.0,18626.865234375,369415
2018-06-22,34500.0,18626.865234375,369415
2018-06-25,34000.0,18356.91015625,263886
2018-06-26,34480.0,18756.7421875,345926
2018-06-27,34480.0,18756.7421875,259824
2018-06-28,35200.0,19148.412109375,710899
2018-06-29,35200.0,19148.412109375,710899
2018-07-02,35200.0,19148.412109375,0
2018-07-03,35980.0,19572.72265625,391468
2018-07-04,36200.0,19692.404296875,60410
2018-07-05,35920.0,19540.087890625,508512
2018-07-06,35920.0,19540.087890625,508512
2018-07-09,35520.0,19322.486328125,381928
2018-07-10,35680.0,19409.529296875,414294
2018-07-11,35580.0,19355.12890625,337204
2018-07-12,35400.0,19257.208984375,389654
2018-07-13,35400.0,19257.208984375,389654
2018-07-16,35260.0,19181.048828125,155826
2018-07-17,34880.0,18974.3359375,187453
2018-07-18,34800.0,18930.81640625,338133
2018-07-19,34800.0,18930.81640625,338133
2018-07-20,34800.0,18930.81640625,0
2018-07-23,34680.0,18865.537109375,153066
2018-07-24,34580.0,18811.138671875,217140
2018-07-25,33700.0,18332.431640625,396900
2018-07-26,34020.0,18506.50390625,308850
2018-07-27,34020.0,18506.50390625,308850
2018-07-30,33940.0,18462.986328125,356907
2018-07-31,33200.0,18060.43359375,1734477
2018-08-01,33960.0,18473.865234375,485190
2018-08-02,33140.0,18027.796875,947266
2018-08-03,33140.0,18027.796875,947266
2018-08-06,33740.0,18354.1875,118292
2018-08-07,33740.0,18354.1875,0
2018-08-08,33800.0,18386.828125,523377
2018-08-09,33580.0,18267.146484375,625147
2018-08-10,33580.0,18267.146484375,625147
2018-08-13,33180.0,18049.556640625,376229
2018-08-14,33120.0,18016.9140625,366396
2018-08-15,33240.0,18082.193359375,534281
2018-08-16,33660.0,18310.66796875,521262
2018-08-17,33660.0,18310.66796875,521262
2018-08-20,33660.0,18310.66796875,0
2018-08-21,33440.0,18190.99609375,835919
2018-08-22,33100.0,18006.037109375,949384
2018-08-23,33000.0,17951.640625,1188709
2018-08-24,33000.0,17951.640625,1188709
2018-08-27,33640.0,18299.787109375,515192
2018-08-28,33720.0,18343.314453125,406287
2018-08-29,33160.0,18038.67578125,305961
2018-08-30,32920.0,17908.12109375,554643
2018-08-31,32920.0,17908.12109375,554643
2018-09-03,33220.0,18071.314453125,11603
2018-09-04,32900.0,17897.236328125,227646
2018-09-05,32520.0,17690.521484375,449832
2018-09-06,32100.0,17462.044921875,621982
2018-09-07,32100.0,17462.044921875,621982
2018-09-10,31140.0,16939.818359375,204428
2018-09-11,30460.0,16569.90625,814381
2018-09-12,31220.0,16983.337890625,2136968
2018-09-13,30500.0,16591.666015625,726720
2018-09-14,30500.0,16591.666015625,726720
2018-09-17,30580.0,16635.181640625,226746
2018-09-18,30820.0,16765.73828125,264169
2018-09-19,31600.0,17190.05078125,508394
2018-09-20,32020.0,17418.52734375,621315
2018-09-21,32020.0,17418.52734375,621315
2018-09-24,31500.0,17135.654296875,266954
2018-09-25,31480.0,17264.53515625,243331
2018-09-26,30800.0,16891.6015625,261513
2018-09-27,31120.0,17067.103515625,179274
2018-09-28,31120.0,17067.103515625,179274
2018-10-01,31840.0,17461.966796875,299844
2018-10-02,31840.0,17461.966796875,299844
2018-10-03,32100.0,17604.5625,411152
2018-10-04,32300.0,17714.244140625,215720
2018-10-05,32160.0,17637.466796875,492170
2018-10-08,32160.0,17637.466796875,0
2018-10-09,32160.0,17637.466796875,0
2018-10-10,31280.0,17154.849609375,184078
2018-10-11,31280.0,17154.849609375,184078
2018-10-12,30840.0,16913.541015625,571538
2018-10-15,30840.0,16913.541015625,0
2018-10-16,31980.0,17538.75,434845
2018-10-17,31980.0,17538.75,434845
2018-10-18,31280.0,17154.849609375,484174
2018-10-19,30640.0,16803.85546875,803416
2018-10-22,30220.0,16573.513671875,210841
2018-10-23,30220.0,16573.513671875,210841
2018-10-24,30240.0,16584.48046875,512888
2018-10-25,30020.0,16463.826171875,366123
2018-10-26,29380.0,16112.8310546875,763921
2018-10-29,29800.0,16343.173828125,334800
2018-10-30,29800.0,16343.173828125,334800
2018-10-31,29620.0,16244.458984375,441271
2018-11-01,30100.0,16507.701171875,2120565
2018-11-02,30980.0,16990.3203125,516396
2018-11-05,30980.0,16990.3203125,0
2018-11-06,31000.0,17001.283203125,467661
2018-11-07,31000.0,17001.283203125,467661
2018-11-08,32000.0,17549.71484375,574564
2018-11-09,32200.0,17659.40625,414678
2018-11-12,32200.0,17659.40625,0
2018-11-13,31300.0,17165.818359375,135733
2018-11-14,31300.0,17165.818359375,135733
2018-11-15,33600.0,18427.205078125,591830
2018-11-16,33940.0,18613.669921875,801142
2018-11-19,33400.0,18317.515625,279274
2018-11-20,33060.0,18131.052734375,253190
2018-11-21,33300.0,18262.673828125,815834
2018-11-22,33320.0,18273.642578125,17423
2018-11-23,32800.0,17988.462890625,90017
2018-11-26,33880.0,18580.76171875,622393
2018-11-27,33300.0,18262.673828125,457545
2018-11-28,33180.0,18196.86328125,548406
2018-11-29,33200.0,18207.828125,397213
2018-11-30,32220.0,17670.375,1006444
2018-12-03,33400.0,18317.515625,655066
2018-12-04,33400.0,18317.515625,332620
2018-12-05,33760.0,18514.953125,105269
2018-12-06,32980.0,18087.1796875,827939
2018-12-07,32420.0,17780.05859375,295872
2018-12-10,32580.0,17867.806640625,462300
2018-12-11,32780.0,17977.494140625,435234
2018-12-12,32900.0,18043.3046875,123510
2018-12-13,32420.0,17780.05859375,486538
2018-12-14,32160.0,17637.466796875,273039
2018-12-17,31500.0,17275.50390625,449381
2018-12-18,31800.0,17440.033203125,284713
2018-12-19,31280.0,17154.849609375,436621
2018-12-20,30420.0,16683.19921875,771454
2018-12-21,30960.0,16979.349609375,771773
2018-12-24,30020.0,16463.826171875,97957
2018-12-25,30020.0,16463.826171875,0
2018-12-26,30900.0,17091.62890625,50756
2018-12-27,31200.0,17257.56640625,80711
2018-12-28,31400.0,17368.1953125,147546
2018-12-31,31400.0,17368.1953125,0
2019-01-01,31400.0,17368.1953125,0
2019-01-02,32000.0,17700.06640625,113988
2019-01-03,32000.0,17700.06640625,185486
2019-01-04,32700.0,18087.251953125,155060
2019-01-07,32700.0,18087.251953125,0
2019-01-08,32780.0,18131.5078125,606358
2019-01-09,33720.0,18651.451171875,862352
2019-01-10,33940.0,18773.134765625,637031
2019-01-11,34000.0,18806.3203125,1067505
2019-01-14,34260.0,18950.13671875,585457
2019-01-15,34100.0,18861.634765625,427878
2019-01-16,34100.0,18861.634765625,453430
2019-01-17,34080.0,18850.5703125,420536
2019-01-18,34400.0,19027.572265625,500769
2019-01-21,34500.0,19082.88671875,110039
2019-01-22,34540.0,19105.009765625,626148
2019-01-23,34300.0,18972.2578125,453544
2019-01-24,34500.0,19082.88671875,479813
2019-01-25,34300.0,18972.2578125,535114
2019-01-28,34200.0,18916.947265625,1397450
2019-01-29,34220.0,18928.00390625,315292
2019-01-30,34480.0,19071.828125,368367
2019-01-31,34360.0,19005.447265625,2967145
2019-02-01,34800.0,19248.82421875,451402
2019-02-04,35760.0,19779.828125,585329
2019-02-05,36360.0,20111.69921875,545259
2019-02-06,36280.0,20067.447265625,461304
2019-02-07,36000.0,19912.576171875,1079939
2019-02-08,35840.0,19824.07421875,244698
2019-02-11,35740.0,19768.76171875,336063
2019-02-12,35520.0,19647.0703125,334705
2019-02-13,35300.0,19525.388671875,513554
2019-02-14,35500.0,19636.009765625,645384
2019-02-15,35700.0,19746.640625,511243
2019-02-18,35200.0,19470.07421875,332426
2019-02-19,35300.0,19525.388671875,747144
2019-02-20,35600.0,19691.322265625,609541
2019-02-21,35900.0,19857.26171875,495411
2019-02-22,36820.0,20366.138671875,2533943
2019-02-25,37200.0,20576.330078125,1127167
2019-02-26,37220.0,20587.390625,838979
2019-02-27,37220.0,20587.390625,674792
2019-02-28,37120.0,20532.0703125,957365
2019-03-01,37120.0,20532.0703125,588508
2019-03-04,37220.0,20587.390625,308950
2019-03-05,37640.0,20819.705078125,351639
2019-03-06,38100.0,21074.138671875,685087
2019-03-07,38080.0,21063.08203125,599293
2019-03-08,37440.0,20709.078125,441260
2019-03-11,38280.0,21173.708984375,299942
2019-03-12,38180.0,21118.39453125,194876
2019-03-13,39220.0,21693.642578125,1102569
2019-03-14,39880.0,22058.71875,446460
2019-03-15,39700.0,21959.146484375,1269205
2019-03-18,40100.0,22180.39453125,625488
2019-03-19,41000.0,22678.21875,596430
2019-03-20,41300.0,22844.15234375,733931
2019-03-21,42120.0,23297.71484375,395474
2019-03-22,40600.0,22456.95703125,584691
2019-03-25,40600.0,22456.95703125,0
2019-03-26,40900.0,22776.046875,544082
2019-03-27,39940.0,22241.44921875,681183
2019-03-28,39780.0,22152.34765625,737281
2019-03-29,40400.0,22497.609375,671075
2019-04-01,39720.0,22118.93359375,172674
2019-04-02,40200.0,22386.234375,209781
2019-04-03,40800.0,22720.359375,402521
2019-04-04,41380.0,23043.34765625,303589
2019-04-05,42400.0,23611.353515625,529728
2019-04-08,43000.0,23945.48046875,314704
2019-04-09,42900.0,23889.7890625,605022
2019-04-10,42600.0,23722.7265625,338167
2019-04-11,42220.0,23511.1171875,435581
2019-04-12,42220.0,23511.1171875,435581
2019-04-15,40920.0,22787.185546875,347400
2019-04-16,40920.0,22787.185546875,347400
2019-04-17,40940.0,22798.326171875,479379
2019-04-18,40940.0,22798.326171875,0
2019-04-19,40940.0,22798.326171875,0
2019-04-22,42500.0,23667.04296875,324656
2019-04-23,42500.0,23667.04296875,324656
2019-04-24,42300.0,23555.669921875,423012
2019-04-25,42240.0,23522.251953125,687353
2019-04-26,42340.0,23577.94140625,523079
2019-04-29,42000.0,23388.609375,542438
2019-04-30,42000.0,23388.609375,542438
2019-05-01,42000.0,23388.609375,0
2019-05-02,40100.0,22330.55078125,299511
2019-05-03,40100.0,22330.55078125,299511
2019-05-06,39420.0,21951.876953125,523580
2019-05-07,39420.0,21951.876953125,523580
2019-05-08,39400.0,21940.7421875,276943
2019-05-09,40020.0,22286.001953125,427381
2019-05-10,39900.0,22219.1796875,728960
2019-05-13,39340.0,21907.326171875,818745
2019-05-14,39340.0,21907.326171875,818745
2019-05-15,39080.0,21762.537109375,561995
2019-05-16,38940.0,21684.5859375,360197
2019-05-17,38900.0,21662.3046875,598904
2019-05-20,38140.0,21239.08203125,301703
2019-05-21,38140.0,21239.08203125,301703
2019-05-22,38460.0,21417.28515625,369351
2019-05-23,38300.0,21328.185546875,555577
2019-05-24,38120.0,21227.94140625,178566
2019-05-27,38160.0,21250.22265625,32119
2019-05-28,38160.0,21250.22265625,32119
2019-05-29,38000.0,21161.119140625,2015149
2019-05-30,38920.0,21673.44140625,327677
2019-05-31,39460.0,21974.1484375,526020
2019-06-03,39460.0,21974.1484375,0
2019-06-04,39720.0,22118.93359375,1221537
2019-06-05,39720.0,22118.93359375,1221537
2019-06-06,39380.0,21929.603515625,377203
2019-06-07,39600.0,22052.1171875,195719
2019-06-10,39700.0,22107.80078125,576324
2019-06-11,41000.0,22831.734375,336463
2019-06-12,40200.0,22386.234375,833906
2019-06-13,40040.0,22297.140625,399300
2019-06-14,39960.0,22252.58984375,409480
2019-06-17,39000.0,21717.990234375,266989
2019-06-18,40240.0,22408.515625,2034337
2019-06-19,40340.0,22464.201171875,1544630
2019-06-20,40920.0,22787.185546875,573993
2019-06-21,40900.0,22776.046875,1429069
2019-06-24,40900.0,22776.046875,0
2019-06-25,40480.0,22693.638671875,242671
2019-06-26,40780.0,22861.822265625,402867
2019-06-27,40600.0,22760.9140625,244088
2019-06-28,40800.0,22873.029296875,253643
2019-07-01,40800.0,22873.029296875,0
2019-07-02,40380.0,22637.576171875,212114
2019-07-03,40380.0,22637.576171875,212114
2019-07-04,40700.0,22816.96875,165723
2019-07-05,40760.0,22850.609375,51428
2019-07-08,40600.0,22760.9140625,284690
2019-07-09,40600.0,22760.9140625,284690
2019-07-10,40760.0,22850.609375,436244
2019-07-11,40940.0,22951.517578125,576215
2019-07-12,41380.0,23198.1953125,347700
2019-07-15,41440.0,23231.830078125,501296
2019-07-16,41440.0,23231.830078125,501296
2019-07-17,42260.0,23691.525390625,270867
2019-07-18,41760.0,23411.2265625,415956
2019-07-19,41120.0,23052.435546875,178611
2019-07-22,41260.0,23130.916015625,228010
2019-07-23,41260.0,23130.916015625,228010
2019-07-24,42020.0,23556.982421875,783013
2019-07-25,41280.0,23142.130859375,462590
2019-07-26,41300.0,23153.337890625,335433
2019-07-29,41300.0,23153.337890625,368380
2019-07-30,41300.0,23153.337890625,368380
2019-07-31,40940.0,22951.517578125,105459
2019-08-01,41260.0,23130.916015625,1117336
2019-08-02,40200.0,22536.666015625,393860
2019-08-05,40100.0,22480.6015625,509365
2019-08-06,40100.0,22480.6015625,509365
2019-08-07,40100.0,22480.6015625,0
2019-08-08,42640.0,23904.5625,1029439
2019-08-09,42640.0,23904.5625,1029439
2019-08-12,42600.0,23882.12890625,299218
2019-08-13,42600.0,23882.12890625,299218
2019-08-14,43580.0,24431.541015625,814508
2019-08-15,42640.0,23904.5625,643905
2019-08-16,43000.0,24106.3828125,733802
2019-08-19,43000.0,24106.3828125,0
2019-08-20,43680.0,24487.59765625,476013
2019-08-21,43680.0,24487.59765625,476013
2019-08-22,42660.0,23915.775390625,454022
2019-08-23,42340.0,23736.375,419866
2019-08-26,42140.0,23624.259765625,386548
2019-08-27,42140.0,23624.259765625,386548
2019-08-28,42340.0,23736.375,1137456
2019-08-29,42400.0,23770.01171875,226251
2019-08-30,42540.0,23848.50390625,284620
2019-09-02,42600.0,23882.12890625,15941
2019-09-03,42600.0,23882.12890625,15941
2019-09-04,42640.0,23904.5625,379912
2019-09-05,42600.0,23882.12890625,1031244
2019-09-06,42000.0,23545.7734375,589345
2019-09-09,41700.0,23377.583984375,255528
2019-09-10,41700.0,23377.583984375,255528
2019-09-11,41560.0,23299.099609375,718708
2019-09-12,42800.0,23994.263671875,505641
2019-09-13,42400.0,23770.01171875,207438
2019-09-16,43000.0,24106.3828125,498628
2019-09-17,43000.0,24106.3828125,498628
2019-09-18,43040.0,24128.806640625,495758
2019-09-19,43560.0,24420.32421875,266475
2019-09-20,43000.0,24106.3828125,332361
2019-09-23,43800.0,24554.873046875,217450
2019-09-24,43800.0,24554.873046875,217450
2019-09-25,43800.0,24708.8828125,651348
2019-09-26,44400.0,25047.35546875,430395
2019-09-27,43880.0,24754.01171875,339968
2019-09-30,43000.0,24257.576171875,260621
2019-10-01,43000.0,24257.576171875,260621
2019-10-02,43280.0,24415.53125,620250
2019-10-03,43000.0,24257.576171875,601042
2019-10-04,43680.0,24641.185546875,279166
2019-10-07,43300.0,24426.814453125,84606
2019-10-08,43300.0,24426.814453125,84606
2019-10-09,42860.0,24178.6015625,377959
2019-10-10,43120.0,24325.2734375,87516
2019-10-11,42720.0,24099.6171875,155490
2019-10-14,42720.0,24099.6171875,0
2019-10-15,42200.0,23806.28125,385452
2019-10-16,42200.0,23806.28125,385452
2019-10-17,42240.0,23828.841796875,395366
2019-10-18,42760.0,24122.1875,424253
2019-10-21,43480.0,24528.35546875,270867
2019-10-22,43480.0,24528.35546875,270867
2019-10-23,43760.0,24686.31640625,568392
2019-10-24,43480.0,24528.35546875,521557
2019-10-25,43600.0,24596.05859375,588279
2019-10-28,43900.0,24765.296875,264362
2019-10-29,43900.0,24765.296875,264362
2019-10-30,44280.0,24979.6640625,359718
2019-10-31,44120.0,24889.408203125,1226542
2019-11-01,44120.0,24889.408203125,1226542
2019-11-04,44120.0,24889.408203125,0
2019-11-05,45680.0,25769.44140625,963845
2019-11-06,45560.0,25701.75390625,441466
2019-11-07,45160.0,25476.1015625,749525
2019-11-08,44820.0,25284.296875,482190
2019-11-11,44820.0,25284.296875,0
2019-11-12,44800.0,25273.013671875,452289
2019-11-13,44220.0,24945.81640625,489603
2019-11-14,44100.0,24878.119140625,135933
2019-11-15,44600.0,25160.18359375,86158
2019-11-18,44180.0,24923.25390625,151355
2019-11-19,43960.0,24799.146484375,220065
2019-11-20,43740.0,24675.03125,501379
2019-11-21,44000.0,24821.708984375,338169
2019-11-22,44300.0,24990.943359375,292615
2019-11-25,43720.0,24663.75390625,461338
2019-11-26,42800.0,24144.75,2154028
2019-11-27,42800.0,24144.75,520291
2019-11-28,43380.0,24471.947265625,39239
2019-11-29,43380.0,24471.947265625,39239
2019-12-02,42600.0,24031.92578125,616149
2019-12-03,42600.0,24031.92578125,546844
2019-12-04,43680.0,24641.185546875,254380
2019-12-05,43900.0,24765.296875,500588
2019-12-06,43820.0,24720.1640625,248263
2019-12-09,43620.0,24607.3359375,153170
2019-12-10,43620.0,24607.3359375,211176
2019-12-11,43760.0,24686.31640625,264129
2019-12-12,44140.0,24900.689453125,485864
2019-12-13,44720.0,25227.8828125,303888
2019-12-16,45300.0,25555.080078125,511758
2019-12-17,45200.0,25498.6640625,469708
2019-12-18,46200.0,26062.796875,565034
2019-12-19,46500.0,26232.029296875,542318
2019-12-20,46100.0,26006.380859375,1334488
2019-12-23,46000.0,25949.96875,180688
2019-12-24,45700.0,25934.64453125,114492
2019-12-25,45700.0,25934.64453125,0
2019-12-26,45600.0,25877.88671875,107046
2019-12-27,45800.0,25991.392578125,145190
2019-12-30,45800.0,25991.392578125,205771
2019-12-31,45800.0,25991.392578125,0
2020-01-01,45800.0,25991.392578125,0
2020-01-02,45140.0,25616.84765625,124021
2020-01-03,45180.0,25639.552734375,341480
2020-01-06,45180.0,25639.552734375,0
2020-01-07,45480.0,25809.79296875,325462
2020-01-08,45600.0,25877.88671875,398605
2020-01-09,44540.0,25276.345703125,731171
2020-01-10,44380.0,25185.5546875,291499
2020-01-13,44580.0,25299.048828125,319502
2020-01-14,44600.0,25310.3984375,462757
2020-01-15,44800.0,25423.900390625,304055
2020-01-16,45080.0,25582.794921875,298312
2020-01-17,45080.0,25582.794921875,298312
2020-01-20,45900.0,26048.142578125,23231
2020-01-21,45680.0,25923.287109375,251787
2020-01-22,45400.0,25764.396484375,270640
2020-01-23,45480.0,25809.79296875,256814
2020-01-24,45800.0,25991.392578125,303362
2020-01-27,44900.0,25480.65234375,222537
2020-01-28,45000.0,25537.3984375,247693
2020-01-29,45160.0,25628.193359375,311043
2020-01-30,45420.0,25775.75,318307
2020-01-31,44700.0,25367.146484375,1531819
2020-02-03,44800.0,25423.900390625,267535
2020-02-04,45900.0,26048.142578125,588328
2020-02-05,46980.0,26661.044921875,320554
2020-02-06,46960.0,26649.693359375,452900
2020-02-07,47200.0,26785.892578125,281666
2020-02-10,47220.0,26797.240234375,484086
2020-02-11,46500.0,26388.638671875,335291
2020-02-12,46560.0,26422.693359375,418980
2020-02-13,46580.0,26434.04296875,245371
2020-02-14,46460.0,26365.947265625,526644
2020-02-17,46460.0,26365.947265625,46873
2020-02-18,46400.0,26331.892578125,604913
2020-02-19,46600.0,26445.39453125,507047
2020-02-20,46220.0,26229.7421875,537366
2020-02-21,42720.0,24243.498046875,5254036
2020-02-24,41700.0,23664.654296875,2045986
2020-02-25,42260.0,23982.453125,1307201
2020-02-26,42540.0,24141.3515625,1135668
2020-02-27,42180.0,23937.0546875,610596
2020-02-28,42080.0,23880.306640625,1212139
2020-03-02,40900.0,23210.65625,869780
2020-03-03,39340.0,22325.35546875,1745118
2020-03-04,40200.0,22813.404296875,1358942
2020-03-05,39480.0,22404.80859375,836489
2020-03-06,38480.0,21837.3125,656680
2020-03-09,33000.0,18727.421875,1351879
2020-03-10,34480.0,19567.322265625,1170397
2020-03-11,32300.0,18330.173828125,967540
2020-03-12,29700.0,16854.68359375,1141338
2020-03-13,29700.0,16854.68359375,1141338
2020-03-16,24400.0,13846.943359375,944026
2020-03-17,32000.0,18159.92578125,185486
2020-03-18,22780.0,12927.599609375,955599
2020-03-19,22000.0,12484.94921875,1209391
2020-03-20,21900.0,12428.2001953125,3462562
2020-03-23,21900.0,12428.2001953125,0
2020-03-24,21300.0,12087.69921875,1984318
2020-03-25,24500.0,13903.6943359375,1641148
2020-03-26,24500.0,14350.0087890625,1641148
2020-03-27,27140.0,15896.296875,1976648
2020-03-30,25900.0,15170.0107421875,1763178
2020-03-31,27500.0,16107.150390625,2112723
2020-04-01,24360.0,14268.0048828125,1270793
2020-04-02,24600.0,14408.578125,795385
2020-04-03,24540.0,14373.44140625,674003
2020-04-06,26300.0,15404.296875,839725
2020-04-07,26300.0,15404.296875,1680022
2020-04-08,26540.0,15544.8642578125,668929
2020-04-09,26540.0,15544.8642578125,0
2020-04-10,26540.0,15544.8642578125,0
2020-04-13,27000.0,15814.2978515625,441064
2020-04-14,27540.0,16130.5830078125,931743
2020-04-15,27880.0,16329.71875,904816
2020-04-16,27300.0,15990.009765625,1472180
2020-04-17,27540.0,16130.5830078125,540027
2020-04-20,27220.0,15943.154296875,530113
2020-04-21,25400.0,14877.1513671875,2219084
2020-04-22,24800.0,14525.7236328125,2055070
2020-04-23,24880.0,14572.5810546875,1523856
2020-04-24,24200.0,14174.29296875,1447463
2020-04-27,24620.0,14420.291015625,484077
2020-04-28,25700.0,15052.865234375,785328
2020-04-29,25520.0,14947.439453125,987112
2020-04-30,25880.0,15158.296875,802450
2020-05-01,25880.0,15158.296875,0
2020-05-04,25060.0,14678.0078125,498776
2020-05-05,24300.0,14232.865234375,2415799
2020-05-06,23780.0,13928.29296875,1786331
2020-05-07,24420.0,14303.1484375,1140354
2020-05-08,24500.0,14350.0087890625,661948
2020-05-11,24000.0,14057.1494140625,783849
2020-05-12,23500.0,13764.29296875,996886
2020-05-13,22300.0,13061.4365234375,1209596
2020-05-14,22100.0,12944.2939453125,731646
2020-05-15,22200.0,13002.8662109375,525992
2020-05-18,23300.0,13647.15234375,651260
2020-05-19,22160.0,12979.4375,1473917
2020-05-20,22400.0,13120.009765625,1248954
2020-05-21,22220.0,13014.578125,581618
2020-05-22,21820.0,12780.29296875,400640
2020-05-25,21820.0,12780.29296875,0
2020-05-26,22620.0,13248.861328125,628547
2020-05-27,24000.0,14057.1494140625,846463
2020-05-28,23800.0,13940.0087890625,727933
2020-05-29,24600.0,14408.578125,2768189
2020-06-01,25200.0,14760.0078125,723972
2020-06-02,25200.0,14760.0078125,650517
2020-06-03,25200.0,14760.0078125,650517
2020-06-04,27400.0,16048.580078125,1053402
2020-06-05,28980.0,16974.005859375,1993294
2020-06-08,30200.0,17688.58203125,1337685
2020-06-09,29020.0,16997.4375,905739
2020-06-10,27000.0,15814.2978515625,1800995
2020-06-11,25800.0,15111.439453125,1239540
2020-06-12,26600.0,15580.009765625,803506
2020-06-15,26600.0,15580.009765625,0
2020-06-16,25840.0,15134.865234375,1334284
2020-06-17,25860.0,15146.5791015625,713139
2020-06-18,25800.0,15111.439453125,160606
2020-06-19,26500.0,15521.4404296875,2106515
2020-06-22,26500.0,15521.4404296875,0
2020-06-23,25480.0,14924.0078125,1402715
2020-06-24,24720.0,14646.71484375,1024225
2020-06-25,25000.0,14812.6162109375,879818
2020-06-26,24580.0,14563.763671875,659244
2020-06-29,24580.0,14563.763671875,0
2020-06-30,24700.0,14634.869140625,394808
2020-07-01,24660.0,14611.1669921875,267876
2020-07-02,24980.0,14800.7646484375,632084
2020-07-03,25260.0,14966.671875,101402
2020-07-06,25140.0,14895.5693359375,640987
2020-07-07,24980.0,14800.7646484375,952559
2020-07-08,25940.0,15369.5751953125,910197
2020-07-09,25200.0,14931.1171875,1116603
2020-07-10,25460.0,15085.171875,540071
2020-07-13,25000.0,14812.6162109375,854015
2020-07-14,24480.0,14504.5166015625,1243424
2020-07-15,24520.0,14528.21484375,912074
2020-07-16,24880.0,14741.517578125,432306
2020-07-17,24460.0,14492.666015625,771254
2020-07-20,24460.0,14492.666015625,0
2020-07-21,24820.0,14705.966796875,1191387
2020-07-22,25400.0,15049.6201171875,591563
2020-07-23,25780.0,15274.7685546875,673827
2020-07-24,25700.0,15227.37109375,729885
2020-07-27,26400.0,15642.1220703125,1242271
2020-07-28,26240.0,15547.3212890625,963083
2020-07-29,26540.0,15725.0732421875,558249
2020-07-30,26440.0,15665.822265625,710260
2020-07-31,26500.0,15701.376953125,6197234
2020-08-03,25620.0,15179.9658203125,1059865
2020-08-04,25060.0,14848.1669921875,984923
2020-08-05,25120.0,14883.7177734375,876010
2020-08-06,24720.0,14646.71484375,2269116
2020-08-07,24720.0,14646.71484375,0
2020-08-10,25300.0,14990.3642578125,909485
2020-08-11,24840.0,14717.8193359375,724331
2020-08-12,24800.0,14694.1181640625,465646
2020-08-13,25200.0,14931.1171875,260068
2020-08-14,25060.0,14848.1669921875,214655
2020-08-17,25060.0,14848.1669921875,0
2020-08-18,25220.0,14942.96875,967956
2020-08-19,25100.0,14871.8720703125,683735
2020-08-20,25700.0,15227.37109375,581960
2020-08-21,25680.0,15215.521484375,842113
2020-08-24,25680.0,15215.521484375,0
2020-08-25,27020.0,16009.474609375,1196127
2020-08-26,27100.0,16056.8798828125,1173266
2020-08-27,27000.0,15997.630859375,619835
2020-08-28,27000.0,15997.630859375,259792
2020-08-31,26720.0,15831.7255859375,769453
2020-09-01,28000.0,16590.12890625,2062739
2020-09-02,27620.0,16364.98046875,942965
2020-09-03,27400.0,16234.6279296875,600480
2020-09-04,27740.0,16436.080078125,198609
2020-09-07,27800.0,16471.625,145296
2020-09-08,27400.0,16234.6279296875,240272
2020-09-09,27400.0,16234.6279296875,462730
2020-09-10,26620.0,15772.4765625,563139
2020-09-11,26140.0,15488.0703125,818701
2020-09-14,25600.0,15168.1201171875,996610
2020-09-15,25600.0,15168.1201171875,884969
2020-09-16,25720.0,15239.220703125,457365
2020-09-17,25520.0,15120.72265625,279412
2020-09-18,25900.0,15345.873046875,2442188
2020-09-21,25420.0,15061.4697265625,681481
2020-09-22,25000.0,14812.6162109375,1495107
2020-09-23,25100.0,14871.8720703125,485895
2020-09-24,25200.0,14931.1171875,475099
2020-09-25,25100.0,15046.216796875,374809
2020-09-28,24960.0,14962.2900390625,561819
2020-09-29,24600.0,14746.486328125,752380
2020-09-30,24700.0,14806.435546875,720171
2020-10-01,24680.0,14794.4423828125,134157
2020-10-02,25060.0,15022.2333984375,111476
2020-10-05,24830.0,14884.361328125,194336
2020-10-06,24910.0,14932.3193359375,321945
2020-10-07,24900.0,14926.322265625,211153
2020-10-08,24900.0,14926.322265625,211153
2020-10-09,25300.0,15166.09765625,159771
2020-10-12,25300.0,15166.09765625,0
2020-10-13,24580.0,14734.498046875,1004966
2020-10-14,24760.0,14842.396484375,958577
2020-10-15,24400.0,14626.5966796875,651960
2020-10-16,24730.0,14824.4189453125,358315
2020-10-19,25400.0,15226.0478515625,533983
2020-10-20,25800.0,15465.830078125,589403
2020-10-21,25600.0,15345.9384765625,515033
2020-10-22,25190.0,15100.1640625,650135
2020-10-23,25600.0,15345.9384765625,289442
2020-10-26,25900.0,15525.775390625,751158
2020-10-27,25280.0,15154.115234375,698049
2020-10-28,24000.0,14386.8154296875,1112020
2020-10-29,24010.0,14392.8115234375,562775
2020-10-30,24500.0,14686.5439453125,1423359
2020-11-02,24500.0,14686.5439453125,0
2020-11-03,25120.0,15058.201171875,612306
2020-11-04,25190.0,15100.1640625,263007
2020-11-05,25360.0,15202.072265625,596746
2020-11-06,25360.0,15202.072265625,596746
2020-11-09,26640.0,15969.365234375,1641219
2020-11-10,26600.0,15945.390625,477263
2020-11-11,26670.0,15987.3505859375,423433
2020-11-12,26300.0,15765.5556640625,479690
2020-11-13,26620.0,15957.3798828125,401740
2020-11-16,26620.0,15957.3798828125,0
2020-11-17,26990.0,16179.1767578125,1254365
2020-11-18,27300.0,16365.005859375,1781334
2020-11-19,27150.0,16275.0908203125,458799
2020-11-20,27380.0,16412.96484375,406990
2020-11-23,27880.0,16712.681640625,558692
2020-11-24,28250.0,16934.484375,1285714
2020-11-25,27800.0,16664.7265625,700029
2020-11-26,27790.0,16658.732421875,138334
2020-11-27,27600.0,16544.84375,291439
2020-11-30,27890.0,16718.6796875,1558058
2020-12-01,28550.0,17114.31640625,750526
2020-12-02,28800.0,17264.18359375,745674
2020-12-03,29000.0,17384.072265625,837776
2020-12-04,29000.0,17384.072265625,837776
2020-12-07,30840.0,18487.05859375,611016
2020-12-08,30840.0,18487.05859375,0
2020-12-09,32500.0,19482.1484375,1197885
2020-12-10,32500.0,19482.1484375,910065
2020-12-11,32600.0,19542.09375,1007762
2020-12-14,33060.0,19817.84375,1215899
2020-12-15,34520.0,20693.041015625,1129220
2020-12-16,34600.0,20740.99609375,483286
2020-12-17,35100.0,21040.71875,1082393
2020-12-18,35620.0,21352.43359375,1965218
2020-12-21,33620.0,20153.533203125,1538020
2020-12-22,34580.0,20729.00390625,797840
2020-12-23,34900.0,20920.828125,294921
2020-12-24,35270.0,21142.62890625,38284
2020-12-25,35270.0,21142.62890625,0
2020-12-28,35380.0,21385.61328125,288643
2020-12-29,35490.0,21452.10546875,435065
2020-12-30,35100.0,21216.369140625,465490
2020-12-31,35100.0,21216.369140625,0
2021-01-01,35100.0,21216.369140625,0
2021-01-04,33990.0,20545.427734375,206765
2021-01-05,34000.0,20551.46875,503385
2021-01-06,34150.0,20642.138671875,517063
2021-01-07,34520.0,20865.787109375,521182
2021-01-08,34770.0,21016.90234375,391240
2021-01-11,34770.0,21016.90234375,0
2021-01-12,34660.0,20950.408203125,715002
2021-01-13,34400.0,20793.25390625,511822
2021-01-14,34300.0,20732.802734375,337261
2021-01-15,33610.0,20315.732421875,456994
2021-01-18,33990.0,20545.427734375,266061
2021-01-19,33490.0,20243.1953125,467535
2021-01-20,33600.0,20309.6875,596839
2021-01-21,32600.0,19705.232421875,676819
2021-01-22,31800.0,19221.669921875,1240628
2021-01-25,31400.0,18979.888671875,1011933
2021-01-26,31280.0,18907.357421875,1032621
2021-01-27,30620.0,18508.408203125,1111373
2021-01-28,30750.0,18586.98828125,808637
2021-01-29,31520.0,19052.419921875,3730643
2021-02-01,31520.0,19052.419921875,0
2021-02-02,32200.0,19463.451171875,842995
2021-02-03,31900.0,19282.115234375,334628
2021-02-04,31740.0,19185.400390625,556633
2021-02-05,32300.0,19523.89453125,182386
2021-02-08,32800.0,19826.125,455802
2021-02-09,32480.0,19632.701171875,763503
2021-02-10,32450.0,19614.564453125,346499
2021-02-11,31800.0,19221.669921875,212774
2021-02-12,31800.0,19221.669921875,258081
2021-02-15,31860.0,19257.935546875,48796
2021-02-16,31570.0,19082.64453125,575255
2021-02-17,31650.0,19131.0,567445
2021-02-18,31350.0,18949.66015625,396488
2021-02-19,31680.0,19149.1328125,252164
2021-02-22,31780.0,19209.580078125,719726
2021-02-23,32020.0,19354.6484375,329477
2021-02-24,32200.0,19463.451171875,587933
2021-02-25,30260.0,18290.80859375,1904321
2021-02-26,31000.0,18738.103515625,1410218
2021-03-01,31150.0,18828.7734375,348267
2021-03-02,30800.0,18617.21484375,205264
2021-03-03,30820.0,18629.30078125,256945
2021-03-04,30300.0,18314.982421875,279290
2021-03-05,30360.0,18351.251953125,409250
2021-03-08,30100.0,18194.095703125,393443
2021-03-09,30300.0,18314.982421875,349141
2021-03-10,30300.0,18314.982421875,322794
2021-03-11,30740.0,18580.943359375,344554
2021-03-12,30880.0,18665.5703125,271334
2021-03-15,30700.0,18556.76953125,278531
2021-03-16,30360.0,18351.251953125,524945
2021-03-17,30200.0,18254.541015625,645380
2021-03-18,29810.0,18018.8046875,298077
2021-03-19,30000.0,18133.64453125,2408223
2021-03-22,30000.0,18133.64453125,0
2021-03-23,30000.0,18133.64453125,719283
2021-03-24,30000.0,18133.64453125,190416
2021-03-25,30200.0,18254.541015625,417946
2021-03-26,29610.0,17936.513671875,388963
2021-03-29,29820.0,18063.7265625,219022
2021-03-30,29990.0,18166.705078125,251231
2021-03-31,29180.0,17676.0390625,345395
2021-04-01,29180.0,17676.0390625,0
2021-04-02,29180.0,17676.0390625,0
2021-04-05,29900.0,18112.1875,117294
2021-04-06,29820.0,18063.7265625,281123
2021-04-07,30100.0,18233.341796875,430592
2021-04-08,30380.0,18402.951171875,619537
2021-04-09,30600.0,18536.216796875,779324
2021-04-12,30000.0,18172.759765625,283652
2021-04-13,29860.0,18087.9609375,204642
2021-04-14,29860.0,18087.9609375,204642
2021-04-15,30400.0,18415.0625,303877
2021-04-16,30490.0,18469.5859375,475547
2021-04-19,30190.0,18287.85546875,250451
2021-04-20,29850.0,18081.8984375,861262
2021-04-21,29720.0,18003.1484375,707961
2021-04-22,29410.0,17815.3671875,780113
2021-04-23,28800.0,17445.85546875,629907
2021-04-26,29160.0,17663.92578125,386542
2021-04-27,29740.0,18015.265625,407046
2021-04-28,29200.0,17688.154296875,464871
2021-04-29,28700.0,17385.275390625,556663
2021-04-30,28000.0,16961.240234375,636296
2021-05-03,27500.0,16658.3671875,638862
2021-05-04,27500.0,16658.3671875,726522
2021-05-05,28000.0,16961.240234375,720955
2021-05-06,28680.0,17373.166015625,591212
2021-05-07,28930.0,17524.599609375,463198
2021-05-10,29870.0,18094.017578125,659518
2021-05-11,28830.0,17464.025390625,734757
2021-05-12,28620.0,17336.81640625,395199
2021-05-13,28100.0,17021.822265625,357466
2021-05-14,29300.0,17748.73046875,438290
2021-05-17,29300.0,17748.73046875,0
2021-05-18,28400.0,17203.5546875,773090
2021-05-19,28280.0,17130.857421875,736104
2021-05-20,28120.0,17033.935546875,691245
2021-05-21,27700.0,16779.5234375,450646
2021-05-24,27600.0,16718.9453125,180709
2021-05-25,27300.0,16537.216796875,284937
2021-05-26,27390.0,16591.732421875,161200
2021-05-27,28200.0,17082.400390625,4011002
2021-05-28,27940.0,16924.896484375,874581
2021-05-31,27600.0,16718.9453125,194570
2021-06-01,28190.0,17076.337890625,248345
2021-06-02,28160.0,17058.166015625,525628
2021-06-03,28810.0,17451.908203125,228000
2021-06-04,28200.0,17082.400390625,463891
2021-06-07,28200.0,17082.400390625,0
2021-06-08,28300.0,17142.97265625,502861
2021-06-09,28260.0,17118.740234375,654461
2021-06-10,28300.0,17142.97265625,231320
2021-06-11,28550.0,17294.408203125,179294
2021-06-14,28550.0,17294.408203125,0
2021-06-15,27950.0,16930.955078125,423467
2021-06-16,28140.0,17046.05078125,199249
2021-06-17,27760.0,16815.865234375,342596
2021-06-18,27790.0,16834.03515625,835365
2021-06-21,27660.0,16755.287109375,323011
2021-06-22,27200.0,16476.638671875,476589
2021-06-23,27180.0,16464.5234375,234667
2021-06-24,27800.0,16840.091796875,641814
2021-06-25,27640.0,16782.4140625,305128
2021-06-28,27030.0,16412.03125,449706
2021-06-29,26700.0,16211.6640625,602022
2021-06-30,26820.0,16284.5244140625,414684
2021-07-01,26700.0,16211.6640625,313555
2021-07-02,28000.0,17000.99609375,375673
2021-07-05,28000.0,17000.99609375,0
2021-07-06,27400.0,16636.6875,429293
2021-07-07,28200.0,17122.431640625,705895
2021-07-08,28310.0,17189.220703125,460443
2021-07-09,28810.0,17492.8125,768240
2021-07-12,28800.0,17486.734375,241849
2021-07-13,28700.0,17426.0234375,154886
2021-07-14,28610.0,17371.376953125,220030
2021-07-15,28800.0,17486.734375,234970
2021-07-16,28770.0,17468.521484375,161480
2021-07-19,28000.0,17000.99609375,116072
2021-07-20,28000.0,17000.99609375,0
2021-07-21,28310.0,17189.220703125,688796
2021-07-22,28270.0,17164.935546875,578941
2021-07-23,28300.0,17183.154296875,669156
2021-07-26,28300.0,17183.154296875,583587
2021-07-27,28400.0,17243.8671875,683360
2021-07-28,28020.0,17013.140625,300733
2021-07-29,27940.0,16964.56640625,409269
2021-07-30,27800.0,16879.55859375,209439
2021-08-02,27800.0,16879.55859375,237078
2021-08-03,27700.0,16818.841796875,205986
2021-08-04,28490.0,17298.513671875,327752
2021-08-05,27400.0,16636.6875,330760
2021-08-06,27540.0,16721.69140625,664004
2021-08-09,27970.0,16982.78125,306013
2021-08-10,28300.0,17183.154296875,306296
2021-08-11,28600.0,17365.302734375,472947
2021-08-12,29300.0,17790.328125,1481648
2021-08-13,30050.0,18245.7109375,939718
2021-08-16,30050.0,18245.7109375,0
2021-08-17,30800.0,18701.09765625,774475
2021-08-18,31380.0,19053.2578125,1198800
2021-08-19,31650.0,19217.1953125,975322
2021-08-20,31360.0,19041.1171875,558862
2021-08-23,31520.0,19138.265625,414945
2021-08-24,31460.0,19101.8359375,365791
2021-08-25,31400.0,19065.404296875,489314
2021-08-26,30900.0,18761.814453125,712370
2021-08-27,31300.0,19004.685546875,257084
2021-08-30,31440.0,19089.6875,327618
2021-08-31,31400.0,19065.404296875,1061288
2021-09-01,31600.0,19186.83984375,465016
2021-09-02,31260.0,18980.3984375,475527
2021-09-03,31300.0,19004.685546875,1212195
2021-09-06,31370.0,19047.185546875,80667
2021-09-07,31100.0,18883.248046875,200596
2021-09-08,31450.0,19095.76171875,379038
2021-09-09,31470.0,19107.90625,486449
2021-09-10,31350.0,19035.0390625,814563
2021-09-13,30990.0,18816.45703125,441635
2021-09-14,31070.0,18865.033203125,487878
2021-09-15,31070.0,18865.033203125,417725
2021-09-16,31030.0,18840.7421875,130823
2021-09-17,31100.0,18883.248046875,2173913
2021-09-20,30960.0,18798.24609375,276644
2021-09-21,30500.0,18518.943359375,494233
2021-09-22,30620.0,18591.802734375,396902
2021-09-23,30900.0,18761.814453125,308126
2021-09-24,31040.0,18846.818359375,281120
2021-09-27,32580.0,19823.38671875,1452415
2021-09-28,32550.0,19805.13671875,719238
2021-09-29,33000.0,20078.935546875,582918
2021-09-30,33000.0,20078.935546875,339674
2021-10-01,33090.0,20133.697265625,710124
2021-10-04,33200.0,20200.623046875,457963
2021-10-05,33400.0,20322.318359375,781395
2021-10-06,32840.0,19981.58203125,675141
2021-10-07,33390.0,20316.228515625,1192420
2021-10-08,33390.0,20316.228515625,213301
2021-10-11,33300.0,20261.470703125,364965
2021-10-12,32600.0,19835.5546875,376043
2021-10-13,33150.0,20170.19921875,614065
2021-10-14,34200.0,20809.078125,795643
2021-10-15,34600.0,21052.458984375,364211
2021-10-18,34600.0,21052.458984375,0
2021-10-19,34200.0,20809.078125,530896
2021-10-20,34140.0,20772.5703125,255504
2021-10-21,34120.0,20760.400390625,541026
2021-10-22,33600.0,20444.005859375,320735
2021-10-25,33840.0,20590.03125,308378
2021-10-26,34400.0,20930.765625,890291
2021-10-27,34310.0,20876.0078125,626427
2021-10-28,34100.0,20748.232421875,671742
2021-10-29,33800.0,20565.697265625,1134236
2021-11-01,33800.0,20565.697265625,0
2021-11-02,34050.0,20717.80859375,379774
2021-11-03,34390.0,20924.6875,767687
2021-11-04,33650.0,20474.4296875,360349
2021-11-05,33400.0,20322.318359375,559068
2021-11-08,33520.0,20395.330078125,332452
2021-11-09,33200.0,20200.623046875,619136
2021-11-10,32700.0,19896.3984375,563379
2021-11-11,32200.0,19592.171875,662837
2021-11-12,32100.0,19531.328125,489365
2021-11-15,32100.0,19531.328125,0
2021-11-16,31250.0,19014.14453125,394898
2021-11-17,30970.0,18843.77734375,1133474
2021-11-18,30900.0,18801.185546875,525309
2021-11-19,30100.0,18314.421875,455214
2021-11-22,30200.0,18375.265625,297034
2021-11-23,30250.0,18405.693359375,379463
2021-11-24,30600.0,18618.650390625,373129
2021-11-25,30670.0,18661.240234375,192299
2021-11-26,30300.0,18436.11328125,524257
2021-11-29,30750.0,18709.919921875,845923
2021-11-30,32400.0,19713.86328125,1890304
2021-12-01,34100.0,20748.232421875,1605379
2021-12-02,35000.0,21295.841796875,1085440
2021-12-03,34550.0,21022.037109375,991814
2021-12-06,34000.0,20687.390625,396964
2021-12-07,32960.0,20054.59765625,638430
2021-12-08,32960.0,20054.59765625,0
2021-12-09,32500.0,19774.708984375,538796
2021-12-10,32200.0,19592.171875,194619
2021-12-13,30890.0,18795.1015625,447433
2021-12-14,31040.0,18886.3671875,176358
2021-12-15,31660.0,19263.611328125,651578
2021-12-16,33100.0,20139.783203125,450188
2021-12-17,32120.0,19543.49609375,1405789
2021-12-20,31570.0,19208.849609375,266040
2021-12-21,31220.0,18995.890625,511568
2021-12-22,31400.0,19105.412109375,237839
2021-12-23,31700.0,19287.9453125,152796
2021-12-24,31900.0,19409.638671875,12155
2021-12-27,31700.0,19327.328125,69868
2021-12-28,32070.0,19552.91796875,114171
2021-12-29,32200.0,19632.17578125,115524
2021-12-30,32000.0,19510.236328125,154896
2021-12-31,32000.0,19510.236328125,0
2022-01-03,32120.0,19583.400390625,138577
2022-01-04,32280.0,19680.951171875,139342
2022-01-05,31450.0,19174.90625,308068
2022-01-06,31080.0,18949.31640625,442994
2022-01-07,30940.0,18863.9609375,191869
2022-01-10,30940.0,18863.9609375,0
2022-01-11,31600.0,19266.361328125,696577
2022-01-12,32650.0,19906.541015625,775907
2022-01-13,33480.0,20412.58203125,1518636
2022-01-14,33200.0,20241.869140625,2031444
2022-01-17,33200.0,20241.869140625,0
2022-01-18,33200.0,20241.869140625,0
2022-01-19,33200.0,20241.869140625,0
2022-01-20,34900.0,21278.353515625,824434
2022-01-21,34700.0,21156.412109375,765873
2022-01-24,34450.0,21003.990234375,498920
2022-01-25,34590.0,21089.349609375,516963
2022-01-26,34380.0,20961.310546875,601242
2022-01-27,34200.0,20851.56640625,461552
2022-01-28,35200.0,21461.265625,983464
2022-01-31,35240.0,21485.6484375,340040
2022-02-01,34670.0,21138.126953125,420374
2022-02-02,34940.0,21302.7421875,555812
2022-02-03,34960.0,21314.935546875,356000
2022-02-04,34710.0,21162.513671875,208492
2022-02-07,35500.0,21644.169921875,313729
2022-02-08,35500.0,21644.169921875,313729
2022-02-09,34670.0,21138.126953125,310203
2022-02-10,33800.0,20607.6875,656601
2022-02-11,33200.0,20241.869140625,805784
2022-02-14,33330.0,20321.130859375,269161
2022-02-15,33690.0,20540.623046875,284308
2022-02-16,34290.0,20906.4375,500467
2022-02-17,33960.0,20705.236328125,192044
2022-02-18,33650.0,20516.234375,437081
2022-02-21,33580.0,20473.55859375,159183
2022-02-22,33700.0,20546.720703125,692011
2022-02-23,34500.0,21034.47265625,1390587
2022-02-24,34180.0,20839.375,730115
2022-02-25,34600.0,21095.443359375,449351
2022-02-28,34800.0,21217.384765625,2322424
2022-03-01,35950.0,21918.53125,1357224
2022-03-02,36000.0,21949.017578125,936077
2022-03-03,35880.0,21875.853515625,1058014
2022-03-04,36130.0,22028.279296875,586729
2022-03-07,35370.0,21564.912109375,529645
2022-03-08,35600.0,21705.138671875,507993
2022-03-09,36400.0,22192.900390625,1103911
2022-03-10,36200.0,22070.955078125,30159408390
2022-03-11,36200.0,22070.955078125,834278
2022-03-14,35700.0,21766.109375,1350888
2022-03-15,35470.0,21625.880859375,1129370
2022-03-16,35950.0,21918.53125,832669
2022-03-17,36200.0,22070.955078125,542081
2022-03-18,36540.0,22278.25390625,2939478
2022-03-21,36540.0,22278.25390625,0
2022-03-22,37440.0,22826.978515625,1295826
2022-03-23,39100.0,23839.068359375,1733711
2022-03-24,39000.0,23778.103515625,1047416
2022-03-25,39410.0,24028.076171875,896242
2022-03-28,39410.0,24513.244140625,924028
2022-03-29,39200.0,24382.62109375,523407
2022-03-30,39200.0,24382.62109375,523407
2022-03-31,40310.0,25073.048828125,797878
2022-04-01,40500.0,25191.228515625,478336
2022-04-04,40500.0,25191.228515625,0
2022-04-05,40080.0,24929.984375,451745
2022-04-06,40090.0,24936.205078125,1083235
2022-04-07,40200.0,25004.623046875,753920
2022-04-08,40300.0,25066.828125,686543
2022-04-11,40490.0,25185.0078125,464665
2022-04-12,40350.0,25097.92578125,396835
2022-04-13,40680.0,25303.189453125,191824
2022-04-14,40680.0,25303.189453125,0
2022-04-15,40680.0,25303.189453125,0
2022-04-18,40490.0,25185.0078125,288429
2022-04-19,40110.0,24948.646484375,507853
2022-04-20,40980.0,25489.791015625,644202
2022-04-21,40470.0,25172.56640625,652310
2022-04-22,39600.0,24631.419921875,742706
2022-04-25,38500.0,23947.216796875,664648
2022-04-26,38600.0,24009.416015625,540569
2022-04-27,39250.0,24413.71875,522373
2022-04-28,39120.0,24332.859375,243040
2022-04-29,39120.0,24332.859375,243040
2022-05-02,38400.0,23885.013671875,498829
2022-05-03,39800.0,24755.82421875,714009
2022-05-04,39900.0,24818.029296875,397860
2022-05-05,38800.0,24133.818359375,313860
2022-05-06,38000.0,23636.21484375,425378
2022-05-09,37000.0,23014.20703125,442371
2022-05-10,36900.0,22952.01171875,791737
2022-05-11,37300.0,23200.8125,575401
2022-05-12,37520.0,23337.650390625,883550
2022-05-13,38440.0,23909.896484375,808470
2022-05-16,38570.0,23990.759765625,602133
2022-05-17,38340.0,23847.693359375,564159
2022-05-18,37200.0,23138.609375,837531
2022-05-19,34790.0,21639.576171875,1132509
2022-05-20,36550.0,22734.3046875,1474069
2022-05-23,37180.0,23126.16796875,1122666
2022-05-24,37210.0,23144.830078125,987951
2022-05-25,37950.0,23605.111328125,798558
2022-05-26,38340.0,23847.693359375,706940
2022-05-27,39700.0,24693.626953125,567369
2022-05-30,39700.0,24693.626953125,0
2022-05-31,42300.0,26310.83984375,6035461
2022-06-01,42180.0,26236.201171875,795609
2022-06-02,42500.0,26435.23828125,557442
2022-06-03,42250.0,26279.736328125,350516
2022-06-06,41500.0,25813.23046875,502242
2022-06-07,41000.0,25502.23046875,570881
2022-06-08,39900.0,24818.029296875,231292
2022-06-09,39600.0,24631.419921875,406564
2022-06-10,39100.0,24320.421875,421532
2022-06-13,37300.0,23200.8125,448702
2022-06-14,37400.0,23263.01171875,305284
2022-06-15,37200.0,23138.609375,859856
2022-06-16,36660.0,22802.732421875,727912
2022-06-17,36510.0,22709.423828125,2904481
2022-06-20,36510.0,22709.423828125,0
2022-06-21,35320.0,21969.23828125,925004
2022-06-22,34810.0,21652.015625,548778
2022-06-23,34300.0,21334.791015625,683808
2022-06-24,34420.0,21907.623046875,616593
2022-06-27,34420.0,21907.623046875,0
2022-06-28,34420.0,21907.623046875,0
2022-06-29,34420.0,21907.623046875,0
2022-06-30,31700.0,20176.3984375,779175
2022-07-01,32800.0,20876.529296875,854332
2022-07-04,32800.0,20876.529296875,0
2022-07-05,32010.0,20373.708984375,365574
2022-07-06,32010.0,20373.708984375,365574
2022-07-07,31580.0,20100.0234375,473304
2022-07-08,32500.0,20685.5859375,157732
2022-07-11,32560.0,20723.7734375,280856
2022-07-12,32880.0,20927.443359375,341569
2022-07-13,31420.0,19998.1875,376366
2022-07-14,29850.0,18998.912109375,614001
2022-07-15,30010.0,19100.75390625,781179
2022-07-18,29930.0,19049.830078125,254671
2022-07-19,31000.0,19730.8671875,297027
2022-07-20,31000.0,19730.8671875,0
2022-07-21,31500.0,20049.103515625,576396
2022-07-22,31900.0,20303.69921875,455720
2022-07-25,32020.0,20380.076171875,140399
2022-07-26,32000.0,20367.349609375,126796
2022-07-27,32100.0,20430.990234375,293863
2022-07-28,32790.0,20870.166015625,297497
2022-07-29,31620.0,20125.482421875,694978
2022-08-01,30900.0,19667.212890625,622520
2022-08-02,31760.0,20214.58984375,381077
2022-08-03,31120.0,19807.2421875,421299
2022-08-04,31600.0,20112.75390625,470879
2022-08-05,32410.0,20628.302734375,254502
2022-08-08,33700.0,21449.361328125,334126
2022-08-09,33200.0,21131.12109375,304586
2022-08-10,34000.0,21640.302734375,421611
2022-08-11,33740.0,21474.81640625,374720
2022-08-12,34490.0,21952.1796875,302771
2022-08-15,34490.0,21952.1796875,0
2022-08-16,34490.0,21952.1796875,0
2022-08-17,34900.0,22213.134765625,1163749
2022-08-18,34690.0,22079.47265625,493114
2022-08-19,33980.0,21627.57421875,216927
2022-08-22,33120.0,21080.197265625,249302
2022-08-23,32710.0,20819.2421875,443804
2022-08-24,33100.0,21067.474609375,183536
2022-08-25,33500.0,21322.0625,464984
2022-08-26,33500.0,21322.0625,277118
2022-08-29,32650.0,20781.056640625,480824
2022-08-30,32040.0,20392.80078125,446258
2022-08-31,30580.0,19463.544921875,2048989
2022-09-01,31000.0,19730.8671875,339692
2022-09-02,31600.0,20112.75390625,421199
2022-09-05,31760.0,20214.58984375,39786
2022-09-06,31080.0,19781.783203125,219759
2022-09-07,30430.0,19368.07421875,171806
2022-09-08,30750.0,19571.744140625,380801
2022-09-09,31480.0,20036.375,191160
2022-09-12,31450.0,20017.28125,193210
2022-09-13,31000.0,19730.8671875,347503
2022-09-14,31060.0,19769.052734375,334278
2022-09-15,30730.0,19559.013671875,160069
2022-09-16,30500.0,19412.623046875,1258692
2022-09-19,30900.0,19667.212890625,355336
2022-09-20,31010.0,19737.232421875,361615
2022-09-21,30810.0,19609.935546875,853273
2022-09-22,30700.0,19539.921875,205022
2022-09-23,29800.0,18967.09375,294605
2022-09-26,28000.0,17821.42578125,391150
2022-09-27,27800.0,18201.1640625,250794
2022-09-28,28260.0,18502.33203125,315003
2022-09-29,28290.0,18521.97265625,228282
2022-09-30,28020.0,18345.203125,314007
2022-10-03,29190.0,19111.224609375,272825
2022-10-04,30420.0,19916.52734375,236709
2022-10-05,30740.0,20126.033203125,329826
2022-10-06,30600.0,20034.375,345822
2022-10-07,29820.0,19523.69140625,283676
2022-10-10,29340.0,19209.42578125,247631
2022-10-11,28500.0,18659.462890625,215504
2022-10-12,28560.0,18698.748046875,470262
2022-10-13,29210.0,19124.31640625,424962
2022-10-14,29200.0,19117.767578125,307438
2022-10-17,29200.0,19117.767578125,0
2022-10-18,30400.0,19903.431640625,485712
2022-10-19,30330.0,19857.599609375,319151
2022-10-20,30330.0,19857.599609375,319151
2022-10-21,30550.0,20001.638671875,526248
2022-10-24,29980.0,19628.447265625,176275
2022-10-25,30000.0,19641.544921875,304128
2022-10-26,30000.0,19641.544921875,181299
2022-10-27,30200.0,19772.486328125,412252
2022-10-28,30880.0,20217.693359375,962258
2022-10-31,31250.0,20459.939453125,670489
2022-11-01,31770.0,20800.392578125,833070
2022-11-02,31790.0,20813.48828125,937185
2022-11-03,30800.0,20165.31640625,277022
2022-11-04,31790.0,20813.48828125,293270
2022-11-07,31790.0,20813.48828125,0
2022-11-08,31740.0,20780.75,270724
2022-11-09,31900.0,20885.5078125,587797
2022-11-10,32080.0,21003.35546875,485370
2022-11-11,31950.0,20918.244140625,259799
2022-11-14,31950.0,20918.244140625,0
2022-11-15,31700.0,20754.560546875,433095
2022-11-16,31550.0,20656.357421875,276145
2022-11-17,31700.0,20754.560546875,378603
2022-11-18,31800.0,20820.033203125,221046
2022-11-21,31000.0,20296.263671875,633114
2022-11-22,31000.0,20296.263671875,633114
2022-11-23,31690.0,20748.015625,13087048290
2022-11-24,31690.0,20748.015625,0
2022-11-25,32000.0,20950.982421875,151276
2022-11-28,30900.0,20230.787109375,465005
2022-11-29,30920.0,20243.88671875,127315
2022-11-30,31990.0,20944.431640625,2880901
2022-12-01,31620.0,20702.1875,627985
2022-12-02,31640.0,20715.279296875,141766
2022-12-05,30510.0,19975.447265625,320491
2022-12-06,31820.0,20833.130859375,134068
2022-12-07,31100.0,20361.732421875,289962
2022-12-08,31100.0,20361.732421875,0
2022-12-09,31950.0,20918.244140625,389122
2022-12-12,31320.0,20505.771484375,225862
2022-12-13,31710.0,20761.109375,274407
2022-12-14,31580.0,20675.998046875,545141
2022-12-15,31180.0,20414.111328125,181267
2022-12-16,31430.0,20577.791015625,412182
2022-12-19,31090.0,20355.18359375,211721
2022-12-20,31660.0,20728.375,367688
2022-12-21,32600.0,21343.810546875,273882
2022-12-22,32220.0,21095.01953125,267083
2022-12-23,32660.0,21383.08984375,298624
2022-12-26,32400.0,21212.8671875,109316
2022-12-27,32420.0,21749.55859375,83445
2022-12-28,32380.0,21722.724609375,199765
2022-12-29,33550.0,22507.64453125,422465
2022-12-30,33550.0,22507.64453125,0
2023-01-02,33750.0,22641.81640625,11228
2023-01-03,33290.0,22333.216796875,200947
2023-01-04,34200.0,22943.703125,460998
2023-01-05,34600.0,23212.056640625,374626
2023-01-06,34700.0,23279.140625,255784
2023-01-09,34700.0,23279.140625,0
2023-01-10,34500.0,23144.970703125,544228
2023-01-11,34450.0,23111.427734375,408673
2023-01-12,34450.0,23111.427734375,536383
2023-01-13,34500.0,23144.970703125,639542
2023-01-16,34300.0,23010.79296875,20964
2023-01-17,34470.0,23124.837890625,700146
2023-01-18,34300.0,23010.79296875,539450
2023-01-19,34300.0,23010.79296875,324618
2023-01-20,34590.0,23205.345703125,291891
2023-01-23,34470.0,23124.837890625,288427
2023-01-24,34390.0,23071.173828125,632339
2023-01-25,34200.0,22943.703125,475369
2023-01-26,34700.0,23279.140625,708521
2023-01-27,34790.0,23339.521484375,347630
2023-01-30,34790.0,23339.521484375,0
2023-01-31,35490.0,23809.12890625,962559
2023-02-01,34590.0,23205.345703125,552633
2023-02-02,34200.0,22943.703125,499183
2023-02-03,34790.0,23339.521484375,495514
2023-02-06,35050.0,23513.9453125,425198
2023-02-07,34450.0,23111.427734375,387033
2023-02-08,34600.0,23212.056640625,255320
2023-02-09,33570.0,22521.060546875,221297
2023-02-10,33640.0,22568.021484375,147493
2023-02-13,34000.0,22809.533203125,496989
2023-02-14,34080.0,22863.205078125,913233
2023-02-15,33400.0,22407.013671875,622425
2023-02-16,33390.0,22400.302734375,632976
2023-02-17,32670.0,21917.27734375,369513
2023-02-20,32780.0,21991.076171875,40263
2023-02-21,31950.0,21434.25390625,217120
2023-02-22,31110.0,20870.724609375,478912
2023-02-23,31700.0,21266.533203125,400226
2023-02-24,30900.0,20729.837890625,506089
2023-02-27,31020.0,20810.341796875,391166
2023-02-28,30820.0,20676.171875,2046700
2023-03-01,31100.0,20864.013671875,542743
2023-03-02,30700.0,20595.66796875,255171
2023-03-03,31800.0,21333.62109375,599367
2023-03-06,31480.0,21118.943359375,412605
2023-03-07,31400.0,21065.279296875,262592
2023-03-08,31740.0,21293.369140625,464671
2023-03-09,30750.0,20629.208984375,303921
2023-03-10,30290.0,20320.61328125,106825
2023-03-13,28490.0,19113.044921875,669886
2023-03-14,28300.0,18985.58203125,459617
2023-03-15,26800.0,17979.28125,624376
2023-03-16,27400.0,18381.80078125,771252
2023-03-17,27330.0,18334.83984375,2054982
2023-03-20,27330.0,18334.83984375,0
2023-03-21,28400.0,19052.66796875,415889
2023-03-22,27800.0,18650.1484375,558502
2023-03-23,26990.0,18106.74609375,317102
2023-03-24,27310.0,18321.421875,287114
2023-03-27,27860.0,18690.400390625,440333
2023-03-28,27790.0,19254.3828125,481953
2023-03-29,28100.0,19469.1640625,613166
2023-03-30,28620.0,19829.44921875,387705
2023-03-31,29180.0,20217.4453125,443479
2023-04-03,29720.0,20591.587890625,146448
2023-04-04,29890.0,20709.375,347406
2023-04-05,29810.0,20653.943359375,315587
2023-04-06,29810.0,20653.943359375,0
2023-04-07,29810.0,20653.943359375,0
2023-04-10,30100.0,20854.873046875,345210
2023-04-11,30460.0,21104.296875,447396
2023-04-12,30600.0,21201.30078125,535901
2023-04-13,31820.0,22046.583984375,747668
2023-04-14,32200.0,22309.86328125,0
2023-04-17,32300.0,22379.1484375,630361
2023-04-18,33000.0,22864.14453125,384260
2023-04-19,32400.0,22448.431640625,580632
2023-04-20,32090.0,22233.650390625,419326
2023-04-21,31450.0,21790.22265625,437761
2023-04-24,31400.0,21755.580078125,304517
2023-04-25,30420.0,21076.5859375,409572
2023-04-26,29800.0,20647.017578125,663376
2023-04-27,28200.0,19538.453125,799171
2023-04-28,29100.0,20162.017578125,436722
2023-05-01,29100.0,20162.017578125,0
2023-05-02,27830.0,19282.091796875,504034
2023-05-03,27500.0,19053.453125,281913
2023-05-04,27550.0,19088.09765625,388848
2023-05-05,28150.0,19503.80859375,224397
2023-05-08,28080.0,19455.310546875,139998
2023-05-09,28080.0,19455.310546875,0
2023-05-10,27830.0,19282.091796875,343493
2023-05-11,27800.0,19261.310546875,1273798
2023-05-12,27830.0,19282.091796875,466002
2023-05-15,27880.0,19316.73828125,383473
2023-05-16,27350.0,18949.525390625,466568
2023-05-17,26840.0,18596.171875,470358
2023-05-18,27010.0,18713.95703125,344608
2023-05-19,26860.0,18610.02734375,240956
2023-05-22,26860.0,18610.02734375,0
2023-05-23,26910.0,18644.671875,666084
2023-05-24,26800.0,18568.45703125,286634
2023-05-25,26600.0,18429.888671875,358343
2023-05-26,26570.0,18409.099609375,282144
2023-05-29,26250.0,18187.390625,551072
2023-05-30,26100.0,18083.462890625,483303
2023-05-31,25960.0,17986.458984375,2094950
2023-06-01,26870.0,18616.958984375,627997
2023-06-02,28180.0,19524.59375,579191
2023-06-05,28350.0,19642.376953125,271809
2023-06-06,30380.0,21048.873046875,876642
2023-06-07,30420.0,21076.5859375,660591
2023-06-08,30190.0,20917.2265625,186725
2023-06-09,29950.0,20750.9453125,352160
2023-06-12,29950.0,20750.9453125,0
2023-06-13,29070.0,20141.232421875,382623
2023-06-14,29100.0,20162.017578125,127344
2023-06-15,29080.0,20148.1640625,372360
2023-06-16,28990.0,20085.8046875,1052756
2023-06-19,28990.0,20085.8046875,0
2023-06-20,28420.0,19690.876953125,457097
2023-06-21,28510.0,19753.23828125,182120
2023-06-22,27880.0,19316.73828125,379296
2023-06-23,27760.0,19233.59375,182681
2023-06-26,28000.0,19399.876953125,252702
2023-06-27,27300.0,19531.521484375,544130
2023-06-28,27600.0,19746.15625,182126
2023-06-29,27730.0,19839.162109375,399760
2023-06-30,27990.0,20025.17578125,617216
2023-07-03,27990.0,20025.17578125,0
2023-07-04,27830.0,19910.701171875,55471
2023-07-05,27140.0,19417.052734375,1762695
2023-07-06,27140.0,19417.052734375,475023
2023-07-07,27730.0,19839.162109375,265167
2023-07-10,27790.0,19882.08984375,434431
2023-07-11,28300.0,20246.9609375,326973
2023-07-12,28460.0,20361.431640625,495275
2023-07-13,29390.0,21026.796875,532502
2023-07-14,29250.0,20926.634765625,276103
2023-07-17,29300.0,20962.404296875,304231
2023-07-18,29600.0,21177.033203125,321233
2023-07-19,29780.0,21305.818359375,592702
2023-07-20,29780.0,21305.818359375,0
2023-07-21,29350.0,20998.173828125,320913
2023-07-24,29400.0,21033.947265625,290803
2023-07-25,29380.0,21019.638671875,219478
2023-07-26,29280.0,20948.09375,216167
2023-07-27,29450.0,21069.716796875,778142
2023-07-28,29360.0,21005.33203125,561780
2023-07-31,29360.0,21005.33203125,0
2023-08-01,30000.0,21463.212890625,846854
2023-08-02,29409.880859375,21041.015625,591585
2023-08-03,29960.0,21434.59375,317800
2023-08-04,29960.0,21434.59375,0
2023-08-07,29960.0,21434.59375,0
2023-08-08,29810.0,21327.275390625,324749
2023-08-09,29400.0,21033.947265625,788133
2023-08-10,28390.0,20311.349609375,1197657
2023-08-11,27940.0,19989.404296875,1012
2023-08-14,28130.0,20125.33984375,194544
2023-08-15,27530.0,19696.07421875,354075
2023-08-16,28280.0,20232.65625,442265
2023-08-17,28100.0,20103.873046875,184812
2023-08-18,27830.0,19910.701171875,120063
2023-08-21,27830.0,19910.701171875,0
2023-08-22,27970.0,20010.8671875,487665
2023-08-23,27730.0,19839.162109375,276451
2023-08-24,27820.0,19903.548828125,311990
2023-08-25,27680.0,19803.388671875,304308
2023-08-28,28100.0,20103.873046875,221143
2023-08-29,28120.0,20118.18359375,275395
2023-08-30,27980.0,20018.0234375,280834
2023-08-31,27200.0,19459.98046875,1441109
2023-09-01,27480.0,19660.30078125,272273
2023-09-04,27260.0,19502.904296875,14081
2023-09-05,25900.0,18529.904296875,842266
2023-09-06,25900.0,18529.904296875,328799
2023-09-07,25100.0,17957.552734375,492817
2023-09-08,25680.0,18372.513671875,256433
2023-09-11,25530.0,18265.193359375,307054
2023-09-12,26800.0,19173.80078125,431950
2023-09-13,26730.0,19123.72265625,336225
2023-09-14,27090.0,19381.27734375,382894
2023-09-15,27800.0,19889.244140625,2327700
2023-09-18,27550.0,19710.384765625,419316
2023-09-19,27680.0,19803.388671875,438213
2023-09-20,27310.0,19538.677734375,233912
2023-09-21,26640.0,19059.33203125,561341
2023-09-22,27290.0,19524.3671875,367017
2023-09-25,27460.0,19645.9921875,780204
2023-09-26,26900.0,19885.505859375,753451
2023-09-27,26620.0,19678.51953125,529444
2023-09-28,26770.0,19789.404296875,372007
2023-09-29,27080.0,20018.568359375,674486
2023-10-02,27150.0,20070.314453125,138067
2023-10-03,26600.0,19663.73828125,589387
2023-10-04,26530.0,19611.98828125,367389
2023-10-05,26500.0,19589.810546875,215761
2023-10-06,27060.0,20003.787109375,204410
2023-10-09,27200.0,20107.275390625,187890
2023-10-10,27150.0,20070.314453125,249190
2023-10-11,27250.0,20144.236328125,366383
2023-10-12,27000.0,19959.4296875,438295
2023-10-13,26510.0,19597.201171875,319217
2023-10-16,26510.0,19597.201171875,0
2023-10-17,26530.0,19611.98828125,371750
2023-10-18,26980.0,19944.646484375,352772
2023-10-19,27060.0,20003.787109375,215074
2023-10-20,26710.0,19745.048828125,354217
2023-10-23,26730.0,19759.83203125,117145
2023-10-24,26600.0,19663.73828125,115245
2023-10-25,26270.0,19419.787109375,227141
2023-10-26,26180.0,19353.25390625,118849
2023-10-27,26300.0,19441.962890625,143291
2023-10-30,26330.0,19464.140625,252147
2023-10-31,26400.0,19515.88671875,424654
2023-11-01,26100.0,19294.1171875,383625
2023-11-02,26600.0,19663.73828125,188192
2023-11-03,26970.0,19937.251953125,94944
2023-11-06,26970.0,19937.251953125,0
2023-11-07,26900.0,19885.505859375,161748
2023-11-08,27140.0,20062.923828125,218642
2023-11-09,27020.0,19974.2109375,264365
2023-11-10,27280.0,20166.41796875,182404
2023-11-13,27280.0,20166.41796875,0
2023-11-14,27440.0,20284.693359375,288792
2023-11-15,27720.0,20491.681640625,592255
2023-11-16,27740.0,20506.46484375,482654
2023-11-17,27780.0,20536.0390625,502381
2023-11-20,27520.0,20343.833984375,151313
2023-11-21,27600.0,20402.97265625,307602
2023-11-22,28320.0,20935.224609375,608687
2023-11-23,27960.0,20669.103515625,41296
2023-11-24,28180.0,20831.728515625,116063
2023-11-27,27980.0,20683.884765625,289503
2023-11-28,27800.0,20550.822265625,231942
2023-11-29,27900.0,20624.744140625,439782
2023-11-30,27800.0,20550.822265625,976072
2023-12-01,28080.0,20757.80859375,515045
2023-12-04,28180.0,20831.728515625,316872
2023-12-05,28020.0,20713.453125,256710
2023-12-06,27900.0,20624.744140625,268358
2023-12-07,27900.0,20624.744140625,310101
2023-12-08,27900.0,20624.744140625,0
2023-12-11,27760.0,20521.25,150874
2023-12-12,28200.0,20846.515625,520704
2023-12-13,28700.0,21216.1328125,1134826
2023-12-14,29240.0,21615.322265625,1557708
2023-12-15,28700.0,21216.1328125,1881281
2023-12-18,28600.0,21142.2109375,295534
2023-12-19,28860.0,21334.4140625,536510
2023-12-20,28880.0,21349.1953125,555166
2023-12-21,29460.0,21777.95703125,742327
2023-12-22,29200.0,21585.75390625,326359
2023-12-25,29200.0,21585.75390625,0
2023-12-26,29460.0,22457.845703125,146469
2023-12-27,29540.0,22518.83203125,411545
2023-12-28,29920.0,22808.5078125,207499
2023-12-29,29920.0,22808.5078125,0
2024-01-01,29920.0,22808.5078125,0
2024-01-02,30500.0,23250.654296875,344331
2024-01-03,30300.0,23098.189453125,208828
2024-01-04,32260.0,24592.330078125,498310
2024-01-05,33200.0,25308.90625,716198
2024-01-08,33200.0,25308.90625,0
2024-01-09,32500.0,24775.287109375,861419
2024-01-10,32060.0,24439.869140625,506419
2024-01-11,31280.0,23845.2578125,382387
2024-01-12,31180.0,23769.029296875,229754
2024-01-15,31640.0,24119.6953125,86213
2024-01-16,30700.0,23403.1171875,652628
2024-01-17,31020.0,23647.05859375,445398
2024-01-18,31400.0,23936.736328125,408206
2024-01-19,31260.0,23830.013671875,789471
2024-01-22,31260.0,23830.013671875,0
2024-01-23,30700.0,23403.1171875,440040
2024-01-24,30700.0,23403.1171875,0
2024-01-25,30700.0,23403.1171875,0
2024-01-26,30700.0,23403.1171875,0
2024-01-29,31120.0,23723.29296875,170553
2024-01-30,31000.0,23631.8125,176483
2024-01-31,30680.0,23387.873046875,294370
2024-02-01,31200.0,23784.275390625,353891
2024-02-02,31580.0,24073.955078125,277020
2024-02-05,31300.0,23860.5078125,111840
2024-02-06,31460.0,23982.478515625,154635
2024-02-07,31560.0,24058.7109375,402576
2024-02-08,31000.0,23631.8125,313380
2024-02-09,30800.0,23479.34765625,211062
2024-02-12,30860.0,23525.0859375,233783
2024-02-13,30420.0,23189.669921875,292442
2024-02-14,30880.0,23540.330078125,455735
2024-02-15,30980.0,23616.564453125,53869
2024-02-16,31000.0,23631.8125,268798
2024-02-19,29220.0,22274.88671875,489237
2024-02-20,30720.0,23418.361328125,1674597
2024-02-21,31500.0,24012.96875,2769508
2024-02-22,32040.0,24424.623046875,1240455
2024-02-23,32700.0,24927.75,769052
2024-02-26,32700.0,24927.75,726960
2024-02-27,32080.0,24455.115234375,208676
2024-02-28,32280.0,24607.578125,153383
2024-02-29,32080.0,24455.115234375,1554245
2024-03-01,32260.0,24592.330078125,482778
2024-03-04,32100.0,24470.359375,564251
2024-03-05,32360.0,24668.560546875,231996
2024-03-06,32680.0,24912.50390625,294557
2024-03-07,32900.0,25080.21484375,234340
2024-03-08,31900.0,24317.8984375,204818
2024-03-11,32000.0,24394.126953125,286178
2024-03-12,31900.0,24317.8984375,251216
2024-03-13,31880.0,24302.65234375,197150
2024-03-14,31520.0,24028.216796875,469918
2024-03-15,31400.0,23936.736328125,4189714
2024-03-18,32380.0,24683.80859375,741792
2024-03-19,32080.0,24455.115234375,358823
2024-03-20,32620.0,24866.765625,639325
2024-03-21,32700.0,25622.109375,728935
2024-03-22,32980.0,25841.501953125,352224
2024-03-25,32980.0,25841.501953125,0
2024-03-26,32860.0,25747.4765625,190378
2024-03-27,32880.0,25763.146484375,353429
2024-03-28,32880.0,25763.146484375,0
2024-03-29,32880.0,25763.146484375,0
2024-04-01,33200.0,26013.88671875,511826
2024-04-02,33460.0,26217.60546875,367644
2024-04-03,33840.0,26515.353515625,520797
2024-04-04,34980.0,27408.60546875,979130
2024-04-05,34200.0,26797.43359375,1229298
2024-04-08,34500.0,27032.501953125,806650
2024-04-09,34600.0,27110.857421875,1532034
2024-04-10,34260.0,26844.447265625,1231996
2024-04-11,34340.0,26907.130859375,2111550
2024-04-12,33360.0,26139.25,1199268
2024-04-15,33020.0,25872.841796875,953778
2024-04-16,32980.0,25841.501953125,816740
2024-04-17,32500.0,25465.396484375,1052894
2024-04-18,31580.0,24744.529296875,987501
2024-04-19,31820.0,24932.583984375,811368
2024-04-22,31980.0,25057.951171875,563657
2024-04-23,31660.0,24807.21484375,991600
2024-04-24,31420.0,24619.166015625,1634383
2024-04-25,31120.0,24384.09765625,628326
2024-04-26,31900.0,24995.265625,840401
2024-04-29,32400.0,25387.04296875,768650
2024-04-30,32100.0,25151.978515625,643039
2024-05-01,32100.0,25151.978515625,0
2024-05-02,32640.0,25575.095703125,430350
2024-05-03,32100.0,25151.978515625,564251
2024-05-06,33200.0,26013.88671875,507311
2024-05-07,33240.0,26045.224609375,674480
2024-05-08,33320.0,26107.908203125,492715
2024-05-09,33320.0,26107.908203125,536929
2024-05-10,33400.0,26170.59375,248237
2024-05-13,33400.0,26170.59375,0
2024-05-14,33580.0,26311.630859375,316090
2024-05-15,34000.0,26640.724609375,353128
2024-05-16,34460.0,27001.158203125,570315
2024-05-17,34900.0,27345.91796875,1003548
2024-05-20,35780.0,28035.4453125,1096275
2024-05-21,35600.0,27894.40234375,873867
2024-05-22,34600.0,27110.857421875,844635
2024-05-23,34600.0,27110.857421875,0
2024-05-24,34400.0,26954.146484375,557016
2024-05-27,34680.0,27173.537109375,375299
2024-05-28,34440.0,26985.482421875,509543
2024-05-29,34000.0,26640.724609375,839033
2024-05-30,34120.0,26734.751953125,755399
2024-05-31,34080.0,26703.40625,3646984
2024-06-03,34080.0,26703.40625,0
2024-06-04,34240.0,26828.775390625,548198
2024-06-05,34780.0,27251.892578125,532672
2024-06-06,34760.0,27236.216796875,278790
2024-06-07,35080.0,27486.958984375,634250
2024-06-10,35080.0,27486.958984375,0
2024-06-11,33660.0,26374.318359375,833986
2024-06-12,33600.0,26327.302734375,668049
2024-06-13,33900.0,26562.37109375,690576
2024-06-14,33500.0,26248.947265625,403641
2024-06-17,33700.0,26405.66015625,255625
2024-06-18,34220.0,26813.103515625,532609
2024-06-19,34320.0,26891.45703125,63908
2024-06-20,34000.0,26640.724609375,489492
2024-06-21,33840.0,26515.353515625,1121731
2024-06-24,34500.0,27032.501953125,434534
2024-06-25,33380.0,26842.71875,777213
2024-06-26,33300.0,26778.384765625,388554
2024-06-27,33980.0,27325.212890625,487230
2024-06-28,34080.0,27405.626953125,457099
2024-07-01,34080.0,27405.626953125,0
2024-07-02,34220.0,27518.2109375,403245
2024-07-03,33920.0,27276.96484375,344459
2024-07-04,34060.0,27389.54296875,26409
2024-07-05,33900.0,27260.875,328085
2024-07-08,33900.0,27260.875,222702
2024-07-09,33620.0,27035.71875,438278
2024-07-10,33840.0,27212.6328125,537402
2024-07-11,34000.0,27341.29296875,227503
2024-07-12,33880.0,27244.794921875,556545
2024-07-15,33780.0,27164.380859375,222615
2024-07-16,34080.0,27405.626953125,181565
2024-07-17,33800.0,27180.4609375,242091
2024-07-18,33780.0,27164.380859375,131945
2024-07-19,34000.0,27341.29296875,315162
2024-07-22,33700.0,27100.044921875,251617
2024-07-23,33620.0,27035.71875,330354
2024-07-24,33460.0,26907.05078125,274838
2024-07-25,33280.0,26762.3046875,191848
2024-07-26,33140.0,26649.720703125,321521
2024-07-29,33000.0,26537.140625,418300
2024-07-30,33240.0,26730.138671875,102702
2024-07-31,33900.0,27260.875,569104
2024-08-01,33900.0,27260.875,279875
2024-08-02,33020.0,26553.22265625,455916
2024-08-05,32300.0,25974.23046875,405145
2024-08-06,32300.0,25974.23046875,415877
2024-08-07,32000.0,25732.984375,899814
2024-08-08,32000.0,25732.984375,899814
2024-08-09,32120.0,25829.484375,337016
2024-08-12,33480.0,26923.134765625,437879
2024-08-13,33740.0,27132.21484375,341571
2024-08-14,34100.0,27421.7109375,330459
2024-08-15,34480.0,27727.2890625,324741
2024-08-16,34260.0,27550.375,180792
2024-08-19,34260.0,27550.375,0
2024-08-20,33460.0,26907.05078125,514012
2024-08-21,33800.0,27180.4609375,170428
2024-08-22,33400.0,26858.80078125,638772
2024-08-23,33240.0,26730.138671875,397023
2024-08-26,34000.0,27341.29296875,260213
2024-08-27,33660.0,27067.8828125,437376
2024-08-28,34000.0,27341.29296875,347686
2024-08-29,33660.0,27067.8828125,232220
2024-08-30,34780.0,27968.537109375,1832694
2024-09-02,34520.0,27759.455078125,200405
2024-09-03,34540.0,27775.541015625,814757
2024-09-04,34320.0,27598.625,771002
2024-09-05,34280.0,27566.458984375,287276
2024-09-06,33800.0,27180.4609375,430680
2024-09-09,33440.0,26890.970703125,379905
2024-09-10,33440.0,26890.970703125,573156
2024-09-11,33520.0,26955.302734375,408269
2024-09-12,33660.0,27067.8828125,684179
2024-09-13,33300.0,26778.384765625,489182
2024-09-16,33700.0,27100.044921875,179507
2024-09-17,33320.0,26794.46875,227187
2024-09-18,33200.0,26697.96875,509482
2024-09-19,33740.0,27132.21484375,621545
2024-09-20,33580.0,27003.548828125,1622604
2024-09-23,33940.0,27293.044921875,801244
2024-09-24,34380.0,27646.873046875,636802
2024-09-25,33940.0,28013.341796875,656892
2024-09-26,33920.0,27996.8359375,240222
2024-09-27,33580.0,27716.205078125,298025
2024-09-30,33180.0,27386.056640625,617934
2024-10-01,33000.0,27237.486328125,310632
2024-10-02,32900.0,27154.947265625,701168
2024-10-03,32740.0,27022.888671875,206897
2024-10-04,32580.0,26890.828125,434751
2024-10-07,32680.0,26973.365234375,164873
2024-10-08,33100.0,27320.0234375,686702
2024-10-09,33500.0,27650.173828125,495692
2024-10-10,33600.0,27732.712890625,156279
2024-10-11,34200.0,28227.935546875,448821
2024-10-14,34200.0,28227.935546875,0
2024-10-15,34300.0,28310.4765625,538259
2024-10-16,34200.0,28227.935546875,512119
2024-10-17,34280.0,28293.970703125,312955
2024-10-18,35480.0,29284.4296875,565811
2024-10-21,35500.0,29300.931640625,830896
2024-10-22,34720.0,28657.13671875,229387
2024-10-23,33600.0,27732.712890625,721328
2024-10-24,34320.0,28326.986328125,240589
2024-10-25,33920.0,27996.8359375,267131
2024-10-28,34060.0,28112.384765625,395237
2024-10-29,34160.0,28194.927734375,100024
2024-10-30,35780.0,29532.041015625,1242695
2024-10-31,35420.0,29234.900390625,436186
2024-11-01,35120.0,28987.287109375,224037
2024-11-04,35120.0,28987.287109375,0
2024-11-05,35600.0,29383.46875,457692
2024-11-06,35900.0,29631.0859375,401083
2024-11-07,35420.0,29234.900390625,378623
2024-11-08,35120.0,28987.287109375,399479
2024-11-11,35120.0,28987.287109375,0
2024-11-12,34900.0,28805.70703125,585309
2024-11-13,34740.0,28673.6484375,549782
2024-11-14,35460.0,29267.91796875,845472
2024-11-15,35360.0,29185.37890625,370579
2024-11-18,36000.0,29713.623046875,654451
2024-11-19,36200.0,29878.69921875,547136
2024-11-20,36680.0,30274.87890625,437762
2024-11-21,36220.0,29895.201171875,290867
2024-11-22,36100.0,29796.158203125,146373
2024-11-25,36800.0,30373.927734375,1940905
2024-11-26,36000.0,29713.623046875,228835
2024-11-27,36300.0,29961.234375,361629
2024-11-28,36400.0,30043.771484375,147470
2024-11-29,35980.0,29697.11328125,192577
2024-12-02,36480.0,30109.8046875,347813
2024-12-03,36180.0,29862.189453125,286947
2024-12-04,35940.0,29664.091796875,393909
2024-12-05,36500.0,30126.314453125,264822
2024-12-06,36080.0,29779.65234375,328374
2024-12-09,35900.0,29631.0859375,454061
2024-12-10,35980.0,29697.11328125,421283
2024-12-11,35980.0,29697.11328125,481063
2024-12-12,35980.0,29697.11328125,92718
2024-12-13,35800.0,29548.54296875,255559
2024-12-16,35560.0,29350.45703125,551679
2024-12-17,35120.0,28987.287109375,453036
2024-12-18,34800.0,28723.16796875,504227
2024-12-19,35200.0,29053.318359375,816456
2024-12-20,35200.0,29053.318359375,1456790
2024-12-23,35520.0,29317.4375,1052698
2024-12-24,35300.0,29879.48046875,74689
2024-12-25,35300.0,29879.48046875,0
2024-12-26,35420.0,29981.052734375,91610
2024-12-27,35020.0,29642.4765625,135509
2024-12-30,35180.0,29777.90625,320339
2024-12-31,35180.0,29777.90625,0
2025-01-01,35180.0,29777.90625,0
